lcl|AP019371.1_prot_BBH63316.1_1	iLJ478.TM1064	42.4	271	147	2	311	572	4	274	1.75e-61	206
lcl|AP019371.1_prot_BBH63316.1_1	iLJ478.TM0058	41.5	260	145	1	311	563	4	263	1.78e-60	203
lcl|AP019371.1_prot_BBH63316.1_1	iYO844.BSU12950	41.0	261	152	2	311	569	4	264	1.07e-59	201
lcl|AP019371.1_prot_BBH63316.1_1	iAF692.Mbar_A0471	42.1	259	149	1	307	564	11	269	1.28e-58	196
lcl|AP019371.1_prot_BBH63316.1_1	iJN1463.PP_4150	42.0	262	150	2	307	566	2	263	6.26e-55	194
lcl|AP019371.1_prot_BBH63316.1_1	iLJ478.TM1749	40.5	259	151	3	311	567	4	261	1.72e-56	192
lcl|AP019371.1_prot_BBH63316.1_1	iSSON_1240.SSON_1934	39.8	256	152	2	309	563	17	271	4.77e-56	191
lcl|AP019371.1_prot_BBH63316.1_1	iML1515.b2180	42.6	258	146	2	311	566	5	262	1.48e-53	190
lcl|AP019371.1_prot_BBH63316.1_1	iSDY_1059.SDY_1304	39.5	256	153	2	309	563	17	271	1.81e-55	190
lcl|AP019371.1_prot_BBH63316.1_1	iSF_1195.SF1247	39.5	256	153	2	309	563	17	271	1.81e-55	190
lcl|AP019371.1_prot_BBH63316.1_1	iSbBS512_1146.SbBS512_E1415	39.5	256	153	2	309	563	17	271	2.52e-55	189
lcl|AP019371.1_prot_BBH63316.1_1	iSSON_1240.SSON_1640	42.3	253	144	2	311	561	5	257	3.85e-55	189
lcl|AP019371.1_prot_BBH63316.1_1	STM_v1_0.STM1743	39.5	256	153	2	309	563	15	269	1.76e-54	187
lcl|AP019371.1_prot_BBH63316.1_1	iJN1463.PP_0879	41.7	254	146	2	311	563	3	255	1.73e-54	187
lcl|AP019371.1_prot_BBH63316.1_1	iYL1228.KPN_03896	38.1	252	155	1	311	561	3	254	2.76e-54	186
lcl|AP019371.1_prot_BBH63316.1_1	iML1515.b1246	39.1	256	154	2	309	563	17	271	5.03e-54	186
lcl|AP019371.1_prot_BBH63316.1_1	iSSON_1240.SSON_3849	37.7	252	156	1	311	561	3	254	3.84e-54	186
lcl|AP019371.1_prot_BBH63316.1_1	iML1515.b1484	41.5	253	146	2	311	561	5	257	7.68e-54	185
lcl|AP019371.1_prot_BBH63316.1_1	STM_v1_0.STM3627	37.7	252	156	1	311	561	3	254	7.47e-54	185
lcl|AP019371.1_prot_BBH63317.1_2	STM_v1_0.STM0848	50.9	269	123	2	3	262	311	579	1.45e-78	249
lcl|AP019371.1_prot_BBH63317.1_2	iYL1228.KPN_00862	51.1	262	119	2	3	255	308	569	3.70e-78	248
lcl|AP019371.1_prot_BBH63317.1_2	iML1515.b0829	50.6	269	124	2	3	262	311	579	5.66e-78	247
lcl|AP019371.1_prot_BBH63317.1_2	iSbBS512_1146.SbBS512_E2519	50.6	269	124	2	3	262	311	579	5.66e-78	247
lcl|AP019371.1_prot_BBH63317.1_2	iSF_1195.SF0779	50.6	269	124	2	3	262	300	568	4.47e-78	247
lcl|AP019371.1_prot_BBH63317.1_2	iSSON_1240.SSON_0811	50.6	269	124	2	3	262	300	568	4.47e-78	247
lcl|AP019371.1_prot_BBH63317.1_2	iSDY_1059.SDY_0758	50.2	269	125	2	3	262	300	568	6.80e-77	244
lcl|AP019371.1_prot_BBH63317.1_2	iLJ478.TM1063	47.8	278	126	7	5	264	3	279	1.88e-73	228
lcl|AP019371.1_prot_BBH63319.1_4	iLJ478.TM0076	39.2	799	448	16	8	795	6	777	4.52e-163	491
lcl|AP019371.1_prot_BBH63323.1_8	iLJ478.TM1062	25.9	394	231	10	60	422	48	411	4.37e-22	100
lcl|AP019371.1_prot_BBH63323.1_8	iML1515.b1617	25.3	458	265	17	60	472	65	490	1.06e-19	93.6
lcl|AP019371.1_prot_BBH63323.1_8	iLJ478.TM1193	24.8	383	232	15	64	422	117	467	9.91e-19	91.3
lcl|AP019371.1_prot_BBH63324.1_9	iYO844.BSU03070	26.3	399	280	7	25	412	23	418	1.97e-24	105
lcl|AP019371.1_prot_BBH63325.1_10	iAF987.Gmet_1601	35.5	248	151	4	4	248	3	244	6.08e-34	122
lcl|AP019371.1_prot_BBH63325.1_10	iML1515.b1093	34.6	243	153	3	6	248	5	241	1.61e-33	121
lcl|AP019371.1_prot_BBH63325.1_10	iSbBS512_1146.SbBS512_E2231	34.6	243	153	3	6	248	5	241	1.61e-33	121
lcl|AP019371.1_prot_BBH63325.1_10	iSF_1195.SF1097	34.6	243	153	3	6	248	5	241	1.61e-33	121
lcl|AP019371.1_prot_BBH63325.1_10	iSSON_1240.SSON_1113	34.6	243	153	3	6	248	5	241	1.61e-33	121
lcl|AP019371.1_prot_BBH63325.1_10	iSDY_1059.SDY_2057	34.6	243	153	3	6	248	5	241	3.17e-33	120
lcl|AP019371.1_prot_BBH63325.1_10	iSynCJ816.SGL_RS07245	38.3	253	142	6	1	248	1	244	7.24e-32	117
lcl|AP019371.1_prot_BBH63325.1_10	iPC815.YPO1599	34.0	247	149	5	6	248	5	241	6.74e-32	117
lcl|AP019371.1_prot_BBH63325.1_10	iEK1008.Rv1483	35.1	242	143	4	7	248	16	243	2.00e-31	115
lcl|AP019371.1_prot_BBH63325.1_10	iEK1008.Rv1928c	35.9	251	150	5	4	249	9	253	2.41e-31	115
lcl|AP019371.1_prot_BBH63325.1_10	iYL1228.KPN_01091	32.5	243	158	3	6	248	5	241	2.62e-31	115
lcl|AP019371.1_prot_BBH63325.1_10	iMM1415.14979	36.7	259	132	7	9	248	12	257	1.02e-30	114
lcl|AP019371.1_prot_BBH63325.1_10	STM_v1_0.STM1195	32.5	243	158	3	6	248	5	241	2.00e-30	113
lcl|AP019371.1_prot_BBH63325.1_10	iLJ478.TM1724	33.5	248	156	4	4	248	3	244	2.93e-30	112
lcl|AP019371.1_prot_BBH63327.1_12	iYL1228.KPN_01663	27.2	349	210	16	12	343	5	326	3.01e-13	70.1
lcl|AP019371.1_prot_BBH63327.1_12	iCN718.ABAYE_RS01180	26.2	351	230	13	12	352	5	336	2.35e-11	64.3
lcl|AP019371.1_prot_BBH63327.1_12	iJN1463.PP_3944	27.0	330	210	16	9	325	6	317	5.54e-11	63.2
lcl|AP019371.1_prot_BBH63328.1_13	iAF692.Mbar_A0254	24.7	194	122	6	31	211	24	206	6.81e-06	46.2
lcl|AP019371.1_prot_BBH63329.1_14	iEK1008.Rv0217c	42.8	243	123	5	66	306	55	283	7.33e-50	167
lcl|AP019371.1_prot_BBH63331.1_16	iEK1008.Rv0386	40.2	92	52	1	124	215	996	1084	5.54e-11	61.2
lcl|AP019371.1_prot_BBH63334.1_19	iSynCJ816.SGL_RS12260	31.3	288	170	12	79	354	76	347	4.12e-25	105
lcl|AP019371.1_prot_BBH63337.1_22	iMM1415.105014	29.3	249	115	12	1	223	42	255	5.39e-07	50.1
lcl|AP019371.1_prot_BBH63337.1_22	iCHOv1.100757118	31.5	165	86	8	1	146	42	198	1.72e-06	48.5
lcl|AP019371.1_prot_BBH63337.1_22	iCHOv1.100767580	25.9	189	99	8	5	154	6	192	1.72e-06	48.5
lcl|AP019371.1_prot_BBH63337.1_22	iMM1415.15490	24.7	190	102	7	4	154	5	192	1.23e-05	45.8
lcl|AP019371.1_prot_BBH63339.1_24	iAF987.Gmet_1601	37.3	204	114	2	23	226	1	190	1.14e-24	98.6
lcl|AP019371.1_prot_BBH63339.1_24	iSynCJ816.SGL_RS07245	37.4	206	114	3	27	231	6	197	1.19e-23	95.9
lcl|AP019371.1_prot_BBH63339.1_24	iLJ478.TM1724	34.1	217	129	2	23	239	1	203	1.18e-22	93.2
lcl|AP019371.1_prot_BBH63339.1_24	iYS854.USA300HOU_RS06185	36.9	203	113	3	30	231	5	193	1.59e-21	90.1
lcl|AP019371.1_prot_BBH63340.1_25	iCN718.ABAYE_RS14190	41.1	56	29	1	8	59	198	253	1.86e-07	45.1
lcl|AP019371.1_prot_BBH63340.1_25	iYL1228.KPN_01091	47.1	34	18	0	27	60	211	244	6.52e-07	43.5
lcl|AP019371.1_prot_BBH63340.1_25	iYS854.USA300HOU_RS06185	47.7	44	20	1	15	58	203	243	1.23e-06	42.7
lcl|AP019371.1_prot_BBH63340.1_25	iSynCJ816.SGL_RS07245	64.5	31	10	1	28	57	214	244	2.34e-06	42.0
lcl|AP019371.1_prot_BBH63340.1_25	iYS854.USA300HOU_RS13400	36.0	50	32	0	8	57	170	219	3.17e-06	41.6
lcl|AP019371.1_prot_BBH63340.1_25	iEK1008.Rv1483	51.6	31	15	0	27	57	213	243	4.41e-06	41.2
lcl|AP019371.1_prot_BBH63340.1_25	iML1515.b1093	48.4	31	16	0	30	60	214	244	6.03e-06	40.8
lcl|AP019371.1_prot_BBH63340.1_25	iSbBS512_1146.SbBS512_E2231	48.4	31	16	0	30	60	214	244	6.03e-06	40.8
lcl|AP019371.1_prot_BBH63340.1_25	iSDY_1059.SDY_2057	48.4	31	16	0	30	60	214	244	6.03e-06	40.8
lcl|AP019371.1_prot_BBH63340.1_25	iSF_1195.SF1097	48.4	31	16	0	30	60	214	244	6.03e-06	40.8
lcl|AP019371.1_prot_BBH63340.1_25	iSSON_1240.SSON_1113	48.4	31	16	0	30	60	214	244	6.03e-06	40.8
lcl|AP019371.1_prot_BBH63342.1_27	iAF987.Gmet_2212	31.6	206	130	5	5	205	2	201	7.99e-18	80.5
lcl|AP019371.1_prot_BBH63342.1_27	iCN900.CD630_10570	29.2	216	147	5	6	220	9	219	1.48e-16	77.0
lcl|AP019371.1_prot_BBH63348.1_33	iAF987.Gmet_2444	29.5	193	122	6	192	384	3	181	6.39e-07	51.6
lcl|AP019371.1_prot_BBH63348.1_33	iHN637.CLJU_RS06865	28.8	163	104	6	38	194	7	163	1.03e-05	47.8
lcl|AP019371.1_prot_BBH63348.1_33	iSynCJ816.SGL_RS05125	26.3	171	114	6	211	380	19	178	2.28e-05	46.6
lcl|AP019371.1_prot_BBH63349.1_34	iEK1008.Rv1712	50.7	223	105	1	6	223	3	225	7.19e-56	177
lcl|AP019371.1_prot_BBH63351.1_36	STM_v1_0.STM1522	33.3	339	222	2	13	348	16	353	9.55e-41	148
lcl|AP019371.1_prot_BBH63351.1_36	iYL1228.KPN_01628	32.9	368	235	5	13	373	16	378	1.02e-38	142
lcl|AP019371.1_prot_BBH63351.1_36	iSF_1195.SF1566	33.0	339	223	2	13	348	16	353	2.58e-38	140
lcl|AP019371.1_prot_BBH63351.1_36	iML1515.b1528	32.7	339	224	2	13	348	16	353	6.91e-38	140
lcl|AP019371.1_prot_BBH63351.1_36	iSbBS512_1146.SbBS512_E1677	32.7	339	224	2	13	348	16	353	6.91e-38	140
lcl|AP019371.1_prot_BBH63351.1_36	iSSON_1240.SSON_1600	32.7	339	224	2	13	348	16	353	6.91e-38	140
lcl|AP019371.1_prot_BBH63351.1_36	iJN1463.PP_2428	30.9	382	242	5	11	380	29	400	1.19e-37	140
lcl|AP019371.1_prot_BBH63352.1_37	iAF987.Gmet_1626	53.6	181	75	2	39	218	226	398	1.09e-54	179
lcl|AP019371.1_prot_BBH63352.1_37	iYO844.BSU23260	49.2	197	91	3	22	217	208	396	1.24e-52	174
lcl|AP019371.1_prot_BBH63352.1_37	iNF517.LLMG_RS07700	46.5	202	94	4	18	218	210	398	1.35e-51	171
lcl|AP019371.1_prot_BBH63352.1_37	iEK1008.Rv1415	50.8	181	83	3	39	217	229	405	1.44e-49	166
lcl|AP019371.1_prot_BBH63352.1_37	iHN637.CLJU_RS10830	46.5	185	90	2	36	219	223	399	1.22e-49	166
lcl|AP019371.1_prot_BBH63353.1_38	iYO844.BSU23280	33.6	122	69	5	38	156	26	138	2.84e-09	54.3
lcl|AP019371.1_prot_BBH63353.1_38	iYL1228.KPN_00366	33.6	125	77	5	38	162	27	145	6.09e-08	50.4
lcl|AP019371.1_prot_BBH63353.1_38	iMM904.YOL066C	30.6	144	80	6	18	147	438	575	6.89e-08	50.4
lcl|AP019371.1_prot_BBH63353.1_38	iSDY_1059.SDY_0320	36.6	101	59	4	38	138	27	122	1.12e-07	49.7
lcl|AP019371.1_prot_BBH63353.1_38	iSF_1195.SF0351	36.6	101	59	4	38	138	27	122	1.12e-07	49.7
lcl|AP019371.1_prot_BBH63353.1_38	iSSON_1240.SSON_0391	36.6	101	59	4	38	138	27	122	1.12e-07	49.7
lcl|AP019371.1_prot_BBH63353.1_38	STM_v1_0.STM0416	33.6	125	77	5	38	162	27	145	1.52e-07	49.3
lcl|AP019371.1_prot_BBH63353.1_38	iJN1463.PP_0514	31.7	126	78	6	38	162	35	153	2.09e-07	48.9
lcl|AP019371.1_prot_BBH63359.1_44	iAF692.Mbar_A0254	28.9	173	111	5	4	166	3	173	4.65e-06	47.0
lcl|AP019371.1_prot_BBH63362.1_47	iEK1008.Rv3825c	28.7	355	160	14	23	339	1451	1750	2.58e-11	64.7
lcl|AP019371.1_prot_BBH63363.1_48	iMM1415.81600	27.6	286	148	14	60	300	52	323	1.10e-19	90.9
lcl|AP019371.1_prot_BBH63363.1_48	iMM1415.71884	30.5	249	128	11	39	244	23	269	2.21e-19	89.4
lcl|AP019371.1_prot_BBH63363.1_48	iCHOv1.100750757	34.1	226	100	12	60	244	52	269	4.68e-18	85.9
lcl|AP019371.1_prot_BBH63363.1_48	iCHOv1.100760661	29.4	221	113	9	60	242	52	267	8.82e-18	85.1
lcl|AP019371.1_prot_BBH63365.1_50	iSynCJ816.SGL_RS16080	45.7	70	31	3	11	75	17	84	9.65e-09	55.1
lcl|AP019371.1_prot_BBH63366.1_51	iCHOv1.100757667	32.1	293	184	8	106	396	120	399	7.26e-31	122
lcl|AP019371.1_prot_BBH63366.1_51	iCHOv1.100757381	31.2	292	184	8	108	396	140	417	3.99e-29	117
lcl|AP019371.1_prot_BBH63366.1_51	iCHOv1.100751382	30.0	293	182	9	108	394	119	394	1.83e-27	112
lcl|AP019371.1_prot_BBH63369.1_54	iCHOv1.100767563	25.8	233	136	11	38	251	22	236	3.21e-04	40.8
lcl|AP019371.1_prot_BBH63370.1_55	iCHOv1.100761937	41.0	78	41	2	44	118	120	195	1.20e-08	53.9
lcl|AP019371.1_prot_BBH63370.1_55	iEK1008.Rv3203	37.7	69	43	0	44	112	6	74	5.71e-08	51.2
lcl|AP019371.1_prot_BBH63378.1_63	iMM1415.77974	30.8	156	81	4	2	131	40	194	7.12e-08	52.0
lcl|AP019371.1_prot_BBH63378.1_63	iCHOv1.100759583	28.9	201	116	4	2	176	40	239	1.29e-07	51.2
lcl|AP019371.1_prot_BBH63378.1_63	iMM1415.17252	28.7	202	115	5	2	176	39	238	2.32e-07	50.4
lcl|AP019371.1_prot_BBH63379.1_64	iEK1008.Rv1550	45.7	451	239	5	148	595	105	552	2.69e-115	354
lcl|AP019371.1_prot_BBH63381.1_66	iEK1008.Rv0859	73.0	404	108	1	1	404	1	403	4.14e-208	577
lcl|AP019371.1_prot_BBH63381.1_66	iCN718.ABAYE_RS03690	68.4	402	125	2	3	404	2	401	9.33e-195	543
lcl|AP019371.1_prot_BBH63382.1_67	iEK1008.Rv0860	62.9	720	243	8	4	703	5	720	4.02e-299	833
lcl|AP019371.1_prot_BBH63383.1_68	iEK1008.Rv1170	32.7	147	68	5	39	154	1	147	5.55e-11	61.2
lcl|AP019371.1_prot_BBH63383.1_68	iYS854.USA300HOU_RS02975	29.4	126	76	2	45	158	7	131	1.14e-09	56.6
lcl|AP019371.1_prot_BBH63385.1_70	iML1515.b0914	33.0	497	315	8	75	565	91	575	1.66e-61	213
lcl|AP019371.1_prot_BBH63385.1_70	iSbBS512_1146.SbBS512_E2410	33.0	497	315	8	75	565	91	575	1.66e-61	213
lcl|AP019371.1_prot_BBH63385.1_70	iSDY_1059.SDY_2344	33.0	497	315	8	75	565	91	575	1.66e-61	213
lcl|AP019371.1_prot_BBH63385.1_70	iSF_1195.SF0910	33.0	497	315	8	75	565	91	575	1.66e-61	213
lcl|AP019371.1_prot_BBH63385.1_70	iSSON_1240.SSON_0916	33.0	497	315	8	75	565	91	575	1.66e-61	213
lcl|AP019371.1_prot_BBH63385.1_70	STM_v1_0.STM0984	32.6	497	317	8	75	565	91	575	8.58e-61	211
lcl|AP019371.1_prot_BBH63385.1_70	iYL1228.KPN_00941	31.8	497	321	8	75	565	91	575	1.56e-56	199
lcl|AP019371.1_prot_BBH63385.1_70	iPC815.YPO1395	31.7	483	318	6	88	565	100	575	2.03e-54	193
lcl|AP019371.1_prot_BBH63385.1_70	iJN1463.PP_4935	33.3	486	314	7	83	565	110	588	5.40e-54	192
lcl|AP019371.1_prot_BBH63386.1_71	iEK1008.Rv1193	57.2	467	186	6	4	462	9	469	3.63e-167	479
lcl|AP019371.1_prot_BBH63387.1_72	iAF987.Gmet_0957	39.1	450	248	7	310	734	171	619	1.54e-84	280
lcl|AP019371.1_prot_BBH63387.1_72	iAF987.Gmet_3085	38.6	427	241	5	324	730	454	879	4.01e-81	277
lcl|AP019371.1_prot_BBH63387.1_72	iAF987.Gmet_0987	37.1	426	248	5	324	730	355	779	1.05e-76	263
lcl|AP019371.1_prot_BBH63387.1_72	iAF987.Gmet_2629	36.8	448	262	6	310	738	366	811	8.40e-76	261
lcl|AP019371.1_prot_BBH63387.1_72	iAF987.Gmet_0700	38.9	427	237	7	333	740	398	819	1.43e-73	254
lcl|AP019371.1_prot_BBH63391.1_76	iYO844.BSU33960	34.5	87	57	0	44	130	54	140	1.81e-06	49.7
lcl|AP019371.1_prot_BBH63393.1_78	iAF692.Mbar_A3256	30.1	146	97	1	2	142	35	180	3.69e-09	53.9
lcl|AP019371.1_prot_BBH63395.1_80	iYS854.USA300HOU_RS07985	42.8	236	127	6	8	239	6	237	1.55e-49	162
lcl|AP019371.1_prot_BBH63395.1_80	iCN900.CD630_20500	38.6	236	137	5	9	239	2	234	5.69e-48	158
lcl|AP019371.1_prot_BBH63395.1_80	iNF517.LLMG_RS06045	39.5	238	136	6	9	242	2	235	9.14e-44	147
lcl|AP019371.1_prot_BBH63402.1_87	iSynCJ816.SGL_RS17655	32.5	120	72	4	63	178	8	122	6.51e-05	43.5
lcl|AP019371.1_prot_BBH63402.1_87	iHN637.CLJU_RS02400	59.4	32	13	0	63	94	9	40	1.10e-04	42.7
lcl|AP019371.1_prot_BBH63402.1_87	iHN637.CLJU_RS11570	56.3	32	14	0	63	94	9	40	2.66e-04	41.6
lcl|AP019371.1_prot_BBH63402.1_87	iAF692.Mbar_A0171	56.3	32	14	0	63	94	9	40	8.39e-04	40.0
lcl|AP019371.1_prot_BBH63404.1_89	iEK1008.Rv2780	67.1	368	118	1	1	368	1	365	1.97e-166	469
lcl|AP019371.1_prot_BBH63409.1_94	iYO844.BSU23610	30.4	168	113	2	2	169	3	166	7.70e-26	97.8
lcl|AP019371.1_prot_BBH63409.1_94	iYS854.USA300HOU_RS08015	35.4	175	107	2	1	175	1	169	1.90e-25	96.7
lcl|AP019371.1_prot_BBH63409.1_94	iHN637.CLJU_RS05505	31.3	176	116	2	1	176	1	171	5.33e-23	90.1
lcl|AP019371.1_prot_BBH63410.1_95	iEK1008.Rv1699	73.2	555	148	1	4	558	9	562	6.24e-293	806
lcl|AP019371.1_prot_BBH63412.1_97	iEK1008.Rv3032	29.0	345	211	11	9	320	16	359	1.23e-11	65.1
lcl|AP019371.1_prot_BBH63413.1_98	iSDY_1059.SDY_2083	22.6	385	264	8	14	379	8	377	4.39e-10	61.6
lcl|AP019371.1_prot_BBH63413.1_98	iML1515.b1069	22.9	385	263	8	14	379	8	377	7.68e-10	60.8
lcl|AP019371.1_prot_BBH63413.1_98	iSbBS512_1146.SbBS512_E2257	22.6	385	264	8	14	379	8	377	1.02e-09	60.5
lcl|AP019371.1_prot_BBH63413.1_98	iSF_1195.SF1075	22.6	385	264	8	14	379	8	377	1.02e-09	60.5
lcl|AP019371.1_prot_BBH63413.1_98	iSSON_1240.SSON_1089	22.6	385	264	8	14	379	8	377	1.02e-09	60.5
lcl|AP019371.1_prot_BBH63413.1_98	iJN1463.PP_0601	24.4	386	256	8	14	379	8	377	1.26e-08	57.0
lcl|AP019371.1_prot_BBH63416.1_101	iCN900.CD630_12150	53.4	341	159	0	17	357	3	343	1.46e-125	366
lcl|AP019371.1_prot_BBH63418.1_103	iEK1008.Rv1695	52.0	302	133	3	3	292	5	306	4.75e-98	290
lcl|AP019371.1_prot_BBH63425.1_110	iEK1008.Rv1692	44.5	344	168	6	5	333	4	339	1.59e-71	225
lcl|AP019371.1_prot_BBH63428.1_113	iEK1008.Rv1689	57.3	417	174	4	9	421	5	421	1.16e-155	446
lcl|AP019371.1_prot_BBH63429.1_114	iAF987.Gmet_1092	35.1	202	120	1	49	239	72	273	1.65e-35	128
lcl|AP019371.1_prot_BBH63431.1_116	iJN1463.PP_0793	40.8	498	274	9	104	589	456	944	2.58e-77	263
lcl|AP019371.1_prot_BBH63431.1_116	iYL1228.KPN_02763	35.7	490	293	6	111	583	72	556	2.47e-76	253
lcl|AP019371.1_prot_BBH63431.1_116	STM_v1_0.STM2432	35.1	490	296	6	111	583	72	556	3.60e-75	249
lcl|AP019371.1_prot_BBH63431.1_116	iSbBS512_1146.SbBS512_E2764	34.9	490	297	6	111	583	72	556	2.67e-74	247
lcl|AP019371.1_prot_BBH63431.1_116	iSDY_1059.SDY_2613	34.9	490	297	6	111	583	72	556	2.67e-74	247
lcl|AP019371.1_prot_BBH63431.1_116	iSF_1195.SF2471	34.9	490	297	6	111	583	72	556	2.67e-74	247
lcl|AP019371.1_prot_BBH63431.1_116	iSSON_1240.SSON_2505	34.9	490	297	6	111	583	72	556	2.67e-74	247
lcl|AP019371.1_prot_BBH63431.1_116	iML1515.b2416	34.9	490	297	6	111	583	72	556	3.73e-74	247
lcl|AP019371.1_prot_BBH63431.1_116	iYO844.BSU13910	37.0	484	275	8	109	571	70	544	1.77e-73	245
lcl|AP019371.1_prot_BBH63431.1_116	iCN900.CD630_27550	35.6	486	289	7	109	576	69	548	3.66e-71	239
lcl|AP019371.1_prot_BBH63431.1_116	iNF517.LLMG_RS00675	37.3	485	253	11	106	557	68	534	1.55e-70	237
lcl|AP019371.1_prot_BBH63432.1_117	iPC815.YPO1298	39.5	76	44	1	13	86	297	372	6.39e-07	45.1
lcl|AP019371.1_prot_BBH63432.1_117	iNF517.LLMG_RS00670	30.6	85	58	1	1	85	1	84	4.01e-07	43.5
lcl|AP019371.1_prot_BBH63432.1_117	iYL1228.KPN_02600	38.2	76	45	1	13	86	297	372	3.05e-06	43.1
lcl|AP019371.1_prot_BBH63432.1_117	iYO844.BSU13900	35.9	78	49	1	1	78	1	77	7.97e-07	42.7
lcl|AP019371.1_prot_BBH63432.1_117	iYL1228.KPN_02762	37.2	78	48	1	6	83	6	82	7.50e-07	42.7
lcl|AP019371.1_prot_BBH63432.1_117	STM_v1_0.STM3256	33.3	81	52	1	5	83	158	238	5.36e-06	42.4
lcl|AP019371.1_prot_BBH63432.1_117	iML1515.b2415	35.9	78	49	1	6	83	6	82	1.49e-06	42.0
lcl|AP019371.1_prot_BBH63432.1_117	STM_v1_0.STM2431	35.9	78	49	1	6	83	6	82	1.49e-06	42.0
lcl|AP019371.1_prot_BBH63432.1_117	iSbBS512_1146.SbBS512_E2765	35.9	78	49	1	6	83	6	82	1.49e-06	42.0
lcl|AP019371.1_prot_BBH63432.1_117	iSDY_1059.SDY_2612	35.9	78	49	1	6	83	6	82	1.49e-06	42.0
lcl|AP019371.1_prot_BBH63432.1_117	iSF_1195.SF2470	35.9	78	49	1	6	83	6	82	1.49e-06	42.0
lcl|AP019371.1_prot_BBH63432.1_117	iSSON_1240.SSON_2504	35.9	78	49	1	6	83	6	82	1.49e-06	42.0
lcl|AP019371.1_prot_BBH63433.1_118	iCN900.CD630_04900	34.8	336	201	10	1	327	1	327	1.74e-47	163
lcl|AP019371.1_prot_BBH63433.1_118	iYO844.BSU06150	29.8	352	232	8	1	346	9	351	2.79e-46	160
lcl|AP019371.1_prot_BBH63433.1_118	iYS854.USA300HOU_RS01290	32.8	323	206	7	26	346	28	341	2.02e-45	158
lcl|AP019371.1_prot_BBH63433.1_118	iYO844.BSU16990	33.4	335	210	7	16	346	22	347	7.08e-45	156
lcl|AP019371.1_prot_BBH63433.1_118	iPC815.YPO0060	29.7	343	228	5	5	344	6	338	9.13e-44	153
lcl|AP019371.1_prot_BBH63433.1_118	iCN900.CD630_23240	30.4	355	228	8	1	346	1	345	3.08e-43	152
lcl|AP019371.1_prot_BBH63433.1_118	iYL1228.KPN_03961	29.7	343	228	5	5	344	6	338	5.17e-42	149
lcl|AP019371.1_prot_BBH63433.1_118	iCN900.CD630_23230	30.3	350	231	7	1	345	1	342	7.57e-42	148
lcl|AP019371.1_prot_BBH63434.1_119	iML1515.b2169	46.4	125	66	1	16	139	15	139	3.66e-29	108
lcl|AP019371.1_prot_BBH63434.1_119	STM_v1_0.STM2206	46.4	125	66	1	16	139	15	139	3.66e-29	108
lcl|AP019371.1_prot_BBH63434.1_119	iSbBS512_1146.SbBS512_E0794	46.4	125	66	1	16	139	15	139	3.66e-29	108
lcl|AP019371.1_prot_BBH63434.1_119	iSF_1195.SF2254	46.4	125	66	1	16	139	15	139	3.66e-29	108
lcl|AP019371.1_prot_BBH63434.1_119	iSSON_1240.SSON_2225	46.4	125	66	1	16	139	15	139	3.66e-29	108
lcl|AP019371.1_prot_BBH63434.1_119	iYL1228.KPN_02600	44.9	127	69	1	14	139	13	139	2.68e-28	106
lcl|AP019371.1_prot_BBH63434.1_119	iSDY_1059.SDY_2317	45.6	125	67	1	16	139	15	139	3.73e-28	106
lcl|AP019371.1_prot_BBH63434.1_119	iCN900.CD630_23320	42.0	131	75	1	1	131	1	130	7.98e-30	105
lcl|AP019371.1_prot_BBH63434.1_119	iYL1228.KPN_03942	42.2	135	75	1	10	141	501	635	3.59e-26	102
lcl|AP019371.1_prot_BBH63434.1_119	iYS854.USA300HOU_RS11640	40.0	135	81	0	1	135	1	135	1.01e-28	102
lcl|AP019371.1_prot_BBH63434.1_119	iPC815.YPO1298	40.3	139	82	1	10	147	9	147	3.84e-26	100
lcl|AP019371.1_prot_BBH63435.1_120	iML1515.b2933	44.3	79	41	2	9	85	370	447	9.04e-17	73.6
lcl|AP019371.1_prot_BBH63435.1_120	iYO844.BSU03981	33.7	95	61	1	4	96	384	478	2.07e-15	69.7
lcl|AP019371.1_prot_BBH63436.1_121	STM_v1_0.STM3685	60.1	343	137	0	19	361	6	348	7.95e-144	422
lcl|AP019371.1_prot_BBH63436.1_121	iML1515.b3599	59.8	343	138	0	19	361	6	348	1.54e-143	421
lcl|AP019371.1_prot_BBH63436.1_121	iSbBS512_1146.SbBS512_E4016	59.8	343	138	0	19	361	6	348	1.54e-143	421
lcl|AP019371.1_prot_BBH63436.1_121	iSSON_1240.SSON_3809	59.8	343	138	0	19	361	6	348	1.54e-143	421
lcl|AP019371.1_prot_BBH63436.1_121	iSF_1195.SF3633	59.8	343	138	0	19	361	6	348	2.18e-143	421
lcl|AP019371.1_prot_BBH63436.1_121	iYL1228.KPN_03942	59.5	343	139	0	19	361	6	348	2.33e-142	418
lcl|AP019371.1_prot_BBH63436.1_121	iPC815.YPO4068	60.2	339	135	0	19	357	7	345	4.74e-141	415
lcl|AP019371.1_prot_BBH63436.1_121	iYO844.BSU03981	57.6	349	147	1	17	365	10	357	1.80e-141	410
lcl|AP019371.1_prot_BBH63436.1_121	iCN900.CD630_23340	58.0	326	137	0	19	344	10	335	4.39e-136	397
lcl|AP019371.1_prot_BBH63437.1_122	iJN1463.PP_0794	39.3	191	116	0	2	192	4	194	1.62e-28	112
lcl|AP019371.1_prot_BBH63437.1_122	STM_v1_0.STM1326	32.2	348	173	6	2	343	4	294	3.90e-28	111
lcl|AP019371.1_prot_BBH63437.1_122	iML1515.b1723	41.3	189	108	3	2	188	4	191	2.68e-27	109
lcl|AP019371.1_prot_BBH63437.1_122	iSbBS512_1146.SbBS512_E1968	41.3	189	108	3	2	188	4	191	3.70e-27	108
lcl|AP019371.1_prot_BBH63437.1_122	iSSON_1240.SSON_1434	41.3	189	108	3	2	188	4	191	3.70e-27	108
lcl|AP019371.1_prot_BBH63437.1_122	iSDY_1059.SDY_1816	40.2	189	110	3	2	188	4	191	1.35e-26	107
lcl|AP019371.1_prot_BBH63437.1_122	iSF_1195.SF1507	40.2	189	110	3	2	188	4	191	1.86e-26	107
lcl|AP019371.1_prot_BBH63440.1_125	iYS854.USA300HOU_RS12070	38.0	205	122	2	5	204	4	208	1.92e-49	160
lcl|AP019371.1_prot_BBH63440.1_125	iLJ478.TM1479	40.0	215	123	2	1	209	2	216	3.15e-49	159
lcl|AP019371.1_prot_BBH63440.1_125	iHN637.CLJU_RS20110	34.1	211	134	2	3	208	2	212	6.54e-48	156
lcl|AP019371.1_prot_BBH63440.1_125	iAF692.Mbar_A0086	36.4	209	127	2	5	208	4	211	1.58e-45	150
lcl|AP019371.1_prot_BBH63440.1_125	iYO844.BSU01370	37.1	210	127	2	5	209	4	213	3.34e-45	149
lcl|AP019371.1_prot_BBH63440.1_125	iCN900.CD630_00910	34.4	212	134	2	3	209	2	213	3.25e-45	149
lcl|AP019371.1_prot_BBH63440.1_125	iML1515.b0474	35.2	213	132	2	3	209	2	214	1.38e-43	145
lcl|AP019371.1_prot_BBH63440.1_125	iSbBS512_1146.SbBS512_E0406	35.2	213	132	2	3	209	2	214	1.38e-43	145
lcl|AP019371.1_prot_BBH63440.1_125	iSDY_1059.SDY_0445	35.2	213	132	2	3	209	2	214	2.76e-43	144
lcl|AP019371.1_prot_BBH63443.1_128	iLB1027_lipid.PHATRDRAFT_40880	36.7	311	186	6	6	315	96	396	6.36e-57	190
lcl|AP019371.1_prot_BBH63443.1_128	iSynCJ816.SGL_RS05590	36.5	304	180	6	13	313	67	360	6.70e-57	189
lcl|AP019371.1_prot_BBH63443.1_128	iJN1463.PP_4523	37.7	316	180	6	6	318	19	320	8.43e-57	187
lcl|AP019371.1_prot_BBH63452.1_137	iYL1228.KPN_01925	51.4	257	116	4	4	256	17	268	1.15e-79	240
lcl|AP019371.1_prot_BBH63452.1_137	iML1515.b1443	50.4	248	113	4	4	246	17	259	3.78e-77	234
lcl|AP019371.1_prot_BBH63452.1_137	iSSON_1240.SSON_1694	49.6	248	115	4	4	246	17	259	9.95e-75	228
lcl|AP019371.1_prot_BBH63453.1_138	iML1515.b1442	44.2	301	151	2	1	285	14	313	5.99e-74	228
lcl|AP019371.1_prot_BBH63453.1_138	iYL1228.KPN_01926	45.1	295	139	4	10	285	19	309	2.73e-71	221
lcl|AP019371.1_prot_BBH63454.1_139	iML1515.b1440	46.1	356	176	6	51	399	33	379	1.37e-103	311
lcl|AP019371.1_prot_BBH63454.1_139	iSDY_1059.SDY_1734	46.1	356	176	6	51	399	33	379	1.37e-103	311
lcl|AP019371.1_prot_BBH63454.1_139	iSSON_1240.SSON_1697	46.1	356	176	6	51	399	33	379	1.37e-103	311
lcl|AP019371.1_prot_BBH63454.1_139	iYL1228.KPN_01928	43.3	372	193	6	36	399	18	379	2.56e-98	297
lcl|AP019371.1_prot_BBH63455.1_140	iJN1463.PP_1484	57.5	327	131	2	8	327	4	329	8.48e-123	356
lcl|AP019371.1_prot_BBH63455.1_140	iML1515.b1441	55.7	323	139	3	8	327	4	325	8.54e-114	333
lcl|AP019371.1_prot_BBH63455.1_140	iSSON_1240.SSON_1696	55.7	323	139	3	8	327	4	325	8.54e-114	333
lcl|AP019371.1_prot_BBH63455.1_140	iYL1228.KPN_01927	55.6	322	141	1	8	327	4	325	1.39e-112	330
lcl|AP019371.1_prot_BBH63455.1_140	iSDY_1059.SDY_1733	55.1	323	141	3	8	327	4	325	5.61e-112	328
lcl|AP019371.1_prot_BBH63459.1_144	iAF692.Mbar_A0964	26.1	119	87	1	6	124	32	149	1.67e-10	56.2
lcl|AP019371.1_prot_BBH63460.1_145	iML1515.b4167	35.1	248	146	7	27	267	251	490	1.93e-23	99.0
lcl|AP019371.1_prot_BBH63461.1_146	iAT_PLT_636.5208	33.3	153	89	6	40	190	271	412	1.91e-11	62.8
lcl|AP019371.1_prot_BBH63461.1_146	iMM1415.18640	32.0	153	91	6	40	190	273	414	5.09e-10	58.5
lcl|AP019371.1_prot_BBH63461.1_146	iCHOv1.100768313	31.4	153	92	6	40	190	275	416	9.26e-10	57.8
lcl|AP019371.1_prot_BBH63463.1_148	iAF987.Gmet_3085	38.3	441	262	5	329	761	450	888	1.58e-87	295
lcl|AP019371.1_prot_BBH63463.1_148	iAF987.Gmet_0957	37.3	466	282	6	304	761	161	624	8.41e-89	292
lcl|AP019371.1_prot_BBH63463.1_148	iAF987.Gmet_0782	38.6	453	263	7	314	756	277	724	2.37e-87	291
lcl|AP019371.1_prot_BBH63463.1_148	iAF987.Gmet_2629	37.1	448	273	5	315	756	363	807	1.78e-85	288
lcl|AP019371.1_prot_BBH63463.1_148	iJN1463.PP_3581	36.9	469	282	6	292	751	216	679	3.75e-79	268
lcl|AP019371.1_prot_BBH63463.1_148	iAF987.Gmet_0700	35.0	443	279	5	324	759	380	820	7.41e-78	267
lcl|AP019371.1_prot_BBH63465.1_150	iAF987.Gmet_0700	38.2	633	376	5	177	796	187	817	6.65e-119	378
lcl|AP019371.1_prot_BBH63465.1_150	iAF987.Gmet_3085	40.4	532	298	7	283	798	357	885	6.64e-109	353
lcl|AP019371.1_prot_BBH63465.1_150	iJN1463.PP_3581	45.0	429	234	1	368	796	258	684	1.52e-107	344
lcl|AP019371.1_prot_BBH63465.1_150	iAF987.Gmet_0957	43.0	442	244	4	352	789	175	612	1.21e-106	340
lcl|AP019371.1_prot_BBH63467.1_152	iAF692.Mbar_A3192	32.3	303	194	6	23	317	24	323	1.86e-36	133
lcl|AP019371.1_prot_BBH63470.1_155	iPC815.YPO3964	35.7	490	284	7	4	483	7	475	1.95e-80	259
lcl|AP019371.1_prot_BBH63470.1_155	iPC815.YPO3907	35.8	486	283	7	2	477	3	469	1.15e-74	243
lcl|AP019371.1_prot_BBH63470.1_155	iYL1228.KPN_04154	33.1	505	305	5	4	497	5	487	7.56e-73	239
lcl|AP019371.1_prot_BBH63470.1_155	iJN1463.PP_2455	37.1	502	280	11	2	490	15	493	5.38e-71	234
lcl|AP019371.1_prot_BBH63474.1_159	iLJ478.TM1845	26.1	953	511	34	825	1756	24	804	5.93e-63	232
lcl|AP019371.1_prot_BBH63475.1_160	iYL1228.KPN_00344	34.9	518	287	11	64	547	64	565	4.15e-88	285
lcl|AP019371.1_prot_BBH63475.1_160	STM_v1_0.STM0401	33.3	555	316	13	35	552	33	570	9.67e-85	276
lcl|AP019371.1_prot_BBH63475.1_160	iML1515.b0403	33.7	519	292	12	64	547	64	565	1.47e-82	270
lcl|AP019371.1_prot_BBH63475.1_160	iSF_1195.SF0340	33.9	513	287	12	64	541	65	560	1.58e-81	267
lcl|AP019371.1_prot_BBH63475.1_160	iSSON_1240.SSON_0380	33.2	549	313	13	36	547	35	566	1.58e-81	267
lcl|AP019371.1_prot_BBH63476.1_161	iYS854.USA300HOU_RS01105	41.6	279	154	3	5	281	8	279	3.08e-70	218
lcl|AP019371.1_prot_BBH63477.1_162	iSF_1195.SF4172	34.4	512	291	17	42	531	22	510	4.78e-73	241
lcl|AP019371.1_prot_BBH63477.1_162	iML1515.b4033	34.4	512	291	17	42	531	22	510	1.31e-72	239
lcl|AP019371.1_prot_BBH63477.1_162	STM_v1_0.STM4228	33.5	510	298	14	42	531	22	510	1.94e-71	236
lcl|AP019371.1_prot_BBH63477.1_162	iSSON_1240.SSON_4211	33.9	510	296	14	42	531	22	510	1.04e-70	234
lcl|AP019371.1_prot_BBH63477.1_162	iPC815.YPO3715	31.3	520	310	12	38	531	23	521	3.69e-70	233
lcl|AP019371.1_prot_BBH63477.1_162	iYL1228.KPN_04422	33.4	494	284	16	61	531	39	510	7.79e-70	232
lcl|AP019371.1_prot_BBH63477.1_162	iLJ478.TM1203	32.9	568	304	18	42	536	12	575	1.71e-68	230
lcl|AP019371.1_prot_BBH63478.1_163	iLJ478.TM1204	33.0	358	232	6	45	401	21	371	1.62e-62	206
lcl|AP019371.1_prot_BBH63478.1_163	iLJ478.TM1839	32.6	362	228	7	45	401	22	372	1.98e-60	201
lcl|AP019371.1_prot_BBH63479.1_164	iPC815.YPO3318	22.9	231	160	6	52	275	36	255	2.12e-06	48.5
lcl|AP019371.1_prot_BBH63482.1_167	iEK1008.Rv1659	57.4	462	196	1	10	470	8	469	2.11e-178	508
lcl|AP019371.1_prot_BBH63483.1_168	iEK1008.Rv1202	55.3	351	154	2	4	351	2	352	1.18e-134	387
lcl|AP019371.1_prot_BBH63484.1_169	iYS854.USA300HOU_RS04770	34.8	371	225	4	3	369	2	359	7.27e-65	212
lcl|AP019371.1_prot_BBH63484.1_169	iNF517.LLMG_RS00750	35.1	368	228	3	1	367	1	358	3.89e-63	207
lcl|AP019371.1_prot_BBH63484.1_169	iYO844.BSU29450	34.8	371	225	5	3	369	4	361	1.12e-59	199
lcl|AP019371.1_prot_BBH63487.1_172	iEK1008.Rv1656	63.2	302	111	0	4	305	3	304	3.10e-127	365
lcl|AP019371.1_prot_BBH63488.1_173	iEK1008.Rv1655	66.9	384	125	1	2	383	9	392	8.62e-183	512
lcl|AP019371.1_prot_BBH63489.1_174	iEK1008.Rv1654	68.7	281	88	0	6	286	12	292	4.57e-137	388
lcl|AP019371.1_prot_BBH63490.1_175	iEK1008.Rv1653	60.5	392	149	3	3	391	16	404	9.40e-144	414
lcl|AP019371.1_prot_BBH63491.1_176	iEK1008.Rv1652	49.9	343	158	6	4	333	11	352	2.77e-97	291
lcl|AP019371.1_prot_BBH63494.1_179	iSynCJ816.SGL_RS11800	40.6	106	59	3	30	133	93	196	1.07e-06	48.5
lcl|AP019371.1_prot_BBH63494.1_179	iJN1463.PP_5011	31.6	117	75	3	23	134	61	177	1.15e-06	48.1
lcl|AP019371.1_prot_BBH63494.1_179	iSF_1195.SF0727	39.4	99	56	1	34	132	46	140	1.12e-06	48.1
lcl|AP019371.1_prot_BBH63494.1_179	iAF987.Gmet_0844	39.8	108	52	3	28	129	40	140	2.96e-06	47.0
lcl|AP019371.1_prot_BBH63494.1_179	iSDY_1059.SDY_0829	38.4	99	57	1	34	132	46	140	4.93e-06	46.2
lcl|AP019371.1_prot_BBH63494.1_179	iLB1027_lipid.PHATRDRAFT_20470	34.3	105	62	3	84	183	140	242	3.59e-05	43.9
lcl|AP019371.1_prot_BBH63494.1_179	iSynCJ816.SGL_RS03195	32.5	120	76	2	23	137	45	164	2.73e-05	43.9
lcl|AP019371.1_prot_BBH63496.1_181	iLJ478.TM0076	36.2	774	419	19	7	735	4	747	3.42e-135	417
lcl|AP019371.1_prot_BBH63496.1_181	iPC815.YPO0616	33.4	758	424	13	7	735	5	710	8.18e-124	386
lcl|AP019371.1_prot_BBH63496.1_181	iJN1463.PP_1403	32.7	765	452	14	2	736	22	753	1.16e-122	384
lcl|AP019371.1_prot_BBH63497.1_182	iEK1008.Rv3704c	37.5	379	207	8	4	363	19	386	2.68e-58	195
lcl|AP019371.1_prot_BBH63498.1_183	iEK1008.Rv3703c	54.0	424	182	6	9	425	7	424	9.75e-153	439
lcl|AP019371.1_prot_BBH63499.1_184	iEK1008.Rv3702c	41.6	238	117	6	1	237	1	217	1.18e-42	144
lcl|AP019371.1_prot_BBH63500.1_185	iEK1008.Rv3701c	57.8	303	128	0	13	315	17	319	1.32e-114	333
lcl|AP019371.1_prot_BBH63502.1_187	STM_v1_0.STM2232	23.2	276	172	8	64	317	34	291	1.86e-04	43.1
lcl|AP019371.1_prot_BBH63509.1_194	iYS854.USA300HOU_RS06185	37.3	241	143	3	6	241	4	241	1.35e-37	131
lcl|AP019371.1_prot_BBH63509.1_194	iSynCJ816.SGL_RS07245	34.3	236	153	2	7	241	9	243	4.05e-33	120
lcl|AP019371.1_prot_BBH63514.1_199	iPC815.YPO2428	36.8	840	469	18	1	824	1	794	6.80e-134	417
lcl|AP019371.1_prot_BBH63514.1_199	iSbBS512_1146.SbBS512_E1955	36.6	839	472	18	1	824	1	794	5.60e-132	412
lcl|AP019371.1_prot_BBH63514.1_199	iSF_1195.SF1518	36.6	839	472	18	1	824	1	794	5.60e-132	412
lcl|AP019371.1_prot_BBH63514.1_199	iSSON_1240.SSON_1445	36.6	839	472	18	1	824	1	794	5.60e-132	412
lcl|AP019371.1_prot_BBH63514.1_199	STM_v1_0.STM1338	36.4	828	489	13	1	824	1	794	1.18e-130	409
lcl|AP019371.1_prot_BBH63514.1_199	iSDY_1059.SDY_1808	36.4	839	474	18	1	824	1	794	1.66e-130	408
lcl|AP019371.1_prot_BBH63514.1_199	iYL1228.KPN_02175	36.6	837	475	15	1	824	1	794	4.59e-130	407
lcl|AP019371.1_prot_BBH63514.1_199	iCN718.ABAYE_RS15755	34.3	830	500	16	1	824	1	791	2.37e-129	405
lcl|AP019371.1_prot_BBH63514.1_199	iAF987.Gmet_1416	34.7	815	485	17	1	803	1	780	1.81e-126	398
lcl|AP019371.1_prot_BBH63514.1_199	iJN1463.PP_2470	35.2	809	480	14	1	803	1	771	1.47e-126	398
lcl|AP019371.1_prot_BBH63514.1_199	iYS854.USA300HOU_RS05695	34.5	840	494	20	1	824	1	800	8.20e-123	388
lcl|AP019371.1_prot_BBH63515.1_200	iHN637.CLJU_RS16970	46.3	309	158	3	48	349	30	337	1.27e-94	285
lcl|AP019371.1_prot_BBH63515.1_200	iCN900.CD630_06990	43.0	335	179	4	22	349	10	339	8.22e-88	267
lcl|AP019371.1_prot_BBH63515.1_200	iLJ478.TM0821	41.0	329	188	3	21	349	3	325	3.41e-86	263
lcl|AP019371.1_prot_BBH63515.1_200	iSynCJ816.SGL_RS14135	43.5	322	176	2	28	349	16	331	8.22e-86	262
lcl|AP019371.1_prot_BBH63515.1_200	iAF987.Gmet_1415	41.7	338	188	4	19	349	3	338	5.78e-85	260
lcl|AP019371.1_prot_BBH63515.1_200	iSDY_1059.SDY_1809	44.0	325	176	4	25	349	8	326	4.11e-85	260
lcl|AP019371.1_prot_BBH63515.1_200	STM_v1_0.STM1337	44.0	325	176	4	25	349	8	326	5.81e-85	259
lcl|AP019371.1_prot_BBH63515.1_200	iSbBS512_1146.SbBS512_E1956	44.3	325	175	4	25	349	8	326	5.81e-85	259
lcl|AP019371.1_prot_BBH63515.1_200	iYL1228.KPN_02176	44.3	325	175	4	25	349	8	326	1.16e-84	259
lcl|AP019371.1_prot_BBH63515.1_200	iSF_1195.SF1517	44.0	325	176	4	25	349	8	326	1.16e-84	259
lcl|AP019371.1_prot_BBH63515.1_200	iSSON_1240.SSON_1444	44.0	325	176	4	25	349	8	326	4.65e-84	257
lcl|AP019371.1_prot_BBH63521.1_206	iEK1008.Rv2121c	56.7	284	117	2	1	279	1	283	4.46e-104	304
lcl|AP019371.1_prot_BBH63522.1_207	iEK1008.Rv2122c	59.8	87	35	0	1	87	7	93	5.05e-28	96.7
lcl|AP019371.1_prot_BBH63523.1_208	iJN1463.PP_0227	28.9	235	150	9	55	283	38	261	2.56e-16	76.6
lcl|AP019371.1_prot_BBH63523.1_208	iJN1463.PP_0282	28.8	226	145	9	52	272	22	236	1.28e-14	71.6
lcl|AP019371.1_prot_BBH63523.1_208	iML1515.b1920	27.7	235	145	9	55	280	41	259	2.91e-14	70.9
lcl|AP019371.1_prot_BBH63524.1_209	iCN900.CD630_07510	32.8	198	118	5	48	237	20	210	4.46e-28	106
lcl|AP019371.1_prot_BBH63524.1_209	iYO844.BSU27450	36.9	179	102	5	66	240	34	205	1.48e-26	102
lcl|AP019371.1_prot_BBH63524.1_209	iYO844.BSU23970	32.7	205	133	3	34	237	4	204	1.19e-25	100
lcl|AP019371.1_prot_BBH63524.1_209	iYS854.USA300HOU_RS09930	32.4	213	137	4	34	244	270	477	1.00e-23	99.0
lcl|AP019371.1_prot_BBH63525.1_210	iCN900.CD630_07520	52.1	240	115	0	4	243	1	240	1.44e-86	256
lcl|AP019371.1_prot_BBH63525.1_210	iYO844.BSU27430	52.1	240	115	0	4	243	1	240	5.06e-85	253
lcl|AP019371.1_prot_BBH63525.1_210	iYO844.BSU23960	53.0	234	110	0	10	243	7	240	1.46e-81	244
lcl|AP019371.1_prot_BBH63525.1_210	iYS854.USA300HOU_RS09925	50.4	240	119	0	4	243	3	242	1.55e-81	244
lcl|AP019371.1_prot_BBH63525.1_210	iNF517.LLMG_RS09915	51.7	240	116	0	4	243	5	244	4.73e-81	243
lcl|AP019371.1_prot_BBH63525.1_210	iPC815.YPO2514	50.2	239	119	0	4	242	1	239	8.34e-81	242
lcl|AP019371.1_prot_BBH63525.1_210	iSDY_1059.SDY_0787	50.0	234	117	0	9	242	6	239	5.49e-79	237
lcl|AP019371.1_prot_BBH63525.1_210	STM_v1_0.STM0828	50.0	234	117	0	9	242	6	239	7.79e-79	237
lcl|AP019371.1_prot_BBH63525.1_210	iSSON_1240.SSON_0789	50.0	234	117	0	9	242	6	239	1.10e-78	236
lcl|AP019371.1_prot_BBH63525.1_210	iML1515.b0809	50.0	234	117	0	9	242	6	239	1.56e-78	236
lcl|AP019371.1_prot_BBH63525.1_210	iSbBS512_1146.SbBS512_E2539	50.0	234	117	0	9	242	6	239	1.56e-78	236
lcl|AP019371.1_prot_BBH63525.1_210	iYL1228.KPN_00838	49.6	234	118	0	9	242	6	239	3.14e-78	235
lcl|AP019371.1_prot_BBH63525.1_210	iSF_1195.SF0760	50.0	234	117	0	9	242	6	239	4.46e-78	235
lcl|AP019371.1_prot_BBH63525.1_210	iJN1463.PP_3597	49.0	241	123	0	3	243	19	259	4.84e-77	233
lcl|AP019371.1_prot_BBH63525.1_210	iNF517.LLMG_RS09720	49.0	241	123	0	5	245	7	247	4.53e-77	233
lcl|AP019371.1_prot_BBH63525.1_210	iJN1463.PP_4425	52.0	254	110	3	4	245	1	254	5.85e-77	233
lcl|AP019371.1_prot_BBH63526.1_211	iEK1008.Rv1416	58.2	153	64	0	3	155	4	156	2.78e-56	173
lcl|AP019371.1_prot_BBH63527.1_212	iEK1008.Rv1415	67.8	400	122	3	3	396	5	403	3.48e-188	528
lcl|AP019371.1_prot_BBH63528.1_213	iEK1008.Rv1412	64.9	202	63	4	1	197	1	199	6.31e-81	239
lcl|AP019371.1_prot_BBH63529.1_214	iEK1008.Rv1409	49.4	344	159	5	5	347	10	339	3.85e-91	276
lcl|AP019371.1_prot_BBH63529.1_214	iAF987.Gmet_1624	50.6	326	136	5	2	308	3	322	3.23e-89	272
lcl|AP019371.1_prot_BBH63529.1_214	iPC815.YPO3183	46.4	360	162	7	8	341	8	362	9.02e-86	263
lcl|AP019371.1_prot_BBH63529.1_214	iYL1228.KPN_00366	47.6	355	163	7	8	340	7	360	1.91e-84	259
lcl|AP019371.1_prot_BBH63529.1_214	iML1515.b0414	45.1	355	172	6	8	340	7	360	5.40e-84	258
lcl|AP019371.1_prot_BBH63529.1_214	iSSON_1240.SSON_0391	45.1	355	172	6	8	340	7	360	2.16e-83	257
lcl|AP019371.1_prot_BBH63529.1_214	iSbBS512_1146.SbBS512_E0335	45.8	356	168	8	8	340	7	360	6.09e-83	256
lcl|AP019371.1_prot_BBH63529.1_214	iSDY_1059.SDY_0320	45.8	356	168	8	8	340	7	360	1.72e-82	254
lcl|AP019371.1_prot_BBH63529.1_214	iSF_1195.SF0351	44.5	355	174	6	8	340	7	360	6.85e-82	253
lcl|AP019371.1_prot_BBH63529.1_214	STM_v1_0.STM0416	45.4	355	171	7	8	340	7	360	9.68e-82	253
lcl|AP019371.1_prot_BBH63531.1_216	iEK1008.Rv2182c	41.5	200	99	6	24	207	20	217	3.22e-38	132
lcl|AP019371.1_prot_BBH63532.1_217	iAF987.Gmet_0945	30.1	299	190	6	36	328	20	305	2.67e-39	140
lcl|AP019371.1_prot_BBH63533.1_218	iEK1008.Rv1408	65.0	214	74	1	2	215	8	220	2.53e-96	280
lcl|AP019371.1_prot_BBH63536.1_221	iAF987.Gmet_3339	37.0	308	191	2	1	307	4	309	8.00e-66	208
lcl|AP019371.1_prot_BBH63536.1_221	iSF_1195.SF3319	38.0	295	182	1	1	294	5	299	6.32e-63	201
lcl|AP019371.1_prot_BBH63536.1_221	iSSON_1240.SSON_3428	38.0	295	182	1	1	294	5	299	6.32e-63	201
lcl|AP019371.1_prot_BBH63536.1_221	iSDY_1059.SDY_3464	38.0	295	182	1	1	294	5	299	8.92e-63	201
lcl|AP019371.1_prot_BBH63536.1_221	iYL1228.KPN_03688	38.0	295	182	1	1	294	5	299	9.96e-62	198
lcl|AP019371.1_prot_BBH63536.1_221	iSbBS512_1146.SbBS512_E3672	37.6	295	183	1	1	294	5	299	1.98e-61	197
lcl|AP019371.1_prot_BBH63536.1_221	STM_v1_0.STM3407	37.6	295	183	1	1	294	5	299	3.12e-60	194
lcl|AP019371.1_prot_BBH63536.1_221	iJN1463.PP_0067	43.9	244	137	0	1	244	1	244	3.82e-60	194
lcl|AP019371.1_prot_BBH63537.1_222	iYO844.BSU15720	41.5	159	90	2	1	157	1	158	1.21e-35	122
lcl|AP019371.1_prot_BBH63540.1_225	iEK1008.Rv1392	74.1	397	97	2	4	394	6	402	6.08e-201	559
lcl|AP019371.1_prot_BBH63541.1_226	iEK1008.Rv1391	56.2	402	163	5	3	392	10	410	1.30e-130	381
lcl|AP019371.1_prot_BBH63543.1_228	iSynCJ816.SGL_RS02240	50.0	178	89	0	10	187	11	188	1.81e-57	179
lcl|AP019371.1_prot_BBH63543.1_228	iEK1008.Rv1389	53.0	185	83	2	6	186	16	200	1.41e-55	174
lcl|AP019371.1_prot_BBH63543.1_228	iNF517.LLMG_RS10780	49.2	177	90	0	6	182	2	178	5.49e-52	165
lcl|AP019371.1_prot_BBH63545.1_230	iEK1008.Rv1385	53.7	270	120	5	1	269	1	266	1.83e-82	248
lcl|AP019371.1_prot_BBH63546.1_231	iEK1008.Rv1568	60.9	417	157	4	7	418	11	426	9.46e-178	503
lcl|AP019371.1_prot_BBH63546.1_231	iML1515.b0774	59.2	419	166	2	8	422	4	421	4.26e-167	475
lcl|AP019371.1_prot_BBH63546.1_231	iSSON_1240.SSON_0753	59.2	419	166	2	8	422	4	421	4.26e-167	475
lcl|AP019371.1_prot_BBH63546.1_231	iSDY_1059.SDY_0832	58.5	419	169	2	8	422	4	421	2.81e-165	471
lcl|AP019371.1_prot_BBH63546.1_231	iSF_1195.SF0725	58.5	419	169	2	8	422	41	458	4.05e-164	469
lcl|AP019371.1_prot_BBH63546.1_231	iPC815.YPO1150	59.1	413	164	2	10	418	6	417	1.27e-164	469
lcl|AP019371.1_prot_BBH63546.1_231	STM_v1_0.STM0793	58.5	419	169	2	8	422	4	421	3.24e-164	468
lcl|AP019371.1_prot_BBH63546.1_231	iSbBS512_1146.SbBS512_E2578	58.5	419	169	2	8	422	4	421	4.60e-164	468
lcl|AP019371.1_prot_BBH63546.1_231	iYL1228.KPN_00799	57.5	419	173	2	8	422	4	421	8.66e-162	462
lcl|AP019371.1_prot_BBH63547.1_232	iSynCJ816.SGL_RS17005	44.4	354	175	5	1	332	1	354	6.67e-97	291
lcl|AP019371.1_prot_BBH63547.1_232	iPC815.YPO1415	48.2	340	155	5	3	329	1	332	5.21e-96	288
lcl|AP019371.1_prot_BBH63547.1_232	iML1515.b0945	46.3	341	160	5	3	329	1	332	2.96e-95	286
lcl|AP019371.1_prot_BBH63547.1_232	iSbBS512_1146.SbBS512_E2372	46.3	341	160	5	3	329	1	332	2.96e-95	286
lcl|AP019371.1_prot_BBH63547.1_232	iSF_1195.SF0946	46.3	341	160	5	3	329	1	332	2.96e-95	286
lcl|AP019371.1_prot_BBH63547.1_232	iSSON_1240.SSON_0949	46.3	341	160	5	3	329	1	332	2.96e-95	286
lcl|AP019371.1_prot_BBH63547.1_232	iSDY_1059.SDY_0918	46.0	341	161	5	3	329	1	332	1.19e-94	284
lcl|AP019371.1_prot_BBH63547.1_232	iYL1228.KPN_00974	45.9	338	166	5	3	329	1	332	3.38e-94	283
lcl|AP019371.1_prot_BBH63547.1_232	iEK1008.Rv2139	49.2	319	153	5	21	332	15	331	2.63e-93	281
lcl|AP019371.1_prot_BBH63547.1_232	iJN1463.PP_2095	48.8	332	153	4	7	327	4	329	1.54e-93	281
lcl|AP019371.1_prot_BBH63547.1_232	STM_v1_0.STM1058	46.2	338	165	4	3	329	1	332	1.36e-93	281
lcl|AP019371.1_prot_BBH63547.1_232	iCN718.ABAYE_RS06810	46.1	332	159	5	7	327	5	327	8.55e-89	269
lcl|AP019371.1_prot_BBH63548.1_233	iEK1008.Rv1384	75.7	1115	250	9	1	1099	1	1110	0.0	1617
lcl|AP019371.1_prot_BBH63549.1_234	iEK1008.Rv1383	59.5	375	145	3	1	368	1	375	7.81e-157	445
lcl|AP019371.1_prot_BBH63550.1_235	iEK1008.Rv1381	57.9	428	168	4	1	417	1	427	6.98e-160	457
lcl|AP019371.1_prot_BBH63551.1_236	iEK1008.Rv1380	64.1	309	102	4	3	305	4	309	1.45e-122	353
lcl|AP019371.1_prot_BBH63552.1_237	iSynCJ816.SGL_RS14540	53.5	172	79	1	13	184	8	178	2.14e-58	180
lcl|AP019371.1_prot_BBH63552.1_237	iCN900.CD630_25950	50.3	169	84	0	13	181	7	175	1.37e-56	176
lcl|AP019371.1_prot_BBH63552.1_237	iAF987.Gmet_1768	54.1	157	70	2	13	168	8	163	4.33e-53	167
lcl|AP019371.1_prot_BBH63557.1_242	iEK1008.Rv2537c	55.1	138	62	0	1	138	5	142	9.36e-53	163
lcl|AP019371.1_prot_BBH63557.1_242	iJN1463.PP_2407	53.6	138	64	0	1	138	4	141	1.26e-48	152
lcl|AP019371.1_prot_BBH63558.1_243	iEK1008.Rv2538c	60.3	350	138	1	5	353	10	359	1.60e-137	395
lcl|AP019371.1_prot_BBH63560.1_245	iEK1008.Rv2539c	46.9	162	85	1	1	161	1	162	2.95e-38	128
lcl|AP019371.1_prot_BBH63561.1_246	iEK1008.Rv2540c	65.1	384	134	0	1	384	2	385	4.90e-177	498
lcl|AP019371.1_prot_BBH63562.1_247	iEK1008.Rv2552c	47.7	285	124	8	5	284	3	267	1.13e-61	196
lcl|AP019371.1_prot_BBH63563.1_248	iML1515.b1097	25.2	365	222	13	29	380	2	328	6.62e-19	86.7
lcl|AP019371.1_prot_BBH63564.1_249	iCN900.CD630_12260	31.4	318	194	13	71	384	40	337	1.41e-28	114
lcl|AP019371.1_prot_BBH63566.1_251	iAF987.Gmet_0201	41.1	894	487	13	5	885	5	871	6.02e-212	624
lcl|AP019371.1_prot_BBH63566.1_251	iCN900.CD630_12820	39.7	878	489	11	5	871	8	856	6.30e-200	593
lcl|AP019371.1_prot_BBH63566.1_251	iJN1463.PP_4474	40.7	894	475	16	1	876	1	857	6.03e-199	590
lcl|AP019371.1_prot_BBH63566.1_251	iYL1228.KPN_03029	39.0	901	496	16	3	886	5	868	1.71e-195	582
lcl|AP019371.1_prot_BBH63566.1_251	STM_v1_0.STM2827	38.8	901	497	16	3	886	5	868	5.50e-194	578
lcl|AP019371.1_prot_BBH63566.1_251	iLJ478.TM1396	40.9	888	463	17	1	872	4	845	7.39e-194	577
lcl|AP019371.1_prot_BBH63566.1_251	iSDY_1059.SDY_2893	38.8	901	497	17	3	886	5	868	8.63e-193	575
lcl|AP019371.1_prot_BBH63566.1_251	iSF_1195.SF2720	38.8	901	497	17	3	886	5	868	1.72e-192	574
lcl|AP019371.1_prot_BBH63566.1_251	iSSON_1240.SSON_2841	38.7	901	498	17	3	886	5	868	3.41e-192	573
lcl|AP019371.1_prot_BBH63566.1_251	iSbBS512_1146.SbBS512_E3180	38.7	901	498	17	3	886	5	868	4.82e-192	573
lcl|AP019371.1_prot_BBH63566.1_251	iPC815.YPO3305	38.7	902	497	18	3	886	5	868	7.08e-188	562
lcl|AP019371.1_prot_BBH63578.1_263	iAF987.Gmet_1357	48.5	579	287	5	3	573	10	585	4.15e-188	542
lcl|AP019371.1_prot_BBH63578.1_263	iYL1228.KPN_02380	50.8	573	268	6	2	564	1	569	6.08e-188	541
lcl|AP019371.1_prot_BBH63578.1_263	iSbBS512_1146.SbBS512_E1106	50.4	573	270	6	2	564	1	569	2.36e-186	537
lcl|AP019371.1_prot_BBH63578.1_263	iSDY_1059.SDY_1153	50.4	573	270	6	2	564	1	569	2.36e-186	537
lcl|AP019371.1_prot_BBH63578.1_263	iSSON_1240.SSON_1275	50.4	573	270	6	2	564	1	569	2.36e-186	537
lcl|AP019371.1_prot_BBH63578.1_263	iSF_1195.SF1876	50.3	573	271	6	2	564	1	569	7.65e-185	533
lcl|AP019371.1_prot_BBH63578.1_263	STM_v1_0.STM1901	49.2	591	286	6	2	582	1	587	4.36e-184	531
lcl|AP019371.1_prot_BBH63578.1_263	iJN1463.PP_1213	49.9	573	273	7	1	563	1	569	8.30e-182	526
lcl|AP019371.1_prot_BBH63578.1_263	iCN718.ABAYE_RS03490	48.6	587	286	10	1	576	1	582	3.16e-179	519
lcl|AP019371.1_prot_BBH63578.1_263	iPC815.YPO2053	48.2	573	283	6	2	564	1	569	7.73e-179	518
lcl|AP019371.1_prot_BBH63578.1_263	iYS854.USA300HOU_RS08675	47.0	583	292	8	3	573	4	581	1.10e-170	497
lcl|AP019371.1_prot_BBH63578.1_263	iSynCJ816.SGL_RS08775	46.5	593	293	10	2	576	1	587	8.97e-170	495
lcl|AP019371.1_prot_BBH63578.1_263	iCN900.CD630_27390	46.8	585	294	8	3	576	9	587	2.23e-169	494
lcl|AP019371.1_prot_BBH63583.1_268	iMM1415.15212	25.5	439	244	11	33	427	126	525	1.04e-29	121
lcl|AP019371.1_prot_BBH63583.1_268	iCHOv1.100766960	26.6	436	247	15	33	427	128	531	3.43e-28	117
lcl|AP019371.1_prot_BBH63583.1_268	iCHOv1.100756951	25.0	436	250	12	33	427	121	520	3.08e-27	114
lcl|AP019371.1_prot_BBH63583.1_268	iMM1415.15211	25.6	438	250	13	33	428	114	517	3.10e-27	114
lcl|AP019371.1_prot_BBH63583.1_268	iCHOv1.100750552	25.5	444	243	14	33	428	114	517	6.21e-26	110
lcl|AP019371.1_prot_BBH63584.1_269	iEK1008.Rv1237	32.3	260	164	5	22	278	23	273	1.78e-33	122
lcl|AP019371.1_prot_BBH63584.1_269	iEK1008.Rv2039c	32.4	259	165	4	15	273	25	273	4.41e-31	116
lcl|AP019371.1_prot_BBH63584.1_269	iLJ478.TM1202	34.2	219	140	4	63	279	607	823	3.71e-28	113
lcl|AP019371.1_prot_BBH63584.1_269	iLJ478.TM1836	33.0	218	142	4	63	278	617	832	5.05e-28	112
lcl|AP019371.1_prot_BBH63585.1_270	iEK1008.Rv2040c	36.6	246	149	5	52	291	50	294	9.09e-32	119
lcl|AP019371.1_prot_BBH63585.1_270	iEK1008.Rv2316	33.8	234	150	4	49	281	47	276	8.21e-28	108
lcl|AP019371.1_prot_BBH63588.1_273	iCN900.CD630_36430	33.2	331	202	9	32	347	41	367	8.61e-48	166
lcl|AP019371.1_prot_BBH63590.1_275	iYS854.USA300HOU_RS06130	33.1	263	172	1	5	263	3	265	1.72e-44	164
lcl|AP019371.1_prot_BBH63591.1_276	STM_v1_0.STM2232	28.0	574	298	24	30	591	6	476	7.07e-34	137
lcl|AP019371.1_prot_BBH63591.1_276	iYS854.USA300HOU_RS13930	28.9	377	229	9	30	397	17	363	2.24e-31	129
lcl|AP019371.1_prot_BBH63592.1_277	iYO844.BSU33440	30.1	602	361	18	462	1053	54	605	4.96e-55	202
lcl|AP019371.1_prot_BBH63592.1_277	iLB1027_lipid.PHATRDRAFT_9283	29.0	645	365	23	481	1054	1	623	4.11e-54	199
lcl|AP019371.1_prot_BBH63592.1_277	iJN1463.PP_1703	30.2	586	320	20	488	1053	825	1341	1.28e-48	188
lcl|AP019371.1_prot_BBH63592.1_277	iMM1415.18126	29.9	615	379	23	474	1053	525	1122	1.19e-47	185
lcl|AP019371.1_prot_BBH63594.1_279	iEK1008.Rv1848	76.0	100	24	0	1	100	1	100	4.03e-48	148
lcl|AP019371.1_prot_BBH63594.1_279	iSynCJ816.SGL_RS08455	70.7	99	29	0	1	99	1	99	3.04e-43	135
lcl|AP019371.1_prot_BBH63595.1_280	iSynCJ816.SGL_RS11790	60.4	101	40	0	3	103	2	102	1.51e-37	123
lcl|AP019371.1_prot_BBH63595.1_280	iYS854.USA300HOU_RS12385	55.4	101	45	0	3	103	2	102	1.93e-35	119
lcl|AP019371.1_prot_BBH63595.1_280	iYL1228.KPN_03466	58.4	101	42	0	3	103	2	102	9.21e-35	116
lcl|AP019371.1_prot_BBH63595.1_280	iCN718.ABAYE_RS13875	57.4	101	43	0	3	103	2	102	1.65e-34	115
lcl|AP019371.1_prot_BBH63595.1_280	iYO844.BSU36650	56.8	95	41	0	4	98	3	97	1.80e-33	113
lcl|AP019371.1_prot_BBH63595.1_280	iEK1008.Rv1849	59.8	102	40	1	3	103	2	103	1.00e-33	113
lcl|AP019371.1_prot_BBH63596.1_281	iEK1008.Rv1850	75.7	577	135	2	1	572	1	577	0.0	885
lcl|AP019371.1_prot_BBH63597.1_282	iEK1008.Rv1851	42.2	206	110	2	2	205	3	201	1.92e-33	119
lcl|AP019371.1_prot_BBH63598.1_283	iEK1008.Rv1852	67.4	218	69	1	15	230	4	221	5.88e-95	276
lcl|AP019371.1_prot_BBH63599.1_284	iEK1008.Rv1853	34.3	134	79	2	39	169	26	153	2.02e-11	61.2
lcl|AP019371.1_prot_BBH63604.1_289	iYS854.USA300HOU_RS06130	29.8	255	167	6	19	268	9	256	4.04e-28	119
lcl|AP019371.1_prot_BBH63605.1_290	iSynCJ816.SGL_RS08660	41.8	849	453	14	1	841	1	816	4.95e-178	538
lcl|AP019371.1_prot_BBH63606.1_291	iSynCJ816.SGL_RS08655	35.8	257	152	6	12	255	9	265	3.09e-29	111
lcl|AP019371.1_prot_BBH63609.1_294	iYS854.USA300HOU_RS11805	24.2	356	260	7	29	380	15	364	1.19e-13	72.4
lcl|AP019371.1_prot_BBH63610.1_295	iLB1027_lipid.PHATRDRAFT_16944	32.1	439	247	19	5	413	5	422	7.04e-38	142
lcl|AP019371.1_prot_BBH63610.1_295	iMM904.YPR033C	30.3	393	204	16	5	349	60	430	3.65e-33	130
lcl|AP019371.1_prot_BBH63611.1_296	iEK1008.Rv2581c	50.0	224	108	3	1	221	1	223	1.38e-70	214
lcl|AP019371.1_prot_BBH63614.1_299	iEK1008.Rv2583c	63.7	754	270	2	58	808	38	790	0.0	956
lcl|AP019371.1_prot_BBH63615.1_300	iCN900.CD630_27450	51.6	157	74	1	20	174	12	168	6.69e-48	153
lcl|AP019371.1_prot_BBH63615.1_300	iEK1008.Rv2584c	49.4	168	84	1	7	173	53	220	5.15e-46	150
lcl|AP019371.1_prot_BBH63615.1_300	iYO844.BSU27610	45.9	159	84	1	18	174	10	168	3.55e-45	146
lcl|AP019371.1_prot_BBH63615.1_300	iAF987.Gmet_1422	48.1	162	80	2	17	175	10	170	7.34e-45	145
lcl|AP019371.1_prot_BBH63615.1_300	iLJ478.TM1384	47.5	160	82	1	17	174	12	171	1.79e-43	142
lcl|AP019371.1_prot_BBH63615.1_300	iYS854.USA300HOU_RS08700	43.5	161	89	1	17	175	9	169	1.98e-42	139
lcl|AP019371.1_prot_BBH63615.1_300	iNF517.LLMG_RS03160	43.9	157	86	1	20	174	12	168	3.75e-42	138
lcl|AP019371.1_prot_BBH63624.1_309	iEK1008.Rv2604c	56.8	199	77	4	3	198	6	198	1.69e-68	207
lcl|AP019371.1_prot_BBH63625.1_310	iEK1008.Rv2606c	88.1	293	35	0	6	298	7	299	3.21e-178	493
lcl|AP019371.1_prot_BBH63628.1_313	iEK1008.Rv2610c	52.6	367	169	2	1	363	1	366	1.46e-120	353
lcl|AP019371.1_prot_BBH63629.1_314	iEK1008.Rv2611c	46.2	286	145	4	6	288	23	302	2.83e-76	234
lcl|AP019371.1_prot_BBH63630.1_315	iEK1008.Rv2612c	43.4	196	90	5	10	192	9	196	1.50e-33	119
lcl|AP019371.1_prot_BBH63631.1_316	iSynCJ816.SGL_RS10930	32.8	696	437	14	23	709	9	682	1.15e-107	342
lcl|AP019371.1_prot_BBH63631.1_316	iEK1008.Rv0684	30.8	701	460	12	17	707	6	691	1.91e-96	313
lcl|AP019371.1_prot_BBH63632.1_317	iYL1228.KPN_01663	25.9	321	203	10	5	304	2	308	1.35e-11	65.1
lcl|AP019371.1_prot_BBH63632.1_317	iJN1463.PP_3944	23.9	326	228	8	3	312	4	325	7.57e-10	59.7
lcl|AP019371.1_prot_BBH63634.1_319	iMM904.YDR305C	33.0	91	59	2	41	130	27	116	3.08e-09	53.5
lcl|AP019371.1_prot_BBH63635.1_320	iAF987.Gmet_3085	49.7	165	81	2	487	649	455	619	3.95e-36	145
lcl|AP019371.1_prot_BBH63635.1_320	iJN1463.PP_3581	42.5	212	115	4	443	649	211	420	2.16e-35	142
lcl|AP019371.1_prot_BBH63635.1_320	iAF987.Gmet_2629	49.1	165	81	2	487	649	381	544	4.50e-35	141
lcl|AP019371.1_prot_BBH63635.1_320	iAF987.Gmet_0957	47.4	156	80	2	492	645	196	351	2.28e-32	132
lcl|AP019371.1_prot_BBH63636.1_321	iAF987.Gmet_1411	46.4	590	290	9	69	655	76	642	1.02e-178	522
lcl|AP019371.1_prot_BBH63636.1_321	iLJ478.TM0740	42.9	615	322	10	45	656	39	627	1.53e-162	481
lcl|AP019371.1_prot_BBH63636.1_321	iSynCJ816.SGL_RS15335	44.7	590	299	7	68	647	18	590	5.31e-162	478
lcl|AP019371.1_prot_BBH63638.1_323	iAF987.Gmet_0069	36.0	125	71	3	3	120	4	126	5.92e-14	69.3
lcl|AP019371.1_prot_BBH63638.1_323	iAF987.Gmet_1919	32.4	102	68	1	3	103	4	105	2.12e-12	65.1
lcl|AP019371.1_prot_BBH63642.1_327	iSF_1195.SF1648	33.2	328	214	3	11	334	6	332	4.71e-53	177
lcl|AP019371.1_prot_BBH63642.1_327	iML1515.b1623	32.9	328	215	3	11	334	6	332	2.59e-52	175
lcl|AP019371.1_prot_BBH63642.1_327	iSSON_1240.SSON_1535	32.9	328	215	3	11	334	6	332	2.59e-52	175
lcl|AP019371.1_prot_BBH63642.1_327	iSDY_1059.SDY_1846	32.9	328	215	3	11	334	6	332	3.65e-52	175
lcl|AP019371.1_prot_BBH63642.1_327	iYL1228.KPN_01958	33.6	330	210	5	9	332	4	330	2.81e-51	172
lcl|AP019371.1_prot_BBH63642.1_327	iSbBS512_1146.SbBS512_E1811	32.6	328	216	3	11	334	6	332	3.96e-51	172
lcl|AP019371.1_prot_BBH63642.1_327	iCN718.ABAYE_RS15440	32.8	323	210	4	11	328	6	326	6.18e-49	166
lcl|AP019371.1_prot_BBH63642.1_327	STM_v1_0.STM1463	32.3	322	213	3	11	328	6	326	2.52e-48	165
lcl|AP019371.1_prot_BBH63642.1_327	iJN1463.PP_0591	32.7	309	206	2	7	315	4	310	1.73e-47	162
lcl|AP019371.1_prot_BBH63642.1_327	iCN718.ABAYE_RS13035	31.7	325	220	2	8	332	7	329	5.21e-47	161
lcl|AP019371.1_prot_BBH63643.1_328	iEK1008.Rv0294	50.6	253	108	5	1	238	1	251	2.83e-84	251
lcl|AP019371.1_prot_BBH63644.1_329	iYO844.BSU09530	32.1	290	179	6	2	283	10	289	1.52e-30	117
lcl|AP019371.1_prot_BBH63644.1_329	iYO844.BSU39780	27.8	295	188	8	8	291	16	296	1.42e-26	106
lcl|AP019371.1_prot_BBH63654.1_339	iJN1463.PP_2145	39.3	262	152	6	38	297	33	289	2.41e-41	151
lcl|AP019371.1_prot_BBH63656.1_341	iAF692.Mbar_A0420	33.4	323	201	6	3	313	4	324	5.01e-58	189
lcl|AP019371.1_prot_BBH63657.1_342	iYS854.USA300HOU_RS07595	36.2	340	211	4	10	349	2	335	4.47e-64	216
lcl|AP019371.1_prot_BBH63659.1_344	iYO844.BSU35960	25.2	274	174	10	56	315	26	282	2.03e-12	66.6
lcl|AP019371.1_prot_BBH63659.1_344	STM_v1_0.STM3884	25.3	269	166	8	67	319	28	277	3.72e-11	62.8
lcl|AP019371.1_prot_BBH63659.1_344	iML1515.b3751	25.3	269	166	8	67	319	28	277	6.73e-11	62.0
lcl|AP019371.1_prot_BBH63659.1_344	iYL1228.KPN_04156	24.7	231	144	7	67	285	28	240	1.63e-10	60.8
lcl|AP019371.1_prot_BBH63660.1_345	iJN1463.PP_4867	27.6	348	237	9	42	385	29	365	2.22e-24	103
lcl|AP019371.1_prot_BBH63660.1_345	iJN1463.PP_1141	25.4	362	232	10	38	385	22	359	3.33e-21	94.0
lcl|AP019371.1_prot_BBH63661.1_346	iSynCJ816.SGL_RS11390	30.2	288	190	5	7	289	3	284	5.60e-29	111
lcl|AP019371.1_prot_BBH63662.1_347	iAF987.Gmet_1821	29.6	301	200	5	2	297	16	309	2.24e-23	98.2
lcl|AP019371.1_prot_BBH63662.1_347	iLJ478.TM1137	28.5	263	153	5	26	265	45	295	4.20e-22	95.1
lcl|AP019371.1_prot_BBH63662.1_347	iJN1463.PP_4865	28.7	310	191	8	9	294	117	420	5.17e-21	92.8
lcl|AP019371.1_prot_BBH63662.1_347	iJN1463.PP_4843	28.4	310	184	7	17	294	47	350	5.16e-21	92.0
lcl|AP019371.1_prot_BBH63663.1_348	iSynCJ816.SGL_RS14000	43.8	242	128	2	9	242	24	265	1.17e-59	189
lcl|AP019371.1_prot_BBH63663.1_348	iJN1463.PP_1138	42.3	248	134	4	4	242	6	253	4.20e-57	182
lcl|AP019371.1_prot_BBH63663.1_348	iAF987.Gmet_1820	41.6	238	131	1	13	242	11	248	2.05e-56	180
lcl|AP019371.1_prot_BBH63663.1_348	iYL1228.KPN_03817	40.3	248	139	4	4	242	6	253	1.34e-55	178
lcl|AP019371.1_prot_BBH63663.1_348	STM_v1_0.STM3561	39.9	248	140	4	4	242	6	253	1.90e-55	177
lcl|AP019371.1_prot_BBH63663.1_348	iSSON_1240.SSON_3693	39.9	248	140	4	4	242	6	253	2.14e-54	175
lcl|AP019371.1_prot_BBH63663.1_348	iML1515.b3455	39.9	248	140	4	4	242	6	253	3.03e-54	174
lcl|AP019371.1_prot_BBH63663.1_348	iSbBS512_1146.SbBS512_E3867	39.9	248	140	4	4	242	6	253	3.03e-54	174
lcl|AP019371.1_prot_BBH63663.1_348	iSF_1195.SF3473	39.9	248	140	4	4	242	6	253	3.03e-54	174
lcl|AP019371.1_prot_BBH63663.1_348	iSDY_1059.SDY_3604	39.5	248	141	4	4	242	6	253	8.56e-54	173
lcl|AP019371.1_prot_BBH63663.1_348	iPC815.YPO3805	40.6	239	133	4	13	242	16	254	8.56e-54	173
lcl|AP019371.1_prot_BBH63664.1_349	iSynCJ816.SGL_RS07665	40.9	237	138	1	1	237	1	235	2.11e-55	177
lcl|AP019371.1_prot_BBH63664.1_349	iLJ478.TM1139	38.4	224	138	0	14	237	14	237	6.55e-54	173
lcl|AP019371.1_prot_BBH63664.1_349	iAF987.Gmet_1819	39.1	238	139	3	5	237	2	238	1.05e-48	160
lcl|AP019371.1_prot_BBH63666.1_351	iYL1228.KPN_00869	25.7	269	139	10	218	481	154	366	1.18e-12	69.7
lcl|AP019371.1_prot_BBH63666.1_351	iML1515.b0837	23.8	357	193	14	128	481	88	368	1.18e-11	66.6
lcl|AP019371.1_prot_BBH63666.1_351	iSbBS512_1146.SbBS512_E2507	23.8	357	193	14	128	481	88	368	1.58e-11	66.2
lcl|AP019371.1_prot_BBH63666.1_351	iSF_1195.SF0787	26.5	196	113	6	128	323	88	252	1.84e-11	65.5
lcl|AP019371.1_prot_BBH63666.1_351	iSSON_1240.SSON_0820	23.5	357	194	14	128	481	88	368	4.94e-11	64.7
lcl|AP019371.1_prot_BBH63667.1_352	iCN718.ABAYE_RS19010	25.0	168	93	8	110	264	1	148	2.68e-04	41.6
lcl|AP019371.1_prot_BBH63669.1_354	iEK1008.Rv0634c	36.2	152	77	8	58	205	68	203	8.34e-10	56.6
lcl|AP019371.1_prot_BBH63671.1_356	iYL1228.KPN_01663	33.4	362	209	11	3	339	2	356	1.81e-38	141
lcl|AP019371.1_prot_BBH63671.1_356	iCN718.ABAYE_RS01180	33.4	311	193	9	5	303	4	312	1.31e-34	130
lcl|AP019371.1_prot_BBH63673.1_358	iEK1008.Rv0577	36.2	47	30	0	49	95	207	253	1.52e-04	38.9
lcl|AP019371.1_prot_BBH63676.1_361	iEK1008.Rv0386	36.9	103	62	2	103	202	982	1084	3.32e-08	52.8
lcl|AP019371.1_prot_BBH63679.1_364	iCN900.CD630_14890	39.6	217	117	5	3	206	1	216	5.01e-39	139
lcl|AP019371.1_prot_BBH63679.1_364	iCHOv1.100761226	39.3	224	125	5	4	217	899	1121	2.21e-36	138
lcl|AP019371.1_prot_BBH63679.1_364	iMM1415.11303	39.3	224	125	5	4	217	899	1121	2.21e-36	138
lcl|AP019371.1_prot_BBH63679.1_364	iEK1008.Rv2936	32.8	317	194	9	1	300	6	320	2.40e-38	137
lcl|AP019371.1_prot_BBH63679.1_364	iCN900.CD630_16140	35.3	224	138	3	2	218	23	246	6.13e-36	129
lcl|AP019371.1_prot_BBH63679.1_364	iYO844.BSU32750	36.4	220	124	5	3	206	1	220	3.43e-34	127
lcl|AP019371.1_prot_BBH63679.1_364	iJN1463.PP_5137	35.5	279	161	6	2	274	8	273	8.21e-34	126
lcl|AP019371.1_prot_BBH63680.1_365	iEK1008.Rv0486	31.0	371	223	10	2	349	46	406	1.65e-38	144
lcl|AP019371.1_prot_BBH63682.1_367	iSynCJ816.SGL_RS15345	29.2	551	335	17	1	508	1	539	2.13e-44	164
lcl|AP019371.1_prot_BBH63693.1_378	iML1515.b1317	25.6	207	146	4	4	204	5	209	5.62e-08	51.2
lcl|AP019371.1_prot_BBH63693.1_378	iML1515.b3385	29.0	207	123	5	4	188	9	213	9.64e-08	50.8
lcl|AP019371.1_prot_BBH63693.1_378	iSbBS512_1146.SbBS512_E3762	26.9	208	126	5	4	188	9	213	9.64e-08	50.8
lcl|AP019371.1_prot_BBH63693.1_378	iSF_1195.SF3403	29.0	207	123	5	4	188	9	213	9.64e-08	50.8
lcl|AP019371.1_prot_BBH63693.1_378	iSSON_1240.SSON_3516	29.0	207	123	5	4	188	9	213	9.64e-08	50.8
lcl|AP019371.1_prot_BBH63693.1_378	iSDY_1059.SDY_3694	29.0	207	123	5	4	188	9	213	1.31e-07	50.4
lcl|AP019371.1_prot_BBH63693.1_378	iPC815.YPO0156	28.1	199	118	4	4	188	9	196	1.15e-07	50.4
lcl|AP019371.1_prot_BBH63693.1_378	iJN1463.PP_0416	25.9	189	134	3	5	188	16	203	3.56e-07	49.3
lcl|AP019371.1_prot_BBH63693.1_378	STM_v1_0.STM3482	28.5	207	124	5	4	188	9	213	8.02e-07	48.1
lcl|AP019371.1_prot_BBH63693.1_378	iCN718.ABAYE_RS16760	27.8	198	127	5	5	197	8	194	1.69e-06	47.0
lcl|AP019371.1_prot_BBH63693.1_378	iYL1228.KPN_03756	26.4	208	128	4	4	188	9	214	1.99e-06	47.0
lcl|AP019371.1_prot_BBH63694.1_379	iAF692.Mbar_A3070	24.9	397	260	11	19	401	20	392	1.80e-17	83.6
lcl|AP019371.1_prot_BBH63695.1_380	iEK1008.Rv0911	31.8	255	150	8	8	239	1	254	5.96e-31	115
lcl|AP019371.1_prot_BBH63695.1_380	iEK1008.Rv0577	33.5	254	140	11	13	240	7	257	2.78e-28	108
lcl|AP019371.1_prot_BBH63703.1_388	iLB1027_lipid.PHATRDRAFT_12431	22.2	469	226	17	61	404	231	685	1.46e-13	73.2
lcl|AP019371.1_prot_BBH63703.1_388	iMM904.YKR031C	22.0	537	302	20	3	444	650	1164	3.25e-13	72.4
lcl|AP019371.1_prot_BBH63707.1_392	iCN718.ABAYE_RS01175	37.7	321	186	3	9	319	20	336	1.54e-74	232
lcl|AP019371.1_prot_BBH63707.1_392	iMM904.YIR029W	37.2	320	186	7	9	314	24	342	1.19e-69	220
lcl|AP019371.1_prot_BBH63708.1_393	iMM904.YIR027C	49.1	385	181	5	46	419	56	436	1.77e-115	345
lcl|AP019371.1_prot_BBH63712.1_397	iYL1228.KPN_04395	52.8	511	235	5	3	511	23	529	4.06e-184	526
lcl|AP019371.1_prot_BBH63712.1_397	STM_v1_0.STM4183	50.9	511	245	5	3	511	23	529	8.07e-179	513
lcl|AP019371.1_prot_BBH63712.1_397	iML1515.b4014	50.9	511	245	5	3	511	23	529	1.31e-177	509
lcl|AP019371.1_prot_BBH63712.1_397	iPC815.YPO3726	50.3	511	248	5	3	511	22	528	2.55e-177	509
lcl|AP019371.1_prot_BBH63712.1_397	iSbBS512_1146.SbBS512_E4508	50.7	511	246	5	3	511	23	529	2.13e-176	506
lcl|AP019371.1_prot_BBH63712.1_397	iMM904.YNL117W	50.7	519	242	8	3	514	30	541	3.89e-169	489
lcl|AP019371.1_prot_BBH63712.1_397	iMM904.YIR031C	50.0	522	245	10	1	514	28	541	1.44e-166	482
lcl|AP019371.1_prot_BBH63713.1_398	iAF692.Mbar_A3252	28.5	449	293	10	2	447	4	427	1.26e-42	155
lcl|AP019371.1_prot_BBH63714.1_399	iCHOv1.100768251	36.1	277	165	3	10	274	20	296	4.34e-50	167
lcl|AP019371.1_prot_BBH63715.1_400	iCHOv1.100771073	38.7	111	63	2	14	119	31	141	2.44e-18	74.7
lcl|AP019371.1_prot_BBH63715.1_400	iYO844.BSU32460	37.6	117	58	4	13	119	3	114	3.20e-16	68.6
lcl|AP019371.1_prot_BBH63716.1_401	iYL1228.KPN_01665	45.3	148	80	1	10	157	15	161	2.71e-23	89.7
lcl|AP019371.1_prot_BBH63718.1_403	iAF987.Gmet_0957	33.8	497	266	10	273	761	176	617	1.39e-73	251
lcl|AP019371.1_prot_BBH63718.1_403	iAF987.Gmet_3085	34.6	486	255	11	283	760	453	883	3.52e-68	241
lcl|AP019371.1_prot_BBH63718.1_403	iJN1463.PP_1144	34.1	493	266	8	273	761	273	710	1.15e-68	240
lcl|AP019371.1_prot_BBH63718.1_403	iAF987.Gmet_2629	32.4	484	266	9	283	760	379	807	5.42e-67	237
lcl|AP019371.1_prot_BBH63718.1_403	iAF987.Gmet_0987	33.5	478	265	7	283	759	354	779	8.70e-66	233
lcl|AP019371.1_prot_BBH63718.1_403	iAF987.Gmet_0782	32.5	483	269	8	281	760	293	721	3.70e-66	233
lcl|AP019371.1_prot_BBH63719.1_404	iEK1008.Rv0018c	54.2	236	107	1	1	236	4	238	1.70e-80	249
lcl|AP019371.1_prot_BBH63721.1_406	iEK1008.Rv0411c	32.8	204	119	10	133	330	106	297	8.53e-15	74.3
lcl|AP019371.1_prot_BBH63725.1_410	iEK1008.Rv1562c	56.7	543	226	5	1	535	1	542	1.59e-220	623
lcl|AP019371.1_prot_BBH63726.1_411	iEK1008.Rv1563c	45.2	776	381	16	5	755	7	763	4.12e-200	585
lcl|AP019371.1_prot_BBH63727.1_412	iEK1008.Rv1564c	64.2	706	245	4	3	703	19	721	0.0	955
lcl|AP019371.1_prot_BBH63728.1_413	iAF692.Mbar_A1369	29.0	649	379	24	17	594	11	648	2.18e-44	167
lcl|AP019371.1_prot_BBH63728.1_413	iAF692.Mbar_A3653	26.5	646	392	19	20	594	15	648	1.59e-40	156
lcl|AP019371.1_prot_BBH63729.1_414	iEK1008.Rv3032	45.9	401	191	6	1	382	1	394	2.20e-105	317
lcl|AP019371.1_prot_BBH63731.1_416	iEK1008.Rv2287	33.8	532	324	10	4	519	16	535	7.12e-61	209
lcl|AP019371.1_prot_BBH63735.1_420	iAF987.Gmet_0043	27.7	249	163	7	496	730	21	266	2.87e-13	72.8
lcl|AP019371.1_prot_BBH63740.1_425	iYO844.BSU18410	36.9	542	312	9	53	587	59	577	9.61e-94	299
lcl|AP019371.1_prot_BBH63742.1_427	iYL1228.KPN_00869	29.4	326	183	10	8	286	35	360	7.64e-29	113
lcl|AP019371.1_prot_BBH63742.1_427	iML1515.b0837	28.5	326	186	10	8	286	37	362	5.11e-26	105
lcl|AP019371.1_prot_BBH63742.1_427	iSbBS512_1146.SbBS512_E2507	28.5	326	186	10	8	286	37	362	5.11e-26	105
lcl|AP019371.1_prot_BBH63742.1_427	iSSON_1240.SSON_0820	28.2	326	187	10	8	286	37	362	2.55e-25	103
lcl|AP019371.1_prot_BBH63745.1_430	iCHOv1.100767281	28.0	565	353	14	5	524	28	583	9.43e-52	187
lcl|AP019371.1_prot_BBH63745.1_430	iMM1415.20537	27.5	560	352	12	5	519	28	578	2.37e-50	183
lcl|AP019371.1_prot_BBH63745.1_430	iMM1415.230612	27.7	541	336	14	5	502	33	561	6.39e-48	176
lcl|AP019371.1_prot_BBH63745.1_430	iMM1415.246787	27.7	552	334	14	5	504	23	561	4.93e-47	174
lcl|AP019371.1_prot_BBH63745.1_430	iCHOv1.100770888	27.5	552	335	14	5	504	27	565	7.03e-47	173
lcl|AP019371.1_prot_BBH63745.1_430	iAT_PLT_636.6523	27.3	545	342	14	5	504	28	563	2.22e-46	172
lcl|AP019371.1_prot_BBH63746.1_431	iML1515.b1727	32.8	189	118	3	4	186	7	192	1.04e-24	96.7
lcl|AP019371.1_prot_BBH63746.1_431	iYO844.BSU09240	32.8	189	122	3	4	189	2	188	5.95e-22	89.4
lcl|AP019371.1_prot_BBH63748.1_433	iEK1008.Rv0407	57.6	330	138	1	2	329	4	333	5.10e-141	402
lcl|AP019371.1_prot_BBH63753.1_438	iAF692.Mbar_A0254	27.9	190	116	5	1	187	1	172	1.41e-12	66.6
lcl|AP019371.1_prot_BBH63753.1_438	iYL1228.KPN_00971	26.6	256	149	9	25	252	28	272	2.02e-10	60.5
lcl|AP019371.1_prot_BBH63756.1_441	iEK1008.Rv3330	44.8	286	148	4	57	341	69	345	1.56e-67	219
lcl|AP019371.1_prot_BBH63764.1_449	iEK1008.Rv0386	49.1	53	27	0	940	992	1025	1077	4.81e-06	50.4
lcl|AP019371.1_prot_BBH63768.1_453	STM_v1_0.STM1221	26.3	243	118	9	21	247	43	240	8.22e-11	60.8
lcl|AP019371.1_prot_BBH63769.1_454	iYL1228.KPN_04156	23.8	252	175	9	63	305	29	272	5.51e-08	53.1
lcl|AP019371.1_prot_BBH63769.1_454	iYO844.BSU35960	25.2	234	157	10	50	276	27	249	1.03e-07	52.4
lcl|AP019371.1_prot_BBH63769.1_454	iML1515.b3751	23.8	223	156	7	63	279	29	243	2.36e-07	51.2
lcl|AP019371.1_prot_BBH63769.1_454	STM_v1_0.STM3884	22.9	223	158	7	63	279	29	243	5.65e-07	50.1
lcl|AP019371.1_prot_BBH63770.1_455	iLJ478.TM1223	28.5	512	320	19	57	541	42	534	9.57e-51	182
lcl|AP019371.1_prot_BBH63770.1_455	iLJ478.TM0031	29.0	514	306	18	72	536	44	547	4.67e-48	176
lcl|AP019371.1_prot_BBH63770.1_455	iLJ478.TM1226	28.1	538	335	24	57	561	44	562	1.33e-44	166
lcl|AP019371.1_prot_BBH63771.1_456	iLJ478.TM0057	40.4	332	179	8	15	338	3	323	2.65e-73	230
lcl|AP019371.1_prot_BBH63771.1_456	iPC815.YPO3999	39.5	334	186	7	15	346	33	352	1.17e-70	224
lcl|AP019371.1_prot_BBH63771.1_456	iYL1228.KPN_03895	39.3	341	189	9	8	345	5	330	3.60e-70	222
lcl|AP019371.1_prot_BBH63771.1_456	iLJ478.TM1063	38.2	340	187	7	15	342	3	331	1.60e-69	220
lcl|AP019371.1_prot_BBH63771.1_456	iJN1463.PP_0878	39.3	321	180	6	14	331	3	311	1.30e-69	220
lcl|AP019371.1_prot_BBH63771.1_456	iSSON_1240.SSON_3850	38.4	341	192	9	8	345	5	330	5.19e-69	219
lcl|AP019371.1_prot_BBH63771.1_456	iML1515.b3540	38.4	341	192	9	8	345	5	330	7.33e-69	218
lcl|AP019371.1_prot_BBH63771.1_456	iSDY_1059.SDY_4563	38.4	341	192	9	8	345	5	330	7.33e-69	218
lcl|AP019371.1_prot_BBH63771.1_456	iSF_1195.SF3575	38.4	341	192	9	8	345	5	330	1.03e-68	218
lcl|AP019371.1_prot_BBH63771.1_456	STM_v1_0.STM3626	39.3	341	189	10	8	345	5	330	6.31e-68	216
lcl|AP019371.1_prot_BBH63771.1_456	STM_v1_0.STM1742	39.1	317	180	6	13	324	9	317	2.01e-65	209
lcl|AP019371.1_prot_BBH63771.1_456	iLJ478.TM1219	38.3	316	177	7	15	328	3	302	2.32e-65	209
lcl|AP019371.1_prot_BBH63772.1_457	iLJ478.TM1222	38.8	325	193	5	2	324	3	323	4.82e-74	231
lcl|AP019371.1_prot_BBH63772.1_457	iLJ478.TM0030	38.0	329	194	5	2	323	8	333	6.29e-74	231
lcl|AP019371.1_prot_BBH63772.1_457	iLJ478.TM0072	38.6	332	190	6	2	323	6	333	9.14e-70	220
lcl|AP019371.1_prot_BBH63773.1_458	iLJ478.TM1221	39.2	273	165	1	34	305	10	282	5.55e-61	196
lcl|AP019371.1_prot_BBH63774.1_459	iLJ478.TM0074	42.8	327	177	5	5	327	3	323	1.71e-79	245
lcl|AP019371.1_prot_BBH63774.1_459	iLJ478.TM1749	44.0	325	170	4	5	327	4	318	3.07e-75	234
lcl|AP019371.1_prot_BBH63774.1_459	iLJ478.TM0303	39.9	328	186	6	3	326	2	322	8.75e-73	228
lcl|AP019371.1_prot_BBH63774.1_459	iYO844.BSU12950	40.7	329	182	5	3	328	2	320	2.15e-72	227
lcl|AP019371.1_prot_BBH63774.1_459	iLJ478.TM1194	40.4	312	179	4	3	310	2	310	1.65e-72	227
lcl|AP019371.1_prot_BBH63774.1_459	iEK1008.Rv1281c	41.6	310	172	4	4	310	3	306	2.08e-68	224
lcl|AP019371.1_prot_BBH63774.1_459	STM_v1_0.STM1743	42.2	308	168	5	5	310	17	316	6.79e-71	223
lcl|AP019371.1_prot_BBH63775.1_460	iNF517.LLMG_RS01005	35.9	462	263	12	3	434	13	471	2.26e-90	281
lcl|AP019371.1_prot_BBH63775.1_460	iMM1415.226413	34.9	476	244	18	3	434	910	1363	1.63e-76	259
lcl|AP019371.1_prot_BBH63776.1_461	iML1515.b2232	32.1	109	69	3	47	153	51	156	7.31e-06	45.8
lcl|AP019371.1_prot_BBH63776.1_461	iSbBS512_1146.SbBS512_E2607	32.1	109	69	3	47	153	51	156	7.31e-06	45.8
lcl|AP019371.1_prot_BBH63776.1_461	iSDY_1059.SDY_2424	32.1	109	69	3	47	153	51	156	7.31e-06	45.8
lcl|AP019371.1_prot_BBH63776.1_461	iSF_1195.SF2312	32.1	109	69	3	47	153	51	156	7.31e-06	45.8
lcl|AP019371.1_prot_BBH63776.1_461	iSSON_1240.SSON_2290	32.1	109	69	3	47	153	51	156	7.31e-06	45.8
lcl|AP019371.1_prot_BBH63776.1_461	iYL1228.KPN_02641	30.8	107	73	1	47	153	51	156	9.94e-06	45.4
lcl|AP019371.1_prot_BBH63776.1_461	STM_v1_0.STM2276	31.2	109	70	3	47	153	51	156	7.82e-05	42.7
lcl|AP019371.1_prot_BBH63778.1_463	iYO844.BSU09530	29.8	161	89	5	11	164	12	155	1.62e-11	63.9
lcl|AP019371.1_prot_BBH63778.1_463	iYL1228.KPN_01195	27.2	298	174	10	6	302	18	273	1.11e-09	58.2
lcl|AP019371.1_prot_BBH63781.1_466	iEK1008.Rv1320c	33.1	145	85	2	7	145	346	484	2.08e-10	58.9
lcl|AP019371.1_prot_BBH63781.1_466	iEK1008.Rv1319c	31.4	172	102	3	7	172	347	508	2.77e-10	58.5
lcl|AP019371.1_prot_BBH63781.1_466	iSynCJ816.SGL_RS03900	26.1	153	111	1	12	162	439	591	2.49e-09	55.8
lcl|AP019371.1_prot_BBH63781.1_466	iEK1008.Rv3645	33.5	161	99	3	9	169	357	509	4.21e-09	55.1
lcl|AP019371.1_prot_BBH63782.1_467	iEK1008.Rv0386	45.3	53	29	0	882	934	1027	1079	2.57e-06	51.2
lcl|AP019371.1_prot_BBH63785.1_470	iAF987.Gmet_0043	29.1	230	146	9	226	444	43	266	9.28e-11	63.5
lcl|AP019371.1_prot_BBH63786.1_471	iAF987.Gmet_1706	33.3	180	108	5	12	189	3	172	5.53e-19	83.6
lcl|AP019371.1_prot_BBH63795.1_480	iJN1463.PP_2545	29.7	138	85	5	14	148	16	144	2.19e-06	47.4
lcl|AP019371.1_prot_BBH63795.1_480	iLB1027_lipid.PHATRDRAFT_20833	27.4	124	85	4	46	166	42	163	1.69e-05	44.3
lcl|AP019371.1_prot_BBH63798.1_483	iAM_Pc455.PCYB_103410	31.4	312	159	11	115	377	295	600	2.32e-15	79.3
lcl|AP019371.1_prot_BBH63798.1_483	iAM_Pv461.PVX_097935	33.0	303	155	11	115	377	280	574	8.98e-15	77.4
lcl|AP019371.1_prot_BBH63798.1_483	iAM_Pb448.PBANKA_110710	26.4	311	176	5	115	377	250	555	1.15e-14	77.0
lcl|AP019371.1_prot_BBH63798.1_483	iAM_Pf480.PF3D7_0507500	28.1	310	169	9	115	375	336	640	5.21e-14	75.1
lcl|AP019371.1_prot_BBH63798.1_483	iAM_Pb448.PBANKA_091170	31.3	272	150	11	123	367	678	939	8.25e-13	71.6
lcl|AP019371.1_prot_BBH63802.1_487	iSynCJ816.SGL_RS14875	37.9	132	69	5	22	151	9	129	2.04e-11	60.1
lcl|AP019371.1_prot_BBH63802.1_487	iSynCJ816.SGL_RS16030	35.6	132	77	4	5	133	186	312	2.66e-10	59.3
lcl|AP019371.1_prot_BBH63805.1_490	iJN1463.PP_4889	30.4	425	252	15	1	389	1	417	5.36e-36	136
lcl|AP019371.1_prot_BBH63805.1_490	iEK1008.Rv0357c	31.7	420	245	17	6	389	3	416	1.93e-34	132
lcl|AP019371.1_prot_BBH63805.1_490	iPC815.YPO0378	29.2	428	254	17	1	389	1	418	6.97e-34	130
lcl|AP019371.1_prot_BBH63805.1_490	iSynCJ816.SGL_RS05700	29.3	426	246	19	4	388	3	414	1.55e-33	129
lcl|AP019371.1_prot_BBH63805.1_490	iYL1228.KPN_04576	29.4	435	258	16	1	396	1	425	1.83e-33	129
lcl|AP019371.1_prot_BBH63805.1_490	STM_v1_0.STM4366	28.5	435	262	16	1	396	1	425	1.16e-31	124
lcl|AP019371.1_prot_BBH63805.1_490	iYO844.BSU40420	28.8	431	256	15	5	396	4	422	1.56e-31	124
lcl|AP019371.1_prot_BBH63805.1_490	iML1515.b4177	28.5	435	262	16	1	396	1	425	1.60e-31	124
lcl|AP019371.1_prot_BBH63805.1_490	iSbBS512_1146.SbBS512_E4708	28.5	435	262	16	1	396	1	425	1.60e-31	124
lcl|AP019371.1_prot_BBH63805.1_490	iSDY_1059.SDY_4412	28.5	435	262	16	1	396	1	425	1.60e-31	124
lcl|AP019371.1_prot_BBH63805.1_490	iSSON_1240.SSON_4362	28.5	435	262	16	1	396	1	425	1.60e-31	124
lcl|AP019371.1_prot_BBH63811.1_496	iAM_Pb448.PBANKA_110710	28.4	310	172	6	87	350	250	555	1.81e-20	94.7
lcl|AP019371.1_prot_BBH63811.1_496	iAM_Pb448.PBANKA_091170	33.5	269	149	10	95	340	678	939	9.73e-20	93.2
lcl|AP019371.1_prot_BBH63811.1_496	iAM_Pf480.PF3D7_1136900	35.4	268	145	11	95	340	727	988	1.25e-18	89.7
lcl|AP019371.1_prot_BBH63811.1_496	iAM_Pc455.PCYB_103410	28.4	310	172	6	87	350	295	600	5.67e-18	87.0
lcl|AP019371.1_prot_BBH63811.1_496	iAM_Pc455.PCYB_094280	36.0	253	136	10	95	327	706	952	1.13e-17	86.7
lcl|AP019371.1_prot_BBH63811.1_496	iAM_Pv461.PVX_092460	35.6	253	137	10	95	327	861	1107	1.19e-17	86.7
lcl|AP019371.1_prot_BBH63812.1_497	iCHOv1.100768542	22.2	203	120	8	20	184	198	400	4.40e-08	52.0
lcl|AP019371.1_prot_BBH63812.1_497	iMM1415.211389	22.2	203	120	8	20	184	199	401	1.46e-07	50.4
lcl|AP019371.1_prot_BBH63812.1_497	iLB1027_lipid.PHATRDRAFT_44482	22.2	90	68	1	95	182	354	443	2.72e-07	49.7
lcl|AP019371.1_prot_BBH63812.1_497	iAT_PLT_636.6821	21.7	203	121	8	20	184	205	407	3.60e-07	49.3
lcl|AP019371.1_prot_BBH63813.1_498	iJN1463.PP_0316	31.3	230	145	7	18	239	31	255	9.41e-22	92.0
lcl|AP019371.1_prot_BBH63813.1_498	iJN1463.PP_3274	29.0	255	142	8	11	241	8	247	3.07e-21	90.5
lcl|AP019371.1_prot_BBH63813.1_498	iYL1228.KPN_01870	29.2	226	141	7	18	238	119	330	1.24e-20	88.6
lcl|AP019371.1_prot_BBH63813.1_498	iJN1463.PP_0808	30.8	208	134	6	37	241	188	388	7.07e-20	87.0
lcl|AP019371.1_prot_BBH63813.1_498	iEK1008.Rv3571	29.4	235	140	7	18	238	25	247	2.66e-19	85.1
lcl|AP019371.1_prot_BBH63816.1_501	iYL1228.KPN_04203	40.0	708	401	8	2	691	4	705	9.01e-169	500
lcl|AP019371.1_prot_BBH63816.1_501	iPC815.YPO1581	39.9	687	386	10	24	690	25	704	1.16e-160	479
lcl|AP019371.1_prot_BBH63817.1_502	iYO844.BSU28750	25.1	291	204	7	59	341	52	336	1.90e-20	92.8
lcl|AP019371.1_prot_BBH63818.1_503	iYO844.BSU28730	31.3	262	175	3	14	274	23	280	3.18e-35	127
lcl|AP019371.1_prot_BBH63818.1_503	iCN900.CD630_34150	24.8	282	189	5	2	274	19	286	2.04e-33	122
lcl|AP019371.1_prot_BBH63819.1_504	iML1515.b3452	31.3	179	112	4	38	209	39	213	2.65e-16	77.0
lcl|AP019371.1_prot_BBH63819.1_504	iPC815.YPO3795	29.9	204	127	5	14	209	18	213	2.65e-16	77.0
lcl|AP019371.1_prot_BBH63819.1_504	iYL1228.KPN_03812	29.4	180	114	4	38	209	39	213	3.63e-16	76.6
lcl|AP019371.1_prot_BBH63819.1_504	iSbBS512_1146.SbBS512_E3871	31.3	179	112	4	38	209	39	213	3.63e-16	76.6
lcl|AP019371.1_prot_BBH63819.1_504	iEK1008.Rv1236	29.1	268	166	6	16	277	32	281	7.65e-16	75.9
lcl|AP019371.1_prot_BBH63819.1_504	iCN900.CD630_25490	29.2	219	143	4	13	224	26	239	1.02e-15	75.5
lcl|AP019371.1_prot_BBH63819.1_504	iLJ478.TM1121	24.7	292	200	7	4	285	16	297	2.53e-15	74.3
lcl|AP019371.1_prot_BBH63819.1_504	iEK1008.Rv2316	31.9	204	131	5	23	224	25	222	3.06e-15	73.9
lcl|AP019371.1_prot_BBH63819.1_504	STM_v1_0.STM3556	29.6	179	115	4	38	209	39	213	8.17e-15	72.8
lcl|AP019371.1_prot_BBH63819.1_504	iYO844.BSU28740	26.0	223	151	4	13	228	35	250	3.28e-14	71.2
lcl|AP019371.1_prot_BBH63820.1_505	iYO844.BSU34130	31.5	663	423	14	11	648	19	675	1.12e-111	350
lcl|AP019371.1_prot_BBH63820.1_505	iLJ478.TM1195	34.3	641	377	16	10	627	2	621	3.43e-110	345
lcl|AP019371.1_prot_BBH63821.1_506	iYL1228.KPN_04156	36.1	122	72	2	202	320	165	283	3.81e-10	59.7
lcl|AP019371.1_prot_BBH63821.1_506	iJN1463.PP_2454	27.0	178	119	5	161	330	138	312	1.88e-09	57.8
lcl|AP019371.1_prot_BBH63821.1_506	iCN900.CD630_03000	23.9	222	150	7	124	334	98	311	6.06e-09	56.2
lcl|AP019371.1_prot_BBH63821.1_506	STM_v1_0.STM3884	32.8	122	76	2	202	320	165	283	5.37e-09	56.2
lcl|AP019371.1_prot_BBH63821.1_506	iML1515.b3751	33.6	122	75	2	202	320	165	283	1.29e-08	55.1
lcl|AP019371.1_prot_BBH63826.1_511	iYS854.USA300HOU_RS06130	30.0	223	156	0	18	240	1	223	1.36e-31	129
lcl|AP019371.1_prot_BBH63828.1_513	iAF987.Gmet_2848	41.9	310	177	3	4	311	5	313	1.66e-78	241
lcl|AP019371.1_prot_BBH63828.1_513	iIT341.HP0742	38.6	311	188	2	1	311	10	317	2.66e-78	241
lcl|AP019371.1_prot_BBH63828.1_513	iSynCJ816.SGL_RS15555	41.7	309	178	2	4	311	22	329	5.52e-75	233
lcl|AP019371.1_prot_BBH63828.1_513	iHN637.CLJU_RS20580	40.3	313	183	3	2	311	6	317	6.34e-74	229
lcl|AP019371.1_prot_BBH63828.1_513	iJN1463.PP_0722	37.7	313	192	3	1	311	1	312	1.91e-71	223
lcl|AP019371.1_prot_BBH63828.1_513	iCN900.CD630_35140	39.2	311	186	2	3	311	7	316	5.88e-71	222
lcl|AP019371.1_prot_BBH63828.1_513	iCN718.ABAYE_RS14860	38.5	314	189	4	1	311	1	313	8.31e-71	221
lcl|AP019371.1_prot_BBH63829.1_514	iCN900.CD630_19470	32.6	224	149	1	2	225	6	227	6.13e-32	117
lcl|AP019371.1_prot_BBH63829.1_514	iJN1463.PP_4210	35.8	201	126	2	25	225	26	223	2.88e-26	107
lcl|AP019371.1_prot_BBH63830.1_515	iEK1008.Rv2564	36.5	222	125	4	1	212	6	221	8.74e-27	104
lcl|AP019371.1_prot_BBH63830.1_515	iYO844.BSU30420	35.3	201	124	3	17	211	23	223	7.30e-27	102
lcl|AP019371.1_prot_BBH63830.1_515	iJN1463.PP_4210	33.9	230	126	5	1	211	1	223	2.00e-24	100
lcl|AP019371.1_prot_BBH63830.1_515	iYL1228.KPN_00312	39.5	190	102	4	13	197	11	192	9.63e-25	97.4
lcl|AP019371.1_prot_BBH63830.1_515	iEK1008.Rv0073	37.0	211	121	3	4	206	9	215	8.90e-24	96.3
lcl|AP019371.1_prot_BBH63830.1_515	iCN900.CD630_19470	33.5	221	135	4	3	211	7	227	4.20e-24	95.1
lcl|AP019371.1_prot_BBH63830.1_515	iNF517.LLMG_RS09915	35.3	204	127	3	13	211	15	218	8.13e-24	94.7
lcl|AP019371.1_prot_BBH63833.1_518	iEK1008.Rv1239c	32.8	302	194	5	35	330	68	366	6.43e-40	143
lcl|AP019371.1_prot_BBH63833.1_518	iJN1463.PP_1843	31.6	301	194	8	34	330	31	323	8.23e-36	131
lcl|AP019371.1_prot_BBH63834.1_519	iPC815.YPO1128	26.1	238	125	8	26	233	24	240	1.01e-16	76.3
lcl|AP019371.1_prot_BBH63835.1_520	iYO844.BSU03070	29.0	417	281	9	8	419	13	419	1.23e-38	146
lcl|AP019371.1_prot_BBH63838.1_523	iEK1008.Rv3567c	34.0	162	105	1	3	162	1	162	1.45e-31	111
lcl|AP019371.1_prot_BBH63839.1_524	iYL1228.KPN_01071	31.3	364	229	10	1	349	1	358	5.02e-42	150
lcl|AP019371.1_prot_BBH63839.1_524	iPC815.YPO2448	29.2	373	227	9	1	350	1	359	2.61e-41	148
lcl|AP019371.1_prot_BBH63839.1_524	STM_v1_0.STM1160	30.4	375	237	12	1	357	1	369	7.61e-39	141
lcl|AP019371.1_prot_BBH63840.1_525	iJN1463.PP_3219	24.2	355	224	8	63	415	53	364	1.51e-13	71.2
lcl|AP019371.1_prot_BBH63841.1_526	iJN1463.PP_2765	30.0	190	120	5	71	253	66	249	3.61e-17	82.0
lcl|AP019371.1_prot_BBH63841.1_526	iJN1463.PP_3219	29.2	195	131	4	70	260	54	245	3.70e-17	82.0
lcl|AP019371.1_prot_BBH63841.1_526	iSDY_1059.SDY_0987	29.1	227	142	8	71	286	85	303	6.24e-15	75.5
lcl|AP019371.1_prot_BBH63841.1_526	iSF_1195.SF1015	28.1	299	188	13	1	286	19	303	6.24e-15	75.5
lcl|AP019371.1_prot_BBH63841.1_526	iML1515.b1012	29.1	227	142	8	71	286	85	303	2.01e-14	73.9
lcl|AP019371.1_prot_BBH63845.1_530	iLB1027_lipid.PHATRDRAFT_12331	21.7	184	128	6	180	359	56	227	4.05e-06	48.9
lcl|AP019371.1_prot_BBH63848.1_533	iSF_1195.SF3615	28.3	304	173	13	232	511	190	472	3.95e-18	89.0
lcl|AP019371.1_prot_BBH63848.1_533	iSbBS512_1146.SbBS512_E3951	27.6	304	175	13	232	511	190	472	2.74e-17	86.3
lcl|AP019371.1_prot_BBH63848.1_533	iML1515.b3571	27.6	304	175	13	232	511	190	472	6.27e-17	85.1
lcl|AP019371.1_prot_BBH63848.1_533	STM_v1_0.STM3664	25.5	326	160	12	229	511	186	471	1.89e-16	83.6
lcl|AP019371.1_prot_BBH63853.1_538	iEK1008.Rv3617	36.6	134	76	4	5	132	5	135	3.91e-11	62.0
lcl|AP019371.1_prot_BBH63854.1_539	iAF987.Gmet_0069	40.5	173	102	1	289	460	129	301	2.97e-31	122
lcl|AP019371.1_prot_BBH63865.1_550	iEK1008.Rv3567c	29.5	149	102	2	12	157	5	153	1.21e-13	65.1
lcl|AP019371.1_prot_BBH63866.1_551	iJN1463.PP_3219	25.6	219	139	4	76	294	55	249	1.70e-12	68.2
lcl|AP019371.1_prot_BBH63867.1_552	iJN1463.PP_3219	24.2	360	228	10	66	424	49	364	5.45e-11	63.5
lcl|AP019371.1_prot_BBH63867.1_552	iSDY_1059.SDY_0987	22.0	346	205	9	74	411	83	371	1.80e-09	58.9
lcl|AP019371.1_prot_BBH63870.1_555	iCN900.CD630_11820	28.7	261	159	4	9	259	4	247	7.28e-25	99.0
lcl|AP019371.1_prot_BBH63870.1_555	iYL1228.KPN_01091	30.9	259	148	6	9	257	3	240	9.17e-25	98.6
lcl|AP019371.1_prot_BBH63870.1_555	iNF517.LLMG_RS08950	30.4	257	152	6	9	257	3	240	1.75e-24	97.8
lcl|AP019371.1_prot_BBH63870.1_555	iSDY_1059.SDY_2057	30.5	256	153	5	9	257	3	240	2.49e-24	97.4
lcl|AP019371.1_prot_BBH63870.1_555	iLJ478.TM1724	29.1	261	159	6	8	259	2	245	3.61e-24	97.1
lcl|AP019371.1_prot_BBH63870.1_555	iML1515.b1093	30.9	259	148	6	9	257	3	240	4.84e-24	96.7
lcl|AP019371.1_prot_BBH63870.1_555	iSbBS512_1146.SbBS512_E2231	30.9	259	148	6	9	257	3	240	4.84e-24	96.7
lcl|AP019371.1_prot_BBH63870.1_555	iSF_1195.SF1097	30.9	259	148	6	9	257	3	240	4.84e-24	96.7
lcl|AP019371.1_prot_BBH63870.1_555	iSSON_1240.SSON_1113	30.9	259	148	6	9	257	3	240	4.84e-24	96.7
lcl|AP019371.1_prot_BBH63870.1_555	iLJ478.TM1169	32.1	243	143	6	15	257	11	231	4.20e-24	96.7
lcl|AP019371.1_prot_BBH63870.1_555	iHN637.CLJU_RS20765	28.1	256	157	5	14	259	9	247	1.42e-23	95.5
lcl|AP019371.1_prot_BBH63870.1_555	STM_v1_0.STM1195	30.9	259	148	6	9	257	3	240	1.83e-23	95.1
lcl|AP019371.1_prot_BBH63870.1_555	iAF987.Gmet_1601	29.9	261	151	6	9	257	3	243	5.14e-23	94.0
lcl|AP019371.1_prot_BBH63870.1_555	iAF987.Gmet_1694	30.0	257	152	7	11	257	5	243	9.77e-23	93.2
lcl|AP019371.1_prot_BBH63870.1_555	iPC815.YPO1599	30.5	256	153	6	9	257	3	240	6.96e-22	90.9
lcl|AP019371.1_prot_BBH63870.1_555	iCHOv1.100769825	29.6	257	160	6	9	261	5	244	1.35e-21	90.1
lcl|AP019371.1_prot_BBH63870.1_555	iYO844.BSU32000	30.0	263	158	8	9	257	6	256	3.52e-21	89.4
lcl|AP019371.1_prot_BBH63872.1_557	iEK1008.Rv0217c	45.3	223	109	4	2	223	72	282	8.71e-52	169
lcl|AP019371.1_prot_BBH63883.1_568	iJN1463.PP_1494	27.7	173	114	3	4	175	20	182	4.03e-07	49.3
lcl|AP019371.1_prot_BBH63883.1_568	iEK1008.Rv0386	44.1	59	33	0	154	212	1025	1083	1.03e-06	48.5
lcl|AP019371.1_prot_BBH63883.1_568	iAF987.Gmet_0069	27.6	116	84	0	4	119	5	120	3.09e-06	46.6
lcl|AP019371.1_prot_BBH63885.1_570	iJN1463.PP_3648	30.6	108	74	1	3	110	20	126	1.12e-11	57.0
lcl|AP019371.1_prot_BBH63885.1_570	iNF517.LLMG_RS04935	35.6	90	56	2	15	103	14	102	3.66e-11	55.1
lcl|AP019371.1_prot_BBH63888.1_573	iEK1008.Rv3777	49.7	316	156	1	27	339	13	328	8.79e-98	292
lcl|AP019371.1_prot_BBH63892.1_577	iJN1463.PP_3970	48.4	395	193	5	1	391	1	388	9.26e-115	340
lcl|AP019371.1_prot_BBH63895.1_580	iJN1463.PP_0328	40.9	379	208	6	2	366	5	381	1.07e-86	268
lcl|AP019371.1_prot_BBH63900.1_585	iYS854.USA300HOU_RS07240	28.2	149	106	1	59	207	41	188	7.06e-12	64.3
lcl|AP019371.1_prot_BBH63900.1_585	iCN718.ABAYE_RS04295	27.5	160	110	3	296	453	36	191	1.38e-11	63.5
lcl|AP019371.1_prot_BBH63902.1_587	iJN1463.PP_2125	32.8	287	172	10	6	285	27	299	8.73e-15	73.2
lcl|AP019371.1_prot_BBH63902.1_587	iSynCJ816.SGL_RS16525	30.8	130	89	1	45	173	184	313	7.78e-13	68.2
lcl|AP019371.1_prot_BBH63902.1_587	iAF987.Gmet_2741	28.6	276	181	7	1	268	8	275	7.20e-13	67.4
lcl|AP019371.1_prot_BBH63902.1_587	iEK1008.Rv2252	31.0	174	114	2	47	214	63	236	8.37e-13	67.4
lcl|AP019371.1_prot_BBH63910.1_595	iEK1008.Rv3567c	32.5	160	105	2	3	162	1	157	2.10e-22	88.2
lcl|AP019371.1_prot_BBH63910.1_595	iML1515.b1007	34.7	167	102	4	5	169	2	163	1.60e-19	80.1
lcl|AP019371.1_prot_BBH63911.1_596	iML1515.b0937	43.1	72	41	0	66	137	66	137	1.08e-08	51.6
lcl|AP019371.1_prot_BBH63911.1_596	iSbBS512_1146.SbBS512_E2381	43.1	72	41	0	66	137	66	137	1.08e-08	51.6
lcl|AP019371.1_prot_BBH63911.1_596	iSF_1195.SF0936	43.1	72	41	0	66	137	66	137	1.08e-08	51.6
lcl|AP019371.1_prot_BBH63911.1_596	iYL1228.KPN_00973	38.8	80	49	0	67	146	67	146	2.07e-08	50.8
lcl|AP019371.1_prot_BBH63911.1_596	iSSON_1240.SSON_0940	46.7	60	32	0	66	125	66	125	2.07e-08	50.8
lcl|AP019371.1_prot_BBH63911.1_596	iSDY_1059.SDY_2319	41.7	72	42	0	66	137	66	137	3.93e-08	50.1
lcl|AP019371.1_prot_BBH63911.1_596	iJN1463.PP_0236	43.3	67	38	0	64	130	64	130	7.92e-08	49.3
lcl|AP019371.1_prot_BBH63911.1_596	iJN1463.PP_2764	35.5	110	63	2	4	108	56	162	4.99e-07	47.4
lcl|AP019371.1_prot_BBH63912.1_597	iAM_Pv461.PVX_092460	30.0	287	162	12	101	358	861	1137	2.29e-09	60.1
lcl|AP019371.1_prot_BBH63912.1_597	iAM_Pc455.PCYB_094280	30.6	288	161	13	101	359	706	983	5.06e-09	58.9
lcl|AP019371.1_prot_BBH63912.1_597	iAM_Pf480.PF3D7_1136900	30.4	257	142	12	101	330	727	973	5.16e-09	58.9
lcl|AP019371.1_prot_BBH63912.1_597	iAM_Pb448.PBANKA_091170	31.2	260	136	12	101	330	678	924	7.90e-08	55.1
lcl|AP019371.1_prot_BBH63913.1_598	iEK1008.Rv0386	45.5	66	32	1	146	207	1018	1083	1.95e-07	50.4
lcl|AP019371.1_prot_BBH63913.1_598	iJN1463.PP_1494	35.3	116	70	3	4	116	20	133	4.62e-07	48.9
lcl|AP019371.1_prot_BBH63917.1_602	iLB1027_lipid.PHATRDRAFT_44831	35.1	498	275	13	7	476	231	708	2.53e-72	243
lcl|AP019371.1_prot_BBH63920.1_605	iML1515.b2293	29.9	211	118	7	1	204	1	188	2.87e-08	52.0
lcl|AP019371.1_prot_BBH63920.1_605	iML1515.b3385	29.8	218	116	7	3	197	7	210	6.93e-08	51.2
lcl|AP019371.1_prot_BBH63920.1_605	iSF_1195.SF3403	29.8	218	116	7	3	197	7	210	6.93e-08	51.2
lcl|AP019371.1_prot_BBH63920.1_605	iSSON_1240.SSON_3516	29.8	218	116	7	3	197	7	210	6.93e-08	51.2
lcl|AP019371.1_prot_BBH63920.1_605	iSbBS512_1146.SbBS512_E3762	29.7	209	128	9	3	197	7	210	9.39e-08	50.8
lcl|AP019371.1_prot_BBH63920.1_605	iSDY_1059.SDY_3694	29.8	218	116	7	3	197	7	210	1.27e-07	50.4
lcl|AP019371.1_prot_BBH63922.1_607	iYS854.USA300HOU_RS14375	25.7	152	92	4	4	138	6	153	8.55e-07	47.0
lcl|AP019371.1_prot_BBH63922.1_607	iML1515.b1011	27.1	170	90	4	4	139	19	188	7.53e-06	44.7
lcl|AP019371.1_prot_BBH63922.1_607	iSSON_1240.SSON_1030	27.1	170	90	4	4	139	33	202	8.03e-06	44.7
lcl|AP019371.1_prot_BBH63926.1_611	iYO844.BSU22110	35.4	311	181	5	5	301	6	310	1.93e-41	145
lcl|AP019371.1_prot_BBH63926.1_611	iJN1463.PP_3378	37.1	310	176	9	4	300	6	309	1.03e-37	135
lcl|AP019371.1_prot_BBH63927.1_612	iNF517.LLMG_RS04420	37.4	182	107	2	15	189	10	191	1.75e-30	111
lcl|AP019371.1_prot_BBH63927.1_612	iHN637.CLJU_RS05705	36.0	186	106	3	15	190	10	192	4.97e-28	105
lcl|AP019371.1_prot_BBH63929.1_614	iEK1008.Rv0386	41.2	323	167	10	481	780	189	511	1.81e-43	172
lcl|AP019371.1_prot_BBH63930.1_615	iJN1463.PP_1765	30.2	182	112	5	162	340	47	216	7.92e-12	63.9
lcl|AP019371.1_prot_BBH63931.1_616	iEK1008.Rv3141	30.6	324	189	12	1	291	1	321	1.70e-17	80.9
lcl|AP019371.1_prot_BBH63931.1_616	iEK1008.Rv1662	38.2	170	92	4	15	178	1361	1523	1.19e-15	77.0
lcl|AP019371.1_prot_BBH63931.1_616	iJN1463.PP_0072	32.4	173	108	3	2	167	3	173	5.29e-16	76.6
lcl|AP019371.1_prot_BBH63933.1_618	iJN1463.PP_3944	26.7	344	214	9	2	319	6	337	1.25e-14	74.3
lcl|AP019371.1_prot_BBH63933.1_618	iYL1228.KPN_01663	26.9	342	229	12	1	328	1	335	5.63e-13	69.3
lcl|AP019371.1_prot_BBH63934.1_619	iJN1463.PP_2318	24.7	194	124	7	41	228	24	201	3.82e-07	48.9
lcl|AP019371.1_prot_BBH63938.1_623	iYO844.BSU07810	49.6	564	258	9	5	557	8	556	1.67e-194	555
lcl|AP019371.1_prot_BBH63938.1_623	iNF517.LLMG_RS03830	49.7	559	241	12	1	553	1	525	1.04e-190	545
lcl|AP019371.1_prot_BBH63938.1_623	iYO844.BSU34560	48.5	567	263	11	5	555	4	557	1.65e-189	543
lcl|AP019371.1_prot_BBH63938.1_623	iYS854.USA300HOU_RS08055	45.5	565	282	9	1	557	1	547	5.56e-177	510
lcl|AP019371.1_prot_BBH63938.1_623	iML1515.b4239	46.1	557	276	11	5	554	7	546	2.52e-173	501
lcl|AP019371.1_prot_BBH63938.1_623	iYS854.USA300HOU_RS02395	44.5	555	287	7	6	557	7	543	6.05e-173	500
lcl|AP019371.1_prot_BBH63939.1_624	iAF692.Mbar_A3140	48.5	334	170	1	1	332	9	342	1.17e-113	337
lcl|AP019371.1_prot_BBH63943.1_628	iSynCJ816.SGL_RS03195	33.3	108	68	1	53	156	52	159	3.52e-10	58.5
lcl|AP019371.1_prot_BBH63943.1_628	iPC815.YPO3781	26.5	189	120	5	42	212	52	239	1.82e-09	56.6
lcl|AP019371.1_prot_BBH63943.1_628	iJN1463.PP_5011	31.8	107	69	1	54	156	69	175	3.46e-09	55.8
lcl|AP019371.1_prot_BBH63943.1_628	iSF_1195.SF0727	35.6	118	70	3	34	150	22	134	4.50e-09	55.5
lcl|AP019371.1_prot_BBH63943.1_628	iML1515.b3833	30.1	136	88	3	25	156	38	170	1.11e-08	54.3
lcl|AP019371.1_prot_BBH63943.1_628	iSbBS512_1146.SbBS512_E4305	30.1	136	88	3	25	156	38	170	1.11e-08	54.3
lcl|AP019371.1_prot_BBH63943.1_628	iSDY_1059.SDY_3910	30.1	136	88	3	25	156	38	170	1.11e-08	54.3
lcl|AP019371.1_prot_BBH63943.1_628	iSF_1195.SF3911	30.1	136	88	3	25	156	38	170	1.11e-08	54.3
lcl|AP019371.1_prot_BBH63943.1_628	iSSON_1240.SSON_4008	30.1	136	88	3	25	156	38	170	1.11e-08	54.3
lcl|AP019371.1_prot_BBH63943.1_628	STM_v1_0.STM3970	30.1	136	88	3	25	156	38	170	2.74e-08	53.1
lcl|AP019371.1_prot_BBH63943.1_628	iSDY_1059.SDY_0829	34.7	118	71	3	34	150	22	134	2.74e-08	53.1
lcl|AP019371.1_prot_BBH63944.1_629	iYL1228.KPN_00507	30.7	192	130	2	6	196	5	194	1.23e-13	70.5
lcl|AP019371.1_prot_BBH63944.1_629	iAF692.Mbar_A1138	25.2	222	155	7	5	220	2	218	2.24e-11	63.5
lcl|AP019371.1_prot_BBH63946.1_631	iCN718.ABAYE_RS08330	36.5	400	236	7	12	404	11	399	1.79e-86	268
lcl|AP019371.1_prot_BBH63947.1_632	iMM1415.56720	28.9	350	172	14	8	283	29	375	1.12e-23	99.0
lcl|AP019371.1_prot_BBH63947.1_632	iCHOv1.100768126	27.4	350	177	13	8	283	30	376	1.41e-22	95.9
lcl|AP019371.1_prot_BBH63952.1_637	iPC815.YPO3318	21.8	266	174	7	59	305	39	289	4.62e-07	50.4
lcl|AP019371.1_prot_BBH63953.1_638	iLJ478.TM1120	27.0	311	203	10	50	345	30	331	8.00e-14	72.8
lcl|AP019371.1_prot_BBH63954.1_639	iYO844.BSU28740	33.9	277	178	5	33	307	33	306	4.29e-42	147
lcl|AP019371.1_prot_BBH63955.1_640	iEK1008.Rv2039c	32.0	256	164	4	38	290	32	280	2.59e-39	138
lcl|AP019371.1_prot_BBH63955.1_640	iCN900.CD630_34150	26.2	267	189	2	26	289	25	286	7.62e-35	127
lcl|AP019371.1_prot_BBH63956.1_641	iEK1008.Rv2471	47.8	536	237	14	7	520	31	545	2.18e-163	474
lcl|AP019371.1_prot_BBH63958.1_643	iEK1008.Rv3273	42.8	725	362	15	5	689	31	742	3.72e-145	442
lcl|AP019371.1_prot_BBH63959.1_644	iPC815.YPO3862	29.2	298	166	10	5	292	4	266	1.45e-21	94.0
lcl|AP019371.1_prot_BBH63959.1_644	iSDY_1059.SDY_2204	30.9	285	161	11	5	280	3	260	5.39e-21	92.4
lcl|AP019371.1_prot_BBH63959.1_644	iML1515.b2041	30.9	285	161	11	5	280	3	260	1.00e-20	91.7
lcl|AP019371.1_prot_BBH63959.1_644	iSbBS512_1146.SbBS512_E1192	30.9	285	161	11	5	280	3	260	3.46e-20	90.1
lcl|AP019371.1_prot_BBH63959.1_644	STM_v1_0.STM2097	30.5	285	162	10	5	280	3	260	6.41e-20	89.4
lcl|AP019371.1_prot_BBH63959.1_644	iSF_1195.SF2104	30.5	285	162	11	5	280	3	260	8.72e-20	89.0
lcl|AP019371.1_prot_BBH63960.1_645	iJN1463.PP_3253	30.8	312	202	7	27	333	43	345	9.22e-32	127
lcl|AP019371.1_prot_BBH63961.1_646	iJN1463.PP_1750	55.4	598	254	5	1	588	1	595	7.57e-224	632
lcl|AP019371.1_prot_BBH63962.1_647	iEK1008.Rv0220	30.5	167	83	9	465	604	207	367	1.19e-05	47.8
lcl|AP019371.1_prot_BBH63962.1_647	iEK1008.Rv0183	31.9	72	47	1	556	627	210	279	1.37e-04	43.9
lcl|AP019371.1_prot_BBH63963.1_648	iSSON_1240.SSON_3282	23.4	380	248	9	27	370	34	406	1.51e-08	56.2
lcl|AP019371.1_prot_BBH63963.1_648	iML1515.b3127	23.7	376	252	8	27	370	34	406	2.66e-08	55.5
lcl|AP019371.1_prot_BBH63963.1_648	iYS854.USA300HOU_RS13605	23.0	391	267	11	6	371	3	384	5.98e-08	54.3
lcl|AP019371.1_prot_BBH63963.1_648	iYL1228.KPN_03539	23.9	376	250	10	27	370	34	405	4.44e-07	51.6
lcl|AP019371.1_prot_BBH63963.1_648	iSF_1195.SF3164	23.4	376	253	8	27	370	34	406	4.45e-07	51.6
lcl|AP019371.1_prot_BBH63967.1_652	iLJ478.TM0869	32.3	319	192	5	224	542	15	309	4.47e-45	161
lcl|AP019371.1_prot_BBH63967.1_652	iAF692.Mbar_A2898	33.4	329	188	9	226	550	1	302	9.11e-41	149
lcl|AP019371.1_prot_BBH63967.1_652	iCN900.CD630_23560	31.2	340	190	8	224	550	2	310	1.46e-40	149
lcl|AP019371.1_prot_BBH63968.1_653	iEK1008.Rv1695	32.2	258	169	3	28	280	43	299	4.55e-37	135
lcl|AP019371.1_prot_BBH63968.1_653	iAF987.Gmet_0941	30.0	283	190	3	1	279	1	279	7.46e-35	129
lcl|AP019371.1_prot_BBH63974.1_659	iYS854.USA300HOU_RS07520	41.6	113	62	2	169	277	46	158	1.51e-13	68.9
lcl|AP019371.1_prot_BBH63975.1_660	iEK1008.Rv1857	34.7	121	67	4	31	139	23	143	8.94e-07	46.6
lcl|AP019371.1_prot_BBH63976.1_661	iAF692.Mbar_A3636	34.7	144	85	2	30	173	18	152	6.90e-14	67.4
lcl|AP019371.1_prot_BBH63977.1_662	iNF517.LLMG_RS04495	26.5	113	83	0	64	176	58	170	4.83e-08	50.1
lcl|AP019371.1_prot_BBH63981.1_666	iAF987.Gmet_2349	32.6	484	319	2	88	571	89	565	2.13e-71	239
lcl|AP019371.1_prot_BBH63982.1_667	iAF987.Gmet_2349	38.3	522	308	6	131	645	56	570	1.15e-96	308
lcl|AP019371.1_prot_BBH63982.1_667	iYL1228.KPN_00941	34.0	523	336	5	131	647	63	582	1.23e-89	290
lcl|AP019371.1_prot_BBH63982.1_667	STM_v1_0.STM0984	33.7	523	338	5	131	647	63	582	1.82e-88	286
lcl|AP019371.1_prot_BBH63982.1_667	STM_v1_0.STM2774	36.0	522	325	7	124	641	685	1201	3.62e-83	284
lcl|AP019371.1_prot_BBH63982.1_667	iML1515.b0914	34.3	510	320	5	139	647	87	582	3.77e-87	283
lcl|AP019371.1_prot_BBH63982.1_667	iSbBS512_1146.SbBS512_E2410	34.3	510	320	5	139	647	87	582	3.77e-87	283
lcl|AP019371.1_prot_BBH63982.1_667	iSDY_1059.SDY_2344	34.3	510	320	5	139	647	87	582	3.77e-87	283
lcl|AP019371.1_prot_BBH63982.1_667	iSF_1195.SF0910	34.3	510	320	5	139	647	87	582	5.28e-87	283
lcl|AP019371.1_prot_BBH63982.1_667	iSSON_1240.SSON_0916	34.3	510	320	5	139	647	87	582	5.28e-87	283
lcl|AP019371.1_prot_BBH63982.1_667	iPC815.YPO1395	34.1	510	321	4	139	647	87	582	3.98e-86	280
lcl|AP019371.1_prot_BBH63984.1_669	iJN1463.PP_1494	30.4	115	77	2	4	116	20	133	9.37e-06	45.1
lcl|AP019371.1_prot_BBH63984.1_669	iEK1008.Rv0386	40.4	57	34	0	145	201	1027	1083	2.31e-05	44.3
lcl|AP019371.1_prot_BBH63984.1_669	iAF987.Gmet_0069	31.9	116	75	3	4	116	5	119	5.36e-05	42.7
lcl|AP019371.1_prot_BBH63987.1_672	iEK1008.Rv2936	40.2	219	120	4	3	212	7	223	2.77e-41	144
lcl|AP019371.1_prot_BBH63989.1_674	iEK1008.Rv2936	29.5	298	194	2	15	296	20	317	1.92e-34	127
lcl|AP019371.1_prot_BBH63989.1_674	iCHOv1.100761226	34.4	209	130	3	11	213	907	1114	1.02e-30	121
lcl|AP019371.1_prot_BBH63989.1_674	iMM1415.11303	34.0	215	123	3	11	213	907	1114	1.87e-30	120
lcl|AP019371.1_prot_BBH63992.1_677	iJN1463.PP_1015	32.6	383	225	14	35	394	25	397	1.01e-42	155
lcl|AP019371.1_prot_BBH63995.1_680	iEK1008.Rv0132c	29.9	221	143	6	6	223	45	256	4.20e-15	74.3
lcl|AP019371.1_prot_BBH63999.1_684	iJN1463.PP_2318	31.8	110	60	3	45	153	24	119	2.26e-05	44.3
lcl|AP019371.1_prot_BBH64000.1_685	iAF987.Gmet_3085	41.0	558	292	10	354	892	347	886	3.75e-114	370
lcl|AP019371.1_prot_BBH64000.1_685	iAF987.Gmet_0987	40.1	559	318	8	341	891	236	785	7.50e-115	369
lcl|AP019371.1_prot_BBH64000.1_685	iAF987.Gmet_2629	37.9	596	319	9	324	894	243	812	4.43e-111	360
lcl|AP019371.1_prot_BBH64000.1_685	iAF987.Gmet_0957	43.7	442	232	6	452	884	181	614	1.20e-108	348
lcl|AP019371.1_prot_BBH64000.1_685	iAF987.Gmet_0782	43.8	438	230	5	452	881	287	716	3.64e-105	342
lcl|AP019371.1_prot_BBH64001.1_686	iEK1008.Rv0386	51.0	51	25	0	156	206	1027	1077	6.83e-08	52.0
lcl|AP019371.1_prot_BBH64001.1_686	iJN1463.PP_1494	34.2	120	65	4	5	117	20	132	5.20e-07	48.9
lcl|AP019371.1_prot_BBH64006.1_691	iJN1463.PP_3763	47.4	253	126	4	1	250	1	249	2.97e-74	226
lcl|AP019371.1_prot_BBH64008.1_693	iEK1008.Rv2062c	67.8	1216	346	11	3	1201	7	1193	0.0	1620
lcl|AP019371.1_prot_BBH64009.1_694	iEK1008.Rv2064	37.6	434	182	13	8	432	6	359	3.65e-58	197
lcl|AP019371.1_prot_BBH64010.1_695	iJN1463.PP_4828	62.8	207	75	1	1	205	2	208	1.32e-85	251
lcl|AP019371.1_prot_BBH64010.1_695	iEK1008.Rv2065	62.3	207	76	1	1	205	2	208	2.91e-82	243
lcl|AP019371.1_prot_BBH64011.1_696	iEK1008.Rv2066	58.9	535	167	6	9	536	5	493	7.59e-204	576
lcl|AP019371.1_prot_BBH64013.1_698	iEK1008.Rv3032	24.1	370	231	16	7	344	1	352	3.76e-11	63.9
lcl|AP019371.1_prot_BBH64014.1_699	iEK1008.Rv3032	29.4	428	239	14	1	403	1	390	5.31e-16	79.0
lcl|AP019371.1_prot_BBH64018.1_703	iEK1008.Rv2610c	28.1	342	208	16	1	323	1	323	6.63e-12	65.9
lcl|AP019371.1_prot_BBH64018.1_703	iAF692.Mbar_A1731	25.5	306	197	12	2	288	5	298	3.79e-10	60.5
lcl|AP019371.1_prot_BBH64019.1_704	iEK1008.Rv2051c	29.1	223	136	6	1	212	614	825	8.16e-15	73.2
lcl|AP019371.1_prot_BBH64021.1_706	iAT_PLT_636.29958	28.2	815	515	19	5	758	51	856	1.07e-73	256
lcl|AP019371.1_prot_BBH64021.1_706	iAT_PLT_636.1757	28.5	813	476	21	5	722	68	870	2.82e-71	249
lcl|AP019371.1_prot_BBH64021.1_706	iCHOv1.100759503	28.1	807	512	18	5	752	49	846	6.92e-71	248
lcl|AP019371.1_prot_BBH64021.1_706	iMM1415.74129	27.9	807	514	18	5	752	44	841	8.18e-70	245
lcl|AP019371.1_prot_BBH64022.1_707	iEK1008.Rv0317c	41.8	244	138	2	12	251	10	253	8.56e-57	181
lcl|AP019371.1_prot_BBH64024.1_709	iEK1008.Rv2895c	44.6	271	129	6	2	255	11	277	1.29e-63	200
lcl|AP019371.1_prot_BBH64025.1_710	iJN1463.PP_0970	39.7	390	228	5	5	392	39	423	1.51e-72	233
lcl|AP019371.1_prot_BBH64028.1_713	iJN1463.PP_1183	32.6	218	118	9	2	199	17	225	4.45e-13	65.5
lcl|AP019371.1_prot_BBH64029.1_714	iSynCJ816.SGL_RS06895	51.4	811	377	5	11	806	21	829	2.39e-284	805
lcl|AP019371.1_prot_BBH64029.1_714	iSynCJ816.SGL_RS07100	51.3	816	380	5	11	811	21	834	1.54e-278	790
lcl|AP019371.1_prot_BBH64029.1_714	iAF987.Gmet_0940	49.3	805	388	7	21	808	23	824	6.78e-263	750
lcl|AP019371.1_prot_BBH64029.1_714	iMM1415.19309	46.8	827	412	7	2	805	9	830	3.14e-254	728
lcl|AP019371.1_prot_BBH64029.1_714	iAT_PLT_636.5834	47.4	819	404	7	8	805	18	830	1.84e-253	726
lcl|AP019371.1_prot_BBH64029.1_714	iAF987.Gmet_2767	48.6	817	400	7	9	808	18	831	2.83e-253	725
lcl|AP019371.1_prot_BBH64034.1_719	iEK1008.Rv0562	47.3	311	159	4	23	332	29	335	1.07e-81	251
lcl|AP019371.1_prot_BBH64036.1_721	iEK1008.Rv0400c	68.5	362	112	1	3	362	34	395	5.80e-174	489
lcl|AP019371.1_prot_BBH64039.1_724	iJN1463.PP_2554	43.3	626	317	5	1	588	1	626	2.90e-159	470
lcl|AP019371.1_prot_BBH64041.1_726	iJN1463.PP_2406	52.2	272	110	5	1	256	10	277	7.35e-81	244
lcl|AP019371.1_prot_BBH64047.1_732	iEK1008.Rv0125	37.6	173	98	4	125	289	77	247	4.47e-19	85.9
lcl|AP019371.1_prot_BBH64049.1_734	iLJ478.TM0061	39.3	511	282	12	35	528	203	702	3.26e-105	342
lcl|AP019371.1_prot_BBH64055.1_740	iEK1008.Rv0206c	32.1	751	452	16	10	721	19	750	1.40e-78	270
lcl|AP019371.1_prot_BBH64056.1_741	iEK1008.Rv2048c	33.6	879	511	16	3	870	2054	2870	8.57e-104	369
lcl|AP019371.1_prot_BBH64056.1_741	iEK1008.Rv2931	34.0	839	484	18	7	832	104	885	5.14e-104	368
lcl|AP019371.1_prot_BBH64056.1_741	iEK1008.Rv1662	31.8	913	548	19	4	902	33	884	3.25e-97	345
lcl|AP019371.1_prot_BBH64056.1_741	iEK1008.Rv2932	32.4	833	502	14	7	832	36	814	3.07e-96	342
lcl|AP019371.1_prot_BBH64068.1_753	iAF692.Mbar_A1396	42.5	325	180	3	67	384	205	529	3.99e-65	222
lcl|AP019371.1_prot_BBH64068.1_753	iLJ478.TM0272	43.3	330	175	7	67	384	206	535	1.36e-63	218
lcl|AP019371.1_prot_BBH64068.1_753	iAF987.Gmet_2940	42.4	337	176	5	66	384	206	542	8.79e-61	210
lcl|AP019371.1_prot_BBH64068.1_753	iCN900.CD630_24100	40.5	331	185	7	66	385	202	531	3.40e-58	203
lcl|AP019371.1_prot_BBH64071.1_756	iEK1008.Rv0125	34.1	299	180	7	3	294	61	349	9.90e-36	131
lcl|AP019371.1_prot_BBH64077.1_762	iYL1228.KPN_01870	27.8	180	118	6	358	527	153	330	4.66e-13	70.1
lcl|AP019371.1_prot_BBH64077.1_762	iJN1463.PP_3163	24.5	233	163	6	304	527	104	332	8.45e-11	63.2
lcl|AP019371.1_prot_BBH64078.1_763	iJN1463.PP_4830	55.1	401	170	3	7	402	5	400	1.35e-133	388
lcl|AP019371.1_prot_BBH64079.1_764	iEK1008.Rv2071c	63.7	245	88	1	1	244	1	245	2.73e-96	281
lcl|AP019371.1_prot_BBH64080.1_765	iEK1008.Rv2070c	51.5	237	96	8	2	234	3	224	2.53e-63	197
lcl|AP019371.1_prot_BBH64092.1_777	iYS854.USA300HOU_RS00630	26.1	459	299	13	212	644	73	517	1.18e-36	145
lcl|AP019371.1_prot_BBH64093.1_778	iCN718.ABAYE_RS05910	37.8	436	252	9	1	418	1	435	5.11e-91	281
lcl|AP019371.1_prot_BBH64094.1_779	iCN718.ABAYE_RS05590	38.0	455	265	4	40	478	43	496	2.18e-101	313
lcl|AP019371.1_prot_BBH64096.1_781	iYO844.BSU28720	50.6	502	244	4	1	502	1	498	1.12e-182	521
lcl|AP019371.1_prot_BBH64097.1_782	iYO844.BSU28730	32.1	268	172	5	19	284	21	280	2.93e-40	140
lcl|AP019371.1_prot_BBH64097.1_782	iYO844.BSU06990	31.1	286	186	3	5	284	16	296	5.91e-40	140
lcl|AP019371.1_prot_BBH64097.1_782	iEK1008.Rv2317	32.9	280	177	5	6	284	5	274	2.36e-36	130
lcl|AP019371.1_prot_BBH64097.1_782	iCN900.CD630_34150	28.6	266	182	3	19	284	29	286	6.52e-35	127
lcl|AP019371.1_prot_BBH64098.1_783	iEK1008.Rv2040c	27.6	297	188	4	25	302	4	292	1.27e-29	114
lcl|AP019371.1_prot_BBH64099.1_784	iCN900.CD630_34140	28.7	167	108	4	15	172	29	193	2.75e-11	64.7
lcl|AP019371.1_prot_BBH64101.1_786	iAF987.Gmet_2465	24.5	444	283	14	21	449	10	416	1.43e-30	122
lcl|AP019371.1_prot_BBH64103.1_788	iAF987.Gmet_2211	36.0	602	335	8	8	561	5	604	2.51e-107	334
lcl|AP019371.1_prot_BBH64103.1_788	iJN1463.PP_0368	35.9	590	350	8	12	573	9	598	8.07e-101	317
lcl|AP019371.1_prot_BBH64103.1_788	iJN1463.PP_2048	35.4	590	334	7	12	567	8	584	4.70e-96	304
lcl|AP019371.1_prot_BBH64103.1_788	iAF987.Gmet_2270	35.6	582	327	9	8	543	5	584	1.32e-94	301
lcl|AP019371.1_prot_BBH64104.1_789	iAF987.Gmet_0987	32.7	321	203	4	267	575	193	512	2.56e-40	156
lcl|AP019371.1_prot_BBH64104.1_789	iAF987.Gmet_2629	31.2	381	189	11	233	580	202	542	1.24e-39	154
lcl|AP019371.1_prot_BBH64104.1_789	iAF987.Gmet_3085	35.2	261	158	5	327	578	357	615	3.77e-38	150
lcl|AP019371.1_prot_BBH64110.1_795	iLB1027_lipid.PHATRDRAFT_29488	30.3	383	192	12	7	324	90	462	3.18e-37	138
lcl|AP019371.1_prot_BBH64111.1_796	iPC815.YPO1358	49.0	575	281	6	5	573	2	570	7.69e-183	527
lcl|AP019371.1_prot_BBH64111.1_796	STM_v1_0.STM0935	47.4	574	291	7	5	573	2	569	4.67e-176	509
lcl|AP019371.1_prot_BBH64111.1_796	iSDY_1059.SDY_2392	46.6	573	297	6	5	573	2	569	1.39e-172	501
lcl|AP019371.1_prot_BBH64111.1_796	iSbBS512_1146.SbBS512_E2460	46.8	573	296	6	5	573	2	569	1.96e-172	500
lcl|AP019371.1_prot_BBH64111.1_796	iSF_1195.SF0826	46.6	573	297	6	5	573	2	569	1.96e-172	500
lcl|AP019371.1_prot_BBH64111.1_796	iSSON_1240.SSON_0857	46.8	573	296	6	5	573	2	569	1.96e-172	500
lcl|AP019371.1_prot_BBH64111.1_796	iML1515.b0871	46.8	573	296	6	5	573	2	569	2.78e-172	500
lcl|AP019371.1_prot_BBH64111.1_796	iYL1228.KPN_00904	46.5	572	299	6	5	573	5	572	6.15e-172	499
lcl|AP019371.1_prot_BBH64112.1_797	iAF987.Gmet_1952	32.9	73	49	0	44	116	10	82	2.31e-04	41.2
lcl|AP019371.1_prot_BBH64115.1_800	iEK1008.Rv3409c	59.4	564	200	6	4	539	5	567	2.24e-226	636
lcl|AP019371.1_prot_BBH64118.1_803	iYL1228.KPN_02061	36.7	237	124	8	4	217	21	254	1.68e-28	107
lcl|AP019371.1_prot_BBH64118.1_803	iNF517.LLMG_RS08260	34.9	235	132	7	1	216	18	250	3.10e-28	106
lcl|AP019371.1_prot_BBH64118.1_803	iHN637.CLJU_RS20765	34.5	226	135	5	4	218	25	248	4.16e-27	103
lcl|AP019371.1_prot_BBH64118.1_803	iCN900.CD630_11820	32.5	228	143	5	1	218	22	248	1.23e-25	99.8
lcl|AP019371.1_prot_BBH64118.1_803	iYS854.USA300HOU_RS06185	33.8	225	138	4	4	218	21	244	6.00e-25	97.8
lcl|AP019371.1_prot_BBH64118.1_803	iAF987.Gmet_1601	36.2	224	133	5	4	218	24	246	1.22e-24	97.1
lcl|AP019371.1_prot_BBH64119.1_804	iEK1008.Rv2344c	33.0	391	187	13	23	402	36	362	1.57e-38	145
lcl|AP019371.1_prot_BBH64121.1_806	iSbBS512_1146.SbBS512_E4722	24.9	273	157	13	96	330	43	305	4.70e-08	53.9
lcl|AP019371.1_prot_BBH64121.1_806	iSDY_1059.SDY_4361	25.0	256	148	12	96	317	20	265	1.83e-07	52.0
lcl|AP019371.1_prot_BBH64121.1_806	iML1515.b4192	25.0	256	148	12	96	317	43	288	2.63e-07	51.6
lcl|AP019371.1_prot_BBH64121.1_806	STM_v1_0.STM4382	25.0	256	148	12	96	317	43	288	2.63e-07	51.6
lcl|AP019371.1_prot_BBH64121.1_806	iSF_1195.SF4347	25.0	256	148	12	96	317	45	290	2.64e-07	51.6
lcl|AP019371.1_prot_BBH64121.1_806	iSSON_1240.SSON_4374	25.0	256	148	12	96	317	45	290	2.64e-07	51.6
lcl|AP019371.1_prot_BBH64121.1_806	iYL1228.KPN_04585	23.6	254	154	10	96	317	43	288	1.94e-06	48.9
lcl|AP019371.1_prot_BBH64123.1_808	iSynCJ816.SGL_RS16525	32.5	200	118	6	43	233	171	362	3.84e-18	84.0
lcl|AP019371.1_prot_BBH64123.1_808	iEK1008.Rv2252	28.2	255	166	7	15	262	29	273	2.02e-18	83.6
lcl|AP019371.1_prot_BBH64138.1_823	iEK1008.Rv2671	41.6	231	128	4	11	234	28	258	1.14e-46	155
lcl|AP019371.1_prot_BBH64141.1_826	iEK1008.Rv1589	74.4	328	84	0	3	330	21	348	2.77e-181	504
lcl|AP019371.1_prot_BBH64142.1_827	iEK1008.Rv1569	48.4	372	183	4	4	374	16	379	2.99e-92	281
lcl|AP019371.1_prot_BBH64143.1_828	iEK1008.Rv1570	43.9	212	109	7	232	439	3	208	2.01e-31	120
lcl|AP019371.1_prot_BBH64144.1_829	iEK1008.Rv2702	27.8	252	152	9	12	249	23	258	1.35e-15	73.9
lcl|AP019371.1_prot_BBH64145.1_830	iAF692.Mbar_A2894	29.1	103	72	1	98	200	103	204	3.29e-08	52.4
lcl|AP019371.1_prot_BBH64148.1_833	iAF987.Gmet_0987	38.3	559	334	6	449	1001	231	784	4.80e-112	364
lcl|AP019371.1_prot_BBH64148.1_833	iAF987.Gmet_0700	37.7	591	339	10	424	996	234	813	4.90e-109	357
lcl|AP019371.1_prot_BBH64148.1_833	iAF987.Gmet_2629	44.1	449	245	4	557	1003	366	810	1.35e-108	356
lcl|AP019371.1_prot_BBH64148.1_833	iAF987.Gmet_3085	44.5	447	242	4	553	996	436	879	1.20e-106	353
lcl|AP019371.1_prot_BBH64148.1_833	iAF987.Gmet_0782	41.8	452	257	4	554	1002	278	726	1.83e-105	345
lcl|AP019371.1_prot_BBH64159.1_844	iYO844.BSU31322	40.8	71	36	3	32	100	26	92	8.44e-06	43.9
lcl|AP019371.1_prot_BBH64160.1_845	iML1515.b4093	46.4	56	30	0	96	151	89	144	6.27e-10	53.9
lcl|AP019371.1_prot_BBH64164.1_849	iEK1008.Rv2674	60.9	128	48	2	8	133	6	133	3.58e-54	166
lcl|AP019371.1_prot_BBH64166.1_851	iAF987.Gmet_0885	34.7	303	189	4	12	310	6	303	6.40e-51	171
lcl|AP019371.1_prot_BBH64167.1_852	iEK1008.Rv2763c	50.0	154	70	4	3	151	2	153	5.07e-45	145
lcl|AP019371.1_prot_BBH64168.1_853	iEK1008.Rv2764c	75.2	262	64	1	10	270	2	263	7.49e-152	424
lcl|AP019371.1_prot_BBH64169.1_854	iAF987.Gmet_0771	36.9	203	121	3	4	200	1	202	3.24e-35	122
lcl|AP019371.1_prot_BBH64170.1_855	iJN1463.PP_4058	43.5	62	31	4	18	76	142	202	2.41e-05	40.8
lcl|AP019371.1_prot_BBH64170.1_855	iPC815.YPO3942	41.0	61	32	4	18	75	138	197	2.93e-04	37.7
lcl|AP019371.1_prot_BBH64172.1_857	iYS854.USA300HOU_RS03070	23.8	206	129	7	41	220	32	235	9.29e-11	59.7
lcl|AP019371.1_prot_BBH64173.1_858	iEK1008.Rv2677c	39.0	464	250	11	7	461	8	447	6.54e-71	231
lcl|AP019371.1_prot_BBH64174.1_859	iEK1008.Rv2678c	59.9	352	126	3	4	341	7	357	2.50e-142	406
lcl|AP019371.1_prot_BBH64176.1_861	iEK1008.Rv0125	50.0	60	26	1	267	322	197	256	6.25e-05	43.9
lcl|AP019371.1_prot_BBH64180.1_865	iML1515.b1397	43.8	404	203	8	5	389	1	399	6.67e-92	281
lcl|AP019371.1_prot_BBH64180.1_865	iJN1463.PP_3280	41.4	399	216	5	7	389	8	404	6.91e-90	276
lcl|AP019371.1_prot_BBH64180.1_865	iYL1228.KPN_01478	42.6	401	212	6	5	389	1	399	1.68e-89	275
lcl|AP019371.1_prot_BBH64180.1_865	iCN718.ABAYE_RS11935	40.6	404	222	6	5	392	1	402	3.87e-88	272
lcl|AP019371.1_prot_BBH64180.1_865	iAF987.Gmet_2058	40.8	402	216	7	5	389	1	397	9.97e-88	271
lcl|AP019371.1_prot_BBH64180.1_865	iSSON_1240.SSON_4018	41.6	389	219	7	5	389	1	385	9.84e-88	270
lcl|AP019371.1_prot_BBH64180.1_865	iSDY_1059.SDY_3900	41.1	389	221	7	5	389	1	385	5.53e-87	268
lcl|AP019371.1_prot_BBH64180.1_865	iYL1228.KPN_04339	41.4	389	220	7	5	389	1	385	1.10e-86	268
lcl|AP019371.1_prot_BBH64180.1_865	STM_v1_0.STM3982	40.9	389	222	7	5	389	1	385	4.39e-86	266
lcl|AP019371.1_prot_BBH64180.1_865	iSbBS512_1146.SbBS512_E4315	41.1	389	221	7	5	389	1	385	4.39e-86	266
lcl|AP019371.1_prot_BBH64180.1_865	iML1515.b3845	40.9	389	222	7	5	389	1	385	3.48e-85	264
lcl|AP019371.1_prot_BBH64180.1_865	iSF_1195.SF3921	40.6	389	223	7	5	389	1	385	1.38e-84	262
lcl|AP019371.1_prot_BBH64180.1_865	iPC815.YPO3767	40.6	389	223	7	5	389	1	385	8.68e-83	258
lcl|AP019371.1_prot_BBH64181.1_866	iYL1228.KPN_02723	31.6	651	389	10	68	678	58	692	3.61e-83	277
lcl|AP019371.1_prot_BBH64181.1_866	iLB1027_lipid.PHATRDRAFT_35240	30.4	639	396	11	69	671	26	651	3.84e-81	271
lcl|AP019371.1_prot_BBH64181.1_866	iSF_1195.SF2419	31.4	641	403	10	68	678	58	691	7.16e-81	271
lcl|AP019371.1_prot_BBH64181.1_866	iSSON_1240.SSON_2397	31.4	641	403	10	68	678	58	691	7.16e-81	271
lcl|AP019371.1_prot_BBH64181.1_866	iSbBS512_1146.SbBS512_E2721	31.4	641	403	10	68	678	58	691	9.97e-81	270
lcl|AP019371.1_prot_BBH64181.1_866	iML1515.b2341	30.9	641	406	10	68	678	58	691	1.00e-79	268
lcl|AP019371.1_prot_BBH64181.1_866	STM_v1_0.STM2388	30.6	641	408	10	68	678	58	691	1.98e-79	267
lcl|AP019371.1_prot_BBH64181.1_866	iSDY_1059.SDY_2542	30.6	641	408	10	68	678	58	691	1.40e-78	265
lcl|AP019371.1_prot_BBH64181.1_866	iJN1463.PP_2136	30.7	694	429	17	15	671	6	684	1.43e-76	259
lcl|AP019371.1_prot_BBH64181.1_866	iAT_PLT_636.3030	30.1	671	398	16	66	678	89	746	9.23e-76	258
lcl|AP019371.1_prot_BBH64183.1_868	iAF987.Gmet_0043	22.9	249	159	7	157	386	32	266	7.82e-07	50.8
lcl|AP019371.1_prot_BBH64184.1_869	iAF987.Gmet_1706	32.6	141	89	3	1	139	1	137	8.05e-12	63.2
lcl|AP019371.1_prot_BBH64184.1_869	iAF987.Gmet_0069	35.0	117	68	3	3	113	5	119	7.49e-10	57.4
lcl|AP019371.1_prot_BBH64184.1_869	iAF987.Gmet_1919	29.9	107	75	0	3	109	5	111	1.13e-09	57.0
lcl|AP019371.1_prot_BBH64188.1_873	iEK1008.Rv2682c	62.4	635	236	2	11	644	1	633	4.66e-282	784
lcl|AP019371.1_prot_BBH64189.1_874	iEK1008.Rv3356c	45.0	278	151	1	1	278	5	280	8.88e-81	244
lcl|AP019371.1_prot_BBH64189.1_874	iAF987.Gmet_1162	42.1	280	156	3	1	278	4	279	2.52e-73	226
lcl|AP019371.1_prot_BBH64192.1_877	iEK1008.Rv2691	58.8	199	82	0	1	199	1	199	1.33e-79	237
lcl|AP019371.1_prot_BBH64193.1_878	iEK1008.Rv2692	62.6	219	82	0	1	219	1	219	1.94e-94	275
lcl|AP019371.1_prot_BBH64197.1_882	iEK1008.Rv2697c	61.4	145	51	1	11	150	10	154	5.23e-56	172
lcl|AP019371.1_prot_BBH64202.1_887	iEK1008.Rv2701c	43.6	273	135	5	10	264	8	279	1.21e-52	172
lcl|AP019371.1_prot_BBH64208.1_893	iML1515.b2165	48.5	295	150	2	6	299	11	304	6.71e-81	247
lcl|AP019371.1_prot_BBH64209.1_894	iJN1463.PP_3378	33.0	267	152	10	36	285	36	292	1.50e-05	45.4
lcl|AP019371.1_prot_BBH64209.1_894	STM_v1_0.STM3793	25.0	264	177	9	2	256	3	254	1.47e-04	42.4
lcl|AP019371.1_prot_BBH64215.1_900	iAF987.Gmet_2999	29.1	103	72	1	4	106	10	111	4.72e-09	52.4
lcl|AP019371.1_prot_BBH64215.1_900	iJN1463.PP_1494	39.3	61	37	0	45	105	61	121	1.59e-08	50.8
lcl|AP019371.1_prot_BBH64215.1_900	iAF987.Gmet_3476	29.7	118	80	2	4	120	12	127	3.15e-08	50.1
lcl|AP019371.1_prot_BBH64218.1_903	iAF987.Gmet_2999	32.1	112	74	2	1	111	1	111	1.01e-12	63.2
lcl|AP019371.1_prot_BBH64218.1_903	iJN1463.PP_1494	35.5	110	70	1	2	110	12	121	6.21e-12	60.8
lcl|AP019371.1_prot_BBH64221.1_906	iJN1463.PP_1494	31.5	111	71	2	5	112	20	128	7.32e-09	56.2
lcl|AP019371.1_prot_BBH64221.1_906	iAF987.Gmet_0069	32.3	130	73	4	1	126	1	119	2.85e-08	54.3
lcl|AP019371.1_prot_BBH64230.1_915	iAF987.Gmet_0843	26.8	280	165	10	25	298	22	267	3.97e-11	62.0
lcl|AP019371.1_prot_BBH64234.1_919	iYO844.BSU29710	40.6	367	207	6	21	383	20	379	1.05e-82	257
lcl|AP019371.1_prot_BBH64235.1_920	iCN900.CD630_21960	24.2	712	441	20	188	825	2	688	9.89e-31	129
lcl|AP019371.1_prot_BBH64235.1_920	iAM_Pc455.PCYB_132130	29.5	312	204	5	188	489	36	341	1.35e-26	116
lcl|AP019371.1_prot_BBH64237.1_922	iHN637.CLJU_RS03365	33.5	1027	546	18	40	967	25	1013	5.62e-171	525
lcl|AP019371.1_prot_BBH64241.1_926	iML1515.b4173	43.4	410	216	7	52	457	9	406	7.59e-90	280
lcl|AP019371.1_prot_BBH64241.1_926	iJN1463.PP_4893	42.0	405	220	5	52	453	10	402	8.84e-80	254
lcl|AP019371.1_prot_BBH64242.1_927	iSynCJ816.SGL_RS02305	51.3	456	217	1	7	462	6	456	3.45e-150	436
lcl|AP019371.1_prot_BBH64243.1_928	iYL1228.KPN_03809	31.9	232	149	4	5	231	10	237	7.38e-27	103
lcl|AP019371.1_prot_BBH64243.1_928	iYS854.USA300HOU_RS09130	33.6	235	147	5	2	230	10	241	7.54e-27	103
lcl|AP019371.1_prot_BBH64243.1_928	STM_v1_0.STM3553	30.4	237	156	4	3	234	8	240	1.45e-26	102
lcl|AP019371.1_prot_BBH64243.1_928	iSSON_1240.SSON_3687	29.7	232	154	4	5	231	10	237	8.54e-24	95.5
lcl|AP019371.1_prot_BBH64243.1_928	iSF_1195.SF3466	29.7	232	154	4	5	231	10	237	1.19e-23	95.1
lcl|AP019371.1_prot_BBH64243.1_928	iML1515.b3449	28.3	230	160	2	5	231	10	237	1.66e-23	94.7
lcl|AP019371.1_prot_BBH64243.1_928	iSbBS512_1146.SbBS512_E3875	29.7	232	154	4	5	231	10	237	4.52e-23	93.6
lcl|AP019371.1_prot_BBH64244.1_929	iEK1008.Rv2726c	46.2	288	130	8	7	279	3	280	3.74e-65	205
lcl|AP019371.1_prot_BBH64247.1_932	iCN718.ABAYE_RS04015	34.9	304	194	2	4	303	12	315	3.26e-45	157
lcl|AP019371.1_prot_BBH64247.1_932	iLJ478.TM0356	32.0	306	202	3	3	303	2	306	1.75e-39	142
lcl|AP019371.1_prot_BBH64251.1_936	iYO844.BSU27430	60.7	242	95	0	6	247	1	242	1.26e-104	302
lcl|AP019371.1_prot_BBH64251.1_936	iYL1228.KPN_00678	61.7	240	92	0	6	245	1	240	2.53e-99	289
lcl|AP019371.1_prot_BBH64251.1_936	iPC815.YPO2612	59.6	240	97	0	6	245	2	241	2.47e-97	284
lcl|AP019371.1_prot_BBH64251.1_936	iML1515.b0652	60.0	240	96	0	6	245	1	240	3.39e-97	283
lcl|AP019371.1_prot_BBH64251.1_936	iSSON_1240.SSON_0606	60.0	240	96	0	6	245	1	240	3.39e-97	283
lcl|AP019371.1_prot_BBH64251.1_936	iSF_1195.SF0629	60.0	240	96	0	6	245	1	240	4.81e-97	283
lcl|AP019371.1_prot_BBH64251.1_936	iJN1463.PP_1300	59.5	242	98	0	4	245	12	253	8.62e-96	280
lcl|AP019371.1_prot_BBH64252.1_937	iYO844.BSU27440	42.1	216	119	3	47	259	47	259	4.16e-46	155
lcl|AP019371.1_prot_BBH64253.1_938	iYO844.BSU27450	36.5	208	124	2	9	216	13	212	4.58e-34	120
lcl|AP019371.1_prot_BBH64254.1_939	iNF517.LLMG_RS09715	38.2	178	104	1	64	235	505	682	1.33e-26	108
lcl|AP019371.1_prot_BBH64254.1_939	iPC815.YPO2613	30.5	210	138	2	65	267	15	223	3.89e-27	105
lcl|AP019371.1_prot_BBH64254.1_939	iYO844.BSU23970	30.4	204	141	1	65	268	14	216	1.84e-26	103
lcl|AP019371.1_prot_BBH64254.1_939	iYL1228.KPN_00679	30.0	210	139	2	65	267	15	223	1.53e-25	100
lcl|AP019371.1_prot_BBH64254.1_939	iSF_1195.SF0628	31.0	210	137	2	65	267	15	223	1.53e-25	100
lcl|AP019371.1_prot_BBH64254.1_939	iJN1463.PP_4426	32.8	195	129	2	72	266	22	214	1.86e-25	100
lcl|AP019371.1_prot_BBH64254.1_939	iML1515.b0653	30.5	210	138	2	65	267	15	223	4.14e-25	99.8
lcl|AP019371.1_prot_BBH64254.1_939	iSSON_1240.SSON_0607	30.5	210	138	2	65	267	15	223	4.14e-25	99.8
lcl|AP019371.1_prot_BBH64254.1_939	STM_v1_0.STM0663	29.5	210	140	2	65	267	15	223	8.05e-25	99.0
lcl|AP019371.1_prot_BBH64259.1_944	iAT_PLT_636.51166	24.5	310	189	9	157	429	150	451	1.34e-10	62.8
lcl|AP019371.1_prot_BBH64261.1_946	iML1515.b1798	42.3	213	114	2	5	217	6	209	3.35e-51	164
lcl|AP019371.1_prot_BBH64262.1_947	iYS854.USA300HOU_RS06130	34.3	216	136	2	7	221	5	215	7.47e-33	135
lcl|AP019371.1_prot_BBH64271.1_956	iML1515.b2700	35.5	141	89	2	14	152	17	157	1.48e-13	64.3
lcl|AP019371.1_prot_BBH64272.1_957	iEK1008.Rv2746c	48.3	172	89	0	18	189	28	199	1.40e-45	149
lcl|AP019371.1_prot_BBH64281.1_966	iEK1008.Rv2753c	53.1	288	134	1	9	296	13	299	3.26e-92	275
lcl|AP019371.1_prot_BBH64288.1_973	iEK1008.Rv2773c	65.3	245	83	1	8	252	1	243	1.33e-108	313
lcl|AP019371.1_prot_BBH64289.1_974	iMM904.YKL004W	28.5	123	70	4	185	298	189	302	2.13e-04	42.4
lcl|AP019371.1_prot_BBH64290.1_975	iAT_PLT_636.7384	30.6	402	256	9	9	396	52	444	1.25e-45	164
lcl|AP019371.1_prot_BBH64290.1_975	iMM1415.22273	27.3	421	281	8	9	415	52	461	2.25e-41	152
lcl|AP019371.1_prot_BBH64291.1_976	iHN637.CLJU_RS10465	45.2	62	33	1	654	715	562	622	6.31e-08	55.8
lcl|AP019371.1_prot_BBH64293.1_978	iEK1008.Rv2786c	54.3	322	135	2	1	310	8	329	9.59e-120	347
lcl|AP019371.1_prot_BBH64294.1_979	iEK1008.Rv2793c	53.6	289	132	1	5	293	7	293	4.66e-98	290
lcl|AP019371.1_prot_BBH64296.1_981	iHN637.CLJU_RS06465	31.4	306	192	6	22	321	14	307	4.50e-34	127
lcl|AP019371.1_prot_BBH64300.1_985	iML1515.b3590	34.7	236	132	10	529	754	2	225	3.54e-15	79.7
lcl|AP019371.1_prot_BBH64300.1_985	iCN900.CD630_24930	34.7	167	95	6	529	688	5	164	5.72e-14	75.9
lcl|AP019371.1_prot_BBH64307.1_992	iAM_Pv461.PVX_094985	44.4	286	150	3	7	283	151	436	1.93e-80	249
lcl|AP019371.1_prot_BBH64307.1_992	iAM_Pc455.PCYB_082510	44.1	288	147	3	10	283	146	433	1.43e-79	248
lcl|AP019371.1_prot_BBH64307.1_992	iAM_Pf480.PF3D7_1015300	43.0	286	154	2	7	283	212	497	3.18e-77	243
lcl|AP019371.1_prot_BBH64307.1_992	iSynCJ816.SGL_RS16015	51.2	244	113	3	47	284	30	273	1.33e-79	241
lcl|AP019371.1_prot_BBH64307.1_992	iAM_Pb448.PBANKA_121370	42.3	284	157	2	7	283	178	461	7.99e-76	238
lcl|AP019371.1_prot_BBH64307.1_992	iSynCJ816.SGL_RS14865	52.3	239	113	1	47	284	13	251	1.55e-78	238
lcl|AP019371.1_prot_BBH64309.1_994	iAF987.Gmet_0043	27.0	434	258	12	269	688	5	393	1.38e-25	112
lcl|AP019371.1_prot_BBH64310.1_995	iJN1463.PP_2179	33.0	230	135	10	2	221	3	223	1.51e-24	97.8
lcl|AP019371.1_prot_BBH64310.1_995	iJN1463.PP_5298	34.8	247	139	12	4	237	7	244	5.51e-24	96.3
lcl|AP019371.1_prot_BBH64310.1_995	iJN1463.PP_3598	29.7	229	146	8	1	221	13	234	2.72e-21	89.4
lcl|AP019371.1_prot_BBH64311.1_996	iJN1463.PP_2179	34.1	226	129	9	3	213	5	225	5.41e-22	90.9
lcl|AP019371.1_prot_BBH64311.1_996	iJN1463.PP_5298	37.6	221	118	9	24	225	23	242	1.96e-21	89.4
lcl|AP019371.1_prot_BBH64311.1_996	iYL1228.KPN_01020	34.5	203	112	8	31	216	27	225	3.50e-20	85.9
lcl|AP019371.1_prot_BBH64311.1_996	iML1515.b1298	33.5	206	110	8	31	216	31	229	1.93e-19	84.0
lcl|AP019371.1_prot_BBH64311.1_996	iSSON_1240.SSON_1842	33.5	206	110	8	31	216	35	233	2.06e-19	84.0
lcl|AP019371.1_prot_BBH64312.1_997	iLJ478.TM1724	39.2	250	139	5	3	246	2	244	4.77e-48	159
lcl|AP019371.1_prot_BBH64313.1_998	iEK1008.Rv2858c	66.9	450	147	2	2	450	4	452	1.42e-207	580
lcl|AP019371.1_prot_BBH64314.1_999	iEK1008.Rv2860c	63.0	446	162	2	8	451	13	457	1.24e-194	547
lcl|AP019371.1_prot_BBH64315.1_1000	iMM904.YDL210W	29.6	500	334	10	11	497	56	550	4.93e-48	174
lcl|AP019371.1_prot_BBH64315.1_1000	iMM904.YGL077C	26.7	509	358	9	7	506	34	536	7.05e-45	165
lcl|AP019371.1_prot_BBH64319.1_1004	iJN1463.PP_1494	34.0	103	64	2	5	104	20	121	9.83e-07	48.1
lcl|AP019371.1_prot_BBH64319.1_1004	iEK1008.Rv0386	42.1	57	33	0	147	203	1020	1076	4.71e-05	43.5
lcl|AP019371.1_prot_BBH64320.1_1005	iYO844.BSU02750	34.3	213	132	3	11	215	8	220	5.60e-33	121
lcl|AP019371.1_prot_BBH64320.1_1005	iJN1463.PP_0953	30.6	216	144	2	5	214	4	219	1.08e-30	115
lcl|AP019371.1_prot_BBH64320.1_1005	iCN900.CD630_16140	30.1	206	141	1	20	222	40	245	6.99e-30	113
lcl|AP019371.1_prot_BBH64320.1_1005	iAF987.Gmet_1282	30.1	239	149	4	4	225	9	246	1.28e-29	112
lcl|AP019371.1_prot_BBH64324.1_1009	iLJ478.TM0124	27.6	170	107	5	18	175	18	183	1.40e-10	58.5
lcl|AP019371.1_prot_BBH64324.1_1009	iEK1008.Rv1281c	30.3	188	94	7	19	169	24	211	7.71e-10	57.4
lcl|AP019371.1_prot_BBH64325.1_1010	iAF692.Mbar_A0254	24.7	291	199	9	21	297	17	301	1.68e-11	63.9
lcl|AP019371.1_prot_BBH64329.1_1014	iEK1008.Rv2868c	80.4	368	72	0	1	368	7	374	2.78e-206	571
lcl|AP019371.1_prot_BBH64331.1_1016	iEK1008.Rv2870c	58.5	395	143	3	4	396	15	390	2.26e-146	421
lcl|AP019371.1_prot_BBH64333.1_1018	iSynCJ816.SGL_RS15345	27.5	560	330	25	9	519	5	537	1.26e-24	107
lcl|AP019371.1_prot_BBH64334.1_1019	iEK1008.Rv3818	49.8	524	244	8	1	514	1	515	1.89e-178	511
lcl|AP019371.1_prot_BBH64338.1_1023	iEK1008.Rv2881c	42.8	278	146	1	45	309	28	305	2.16e-59	192
lcl|AP019371.1_prot_BBH64340.1_1025	iEK1008.Rv2883c	70.9	230	66	1	22	251	32	260	7.32e-112	322
lcl|AP019371.1_prot_BBH64349.1_1034	iJN1463.PP_4214	23.7	274	188	5	2	255	27	299	3.10e-19	88.6
lcl|AP019371.1_prot_BBH64353.1_1038	STM_v1_0.STM1235	60.0	35	14	0	32	66	27	61	2.02e-06	44.7
lcl|AP019371.1_prot_BBH64353.1_1038	iML1515.b1134	60.0	35	14	0	32	66	27	61	3.85e-06	43.9
lcl|AP019371.1_prot_BBH64353.1_1038	iSbBS512_1146.SbBS512_E1312	60.0	35	14	0	32	66	27	61	3.85e-06	43.9
lcl|AP019371.1_prot_BBH64353.1_1038	iSDY_1059.SDY_2018	60.0	35	14	0	32	66	27	61	3.85e-06	43.9
lcl|AP019371.1_prot_BBH64353.1_1038	iSF_1195.SF1153	60.0	35	14	0	32	66	27	61	3.85e-06	43.9
lcl|AP019371.1_prot_BBH64353.1_1038	iSSON_1240.SSON_1152	60.0	35	14	0	32	66	27	61	3.85e-06	43.9
lcl|AP019371.1_prot_BBH64353.1_1038	iYL1228.KPN_02379	34.1	126	72	5	11	132	12	130	6.81e-06	43.1
lcl|AP019371.1_prot_BBH64353.1_1038	iYL1228.KPN_01142	58.8	34	14	0	32	65	27	60	1.00e-05	42.7
lcl|AP019371.1_prot_BBH64353.1_1038	iSynCJ816.SGL_RS05525	69.0	29	9	0	36	64	42	70	4.75e-05	40.8
lcl|AP019371.1_prot_BBH64362.1_1047	iCN900.CD630_00500	45.9	471	247	4	5	468	12	481	2.98e-143	418
lcl|AP019371.1_prot_BBH64371.1_1056	iHN637.CLJU_RS16810	46.1	408	215	5	7	412	21	425	2.11e-114	341
lcl|AP019371.1_prot_BBH64371.1_1056	iLJ478.TM0583	45.0	418	221	6	7	419	15	428	1.09e-110	332
lcl|AP019371.1_prot_BBH64372.1_1057	iYO844.BSU35550	34.7	98	64	0	220	317	24	121	5.28e-11	63.5
lcl|AP019371.1_prot_BBH64376.1_1061	iAF987.Gmet_0885	30.6	304	208	3	1	302	1	303	4.14e-46	158
lcl|AP019371.1_prot_BBH64376.1_1061	iPC815.YPO2421	32.9	316	192	10	1	303	3	311	3.16e-41	145
lcl|AP019371.1_prot_BBH64376.1_1061	STM_v1_0.STM2298	32.1	308	195	7	6	304	10	312	8.68e-41	144
lcl|AP019371.1_prot_BBH64376.1_1061	iYL1228.KPN_03846	32.8	311	187	9	6	303	10	311	2.38e-40	143
lcl|AP019371.1_prot_BBH64378.1_1063	STM_v1_0.STM2232	32.4	296	185	8	22	311	5	291	7.17e-34	137
lcl|AP019371.1_prot_BBH64378.1_1063	iYS854.USA300HOU_RS13930	28.7	355	220	8	22	348	16	365	5.71e-30	125
lcl|AP019371.1_prot_BBH64380.1_1065	iYO844.BSU35550	34.3	105	69	0	233	337	25	129	1.99e-12	67.8
lcl|AP019371.1_prot_BBH64383.1_1068	iEK1008.Rv2920c	53.0	447	178	6	6	430	13	449	1.73e-144	421
lcl|AP019371.1_prot_BBH64388.1_1073	iML1515.b2690	25.8	190	123	4	1	182	1	180	7.32e-07	47.4
lcl|AP019371.1_prot_BBH64388.1_1073	iSSON_1240.SSON_2834	25.8	190	123	4	1	182	1	180	7.32e-07	47.4
lcl|AP019371.1_prot_BBH64388.1_1073	iSF_1195.SF2717	35.9	78	49	1	106	182	103	180	9.99e-07	47.0
lcl|AP019371.1_prot_BBH64388.1_1073	iSDY_1059.SDY_2887	34.6	78	50	1	106	182	103	180	3.46e-06	45.4
lcl|AP019371.1_prot_BBH64388.1_1073	iSbBS512_1146.SbBS512_E3186	37.2	78	47	2	106	182	103	179	1.61e-05	43.5
lcl|AP019371.1_prot_BBH64391.1_1076	iJN1463.PP_1802	36.8	87	50	2	392	474	283	368	8.54e-06	47.8
lcl|AP019371.1_prot_BBH64397.1_1082	iJN1463.PP_1912	37.3	303	141	8	35	293	6	303	1.92e-37	136
lcl|AP019371.1_prot_BBH64397.1_1082	iAF987.Gmet_1598	35.1	328	150	9	34	311	2	316	4.76e-35	130
lcl|AP019371.1_prot_BBH64401.1_1086	iEK1008.Rv2965c	54.6	152	69	0	1	152	5	156	3.68e-57	175
lcl|AP019371.1_prot_BBH64402.1_1087	iCN718.ABAYE_RS13845	39.8	88	50	2	1	88	41	125	5.38e-10	54.7
lcl|AP019371.1_prot_BBH64407.1_1092	iYS854.USA300HOU_RS06160	27.7	555	345	11	17	538	17	548	2.93e-54	191
lcl|AP019371.1_prot_BBH64412.1_1097	iEK1008.Rv2977c	49.4	308	150	5	7	311	19	323	4.63e-80	246
lcl|AP019371.1_prot_BBH64415.1_1100	iEK1008.Rv2981c	55.6	369	148	7	5	361	9	373	7.28e-128	371
lcl|AP019371.1_prot_BBH64418.1_1103	iEK1008.Rv1079	38.8	379	203	9	8	364	16	387	4.40e-60	198
lcl|AP019371.1_prot_BBH64418.1_1103	iJN1463.PP_0659	41.1	341	179	6	47	368	64	401	6.59e-57	191
lcl|AP019371.1_prot_BBH64418.1_1103	iYO844.BSU27250	36.3	355	208	5	28	365	24	377	7.82e-54	181
lcl|AP019371.1_prot_BBH64418.1_1103	iJN1463.PP_1308	36.7	387	215	8	8	366	12	396	2.43e-53	181
lcl|AP019371.1_prot_BBH64418.1_1103	iMM904.YAL012W	35.8	380	220	10	8	364	11	389	2.21e-53	181
lcl|AP019371.1_prot_BBH64419.1_1104	iEK1008.Rv2982c	58.4	327	135	1	4	330	9	334	1.68e-121	352
lcl|AP019371.1_prot_BBH64420.1_1105	iEK1008.Rv2182c	32.8	195	120	5	41	230	13	201	1.05e-21	90.5
lcl|AP019371.1_prot_BBH64423.1_1108	iEK1008.Rv2984	63.9	675	225	6	111	770	48	718	1.27e-298	837
lcl|AP019371.1_prot_BBH64424.1_1109	iCHOv1.100769146	31.4	121	66	6	6	111	23	141	2.83e-04	40.4
lcl|AP019371.1_prot_BBH64427.1_1112	iEK1008.Rv2987c	60.4	192	76	0	1	192	1	192	3.58e-76	226
lcl|AP019371.1_prot_BBH64428.1_1113	iEK1008.Rv2988c	69.9	479	133	2	7	484	4	472	1.16e-245	679
lcl|AP019371.1_prot_BBH64430.1_1115	iEK1008.Rv0386	30.7	228	132	6	703	919	865	1077	2.55e-04	44.7
lcl|AP019371.1_prot_BBH64434.1_1119	STM_v1_0.STM1101	47.8	207	96	6	61	262	225	424	7.18e-46	158
lcl|AP019371.1_prot_BBH64434.1_1119	iYL1228.KPN_04788	44.1	238	108	9	31	262	27	245	5.07e-46	154
lcl|AP019371.1_prot_BBH64437.1_1122	iEK1008.Rv2936	37.0	235	138	6	3	232	5	234	7.76e-33	122
lcl|AP019371.1_prot_BBH64437.1_1122	iJN1463.PP_2668	35.5	228	144	2	8	233	4	230	9.81e-32	117
lcl|AP019371.1_prot_BBH64437.1_1122	iML1515.b2422	30.4	237	140	4	8	229	3	229	3.85e-29	113
lcl|AP019371.1_prot_BBH64437.1_1122	iSDY_1059.SDY_2618	30.4	237	140	4	8	229	3	229	3.85e-29	113
lcl|AP019371.1_prot_BBH64437.1_1122	iJN1463.PP_0240	34.0	209	128	3	8	215	17	216	9.44e-30	113
lcl|AP019371.1_prot_BBH64437.1_1122	STM_v1_0.STM2441	30.8	237	139	4	8	229	3	229	7.40e-29	112
lcl|AP019371.1_prot_BBH64437.1_1122	iSbBS512_1146.SbBS512_E2794	30.4	237	140	4	8	229	3	229	7.40e-29	112
lcl|AP019371.1_prot_BBH64437.1_1122	iSSON_1240.SSON_2511	30.0	237	141	4	8	229	3	229	2.73e-28	111
lcl|AP019371.1_prot_BBH64440.1_1125	iAF987.Gmet_2530	26.8	466	267	8	22	427	35	486	1.73e-36	139
lcl|AP019371.1_prot_BBH64444.1_1129	iLJ478.TM0552	45.8	533	273	4	1	523	1	527	6.66e-147	432
lcl|AP019371.1_prot_BBH64444.1_1129	iSynCJ816.SGL_RS11140	46.4	526	270	5	5	521	10	532	2.52e-146	431
lcl|AP019371.1_prot_BBH64444.1_1129	iAF987.Gmet_1879	44.3	521	283	4	4	523	5	519	6.22e-145	426
lcl|AP019371.1_prot_BBH64446.1_1131	iEK1008.Rv2210c	56.2	363	155	2	6	364	5	367	9.08e-146	416
lcl|AP019371.1_prot_BBH64447.1_1132	iEK1008.Rv2995c	64.6	339	116	4	5	343	2	336	6.12e-145	412
lcl|AP019371.1_prot_BBH64449.1_1134	iEK1008.Rv2996c	56.9	524	220	3	4	522	5	527	2.11e-180	517
lcl|AP019371.1_prot_BBH64450.1_1135	iEK1008.Rv3001c	76.9	333	77	0	5	337	1	333	5.09e-184	511
lcl|AP019371.1_prot_BBH64451.1_1136	iEK1008.Rv3002c	68.3	161	51	0	5	165	6	166	7.86e-72	213
lcl|AP019371.1_prot_BBH64452.1_1137	iEK1008.Rv3003c	75.1	574	141	2	33	604	39	612	0.0	892
lcl|AP019371.1_prot_BBH64453.1_1138	iJN1463.PP_0914	39.3	456	256	7	289	727	235	686	6.01e-84	281
lcl|AP019371.1_prot_BBH64453.1_1138	iJN1463.PP_3581	40.7	430	239	7	314	728	261	689	1.21e-83	280
lcl|AP019371.1_prot_BBH64453.1_1138	iAF987.Gmet_0957	37.9	456	258	9	288	719	161	615	5.90e-82	274
lcl|AP019371.1_prot_BBH64453.1_1138	iAF987.Gmet_0782	37.9	446	252	7	302	727	288	728	5.19e-79	269
lcl|AP019371.1_prot_BBH64453.1_1138	iAF987.Gmet_0700	39.0	418	238	6	309	710	388	804	1.09e-75	261
lcl|AP019371.1_prot_BBH64453.1_1138	iAF987.Gmet_3085	37.3	445	248	8	295	719	446	879	3.54e-74	259
lcl|AP019371.1_prot_BBH64453.1_1138	iAF987.Gmet_2629	38.5	418	239	8	309	710	379	794	1.04e-74	259
lcl|AP019371.1_prot_BBH64453.1_1138	iAF987.Gmet_0987	35.4	444	270	6	297	724	342	784	8.15e-73	253
lcl|AP019371.1_prot_BBH64454.1_1139	iSSON_1240.SSON_3942	72.4	598	161	3	1	597	15	609	1.19e-301	831
lcl|AP019371.1_prot_BBH64454.1_1139	STM_v1_0.STM3904	71.9	598	164	3	1	597	15	609	2.40e-301	830
lcl|AP019371.1_prot_BBH64454.1_1139	iSbBS512_1146.SbBS512_E4149	72.2	598	162	3	1	597	15	609	4.82e-301	830
lcl|AP019371.1_prot_BBH64454.1_1139	iML1515.b3771	72.1	598	163	3	1	597	15	609	1.38e-300	828
lcl|AP019371.1_prot_BBH64454.1_1139	iYL1228.KPN_04270	71.9	598	164	3	1	597	15	609	1.38e-300	828
lcl|AP019371.1_prot_BBH64454.1_1139	iSF_1195.SF3846	72.1	598	163	3	1	597	15	609	5.59e-300	827
lcl|AP019371.1_prot_BBH64454.1_1139	iSDY_1059.SDY_3977	71.7	598	165	3	1	597	15	609	9.20e-299	824
lcl|AP019371.1_prot_BBH64454.1_1139	iPC815.YPO3897	69.6	598	178	3	1	597	15	609	2.58e-291	805
lcl|AP019371.1_prot_BBH64454.1_1139	iJN1463.PP_5128	69.2	598	176	4	1	597	15	605	2.39e-286	792
lcl|AP019371.1_prot_BBH64454.1_1139	iCN718.ABAYE_RS00680	68.9	601	175	6	1	597	15	607	2.78e-284	787
lcl|AP019371.1_prot_BBH64455.1_1140	iAF987.Gmet_0988	30.8	104	68	1	20	123	21	120	4.09e-09	52.0
lcl|AP019371.1_prot_BBH64455.1_1140	iAF987.Gmet_1170	36.4	121	56	6	19	131	2	109	2.40e-08	49.7
lcl|AP019371.1_prot_BBH64455.1_1140	iYL1228.KPN_02379	28.5	123	65	4	19	125	5	120	3.92e-08	49.3
lcl|AP019371.1_prot_BBH64455.1_1140	iSynCJ816.SGL_RS05525	29.8	114	75	2	20	132	16	125	3.98e-08	49.3
lcl|AP019371.1_prot_BBH64456.1_1141	iEK1008.Rv2039c	41.4	261	145	6	20	278	19	273	1.39e-48	162
lcl|AP019371.1_prot_BBH64457.1_1142	iYO844.BSU28740	30.4	289	187	7	29	315	26	302	1.45e-38	138
lcl|AP019371.1_prot_BBH64457.1_1142	iEK1008.Rv2040c	29.7	286	191	4	37	321	14	290	3.24e-36	132
lcl|AP019371.1_prot_BBH64458.1_1143	iYO844.BSU28750	25.6	395	246	16	17	382	17	392	7.10e-20	90.9
lcl|AP019371.1_prot_BBH64459.1_1144	iNF517.LLMG_RS04070	21.9	155	112	5	121	268	103	255	1.49e-04	42.7
lcl|AP019371.1_prot_BBH64460.1_1145	iAF987.Gmet_2629	30.1	559	361	9	298	837	250	797	9.58e-73	254
lcl|AP019371.1_prot_BBH64460.1_1145	iJN1463.PP_0914	35.2	440	273	5	421	848	244	683	2.53e-72	251
lcl|AP019371.1_prot_BBH64460.1_1145	iAF987.Gmet_0782	34.7	453	284	5	411	851	276	728	7.23e-71	248
lcl|AP019371.1_prot_BBH64460.1_1145	iAF987.Gmet_0957	34.2	439	276	8	422	847	181	619	1.31e-70	244
lcl|AP019371.1_prot_BBH64460.1_1145	iAF987.Gmet_0987	28.6	570	383	10	297	850	225	786	5.41e-65	232
lcl|AP019371.1_prot_BBH64460.1_1145	iAF987.Gmet_0700	29.5	549	368	9	313	848	276	818	5.03e-64	230
lcl|AP019371.1_prot_BBH64462.1_1147	iML1515.b0837	28.0	347	195	16	61	364	29	363	6.17e-23	98.6
lcl|AP019371.1_prot_BBH64462.1_1147	iYL1228.KPN_00869	27.4	340	192	14	61	356	27	355	8.23e-23	98.2
lcl|AP019371.1_prot_BBH64462.1_1147	iSbBS512_1146.SbBS512_E2507	28.0	347	195	16	61	364	29	363	8.42e-23	98.2
lcl|AP019371.1_prot_BBH64462.1_1147	iSF_1195.SF0787	31.6	234	131	11	61	272	29	255	2.52e-22	95.9
lcl|AP019371.1_prot_BBH64464.1_1149	iAF987.Gmet_0073	46.7	484	246	5	10	490	3	477	6.95e-140	410
lcl|AP019371.1_prot_BBH64465.1_1150	iSynCJ816.SGL_RS07160	54.8	465	198	4	19	478	14	471	2.81e-167	480
lcl|AP019371.1_prot_BBH64465.1_1150	iAF987.Gmet_0075	53.7	469	207	4	19	483	18	480	5.95e-162	467
lcl|AP019371.1_prot_BBH64465.1_1150	iAF692.Mbar_A0883	51.4	471	216	5	19	487	15	474	3.57e-153	444
lcl|AP019371.1_prot_BBH64465.1_1150	iJN1463.PP_0931	50.4	470	224	3	6	472	3	466	4.67e-153	444
lcl|AP019371.1_prot_BBH64466.1_1151	iAF987.Gmet_0076	44.1	93	52	0	4	96	3	95	3.55e-22	82.4
lcl|AP019371.1_prot_BBH64467.1_1152	iAF987.Gmet_2629	40.0	418	240	6	266	675	384	798	1.45e-79	270
lcl|AP019371.1_prot_BBH64467.1_1152	iAF987.Gmet_0700	39.7	441	256	6	252	684	379	817	2.73e-79	269
lcl|AP019371.1_prot_BBH64467.1_1152	iAF987.Gmet_0957	39.5	418	240	8	270	677	198	612	5.17e-77	259
lcl|AP019371.1_prot_BBH64467.1_1152	iJN1463.PP_3581	40.7	447	245	10	263	698	258	695	1.89e-76	259
lcl|AP019371.1_prot_BBH64467.1_1152	iAF987.Gmet_0987	37.0	430	261	5	266	687	359	786	3.00e-75	258
lcl|AP019371.1_prot_BBH64467.1_1152	iAF987.Gmet_0782	39.1	432	253	7	265	688	299	728	5.55e-74	253
lcl|AP019371.1_prot_BBH64467.1_1152	iJN1463.PP_0914	38.4	430	251	6	265	684	257	682	6.62e-74	252
lcl|AP019371.1_prot_BBH64467.1_1152	iJN1463.PP_1144	36.7	430	262	6	265	686	287	714	9.94e-72	247
lcl|AP019371.1_prot_BBH64467.1_1152	iAF987.Gmet_3085	36.5	427	260	6	268	685	460	884	5.87e-70	245
lcl|AP019371.1_prot_BBH64468.1_1153	iYL1228.KPN_02758	36.9	775	366	9	16	780	10	671	9.56e-147	446
lcl|AP019371.1_prot_BBH64468.1_1153	STM_v1_0.STM2427	36.9	770	369	7	16	778	10	669	2.95e-145	442
lcl|AP019371.1_prot_BBH64468.1_1153	iML1515.b2411	36.8	770	370	7	16	778	10	669	3.24e-144	439
lcl|AP019371.1_prot_BBH64468.1_1153	iSDY_1059.SDY_2608	37.0	771	367	8	16	778	10	669	3.24e-144	439
lcl|AP019371.1_prot_BBH64468.1_1153	iSSON_1240.SSON_2500	36.5	770	372	7	16	778	10	669	7.08e-143	436
lcl|AP019371.1_prot_BBH64468.1_1153	iSF_1195.SF2466	36.4	770	373	8	16	778	10	669	1.54e-141	432
lcl|AP019371.1_prot_BBH64468.1_1153	iYS854.USA300HOU_RS10340	35.0	771	383	10	8	774	2	658	1.65e-139	427
lcl|AP019371.1_prot_BBH64471.1_1156	iEK1008.Rv3025c	61.3	385	147	2	1	384	1	384	5.93e-152	434
lcl|AP019371.1_prot_BBH64472.1_1157	iEK1008.Rv3028c	53.9	319	136	4	1	310	1	317	1.14e-92	277
lcl|AP019371.1_prot_BBH64473.1_1158	iEK1008.Rv3029c	52.7	264	118	3	2	258	3	266	1.39e-85	255
lcl|AP019371.1_prot_BBH64477.1_1162	iML1515.b0650	29.9	354	233	7	12	361	7	349	1.03e-21	99.8
lcl|AP019371.1_prot_BBH64477.1_1162	STM_v1_0.STM0659	30.1	356	230	7	12	361	7	349	1.84e-21	99.0
lcl|AP019371.1_prot_BBH64477.1_1162	iSSON_1240.SSON_0604	30.3	356	229	9	12	361	7	349	1.82e-21	99.0
lcl|AP019371.1_prot_BBH64477.1_1162	iSbBS512_1146.SbBS512_E0599	29.8	352	234	7	13	361	8	349	7.45e-21	97.1
lcl|AP019371.1_prot_BBH64478.1_1163	iEK1008.Rv1070c	47.3	256	132	2	3	257	4	257	3.71e-65	203
lcl|AP019371.1_prot_BBH64478.1_1163	iAF987.Gmet_2071	44.5	256	140	2	3	256	4	259	1.85e-63	199
lcl|AP019371.1_prot_BBH64478.1_1163	iLB1027_lipid.PHATRDRAFT_55192	45.5	244	130	2	12	254	25	266	8.81e-61	192
lcl|AP019371.1_prot_BBH64478.1_1163	iJN1463.PP_2217	41.8	256	146	2	3	257	4	257	1.58e-58	186
lcl|AP019371.1_prot_BBH64478.1_1163	iCN718.ABAYE_RS11650	43.9	246	135	2	13	257	19	262	3.66e-58	185
lcl|AP019371.1_prot_BBH64478.1_1163	iCN900.CD630_08000	41.8	251	145	1	5	254	7	257	1.95e-57	183
lcl|AP019371.1_prot_BBH64483.1_1168	iPC815.YPO0008	39.9	298	168	5	4	291	5	301	2.96e-48	162
lcl|AP019371.1_prot_BBH64483.1_1168	iEK1008.Rv2436	42.5	299	149	6	1	292	12	294	5.29e-48	162
lcl|AP019371.1_prot_BBH64483.1_1168	iJN1463.PP_2458	40.3	298	166	6	4	290	4	300	7.06e-48	161
lcl|AP019371.1_prot_BBH64483.1_1168	iYL1228.KPN_04157	40.3	298	167	5	4	291	7	303	2.42e-47	160
lcl|AP019371.1_prot_BBH64483.1_1168	iML1515.b3752	40.7	297	167	4	5	292	7	303	9.23e-47	159
lcl|AP019371.1_prot_BBH64483.1_1168	iSF_1195.SF3835	40.4	297	168	4	5	292	12	308	1.05e-46	159
lcl|AP019371.1_prot_BBH64483.1_1168	iSSON_1240.SSON_3922	40.7	297	167	4	5	292	7	303	9.23e-47	159
lcl|AP019371.1_prot_BBH64483.1_1168	STM_v1_0.STM3885	39.9	298	168	5	5	292	7	303	1.30e-46	158
lcl|AP019371.1_prot_BBH64483.1_1168	iSbBS512_1146.SbBS512_E4167	40.5	296	167	4	5	291	7	302	2.57e-46	157
lcl|AP019371.1_prot_BBH64483.1_1168	iYO844.BSU35920	39.9	298	164	8	5	295	4	293	1.32e-45	155
lcl|AP019371.1_prot_BBH64483.1_1168	iSDY_1059.SDY_3995	39.7	297	170	4	5	292	7	303	1.66e-43	150
lcl|AP019371.1_prot_BBH64484.1_1169	iML1515.b0588	31.3	217	139	4	46	259	38	247	1.84e-26	103
lcl|AP019371.1_prot_BBH64484.1_1169	STM_v1_0.STM0590	31.8	217	138	4	46	259	38	247	1.60e-26	103
lcl|AP019371.1_prot_BBH64484.1_1169	iSDY_1059.SDY_0519	31.3	217	139	4	46	259	38	247	1.84e-26	103
lcl|AP019371.1_prot_BBH64484.1_1169	iSF_1195.SF0502	31.3	217	139	4	46	259	38	247	1.84e-26	103
lcl|AP019371.1_prot_BBH64484.1_1169	iSbBS512_1146.SbBS512_E0489	30.9	217	140	4	46	259	38	247	9.67e-26	102
lcl|AP019371.1_prot_BBH64484.1_1169	iSSON_1240.SSON_0539	30.9	217	140	4	46	259	38	247	2.61e-25	100
lcl|AP019371.1_prot_BBH64484.1_1169	iSynCJ816.SGL_RS01940	28.7	237	163	4	20	255	14	245	3.44e-25	100
lcl|AP019371.1_prot_BBH64484.1_1169	iJN1463.PP_2416	31.1	257	153	5	4	255	5	242	2.23e-24	98.2
lcl|AP019371.1_prot_BBH64484.1_1169	iYO844.BSU30760	28.0	239	163	3	16	254	4	233	3.43e-24	97.4
lcl|AP019371.1_prot_BBH64484.1_1169	iYL1228.KPN_00606	27.9	247	161	5	12	255	11	243	8.70e-24	96.7
lcl|AP019371.1_prot_BBH64484.1_1169	iSynCJ816.SGL_RS04625	33.2	205	128	4	15	219	22	217	5.01e-23	95.1
lcl|AP019371.1_prot_BBH64484.1_1169	iSynCJ816.SGL_RS08815	30.0	247	160	7	16	258	10	247	4.20e-23	94.7
lcl|AP019371.1_prot_BBH64484.1_1169	iAF692.Mbar_A0995	31.7	208	127	4	12	219	8	200	7.26e-23	94.0
lcl|AP019371.1_prot_BBH64485.1_1170	iHN637.CLJU_RS10220	26.8	280	186	5	84	349	5	279	9.52e-19	85.9
lcl|AP019371.1_prot_BBH64485.1_1170	iYO844.BSU24850	29.3	276	174	6	87	347	8	277	8.27e-18	83.2
lcl|AP019371.1_prot_BBH64485.1_1170	iSynCJ816.SGL_RS12595	26.3	312	198	9	79	377	24	316	4.49e-16	78.2
lcl|AP019371.1_prot_BBH64486.1_1171	iJN1463.PP_2145	39.0	251	145	7	36	284	31	275	1.56e-38	142
lcl|AP019371.1_prot_BBH64486.1_1171	iLJ478.TM0809	39.4	216	126	4	46	260	38	249	5.79e-36	138
lcl|AP019371.1_prot_BBH64489.1_1174	iEK1008.Rv2476c	45.9	1596	773	29	95	1643	67	1618	0.0	1248
lcl|AP019371.1_prot_BBH64489.1_1174	iJN1463.PP_2080	45.1	1509	792	14	120	1611	93	1581	0.0	1214
lcl|AP019371.1_prot_BBH64490.1_1175	iAF987.Gmet_0928	23.8	550	352	14	140	629	55	597	1.52e-14	76.6
lcl|AP019371.1_prot_BBH64491.1_1176	iYO844.BSU40320	27.8	230	153	5	72	295	69	291	9.80e-16	78.2
lcl|AP019371.1_prot_BBH64492.1_1177	iJN1463.PP_0510	30.9	285	154	7	2	249	12	290	1.55e-26	103
lcl|AP019371.1_prot_BBH64494.1_1179	iAF987.Gmet_3251	50.8	535	254	3	20	553	22	548	1.23e-183	527
lcl|AP019371.1_prot_BBH64495.1_1180	iJN1463.PP_3944	28.4	320	214	8	2	313	9	321	1.26e-20	92.0
lcl|AP019371.1_prot_BBH64495.1_1180	iYS854.USA300HOU_RS12480	27.9	344	233	9	2	343	5	335	1.17e-20	92.0
lcl|AP019371.1_prot_BBH64495.1_1180	iCN718.ABAYE_RS01180	29.2	356	221	12	1	341	4	343	2.38e-20	91.3
lcl|AP019371.1_prot_BBH64497.1_1182	iML1515.b2918	38.0	266	154	3	11	267	11	274	4.19e-46	158
lcl|AP019371.1_prot_BBH64497.1_1182	iMM1415.109136	38.4	268	161	2	53	316	143	410	1.07e-43	154
lcl|AP019371.1_prot_BBH64497.1_1182	iCHOv1.100772148	36.9	268	165	2	53	316	148	415	4.48e-43	152
lcl|AP019371.1_prot_BBH64498.1_1183	iEK1008.Rv1323	65.1	387	134	1	7	392	1	387	1.34e-159	454
lcl|AP019371.1_prot_BBH64499.1_1184	iEK1008.Rv1322A	64.4	132	46	1	27	158	21	151	2.07e-55	171
lcl|AP019371.1_prot_BBH64502.1_1187	iML1515.b1601	21.4	308	234	5	59	364	26	327	4.66e-07	50.8
lcl|AP019371.1_prot_BBH64506.1_1191	iJN1463.PP_0213	34.9	458	274	8	4	447	31	478	1.89e-72	236
lcl|AP019371.1_prot_BBH64506.1_1191	iYL1228.KPN_00256	34.2	459	278	8	4	447	31	480	1.31e-68	226
lcl|AP019371.1_prot_BBH64506.1_1191	iSSON_1240.SSON_2805	34.4	459	277	8	4	447	31	480	2.58e-68	226
lcl|AP019371.1_prot_BBH64506.1_1191	iML1515.b2661	34.2	459	278	8	4	447	31	480	7.10e-68	224
lcl|AP019371.1_prot_BBH64506.1_1191	STM_v1_0.STM2791	33.8	459	280	8	4	447	31	480	1.39e-67	224
lcl|AP019371.1_prot_BBH64506.1_1191	iYO844.BSU03910	35.6	461	270	8	5	447	9	460	1.68e-67	223
lcl|AP019371.1_prot_BBH64506.1_1191	iLB1027_lipid.PHATRDRAFT_20445	34.6	468	283	9	5	449	6	473	1.42e-66	222
lcl|AP019371.1_prot_BBH64506.1_1191	iEK1008.Rv1731	34.6	489	300	7	8	480	34	518	1.30e-65	219
lcl|AP019371.1_prot_BBH64506.1_1191	iAF987.Gmet_3395	33.9	460	274	9	4	445	32	479	9.24e-64	214
lcl|AP019371.1_prot_BBH64506.1_1191	iCN718.ABAYE_RS14730	33.3	451	277	7	4	439	32	473	1.77e-63	213
lcl|AP019371.1_prot_BBH64507.1_1192	iYL1228.KPN_00838	30.8	198	132	3	7	199	2	199	7.55e-22	89.4
lcl|AP019371.1_prot_BBH64507.1_1192	iML1515.b0809	30.3	198	133	3	7	199	2	199	4.01e-21	87.4
lcl|AP019371.1_prot_BBH64507.1_1192	iSbBS512_1146.SbBS512_E2539	30.3	198	133	3	7	199	2	199	4.01e-21	87.4
lcl|AP019371.1_prot_BBH64507.1_1192	iSDY_1059.SDY_0787	30.3	198	133	3	7	199	2	199	4.01e-21	87.4
lcl|AP019371.1_prot_BBH64507.1_1192	iSSON_1240.SSON_0789	30.3	198	133	3	7	199	2	199	4.01e-21	87.4
lcl|AP019371.1_prot_BBH64507.1_1192	iSF_1195.SF0760	29.8	198	134	3	7	199	2	199	4.11e-20	84.7
lcl|AP019371.1_prot_BBH64507.1_1192	iJN1463.PP_5137	34.6	162	104	1	7	168	10	169	3.32e-19	84.0
lcl|AP019371.1_prot_BBH64507.1_1192	STM_v1_0.STM0828	29.8	198	134	3	7	199	2	199	1.11e-19	83.6
lcl|AP019371.1_prot_BBH64507.1_1192	STM_v1_0.STM2254	35.1	168	99	3	29	194	24	183	5.77e-20	83.6
lcl|AP019371.1_prot_BBH64507.1_1192	iYL1228.KPN_00897	28.1	199	134	3	6	195	2	200	1.60e-19	83.2
lcl|AP019371.1_prot_BBH64507.1_1192	iJN1463.PP_1068	30.8	198	132	2	7	199	14	211	2.81e-19	82.8
lcl|AP019371.1_prot_BBH64507.1_1192	iEK1008.Rv2397c	32.2	174	118	0	6	179	4	177	1.18e-18	82.4
lcl|AP019371.1_prot_BBH64507.1_1192	iML1515.b2422	34.1	167	106	1	6	168	2	168	2.47e-18	81.6
lcl|AP019371.1_prot_BBH64507.1_1192	iML1515.b0864	29.7	185	121	3	6	181	2	186	6.03e-19	81.6
lcl|AP019371.1_prot_BBH64507.1_1192	iYL1228.KPN_02770	34.1	167	106	1	6	168	2	168	2.45e-18	81.6
lcl|AP019371.1_prot_BBH64507.1_1192	iSbBS512_1146.SbBS512_E2467	29.7	185	121	3	6	181	2	186	6.03e-19	81.6
lcl|AP019371.1_prot_BBH64507.1_1192	iSDY_1059.SDY_2618	34.1	167	106	1	6	168	2	168	2.47e-18	81.6
lcl|AP019371.1_prot_BBH64507.1_1192	iSF_1195.SF0818	29.7	185	121	3	6	181	2	186	6.03e-19	81.6
lcl|AP019371.1_prot_BBH64507.1_1192	iSSON_1240.SSON_0849	29.7	185	121	3	6	181	2	186	6.03e-19	81.6
lcl|AP019371.1_prot_BBH64507.1_1192	iAF987.Gmet_2634	34.8	198	119	8	5	194	339	534	5.81e-18	81.3
lcl|AP019371.1_prot_BBH64507.1_1192	iSbBS512_1146.SbBS512_E2794	34.1	167	106	1	6	168	2	168	3.39e-18	81.3
lcl|AP019371.1_prot_BBH64507.1_1192	iSSON_1240.SSON_2511	34.1	167	106	1	6	168	2	168	3.39e-18	81.3
lcl|AP019371.1_prot_BBH64507.1_1192	iYS854.USA300HOU_RS09925	29.7	202	133	4	5	199	2	201	8.39e-19	81.3
lcl|AP019371.1_prot_BBH64507.1_1192	iPC815.YPO1352	28.1	199	134	3	6	195	2	200	8.39e-19	81.3
lcl|AP019371.1_prot_BBH64507.1_1192	iYO844.BSU30420	32.1	184	118	3	20	196	23	206	1.35e-18	80.5
lcl|AP019371.1_prot_BBH64507.1_1192	iCN900.CD630_35300	30.4	161	112	0	8	168	5	165	4.92e-18	80.5
lcl|AP019371.1_prot_BBH64514.1_1199	iYO844.BSU24160	47.0	279	147	1	4	282	5	282	1.80e-79	241
lcl|AP019371.1_prot_BBH64514.1_1199	iAF987.Gmet_2072	45.0	282	154	1	1	282	1	281	1.10e-76	234
lcl|AP019371.1_prot_BBH64514.1_1199	iCN900.CD630_10580	43.7	279	156	1	4	282	2	279	1.43e-74	229
lcl|AP019371.1_prot_BBH64514.1_1199	iJN1463.PP_3755	44.8	279	153	1	4	282	5	282	1.68e-73	226
lcl|AP019371.1_prot_BBH64514.1_1199	iAF987.Gmet_2269	42.7	281	158	3	3	282	16	294	1.66e-71	221
lcl|AP019371.1_prot_BBH64516.1_1201	iEK1008.Rv1315	60.8	411	159	2	9	419	7	415	6.77e-167	474
lcl|AP019371.1_prot_BBH64517.1_1202	STM_v1_0.STM2050	42.6	169	90	4	8	175	3	165	1.32e-26	103
lcl|AP019371.1_prot_BBH64517.1_1202	iCHOv1.100751940	36.7	177	104	4	5	177	49	221	9.69e-25	96.3
lcl|AP019371.1_prot_BBH64520.1_1205	iEK1008.Rv1311	51.2	82	40	0	4	85	3	84	2.83e-22	83.2
lcl|AP019371.1_prot_BBH64521.1_1206	iYS854.USA300HOU_RS06935	28.4	222	115	8	67	288	81	258	2.39e-10	60.8
lcl|AP019371.1_prot_BBH64522.1_1207	iEK1008.Rv1310	75.8	472	112	2	6	477	13	482	1.19e-254	702
lcl|AP019371.1_prot_BBH64523.1_1208	iEK1008.Rv1309	56.1	305	133	1	1	305	1	304	2.79e-100	296
lcl|AP019371.1_prot_BBH64524.1_1209	iEK1008.Rv1308	72.8	511	139	0	1	511	1	511	3.95e-265	733
lcl|AP019371.1_prot_BBH64525.1_1210	iEK1008.Rv1307	35.0	243	155	1	29	268	199	441	1.18e-36	134
lcl|AP019371.1_prot_BBH64526.1_1211	iEK1008.Rv1306	29.6	159	111	1	7	165	14	171	1.94e-10	56.6
lcl|AP019371.1_prot_BBH64527.1_1212	iYS854.USA300HOU_RS11385	41.7	60	35	0	11	70	6	65	6.34e-10	49.7
lcl|AP019371.1_prot_BBH64527.1_1212	iYO844.BSU36860	39.3	61	37	0	11	71	6	66	2.56e-09	48.1
lcl|AP019371.1_prot_BBH64528.1_1213	iAF987.Gmet_3359	31.8	220	128	8	44	263	32	229	5.25e-18	80.1
lcl|AP019371.1_prot_BBH64528.1_1213	iIT341.HP0828	34.5	220	121	9	45	262	26	224	1.32e-17	79.0
lcl|AP019371.1_prot_BBH64531.1_1216	iYO844.BSU36900	53.3	413	189	1	12	424	4	412	3.12e-152	437
lcl|AP019371.1_prot_BBH64531.1_1216	iAF987.Gmet_1605	53.3	411	188	1	12	422	4	410	9.53e-149	428
lcl|AP019371.1_prot_BBH64531.1_1216	iLJ478.TM0720	55.8	412	175	4	16	422	9	418	3.30e-147	425
lcl|AP019371.1_prot_BBH64531.1_1216	iSynCJ816.SGL_RS04690	53.0	413	189	4	12	423	9	417	5.73e-143	414
lcl|AP019371.1_prot_BBH64531.1_1216	iYS854.USA300HOU_RS11410	51.3	413	196	2	12	423	4	412	1.39e-142	412
lcl|AP019371.1_prot_BBH64531.1_1216	iHN637.CLJU_RS05640	49.2	415	205	1	8	422	2	410	1.71e-141	410
lcl|AP019371.1_prot_BBH64531.1_1216	iJN1463.PP_0671	52.3	409	188	3	16	422	12	415	2.68e-141	409
lcl|AP019371.1_prot_BBH64531.1_1216	iCN718.ABAYE_RS06300	50.9	409	195	2	16	422	11	415	8.74e-140	405
lcl|AP019371.1_prot_BBH64531.1_1216	iEK1008.Rv0070c	52.5	415	186	3	16	424	12	421	4.61e-139	404
lcl|AP019371.1_prot_BBH64531.1_1216	STM_v1_0.STM2555	51.0	412	190	4	16	422	12	416	4.63e-137	399
lcl|AP019371.1_prot_BBH64531.1_1216	iSSON_1240.SSON_2634	50.5	410	195	3	16	422	12	416	4.63e-137	399
lcl|AP019371.1_prot_BBH64531.1_1216	iML1515.b2551	50.2	410	196	3	16	422	12	416	1.32e-136	397
lcl|AP019371.1_prot_BBH64531.1_1216	iJN1463.PP_0322	51.2	410	193	3	15	422	12	416	1.32e-136	397
lcl|AP019371.1_prot_BBH64531.1_1216	iSbBS512_1146.SbBS512_E2916	50.2	410	196	3	16	422	12	416	1.32e-136	397
lcl|AP019371.1_prot_BBH64531.1_1216	iSF_1195.SF2598	50.2	410	196	3	16	422	12	416	1.32e-136	397
lcl|AP019371.1_prot_BBH64531.1_1216	iAF692.Mbar_A2316	49.5	412	203	2	12	422	4	411	4.48e-136	396
lcl|AP019371.1_prot_BBH64531.1_1216	iSDY_1059.SDY_2741	50.0	410	197	3	16	422	12	416	5.30e-136	396
lcl|AP019371.1_prot_BBH64531.1_1216	iYL1228.KPN_02876	50.7	412	191	4	16	422	12	416	1.06e-135	395
lcl|AP019371.1_prot_BBH64532.1_1217	iJN1463.PP_1803	26.7	266	159	12	4	238	7	267	1.22e-11	65.5
lcl|AP019371.1_prot_BBH64532.1_1217	iEK1008.Rv1106c	28.1	192	103	8	2	163	16	202	1.58e-09	59.3
lcl|AP019371.1_prot_BBH64534.1_1219	iMM1415.11431	32.2	90	59	2	5	94	3	90	8.30e-06	43.9
lcl|AP019371.1_prot_BBH64534.1_1219	iCHOv1.100773599	39.5	81	42	4	10	87	8	84	2.55e-04	39.7
lcl|AP019371.1_prot_BBH64536.1_1221	iSynCJ816.SGL_RS09640	34.2	222	133	4	78	288	77	296	6.54e-25	100
lcl|AP019371.1_prot_BBH64537.1_1222	iJN1463.PP_0129	36.7	139	75	3	320	447	448	584	6.75e-15	77.0
lcl|AP019371.1_prot_BBH64539.1_1224	iNF517.LLMG_RS04965	27.8	126	65	4	250	374	19	119	1.68e-05	47.0
lcl|AP019371.1_prot_BBH64545.1_1230	iAT_PLT_636.4846	48.9	348	175	2	24	368	126	473	1.24e-108	344
lcl|AP019371.1_prot_BBH64545.1_1230	iMM1415.18127	48.7	349	176	2	23	368	124	472	2.37e-108	343
lcl|AP019371.1_prot_BBH64545.1_1230	iCHOv1.100769961	48.1	349	178	2	23	368	124	472	2.23e-107	341
lcl|AP019371.1_prot_BBH64545.1_1230	iCHOv1.100758127	43.1	369	202	3	25	385	358	726	3.66e-99	321
lcl|AP019371.1_prot_BBH64545.1_1230	iMM1415.18125	43.1	369	202	3	25	385	358	726	7.10e-99	320
lcl|AP019371.1_prot_BBH64545.1_1230	iMM1415.18126	45.8	330	178	1	45	373	159	488	1.60e-99	319
lcl|AP019371.1_prot_BBH64545.1_1230	iCHOv1.100760062	44.9	336	181	2	42	373	159	494	6.42e-99	317
lcl|AP019371.1_prot_BBH64545.1_1230	iAT_PLT_636.4843	42.7	377	206	5	2	374	125	495	6.87e-99	317
lcl|AP019371.1_prot_BBH64546.1_1231	iCN900.CD630_02510	28.9	239	152	6	510	738	151	381	1.90e-11	66.6
lcl|AP019371.1_prot_BBH64546.1_1231	iYO844.BSU36810	24.7	328	224	12	424	737	56	374	1.83e-09	60.5
lcl|AP019371.1_prot_BBH64547.1_1232	iEK1008.Rv1296	47.1	272	136	3	14	277	14	285	4.93e-68	214
lcl|AP019371.1_prot_BBH64549.1_1234	iAF987.Gmet_3509	28.0	1039	693	22	8	1009	9	1029	3.62e-91	314
lcl|AP019371.1_prot_BBH64551.1_1236	iLJ478.TM0546	63.9	332	120	0	4	335	4	335	1.75e-146	417
lcl|AP019371.1_prot_BBH64551.1_1236	iEK1008.Rv1295	61.3	349	134	1	2	349	12	360	5.83e-143	408
lcl|AP019371.1_prot_BBH64551.1_1236	iSynCJ816.SGL_RS10720	62.7	327	118	2	2	326	34	358	4.08e-141	404
lcl|AP019371.1_prot_BBH64551.1_1236	iYO844.BSU32250	60.1	326	129	1	1	326	1	325	6.40e-138	395
lcl|AP019371.1_prot_BBH64551.1_1236	iYS854.USA300HOU_RS06755	57.8	332	138	2	2	332	4	334	3.62e-130	375
lcl|AP019371.1_prot_BBH64552.1_1237	iEK1008.Rv1294	61.0	436	156	5	5	429	6	438	3.38e-166	474
lcl|AP019371.1_prot_BBH64553.1_1238	iEK1008.Rv1293	58.2	443	170	4	30	460	7	446	6.36e-173	492
lcl|AP019371.1_prot_BBH64554.1_1239	iYS854.USA300HOU_RS03230	42.0	533	283	9	34	552	33	553	1.09e-134	402
lcl|AP019371.1_prot_BBH64554.1_1239	iAF987.Gmet_1434	42.5	537	285	9	34	552	39	569	2.50e-125	379
lcl|AP019371.1_prot_BBH64557.1_1242	iEK1008.Rv3436c	60.1	629	222	8	1	605	1	624	8.69e-247	692
lcl|AP019371.1_prot_BBH64558.1_1243	iML1515.b1022	31.3	272	175	5	325	584	43	314	2.96e-34	135
lcl|AP019371.1_prot_BBH64558.1_1243	iYS854.USA300HOU_RS14480	32.1	224	148	3	350	569	47	270	5.79e-32	128
lcl|AP019371.1_prot_BBH64561.1_1246	iYS854.USA300HOU_RS06130	32.1	252	161	6	10	255	9	256	8.15e-29	120
lcl|AP019371.1_prot_BBH64565.1_1250	iYO844.BSU03070	29.7	491	328	5	35	512	17	503	1.90e-66	223
lcl|AP019371.1_prot_BBH64570.1_1255	iAF692.Mbar_A1138	28.1	199	131	7	1	196	2	191	2.80e-11	62.8
lcl|AP019371.1_prot_BBH64573.1_1258	iML1515.b2988	22.1	307	181	11	147	437	313	577	1.61e-11	66.2
lcl|AP019371.1_prot_BBH64573.1_1258	iSbBS512_1146.SbBS512_E3415	22.1	307	181	11	147	437	313	577	1.61e-11	66.2
lcl|AP019371.1_prot_BBH64573.1_1258	iSDY_1059.SDY_3085	22.1	307	181	11	147	437	313	577	1.61e-11	66.2
lcl|AP019371.1_prot_BBH64573.1_1258	iSF_1195.SF3035	22.1	307	181	11	147	437	313	577	1.61e-11	66.2
lcl|AP019371.1_prot_BBH64573.1_1258	iSSON_1240.SSON_3133	22.1	307	181	11	147	437	313	577	1.61e-11	66.2
lcl|AP019371.1_prot_BBH64573.1_1258	STM_v1_0.STM3139	23.8	303	175	12	147	434	312	573	1.85e-09	59.7
lcl|AP019371.1_prot_BBH64575.1_1260	iYO844.BSU15910	45.1	246	126	3	8	251	5	243	3.36e-54	174
lcl|AP019371.1_prot_BBH64575.1_1260	iSynCJ816.SGL_RS07245	45.0	251	125	4	4	251	3	243	6.91e-54	174
lcl|AP019371.1_prot_BBH64575.1_1260	iCN718.ABAYE_RS14915	42.4	245	130	3	8	251	6	240	1.01e-52	171
lcl|AP019371.1_prot_BBH64575.1_1260	iYL1228.KPN_01091	42.4	250	131	5	4	251	2	240	1.01e-52	171
lcl|AP019371.1_prot_BBH64575.1_1260	iYS854.USA300HOU_RS06185	45.7	247	125	3	7	251	2	241	1.01e-52	171
lcl|AP019371.1_prot_BBH64575.1_1260	iML1515.b1093	42.1	247	128	5	8	251	6	240	1.60e-51	167
lcl|AP019371.1_prot_BBH64575.1_1260	iSbBS512_1146.SbBS512_E2231	42.1	247	128	5	8	251	6	240	1.60e-51	167
lcl|AP019371.1_prot_BBH64575.1_1260	iSF_1195.SF1097	42.1	247	128	5	8	251	6	240	1.60e-51	167
lcl|AP019371.1_prot_BBH64575.1_1260	iSSON_1240.SSON_1113	42.1	247	128	5	8	251	6	240	1.60e-51	167
lcl|AP019371.1_prot_BBH64575.1_1260	iAF987.Gmet_1601	43.8	249	132	2	4	251	2	243	9.55e-51	166
lcl|AP019371.1_prot_BBH64575.1_1260	STM_v1_0.STM1195	41.2	250	134	5	4	251	2	240	9.02e-51	166
lcl|AP019371.1_prot_BBH64575.1_1260	iCN900.CD630_11820	42.0	250	136	3	4	251	3	245	2.93e-50	164
lcl|AP019371.1_prot_BBH64575.1_1260	iSDY_1059.SDY_2057	41.7	247	129	5	8	251	6	240	5.07e-50	164
lcl|AP019371.1_prot_BBH64575.1_1260	iHN637.CLJU_RS20765	43.8	249	131	3	5	251	4	245	3.19e-49	162
lcl|AP019371.1_prot_BBH64575.1_1260	iAM_Pv461.PVX_099555	40.8	245	137	2	8	251	60	297	1.31e-48	162
lcl|AP019371.1_prot_BBH64575.1_1260	iCHOv1.100766230	43.1	255	128	6	7	251	9	256	8.66e-49	161
lcl|AP019371.1_prot_BBH64575.1_1260	iMM1415.14979	43.2	259	122	7	7	251	9	256	1.22e-48	160
lcl|AP019371.1_prot_BBH64575.1_1260	iAM_Pf480.PF3D7_0922900	37.4	246	146	2	7	251	60	298	5.85e-47	157
lcl|AP019371.1_prot_BBH64575.1_1260	iPC815.YPO1599	40.0	250	137	5	4	251	2	240	1.27e-47	157
lcl|AP019371.1_prot_BBH64576.1_1261	iEK1008.Rv0126	42.0	543	311	3	5	544	43	584	1.23e-150	444
lcl|AP019371.1_prot_BBH64576.1_1261	iAF987.Gmet_3469	42.8	549	298	9	5	547	14	552	1.02e-143	442
lcl|AP019371.1_prot_BBH64576.1_1261	iJN1463.PP_4059	41.3	547	310	6	5	544	16	558	7.81e-141	434
lcl|AP019371.1_prot_BBH64580.1_1265	iNF517.LLMG_RS09290	36.8	174	102	2	16	181	5	178	5.16e-36	125
lcl|AP019371.1_prot_BBH64582.1_1267	iNF517.LLMG_RS11045	29.1	316	171	13	127	410	45	339	8.05e-22	97.1
lcl|AP019371.1_prot_BBH64584.1_1269	iJN1463.PP_3253	32.4	318	185	5	25	326	6	309	1.38e-35	133
lcl|AP019371.1_prot_BBH64589.1_1274	iSynCJ816.SGL_RS17085	38.9	265	154	6	4	261	6	269	2.28e-44	158
lcl|AP019371.1_prot_BBH64590.1_1275	iYO844.BSU40340	52.3	398	187	1	7	404	6	400	7.73e-153	437
lcl|AP019371.1_prot_BBH64594.1_1279	iMM904.YML059C	27.6	210	108	5	4	194	1369	1553	2.62e-13	69.7
lcl|AP019371.1_prot_BBH64596.1_1281	iML1515.b3781	37.0	100	63	0	4	103	3	102	1.20e-19	77.0
lcl|AP019371.1_prot_BBH64596.1_1281	STM_v1_0.STM3915	37.0	100	63	0	4	103	3	102	1.20e-19	77.0
lcl|AP019371.1_prot_BBH64596.1_1281	iSbBS512_1146.SbBS512_E4140	37.0	100	63	0	4	103	3	102	1.20e-19	77.0
lcl|AP019371.1_prot_BBH64596.1_1281	iSDY_1059.SDY_3968	37.0	100	63	0	4	103	21	120	1.90e-19	77.0
lcl|AP019371.1_prot_BBH64596.1_1281	iSF_1195.SF3854	37.0	100	63	0	4	103	21	120	1.90e-19	77.0
lcl|AP019371.1_prot_BBH64596.1_1281	iSSON_1240.SSON_3952	37.0	100	63	0	4	103	21	120	1.90e-19	77.0
lcl|AP019371.1_prot_BBH64596.1_1281	iJN1463.PP_5215	39.6	101	61	0	1	101	1	101	3.40e-19	75.9
lcl|AP019371.1_prot_BBH64596.1_1281	iYL1228.KPN_04282	37.0	100	63	0	4	103	3	102	4.82e-19	75.5
lcl|AP019371.1_prot_BBH64596.1_1281	iYS854.USA300HOU_RS05725	42.6	101	56	2	5	105	2	100	8.48e-19	74.7
lcl|AP019371.1_prot_BBH64596.1_1281	iPC815.YPO3270	35.1	97	62	1	3	99	34	129	1.85e-17	72.4
lcl|AP019371.1_prot_BBH64596.1_1281	iPC815.YPO3868	37.4	99	62	0	4	102	3	101	2.14e-17	71.2
lcl|AP019371.1_prot_BBH64599.1_1284	iEK1008.Rv0125	29.9	294	180	7	263	549	77	351	1.08e-22	99.4
lcl|AP019371.1_prot_BBH64600.1_1285	iAF987.Gmet_0043	31.6	237	144	7	286	513	43	270	2.82e-14	75.1
lcl|AP019371.1_prot_BBH64601.1_1286	iAF987.Gmet_2999	36.2	116	72	1	17	130	10	125	3.33e-18	82.0
lcl|AP019371.1_prot_BBH64601.1_1286	iAF987.Gmet_1706	32.2	152	95	3	16	165	2	147	1.49e-16	77.0
lcl|AP019371.1_prot_BBH64601.1_1286	iAF987.Gmet_0069	40.3	119	67	3	17	131	5	123	2.57e-16	76.3
lcl|AP019371.1_prot_BBH64602.1_1287	iCN718.ABAYE_RS03025	29.8	178	118	2	57	228	62	238	1.02e-12	65.9
lcl|AP019371.1_prot_BBH64602.1_1287	iAF987.Gmet_0363	32.6	141	90	2	53	188	40	180	1.43e-10	59.3
lcl|AP019371.1_prot_BBH64602.1_1287	iJN1463.PP_1844	31.7	123	79	2	68	188	61	180	1.47e-10	59.3
lcl|AP019371.1_prot_BBH64605.1_1290	iEK1008.Rv1248c	61.0	1243	447	9	22	1244	3	1227	0.0	1417
lcl|AP019371.1_prot_BBH64607.1_1292	iEK1008.Rv0408	46.9	676	339	7	1	667	21	685	6.28e-182	532
lcl|AP019371.1_prot_BBH64608.1_1293	iEK1008.Rv0409	53.1	377	165	5	4	368	5	381	2.30e-125	365
lcl|AP019371.1_prot_BBH64608.1_1293	iLJ478.TM0274	49.4	397	169	6	3	367	2	398	3.04e-117	345
lcl|AP019371.1_prot_BBH64610.1_1295	iEK1008.Rv3141	27.4	318	197	8	17	312	14	319	1.25e-17	81.6
lcl|AP019371.1_prot_BBH64610.1_1295	iML1515.b3253	30.1	266	156	7	25	271	22	276	4.37e-15	74.3
lcl|AP019371.1_prot_BBH64611.1_1296	iSynCJ816.SGL_RS02305	55.5	384	162	4	18	399	85	461	7.68e-133	389
lcl|AP019371.1_prot_BBH64611.1_1296	iYO844.BSU29220	54.5	393	171	6	24	410	10	400	5.75e-130	380
lcl|AP019371.1_prot_BBH64611.1_1296	iAF692.Mbar_A3045	53.5	385	173	5	24	402	38	422	3.73e-127	373
lcl|AP019371.1_prot_BBH64611.1_1296	iHN637.CLJU_RS02030	54.9	384	168	4	22	402	11	392	2.93e-127	373
lcl|AP019371.1_prot_BBH64611.1_1296	iHN637.CLJU_RS18940	53.6	384	172	5	22	401	10	391	8.32e-127	372
lcl|AP019371.1_prot_BBH64611.1_1296	iYS854.USA300HOU_RS09025	53.4	388	173	6	19	400	5	390	1.35e-125	369
lcl|AP019371.1_prot_BBH64617.1_1302	iYS854.USA300HOU_RS10305	34.6	133	71	4	20	152	24	140	1.04e-11	64.3
lcl|AP019371.1_prot_BBH64619.1_1304	iEK1008.Rv2393	42.6	115	59	4	12	124	46	155	3.31e-12	65.9
lcl|AP019371.1_prot_BBH64620.1_1305	iEK1008.Rv2392	46.4	250	117	1	19	251	4	253	2.54e-76	231
lcl|AP019371.1_prot_BBH64621.1_1306	iEK1008.Rv2391	61.9	567	208	2	1	563	1	563	7.00e-266	737
lcl|AP019371.1_prot_BBH64623.1_1308	iJN1463.PP_5409	35.3	363	207	10	8	349	254	609	4.62e-35	134
lcl|AP019371.1_prot_BBH64623.1_1308	iSynCJ816.SGL_RS02630	34.4	337	176	9	44	349	307	629	3.36e-34	132
lcl|AP019371.1_prot_BBH64623.1_1308	iYL1228.KPN_04134	34.8	319	188	8	45	349	295	607	1.25e-32	127
lcl|AP019371.1_prot_BBH64623.1_1308	iAF987.Gmet_0104	34.8	316	190	7	46	349	296	607	3.16e-32	126
lcl|AP019371.1_prot_BBH64623.1_1308	iPC815.YPO4118	34.3	321	189	8	44	349	294	607	3.16e-32	126
lcl|AP019371.1_prot_BBH64623.1_1308	iML1515.b3729	33.2	319	199	6	42	349	292	607	6.92e-31	122
lcl|AP019371.1_prot_BBH64623.1_1308	iSF_1195.SF3809	33.2	319	199	6	42	349	292	607	6.92e-31	122
lcl|AP019371.1_prot_BBH64623.1_1308	iSSON_1240.SSON_3890	33.2	319	199	6	42	349	292	607	6.92e-31	122
lcl|AP019371.1_prot_BBH64623.1_1308	iSDY_1059.SDY_4019	33.2	319	199	6	42	349	292	607	9.42e-31	122
lcl|AP019371.1_prot_BBH64623.1_1308	iSbBS512_1146.SbBS512_E4192	33.2	319	199	6	42	349	292	607	1.28e-30	122
lcl|AP019371.1_prot_BBH64623.1_1308	iLJ478.TM0148	33.7	312	192	6	49	349	297	604	1.72e-30	121
lcl|AP019371.1_prot_BBH64625.1_1310	STM_v1_0.STM0055	43.9	66	37	0	5	70	525	590	3.43e-13	62.0
lcl|AP019371.1_prot_BBH64625.1_1310	STM_v1_0.STM3352	43.9	66	37	0	5	70	525	590	3.43e-13	62.0
lcl|AP019371.1_prot_BBH64625.1_1310	iMM904.YBR208C	38.6	70	43	0	2	71	1763	1832	1.10e-11	57.8
lcl|AP019371.1_prot_BBH64631.1_1316	iEK1008.Rv3227	50.5	426	196	5	8	424	4	423	1.05e-127	376
lcl|AP019371.1_prot_BBH64632.1_1317	iJN1463.PP_4903	37.5	280	141	10	38	306	81	337	5.27e-35	129
lcl|AP019371.1_prot_BBH64632.1_1317	iPC815.YPO0365	34.7	285	152	12	37	306	70	335	1.68e-31	120
lcl|AP019371.1_prot_BBH64632.1_1317	iYL1228.KPN_04558	33.8	287	156	11	37	308	71	338	1.27e-30	118
lcl|AP019371.1_prot_BBH64633.1_1318	iSynCJ816.SGL_RS08510	32.5	231	137	8	42	262	45	266	2.20e-24	98.2
lcl|AP019371.1_prot_BBH64633.1_1318	iJN1463.PP_0838	32.5	246	154	7	26	262	20	262	6.50e-23	94.4
lcl|AP019371.1_prot_BBH64633.1_1318	iJN1463.PP_0261	34.9	218	135	4	26	238	18	233	1.13e-22	93.6
lcl|AP019371.1_prot_BBH64637.1_1322	iLJ478.TM0024	50.0	250	105	7	37	275	214	454	1.24e-75	247
lcl|AP019371.1_prot_BBH64640.1_1325	iJN1463.PP_4052	35.1	658	345	18	8	595	9	654	1.81e-97	314
lcl|AP019371.1_prot_BBH64640.1_1325	iYL1228.KPN_03786	33.2	608	345	15	74	621	81	687	2.96e-90	295
lcl|AP019371.1_prot_BBH64640.1_1325	iPC815.YPO0126	34.4	585	334	13	87	621	107	691	1.61e-89	293
lcl|AP019371.1_prot_BBH64640.1_1325	iSbBS512_1146.SbBS512_E3797	31.7	666	375	18	9	602	10	667	5.59e-89	292
lcl|AP019371.1_prot_BBH64640.1_1325	iSF_1195.SF3439	32.0	663	377	19	9	602	10	667	5.59e-89	292
lcl|AP019371.1_prot_BBH64640.1_1325	STM_v1_0.STM3513	32.6	611	345	14	74	621	78	684	7.46e-89	291
lcl|AP019371.1_prot_BBH64640.1_1325	iSDY_1059.SDY_3660	32.0	663	377	19	9	602	10	667	7.80e-89	291
lcl|AP019371.1_prot_BBH64640.1_1325	iML1515.b3416	32.0	663	377	19	9	602	10	667	2.12e-88	290
lcl|AP019371.1_prot_BBH64640.1_1325	iSSON_1240.SSON_3548	31.8	663	378	19	9	602	10	667	2.12e-88	290
lcl|AP019371.1_prot_BBH64655.1_1340	iMM904.YGL119W	28.6	318	203	9	2	312	68	368	2.94e-24	104
lcl|AP019371.1_prot_BBH64661.1_1346	iEK1008.Rv3199c	41.9	313	154	7	16	318	15	309	3.62e-65	207
lcl|AP019371.1_prot_BBH64662.1_1347	iAF987.Gmet_2529	25.6	441	310	6	5	435	34	466	8.98e-33	129
lcl|AP019371.1_prot_BBH64663.1_1348	iAF987.Gmet_2530	23.7	459	276	12	14	413	30	473	5.38e-22	97.8
lcl|AP019371.1_prot_BBH64665.1_1350	iAF987.Gmet_0996	45.3	318	168	4	41	355	34	348	3.38e-80	248
lcl|AP019371.1_prot_BBH64666.1_1351	iAF987.Gmet_1899	46.0	239	121	2	5	235	7	245	1.04e-66	207
lcl|AP019371.1_prot_BBH64666.1_1351	iCN900.CD630_23610	43.8	242	129	1	5	239	3	244	3.10e-65	202
lcl|AP019371.1_prot_BBH64666.1_1351	iSynCJ816.SGL_RS05565	46.2	221	112	1	5	218	3	223	1.15e-63	199
lcl|AP019371.1_prot_BBH64666.1_1351	iJN1463.PP_0209	47.4	215	106	1	15	222	21	235	1.53e-62	197
lcl|AP019371.1_prot_BBH64666.1_1351	iSynCJ816.SGL_RS16580	45.5	233	116	4	1	222	1	233	3.57e-56	189
lcl|AP019371.1_prot_BBH64667.1_1352	iAF987.Gmet_0998	30.2	245	167	2	68	311	14	255	1.27e-30	115
lcl|AP019371.1_prot_BBH64667.1_1352	iAF987.Gmet_1900	29.6	243	166	2	68	310	12	249	5.92e-28	108
lcl|AP019371.1_prot_BBH64669.1_1354	iSynCJ816.SGL_RS12400	36.8	185	103	6	24	202	45	221	1.35e-23	94.4
lcl|AP019371.1_prot_BBH64669.1_1354	iYO844.BSU09540	33.9	189	108	6	23	210	19	191	2.20e-22	90.5
lcl|AP019371.1_prot_BBH64675.1_1360	iAM_Pv461.PVX_089645	27.8	151	104	4	35	182	212	360	4.70e-06	45.4
lcl|AP019371.1_prot_BBH64675.1_1360	iAM_Pf480.PF3D7_0413700	32.5	114	73	3	35	145	178	290	1.12e-05	44.3
lcl|AP019371.1_prot_BBH64675.1_1360	iAM_Pc455.PCYB_052680	26.5	151	106	4	35	182	187	335	6.81e-05	42.0
lcl|AP019371.1_prot_BBH64676.1_1361	iAM_Pc455.PCYB_052680	49.3	146	69	3	105	247	188	331	1.17e-37	134
lcl|AP019371.1_prot_BBH64676.1_1361	iAM_Pv461.PVX_089645	48.6	146	70	3	105	247	213	356	1.91e-37	134
lcl|AP019371.1_prot_BBH64676.1_1361	iAM_Pf480.PF3D7_0413700	50.7	140	64	3	105	241	179	316	5.68e-37	132
lcl|AP019371.1_prot_BBH64676.1_1361	iAM_Pb448.PBANKA_071570	46.6	146	73	3	105	247	187	330	5.12e-36	130
lcl|AP019371.1_prot_BBH64678.1_1363	iEK1008.Rv1202	56.6	350	149	2	8	354	3	352	2.10e-132	382
lcl|AP019371.1_prot_BBH64679.1_1364	iEK1008.Rv1201c	62.2	312	110	2	10	314	7	317	5.40e-122	352
lcl|AP019371.1_prot_BBH64681.1_1366	iCN718.ABAYE_RS13380	47.3	184	96	1	15	197	17	200	3.83e-44	145
lcl|AP019371.1_prot_BBH64686.1_1371	iJN1463.PP_1588	33.7	371	205	12	3	342	34	394	3.10e-40	145
lcl|AP019371.1_prot_BBH64686.1_1371	iCN718.ABAYE_RS11080	33.3	342	210	7	3	327	33	373	5.06e-40	144
lcl|AP019371.1_prot_BBH64686.1_1371	iSynCJ816.SGL_RS13490	31.8	355	220	11	1	339	38	386	5.83e-37	136
lcl|AP019371.1_prot_BBH64687.1_1372	iJN1463.PP_1625	48.1	77	40	0	1	77	1	77	7.82e-26	92.4
lcl|AP019371.1_prot_BBH64691.1_1376	iEK1008.Rv1170	42.3	293	153	6	10	288	6	296	1.83e-63	201
lcl|AP019371.1_prot_BBH64695.1_1380	iEK1008.Rv0249c	62.6	257	88	4	14	263	18	273	1.19e-111	322
lcl|AP019371.1_prot_BBH64696.1_1381	iEK1008.Rv0248c	71.0	639	167	4	5	627	4	640	0.0	885
lcl|AP019371.1_prot_BBH64697.1_1382	iEK1008.Rv0247c	76.4	242	56	1	6	247	8	248	2.76e-141	399
lcl|AP019371.1_prot_BBH64700.1_1385	iAF987.Gmet_1820	44.9	247	112	3	6	228	2	248	1.06e-58	185
lcl|AP019371.1_prot_BBH64700.1_1385	STM_v1_0.STM3561	41.9	253	122	5	1	228	1	253	4.56e-53	171
lcl|AP019371.1_prot_BBH64700.1_1385	iLJ478.TM1138	39.7	267	117	5	6	228	12	278	2.05e-52	170
lcl|AP019371.1_prot_BBH64700.1_1385	iSSON_1240.SSON_3693	40.7	253	125	5	1	228	1	253	5.14e-52	168
lcl|AP019371.1_prot_BBH64700.1_1385	iML1515.b3455	40.7	253	125	5	1	228	1	253	7.27e-52	168
lcl|AP019371.1_prot_BBH64700.1_1385	iSbBS512_1146.SbBS512_E3867	40.7	253	125	5	1	228	1	253	7.27e-52	168
lcl|AP019371.1_prot_BBH64700.1_1385	iSF_1195.SF3473	40.7	253	125	5	1	228	1	253	7.27e-52	168
lcl|AP019371.1_prot_BBH64700.1_1385	iYL1228.KPN_03817	41.1	253	124	5	1	228	1	253	2.05e-51	167
lcl|AP019371.1_prot_BBH64700.1_1385	iSDY_1059.SDY_3604	40.3	253	126	5	1	228	1	253	2.05e-51	167
lcl|AP019371.1_prot_BBH64701.1_1386	STM_v1_0.STM3560	49.8	239	116	3	1	238	1	236	3.29e-67	207
lcl|AP019371.1_prot_BBH64701.1_1386	iYL1228.KPN_03816	49.0	239	118	3	1	238	1	236	4.66e-67	206
lcl|AP019371.1_prot_BBH64701.1_1386	iLJ478.TM1139	46.6	238	126	1	1	238	1	237	4.96e-67	206
lcl|AP019371.1_prot_BBH64701.1_1386	iSbBS512_1146.SbBS512_E3868	48.1	239	120	3	1	238	5	240	4.87e-65	201
lcl|AP019371.1_prot_BBH64701.1_1386	iSSON_1240.SSON_3692	48.1	239	120	3	1	238	5	240	4.87e-65	201
lcl|AP019371.1_prot_BBH64701.1_1386	iML1515.b3454	48.1	239	120	3	1	238	1	236	6.09e-65	201
lcl|AP019371.1_prot_BBH64701.1_1386	iPC815.YPO3804	47.9	234	120	2	5	238	1	232	7.62e-65	201
lcl|AP019371.1_prot_BBH64701.1_1386	iAF987.Gmet_1819	45.0	238	127	1	5	238	1	238	2.35e-64	200
lcl|AP019371.1_prot_BBH64701.1_1386	iJN1463.PP_1137	48.7	234	118	2	5	238	1	232	3.06e-64	199
lcl|AP019371.1_prot_BBH64701.1_1386	iSDY_1059.SDY_3603	47.7	239	121	3	1	238	5	240	5.56e-64	199
lcl|AP019371.1_prot_BBH64701.1_1386	iSF_1195.SF3472	47.7	239	121	3	1	238	1	236	4.91e-64	199
lcl|AP019371.1_prot_BBH64702.1_1387	iAF987.Gmet_1822	27.0	285	205	3	2	285	5	287	5.98e-30	114
lcl|AP019371.1_prot_BBH64703.1_1388	iAF987.Gmet_1821	33.3	279	165	5	59	330	41	305	1.77e-27	109
lcl|AP019371.1_prot_BBH64703.1_1388	iPC815.YPO3806	29.0	303	171	6	62	334	121	409	8.52e-26	106
lcl|AP019371.1_prot_BBH64703.1_1388	STM_v1_0.STM3562	30.1	299	165	5	62	330	121	405	3.97e-25	104
lcl|AP019371.1_prot_BBH64703.1_1388	iYL1228.KPN_03818	29.8	299	166	5	62	330	121	405	7.43e-25	103
lcl|AP019371.1_prot_BBH64703.1_1388	iSF_1195.SF3474	29.4	299	167	5	62	330	121	405	1.90e-24	102
lcl|AP019371.1_prot_BBH64703.1_1388	iML1515.b3456	29.1	299	168	5	62	330	121	405	2.59e-24	102
lcl|AP019371.1_prot_BBH64703.1_1388	iJN1463.PP_4865	29.9	355	187	11	18	336	97	425	2.82e-24	102
lcl|AP019371.1_prot_BBH64703.1_1388	iSDY_1059.SDY_3605	29.4	299	167	5	62	330	121	405	2.59e-24	102
lcl|AP019371.1_prot_BBH64703.1_1388	iSbBS512_1146.SbBS512_E3866	29.1	299	168	5	62	330	121	405	3.54e-24	102
lcl|AP019371.1_prot_BBH64703.1_1388	iSSON_1240.SSON_3694	29.1	299	168	5	62	330	121	405	3.54e-24	102
lcl|AP019371.1_prot_BBH64704.1_1389	iAF987.Gmet_1823	24.2	356	244	11	42	384	28	370	7.00e-12	66.2
lcl|AP019371.1_prot_BBH64705.1_1390	iNF517.LLMG_RS08260	36.5	255	140	8	3	241	2	250	9.30e-34	122
lcl|AP019371.1_prot_BBH64705.1_1390	STM_v1_0.STM1195	35.4	246	141	5	4	241	6	241	8.10e-33	119
lcl|AP019371.1_prot_BBH64705.1_1390	iYL1228.KPN_01091	35.8	246	140	5	4	241	6	241	2.24e-32	118
lcl|AP019371.1_prot_BBH64705.1_1390	iYS854.USA300HOU_RS06185	38.2	241	141	5	6	241	5	242	8.72e-32	116
lcl|AP019371.1_prot_BBH64705.1_1390	iML1515.b1093	34.8	244	145	4	4	241	6	241	2.41e-31	115
lcl|AP019371.1_prot_BBH64705.1_1390	iSbBS512_1146.SbBS512_E2231	34.8	244	145	4	4	241	6	241	2.41e-31	115
lcl|AP019371.1_prot_BBH64705.1_1390	iSF_1195.SF1097	34.8	244	145	4	4	241	6	241	2.41e-31	115
lcl|AP019371.1_prot_BBH64705.1_1390	iSSON_1240.SSON_1113	34.8	244	145	4	4	241	6	241	2.41e-31	115
lcl|AP019371.1_prot_BBH64705.1_1390	iHN637.CLJU_RS17225	34.1	246	158	3	1	243	6	250	8.17e-30	111
lcl|AP019371.1_prot_BBH64705.1_1390	iSDY_1059.SDY_2057	34.4	244	146	4	4	241	6	241	7.13e-30	111
lcl|AP019371.1_prot_BBH64705.1_1390	iHN637.CLJU_RS20765	34.3	245	153	4	4	243	7	248	3.01e-29	110
lcl|AP019371.1_prot_BBH64705.1_1390	iYL1228.KPN_02061	33.5	254	150	7	4	241	3	253	3.59e-29	110
lcl|AP019371.1_prot_BBH64705.1_1390	iLJ478.TM1724	34.9	255	137	5	4	243	6	246	2.88e-29	110
lcl|AP019371.1_prot_BBH64706.1_1391	iML1515.b1619	33.7	187	118	3	5	186	12	197	2.08e-18	81.6
lcl|AP019371.1_prot_BBH64706.1_1391	iMM904.YKR009C	34.0	188	104	5	7	178	12	195	2.48e-15	75.1
lcl|AP019371.1_prot_BBH64706.1_1391	iMM1415.242285	31.2	189	119	6	7	185	43	230	1.25e-15	74.7
lcl|AP019371.1_prot_BBH64706.1_1391	iEK1008.Rv1350	30.0	190	123	4	3	185	6	192	8.43e-16	74.3
lcl|AP019371.1_prot_BBH64707.1_1392	iEK1008.Rv3761c	42.6	331	173	6	1	316	7	335	9.16e-77	238
lcl|AP019371.1_prot_BBH64708.1_1393	iJN1463.PP_2437	59.0	398	157	4	1	394	6	401	5.23e-163	463
lcl|AP019371.1_prot_BBH64708.1_1393	iEK1008.Rv0154c	60.3	398	149	3	7	399	3	396	2.73e-160	456
lcl|AP019371.1_prot_BBH64711.1_1396	iYS854.USA300HOU_RS00275	36.3	364	226	2	3	360	9	372	2.85e-70	224
lcl|AP019371.1_prot_BBH64711.1_1396	iEK1008.Rv2259	37.4	364	223	3	1	362	1	361	3.33e-68	218
lcl|AP019371.1_prot_BBH64712.1_1397	iEK1008.Rv0223c	44.8	471	249	5	7	467	9	478	2.64e-124	370
lcl|AP019371.1_prot_BBH64712.1_1397	iYS854.USA300HOU_RS11455	43.4	463	257	3	10	467	8	470	4.88e-113	341
lcl|AP019371.1_prot_BBH64712.1_1397	iJN1463.PP_3463	43.3	476	252	8	8	467	20	493	3.38e-110	334
lcl|AP019371.1_prot_BBH64714.1_1399	iYO844.BSU10270	38.7	514	299	6	4	507	1	508	1.09e-106	327
lcl|AP019371.1_prot_BBH64714.1_1399	iYO844.BSU28560	37.1	539	300	11	5	512	25	555	1.64e-98	308
lcl|AP019371.1_prot_BBH64715.1_1400	iEK1008.Rv1160	50.0	122	56	3	2	120	11	130	4.97e-32	109
lcl|AP019371.1_prot_BBH64728.1_1413	iJN1463.PP_4893	43.5	62	35	0	4	65	200	261	2.19e-06	48.9
lcl|AP019371.1_prot_BBH64728.1_1413	iML1515.b4173	40.3	62	37	0	4	65	199	260	1.19e-05	46.6
lcl|AP019371.1_prot_BBH64728.1_1413	iCN900.CD630_14790	45.2	42	23	0	1	42	1	42	5.98e-05	44.7
lcl|AP019371.1_prot_BBH64728.1_1413	iAF987.Gmet_2444	41.0	61	35	1	5	65	24	83	5.85e-05	44.7
lcl|AP019371.1_prot_BBH64731.1_1416	iAF692.Mbar_A1976	32.7	805	462	21	25	811	6	748	2.86e-132	416
lcl|AP019371.1_prot_BBH64735.1_1420	iEK1008.Rv1110	69.3	329	93	1	2	330	12	332	3.89e-155	438
lcl|AP019371.1_prot_BBH64741.1_1426	iEK1008.Rv1099c	71.3	324	93	0	10	333	30	353	6.66e-166	466
lcl|AP019371.1_prot_BBH64746.1_1431	iEK1008.Rv3372	33.9	242	138	9	30	260	145	375	8.00e-26	104
lcl|AP019371.1_prot_BBH64746.1_1431	iEK1008.Rv2006	35.8	254	125	11	30	263	285	520	2.47e-23	99.0
lcl|AP019371.1_prot_BBH64747.1_1432	iEK1008.Rv1086	54.1	255	114	2	3	255	8	261	2.98e-93	275
lcl|AP019371.1_prot_BBH64748.1_1433	iAF692.Mbar_A1603	29.5	329	205	11	4	313	2	322	7.52e-19	86.7
lcl|AP019371.1_prot_BBH64748.1_1433	iAF692.Mbar_A3422	31.5	324	182	13	2	294	3	317	1.75e-18	85.9
lcl|AP019371.1_prot_BBH64749.1_1434	iEK1008.Rv0211	68.4	595	185	2	5	598	13	605	0.0	884
lcl|AP019371.1_prot_BBH64754.1_1439	iEK1008.Rv3279c	41.3	281	142	7	7	283	5	266	2.10e-50	166
lcl|AP019371.1_prot_BBH64756.1_1441	iEK1008.Rv3280	68.7	550	160	4	1	540	1	548	2.57e-256	711
lcl|AP019371.1_prot_BBH64759.1_1444	iYS854.USA300HOU_RS06130	30.8	211	142	1	1	211	21	227	2.52e-23	106
lcl|AP019371.1_prot_BBH64763.1_1448	iJN1463.PP_0936	36.0	189	115	3	26	213	4	187	8.79e-22	88.6
lcl|AP019371.1_prot_BBH64763.1_1448	iML1515.b3248	37.2	188	106	3	26	209	4	183	4.14e-21	86.7
lcl|AP019371.1_prot_BBH64764.1_1449	iEK1008.Rv3285	65.4	584	195	3	1	577	16	599	8.42e-261	726
lcl|AP019371.1_prot_BBH64766.1_1451	iEK1008.Rv3303c	56.4	468	199	3	1	464	2	468	1.72e-175	501
lcl|AP019371.1_prot_BBH64767.1_1452	iCHOv1.100774679	30.6	144	96	2	4	143	19	162	4.89e-19	79.0
lcl|AP019371.1_prot_BBH64773.1_1458	iSynCJ816.SGL_RS15740	39.6	374	219	4	40	409	14	384	8.72e-84	261
lcl|AP019371.1_prot_BBH64774.1_1459	iAF987.Gmet_3251	62.7	490	183	0	27	516	58	547	4.45e-212	598
lcl|AP019371.1_prot_BBH64775.1_1460	iYS854.USA300HOU_RS06130	31.4	258	167	3	22	273	3	256	2.28e-33	135
lcl|AP019371.1_prot_BBH64776.1_1461	iEK1008.Rv3308	44.9	534	255	11	22	537	4	516	9.97e-120	363
lcl|AP019371.1_prot_BBH64778.1_1463	iYO844.BSU35720	40.8	368	208	5	803	1163	381	745	2.98e-84	290
lcl|AP019371.1_prot_BBH64778.1_1463	iYS854.USA300HOU_RS01320	38.5	371	215	7	799	1161	23	388	3.49e-80	268
lcl|AP019371.1_prot_BBH64779.1_1464	iMM904.YGL067W	30.8	65	43	1	13	77	231	293	8.94e-05	41.2
lcl|AP019371.1_prot_BBH64779.1_1464	STM_v1_0.STM1301	41.8	55	29	2	18	71	17	69	4.80e-05	40.8
lcl|AP019371.1_prot_BBH64779.1_1464	iJN1463.PP_4029	31.7	63	39	1	19	77	147	209	4.87e-04	38.9
lcl|AP019371.1_prot_BBH64781.1_1466	iEK1008.Rv3309c	59.2	196	80	0	1	196	10	205	3.86e-74	222
lcl|AP019371.1_prot_BBH64782.1_1467	iCHOv1.100750675	47.6	275	134	2	37	301	36	310	1.13e-70	221
lcl|AP019371.1_prot_BBH64783.1_1468	iYO844.BSU19310	46.2	463	236	4	22	472	22	483	4.87e-139	408
lcl|AP019371.1_prot_BBH64783.1_1468	iMM904.YER073W	46.9	463	233	5	21	472	45	505	7.92e-136	401
lcl|AP019371.1_prot_BBH64783.1_1468	iMM904.YOR374W	45.9	464	239	5	21	473	46	508	1.43e-130	387
lcl|AP019371.1_prot_BBH64783.1_1468	iMM1415.19378	45.9	464	238	5	22	472	40	503	2.23e-129	384
lcl|AP019371.1_prot_BBH64783.1_1468	iMM1415.72535	47.2	464	232	5	22	472	41	504	2.30e-129	384
lcl|AP019371.1_prot_BBH64783.1_1468	iCHOv1.100765516	47.2	464	232	5	22	472	41	504	9.18e-129	383
lcl|AP019371.1_prot_BBH64783.1_1468	iMM1415.11669	46.8	464	234	5	22	472	41	504	1.30e-128	382
lcl|AP019371.1_prot_BBH64783.1_1468	iCHOv1.100768367	44.2	464	246	5	22	472	50	513	4.44e-123	369
lcl|AP019371.1_prot_BBH64784.1_1469	iMM1415.107747	32.0	241	134	9	6	219	415	652	1.89e-17	81.6
lcl|AP019371.1_prot_BBH64792.1_1477	iEK1008.Rv3313c	68.9	354	105	2	12	364	13	362	9.98e-166	467
lcl|AP019371.1_prot_BBH64795.1_1480	iEK1008.Rv3314c	61.8	422	159	2	4	424	6	426	2.00e-162	463
lcl|AP019371.1_prot_BBH64796.1_1481	iEK1008.Rv3315c	59.4	128	52	0	2	129	3	130	3.08e-53	167
lcl|AP019371.1_prot_BBH64798.1_1483	iYL1228.KPN_04155	28.6	217	125	8	188	388	114	316	1.62e-05	46.2
lcl|AP019371.1_prot_BBH64798.1_1483	iJN1463.PP_4842	33.1	142	84	7	252	391	347	479	3.86e-05	45.4
lcl|AP019371.1_prot_BBH64798.1_1483	iCN900.CD630_03020	27.2	114	80	2	239	351	163	274	3.80e-04	42.0
lcl|AP019371.1_prot_BBH64798.1_1483	STM_v1_0.STM3883	29.2	171	102	6	233	388	150	316	3.69e-04	42.0
lcl|AP019371.1_prot_BBH64799.1_1484	iNF517.LLMG_RS04060	36.4	472	289	4	6	476	21	482	1.56e-101	313
lcl|AP019371.1_prot_BBH64799.1_1484	iHN637.CLJU_RS00620	36.4	470	291	5	8	476	26	488	4.07e-97	301
lcl|AP019371.1_prot_BBH64799.1_1484	iPC815.YPO3964	37.1	491	292	10	6	491	25	503	1.01e-96	301
lcl|AP019371.1_prot_BBH64799.1_1484	iYL1228.KPN_03931	39.3	476	269	7	2	466	19	485	2.63e-95	297
lcl|AP019371.1_prot_BBH64799.1_1484	iSbBS512_1146.SbBS512_E3955	37.7	472	282	7	2	466	19	485	6.31e-93	291
lcl|AP019371.1_prot_BBH64799.1_1484	iML1515.b3567	37.7	472	282	7	2	466	19	485	8.88e-93	291
lcl|AP019371.1_prot_BBH64799.1_1484	iLJ478.TM0115	36.1	496	307	4	1	492	28	517	1.52e-92	290
lcl|AP019371.1_prot_BBH64799.1_1484	iSF_1195.SF3611	37.5	472	283	7	2	466	19	485	4.92e-92	289
lcl|AP019371.1_prot_BBH64799.1_1484	STM_v1_0.STM3882	36.6	483	288	6	8	486	25	493	9.87e-92	288
lcl|AP019371.1_prot_BBH64799.1_1484	iYO844.BSU35940	36.8	465	274	7	6	464	21	471	1.11e-91	287
lcl|AP019371.1_prot_BBH64799.1_1484	iPC815.YPO2256	34.7	484	305	4	1	482	33	507	2.16e-89	282
lcl|AP019371.1_prot_BBH64805.1_1490	iPC815.YPO0157	51.9	335	157	3	7	339	12	344	6.35e-113	331
lcl|AP019371.1_prot_BBH64805.1_1490	iYL1228.KPN_03755	51.5	332	157	3	10	339	3	332	2.60e-109	322
lcl|AP019371.1_prot_BBH64805.1_1490	iCN900.CD630_26100	49.1	326	163	3	13	338	7	329	2.88e-108	319
lcl|AP019371.1_prot_BBH64805.1_1490	STM_v1_0.STM3481	51.5	332	157	3	10	339	3	332	2.98e-108	319
lcl|AP019371.1_prot_BBH64805.1_1490	iSDY_1059.SDY_3695	50.9	332	159	3	10	339	3	332	8.48e-108	318
lcl|AP019371.1_prot_BBH64805.1_1490	iSSON_1240.SSON_3515	50.6	332	160	3	10	339	3	332	1.70e-107	317
lcl|AP019371.1_prot_BBH64805.1_1490	iSbBS512_1146.SbBS512_E3761	50.6	332	160	3	10	339	3	332	2.41e-107	317
lcl|AP019371.1_prot_BBH64805.1_1490	iSF_1195.SF3402	50.6	332	160	3	10	339	3	332	2.41e-107	317
lcl|AP019371.1_prot_BBH64806.1_1491	iHN637.CLJU_RS10655	50.3	326	156	4	1	323	1	323	8.84e-101	299
lcl|AP019371.1_prot_BBH64806.1_1491	iJN1463.PP_3129	49.2	319	151	4	1	316	1	311	1.03e-92	278
lcl|AP019371.1_prot_BBH64807.1_1492	iEK1008.Rv0620	49.0	357	180	2	19	374	5	360	1.58e-95	289
lcl|AP019371.1_prot_BBH64812.1_1497	iEK1008.Rv1286	68.0	412	132	0	18	429	4	415	1.24e-200	568
lcl|AP019371.1_prot_BBH64813.1_1498	iEK1008.Rv1285	67.4	298	94	2	7	303	37	332	1.17e-133	382
lcl|AP019371.1_prot_BBH64814.1_1499	iEK1008.Rv2131c	51.0	255	101	3	38	286	26	262	2.47e-72	223
lcl|AP019371.1_prot_BBH64815.1_1500	STM_v1_0.STM2082	40.1	242	119	4	348	567	239	476	3.59e-45	166
lcl|AP019371.1_prot_BBH64815.1_1500	iML1515.b2047	32.2	397	232	9	186	567	90	464	1.50e-40	152
lcl|AP019371.1_prot_BBH64818.1_1503	iEK1008.Rv1017c	67.0	318	105	0	7	324	7	324	9.85e-154	433
lcl|AP019371.1_prot_BBH64819.1_1504	iEK1008.Rv1018c	48.3	476	241	2	9	479	9	484	1.93e-137	404
lcl|AP019371.1_prot_BBH64822.1_1507	iML1515.b1858	33.5	197	104	6	294	477	7	189	4.46e-20	89.7
lcl|AP019371.1_prot_BBH64822.1_1507	iSDY_1059.SDY_1145	33.5	197	104	6	294	477	7	189	4.46e-20	89.7
lcl|AP019371.1_prot_BBH64822.1_1507	iSSON_1240.SSON_1283	33.5	197	104	6	294	477	7	189	4.46e-20	89.7
lcl|AP019371.1_prot_BBH64822.1_1507	iSF_1195.SF1867	33.5	197	104	6	294	477	7	189	1.50e-19	88.2
lcl|AP019371.1_prot_BBH64822.1_1507	iSbBS512_1146.SbBS512_E0954	33.0	197	105	6	294	477	7	189	2.04e-19	87.8
lcl|AP019371.1_prot_BBH64822.1_1507	iCN900.CD630_04310	22.1	535	330	20	1	503	1	480	3.51e-18	87.4
lcl|AP019371.1_prot_BBH64822.1_1507	iJN1463.PP_0118	32.3	192	113	5	294	477	8	190	1.40e-18	85.5
lcl|AP019371.1_prot_BBH64822.1_1507	iYO844.BSU08830	32.7	205	108	8	276	468	4	190	4.53e-18	84.0
lcl|AP019371.1_prot_BBH64822.1_1507	iSynCJ816.SGL_RS04625	31.1	209	124	7	287	478	18	223	7.91e-18	84.0
lcl|AP019371.1_prot_BBH64822.1_1507	iYL1228.KPN_02373	32.6	193	111	6	294	477	7	189	5.61e-18	83.6
lcl|AP019371.1_prot_BBH64822.1_1507	iJN1463.PP_2455	24.5	530	274	16	1	472	11	472	6.82e-17	83.6
lcl|AP019371.1_prot_BBH64822.1_1507	iSynCJ816.SGL_RS14425	33.2	184	112	5	302	475	62	244	9.89e-18	83.6
lcl|AP019371.1_prot_BBH64822.1_1507	iPC815.YPO2060	31.8	192	114	5	294	477	7	189	7.87e-18	83.2
lcl|AP019371.1_prot_BBH64822.1_1507	iYS854.USA300HOU_RS08305	27.9	244	140	9	291	505	10	246	1.24e-17	82.8
lcl|AP019371.1_prot_BBH64822.1_1507	iLJ478.TM1376	31.0	200	122	6	306	491	20	217	4.97e-17	82.8
lcl|AP019371.1_prot_BBH64822.1_1507	iYL1228.KPN_00969	33.0	182	112	5	294	468	14	192	5.26e-17	80.9
lcl|AP019371.1_prot_BBH64823.1_1508	iEK1008.Rv1011	53.8	299	136	2	17	315	4	300	5.00e-95	283
lcl|AP019371.1_prot_BBH64825.1_1510	iAM_Pv461.PVX_085660	29.7	185	123	2	51	232	82	262	5.42e-20	89.7
lcl|AP019371.1_prot_BBH64831.1_1516	iMM904.YGR264C	33.2	533	321	10	22	545	197	703	3.87e-101	323
lcl|AP019371.1_prot_BBH64831.1_1516	iAF692.Mbar_A0543	34.0	592	330	15	23	610	9	543	1.07e-95	308
lcl|AP019371.1_prot_BBH64833.1_1518	iYL1228.KPN_03754	29.1	213	140	6	9	212	207	417	4.12e-07	50.4
lcl|AP019371.1_prot_BBH64834.1_1519	iMM904.YGR199W	25.5	220	114	6	50	248	66	256	7.18e-09	58.2
lcl|AP019371.1_prot_BBH64837.1_1522	iML1515.b1022	36.1	252	150	4	344	584	56	307	1.60e-43	163
lcl|AP019371.1_prot_BBH64854.1_1539	iEK1008.Rv0994	39.0	408	236	5	33	432	20	422	3.33e-74	238
lcl|AP019371.1_prot_BBH64854.1_1539	iEK1008.Rv0438c	37.0	413	241	4	19	429	6	401	7.45e-70	226
lcl|AP019371.1_prot_BBH64855.1_1540	iHN637.CLJU_RS16855	47.2	284	146	3	14	297	5	284	3.55e-84	255
lcl|AP019371.1_prot_BBH64855.1_1540	iAF987.Gmet_1159	48.2	284	143	3	14	297	5	284	5.20e-83	251
lcl|AP019371.1_prot_BBH64855.1_1540	iCN900.CD630_27150	45.1	286	153	3	14	299	7	288	9.58e-81	246
lcl|AP019371.1_prot_BBH64855.1_1540	iAF692.Mbar_A1121	44.8	290	156	3	14	303	5	290	6.17e-80	244
lcl|AP019371.1_prot_BBH64855.1_1540	iYO844.BSU35670	47.6	288	143	4	14	301	6	285	1.59e-79	243
lcl|AP019371.1_prot_BBH64855.1_1540	iYS854.USA300HOU_RS13545	46.5	286	145	4	14	299	6	283	1.40e-79	243
lcl|AP019371.1_prot_BBH64855.1_1540	iCN900.CD630_34880	45.4	282	150	3	14	295	7	284	7.83e-79	242
lcl|AP019371.1_prot_BBH64855.1_1540	iAF692.Mbar_A2905	45.5	286	152	3	14	299	5	286	1.58e-78	241
lcl|AP019371.1_prot_BBH64855.1_1540	iEK1008.Rv0993	47.6	292	146	4	15	300	12	302	3.61e-76	234
lcl|AP019371.1_prot_BBH64856.1_1541	iAF987.Gmet_1298	34.6	335	206	6	293	626	20	342	1.07e-43	160
lcl|AP019371.1_prot_BBH64856.1_1541	iAF987.Gmet_2721	35.8	282	155	6	357	626	394	661	2.02e-36	145
lcl|AP019371.1_prot_BBH64857.1_1542	iEK1008.Rv0992c	43.2	199	95	6	14	203	5	194	6.33e-31	111
lcl|AP019371.1_prot_BBH64867.1_1552	iAF692.Mbar_A1414	36.1	61	38	1	5	64	5	65	9.95e-04	39.3
lcl|AP019371.1_prot_BBH64872.1_1557	iYL1228.KPN_02905	45.0	100	54	1	7	105	41	140	7.25e-23	87.0
lcl|AP019371.1_prot_BBH64872.1_1557	iPC815.YPO3270	43.3	104	56	2	7	109	41	142	8.03e-23	87.0
lcl|AP019371.1_prot_BBH64872.1_1557	STM_v1_0.STM2649	46.2	93	49	1	7	98	41	133	2.75e-22	85.5
lcl|AP019371.1_prot_BBH64872.1_1557	iML1515.b2582	45.2	93	50	1	7	98	41	133	3.88e-22	85.1
lcl|AP019371.1_prot_BBH64872.1_1557	iSbBS512_1146.SbBS512_E2954	45.2	93	50	1	7	98	41	133	3.88e-22	85.1
lcl|AP019371.1_prot_BBH64872.1_1557	iSDY_1059.SDY_2825	45.2	93	50	1	7	98	41	133	3.88e-22	85.1
lcl|AP019371.1_prot_BBH64872.1_1557	iSF_1195.SF2644	45.2	93	50	1	7	98	41	133	3.88e-22	85.1
lcl|AP019371.1_prot_BBH64872.1_1557	iSSON_1240.SSON_2708	45.2	93	50	1	7	98	41	133	3.88e-22	85.1
lcl|AP019371.1_prot_BBH64872.1_1557	iIT341.HP0824	43.6	101	55	2	4	103	5	104	2.09e-20	79.7
lcl|AP019371.1_prot_BBH64872.1_1557	iAM_Pb448.PBANKA_132090	40.2	102	60	1	1	102	1	101	2.81e-20	79.3
lcl|AP019371.1_prot_BBH64875.1_1560	iAF987.Gmet_1531	39.9	253	132	6	17	259	4	246	2.44e-42	144
lcl|AP019371.1_prot_BBH64875.1_1560	iYL1228.KPN_01091	39.0	249	136	7	15	256	1	240	1.02e-39	137
lcl|AP019371.1_prot_BBH64878.1_1563	iSynCJ816.SGL_RS04365	28.3	113	79	2	100	211	113	224	1.15e-06	47.8
lcl|AP019371.1_prot_BBH64881.1_1566	iSynCJ816.SGL_RS06105	34.6	130	80	1	274	403	139	263	3.91e-13	70.5
lcl|AP019371.1_prot_BBH64885.1_1570	iEK1008.Rv0125	30.5	331	195	10	110	413	28	350	9.38e-28	112
lcl|AP019371.1_prot_BBH64886.1_1571	iCN718.ABAYE_RS12465	30.5	154	103	2	60	210	41	193	3.44e-15	71.6
lcl|AP019371.1_prot_BBH64887.1_1572	iCN718.ABAYE_RS17615	45.0	340	176	6	132	466	142	475	1.43e-72	236
lcl|AP019371.1_prot_BBH64887.1_1572	iSynCJ816.SGL_RS09430	35.6	450	273	12	31	465	40	487	2.83e-65	218
lcl|AP019371.1_prot_BBH64887.1_1572	iJN1463.PP_0980	36.8	489	267	15	10	465	12	491	8.71e-65	216
lcl|AP019371.1_prot_BBH64890.1_1575	iML1515.b1394	41.4	263	152	2	1	262	1	262	3.45e-57	183
lcl|AP019371.1_prot_BBH64890.1_1575	iYL1228.KPN_01475	40.3	253	149	2	11	262	11	262	1.38e-53	174
lcl|AP019371.1_prot_BBH64890.1_1575	iCN718.ABAYE_RS11945	37.8	259	159	2	5	262	6	263	5.03e-51	167
lcl|AP019371.1_prot_BBH64895.1_1580	iSynCJ816.SGL_RS10725	44.3	106	55	2	20	125	19	120	5.13e-26	94.0
lcl|AP019371.1_prot_BBH64896.1_1581	iEK1008.Rv2455c	64.2	595	209	1	9	603	24	614	7.56e-285	791
lcl|AP019371.1_prot_BBH64897.1_1582	iEK1008.Rv2454c	65.8	333	103	5	12	338	45	372	2.55e-154	437
lcl|AP019371.1_prot_BBH64900.1_1585	iSF_1195.SF1251	25.5	184	129	4	49	228	171	350	1.26e-14	73.9
lcl|AP019371.1_prot_BBH64900.1_1585	iML1515.b1250	25.0	184	130	4	49	228	171	350	3.06e-14	72.8
lcl|AP019371.1_prot_BBH64900.1_1585	iSSON_1240.SSON_1930	25.0	184	130	4	49	228	171	350	3.06e-14	72.8
lcl|AP019371.1_prot_BBH64900.1_1585	iSbBS512_1146.SbBS512_E1419	25.0	184	130	4	49	228	171	350	4.10e-14	72.4
lcl|AP019371.1_prot_BBH64900.1_1585	iSDY_1059.SDY_1308	24.5	184	131	4	49	228	171	350	9.91e-14	71.2
lcl|AP019371.1_prot_BBH64902.1_1587	iEK1008.Rv0386	34.5	566	325	15	13	555	59	601	6.17e-63	229
lcl|AP019371.1_prot_BBH64906.1_1591	iEK1008.Rv0512	66.8	325	108	0	2	326	5	329	4.47e-149	422
lcl|AP019371.1_prot_BBH64907.1_1592	iEK1008.Rv0511	53.6	562	209	5	3	514	2	561	9.00e-187	535
lcl|AP019371.1_prot_BBH64908.1_1593	iEK1008.Rv0510	59.8	306	115	3	4	304	2	304	2.49e-109	319
lcl|AP019371.1_prot_BBH64909.1_1594	iAF987.Gmet_3233	36.2	423	264	3	1	421	1	419	5.81e-75	240
lcl|AP019371.1_prot_BBH64909.1_1594	iYO844.BSU28170	34.0	424	274	4	1	422	1	420	4.68e-72	233
lcl|AP019371.1_prot_BBH64911.1_1596	iEK1008.Rv3113	33.6	211	132	5	6	210	9	217	4.80e-23	92.4
lcl|AP019371.1_prot_BBH64913.1_1598	iYO844.BSU10270	32.1	529	288	12	11	498	9	507	1.80e-65	219
lcl|AP019371.1_prot_BBH64913.1_1598	iPC815.YPO2074	32.7	542	286	12	12	498	32	549	1.98e-64	218
lcl|AP019371.1_prot_BBH64913.1_1598	STM_v1_0.STM1818	31.9	542	290	13	12	498	32	549	2.15e-59	204
lcl|AP019371.1_prot_BBH64913.1_1598	iML1515.b1805	30.9	543	296	12	11	498	31	549	3.00e-59	204
lcl|AP019371.1_prot_BBH64913.1_1598	iSbBS512_1146.SbBS512_E2065	30.9	543	296	12	11	498	31	549	3.00e-59	204
lcl|AP019371.1_prot_BBH64913.1_1598	iSDY_1059.SDY_1709	30.9	543	296	12	11	498	31	549	3.00e-59	204
lcl|AP019371.1_prot_BBH64913.1_1598	iSSON_1240.SSON_1356	31.2	539	292	12	15	498	35	549	3.00e-59	204
lcl|AP019371.1_prot_BBH64913.1_1598	iSF_1195.SF1423	30.9	543	296	12	11	498	53	571	8.75e-59	203
lcl|AP019371.1_prot_BBH64913.1_1598	iJN1463.PP_4550	31.5	549	285	18	15	498	36	558	1.59e-58	202
lcl|AP019371.1_prot_BBH64913.1_1598	iYL1228.KPN_02322	31.2	539	292	13	15	498	46	560	1.39e-57	200
lcl|AP019371.1_prot_BBH64917.1_1602	iCN900.CD630_18170	21.7	157	101	5	94	242	10	152	3.23e-05	43.9
lcl|AP019371.1_prot_BBH64917.1_1602	iEK1008.Rv2182c	25.9	158	81	6	104	243	20	159	6.18e-05	43.5
lcl|AP019371.1_prot_BBH64918.1_1603	iEK1008.Rv0501	44.9	245	134	1	21	264	93	337	1.81e-65	209
lcl|AP019371.1_prot_BBH64921.1_1606	iYO844.BSU33370	47.1	51	27	0	11	61	1	51	1.72e-08	48.5
lcl|AP019371.1_prot_BBH64922.1_1607	iEK1008.Rv1188	48.4	304	147	4	2	296	9	311	4.91e-87	263
lcl|AP019371.1_prot_BBH64926.1_1611	iAF987.Gmet_0069	33.9	124	77	3	4	122	5	128	1.98e-13	67.8
lcl|AP019371.1_prot_BBH64926.1_1611	iAF987.Gmet_1706	32.2	118	75	2	3	117	2	117	5.32e-13	66.6
lcl|AP019371.1_prot_BBH64926.1_1611	iAF987.Gmet_1914	32.4	108	72	1	1	107	1	108	7.62e-13	66.6
lcl|AP019371.1_prot_BBH64926.1_1611	iAF987.Gmet_0043	33.3	120	77	2	3	119	279	398	3.09e-11	62.0
lcl|AP019371.1_prot_BBH64926.1_1611	iAF987.Gmet_2999	29.5	112	76	1	4	112	10	121	2.41e-11	62.0
lcl|AP019371.1_prot_BBH64927.1_1612	iAF987.Gmet_0043	26.4	239	159	5	171	403	39	266	1.26e-18	87.8
lcl|AP019371.1_prot_BBH64929.1_1614	iEK1008.Rv0489	67.5	243	77	1	1	243	8	248	3.56e-112	322
lcl|AP019371.1_prot_BBH64929.1_1614	iMM904.YKL152C	66.0	244	82	1	1	244	5	247	1.92e-111	320
lcl|AP019371.1_prot_BBH64932.1_1617	iEK1008.Rv0486	61.3	408	138	4	1	397	52	450	3.22e-170	484
lcl|AP019371.1_prot_BBH64933.1_1618	STM_v1_0.STM1511	39.3	247	148	2	4	249	2	247	2.80e-43	146
lcl|AP019371.1_prot_BBH64933.1_1618	iYL1228.KPN_01590	38.7	248	150	2	4	250	2	248	2.49e-41	141
lcl|AP019371.1_prot_BBH64933.1_1618	iSF_1195.SF1556	37.5	248	153	2	4	250	2	248	9.58e-41	140
lcl|AP019371.1_prot_BBH64933.1_1618	iSDY_1059.SDY_1586	37.1	248	154	2	4	250	2	248	2.68e-40	139
lcl|AP019371.1_prot_BBH64933.1_1618	iSbBS512_1146.SbBS512_E1701	37.5	248	153	2	4	250	2	248	3.77e-40	138
lcl|AP019371.1_prot_BBH64933.1_1618	iML1515.b1539	37.5	248	153	2	4	250	2	248	5.32e-40	138
lcl|AP019371.1_prot_BBH64933.1_1618	iSSON_1240.SSON_1589	37.5	248	153	2	4	250	2	248	5.32e-40	138
lcl|AP019371.1_prot_BBH64935.1_1620	iAF987.Gmet_1919	33.6	110	72	1	10	119	3	111	9.21e-11	57.4
lcl|AP019371.1_prot_BBH64936.1_1621	iAM_Pv461.PVX_092460	36.5	200	98	11	177	357	918	1107	4.51e-13	70.9
lcl|AP019371.1_prot_BBH64936.1_1621	iAM_Pc455.PCYB_094280	36.0	200	99	11	177	357	763	952	1.80e-12	68.9
lcl|AP019371.1_prot_BBH64936.1_1621	iAM_Pb448.PBANKA_091170	31.2	266	135	13	125	357	674	924	4.03e-11	64.7
lcl|AP019371.1_prot_BBH64936.1_1621	iAM_Pf480.PF3D7_1136900	31.7	230	128	11	153	357	748	973	7.20e-11	63.9
lcl|AP019371.1_prot_BBH64938.1_1623	iAF987.Gmet_0043	28.7	251	154	9	337	565	20	267	1.46e-10	63.5
lcl|AP019371.1_prot_BBH64941.1_1626	iML1515.b1856	32.5	126	63	4	153	276	314	419	2.50e-11	63.2
lcl|AP019371.1_prot_BBH64957.1_1642	iCN900.CD630_02510	49.9	409	204	1	22	429	27	435	2.76e-127	375
lcl|AP019371.1_prot_BBH64959.1_1644	iAF987.Gmet_1953	54.3	105	47	1	215	318	88	192	1.85e-26	103
lcl|AP019371.1_prot_BBH64959.1_1644	iAF987.Gmet_3262	50.9	116	55	2	206	320	137	251	3.17e-24	99.0
lcl|AP019371.1_prot_BBH64977.1_1662	iAF987.Gmet_1914	32.2	115	75	1	2	116	3	114	1.93e-12	62.0
lcl|AP019371.1_prot_BBH64977.1_1662	iAF987.Gmet_1706	31.2	109	72	1	1	109	1	106	1.47e-11	59.3
lcl|AP019371.1_prot_BBH64979.1_1664	iAF987.Gmet_0069	31.3	115	75	3	7	119	6	118	2.18e-12	62.0
lcl|AP019371.1_prot_BBH64979.1_1664	iAF987.Gmet_2999	27.8	108	76	1	3	110	7	112	2.67e-10	56.2
lcl|AP019371.1_prot_BBH64981.1_1666	iAF987.Gmet_0069	33.9	124	75	3	3	124	4	122	1.48e-06	49.3
lcl|AP019371.1_prot_BBH64985.1_1670	iAF987.Gmet_0069	37.8	119	66	3	1	112	6	123	3.39e-15	72.8
lcl|AP019371.1_prot_BBH64985.1_1670	iAF987.Gmet_2999	26.9	208	127	2	1	205	12	197	1.57e-14	71.2
lcl|AP019371.1_prot_BBH64987.1_1672	iEK1008.Rv0482	51.1	354	145	7	1	333	21	367	1.71e-100	300
lcl|AP019371.1_prot_BBH64989.1_1674	iMM1415.226413	39.8	475	248	10	19	466	1381	1844	2.62e-99	326
lcl|AP019371.1_prot_BBH64989.1_1674	iCHOv1.100766856	39.5	476	248	12	19	466	1376	1839	4.20e-96	317
lcl|AP019371.1_prot_BBH64989.1_1674	iNF517.LLMG_RS01005	38.3	472	261	9	19	465	9	475	4.94e-101	310
lcl|AP019371.1_prot_BBH64990.1_1675	iJN1463.PP_2454	28.6	203	119	7	141	331	129	317	3.32e-09	57.0
lcl|AP019371.1_prot_BBH64990.1_1675	iYL1228.KPN_04156	38.4	99	55	2	221	316	186	281	4.11e-08	53.5
lcl|AP019371.1_prot_BBH64990.1_1675	iML1515.b4088	31.2	154	92	5	187	329	159	309	1.06e-07	52.4
lcl|AP019371.1_prot_BBH64990.1_1675	STM_v1_0.STM3884	36.4	99	57	2	221	316	186	281	1.77e-07	51.6
lcl|AP019371.1_prot_BBH64991.1_1676	iML1515.b2413	26.8	179	125	3	64	240	64	238	3.40e-10	58.5
lcl|AP019371.1_prot_BBH64991.1_1676	iYL1228.KPN_02760	26.3	190	130	4	53	240	57	238	5.27e-09	55.1
lcl|AP019371.1_prot_BBH64997.1_1682	iSynCJ816.SGL_RS15655	35.2	293	163	8	8	288	43	320	3.12e-36	132
lcl|AP019371.1_prot_BBH64998.1_1683	iJN1463.PP_0303	31.4	293	171	9	5	274	6	291	4.52e-26	103
lcl|AP019371.1_prot_BBH64999.1_1684	iSynCJ816.SGL_RS12745	23.8	282	181	11	18	282	31	295	4.16e-05	44.7
lcl|AP019371.1_prot_BBH65001.1_1686	iEK1008.Rv0812	39.1	256	129	5	14	243	27	281	6.25e-40	139
lcl|AP019371.1_prot_BBH65005.1_1690	iPC815.YPO0565	34.4	93	60	1	33	125	33	124	2.74e-06	43.5
lcl|AP019371.1_prot_BBH65005.1_1690	iEK1008.Rv0413	32.0	128	75	4	12	131	45	168	1.65e-05	42.4
lcl|AP019371.1_prot_BBH65005.1_1690	iAF987.Gmet_1790	41.1	56	31	2	5	60	25	78	7.15e-05	40.0
lcl|AP019371.1_prot_BBH65005.1_1690	iYL1228.KPN_01211	37.7	53	32	1	10	62	13	64	5.99e-05	40.0
lcl|AP019371.1_prot_BBH65005.1_1690	iPC815.YPO2167	39.6	53	31	1	10	62	8	59	5.26e-05	40.0
lcl|AP019371.1_prot_BBH65011.1_1696	iAF987.Gmet_3131	50.6	334	159	5	1	333	2	330	1.30e-101	301
lcl|AP019371.1_prot_BBH65012.1_1697	iCHOv1.100753544	31.7	334	182	5	4	327	1	298	4.10e-39	139
lcl|AP019371.1_prot_BBH65015.1_1700	iEK1008.Rv0820	68.2	258	82	0	1	258	1	258	4.00e-131	370
lcl|AP019371.1_prot_BBH65016.1_1701	iEK1008.Rv0930	44.8	279	146	3	76	353	25	296	1.58e-73	230
lcl|AP019371.1_prot_BBH65017.1_1702	iEK1008.Rv0929	44.2	292	158	3	59	345	26	317	4.98e-69	219
lcl|AP019371.1_prot_BBH65018.1_1703	iEK1008.Rv0928	42.2	372	205	6	1	364	1	370	5.55e-79	246
lcl|AP019371.1_prot_BBH65018.1_1703	iEK1008.Rv0932c	40.2	371	214	6	1	364	1	370	8.46e-72	228
lcl|AP019371.1_prot_BBH65019.1_1704	iEK1008.Rv0819	43.2	303	141	8	13	288	10	308	2.51e-57	186
lcl|AP019371.1_prot_BBH65023.1_1708	iEK1008.Rv3117	77.9	276	61	0	1	276	1	276	4.56e-164	456
lcl|AP019371.1_prot_BBH65023.1_1708	iEK1008.Rv0815c	77.9	276	61	0	1	276	1	276	4.56e-164	456
lcl|AP019371.1_prot_BBH65025.1_1710	iML1515.b1601	23.9	305	210	7	89	386	33	322	3.24e-09	57.8
lcl|AP019371.1_prot_BBH65031.1_1716	iEK1008.Rv3302c	53.5	550	242	4	1	550	40	575	7.19e-188	540
lcl|AP019371.1_prot_BBH65036.1_1721	iSynCJ816.SGL_RS07980	56.1	394	161	7	9	399	26	410	2.20e-136	397
lcl|AP019371.1_prot_BBH65038.1_1723	iEK1008.Rv2936	32.5	317	185	8	664	958	8	317	3.58e-33	130
lcl|AP019371.1_prot_BBH65038.1_1723	iYO844.BSU02750	33.5	215	139	3	679	889	20	234	1.87e-32	126
lcl|AP019371.1_prot_BBH65040.1_1725	iAT_PLT_636.4905	40.0	220	118	4	490	695	242	461	1.06e-32	134
lcl|AP019371.1_prot_BBH65040.1_1725	iMM1415.18195	40.0	220	118	4	490	695	242	461	1.06e-32	134
lcl|AP019371.1_prot_BBH65043.1_1728	iYO844.BSU02750	30.0	230	156	2	4	228	1	230	1.54e-33	123
lcl|AP019371.1_prot_BBH65043.1_1728	iYL1228.KPN_00213	32.6	230	142	4	4	222	1	228	6.40e-30	116
lcl|AP019371.1_prot_BBH65043.1_1728	STM_v1_0.STM0247	31.1	228	148	3	4	222	1	228	3.28e-29	114
lcl|AP019371.1_prot_BBH65043.1_1728	iPC815.YPO1073	30.7	228	149	3	4	222	1	228	6.30e-29	113
lcl|AP019371.1_prot_BBH65043.1_1728	iML1515.b0199	30.7	228	149	3	4	222	1	228	1.67e-28	112
lcl|AP019371.1_prot_BBH65043.1_1728	iSbBS512_1146.SbBS512_E0193	30.7	228	149	3	4	222	1	228	1.67e-28	112
lcl|AP019371.1_prot_BBH65043.1_1728	iSSON_1240.SSON_0213	30.7	228	149	3	4	222	1	228	1.67e-28	112
lcl|AP019371.1_prot_BBH65043.1_1728	iSDY_1059.SDY_0218	30.3	228	150	3	4	222	1	228	3.21e-28	111
lcl|AP019371.1_prot_BBH65043.1_1728	iSF_1195.SF0190	30.7	228	149	3	4	222	1	228	4.44e-28	111
lcl|AP019371.1_prot_BBH65045.1_1730	iLJ478.TM0813	25.3	300	187	7	32	304	41	330	1.02e-11	64.3
lcl|AP019371.1_prot_BBH65045.1_1730	iSynCJ816.SGL_RS02630	28.6	196	126	4	122	305	438	631	5.80e-10	59.7
lcl|AP019371.1_prot_BBH65046.1_1731	iEK1008.Rv0650	40.7	300	168	6	6	299	4	299	4.38e-45	154
lcl|AP019371.1_prot_BBH65047.1_1732	iEK1008.Rv3332	45.4	366	186	5	1	353	11	375	5.26e-93	282
lcl|AP019371.1_prot_BBH65048.1_1733	iSynCJ816.SGL_RS14980	24.9	173	109	4	30	202	68	219	3.27e-05	43.5
lcl|AP019371.1_prot_BBH65048.1_1733	iYS854.USA300HOU_RS07240	28.1	146	88	6	68	209	67	199	7.07e-04	39.3
lcl|AP019371.1_prot_BBH65051.1_1736	iML1515.b1250	28.9	114	77	2	357	467	243	355	6.13e-06	48.5
lcl|AP019371.1_prot_BBH65051.1_1736	iSF_1195.SF1251	28.9	114	77	2	357	467	243	355	6.13e-06	48.5
lcl|AP019371.1_prot_BBH65051.1_1736	iSSON_1240.SSON_1930	28.9	114	77	2	357	467	243	355	6.13e-06	48.5
lcl|AP019371.1_prot_BBH65051.1_1736	iSDY_1059.SDY_1308	29.2	113	76	2	358	467	244	355	1.07e-05	47.8
lcl|AP019371.1_prot_BBH65051.1_1736	iSbBS512_1146.SbBS512_E1419	28.1	114	78	2	357	467	243	355	1.87e-05	47.0
lcl|AP019371.1_prot_BBH65051.1_1736	iAF692.Mbar_A0669	28.3	99	69	1	358	456	411	507	9.35e-05	45.1
lcl|AP019371.1_prot_BBH65054.1_1739	iEK1008.Rv0819	39.2	79	44	2	21	98	32	107	2.03e-05	42.4
lcl|AP019371.1_prot_BBH65054.1_1739	iCHOv1.100757665	34.4	61	40	0	63	123	85	145	8.18e-05	40.0
lcl|AP019371.1_prot_BBH65056.1_1741	iEK1008.Rv2038c	59.6	364	136	4	1	362	1	355	1.16e-135	390
lcl|AP019371.1_prot_BBH65056.1_1741	iEK1008.Rv2832c	54.5	367	154	5	1	362	1	359	2.26e-121	354
lcl|AP019371.1_prot_BBH65059.1_1744	iAF987.Gmet_0057	42.9	492	248	9	1	467	1	484	9.59e-116	348
lcl|AP019371.1_prot_BBH65059.1_1744	iJN1463.PP_2905	43.3	471	251	8	3	469	2	460	1.41e-114	344
lcl|AP019371.1_prot_BBH65059.1_1744	iSSON_1240.SSON_0492	43.0	472	245	10	3	465	2	458	2.91e-114	343
lcl|AP019371.1_prot_BBH65059.1_1744	iSF_1195.SF0457	43.0	472	245	10	3	465	2	458	5.81e-114	343
lcl|AP019371.1_prot_BBH65059.1_1744	iSDY_1059.SDY_0278	42.8	472	246	10	3	465	2	458	1.64e-113	342
lcl|AP019371.1_prot_BBH65059.1_1744	iSbBS512_1146.SbBS512_E0448	42.8	472	246	10	3	465	2	458	2.32e-113	341
lcl|AP019371.1_prot_BBH65059.1_1744	iYL1228.KPN_00482	42.0	471	251	9	3	465	2	458	2.08e-111	336
lcl|AP019371.1_prot_BBH65059.1_1744	STM_v1_0.STM0537	41.8	471	252	9	3	465	2	458	1.66e-110	334
lcl|AP019371.1_prot_BBH65059.1_1744	iPC815.YPO3073	40.8	468	261	8	3	465	2	458	5.26e-106	322
lcl|AP019371.1_prot_BBH65060.1_1745	iAM_Pc455.PCYB_094280	28.2	344	149	15	100	440	706	954	4.48e-15	78.2
lcl|AP019371.1_prot_BBH65060.1_1745	iAM_Pf480.PF3D7_1136900	26.1	360	144	12	96	440	723	975	8.03e-15	77.4
lcl|AP019371.1_prot_BBH65060.1_1745	iAM_Pv461.PVX_092460	28.3	353	137	15	100	440	861	1109	8.14e-15	77.4
lcl|AP019371.1_prot_BBH65060.1_1745	iAM_Pb448.PBANKA_091170	26.1	349	150	13	100	440	678	926	6.68e-13	71.2
lcl|AP019371.1_prot_BBH65061.1_1746	iEK1008.Rv1098c	65.8	462	155	3	4	464	6	465	2.15e-198	558
lcl|AP019371.1_prot_BBH65062.1_1747	iEK1008.Rv0386	31.9	335	189	14	250	561	190	508	7.51e-14	75.9
lcl|AP019371.1_prot_BBH65064.1_1749	iML1515.b1612	63.9	538	187	3	7	542	6	538	6.12e-246	685
lcl|AP019371.1_prot_BBH65064.1_1749	iSbBS512_1146.SbBS512_E1798	63.9	538	187	3	7	542	6	538	6.12e-246	685
lcl|AP019371.1_prot_BBH65064.1_1749	iSSON_1240.SSON_1548	63.9	538	187	3	7	542	6	538	6.12e-246	685
lcl|AP019371.1_prot_BBH65064.1_1749	iSDY_1059.SDY_1828	63.8	538	188	3	7	542	6	538	3.52e-245	683
lcl|AP019371.1_prot_BBH65064.1_1749	iSF_1195.SF1635	63.8	538	188	3	7	542	6	538	3.52e-245	683
lcl|AP019371.1_prot_BBH65064.1_1749	STM_v1_0.STM4300	62.8	538	193	3	7	542	6	538	2.02e-244	681
lcl|AP019371.1_prot_BBH65064.1_1749	STM_v1_0.STM1468	63.2	538	191	3	7	542	6	538	9.01e-244	681
lcl|AP019371.1_prot_BBH65064.1_1749	iPC815.YPO3335	63.0	538	192	3	7	542	6	538	3.20e-243	678
lcl|AP019371.1_prot_BBH65064.1_1749	iML1515.b4122	62.6	538	194	3	7	542	6	538	1.91e-242	676
lcl|AP019371.1_prot_BBH65064.1_1749	iIS312.TCDM_00874	62.7	542	192	5	7	542	17	554	6.99e-242	675
lcl|AP019371.1_prot_BBH65064.1_1749	iYL1228.KPN_01516	61.5	538	200	3	7	542	6	538	5.13e-240	670
lcl|AP019371.1_prot_BBH65064.1_1749	iLB1027_lipid.PHATRDRAFT_19708	62.7	544	191	5	5	541	26	564	5.80e-239	668
lcl|AP019371.1_prot_BBH65064.1_1749	iIS312.TCDM_06503	61.9	541	196	4	7	542	29	564	1.04e-231	650
lcl|AP019371.1_prot_BBH65064.1_1749	iAF987.Gmet_2570	61.2	538	203	3	7	542	6	539	6.44e-227	637
lcl|AP019371.1_prot_BBH65068.1_1753	iEK1008.Rv3772	47.0	353	175	3	1	351	1	343	7.13e-102	304
lcl|AP019371.1_prot_BBH65069.1_1754	iEK1008.Rv0191	41.8	352	190	8	12	354	25	370	1.38e-62	206
lcl|AP019371.1_prot_BBH65069.1_1754	iYL1228.KPN_01628	35.8	371	218	5	11	371	16	376	3.10e-55	187
lcl|AP019371.1_prot_BBH65070.1_1755	iEK1008.Rv0650	32.0	275	158	10	107	364	37	299	6.00e-12	65.5
lcl|AP019371.1_prot_BBH65070.1_1755	iML1515.b4084	40.3	119	64	2	202	320	142	253	2.16e-10	60.8
lcl|AP019371.1_prot_BBH65070.1_1755	iSDY_1059.SDY_0345	31.4	258	127	12	133	361	106	342	6.31e-10	59.7
lcl|AP019371.1_prot_BBH65074.1_1759	iEK1008.Rv1155	42.0	69	37	2	24	90	21	88	4.44e-06	43.1
lcl|AP019371.1_prot_BBH65075.1_1760	iEK1008.Rv3581c	56.4	117	51	0	1	117	43	159	7.15e-37	122
lcl|AP019371.1_prot_BBH65076.1_1761	iEK1008.Rv3582c	47.8	226	109	4	15	233	6	229	1.25e-43	146
lcl|AP019371.1_prot_BBH65080.1_1765	iYL1228.KPN_01089	26.8	295	172	15	64	340	41	309	8.79e-04	40.4
lcl|AP019371.1_prot_BBH65081.1_1766	iEK1008.Rv1679	31.7	369	229	7	13	372	15	369	1.41e-36	136
lcl|AP019371.1_prot_BBH65082.1_1767	iCN718.ABAYE_RS19010	29.6	203	128	5	2	191	4	204	2.49e-20	85.9
lcl|AP019371.1_prot_BBH65082.1_1767	iYL1228.KPN_02641	31.7	180	113	4	11	180	19	198	2.73e-19	83.2
lcl|AP019371.1_prot_BBH65082.1_1767	STM_v1_0.STM2276	30.7	189	121	4	3	181	11	199	2.73e-19	83.2
lcl|AP019371.1_prot_BBH65082.1_1767	iML1515.b2232	31.7	180	113	4	11	180	19	198	9.84e-19	81.6
lcl|AP019371.1_prot_BBH65082.1_1767	iSbBS512_1146.SbBS512_E2607	31.7	180	113	4	11	180	19	198	9.84e-19	81.6
lcl|AP019371.1_prot_BBH65082.1_1767	iSDY_1059.SDY_2424	31.7	180	113	4	11	180	19	198	9.84e-19	81.6
lcl|AP019371.1_prot_BBH65082.1_1767	iSF_1195.SF2312	31.7	180	113	4	11	180	19	198	9.84e-19	81.6
lcl|AP019371.1_prot_BBH65082.1_1767	iSSON_1240.SSON_2290	31.7	180	113	4	11	180	19	198	9.84e-19	81.6
lcl|AP019371.1_prot_BBH65082.1_1767	iJN1463.PP_1765	30.5	200	130	4	1	191	1	200	3.20e-18	80.1
lcl|AP019371.1_prot_BBH65082.1_1767	iPC815.YPO1215	31.1	180	114	4	11	180	19	198	1.40e-17	78.6
lcl|AP019371.1_prot_BBH65089.1_1774	iYO844.BSU15720	39.4	155	86	3	1	155	1	147	5.24e-23	89.0
lcl|AP019371.1_prot_BBH65090.1_1775	iAF692.Mbar_A3182	42.6	47	27	0	6	52	8	54	9.05e-07	44.7
lcl|AP019371.1_prot_BBH65093.1_1778	iCN900.CD630_20200	44.6	878	395	13	3	809	4	861	8.53e-232	672
lcl|AP019371.1_prot_BBH65095.1_1780	iSynCJ816.SGL_RS06545	44.3	497	266	6	15	502	10	504	6.50e-123	369
lcl|AP019371.1_prot_BBH65095.1_1780	iAF987.Gmet_2360	42.3	492	279	5	13	502	2	490	4.13e-116	350
lcl|AP019371.1_prot_BBH65095.1_1780	STM_v1_0.STM3040	39.0	505	302	6	1	501	1	503	4.46e-113	343
lcl|AP019371.1_prot_BBH65095.1_1780	iLJ478.TM1705	41.4	478	270	8	29	502	16	487	1.62e-112	342
lcl|AP019371.1_prot_BBH65095.1_1780	iYS854.USA300HOU_RS02655	39.8	497	290	6	12	502	2	495	5.84e-111	337
lcl|AP019371.1_prot_BBH65095.1_1780	iSbBS512_1146.SbBS512_E3309	38.3	506	304	7	1	501	1	503	3.13e-110	336
lcl|AP019371.1_prot_BBH65095.1_1780	iSF_1195.SF2876	38.3	506	304	7	1	501	1	503	3.13e-110	336
lcl|AP019371.1_prot_BBH65095.1_1780	iSSON_1240.SSON_3043	38.3	506	304	7	1	501	1	503	3.13e-110	336
lcl|AP019371.1_prot_BBH65095.1_1780	iAF692.Mbar_A1667	41.6	485	269	9	24	502	38	514	8.38e-110	335
lcl|AP019371.1_prot_BBH65095.1_1780	iML1515.b4129	38.7	506	304	6	1	502	1	504	8.80e-110	335
lcl|AP019371.1_prot_BBH65095.1_1780	iYL1228.KPN_00502	38.5	507	304	7	1	502	1	504	8.80e-110	335
lcl|AP019371.1_prot_BBH65095.1_1780	iSDY_1059.SDY_3192	38.1	506	305	7	1	501	1	503	8.80e-110	335
lcl|AP019371.1_prot_BBH65095.1_1780	iYL1228.KPN_03318	38.3	507	305	7	1	502	1	504	2.47e-109	333
lcl|AP019371.1_prot_BBH65096.1_1781	iAF987.Gmet_1986	48.8	254	126	2	1	251	1	253	7.27e-79	238
lcl|AP019371.1_prot_BBH65096.1_1781	iHN637.CLJU_RS20455	45.7	258	132	3	1	251	1	257	1.63e-73	224
lcl|AP019371.1_prot_BBH65096.1_1781	iCN900.CD630_35550	47.3	256	128	4	1	251	1	254	6.84e-72	220
lcl|AP019371.1_prot_BBH65097.1_1782	iEK1008.Rv1596	46.6	281	143	4	7	282	7	285	3.08e-67	210
lcl|AP019371.1_prot_BBH65097.1_1782	iAF987.Gmet_1988	45.0	271	145	3	11	280	4	271	3.75e-66	207
lcl|AP019371.1_prot_BBH65097.1_1782	iYL1228.KPN_00111	43.4	272	150	2	15	283	27	297	2.25e-61	196
lcl|AP019371.1_prot_BBH65097.1_1782	STM_v1_0.STM0145	41.6	274	156	2	10	280	22	294	2.00e-59	191
lcl|AP019371.1_prot_BBH65097.1_1782	iPC815.YPO3424	41.3	281	154	4	9	280	21	299	4.59e-59	190
lcl|AP019371.1_prot_BBH65097.1_1782	iYO844.BSU27860	42.0	274	154	4	10	282	5	274	4.48e-59	189
lcl|AP019371.1_prot_BBH65097.1_1782	iCN900.CD630_23700	41.4	268	152	3	14	280	1	264	2.58e-59	189
lcl|AP019371.1_prot_BBH65098.1_1783	iEK1008.Rv1595	45.5	543	233	12	17	538	2	502	6.59e-126	379
lcl|AP019371.1_prot_BBH65100.1_1785	iEK1008.Rv3601c	75.9	133	31	1	1	133	1	132	6.36e-64	191
lcl|AP019371.1_prot_BBH65101.1_1786	iEK1008.Rv3602c	52.2	255	118	3	22	273	34	287	2.41e-78	239
lcl|AP019371.1_prot_BBH65102.1_1787	iCN900.CD630_15140	24.2	186	128	5	63	237	45	228	1.68e-07	51.6
lcl|AP019371.1_prot_BBH65104.1_1789	iAF987.Gmet_3352	41.1	389	202	2	11	374	4	390	4.13e-98	296
lcl|AP019371.1_prot_BBH65104.1_1789	iAF987.Gmet_0153	38.0	389	218	2	9	374	403	791	3.94e-90	287
lcl|AP019371.1_prot_BBH65110.1_1795	iEK1008.Rv3606c	54.4	158	63	3	1	151	1	156	1.17e-44	145
lcl|AP019371.1_prot_BBH65111.1_1796	iEK1008.Rv3607c	51.3	117	57	0	5	121	4	120	4.51e-36	119
lcl|AP019371.1_prot_BBH65112.1_1797	iEK1008.Rv3608c	59.5	262	105	1	23	283	8	269	7.63e-102	299
lcl|AP019371.1_prot_BBH65118.1_1803	iML1515.b1856	31.4	118	58	3	240	357	314	408	1.92e-09	58.5
lcl|AP019371.1_prot_BBH65127.1_1812	iEK1008.Rv3609c	67.8	183	59	0	27	209	17	199	4.94e-86	252
lcl|AP019371.1_prot_BBH65128.1_1813	iAT_PLT_636.4905	37.4	219	114	8	200	401	242	454	9.76e-30	125
lcl|AP019371.1_prot_BBH65128.1_1813	iMM1415.18195	37.4	219	114	8	200	401	242	454	9.76e-30	125
lcl|AP019371.1_prot_BBH65129.1_1814	iEK1008.Rv3624c	57.0	186	73	2	7	188	33	215	2.75e-66	202
lcl|AP019371.1_prot_BBH65129.1_1814	iHN637.CLJU_RS20465	53.6	179	78	4	10	188	7	180	1.50e-60	186
lcl|AP019371.1_prot_BBH65132.1_1817	iEK1008.Rv3627c	38.2	448	238	12	249	684	39	459	3.88e-60	208
lcl|AP019371.1_prot_BBH65133.1_1818	iEK1008.Rv3628	64.7	156	55	0	1	156	1	156	3.74e-72	214
lcl|AP019371.1_prot_BBH65136.1_1821	iAM_Pf480.PF3D7_1136900	31.1	254	153	9	70	306	727	975	8.32e-19	89.4
lcl|AP019371.1_prot_BBH65136.1_1821	iAM_Pc455.PCYB_094280	29.1	299	185	11	70	347	706	998	5.95e-18	86.7
lcl|AP019371.1_prot_BBH65136.1_1821	iAM_Pv461.PVX_092460	29.3	276	169	10	70	324	861	1131	3.42e-17	84.3
lcl|AP019371.1_prot_BBH65136.1_1821	iAM_Pb448.PBANKA_110710	25.6	301	180	9	62	320	250	548	1.62e-16	81.6
lcl|AP019371.1_prot_BBH65141.1_1826	iAF987.Gmet_0354	27.6	731	375	26	52	677	50	731	6.44e-41	161
lcl|AP019371.1_prot_BBH65141.1_1826	iSynCJ816.SGL_RS05320	28.0	528	289	17	69	590	189	631	9.79e-38	150
lcl|AP019371.1_prot_BBH65144.1_1829	iMM904.YDL100C	28.0	168	105	5	14	169	23	186	6.05e-08	53.1
lcl|AP019371.1_prot_BBH65148.1_1833	iCN900.CD630_27420	29.5	183	104	5	33	194	12	190	3.92e-12	63.5
lcl|AP019371.1_prot_BBH65148.1_1833	iJN1463.PP_4144	31.8	129	77	4	37	159	16	139	3.59e-11	61.6
lcl|AP019371.1_prot_BBH65148.1_1833	iMM1415.68977	37.4	91	54	1	72	159	50	140	1.02e-10	60.1
lcl|AP019371.1_prot_BBH65149.1_1834	iSynCJ816.SGL_RS03900	36.7	188	109	4	39	219	438	622	2.00e-21	100
lcl|AP019371.1_prot_BBH65150.1_1835	iYS854.USA300HOU_RS06130	28.7	254	172	8	4	250	19	270	7.33e-18	83.6
lcl|AP019371.1_prot_BBH65151.1_1836	iAF987.Gmet_3292	39.5	666	334	17	1	633	7	636	1.19e-119	371
lcl|AP019371.1_prot_BBH65151.1_1836	iJN1463.PP_4067	38.2	660	333	14	1	633	11	622	1.02e-115	360
lcl|AP019371.1_prot_BBH65151.1_1836	iCN718.ABAYE_RS02960	35.7	653	354	12	1	631	8	616	1.07e-109	344
lcl|AP019371.1_prot_BBH65152.1_1837	iJN1463.PP_4065	33.6	539	274	13	1	460	1	534	9.13e-70	230
lcl|AP019371.1_prot_BBH65152.1_1837	iAF987.Gmet_3290	32.4	540	279	14	1	460	1	534	6.53e-63	212
lcl|AP019371.1_prot_BBH65153.1_1838	iEK1008.Rv0073	34.2	73	48	0	27	99	227	299	5.93e-10	57.8
lcl|AP019371.1_prot_BBH65153.1_1838	iEK1008.Rv2564	35.6	73	47	0	27	99	227	299	8.03e-10	57.4
lcl|AP019371.1_prot_BBH65154.1_1839	iAF987.Gmet_3529	37.4	265	125	8	73	317	23	266	2.90e-36	135
lcl|AP019371.1_prot_BBH65156.1_1841	STM_v1_0.STM2649	38.3	60	34	1	71	130	54	110	2.17e-08	50.4
lcl|AP019371.1_prot_BBH65156.1_1841	iML1515.b2582	36.7	60	35	1	71	130	54	110	1.10e-07	48.5
lcl|AP019371.1_prot_BBH65156.1_1841	iSbBS512_1146.SbBS512_E2954	36.7	60	35	1	71	130	54	110	1.10e-07	48.5
lcl|AP019371.1_prot_BBH65156.1_1841	iSDY_1059.SDY_2825	36.7	60	35	1	71	130	54	110	1.10e-07	48.5
lcl|AP019371.1_prot_BBH65156.1_1841	iSF_1195.SF2644	36.7	60	35	1	71	130	54	110	1.10e-07	48.5
lcl|AP019371.1_prot_BBH65156.1_1841	iSSON_1240.SSON_2708	36.7	60	35	1	71	130	54	110	1.10e-07	48.5
lcl|AP019371.1_prot_BBH65156.1_1841	iIT341.HP0824	39.0	59	33	1	72	130	21	76	3.07e-07	46.6
lcl|AP019371.1_prot_BBH65157.1_1842	iML1515.b1813	34.2	187	103	6	27	203	13	189	1.13e-15	72.4
lcl|AP019371.1_prot_BBH65157.1_1842	iAF987.Gmet_0068	28.7	202	125	8	5	201	3	190	1.13e-13	67.0
lcl|AP019371.1_prot_BBH65160.1_1845	iAF692.Mbar_A3515	36.0	150	95	1	18	166	32	181	1.78e-22	88.6
lcl|AP019371.1_prot_BBH65160.1_1845	iEK1008.Rv0382c	36.5	167	99	4	4	165	7	171	1.89e-19	80.5
lcl|AP019371.1_prot_BBH65160.1_1845	iCHOv1.100756786	34.2	152	97	1	18	166	24	175	4.95e-18	80.1
lcl|AP019371.1_prot_BBH65161.1_1846	iEK1008.Rv3708c	46.6	350	174	5	5	349	4	345	1.31e-85	262
lcl|AP019371.1_prot_BBH65161.1_1846	iAF987.Gmet_0604	42.8	341	180	4	6	345	7	333	3.15e-82	253
lcl|AP019371.1_prot_BBH65161.1_1846	iSynCJ816.SGL_RS16920	42.4	340	182	4	6	345	7	332	6.10e-82	252
lcl|AP019371.1_prot_BBH65161.1_1846	iYO844.BSU16750	41.1	341	193	4	6	345	7	340	6.98e-80	247
lcl|AP019371.1_prot_BBH65161.1_1846	iNF517.LLMG_RS04455	38.0	345	210	2	1	345	1	341	3.44e-75	236
lcl|AP019371.1_prot_BBH65162.1_1847	iEK1008.Rv3709c	70.3	421	125	0	1	421	1	421	5.96e-212	588
lcl|AP019371.1_prot_BBH65164.1_1849	iEK1008.Rv3710	63.2	612	182	4	4	573	32	642	2.25e-263	734
lcl|AP019371.1_prot_BBH65167.1_1852	iMM1415.15212	24.8	424	261	12	102	496	126	520	1.65e-27	115
lcl|AP019371.1_prot_BBH65167.1_1852	iCHOv1.100750552	25.9	425	260	14	102	497	114	512	5.84e-25	107
lcl|AP019371.1_prot_BBH65167.1_1852	iMM1415.15211	24.8	423	267	13	102	497	114	512	1.89e-24	106
lcl|AP019371.1_prot_BBH65167.1_1852	iCHOv1.100756663	24.5	429	266	13	97	496	116	515	4.53e-24	105
lcl|AP019371.1_prot_BBH65167.1_1852	iCHOv1.100766960	24.5	433	265	13	97	496	123	526	9.54e-24	104
lcl|AP019371.1_prot_BBH65170.1_1855	iLJ478.TM1063	56.8	331	131	6	5	327	3	329	1.29e-121	353
lcl|AP019371.1_prot_BBH65170.1_1855	iLJ478.TM0057	54.1	327	142	3	5	327	3	325	3.33e-121	352
lcl|AP019371.1_prot_BBH65170.1_1855	iLJ478.TM1750	52.6	323	140	3	5	327	13	322	2.55e-113	332
lcl|AP019371.1_prot_BBH65170.1_1855	iYL1228.KPN_02193	56.3	311	129	4	5	311	11	318	1.90e-109	322
lcl|AP019371.1_prot_BBH65170.1_1855	STM_v1_0.STM1742	55.9	311	130	4	5	311	11	318	1.90e-109	322
lcl|AP019371.1_prot_BBH65171.1_1856	iLJ478.TM1064	51.2	322	150	5	12	329	5	323	5.57e-106	313
lcl|AP019371.1_prot_BBH65171.1_1856	STM_v1_0.STM1743	52.5	305	136	4	5	304	6	306	9.22e-103	305
lcl|AP019371.1_prot_BBH65171.1_1856	iYL1228.KPN_02194	52.6	293	135	3	12	304	20	308	5.61e-102	303
lcl|AP019371.1_prot_BBH65171.1_1856	iSbBS512_1146.SbBS512_E1415	53.2	293	133	3	12	304	20	308	1.12e-101	302
lcl|AP019371.1_prot_BBH65171.1_1856	iSDY_1059.SDY_1304	53.2	293	133	3	12	304	20	308	1.12e-101	302
lcl|AP019371.1_prot_BBH65171.1_1856	iSF_1195.SF1247	53.2	293	133	3	12	304	20	308	1.12e-101	302
lcl|AP019371.1_prot_BBH65171.1_1856	iSSON_1240.SSON_1934	53.2	293	133	3	12	304	20	308	1.12e-101	302
lcl|AP019371.1_prot_BBH65171.1_1856	iYO844.BSU12950	51.6	318	151	3	12	329	5	319	1.71e-100	299
lcl|AP019371.1_prot_BBH65171.1_1856	iML1515.b1246	52.9	293	134	3	12	304	20	308	2.58e-100	299
lcl|AP019371.1_prot_BBH65171.1_1856	iEK1008.Rv1281c	52.2	293	138	1	10	302	3	293	8.87e-95	293
lcl|AP019371.1_prot_BBH65172.1_1857	iJN1463.PP_0881	35.8	352	186	5	1	331	1	333	3.82e-54	180
lcl|AP019371.1_prot_BBH65172.1_1857	iML1515.b0831	35.3	331	187	4	1	331	1	304	1.34e-53	177
lcl|AP019371.1_prot_BBH65172.1_1857	iSDY_1059.SDY_0756	35.3	331	187	4	1	331	1	304	1.34e-53	177
lcl|AP019371.1_prot_BBH65172.1_1857	iSSON_1240.SSON_0813	35.3	331	187	4	1	331	1	304	1.88e-53	177
lcl|AP019371.1_prot_BBH65172.1_1857	iSF_1195.SF0781	35.0	331	188	4	1	331	1	304	5.25e-53	176
lcl|AP019371.1_prot_BBH65172.1_1857	iSbBS512_1146.SbBS512_E2517	35.0	331	188	4	1	331	1	304	2.06e-52	174
lcl|AP019371.1_prot_BBH65172.1_1857	iYL1228.KPN_03898	34.6	355	189	6	1	331	1	336	1.36e-51	173
lcl|AP019371.1_prot_BBH65172.1_1857	iYL1228.KPN_00864	33.8	331	192	4	1	331	1	304	6.29e-51	171
lcl|AP019371.1_prot_BBH65172.1_1857	STM_v1_0.STM0850	34.7	331	189	4	1	331	1	304	8.85e-51	170
lcl|AP019371.1_prot_BBH65172.1_1857	STM_v1_0.STM3629	34.4	355	190	7	1	331	1	336	8.08e-50	169
lcl|AP019371.1_prot_BBH65172.1_1857	iML1515.b3543	34.9	355	188	7	1	331	1	336	1.13e-49	168
lcl|AP019371.1_prot_BBH65172.1_1857	iSDY_1059.SDY_4566	34.9	355	188	7	1	331	1	336	1.13e-49	168
lcl|AP019371.1_prot_BBH65172.1_1857	iSSON_1240.SSON_3847	34.9	355	188	7	1	331	1	336	1.13e-49	168
lcl|AP019371.1_prot_BBH65172.1_1857	iSF_1195.SF3578	34.9	355	188	7	1	331	1	336	2.24e-49	167
lcl|AP019371.1_prot_BBH65172.1_1857	iML1515.b1486	36.8	326	170	3	26	330	24	334	8.93e-49	166
lcl|AP019371.1_prot_BBH65172.1_1857	iLJ478.TM1747	31.6	339	203	5	2	333	25	341	9.15e-49	166
lcl|AP019371.1_prot_BBH65172.1_1857	iSSON_1240.SSON_1638	36.5	326	171	3	26	330	24	334	2.66e-47	162
lcl|AP019371.1_prot_BBH65173.1_1858	iYL1228.KPN_00863	24.6	548	342	15	47	587	26	509	5.37e-24	105
lcl|AP019371.1_prot_BBH65173.1_1858	iSSON_1240.SSON_1637	24.8	512	306	19	62	556	32	481	2.32e-23	103
lcl|AP019371.1_prot_BBH65173.1_1858	iML1515.b0830	23.8	534	342	16	47	576	26	498	2.27e-21	97.4
lcl|AP019371.1_prot_BBH65173.1_1858	iSbBS512_1146.SbBS512_E2518	23.8	534	342	16	47	576	26	498	2.27e-21	97.4
lcl|AP019371.1_prot_BBH65173.1_1858	iSDY_1059.SDY_0757	23.8	534	342	16	47	576	26	498	2.27e-21	97.4
lcl|AP019371.1_prot_BBH65173.1_1858	iML1515.b1487	24.4	512	308	19	62	556	32	481	3.08e-21	97.1
lcl|AP019371.1_prot_BBH65173.1_1858	iSF_1195.SF0780	23.8	534	342	16	47	576	26	498	3.02e-21	97.1
lcl|AP019371.1_prot_BBH65173.1_1858	iSSON_1240.SSON_0812	23.8	534	342	16	47	576	26	498	3.02e-21	97.1
lcl|AP019371.1_prot_BBH65173.1_1858	iSbBS512_1146.SbBS512_E1750	24.3	490	292	19	84	556	54	481	1.29e-20	95.1
lcl|AP019371.1_prot_BBH65174.1_1859	iYL1228.KPN_00865	42.4	295	147	5	41	335	17	288	9.30e-57	185
lcl|AP019371.1_prot_BBH65174.1_1859	STM_v1_0.STM0851	43.1	295	145	3	41	335	31	302	7.23e-53	176
lcl|AP019371.1_prot_BBH65174.1_1859	iSbBS512_1146.SbBS512_E2516	39.0	295	157	3	41	335	31	302	2.21e-51	172
lcl|AP019371.1_prot_BBH65174.1_1859	iSF_1195.SF0782	41.0	295	151	3	41	335	31	302	2.21e-51	172
lcl|AP019371.1_prot_BBH65174.1_1859	iSSON_1240.SSON_0814	39.0	295	157	3	41	335	31	302	2.21e-51	172
lcl|AP019371.1_prot_BBH65174.1_1859	iML1515.b0832	38.6	295	158	3	41	335	31	302	3.10e-51	171
lcl|AP019371.1_prot_BBH65174.1_1859	iSDY_1059.SDY_0755	38.6	295	158	3	41	335	31	302	1.22e-50	170
lcl|AP019371.1_prot_BBH65174.1_1859	iSDY_1059.SDY_1303	38.7	305	165	4	31	335	20	302	3.30e-50	169
lcl|AP019371.1_prot_BBH65174.1_1859	iSF_1195.SF1246	38.7	305	165	4	31	335	20	302	3.30e-50	169
lcl|AP019371.1_prot_BBH65182.1_1867	iYO844.BSU19630	56.5	230	98	2	1	230	1	228	4.75e-90	265
lcl|AP019371.1_prot_BBH65182.1_1867	STM_v1_0.STM4570	54.1	233	106	1	4	236	5	236	7.27e-86	254
lcl|AP019371.1_prot_BBH65182.1_1867	iML1515.b4384	54.1	233	106	1	4	236	5	236	1.03e-85	254
lcl|AP019371.1_prot_BBH65182.1_1867	iSbBS512_1146.SbBS512_E4931	54.1	233	106	1	4	236	5	236	1.03e-85	254
lcl|AP019371.1_prot_BBH65182.1_1867	iSSON_1240.SSON_4535	54.1	233	106	1	4	236	5	236	1.03e-85	254
lcl|AP019371.1_prot_BBH65182.1_1867	iSDY_1059.SDY_4644	53.6	233	107	1	4	236	5	236	1.46e-85	253
lcl|AP019371.1_prot_BBH65182.1_1867	iSF_1195.SF4416	53.6	233	107	1	4	236	5	236	1.46e-85	253
lcl|AP019371.1_prot_BBH65182.1_1867	iYL1228.KPN_04840	55.1	227	101	1	10	236	2	227	1.54e-85	253
lcl|AP019371.1_prot_BBH65182.1_1867	iPC815.YPO0440	52.8	233	109	1	4	236	5	236	2.07e-85	253
lcl|AP019371.1_prot_BBH65183.1_1868	iAF987.Gmet_3524	55.8	129	56	1	9	137	26	153	2.41e-43	140
lcl|AP019371.1_prot_BBH65183.1_1868	iYO844.BSU00180	54.4	125	56	1	14	138	23	146	2.73e-40	132
lcl|AP019371.1_prot_BBH65183.1_1868	iNF517.LLMG_RS09230	49.2	130	65	1	9	138	22	150	3.73e-39	129
lcl|AP019371.1_prot_BBH65188.1_1873	iEK1008.Rv3754	40.3	248	140	4	16	256	1	247	1.02e-41	146
lcl|AP019371.1_prot_BBH65190.1_1875	iAF987.Gmet_0072	42.8	341	169	5	2	320	4	340	5.79e-69	218
lcl|AP019371.1_prot_BBH65190.1_1875	iYL1228.KPN_00627	44.5	317	152	6	13	312	18	327	5.78e-68	215
lcl|AP019371.1_prot_BBH65190.1_1875	iLJ478.TM0911	40.7	329	174	4	2	313	6	330	1.16e-64	207
lcl|AP019371.1_prot_BBH65190.1_1875	iJN1463.PP_1766	39.1	345	178	5	1	320	11	348	9.41e-61	197
lcl|AP019371.1_prot_BBH65191.1_1876	iYS854.USA300HOU_RS05715	35.2	236	137	5	102	337	332	551	1.16e-36	139
lcl|AP019371.1_prot_BBH65199.1_1884	iSynCJ816.SGL_RS10570	32.4	247	146	8	59	301	112	341	1.99e-18	87.0
lcl|AP019371.1_prot_BBH65200.1_1885	iSynCJ816.SGL_RS15665	46.7	353	182	4	13	364	13	360	1.02e-99	300
lcl|AP019371.1_prot_BBH65200.1_1885	iSbBS512_1146.SbBS512_E4135	43.0	370	200	2	7	368	2	368	1.01e-89	275
lcl|AP019371.1_prot_BBH65200.1_1885	iYS854.USA300HOU_RS11400	40.1	359	211	2	6	364	2	356	5.53e-89	273
lcl|AP019371.1_prot_BBH65200.1_1885	iSDY_1059.SDY_3962	42.7	370	201	2	7	368	16	382	1.23e-88	273
lcl|AP019371.1_prot_BBH65200.1_1885	iSSON_1240.SSON_3958	42.7	370	201	2	7	368	16	382	1.23e-88	273
lcl|AP019371.1_prot_BBH65200.1_1885	iML1515.b3786	42.5	367	206	1	7	368	2	368	2.27e-88	271
lcl|AP019371.1_prot_BBH65200.1_1885	iJN1463.PP_1811	41.6	365	203	2	13	370	10	371	3.63e-88	271
lcl|AP019371.1_prot_BBH65200.1_1885	iHN637.CLJU_RS01150	39.9	358	215	0	11	368	9	366	5.78e-88	271
lcl|AP019371.1_prot_BBH65208.1_1893	iYO844.BSU03070	28.4	496	341	5	25	511	17	507	8.21e-57	197
lcl|AP019371.1_prot_BBH65209.1_1894	iAF987.Gmet_0069	36.9	160	94	2	358	513	145	301	3.92e-23	99.8
lcl|AP019371.1_prot_BBH65209.1_1894	iML1515.b1025	38.7	163	90	5	357	514	284	441	5.08e-20	92.4
lcl|AP019371.1_prot_BBH65209.1_1894	iAF987.Gmet_2721	39.6	164	87	5	358	514	506	664	1.06e-19	92.4
lcl|AP019371.1_prot_BBH65209.1_1894	iAF987.Gmet_0043	38.4	164	91	4	358	515	418	577	2.03e-19	91.3
lcl|AP019371.1_prot_BBH65209.1_1894	iSbBS512_1146.SbBS512_E1077	40.4	161	88	4	358	513	395	552	3.38e-19	90.5
lcl|AP019371.1_prot_BBH65217.1_1902	iSDY_1059.SDY_0983	41.8	177	102	1	19	195	13	188	3.54e-42	140
lcl|AP019371.1_prot_BBH65217.1_1902	iML1515.b1008	42.4	177	101	1	19	195	13	188	1.42e-41	139
lcl|AP019371.1_prot_BBH65217.1_1902	iSF_1195.SF1011	41.8	177	102	1	19	195	13	188	1.42e-41	139
lcl|AP019371.1_prot_BBH65217.1_1902	iSSON_1240.SSON_1026	41.2	177	103	1	19	195	13	188	2.26e-40	135
lcl|AP019371.1_prot_BBH65218.1_1903	iAF987.Gmet_0916	51.4	284	126	5	1	275	13	293	1.05e-92	275
lcl|AP019371.1_prot_BBH65218.1_1903	iEK1008.Rv0780	50.7	276	126	7	6	274	13	285	2.47e-86	259
lcl|AP019371.1_prot_BBH65220.1_1905	iYS854.USA300HOU_RS11805	24.3	259	174	6	26	271	15	264	1.54e-07	52.8
lcl|AP019371.1_prot_BBH65225.1_1910	iAF987.Gmet_0069	31.9	119	76	2	36	149	5	123	2.47e-11	62.4
lcl|AP019371.1_prot_BBH65225.1_1910	iAF987.Gmet_1919	28.2	124	88	1	36	158	5	128	4.24e-10	58.9
lcl|AP019371.1_prot_BBH65225.1_1910	iAF987.Gmet_1706	29.2	168	108	5	36	200	3	162	9.51e-10	57.8
lcl|AP019371.1_prot_BBH65228.1_1913	iHN637.CLJU_RS12040	33.3	159	101	2	25	180	6	162	1.80e-14	68.2
lcl|AP019371.1_prot_BBH65234.1_1919	iAF987.Gmet_3011	34.9	275	172	3	1	272	12	282	6.03e-34	124
lcl|AP019371.1_prot_BBH65234.1_1919	iYO844.BSU07990	29.6	277	181	5	1	270	11	280	4.88e-31	116
lcl|AP019371.1_prot_BBH65236.1_1921	iML1515.b3001	62.2	336	118	2	3	329	9	344	1.07e-149	424
lcl|AP019371.1_prot_BBH65236.1_1921	iSF_1195.SF3047	62.2	336	118	2	3	329	9	344	1.52e-149	424
lcl|AP019371.1_prot_BBH65236.1_1921	iSSON_1240.SSON_3145	61.9	336	119	2	3	329	9	344	6.17e-149	422
lcl|AP019371.1_prot_BBH65236.1_1921	iSbBS512_1146.SbBS512_E3430	61.3	336	121	2	3	329	9	344	1.44e-147	419
lcl|AP019371.1_prot_BBH65239.1_1924	iSF_1195.SF4283	37.9	253	146	5	4	246	11	262	6.24e-52	171
lcl|AP019371.1_prot_BBH65241.1_1926	iYL1228.KPN_00507	24.9	221	147	5	56	275	38	240	2.00e-07	52.0
lcl|AP019371.1_prot_BBH65241.1_1926	iAF692.Mbar_A1138	26.1	222	135	7	13	233	5	198	5.76e-06	47.4
lcl|AP019371.1_prot_BBH65245.1_1930	iLB1027_lipid.PHATRDRAFT_50097	34.5	200	126	3	44	241	34	230	2.27e-25	104
lcl|AP019371.1_prot_BBH65247.1_1932	iSynCJ816.SGL_RS03350	34.3	201	132	0	5	205	6	206	2.05e-37	130
lcl|AP019371.1_prot_BBH65247.1_1932	iSynCJ816.SGL_RS10385	33.0	221	139	3	1	217	1	216	1.06e-32	118
lcl|AP019371.1_prot_BBH65251.1_1936	iJN1463.PP_4689	32.2	261	164	8	78	331	31	285	1.30e-22	95.5
lcl|AP019371.1_prot_BBH65251.1_1936	iYO844.BSU33180	28.4	282	183	10	56	331	40	308	4.23e-21	91.7
lcl|AP019371.1_prot_BBH65252.1_1937	iJN1463.PP_4688	42.7	337	176	5	7	330	12	344	3.10e-70	222
lcl|AP019371.1_prot_BBH65252.1_1937	iAF692.Mbar_A2393	39.8	324	188	5	5	327	34	351	3.41e-63	204
lcl|AP019371.1_prot_BBH65253.1_1938	iJN1463.PP_4687	43.0	256	134	4	1	248	2	253	1.54e-48	160
lcl|AP019371.1_prot_BBH65253.1_1938	iYO844.BSU33160	38.3	253	151	3	1	248	1	253	2.93e-42	149
lcl|AP019371.1_prot_BBH65255.1_1940	iEK1008.Rv0386	27.7	430	228	19	96	480	190	581	9.60e-11	65.1
lcl|AP019371.1_prot_BBH65260.1_1945	iEK1008.Rv2936	43.5	322	162	5	3	309	5	321	5.50e-75	233
lcl|AP019371.1_prot_BBH65261.1_1946	iEK1008.Rv2938	25.8	190	124	6	66	245	82	264	3.44e-11	61.6
lcl|AP019371.1_prot_BBH65263.1_1948	iYO844.BSU35680	24.7	953	618	28	5	917	7	899	1.18e-66	240
lcl|AP019371.1_prot_BBH65269.1_1954	iYO844.BSU14520	38.7	62	38	0	337	398	282	343	3.36e-06	48.9
lcl|AP019371.1_prot_BBH65274.1_1959	iLB1027_lipid.PHATRDRAFT_29488	30.8	357	207	8	16	332	106	462	4.06e-38	141
lcl|AP019371.1_prot_BBH65277.1_1962	iEK1008.Rv2287	33.5	541	328	15	6	539	17	532	4.62e-55	194
lcl|AP019371.1_prot_BBH65286.1_1971	iSynCJ816.SGL_RS12975	29.2	120	79	3	249	364	282	399	9.08e-05	43.9
lcl|AP019371.1_prot_BBH65288.1_1973	iSynCJ816.SGL_RS13900	27.4	325	207	8	93	401	63	374	2.23e-07	52.4
lcl|AP019371.1_prot_BBH65289.1_1974	iAF987.Gmet_2741	29.3	280	179	8	12	281	2	272	6.99e-17	79.3
lcl|AP019371.1_prot_BBH65309.1_1994	iYO844.BSU23610	32.2	146	93	1	2	147	3	142	1.99e-20	83.6
lcl|AP019371.1_prot_BBH65320.1_2005	iYS854.USA300HOU_RS01235	24.4	377	257	10	1	361	9	373	2.25e-24	102
lcl|AP019371.1_prot_BBH65320.1_2005	iPC815.YPO2908	26.4	314	211	7	1	297	9	319	2.66e-24	102
lcl|AP019371.1_prot_BBH65320.1_2005	iML1515.b2552	23.7	388	261	11	2	361	10	390	8.35e-21	92.4
lcl|AP019371.1_prot_BBH65320.1_2005	iSbBS512_1146.SbBS512_E2917	23.7	388	261	11	2	361	10	390	8.35e-21	92.4
lcl|AP019371.1_prot_BBH65321.1_2006	iYO844.BSU15720	36.9	130	76	3	329	454	19	146	1.02e-11	62.8
lcl|AP019371.1_prot_BBH65321.1_2006	iAM_Pc455.PCYB_071570	32.8	116	73	2	348	459	103	217	2.38e-10	60.5
lcl|AP019371.1_prot_BBH65321.1_2006	iAM_Pv461.PVX_098840	34.5	110	67	2	348	453	48	156	1.06e-10	60.5
lcl|AP019371.1_prot_BBH65321.1_2006	iAM_Pb448.PBANKA_080930	30.4	115	77	1	348	459	98	212	1.80e-09	57.8
lcl|AP019371.1_prot_BBH65326.1_2011	iML1515.b2175	40.9	88	45	3	195	276	79	165	1.20e-08	53.5
lcl|AP019371.1_prot_BBH65328.1_2013	iEK1008.Rv3777	53.5	325	146	3	21	340	3	327	6.25e-108	318
lcl|AP019371.1_prot_BBH65330.1_2015	iLJ478.TM0954	38.6	215	116	5	14	214	34	246	5.23e-38	132
lcl|AP019371.1_prot_BBH65331.1_2016	iSF_1195.SF0357	29.2	267	168	8	36	285	357	619	5.38e-20	89.4
lcl|AP019371.1_prot_BBH65331.1_2016	iSDY_1059.SDY_0310	28.8	267	169	8	36	285	357	619	7.27e-20	89.0
lcl|AP019371.1_prot_BBH65331.1_2016	iAF987.Gmet_0552	29.5	268	159	8	2	239	8	275	3.21e-20	88.2
lcl|AP019371.1_prot_BBH65331.1_2016	iML1515.b0420	28.8	267	169	8	36	285	357	619	1.79e-19	87.8
lcl|AP019371.1_prot_BBH65331.1_2016	iSbBS512_1146.SbBS512_E0341	28.8	267	169	8	36	285	357	619	1.79e-19	87.8
lcl|AP019371.1_prot_BBH65331.1_2016	iSSON_1240.SSON_0397	28.8	267	169	8	36	285	357	619	1.79e-19	87.8
lcl|AP019371.1_prot_BBH65331.1_2016	iLJ478.TM0953	25.1	303	209	6	1	285	5	307	2.65e-18	82.8
lcl|AP019371.1_prot_BBH65331.1_2016	STM_v1_0.STM0422	27.8	266	173	8	36	285	357	619	3.95e-17	80.9
lcl|AP019371.1_prot_BBH65338.1_2023	iEK1008.Rv1239c	48.3	356	177	3	26	375	12	366	5.23e-112	331
lcl|AP019371.1_prot_BBH65339.1_2024	iCN900.CD630_36640	33.2	370	235	5	5	364	28	395	4.21e-66	214
lcl|AP019371.1_prot_BBH65340.1_2025	iMM904.YDL055C	38.8	98	57	2	1	98	1	95	1.04e-10	60.5
lcl|AP019371.1_prot_BBH65340.1_2025	iMM1415.331026	33.9	115	70	3	1	112	1	112	6.26e-10	58.2
lcl|AP019371.1_prot_BBH65340.1_2025	iCHOv1.100760573	36.7	98	59	2	1	98	1	95	2.07e-09	56.6
lcl|AP019371.1_prot_BBH65340.1_2025	iAF692.Mbar_A2023	26.1	245	162	9	1	239	1	232	7.34e-09	55.1
lcl|AP019371.1_prot_BBH65340.1_2025	iIS312.TCDM_10698	36.7	98	59	2	1	98	14	108	7.09e-09	55.1
lcl|AP019371.1_prot_BBH65341.1_2026	iAF692.Mbar_A0291	31.4	331	217	4	5	329	10	336	7.19e-51	172
lcl|AP019371.1_prot_BBH65343.1_2028	iSynCJ816.SGL_RS09310	26.4	178	114	4	184	348	130	303	4.42e-05	45.1
lcl|AP019371.1_prot_BBH65343.1_2028	iEK1008.Rv2610c	34.7	95	55	2	253	343	200	291	1.34e-04	43.5
lcl|AP019371.1_prot_BBH65345.1_2030	STM_v1_0.STM2082	30.5	462	236	14	84	505	60	476	4.55e-45	164
lcl|AP019371.1_prot_BBH65345.1_2030	iML1515.b2047	38.1	257	137	6	259	505	220	464	4.05e-40	150
lcl|AP019371.1_prot_BBH65347.1_2032	iAF987.Gmet_0069	28.9	121	79	3	1	117	1	118	8.98e-08	51.6
lcl|AP019371.1_prot_BBH65347.1_2032	iAF987.Gmet_2999	32.5	123	73	5	5	121	10	128	1.35e-07	51.2
lcl|AP019371.1_prot_BBH65348.1_2033	iAF987.Gmet_1706	28.8	184	117	5	7	187	2	174	1.93e-12	65.1
lcl|AP019371.1_prot_BBH65348.1_2033	iAF987.Gmet_2999	30.0	120	79	2	8	122	10	129	7.54e-12	63.5
lcl|AP019371.1_prot_BBH65348.1_2033	iAF987.Gmet_1919	28.2	163	104	3	8	158	5	166	1.11e-10	60.1
lcl|AP019371.1_prot_BBH65348.1_2033	iAF987.Gmet_1914	29.2	106	74	1	7	111	3	108	1.80e-10	59.7
lcl|AP019371.1_prot_BBH65349.1_2034	iAF987.Gmet_0043	28.2	234	154	7	122	342	34	266	5.81e-15	75.5
lcl|AP019371.1_prot_BBH65352.1_2037	iYO844.BSU38240	28.8	527	306	11	12	519	12	488	8.15e-53	187
lcl|AP019371.1_prot_BBH65352.1_2037	iAF987.Gmet_0739	31.2	493	295	11	7	482	81	546	1.19e-51	186
lcl|AP019371.1_prot_BBH65353.1_2038	iCN900.CD630_16140	31.8	220	147	1	27	243	39	258	7.30e-35	125
lcl|AP019371.1_prot_BBH65353.1_2038	iYO844.BSU02750	33.6	214	141	1	27	239	20	233	9.34e-35	124
lcl|AP019371.1_prot_BBH65353.1_2038	iEK1008.Rv2936	31.7	240	160	2	7	244	2	239	1.66e-33	123
lcl|AP019371.1_prot_BBH65353.1_2038	iML1515.b3201	31.5	232	156	2	13	241	4	235	7.38e-32	117
lcl|AP019371.1_prot_BBH65353.1_2038	iSbBS512_1146.SbBS512_E3569	31.5	232	156	2	13	241	4	235	7.38e-32	117
lcl|AP019371.1_prot_BBH65353.1_2038	iSDY_1059.SDY_3382	31.5	232	156	2	13	241	4	235	7.38e-32	117
lcl|AP019371.1_prot_BBH65353.1_2038	iSF_1195.SF3241	31.5	232	156	2	13	241	4	235	7.38e-32	117
lcl|AP019371.1_prot_BBH65353.1_2038	iSSON_1240.SSON_3349	31.5	232	156	2	13	241	4	235	7.38e-32	117
lcl|AP019371.1_prot_BBH65359.1_2044	iYO844.BSU38240	51.7	536	220	6	21	553	8	507	4.40e-161	468
lcl|AP019371.1_prot_BBH65360.1_2045	iYS854.USA300HOU_RS12505	32.6	279	151	10	94	365	35	283	1.85e-26	107
lcl|AP019371.1_prot_BBH65361.1_2046	iYS854.USA300HOU_RS06935	24.8	246	140	7	93	336	80	282	4.65e-11	63.2
lcl|AP019371.1_prot_BBH65362.1_2047	iPC815.YPO0122	41.2	85	49	1	27	110	23	107	3.43e-17	70.9
lcl|AP019371.1_prot_BBH65362.1_2047	iYL1228.KPN_03791	40.8	76	45	0	25	100	21	96	1.23e-14	64.3
lcl|AP019371.1_prot_BBH65362.1_2047	STM_v1_0.STM3525	42.1	76	44	0	25	100	21	96	1.20e-14	64.3
lcl|AP019371.1_prot_BBH65363.1_2048	iEK1008.Rv3842c	47.2	231	121	1	8	238	12	241	8.94e-64	200
lcl|AP019371.1_prot_BBH65364.1_2049	iAF987.Gmet_0043	28.8	222	145	7	174	385	49	267	1.12e-10	62.8
lcl|AP019371.1_prot_BBH65366.1_2051	iEK1008.Rv1001	62.0	395	146	2	4	394	8	402	5.09e-166	470
lcl|AP019371.1_prot_BBH65372.1_2057	iEK1008.Rv3838c	46.8	314	149	5	8	313	3	306	7.44e-74	229
lcl|AP019371.1_prot_BBH65377.1_2062	iNF517.LLMG_RS03735	40.9	418	239	6	1	411	1	417	3.60e-97	296
lcl|AP019371.1_prot_BBH65377.1_2062	iYS854.USA300HOU_RS00045	38.6	428	254	7	1	419	1	428	8.35e-97	296
lcl|AP019371.1_prot_BBH65377.1_2062	iLJ478.TM1379	39.2	424	249	6	1	415	1	424	4.74e-89	276
lcl|AP019371.1_prot_BBH65377.1_2062	iAF987.Gmet_3528	37.9	417	252	7	1	411	1	416	1.56e-86	269
lcl|AP019371.1_prot_BBH65378.1_2063	iML1515.b3697	27.7	267	182	6	8	267	4	266	3.46e-20	87.0
lcl|AP019371.1_prot_BBH65379.1_2064	iSbBS512_1146.SbBS512_E0687	29.8	272	171	6	1	257	1	267	8.29e-21	88.6
lcl|AP019371.1_prot_BBH65379.1_2064	iSF_1195.SF0538	30.1	272	170	6	1	257	1	267	1.15e-20	88.2
lcl|AP019371.1_prot_BBH65379.1_2064	iML1515.b0766	30.0	280	160	7	1	257	1	267	2.20e-20	87.4
lcl|AP019371.1_prot_BBH65379.1_2064	iML1515.b3826	29.6	270	172	9	3	261	2	264	1.36e-18	82.4
lcl|AP019371.1_prot_BBH65379.1_2064	iSbBS512_1146.SbBS512_E4293	29.6	270	172	9	3	261	2	264	1.36e-18	82.4
lcl|AP019371.1_prot_BBH65379.1_2064	iSF_1195.SF3904	29.6	270	172	9	3	261	2	264	1.88e-18	82.0
lcl|AP019371.1_prot_BBH65379.1_2064	iSDY_1059.SDY_3917	29.6	277	163	10	3	261	2	264	6.84e-18	80.5
lcl|AP019371.1_prot_BBH65379.1_2064	iSSON_1240.SSON_4000	29.3	270	173	9	3	261	2	264	9.44e-18	80.1
lcl|AP019371.1_prot_BBH65381.1_2066	iSynCJ816.SGL_RS17085	32.4	259	166	6	1	253	9	264	1.36e-36	136
lcl|AP019371.1_prot_BBH65385.1_2070	iEK1008.Rv2453c	32.2	174	102	7	4	172	11	173	1.44e-06	46.6
lcl|AP019371.1_prot_BBH65386.1_2071	iEK1008.Rv2899c	60.2	256	97	2	15	265	21	276	1.55e-101	296
lcl|AP019371.1_prot_BBH65387.1_2072	iCN718.ABAYE_RS04585	32.0	482	226	14	37	442	45	500	7.04e-63	216
lcl|AP019371.1_prot_BBH65391.1_2076	iEK1008.Rv0869c	62.2	333	123	2	4	335	30	360	3.97e-142	405
lcl|AP019371.1_prot_BBH65398.1_2083	iEK1008.Rv2181	28.3	329	191	7	37	346	47	349	6.25e-16	79.0
lcl|AP019371.1_prot_BBH65399.1_2084	iEK1008.Rv0866	54.3	138	62	1	1	137	1	138	7.90e-46	145
lcl|AP019371.1_prot_BBH65400.1_2085	iJN1463.PP_2123	35.5	375	228	10	24	392	36	402	7.39e-42	151
lcl|AP019371.1_prot_BBH65401.1_2086	iEK1008.Rv0865	56.2	153	67	0	3	155	6	158	1.02e-56	174
lcl|AP019371.1_prot_BBH65402.1_2087	iEK1008.Rv3111	53.5	155	71	1	7	160	8	162	2.93e-43	140
lcl|AP019371.1_prot_BBH65402.1_2087	iJN1463.PP_1292	52.0	152	72	1	7	157	2	153	1.17e-39	131
lcl|AP019371.1_prot_BBH65403.1_2088	iAF987.Gmet_0700	35.1	490	314	4	305	790	318	807	5.41e-69	244
lcl|AP019371.1_prot_BBH65403.1_2088	iAF987.Gmet_3085	37.4	417	256	4	382	793	460	876	5.67e-68	242
lcl|AP019371.1_prot_BBH65403.1_2088	iJN1463.PP_3581	37.7	424	259	5	382	801	263	685	8.94e-69	241
lcl|AP019371.1_prot_BBH65403.1_2088	iAF987.Gmet_0782	37.6	425	259	5	382	801	302	725	2.32e-67	238
lcl|AP019371.1_prot_BBH65403.1_2088	iAF987.Gmet_2629	36.4	431	266	6	382	805	386	815	3.56e-65	233
lcl|AP019371.1_prot_BBH65403.1_2088	iAF987.Gmet_0957	33.3	475	298	7	345	800	145	619	2.27e-66	233
lcl|AP019371.1_prot_BBH65403.1_2088	iYL1228.KPN_02455	35.3	430	263	6	369	790	169	591	2.00e-66	232
lcl|AP019371.1_prot_BBH65403.1_2088	iAF987.Gmet_0987	35.6	416	258	5	382	790	361	773	3.16e-62	224
lcl|AP019371.1_prot_BBH65417.1_2102	iAF987.Gmet_0354	24.1	734	358	18	167	762	86	758	9.78e-33	135
lcl|AP019371.1_prot_BBH65417.1_2102	iSynCJ816.SGL_RS05320	24.6	650	381	26	141	762	179	747	2.88e-31	130
lcl|AP019371.1_prot_BBH65417.1_2102	STM_v1_0.STM3493	35.4	308	172	8	118	417	19	307	1.17e-30	129
lcl|AP019371.1_prot_BBH65417.1_2102	iNF517.LLMG_RS11990	25.3	647	370	21	151	762	101	669	1.90e-29	125
lcl|AP019371.1_prot_BBH65417.1_2102	iML1515.b3396	34.1	308	176	8	118	417	11	299	3.26e-29	124
lcl|AP019371.1_prot_BBH65417.1_2102	iSbBS512_1146.SbBS512_E3773	34.1	308	176	8	118	417	11	299	3.26e-29	124
lcl|AP019371.1_prot_BBH65417.1_2102	iSDY_1059.SDY_3682	34.1	308	176	8	118	417	19	307	3.31e-29	124
lcl|AP019371.1_prot_BBH65417.1_2102	iSSON_1240.SSON_3527	34.1	308	176	8	118	417	19	307	3.31e-29	124
lcl|AP019371.1_prot_BBH65417.1_2102	iSF_1195.SF3414	34.1	308	176	8	118	417	11	299	4.30e-29	124
lcl|AP019371.1_prot_BBH65420.1_2105	iEK1008.Rv0046c	78.4	352	76	0	12	363	16	367	5.61e-197	546
lcl|AP019371.1_prot_BBH65428.1_2113	iML1515.b1069	27.9	384	259	8	66	446	14	382	4.06e-29	120
lcl|AP019371.1_prot_BBH65428.1_2113	iSbBS512_1146.SbBS512_E2257	28.1	384	258	9	66	446	14	382	5.47e-29	120
lcl|AP019371.1_prot_BBH65428.1_2113	iSDY_1059.SDY_2083	27.9	384	259	8	66	446	14	382	5.47e-29	120
lcl|AP019371.1_prot_BBH65428.1_2113	iSF_1195.SF1075	28.1	384	258	9	66	446	14	382	5.47e-29	120
lcl|AP019371.1_prot_BBH65428.1_2113	iSSON_1240.SSON_1089	28.1	384	258	9	66	446	14	382	5.47e-29	120
lcl|AP019371.1_prot_BBH65428.1_2113	iJN1463.PP_0601	27.1	388	257	9	66	446	14	382	2.02e-26	112
lcl|AP019371.1_prot_BBH65432.1_2117	iEK1008.Rv3913	62.8	312	106	3	4	314	14	316	5.65e-127	365
lcl|AP019371.1_prot_BBH65433.1_2118	iML1515.b3781	46.1	102	54	1	4	105	8	108	9.66e-29	99.8
lcl|AP019371.1_prot_BBH65433.1_2118	STM_v1_0.STM3915	46.1	102	54	1	4	105	8	108	9.66e-29	99.8
lcl|AP019371.1_prot_BBH65433.1_2118	iSbBS512_1146.SbBS512_E4140	46.1	102	54	1	4	105	8	108	9.66e-29	99.8
lcl|AP019371.1_prot_BBH65433.1_2118	iSDY_1059.SDY_3968	46.1	102	54	1	4	105	26	126	1.60e-28	99.8
lcl|AP019371.1_prot_BBH65433.1_2118	iSF_1195.SF3854	46.1	102	54	1	4	105	26	126	1.60e-28	99.8
lcl|AP019371.1_prot_BBH65433.1_2118	iSSON_1240.SSON_3952	46.1	102	54	1	4	105	26	126	1.60e-28	99.8
lcl|AP019371.1_prot_BBH65433.1_2118	iYL1228.KPN_04282	47.1	102	53	1	4	105	8	108	1.94e-28	99.0
lcl|AP019371.1_prot_BBH65433.1_2118	iJN1463.PP_5215	44.8	105	57	1	1	105	6	109	2.59e-26	93.6
lcl|AP019371.1_prot_BBH65433.1_2118	iPC815.YPO3868	46.1	102	54	1	4	105	8	108	3.58e-26	93.2
lcl|AP019371.1_prot_BBH65433.1_2118	iYS854.USA300HOU_RS05725	45.1	102	53	2	4	105	6	104	1.84e-25	91.3
lcl|AP019371.1_prot_BBH65434.1_2119	iYO844.BSU35620	30.4	181	116	4	170	350	317	487	2.41e-13	70.9
lcl|AP019371.1_prot_BBH65434.1_2119	iYS854.USA300HOU_RS08685	28.0	200	126	5	160	359	108	289	5.37e-13	68.6
lcl|AP019371.1_prot_BBH65436.1_2121	iCN900.CD630_36640	35.1	399	254	2	12	409	4	398	1.12e-84	264
lcl|AP019371.1_prot_BBH65437.1_2122	STM_v1_0.STM0130	39.0	310	178	4	12	318	4	305	1.33e-57	187
lcl|AP019371.1_prot_BBH65437.1_2122	iYL1228.KPN_00096	36.8	310	185	4	12	318	4	305	8.21e-56	183
lcl|AP019371.1_prot_BBH65437.1_2122	iML1515.b0092	37.1	310	184	4	12	318	4	305	1.98e-53	177
lcl|AP019371.1_prot_BBH65437.1_2122	iSSON_1240.SSON_0100	37.1	310	184	4	12	318	4	305	1.98e-53	177
lcl|AP019371.1_prot_BBH65437.1_2122	iSbBS512_1146.SbBS512_E0085	37.1	310	184	4	12	318	4	305	2.79e-53	176
lcl|AP019371.1_prot_BBH65437.1_2122	iSDY_1059.SDY_0122	37.1	310	184	4	12	318	4	305	2.79e-53	176
lcl|AP019371.1_prot_BBH65437.1_2122	iSF_1195.SF0089	37.1	310	184	4	12	318	4	305	3.93e-53	176
lcl|AP019371.1_prot_BBH65437.1_2122	iPC815.YPO0557	36.5	304	188	2	12	315	4	302	3.93e-53	176
lcl|AP019371.1_prot_BBH65437.1_2122	iJN1463.PP_1339	36.2	309	185	3	12	320	19	315	1.07e-52	175
lcl|AP019371.1_prot_BBH65437.1_2122	iAF987.Gmet_0415	38.7	323	174	7	7	323	2	306	2.24e-48	171
lcl|AP019371.1_prot_BBH65443.1_2128	iHN637.CLJU_RS11570	27.3	249	159	9	324	563	9	244	2.11e-06	49.3
lcl|AP019371.1_prot_BBH65451.1_2136	iJN1463.PP_4043	48.6	325	132	5	1	290	1	325	3.29e-99	293
lcl|AP019371.1_prot_BBH65451.1_2136	iEK1008.Rv1122	46.0	337	134	4	1	289	1	337	2.08e-90	271
lcl|AP019371.1_prot_BBH65460.1_2145	iEK1008.Rv2181	31.1	351	194	11	4	312	80	424	2.02e-32	124
lcl|AP019371.1_prot_BBH65460.1_2145	iEK1008.Rv1159	29.1	320	202	8	4	302	103	418	1.75e-28	113
lcl|AP019371.1_prot_BBH65462.1_2147	iYL1228.KPN_04378	32.7	107	62	3	2	106	135	233	6.26e-09	53.1
lcl|AP019371.1_prot_BBH65467.1_2152	iHN637.CLJU_RS18305	24.6	122	85	2	9	129	84	199	4.23e-07	47.4
lcl|AP019371.1_prot_BBH65468.1_2153	iJN1463.PP_1205	42.8	575	305	9	14	578	1	561	5.10e-126	382
lcl|AP019371.1_prot_BBH65468.1_2153	iAF987.Gmet_1354	40.9	584	316	10	14	585	1	567	1.39e-125	380
lcl|AP019371.1_prot_BBH65468.1_2153	iYL1228.KPN_00208	42.4	575	308	10	14	578	1	562	2.32e-124	377
lcl|AP019371.1_prot_BBH65468.1_2153	iSbBS512_1146.SbBS512_E0188	42.5	574	309	9	14	578	1	562	4.62e-124	377
lcl|AP019371.1_prot_BBH65468.1_2153	iSF_1195.SF0185	42.5	574	309	9	14	578	1	562	4.62e-124	377
lcl|AP019371.1_prot_BBH65468.1_2153	iSSON_1240.SSON_0208	42.5	574	309	9	14	578	1	562	4.62e-124	377
lcl|AP019371.1_prot_BBH65468.1_2153	iSDY_1059.SDY_0213	42.5	574	309	9	14	578	1	562	9.20e-124	376
lcl|AP019371.1_prot_BBH65468.1_2153	STM_v1_0.STM0242	42.3	574	310	9	14	578	1	562	5.15e-123	374
lcl|AP019371.1_prot_BBH65468.1_2153	iPC815.YPO1068	41.6	574	314	9	14	578	1	562	4.06e-122	372
lcl|AP019371.1_prot_BBH65468.1_2153	iCN718.ABAYE_RS03855	42.0	566	300	10	14	565	1	552	3.82e-119	364
lcl|AP019371.1_prot_BBH65468.1_2153	iCN900.CD630_00490	38.5	576	319	12	14	578	1	552	3.33e-117	359
lcl|AP019371.1_prot_BBH65468.1_2153	iYS854.USA300HOU_RS06365	39.7	577	324	10	14	583	1	560	1.65e-116	357
lcl|AP019371.1_prot_BBH65468.1_2153	iLJ478.TM0514	39.0	562	313	9	14	565	1	542	4.84e-115	353
lcl|AP019371.1_prot_BBH65468.1_2153	iSynCJ816.SGL_RS09270	39.2	605	323	12	14	584	1	594	2.02e-114	353
lcl|AP019371.1_prot_BBH65470.1_2155	iEK1008.Rv3283	60.8	296	112	2	1	296	1	292	4.23e-134	381
lcl|AP019371.1_prot_BBH65471.1_2156	iCHOv1.100754792	26.4	201	124	5	5	183	369	567	1.18e-13	73.9
lcl|AP019371.1_prot_BBH65474.1_2159	iNF517.LLMG_RS08930	49.6	446	220	3	1	441	1	446	2.80e-138	404
lcl|AP019371.1_prot_BBH65474.1_2159	iAF692.Mbar_A1587	50.5	442	213	3	1	438	1	440	5.47e-137	402
lcl|AP019371.1_prot_BBH65474.1_2159	iHN637.CLJU_RS20745	48.4	442	223	3	1	438	1	441	7.97e-136	397
lcl|AP019371.1_prot_BBH65474.1_2159	iJN1463.PP_4067	50.0	444	216	4	2	440	6	448	1.89e-131	393
lcl|AP019371.1_prot_BBH65474.1_2159	iYL1228.KPN_03665	48.7	435	217	3	1	431	1	433	5.08e-132	387
lcl|AP019371.1_prot_BBH65474.1_2159	STM_v1_0.STM3380	48.5	435	218	3	1	431	1	433	7.20e-132	387
lcl|AP019371.1_prot_BBH65474.1_2159	iYO844.BSU24340	49.2	439	219	2	1	435	1	439	1.49e-131	386
lcl|AP019371.1_prot_BBH65474.1_2159	iML1515.b3256	48.7	435	217	3	1	431	1	433	5.80e-131	385
lcl|AP019371.1_prot_BBH65474.1_2159	iSbBS512_1146.SbBS512_E3288	48.7	435	217	3	1	431	1	433	5.80e-131	385
lcl|AP019371.1_prot_BBH65474.1_2159	iSDY_1059.SDY_3433	48.7	435	217	3	1	431	1	433	5.80e-131	385
lcl|AP019371.1_prot_BBH65474.1_2159	iSSON_1240.SSON_3397	48.7	435	217	3	1	431	1	433	1.16e-130	384
lcl|AP019371.1_prot_BBH65474.1_2159	iAF987.Gmet_0984	47.3	444	230	2	1	441	1	443	5.99e-130	382
lcl|AP019371.1_prot_BBH65474.1_2159	iSF_1195.SF3294	48.5	435	218	3	1	431	1	433	1.32e-129	381
lcl|AP019371.1_prot_BBH65474.1_2159	iCN718.ABAYE_RS08035	48.2	438	220	4	1	434	1	435	3.33e-129	380
lcl|AP019371.1_prot_BBH65474.1_2159	iJN1463.PP_0558	46.8	434	225	3	2	431	5	436	1.29e-127	376
lcl|AP019371.1_prot_BBH65474.1_2159	iCHOv1.100765530	48.5	441	216	5	3	435	59	496	1.69e-122	372
lcl|AP019371.1_prot_BBH65474.1_2159	iPC815.YPO3658	47.4	435	223	3	1	431	1	433	5.54e-126	372
lcl|AP019371.1_prot_BBH65474.1_2159	iMM1415.110821	47.6	441	220	5	3	435	60	497	2.71e-121	369
lcl|AP019371.1_prot_BBH65474.1_2159	iMM1415.72039	46.6	442	230	4	2	438	45	485	3.18e-121	369
lcl|AP019371.1_prot_BBH65474.1_2159	iAT_PLT_636.5095	47.8	439	222	4	3	435	64	501	2.36e-120	367
lcl|AP019371.1_prot_BBH65474.1_2159	iSynCJ816.SGL_RS13980	47.0	438	227	3	5	438	6	442	9.82e-124	366
lcl|AP019371.1_prot_BBH65474.1_2159	iCHOv1.100771229	46.6	442	230	4	2	438	45	485	3.52e-120	366
lcl|AP019371.1_prot_BBH65474.1_2159	iYS854.USA300HOU_RS08155	46.5	443	229	3	2	438	1	441	8.68e-123	364
lcl|AP019371.1_prot_BBH65475.1_2160	iYO844.BSU18230	45.1	284	149	2	4	280	7	290	1.15e-80	245
lcl|AP019371.1_prot_BBH65475.1_2160	iCN718.ABAYE_RS11835	44.3	291	154	4	3	286	7	296	8.93e-78	238
lcl|AP019371.1_prot_BBH65475.1_2160	iAF987.Gmet_3293	43.0	291	159	2	2	285	5	295	5.25e-76	234
lcl|AP019371.1_prot_BBH65475.1_2160	iMM1415.208982	42.4	290	160	2	3	285	47	336	5.24e-73	227
lcl|AP019371.1_prot_BBH65475.1_2160	iMM1415.15356	41.2	289	163	2	4	285	33	321	8.72e-73	226
lcl|AP019371.1_prot_BBH65478.1_2163	iYO844.BSU18210	61.1	499	191	2	11	507	14	511	4.68e-215	603
lcl|AP019371.1_prot_BBH65479.1_2164	iEK1008.Rv2500c	68.4	383	116	2	6	385	13	393	9.19e-179	502
lcl|AP019371.1_prot_BBH65489.1_2174	iYL1228.KPN_04295	31.3	192	126	4	50	239	51	238	4.61e-20	86.3
lcl|AP019371.1_prot_BBH65489.1_2174	iSbBS512_1146.SbBS512_E4126	30.2	192	128	4	50	239	49	236	8.05e-18	80.1
lcl|AP019371.1_prot_BBH65489.1_2174	iSDY_1059.SDY_3953	30.2	192	128	4	50	239	49	236	8.05e-18	80.1
lcl|AP019371.1_prot_BBH65489.1_2174	iSSON_1240.SSON_3967	30.2	192	128	4	50	239	49	236	8.05e-18	80.1
lcl|AP019371.1_prot_BBH65489.1_2174	iYO844.BSU35750	30.2	182	118	5	62	242	57	230	1.30e-17	79.7
lcl|AP019371.1_prot_BBH65489.1_2174	iSF_1195.SF3869	29.7	192	129	4	50	239	49	236	1.11e-17	79.7
lcl|AP019371.1_prot_BBH65489.1_2174	iML1515.b3794	29.7	192	129	4	50	239	49	236	5.56e-17	77.8
lcl|AP019371.1_prot_BBH65490.1_2175	iSynCJ816.SGL_RS08610	42.9	84	45	3	197	277	20	103	1.81e-07	51.2
lcl|AP019371.1_prot_BBH65491.1_2176	iSynCJ816.SGL_RS08610	36.0	75	47	1	84	157	25	99	1.01e-05	43.9
lcl|AP019371.1_prot_BBH65492.1_2177	iEK1008.Rv0018c	51.0	357	160	5	1	351	4	351	2.48e-102	315
lcl|AP019371.1_prot_BBH65494.1_2179	iML1515.b0089	31.7	379	216	13	69	438	58	402	7.98e-33	128
lcl|AP019371.1_prot_BBH65495.1_2180	iAF987.Gmet_0928	32.6	383	213	15	131	492	241	599	4.36e-27	114
lcl|AP019371.1_prot_BBH65495.1_2180	iAF987.Gmet_0406	28.7	401	232	13	76	454	149	517	2.67e-25	109
lcl|AP019371.1_prot_BBH65496.1_2181	iYS854.USA300HOU_RS06130	34.1	255	164	1	5	255	3	257	1.64e-42	159
lcl|AP019371.1_prot_BBH65497.1_2182	iYS854.USA300HOU_RS06130	28.7	602	353	15	6	563	4	573	3.43e-55	197
lcl|AP019371.1_prot_BBH65498.1_2183	iEK1008.Rv0013	68.2	195	59	3	1	192	1	195	1.24e-89	263
lcl|AP019371.1_prot_BBH65501.1_2186	iHN637.CLJU_RS05215	27.9	140	83	4	136	271	99	224	8.74e-08	51.6
lcl|AP019371.1_prot_BBH65503.1_2188	iAF987.Gmet_2065	38.6	684	341	22	43	711	38	657	7.51e-135	412
lcl|AP019371.1_prot_BBH65503.1_2188	iAF987.Gmet_2255	35.9	685	356	17	43	712	38	654	2.88e-126	389
lcl|AP019371.1_prot_BBH65503.1_2188	iAF987.Gmet_0685	34.2	688	389	16	33	712	25	656	2.32e-122	379
lcl|AP019371.1_prot_BBH65509.1_2194	iEK1008.Rv0321	77.4	186	42	0	1	186	1	186	9.13e-102	291
lcl|AP019371.1_prot_BBH65511.1_2196	iIS312.TCDM_01381	27.3	139	94	4	5	138	19	155	1.55e-07	49.3
lcl|AP019371.1_prot_BBH65511.1_2196	iML1515.b0469	27.3	150	100	2	2	147	4	148	1.89e-07	48.5
lcl|AP019371.1_prot_BBH65511.1_2196	iSbBS512_1146.SbBS512_E0401	27.3	150	100	2	2	147	4	148	1.89e-07	48.5
lcl|AP019371.1_prot_BBH65511.1_2196	iSDY_1059.SDY_0450	27.3	150	100	2	2	147	4	148	1.89e-07	48.5
lcl|AP019371.1_prot_BBH65511.1_2196	iSSON_1240.SSON_0456	27.3	150	100	2	2	147	4	148	1.89e-07	48.5
lcl|AP019371.1_prot_BBH65511.1_2196	iSF_1195.SF0414	27.3	150	100	2	2	147	4	148	2.59e-07	48.1
lcl|AP019371.1_prot_BBH65511.1_2196	iPC815.YPO3123	28.5	137	91	3	20	156	26	155	2.70e-07	48.1
lcl|AP019371.1_prot_BBH65511.1_2196	iYL1228.KPN_00451	25.9	158	108	2	2	155	4	156	6.71e-07	47.0
lcl|AP019371.1_prot_BBH65511.1_2196	iLJ478.TM1384	31.3	99	61	3	57	155	54	145	1.14e-06	46.2
lcl|AP019371.1_prot_BBH65511.1_2196	STM_v1_0.STM0483	26.8	149	100	2	2	146	4	147	1.73e-06	45.8
lcl|AP019371.1_prot_BBH65511.1_2196	iNF517.LLMG_RS03160	35.3	85	50	1	51	135	45	124	2.84e-06	45.1
lcl|AP019371.1_prot_BBH65514.1_2199	iEK1008.Rv0244c	61.2	619	231	5	1	618	1	611	1.66e-266	743
lcl|AP019371.1_prot_BBH65519.1_2204	iAM_Pf480.PF3D7_0507200	26.0	219	130	5	155	345	519	733	5.59e-07	52.8
lcl|AP019371.1_prot_BBH65521.1_2206	iEK1008.Rv3214	32.9	73	38	2	6	71	8	76	8.62e-04	38.1
lcl|AP019371.1_prot_BBH65524.1_2209	iCN718.ABAYE_RS12290	36.3	204	118	5	7	203	1	199	3.54e-31	118
lcl|AP019371.1_prot_BBH65525.1_2210	iCN718.ABAYE_RS12290	37.0	281	160	6	13	278	240	518	4.27e-45	159
lcl|AP019371.1_prot_BBH65530.1_2215	iAF987.Gmet_2511	35.2	435	223	6	6	440	4	379	1.25e-65	215
lcl|AP019371.1_prot_BBH65530.1_2215	iYS854.USA300HOU_RS05465	34.6	456	251	6	6	445	4	428	5.37e-65	214
lcl|AP019371.1_prot_BBH65530.1_2215	iYO844.BSU14600	34.7	467	248	11	6	445	4	440	1.82e-60	203
lcl|AP019371.1_prot_BBH65531.1_2216	iEK1008.Rv2496c	53.4	326	146	3	1	324	22	343	5.39e-118	343
lcl|AP019371.1_prot_BBH65532.1_2217	iEK1008.Rv2497c	44.6	350	180	4	19	366	20	357	7.61e-83	256
lcl|AP019371.1_prot_BBH65532.1_2217	iAF987.Gmet_2509	42.7	349	186	4	19	366	14	349	6.11e-81	251
lcl|AP019371.1_prot_BBH65537.1_2222	STM_v1_0.STM0659	37.0	478	278	8	4	474	7	468	4.48e-97	307
lcl|AP019371.1_prot_BBH65537.1_2222	iML1515.b0650	38.8	474	244	13	4	458	7	453	1.55e-92	295
lcl|AP019371.1_prot_BBH65537.1_2222	iSSON_1240.SSON_0604	38.8	474	244	13	4	458	7	453	2.17e-92	295
lcl|AP019371.1_prot_BBH65537.1_2222	iSbBS512_1146.SbBS512_E0599	38.1	473	247	11	5	458	8	453	3.27e-91	292
lcl|AP019371.1_prot_BBH65542.1_2227	iEK1008.Rv3236c	52.0	367	174	1	8	374	7	371	7.57e-108	322
lcl|AP019371.1_prot_BBH65544.1_2229	iYL1228.KPN_02601	33.8	346	220	4	31	372	25	365	1.39e-39	145
lcl|AP019371.1_prot_BBH65544.1_2229	iSDY_1059.SDY_0909	33.3	363	230	7	31	387	25	381	9.97e-39	143
lcl|AP019371.1_prot_BBH65544.1_2229	iSbBS512_1146.SbBS512_E0792	33.6	363	229	7	31	387	25	381	5.13e-38	141
lcl|AP019371.1_prot_BBH65544.1_2229	iSF_1195.SF2255	33.6	363	229	7	31	387	25	381	5.03e-38	141
lcl|AP019371.1_prot_BBH65544.1_2229	iML1515.b2170	33.1	363	231	7	31	387	25	381	1.90e-37	139
lcl|AP019371.1_prot_BBH65544.1_2229	iYL1228.KPN_00070	33.3	357	230	6	29	379	20	374	1.93e-37	139
lcl|AP019371.1_prot_BBH65544.1_2229	iSSON_1240.SSON_2226	33.1	363	231	7	31	387	25	381	1.86e-36	137
lcl|AP019371.1_prot_BBH65544.1_2229	iML1515.b0070	32.8	372	240	7	29	394	20	387	9.02e-35	132
lcl|AP019371.1_prot_BBH65545.1_2230	iCN900.CD630_20200	49.9	860	418	5	1	851	1	856	1.17e-283	806
lcl|AP019371.1_prot_BBH65552.1_2237	iML1515.b2738	33.5	215	121	7	4	206	7	211	3.24e-20	84.7
lcl|AP019371.1_prot_BBH65552.1_2237	iSbBS512_1146.SbBS512_E3136	33.5	215	121	7	4	206	7	211	3.24e-20	84.7
lcl|AP019371.1_prot_BBH65552.1_2237	iSSON_1240.SSON_2886	33.5	215	121	7	4	206	7	211	3.24e-20	84.7
lcl|AP019371.1_prot_BBH65552.1_2237	STM_v1_0.STM2916	32.3	192	115	5	8	194	11	192	3.45e-17	76.6
lcl|AP019371.1_prot_BBH65554.1_2239	iLB1027_lipid.PHATRDRAFT_47351	25.8	283	140	12	174	418	106	356	1.04e-09	60.8
lcl|AP019371.1_prot_BBH65554.1_2239	iSDY_1059.SDY_0074	26.7	296	118	16	184	413	5	267	6.13e-09	57.8
lcl|AP019371.1_prot_BBH65554.1_2239	iSF_1195.SF0046	26.7	296	118	16	184	413	5	267	1.08e-08	57.0
lcl|AP019371.1_prot_BBH65554.1_2239	iML1515.b0049	26.4	296	119	16	184	413	5	267	2.58e-08	55.8
lcl|AP019371.1_prot_BBH65554.1_2239	iSbBS512_1146.SbBS512_E0043	26.4	296	119	16	184	413	5	267	2.58e-08	55.8
lcl|AP019371.1_prot_BBH65554.1_2239	iSSON_1240.SSON_0057	26.4	296	119	16	184	413	5	267	2.58e-08	55.8
lcl|AP019371.1_prot_BBH65555.1_2240	iMM904.YOL096C	32.6	86	52	2	278	363	126	205	9.61e-04	40.8
lcl|AP019371.1_prot_BBH65558.1_2243	iEK1008.Rv0363c	67.6	343	108	1	1	340	1	343	8.74e-163	457
lcl|AP019371.1_prot_BBH65566.1_2251	iEK1008.Rv0357c	59.1	430	175	1	1	429	1	430	1.76e-187	527
lcl|AP019371.1_prot_BBH65567.1_2252	iEK1008.Rv0772	58.3	422	167	3	1	413	1	422	2.21e-152	437
lcl|AP019371.1_prot_BBH65569.1_2254	iEK1008.Rv0777	70.2	473	140	1	1	473	1	472	2.20e-221	617
lcl|AP019371.1_prot_BBH65571.1_2256	iYO844.BSU06460	44.0	84	45	2	1	82	1	84	9.60e-14	60.1
lcl|AP019371.1_prot_BBH65571.1_2256	iNF517.LLMG_RS04955	39.7	78	45	1	1	76	1	78	6.04e-13	58.2
lcl|AP019371.1_prot_BBH65572.1_2257	iEK1008.Rv0788	70.3	219	64	1	2	220	4	221	2.74e-108	310
lcl|AP019371.1_prot_BBH65573.1_2258	iEK1008.Rv0803	65.1	762	252	7	35	792	3	754	0.0	933
lcl|AP019371.1_prot_BBH65576.1_2261	iEK1008.Rv0808	70.1	472	131	3	19	480	31	502	1.18e-243	677
lcl|AP019371.1_prot_BBH65577.1_2262	iEK1008.Rv0809	61.9	360	131	3	26	382	7	363	3.98e-153	436
lcl|AP019371.1_prot_BBH65578.1_2263	iJN1463.PP_3461	32.6	187	109	7	21	192	104	288	2.18e-14	73.9
lcl|AP019371.1_prot_BBH65581.1_2266	iYO844.BSU24080	50.7	345	168	1	9	353	12	354	2.36e-117	343
lcl|AP019371.1_prot_BBH65584.1_2269	iEK1008.Rv2061c	44.0	116	61	2	7	119	8	122	6.64e-24	89.0
lcl|AP019371.1_prot_BBH65585.1_2270	iLB1027_lipid.PHATRDRAFT_9984	33.3	72	40	1	81	144	61	132	7.58e-04	39.7
lcl|AP019371.1_prot_BBH65590.1_2275	iML1515.b0597	43.3	120	65	2	20	138	20	137	6.60e-26	94.7
lcl|AP019371.1_prot_BBH65599.1_2284	iLB1027_lipid.PHATRDRAFT_12533	34.7	173	73	9	34	173	47	212	9.29e-19	80.1
lcl|AP019371.1_prot_BBH65599.1_2284	iCHOv1.100752366	33.7	181	88	8	11	166	81	254	4.52e-17	76.6
lcl|AP019371.1_prot_BBH65599.1_2284	iMM1415.319554	32.2	202	98	9	11	180	79	273	4.42e-17	76.6
lcl|AP019371.1_prot_BBH65599.1_2284	iEK1008.Rv1745c	32.2	174	98	5	9	180	14	169	2.67e-16	73.2
lcl|AP019371.1_prot_BBH65600.1_2285	iYS854.USA300HOU_RS13900	26.8	496	341	10	11	488	3	494	1.42e-61	209
lcl|AP019371.1_prot_BBH65600.1_2285	iYS854.USA300HOU_RS13915	24.9	490	356	5	8	488	2	488	4.04e-55	191
lcl|AP019371.1_prot_BBH65601.1_2286	iEK1008.Rv2173	41.6	356	180	7	26	357	1	352	3.97e-69	220
lcl|AP019371.1_prot_BBH65602.1_2287	iSynCJ816.SGL_RS08445	33.9	254	154	4	1	243	41	291	9.57e-35	126
lcl|AP019371.1_prot_BBH65604.1_2289	iAF987.Gmet_0177	33.1	450	277	13	1	434	9	450	3.36e-57	195
lcl|AP019371.1_prot_BBH65605.1_2290	iYS854.USA300HOU_RS12970	36.0	100	57	5	182	281	10	102	6.41e-06	43.9
lcl|AP019371.1_prot_BBH65606.1_2291	iYO844.BSU19800	32.4	386	182	15	69	439	36	357	5.22e-46	163
lcl|AP019371.1_prot_BBH65608.1_2293	iAF987.Gmet_1188	48.4	62	32	0	9	70	8	69	3.15e-09	55.1
lcl|AP019371.1_prot_BBH65612.1_2297	iML1515.b3291	40.0	130	69	3	4	127	3	129	4.03e-19	77.8
lcl|AP019371.1_prot_BBH65618.1_2303	iAF987.Gmet_0043	29.0	238	156	6	219	447	33	266	1.15e-16	82.0
lcl|AP019371.1_prot_BBH65619.1_2304	iAF987.Gmet_0069	31.4	121	80	2	16	134	4	123	9.69e-10	59.7
lcl|AP019371.1_prot_BBH65619.1_2304	iAF987.Gmet_2999	29.2	120	84	1	14	133	7	125	1.25e-09	59.7
lcl|AP019371.1_prot_BBH65619.1_2304	iAF987.Gmet_0043	33.7	104	68	1	30	133	293	395	4.69e-09	58.5
lcl|AP019371.1_prot_BBH65619.1_2304	iAF987.Gmet_1914	34.3	108	68	2	17	124	4	108	3.70e-08	55.5
lcl|AP019371.1_prot_BBH65621.1_2306	iJN1463.PP_4210	41.2	226	123	5	1	219	1	223	1.67e-42	151
lcl|AP019371.1_prot_BBH65621.1_2306	iCN900.CD630_19470	38.9	208	125	1	14	219	20	227	6.99e-45	149
lcl|AP019371.1_prot_BBH65621.1_2306	iEK1008.Rv0073	41.8	194	112	1	21	214	23	215	5.28e-43	147
lcl|AP019371.1_prot_BBH65621.1_2306	iEK1008.Rv2564	41.2	199	116	1	23	221	25	222	1.04e-42	146
lcl|AP019371.1_prot_BBH65621.1_2306	iYO844.BSU30420	38.1	210	130	0	10	219	14	223	4.78e-43	144
lcl|AP019371.1_prot_BBH65621.1_2306	iJN1463.PP_5137	39.4	218	123	3	4	220	8	217	5.07e-41	142
lcl|AP019371.1_prot_BBH65621.1_2306	iJN1463.PP_0240	40.4	223	114	5	6	227	17	221	9.13e-40	137
lcl|AP019371.1_prot_BBH65624.1_2309	iJN1463.PP_3746	28.4	232	133	8	44	255	15	233	2.66e-07	51.6
lcl|AP019371.1_prot_BBH65625.1_2310	iPC815.YPO3183	29.6	108	65	4	76	177	249	351	3.16e-04	40.4
lcl|AP019371.1_prot_BBH65625.1_2310	iEK1008.Rv2671	40.0	80	40	4	93	167	160	236	3.50e-04	40.0
lcl|AP019371.1_prot_BBH65626.1_2311	iJN1463.PP_0514	36.5	104	55	5	75	172	265	363	5.98e-04	39.3
lcl|AP019371.1_prot_BBH65628.1_2313	iAF987.Gmet_0043	23.9	451	269	11	1019	1459	11	397	6.00e-20	95.5
lcl|AP019371.1_prot_BBH65629.1_2314	iAF987.Gmet_2999	31.2	138	87	2	8	138	11	147	1.74e-13	67.0
lcl|AP019371.1_prot_BBH65629.1_2314	iAF987.Gmet_0069	33.1	139	87	4	6	140	3	139	6.11e-12	62.4
lcl|AP019371.1_prot_BBH65634.1_2319	iEK1008.Rv0524	63.9	443	141	2	20	443	15	457	4.97e-187	528
lcl|AP019371.1_prot_BBH65635.1_2320	iEK1008.Rv2228c	29.5	156	104	4	3	154	169	322	1.51e-07	50.4
lcl|AP019371.1_prot_BBH65637.1_2322	STM_v1_0.STM4323	26.4	227	130	8	21	237	173	372	2.88e-04	41.6
lcl|AP019371.1_prot_BBH65641.1_2326	STM_v1_0.STM3978	43.2	486	268	5	10	488	6	490	5.76e-138	406
lcl|AP019371.1_prot_BBH65641.1_2326	iSDY_1059.SDY_3902	42.8	486	270	5	10	488	6	490	5.43e-137	404
lcl|AP019371.1_prot_BBH65641.1_2326	iSF_1195.SF3919	42.8	486	270	5	10	488	6	490	7.69e-137	403
lcl|AP019371.1_prot_BBH65641.1_2326	iML1515.b3843	42.8	486	270	5	10	488	6	490	3.08e-136	402
lcl|AP019371.1_prot_BBH65641.1_2326	iSSON_1240.SSON_4016	42.8	486	270	5	10	488	6	490	3.08e-136	402
lcl|AP019371.1_prot_BBH65641.1_2326	iSbBS512_1146.SbBS512_E4313	42.6	486	271	5	10	488	6	490	1.23e-135	400
lcl|AP019371.1_prot_BBH65641.1_2326	iYL1228.KPN_04337	42.0	486	274	5	10	488	3	487	1.31e-133	395
lcl|AP019371.1_prot_BBH65641.1_2326	iPC815.YPO3769	41.6	486	276	5	10	488	6	490	9.30e-133	393
lcl|AP019371.1_prot_BBH65641.1_2326	iJN1463.PP_5213	42.8	486	270	5	10	488	3	487	1.91e-132	392
lcl|AP019371.1_prot_BBH65642.1_2327	iAF987.Gmet_3393	42.5	285	159	2	9	293	13	292	2.53e-66	209
lcl|AP019371.1_prot_BBH65645.1_2330	iAF987.Gmet_3392	41.7	204	111	3	6	205	6	205	5.98e-35	122
lcl|AP019371.1_prot_BBH65645.1_2330	iSynCJ816.SGL_RS02795	37.4	206	118	3	1	200	1	201	2.06e-32	115
lcl|AP019371.1_prot_BBH65651.1_2336	iML1515.b1655	34.2	120	73	4	290	404	144	262	2.48e-14	73.2
lcl|AP019371.1_prot_BBH65652.1_2337	iAF987.Gmet_3390	28.4	141	79	2	67	185	212	352	2.08e-11	61.6
lcl|AP019371.1_prot_BBH65655.1_2340	iYO844.BSU33180	28.3	318	203	8	1	304	1	307	1.16e-34	127
lcl|AP019371.1_prot_BBH65656.1_2341	iYO844.BSU33170	42.5	280	153	2	109	384	68	343	3.20e-61	201
lcl|AP019371.1_prot_BBH65656.1_2341	iJN1463.PP_4688	39.3	331	194	4	63	388	16	344	7.70e-56	186
lcl|AP019371.1_prot_BBH65657.1_2342	iSynCJ816.SGL_RS01940	41.9	236	136	1	12	246	15	250	4.99e-56	181
lcl|AP019371.1_prot_BBH65657.1_2342	iYL1228.KPN_00166	39.9	248	144	3	12	256	17	262	3.23e-53	173
lcl|AP019371.1_prot_BBH65657.1_2342	iML1515.b0151	40.3	248	143	3	12	256	17	262	4.56e-53	173
lcl|AP019371.1_prot_BBH65657.1_2342	iSDY_1059.SDY_0167	40.3	248	143	3	12	256	17	262	6.43e-53	172
lcl|AP019371.1_prot_BBH65657.1_2342	iSbBS512_1146.SbBS512_E0143	39.9	248	144	3	12	256	17	262	1.81e-52	171
lcl|AP019371.1_prot_BBH65657.1_2342	iSF_1195.SF0143	39.9	248	144	3	12	256	17	262	5.09e-52	170
lcl|AP019371.1_prot_BBH65657.1_2342	iSSON_1240.SSON_0163	39.9	248	144	3	12	256	17	262	5.09e-52	170
lcl|AP019371.1_prot_BBH65657.1_2342	iYO844.BSU07490	40.5	222	131	1	12	232	9	230	2.08e-51	169
lcl|AP019371.1_prot_BBH65657.1_2342	iYO844.BSU33290	36.1	244	155	1	4	246	1	244	2.26e-51	169
lcl|AP019371.1_prot_BBH65657.1_2342	STM_v1_0.STM0192	38.7	243	148	1	15	256	20	262	4.02e-51	168
lcl|AP019371.1_prot_BBH65657.1_2342	iYS854.USA300HOU_RS03500	39.8	226	135	1	19	243	16	241	1.78e-49	164
lcl|AP019371.1_prot_BBH65657.1_2342	iJN1463.PP_2416	43.5	237	128	3	11	246	16	247	2.30e-49	163
lcl|AP019371.1_prot_BBH65657.1_2342	iCN900.CD630_28750	36.7	240	151	1	7	245	4	243	3.08e-49	163
lcl|AP019371.1_prot_BBH65659.1_2344	iEK1008.Rv0577	40.4	250	138	5	7	249	10	255	1.48e-49	163
lcl|AP019371.1_prot_BBH65662.1_2347	iAF692.Mbar_A0254	27.8	205	141	4	14	213	19	221	8.55e-19	84.3
lcl|AP019371.1_prot_BBH65666.1_2351	iAF987.Gmet_0986	33.1	266	176	1	10	275	5	268	1.21e-45	154
lcl|AP019371.1_prot_BBH65667.1_2352	iYL1228.KPN_02741	35.0	300	177	7	4	293	1	292	1.74e-44	154
lcl|AP019371.1_prot_BBH65667.1_2352	iCN718.ABAYE_RS12975	33.5	343	194	8	4	315	1	340	5.70e-42	148
lcl|AP019371.1_prot_BBH65667.1_2352	iYO844.BSU39780	34.2	313	188	7	4	309	1	302	1.26e-41	146
lcl|AP019371.1_prot_BBH65667.1_2352	iML1515.b3001	31.5	308	195	7	3	299	12	314	4.42e-39	140
lcl|AP019371.1_prot_BBH65669.1_2354	iAM_Pc455.PCYB_113330	36.1	194	110	5	540	722	340	530	6.60e-21	99.4
lcl|AP019371.1_prot_BBH65670.1_2355	iAF987.Gmet_3390	42.7	365	192	3	7	371	1	348	6.73e-98	296
lcl|AP019371.1_prot_BBH65671.1_2356	iPC815.YPO3781	45.1	224	113	3	13	227	25	247	5.82e-50	163
lcl|AP019371.1_prot_BBH65671.1_2356	iJN1463.PP_5011	42.4	229	120	4	12	230	29	255	1.89e-49	162
lcl|AP019371.1_prot_BBH65671.1_2356	iYL1228.KPN_04329	43.6	225	115	4	13	227	25	247	1.47e-47	157
lcl|AP019371.1_prot_BBH65671.1_2356	iML1515.b3833	42.9	224	118	3	13	227	25	247	2.07e-47	156
lcl|AP019371.1_prot_BBH65671.1_2356	iSbBS512_1146.SbBS512_E4305	42.9	224	118	3	13	227	25	247	2.07e-47	156
lcl|AP019371.1_prot_BBH65671.1_2356	iSDY_1059.SDY_3910	42.9	224	118	3	13	227	25	247	2.07e-47	156
lcl|AP019371.1_prot_BBH65671.1_2356	iSF_1195.SF3911	42.9	224	118	3	13	227	25	247	2.07e-47	156
lcl|AP019371.1_prot_BBH65671.1_2356	iSSON_1240.SSON_4008	42.9	224	118	3	13	227	25	247	2.07e-47	156
lcl|AP019371.1_prot_BBH65671.1_2356	iCN718.ABAYE_RS17020	42.1	235	124	5	7	231	83	315	3.10e-46	155
lcl|AP019371.1_prot_BBH65671.1_2356	STM_v1_0.STM3970	42.0	224	120	3	13	227	25	247	1.16e-46	154
lcl|AP019371.1_prot_BBH65673.1_2358	iAF692.Mbar_A3422	29.1	330	212	7	12	339	3	312	1.71e-27	112
lcl|AP019371.1_prot_BBH65674.1_2359	iEK1008.Rv3145	61.4	127	40	1	4	121	2	128	5.13e-53	162
lcl|AP019371.1_prot_BBH65675.1_2360	iEK1008.Rv3146	72.5	167	46	0	1	167	1	167	4.31e-88	257
lcl|AP019371.1_prot_BBH65676.1_2361	iEK1008.Rv3147	59.7	211	80	2	33	238	25	235	4.50e-87	257
lcl|AP019371.1_prot_BBH65677.1_2362	iEK1008.Rv3148	65.7	431	142	3	15	441	12	440	2.51e-204	571
lcl|AP019371.1_prot_BBH65678.1_2363	iEK1008.Rv3149	56.4	220	90	4	7	224	25	240	3.81e-77	238
lcl|AP019371.1_prot_BBH65679.1_2364	iEK1008.Rv3150	65.5	423	139	2	12	427	8	430	1.92e-211	589
lcl|AP019371.1_prot_BBH65680.1_2365	iEK1008.Rv3151	58.8	821	298	9	9	819	15	805	6.85e-320	894
lcl|AP019371.1_prot_BBH65681.1_2366	iEK1008.Rv3152	61.6	357	122	2	14	370	1	342	1.26e-149	431
lcl|AP019371.1_prot_BBH65682.1_2367	iEK1008.Rv3153	71.4	161	46	0	10	170	37	197	1.17e-73	220
lcl|AP019371.1_prot_BBH65683.1_2368	iEK1008.Rv3154	56.0	232	94	3	5	233	14	240	1.50e-73	224
lcl|AP019371.1_prot_BBH65684.1_2369	iEK1008.Rv3155	76.5	98	23	0	1	98	1	98	8.47e-45	139
lcl|AP019371.1_prot_BBH65685.1_2370	iEK1008.Rv3156	57.4	627	256	6	18	638	11	632	1.01e-237	671
lcl|AP019371.1_prot_BBH65686.1_2371	iEK1008.Rv3157	45.8	539	253	6	1	504	1	535	8.55e-154	449
lcl|AP019371.1_prot_BBH65687.1_2372	iEK1008.Rv3158	50.0	530	241	4	4	510	3	531	1.01e-159	464
lcl|AP019371.1_prot_BBH65689.1_2374	iEK1008.Rv0562	52.9	327	148	5	32	355	10	333	2.99e-96	289
lcl|AP019371.1_prot_BBH65700.1_2385	iEK1008.Rv3670	40.5	321	166	6	3	302	5	321	9.12e-71	221
lcl|AP019371.1_prot_BBH65705.1_2390	iEK1008.Rv3667	64.2	660	213	9	1	650	1	647	5.13e-301	833
lcl|AP019371.1_prot_BBH65708.1_2393	iEK1008.Rv0505c	35.6	219	140	1	4	221	122	340	4.85e-32	120
lcl|AP019371.1_prot_BBH65720.1_2405	iAF692.Mbar_A0186	45.0	706	333	16	25	725	5	660	2.79e-164	491
lcl|AP019371.1_prot_BBH65720.1_2405	iAF987.Gmet_3239	43.6	711	350	12	28	728	9	678	3.45e-156	471
lcl|AP019371.1_prot_BBH65724.1_2409	iCHOv1.100760306	32.6	433	277	8	9	429	39	468	3.56e-58	197
lcl|AP019371.1_prot_BBH65727.1_2412	iAF987.Gmet_2318	45.5	209	105	2	394	593	2	210	6.63e-47	164
lcl|AP019371.1_prot_BBH65738.1_2423	iAF692.Mbar_A2755	37.2	86	48	2	62	141	38	123	1.07e-08	52.4
lcl|AP019371.1_prot_BBH65738.1_2423	iPC815.YPO3172	31.4	105	67	3	55	156	56	158	1.87e-07	48.5
lcl|AP019371.1_prot_BBH65745.1_2430	iAF692.Mbar_A1602	26.8	332	226	8	6	330	6	327	2.63e-31	122
lcl|AP019371.1_prot_BBH65746.1_2431	iSbBS512_1146.SbBS512_E0493	27.9	366	243	7	1	355	8	363	4.59e-25	105
lcl|AP019371.1_prot_BBH65746.1_2431	iML1515.b0591	27.6	366	244	7	1	355	8	363	8.50e-25	105
lcl|AP019371.1_prot_BBH65746.1_2431	iSSON_1240.SSON_0542	27.6	366	244	7	1	355	8	363	8.50e-25	105
lcl|AP019371.1_prot_BBH65746.1_2431	iSDY_1059.SDY_0522	27.6	366	244	7	1	355	8	363	7.27e-24	102
lcl|AP019371.1_prot_BBH65746.1_2431	iSF_1195.SF0505	28.6	367	233	11	1	355	8	357	1.26e-23	101
lcl|AP019371.1_prot_BBH65746.1_2431	STM_v1_0.STM0593	28.1	367	241	9	1	355	8	363	1.78e-23	101
lcl|AP019371.1_prot_BBH65747.1_2432	iAF987.Gmet_0988	29.6	125	81	3	22	145	27	145	5.33e-09	51.6
lcl|AP019371.1_prot_BBH65753.1_2438	iYO844.BSU22640	55.2	391	157	5	15	393	5	389	5.54e-141	407
lcl|AP019371.1_prot_BBH65753.1_2438	iAF987.Gmet_2482	54.6	394	166	5	12	395	1	391	4.51e-139	402
lcl|AP019371.1_prot_BBH65753.1_2438	iSynCJ816.SGL_RS16740	55.5	393	157	5	15	392	15	404	2.52e-137	398
lcl|AP019371.1_prot_BBH65753.1_2438	iHN637.CLJU_RS07900	53.9	384	164	5	19	392	3	383	4.67e-135	392
lcl|AP019371.1_prot_BBH65753.1_2438	iLJ478.TM0138	53.3	383	165	3	19	393	3	379	8.77e-135	391
lcl|AP019371.1_prot_BBH65753.1_2438	iNF517.LLMG_RS05280	52.4	391	173	5	14	394	5	392	1.06e-133	389
lcl|AP019371.1_prot_BBH65753.1_2438	iAF692.Mbar_A3622	53.1	390	163	6	19	393	36	420	1.97e-132	386
lcl|AP019371.1_prot_BBH65753.1_2438	iYS854.USA300HOU_RS06985	50.6	393	182	4	11	394	5	394	1.09e-131	384
lcl|AP019371.1_prot_BBH65753.1_2438	iEK1008.Rv1612	55.5	391	158	6	14	391	12	399	1.88e-131	383
lcl|AP019371.1_prot_BBH65753.1_2438	iCN718.ABAYE_RS03585	52.6	392	173	5	15	396	14	402	7.34e-131	382
lcl|AP019371.1_prot_BBH65753.1_2438	iJN1463.PP_0083	52.4	389	172	5	15	393	10	395	1.29e-130	381
lcl|AP019371.1_prot_BBH65753.1_2438	iIT341.HP1278	52.3	384	171	4	21	395	7	387	1.23e-130	380
lcl|AP019371.1_prot_BBH65753.1_2438	iML1515.b1261	53.1	382	166	5	21	392	9	387	7.99e-130	379
lcl|AP019371.1_prot_BBH65753.1_2438	iSF_1195.SF1264	53.1	382	166	5	21	392	9	387	7.99e-130	379
lcl|AP019371.1_prot_BBH65753.1_2438	iSSON_1240.SSON_1882	53.1	382	166	5	21	392	9	387	7.99e-130	379
lcl|AP019371.1_prot_BBH65753.1_2438	iSDY_1059.SDY_1329	53.1	382	166	5	21	392	9	387	1.13e-129	378
lcl|AP019371.1_prot_BBH65753.1_2438	STM_v1_0.STM1726	53.1	382	166	5	21	392	9	387	1.60e-129	378
lcl|AP019371.1_prot_BBH65753.1_2438	iYL1228.KPN_01254	53.1	382	166	5	21	392	9	387	6.46e-129	376
lcl|AP019371.1_prot_BBH65753.1_2438	iSbBS512_1146.SbBS512_E1486	52.9	382	167	5	21	392	9	387	6.46e-129	376
lcl|AP019371.1_prot_BBH65753.1_2438	iPC815.YPO2204	52.8	381	169	4	21	392	8	386	1.44e-127	373
lcl|AP019371.1_prot_BBH65754.1_2439	iSynCJ816.SGL_RS03395	40.4	235	133	4	4	232	19	252	2.36e-53	172
lcl|AP019371.1_prot_BBH65754.1_2439	iAF987.Gmet_2477	39.8	244	140	5	2	240	17	258	4.32e-52	169
lcl|AP019371.1_prot_BBH65754.1_2439	iAF692.Mbar_A3623	41.7	216	122	3	27	240	46	259	4.59e-50	164
lcl|AP019371.1_prot_BBH65759.1_2444	STM_v1_0.STM3482	30.1	236	115	10	5	193	10	242	2.68e-04	40.4
lcl|AP019371.1_prot_BBH65759.1_2444	iPC815.YPO0156	28.2	220	127	9	5	195	10	227	4.53e-04	39.7
lcl|AP019371.1_prot_BBH65759.1_2444	iJN1463.PP_0416	27.7	213	126	7	5	192	16	225	6.88e-04	39.3
lcl|AP019371.1_prot_BBH65761.1_2446	iAF987.Gmet_3380	49.6	274	125	5	2	267	4	272	2.17e-79	241
lcl|AP019371.1_prot_BBH65764.1_2449	iCHOv1.100766856	34.3	484	253	16	1	440	1372	1834	1.46e-70	242
lcl|AP019371.1_prot_BBH65764.1_2449	iNF517.LLMG_RS01005	33.4	467	276	13	5	440	9	471	5.79e-75	242
lcl|AP019371.1_prot_BBH65764.1_2449	iMM1415.226413	34.0	474	268	13	1	440	1377	1839	1.24e-69	239
lcl|AP019371.1_prot_BBH65771.1_2456	iYO844.BSU06370	36.7	460	259	7	14	468	4	436	5.29e-79	252
lcl|AP019371.1_prot_BBH65771.1_2456	iNF517.LLMG_RS09575	34.9	481	276	11	12	469	2	468	1.04e-72	237
lcl|AP019371.1_prot_BBH65771.1_2456	iCN900.CD630_21070	37.5	480	257	15	3	466	1	453	4.15e-71	232
lcl|AP019371.1_prot_BBH65771.1_2456	iJN1463.PP_4284	35.5	471	251	9	8	468	19	446	1.37e-69	228
lcl|AP019371.1_prot_BBH65773.1_2458	iYS854.USA300HOU_RS11805	27.6	384	245	11	14	381	3	369	2.13e-21	95.9
lcl|AP019371.1_prot_BBH65779.1_2464	iEK1008.Rv0884c	58.3	369	153	1	4	372	9	376	2.03e-148	424
lcl|AP019371.1_prot_BBH65780.1_2465	iEK1008.Rv0889c	66.9	363	119	1	3	364	7	369	7.92e-180	503
lcl|AP019371.1_prot_BBH65781.1_2466	iJN1463.PP_1129	52.1	215	100	2	5	217	2	215	8.53e-72	217
lcl|AP019371.1_prot_BBH65781.1_2466	iSynCJ816.SGL_RS10830	51.7	209	100	1	9	217	23	230	1.96e-71	216
lcl|AP019371.1_prot_BBH65782.1_2467	iSbBS512_1146.SbBS512_E0493	28.2	426	273	13	1	415	12	415	7.71e-23	99.4
lcl|AP019371.1_prot_BBH65782.1_2467	iSSON_1240.SSON_0542	27.9	426	274	13	1	415	12	415	1.42e-22	98.6
lcl|AP019371.1_prot_BBH65782.1_2467	iML1515.b0591	27.9	426	274	13	1	415	12	415	1.92e-22	98.2
lcl|AP019371.1_prot_BBH65782.1_2467	iSDY_1059.SDY_0522	28.2	426	273	13	1	415	12	415	3.52e-22	97.4
lcl|AP019371.1_prot_BBH65782.1_2467	iSF_1195.SF0505	27.3	425	272	13	1	415	12	409	1.02e-19	90.1
lcl|AP019371.1_prot_BBH65783.1_2468	iLJ478.TM0282	29.3	157	101	5	56	203	79	234	1.30e-08	55.1
lcl|AP019371.1_prot_BBH65783.1_2468	STM_v1_0.STM0773	28.6	168	108	7	56	215	70	233	4.11e-07	50.4
lcl|AP019371.1_prot_BBH65784.1_2469	iEK1008.Rv3262	27.1	199	115	9	10	191	260	445	1.77e-08	53.1
lcl|AP019371.1_prot_BBH65788.1_2473	iEK1008.Rv2612c	28.7	101	70	1	194	294	6	104	2.10e-04	42.7
lcl|AP019371.1_prot_BBH65789.1_2474	iEK1008.Rv1238	51.2	299	136	3	1	297	1	291	1.00e-94	290
lcl|AP019371.1_prot_BBH65789.1_2474	iPC815.YPO3793	45.6	331	169	3	1	331	1	320	5.28e-91	279
lcl|AP019371.1_prot_BBH65789.1_2474	iEK1008.Rv2832c	48.0	323	151	5	1	322	1	307	6.51e-90	276
lcl|AP019371.1_prot_BBH65789.1_2474	iML1515.b3450	46.1	334	166	6	1	332	1	322	3.24e-89	274
lcl|AP019371.1_prot_BBH65789.1_2474	iSbBS512_1146.SbBS512_E3873	46.1	334	166	6	1	332	1	322	4.57e-89	274
lcl|AP019371.1_prot_BBH65789.1_2474	iYL1228.KPN_04424	43.6	328	176	4	1	327	1	320	1.36e-88	273
lcl|AP019371.1_prot_BBH65789.1_2474	STM_v1_0.STM4230	43.0	328	178	4	1	327	1	320	2.71e-88	272
lcl|AP019371.1_prot_BBH65789.1_2474	iEK1008.Rv2038c	49.3	300	131	4	1	299	1	280	7.47e-88	271
lcl|AP019371.1_prot_BBH65789.1_2474	STM_v1_0.STM3554	45.9	333	168	4	1	332	1	322	7.25e-88	271
lcl|AP019371.1_prot_BBH65789.1_2474	iPC815.YPO3712	43.6	328	176	4	1	327	1	320	1.52e-87	270
lcl|AP019371.1_prot_BBH65789.1_2474	iYL1228.KPN_03810	44.9	334	170	5	1	332	1	322	1.45e-87	270
lcl|AP019371.1_prot_BBH65789.1_2474	iSF_1195.SF4170	42.5	325	182	3	1	325	1	320	4.56e-87	269
lcl|AP019371.1_prot_BBH65789.1_2474	iSynCJ816.SGL_RS17635	44.8	330	171	4	1	327	1	322	5.05e-87	269
lcl|AP019371.1_prot_BBH65789.1_2474	iYS854.USA300HOU_RS01090	47.2	307	151	4	1	301	1	302	1.07e-86	268
lcl|AP019371.1_prot_BBH65789.1_2474	iML1515.b4035	42.5	325	182	3	1	325	1	320	1.81e-86	268
lcl|AP019371.1_prot_BBH65789.1_2474	iSSON_1240.SSON_4213	42.5	325	182	3	1	325	1	320	1.81e-86	268
lcl|AP019371.1_prot_BBH65789.1_2474	iJN1463.PP_1018	43.2	333	182	4	1	330	1	329	7.55e-86	266
lcl|AP019371.1_prot_BBH65792.1_2477	iEK1008.Rv3400	55.7	230	99	1	1	227	33	262	2.39e-82	246
lcl|AP019371.1_prot_BBH65793.1_2478	iEK1008.Rv3401	64.8	785	271	3	1	784	1	781	0.0	1006
lcl|AP019371.1_prot_BBH65796.1_2481	iYO844.BSU35700	43.3	203	112	1	53	255	38	237	7.66e-48	165
lcl|AP019371.1_prot_BBH65796.1_2481	iNF517.LLMG_RS08170	39.9	203	119	1	49	251	42	241	5.31e-44	154
lcl|AP019371.1_prot_BBH65797.1_2482	iJN1463.PP_1778	25.2	222	158	3	40	257	8	225	2.25e-17	79.7
lcl|AP019371.1_prot_BBH65806.1_2491	iAF987.Gmet_1919	38.7	106	63	1	1	106	2	105	8.88e-18	78.2
lcl|AP019371.1_prot_BBH65807.1_2492	iJN1463.PP_0072	33.0	342	197	10	5	336	4	323	1.00e-20	90.9
lcl|AP019371.1_prot_BBH65807.1_2492	iEK1008.Rv3777	30.7	349	204	15	4	338	4	328	1.74e-19	87.4
lcl|AP019371.1_prot_BBH65809.1_2494	iAF987.Gmet_1275	28.4	162	100	4	1	154	1	154	6.62e-08	51.6
lcl|AP019371.1_prot_BBH65809.1_2494	iYL1228.KPN_00945	32.3	133	80	5	1	128	1	128	2.14e-07	50.1
lcl|AP019371.1_prot_BBH65812.1_2497	iPC815.YPO2422	36.1	377	233	5	2	372	5	379	6.80e-59	195
lcl|AP019371.1_prot_BBH65812.1_2497	STM_v1_0.STM2297	35.4	376	235	5	2	371	11	384	1.38e-58	194
lcl|AP019371.1_prot_BBH65812.1_2497	iAF987.Gmet_0886	34.7	377	238	6	2	370	6	382	8.56e-57	189
lcl|AP019371.1_prot_BBH65812.1_2497	iYL1228.KPN_03847	35.2	366	229	5	12	371	4	367	4.74e-54	182
lcl|AP019371.1_prot_BBH65812.1_2497	iAF987.Gmet_2351	35.3	357	213	8	17	370	23	364	1.02e-51	176
lcl|AP019371.1_prot_BBH65813.1_2498	iJN1463.PP_1805	31.9	301	168	7	9	273	324	623	9.28e-35	133
lcl|AP019371.1_prot_BBH65813.1_2498	iCN718.ABAYE_RS18875	31.7	281	158	7	9	264	286	557	1.80e-34	132
lcl|AP019371.1_prot_BBH65815.1_2500	iHN637.CLJU_RS20765	38.8	240	147	0	4	243	9	248	2.81e-47	156
lcl|AP019371.1_prot_BBH65815.1_2500	iYS854.USA300HOU_RS06185	41.8	239	137	2	4	241	5	242	2.81e-46	154
lcl|AP019371.1_prot_BBH65815.1_2500	iHN637.CLJU_RS17225	37.3	241	151	0	3	243	10	250	3.70e-45	151
lcl|AP019371.1_prot_BBH65815.1_2500	iAF987.Gmet_1601	42.1	242	133	2	3	241	7	244	1.86e-44	149
lcl|AP019371.1_prot_BBH65816.1_2501	STM_v1_0.STM3010	31.5	355	196	12	85	404	366	708	9.36e-26	109
lcl|AP019371.1_prot_BBH65816.1_2501	iML1515.b2836	31.2	353	196	11	87	404	368	708	3.05e-25	107
lcl|AP019371.1_prot_BBH65816.1_2501	iYL1228.KPN_03245	31.0	355	198	12	85	404	366	708	3.05e-25	107
lcl|AP019371.1_prot_BBH65816.1_2501	iSbBS512_1146.SbBS512_E3026	31.2	353	196	11	87	404	368	708	3.05e-25	107
lcl|AP019371.1_prot_BBH65816.1_2501	iSF_1195.SF2846	31.2	353	196	11	87	404	368	708	3.05e-25	107
lcl|AP019371.1_prot_BBH65816.1_2501	iSSON_1240.SSON_2996	31.2	353	196	11	87	404	368	708	3.05e-25	107
lcl|AP019371.1_prot_BBH65816.1_2501	iYO844.BSU30790	34.1	276	159	7	87	348	147	413	1.23e-24	105
lcl|AP019371.1_prot_BBH65816.1_2501	iPC815.YPO0793	32.1	349	196	13	87	403	368	707	2.40e-24	105
lcl|AP019371.1_prot_BBH65816.1_2501	iSDY_1059.SDY_3053	30.9	353	197	11	87	404	368	708	3.23e-24	104
lcl|AP019371.1_prot_BBH65816.1_2501	iAF987.Gmet_0086	30.0	360	200	13	86	404	772	1120	2.37e-23	102
lcl|AP019371.1_prot_BBH65816.1_2501	iAF987.Gmet_2020	26.6	364	215	10	84	404	160	514	1.24e-23	102
lcl|AP019371.1_prot_BBH65821.1_2506	iEK1008.Rv0386	42.2	45	26	0	150	194	1026	1070	1.42e-04	42.0
lcl|AP019371.1_prot_BBH65822.1_2507	iEK1008.Rv0202c	33.0	631	387	15	101	711	95	709	5.49e-67	238
lcl|AP019371.1_prot_BBH65827.1_2512	iML1515.b0624	37.7	53	28	1	24	71	34	86	3.01e-04	37.0
lcl|AP019371.1_prot_BBH65828.1_2513	iML1515.b0624	31.3	115	61	4	3	107	5	111	2.69e-08	48.1
lcl|AP019371.1_prot_BBH65832.1_2517	iAF987.Gmet_0455	34.8	276	158	5	4	274	2	260	6.11e-36	131
lcl|AP019371.1_prot_BBH65832.1_2517	iMM1415.94181	30.5	328	201	10	7	321	20	333	4.00e-34	128
lcl|AP019371.1_prot_BBH65832.1_2517	iCHOv1.100767837	32.5	314	172	11	7	304	20	309	5.56e-34	127
lcl|AP019371.1_prot_BBH65834.1_2519	iYS854.USA300HOU_RS01340	30.0	210	139	5	6	212	5	209	8.74e-13	68.9
lcl|AP019371.1_prot_BBH65834.1_2519	iYO844.BSU35680	26.5	215	145	5	6	213	11	219	1.07e-11	65.9
lcl|AP019371.1_prot_BBH65835.1_2520	iAF987.Gmet_0957	39.8	508	277	5	272	754	116	619	4.20e-117	366
lcl|AP019371.1_prot_BBH65835.1_2520	iAF987.Gmet_3085	45.5	426	227	2	332	754	460	883	3.40e-107	348
lcl|AP019371.1_prot_BBH65835.1_2520	iAF987.Gmet_0987	43.3	425	237	2	332	754	361	783	6.14e-106	342
lcl|AP019371.1_prot_BBH65835.1_2520	iAF987.Gmet_2629	43.1	445	246	4	320	760	372	813	3.39e-103	335
lcl|AP019371.1_prot_BBH65836.1_2521	iJN1463.PP_2586	23.7	308	214	6	55	356	63	355	3.38e-07	52.4
lcl|AP019371.1_prot_BBH65839.1_2524	iYO844.BSU03070	24.4	390	258	10	51	430	51	413	7.31e-28	117
lcl|AP019371.1_prot_BBH65848.1_2533	iCHOv1.100750757	30.5	377	191	18	35	382	27	361	2.03e-19	89.4
lcl|AP019371.1_prot_BBH65848.1_2533	iMM1415.71884	31.9	282	145	14	111	363	79	342	7.19e-17	81.3
lcl|AP019371.1_prot_BBH65851.1_2536	iCN718.ABAYE_RS13105	41.0	271	146	4	5	267	3	267	3.08e-49	164
lcl|AP019371.1_prot_BBH65851.1_2536	iCN718.ABAYE_RS01085	39.5	276	154	3	6	273	4	274	3.59e-49	163
lcl|AP019371.1_prot_BBH65853.1_2538	iNF517.LLMG_RS09290	27.1	181	127	1	14	189	5	185	4.60e-15	70.9
lcl|AP019371.1_prot_BBH65857.1_2542	iLJ478.TM0720	47.0	453	199	5	18	468	5	418	4.87e-127	375
lcl|AP019371.1_prot_BBH65857.1_2542	iYO844.BSU36900	45.5	446	197	4	24	468	10	410	1.21e-124	369
lcl|AP019371.1_prot_BBH65857.1_2542	iSSON_1240.SSON_2634	46.1	445	190	6	28	468	18	416	1.03e-123	366
lcl|AP019371.1_prot_BBH65857.1_2542	iML1515.b2551	45.8	445	191	6	28	468	18	416	2.93e-123	365
lcl|AP019371.1_prot_BBH65857.1_2542	iSbBS512_1146.SbBS512_E2916	45.8	445	191	6	28	468	18	416	2.93e-123	365
lcl|AP019371.1_prot_BBH65857.1_2542	iSDY_1059.SDY_2741	45.8	445	191	6	28	468	18	416	2.93e-123	365
lcl|AP019371.1_prot_BBH65857.1_2542	iSF_1195.SF2598	45.8	445	191	6	28	468	18	416	2.93e-123	365
lcl|AP019371.1_prot_BBH65857.1_2542	iAF987.Gmet_1605	45.3	455	203	5	15	468	1	410	2.21e-122	363
lcl|AP019371.1_prot_BBH65857.1_2542	STM_v1_0.STM2555	45.2	445	194	6	28	468	18	416	1.34e-121	361
lcl|AP019371.1_prot_BBH65857.1_2542	iYL1228.KPN_02876	45.2	445	194	6	28	468	18	416	2.67e-121	360
lcl|AP019371.1_prot_BBH65857.1_2542	iEK1008.Rv1093	46.0	454	193	7	21	468	8	415	4.06e-120	357
lcl|AP019371.1_prot_BBH65857.1_2542	iCN900.CD630_27260	46.2	429	193	4	16	443	3	394	3.90e-120	357
lcl|AP019371.1_prot_BBH65857.1_2542	iYS854.USA300HOU_RS11410	46.0	446	194	7	25	468	11	411	2.07e-119	355
lcl|AP019371.1_prot_BBH65857.1_2542	iPC815.YPO2907	45.5	448	188	6	28	468	18	416	1.38e-118	353
lcl|AP019371.1_prot_BBH65857.1_2542	iSynCJ816.SGL_RS04690	43.2	456	212	6	15	468	6	416	2.69e-118	353
lcl|AP019371.1_prot_BBH65857.1_2542	iJN1463.PP_0322	45.6	436	189	6	36	468	26	416	8.85e-117	348
lcl|AP019371.1_prot_BBH65857.1_2542	iJN1463.PP_0671	44.2	448	195	6	27	468	17	415	4.53e-114	342
lcl|AP019371.1_prot_BBH65857.1_2542	iHN637.CLJU_RS05640	43.6	443	202	5	27	468	15	410	1.65e-113	340
lcl|AP019371.1_prot_BBH65859.1_2544	iYO844.BSU35960	25.1	259	176	9	55	299	34	288	1.99e-10	60.5
lcl|AP019371.1_prot_BBH65860.1_2545	iYL1228.KPN_04156	30.1	289	181	7	8	295	3	271	1.01e-29	115
lcl|AP019371.1_prot_BBH65860.1_2545	STM_v1_0.STM3884	30.1	302	189	8	8	308	3	283	5.22e-29	113
lcl|AP019371.1_prot_BBH65860.1_2545	iYO844.BSU35960	29.6	277	173	8	34	310	40	294	8.63e-29	112
lcl|AP019371.1_prot_BBH65860.1_2545	iML1515.b3751	29.8	289	182	7	8	295	3	271	2.69e-28	111
lcl|AP019371.1_prot_BBH65860.1_2545	iLJ478.TM0114	30.1	336	178	11	5	324	21	315	1.81e-25	104
lcl|AP019371.1_prot_BBH65861.1_2546	iYO844.BSU35950	42.2	301	170	2	30	330	22	318	5.94e-61	197
lcl|AP019371.1_prot_BBH65861.1_2546	iNF517.LLMG_RS04065	40.0	300	176	2	30	329	11	306	7.21e-60	194
lcl|AP019371.1_prot_BBH65861.1_2546	iHN637.CLJU_RS00625	39.0	308	180	5	30	337	22	321	1.16e-57	189
lcl|AP019371.1_prot_BBH65862.1_2547	iPC815.YPO3964	38.0	245	143	2	3	247	5	240	2.43e-48	166
lcl|AP019371.1_prot_BBH65862.1_2547	iLJ478.TM0956	37.3	244	145	3	4	247	12	247	1.66e-47	164
lcl|AP019371.1_prot_BBH65862.1_2547	iLJ478.TM0115	34.0	244	158	2	4	247	14	254	4.50e-45	157
lcl|AP019371.1_prot_BBH65862.1_2547	iSF_1195.SF4262	37.7	244	143	2	4	247	9	243	1.26e-44	156
lcl|AP019371.1_prot_BBH65862.1_2547	iSSON_1240.SSON_4410	37.7	244	143	2	4	247	9	243	2.44e-44	155
lcl|AP019371.1_prot_BBH65862.1_2547	iPC815.YPO3907	36.8	247	147	2	1	247	1	238	2.30e-44	155
lcl|AP019371.1_prot_BBH65862.1_2547	iML1515.b4485	39.2	222	126	2	4	225	9	221	3.40e-44	155
lcl|AP019371.1_prot_BBH65862.1_2547	iYL1228.KPN_04623	37.3	244	144	2	4	247	9	243	1.79e-43	153
lcl|AP019371.1_prot_BBH65862.1_2547	iHN637.CLJU_RS00620	33.2	244	156	2	4	247	5	241	2.49e-42	150
lcl|AP019371.1_prot_BBH65863.1_2548	iAF987.Gmet_3085	40.7	423	243	4	220	634	451	873	2.44e-98	321
lcl|AP019371.1_prot_BBH65863.1_2548	iAF987.Gmet_0957	41.3	431	245	5	219	641	186	616	6.20e-94	302
lcl|AP019371.1_prot_BBH65863.1_2548	iAF987.Gmet_0782	42.8	416	229	5	229	636	302	716	1.05e-90	296
lcl|AP019371.1_prot_BBH65864.1_2549	iYS854.USA300HOU_RS09930	27.0	241	164	7	37	273	28	260	3.03e-16	78.2
lcl|AP019371.1_prot_BBH65864.1_2549	iYO844.BSU23980	29.5	224	144	7	56	276	38	250	2.26e-16	76.6
lcl|AP019371.1_prot_BBH65864.1_2549	iCN718.ABAYE_RS06325	40.8	120	68	3	52	170	31	148	6.35e-16	75.5
lcl|AP019371.1_prot_BBH65864.1_2549	iNF517.LLMG_RS09715	25.9	243	169	6	45	285	23	256	9.85e-15	73.9
lcl|AP019371.1_prot_BBH65864.1_2549	iJN1463.PP_0282	27.0	226	156	4	48	272	23	240	2.40e-14	70.9
lcl|AP019371.1_prot_BBH65864.1_2549	iJN1463.PP_3593	25.8	229	159	7	51	276	23	243	3.28e-14	70.5
lcl|AP019371.1_prot_BBH65866.1_2551	iEK1008.Rv2936	31.9	307	187	8	4	289	7	312	2.38e-33	124
lcl|AP019371.1_prot_BBH65866.1_2551	iYO844.BSU02750	37.4	214	127	5	17	224	18	230	1.07e-32	120
lcl|AP019371.1_prot_BBH65866.1_2551	iAF987.Gmet_1282	37.2	218	125	5	5	213	10	224	1.50e-32	120
lcl|AP019371.1_prot_BBH65868.1_2553	iEK1008.Rv2287	30.8	552	334	16	6	542	17	535	3.51e-47	172
lcl|AP019371.1_prot_BBH65870.1_2555	iEK1008.Rv3248c	68.3	480	149	3	9	486	17	495	3.55e-241	668
lcl|AP019371.1_prot_BBH65874.1_2559	iJN1463.PP_0501	33.3	231	139	5	9	228	6	232	4.74e-32	120
lcl|AP019371.1_prot_BBH65876.1_2561	iJN1463.PP_3165	25.1	450	289	11	18	456	10	422	1.70e-18	87.4
lcl|AP019371.1_prot_BBH65876.1_2561	iJN1463.PP_3658	23.8	442	291	14	26	456	18	424	1.02e-16	82.0
lcl|AP019371.1_prot_BBH65876.1_2561	iHN637.CLJU_RS08975	24.8	436	299	12	52	480	30	443	1.39e-16	81.6
lcl|AP019371.1_prot_BBH65876.1_2561	iYO844.BSU06230	25.9	397	261	12	26	408	10	387	2.64e-16	80.9
lcl|AP019371.1_prot_BBH65877.1_2562	iYL1228.KPN_00507	30.9	259	139	7	1	237	14	254	1.92e-12	67.0
lcl|AP019371.1_prot_BBH65877.1_2562	STM_v1_0.STM4425	31.9	119	74	2	23	134	29	147	8.44e-12	65.1
lcl|AP019371.1_prot_BBH65887.1_2572	iAM_Pv461.PVX_002600	26.4	163	107	2	20	169	4	166	3.14e-13	70.9
lcl|AP019371.1_prot_BBH65887.1_2572	iAM_Pc455.PCYB_041150	23.1	450	281	14	20	419	4	438	2.13e-12	68.2
lcl|AP019371.1_prot_BBH65894.1_2579	iJN1463.PP_3794	32.8	235	132	6	69	291	43	263	9.50e-17	80.1
lcl|AP019371.1_prot_BBH65895.1_2580	iHN637.CLJU_RS08910	51.4	212	102	1	8	218	3	214	9.25e-57	179
lcl|AP019371.1_prot_BBH65895.1_2580	iNF517.LLMG_RS05390	46.9	213	113	0	7	219	2	214	7.43e-52	167
lcl|AP019371.1_prot_BBH65895.1_2580	iYS854.USA300HOU_RS11540	47.4	211	111	0	9	219	4	214	1.19e-50	164
lcl|AP019371.1_prot_BBH65895.1_2580	iYO844.BSU39420	48.8	211	107	1	8	217	3	213	1.84e-50	163
lcl|AP019371.1_prot_BBH65895.1_2580	iYS854.USA300HOU_RS00730	47.1	210	111	0	10	219	5	214	6.74e-50	162
lcl|AP019371.1_prot_BBH65897.1_2582	iCN718.ABAYE_RS09695	33.5	568	295	14	775	1280	52	598	3.04e-71	251
lcl|AP019371.1_prot_BBH65897.1_2582	iJN1463.PP_1414	31.9	530	302	13	772	1266	32	537	1.40e-64	230
lcl|AP019371.1_prot_BBH65899.1_2584	iLB1027_lipid.PHATRDRAFT_19705	29.6	206	140	4	23	224	5	209	6.56e-18	82.0
lcl|AP019371.1_prot_BBH65899.1_2584	iCHOv1.100689420	30.4	230	152	5	2	224	11	239	2.72e-17	80.9
lcl|AP019371.1_prot_BBH65901.1_2586	iSSON_1240.SSON_0706	53.2	344	158	2	11	352	7	349	1.26e-124	362
lcl|AP019371.1_prot_BBH65901.1_2586	iML1515.b0754	53.2	344	158	2	11	352	7	349	2.53e-124	361
lcl|AP019371.1_prot_BBH65901.1_2586	iSbBS512_1146.SbBS512_E0675	53.2	344	158	2	11	352	7	349	2.53e-124	361
lcl|AP019371.1_prot_BBH65901.1_2586	iSDY_1059.SDY_0701	53.2	344	158	2	11	352	7	349	2.53e-124	361
lcl|AP019371.1_prot_BBH65901.1_2586	iSF_1195.SF0550	53.2	344	158	2	11	352	7	349	2.53e-124	361
lcl|AP019371.1_prot_BBH65901.1_2586	iYL1228.KPN_00758	53.5	344	157	2	11	352	7	349	2.36e-122	356
lcl|AP019371.1_prot_BBH65901.1_2586	iSF_1195.SF2661	54.0	328	147	2	20	344	17	343	2.88e-122	356
lcl|AP019371.1_prot_BBH65901.1_2586	iML1515.b2601	54.0	328	147	2	20	344	17	343	4.08e-122	355
lcl|AP019371.1_prot_BBH65901.1_2586	iSbBS512_1146.SbBS512_E2988	54.0	328	147	2	20	344	17	343	5.79e-122	355
lcl|AP019371.1_prot_BBH65901.1_2586	iSDY_1059.SDY_2765	54.0	328	147	2	20	344	17	343	5.79e-122	355
lcl|AP019371.1_prot_BBH65901.1_2586	iSSON_1240.SSON_2752	54.0	328	147	2	20	344	17	343	5.79e-122	355
lcl|AP019371.1_prot_BBH65901.1_2586	STM_v1_0.STM0760	53.2	344	158	2	11	352	7	349	6.71e-122	355
lcl|AP019371.1_prot_BBH65901.1_2586	iYL1228.KPN_02923	53.7	328	148	2	20	344	17	343	9.43e-121	352
lcl|AP019371.1_prot_BBH65901.1_2586	iPC815.YPO3286	53.7	328	148	2	20	344	17	343	1.34e-120	352
lcl|AP019371.1_prot_BBH65901.1_2586	iAF987.Gmet_2375	50.3	334	162	2	13	343	8	340	8.48e-119	347
lcl|AP019371.1_prot_BBH65901.1_2586	STM_v1_0.STM2670	51.5	340	156	3	8	344	10	343	1.24e-118	347
lcl|AP019371.1_prot_BBH65901.1_2586	iML1515.b1704	50.3	344	168	2	6	347	1	343	8.85e-117	342
lcl|AP019371.1_prot_BBH65901.1_2586	iMM904.YDR035W	49.6	355	169	4	7	352	12	365	3.68e-116	341
lcl|AP019371.1_prot_BBH65901.1_2586	iYL1228.KPN_02162	50.4	349	167	3	5	351	3	347	2.52e-116	340
lcl|AP019371.1_prot_BBH65901.1_2586	iSDY_1059.SDY_1798	50.0	344	169	2	6	347	1	343	3.57e-116	340
lcl|AP019371.1_prot_BBH65901.1_2586	iSbBS512_1146.SbBS512_E1908	50.3	344	168	3	6	347	1	343	1.02e-115	339
lcl|AP019371.1_prot_BBH65901.1_2586	iSSON_1240.SSON_1455	50.3	344	168	2	6	347	1	343	1.02e-115	339
lcl|AP019371.1_prot_BBH65901.1_2586	iCN718.ABAYE_RS10175	48.1	351	177	2	9	356	20	368	2.88e-115	338
lcl|AP019371.1_prot_BBH65901.1_2586	iSF_1195.SF1526	50.3	344	168	3	6	347	1	343	1.44e-115	338
lcl|AP019371.1_prot_BBH65901.1_2586	STM_v1_0.STM1347	49.7	348	172	2	6	351	1	347	2.89e-115	338
lcl|AP019371.1_prot_BBH65901.1_2586	iJN1463.PP_3080	50.8	323	158	1	20	341	24	346	3.63e-112	330
lcl|AP019371.1_prot_BBH65901.1_2586	iJN1463.PP_2324	49.7	330	163	1	20	346	29	358	1.02e-110	327
lcl|AP019371.1_prot_BBH65901.1_2586	iMM904.YBR249C	49.9	349	163	3	11	352	22	365	1.45e-110	327
lcl|AP019371.1_prot_BBH65903.1_2588	iAF987.Gmet_2999	34.8	115	73	1	17	129	7	121	1.70e-17	80.1
lcl|AP019371.1_prot_BBH65903.1_2588	iAF987.Gmet_0069	31.1	161	107	2	20	176	5	165	1.58e-17	79.7
lcl|AP019371.1_prot_BBH65903.1_2588	iAF987.Gmet_1706	30.8	146	92	4	18	161	1	139	8.44e-17	77.8
lcl|AP019371.1_prot_BBH65903.1_2588	iAF987.Gmet_1919	29.4	143	100	1	20	162	5	146	1.25e-15	74.7
lcl|AP019371.1_prot_BBH65909.1_2594	iAF987.Gmet_1917	32.4	136	80	6	19	145	5	137	1.00e-04	43.9
lcl|AP019371.1_prot_BBH65910.1_2595	iAF987.Gmet_0043	25.6	254	173	5	276	513	13	266	1.39e-11	66.6
lcl|AP019371.1_prot_BBH65911.1_2596	iAF987.Gmet_2999	25.8	120	76	2	10	127	7	115	3.91e-07	47.8
lcl|AP019371.1_prot_BBH65911.1_2596	iAF987.Gmet_0069	31.9	72	49	0	63	134	48	119	2.34e-06	45.4
lcl|AP019371.1_prot_BBH65912.1_2597	iYS854.USA300HOU_RS05525	32.0	206	118	3	30	227	30	221	7.98e-24	97.1
lcl|AP019371.1_prot_BBH65912.1_2597	iYO844.BSU14670	28.9	232	153	5	30	258	34	256	9.27e-23	94.0
lcl|AP019371.1_prot_BBH65913.1_2598	iJN1463.PP_2794	39.6	255	148	3	1	254	1	250	1.60e-42	145
lcl|AP019371.1_prot_BBH65913.1_2598	iYO844.BSU22140	37.8	251	154	2	4	254	3	251	3.19e-38	134
lcl|AP019371.1_prot_BBH65913.1_2598	iYO844.BSU15910	38.0	245	147	3	11	253	2	243	5.15e-38	133
lcl|AP019371.1_prot_BBH65915.1_2600	iYO844.BSU23280	38.7	124	69	5	1	123	6	123	1.08e-12	63.5
lcl|AP019371.1_prot_BBH65915.1_2600	iMM904.YOL066C	33.8	139	75	6	1	127	439	572	1.27e-12	63.5
lcl|AP019371.1_prot_BBH65915.1_2600	iLJ478.TM1828	42.4	125	65	6	1	123	6	125	1.43e-12	63.2
lcl|AP019371.1_prot_BBH65915.1_2600	iHN637.CLJU_RS10840	42.7	103	53	4	20	122	31	127	9.74e-12	60.8
lcl|AP019371.1_prot_BBH65915.1_2600	iYL1228.KPN_00366	43.1	102	52	4	20	121	27	122	3.35e-11	59.3
lcl|AP019371.1_prot_BBH65915.1_2600	iAF987.Gmet_1624	40.4	104	56	4	19	122	28	125	8.51e-11	58.2
lcl|AP019371.1_prot_BBH65915.1_2600	iSDY_1059.SDY_0320	41.2	102	54	5	20	121	27	122	1.57e-10	57.4
lcl|AP019371.1_prot_BBH65915.1_2600	iSF_1195.SF0351	41.2	102	54	5	20	121	27	122	1.57e-10	57.4
lcl|AP019371.1_prot_BBH65915.1_2600	iSSON_1240.SSON_0391	41.2	102	54	5	20	121	27	122	1.57e-10	57.4
lcl|AP019371.1_prot_BBH65917.1_2602	iYS854.USA300HOU_RS06130	29.1	254	170	6	18	267	9	256	3.70e-25	109
lcl|AP019371.1_prot_BBH65918.1_2603	iSynCJ816.SGL_RS07245	34.4	247	145	8	3	239	7	246	3.85e-27	104
lcl|AP019371.1_prot_BBH65918.1_2603	iNF517.LLMG_RS08260	35.5	251	145	6	1	236	1	249	6.11e-27	103
lcl|AP019371.1_prot_BBH65918.1_2603	iYL1228.KPN_01091	30.2	242	160	5	3	239	6	243	1.45e-25	100
lcl|AP019371.1_prot_BBH65918.1_2603	iYS854.USA300HOU_RS06185	31.9	248	156	6	1	239	1	244	5.55e-25	98.6
lcl|AP019371.1_prot_BBH65918.1_2603	iYO844.BSU15910	31.2	247	155	7	3	239	5	246	1.58e-24	97.4
lcl|AP019371.1_prot_BBH65918.1_2603	iHN637.CLJU_RS20765	32.5	246	153	6	3	239	7	248	2.29e-24	97.1
lcl|AP019371.1_prot_BBH65918.1_2603	iML1515.b1093	30.0	243	159	6	3	239	6	243	3.06e-23	94.0
lcl|AP019371.1_prot_BBH65918.1_2603	iSbBS512_1146.SbBS512_E2231	30.0	243	159	6	3	239	6	243	3.06e-23	94.0
lcl|AP019371.1_prot_BBH65918.1_2603	iSF_1195.SF1097	30.0	243	159	6	3	239	6	243	3.06e-23	94.0
lcl|AP019371.1_prot_BBH65918.1_2603	iSSON_1240.SSON_1113	30.0	243	159	6	3	239	6	243	3.06e-23	94.0
lcl|AP019371.1_prot_BBH65920.1_2605	iYS854.USA300HOU_RS07595	30.4	332	213	7	33	361	19	335	1.14e-34	137
lcl|AP019371.1_prot_BBH65922.1_2607	iYO844.BSU33510	37.5	64	39	1	6	68	5	68	6.59e-08	44.3
lcl|AP019371.1_prot_BBH65922.1_2607	STM_v1_0.STM0353	43.6	55	29	1	11	65	17	69	9.71e-06	40.8
lcl|AP019371.1_prot_BBH65924.1_2609	iCN718.ABAYE_RS03665	31.1	289	180	7	107	381	115	398	9.00e-33	126
lcl|AP019371.1_prot_BBH65925.1_2610	iSynCJ816.SGL_RS03350	32.5	203	136	1	8	209	5	207	1.23e-30	112
lcl|AP019371.1_prot_BBH65925.1_2610	iCHOv1.100756872	33.3	207	134	3	8	210	14	220	6.12e-26	101
lcl|AP019371.1_prot_BBH65930.1_2615	iJN1463.PP_0553	35.9	131	80	3	15	144	105	232	2.20e-13	69.7
lcl|AP019371.1_prot_BBH65930.1_2615	iEK1008.Rv3569c	29.9	278	167	14	27	297	18	274	8.11e-13	67.4
lcl|AP019371.1_prot_BBH65930.1_2615	iCN718.ABAYE_RS14020	26.7	281	168	10	41	310	74	327	2.80e-12	66.2
lcl|AP019371.1_prot_BBH65934.1_2619	iEK1008.Rv3206c	65.2	396	127	3	2	393	4	392	7.19e-187	523
lcl|AP019371.1_prot_BBH65934.1_2619	iEK1008.Rv3116	61.7	381	141	1	13	393	14	389	7.61e-174	489
lcl|AP019371.1_prot_BBH65936.1_2621	iCHOv1.100757895	24.7	442	263	14	57	447	50	472	6.00e-14	73.6
lcl|AP019371.1_prot_BBH65936.1_2621	iMM1415.15118	24.1	440	268	14	57	447	50	472	5.78e-13	70.5
lcl|AP019371.1_prot_BBH65938.1_2623	iHN637.CLJU_RS16810	41.5	407	223	7	25	422	21	421	2.28e-88	275
lcl|AP019371.1_prot_BBH65938.1_2623	iLJ478.TM0583	39.5	403	239	5	25	422	15	417	2.03e-88	275
lcl|AP019371.1_prot_BBH65940.1_2625	iEK1008.Rv2427c	61.8	411	145	1	3	413	15	413	2.29e-155	444
lcl|AP019371.1_prot_BBH65941.1_2626	iEK1008.Rv2439c	53.5	368	163	4	2	368	6	366	3.06e-104	311
lcl|AP019371.1_prot_BBH65947.1_2632	iSynCJ816.SGL_RS10660	32.7	492	273	12	3	439	23	511	1.48e-52	184
lcl|AP019371.1_prot_BBH65948.1_2633	iYO844.BSU06160	23.6	415	301	7	3	406	29	438	1.08e-23	102
lcl|AP019371.1_prot_BBH65949.1_2634	iCHOv1.100761441	38.8	381	224	5	2	378	113	488	1.97e-74	244
lcl|AP019371.1_prot_BBH65949.1_2634	iMM1415.20397	36.7	381	232	5	2	378	113	488	7.02e-69	229
lcl|AP019371.1_prot_BBH65950.1_2635	iCHOv1.100766693	60.6	137	53	1	14	150	76	211	8.57e-59	182
lcl|AP019371.1_prot_BBH65950.1_2635	iMM1415.75406	60.6	137	53	1	14	150	81	216	9.98e-59	182
lcl|AP019371.1_prot_BBH65950.1_2635	iLB1027_lipid.PHATRDRAFT_41645	56.4	133	57	1	14	146	23	154	1.77e-56	174
lcl|AP019371.1_prot_BBH65950.1_2635	iJN1463.PP_4120	56.2	146	63	1	5	150	41	185	4.41e-55	173
lcl|AP019371.1_prot_BBH65950.1_2635	iYL1228.KPN_02677	55.5	146	64	1	5	150	40	184	6.07e-55	172
lcl|AP019371.1_prot_BBH65950.1_2635	iAF987.Gmet_0153	55.8	156	58	2	14	159	18	172	1.81e-50	172
lcl|AP019371.1_prot_BBH65950.1_2635	iSDY_1059.SDY_2483	58.4	137	56	1	14	150	45	180	1.08e-54	172
lcl|AP019371.1_prot_BBH65950.1_2635	iAF987.Gmet_3354	52.5	141	65	2	14	154	19	157	3.29e-55	171
lcl|AP019371.1_prot_BBH65950.1_2635	iCN718.ABAYE_RS15250	51.5	165	75	2	7	171	40	199	2.52e-54	171
lcl|AP019371.1_prot_BBH65950.1_2635	iML1515.b2287	57.7	137	57	1	14	150	45	180	4.35e-54	170
lcl|AP019371.1_prot_BBH65950.1_2635	STM_v1_0.STM2327	57.7	137	57	1	14	150	45	180	4.35e-54	170
lcl|AP019371.1_prot_BBH65950.1_2635	iSbBS512_1146.SbBS512_E2663	57.7	137	57	1	14	150	45	180	4.35e-54	170
lcl|AP019371.1_prot_BBH65950.1_2635	iSF_1195.SF2363	57.7	137	57	1	14	150	45	180	4.35e-54	170
lcl|AP019371.1_prot_BBH65950.1_2635	iSSON_1240.SSON_2344	57.7	137	57	1	14	150	45	180	4.35e-54	170
lcl|AP019371.1_prot_BBH65950.1_2635	iPC815.YPO2554	54.8	146	65	1	5	150	41	185	7.15e-54	170
lcl|AP019371.1_prot_BBH65950.1_2635	iAF692.Mbar_A3411	52.1	140	66	1	11	150	40	178	5.87e-54	169
lcl|AP019371.1_prot_BBH65951.1_2636	iCN718.ABAYE_RS17455	43.1	295	162	4	1	292	13	304	9.45e-68	213
lcl|AP019371.1_prot_BBH65951.1_2636	iSbBS512_1146.SbBS512_E4264	43.4	295	161	4	1	292	22	313	4.14e-64	204
lcl|AP019371.1_prot_BBH65951.1_2636	iSDY_1059.SDY_3941	43.4	295	161	4	1	292	22	313	5.84e-64	203
lcl|AP019371.1_prot_BBH65951.1_2636	iML1515.b3805	43.1	295	162	4	1	292	15	306	9.54e-64	202
lcl|AP019371.1_prot_BBH65951.1_2636	iYL1228.KPN_04304	42.4	295	164	4	1	292	15	306	9.54e-64	202
lcl|AP019371.1_prot_BBH65951.1_2636	iSSON_1240.SSON_3977	42.7	295	163	4	1	292	22	313	9.23e-63	200
lcl|AP019371.1_prot_BBH65951.1_2636	iSF_1195.SF3877	42.7	295	163	4	1	292	15	306	2.13e-62	199
lcl|AP019371.1_prot_BBH65951.1_2636	iPC815.YPO3849	41.7	295	166	4	1	292	15	306	3.01e-62	199
lcl|AP019371.1_prot_BBH65951.1_2636	STM_v1_0.STM3938	42.0	295	165	4	1	292	20	311	4.32e-60	193
lcl|AP019371.1_prot_BBH65957.1_2642	iYL1228.KPN_02676	36.0	125	67	2	77	199	98	211	5.00e-18	82.0
lcl|AP019371.1_prot_BBH65957.1_2642	iAF692.Mbar_A3410	42.7	96	50	2	64	154	51	146	3.25e-19	80.9
lcl|AP019371.1_prot_BBH65957.1_2642	iAF987.Gmet_0153	39.8	88	53	0	77	164	296	383	1.83e-17	80.5
lcl|AP019371.1_prot_BBH65957.1_2642	iML1515.b2286	32.8	125	71	2	77	199	92	205	6.41e-16	75.9
lcl|AP019371.1_prot_BBH65957.1_2642	iSbBS512_1146.SbBS512_E2662	32.8	125	71	2	77	199	96	209	6.42e-16	75.9
lcl|AP019371.1_prot_BBH65957.1_2642	iSDY_1059.SDY_2482	32.8	125	71	2	77	199	96	209	6.42e-16	75.9
lcl|AP019371.1_prot_BBH65957.1_2642	iSF_1195.SF2362	32.8	125	71	2	77	199	96	209	6.42e-16	75.9
lcl|AP019371.1_prot_BBH65957.1_2642	iSSON_1240.SSON_2343	32.8	125	71	2	77	199	96	209	6.42e-16	75.9
lcl|AP019371.1_prot_BBH65957.1_2642	iPC815.YPO2553	33.7	101	67	0	74	174	92	192	1.18e-15	75.1
lcl|AP019371.1_prot_BBH65958.1_2643	iAF987.Gmet_3348	42.8	306	152	5	28	312	37	340	9.95e-76	235
lcl|AP019371.1_prot_BBH65958.1_2643	iSynCJ816.SGL_RS17000	42.8	320	155	7	23	316	46	363	1.29e-67	215
lcl|AP019371.1_prot_BBH65960.1_2645	iAF987.Gmet_3347	35.3	133	73	2	14	142	5	128	1.07e-22	89.0
lcl|AP019371.1_prot_BBH65961.1_2646	iSynCJ816.SGL_RS16990	42.1	126	70	2	41	163	45	170	8.44e-14	65.9
lcl|AP019371.1_prot_BBH65961.1_2646	iAF987.Gmet_3346	32.5	160	90	3	13	160	11	164	1.38e-12	62.0
lcl|AP019371.1_prot_BBH65962.1_2647	iSynCJ816.SGL_RS16985	40.5	116	51	3	1	114	1	100	1.24e-14	64.3
lcl|AP019371.1_prot_BBH65962.1_2647	iAF987.Gmet_3345	35.5	107	51	1	8	114	9	97	4.60e-14	62.8
lcl|AP019371.1_prot_BBH65962.1_2647	iAF692.Mbar_A3404	39.8	103	44	2	11	113	12	96	2.04e-12	58.5
lcl|AP019371.1_prot_BBH65963.1_2648	iSynCJ816.SGL_RS15190	39.4	533	261	14	9	494	10	527	7.78e-92	298
lcl|AP019371.1_prot_BBH65963.1_2648	iAF692.Mbar_A3403	40.6	488	232	14	9	454	7	478	2.59e-87	285
lcl|AP019371.1_prot_BBH65963.1_2648	iEK1008.Rv3156	38.0	582	298	16	37	590	41	587	1.64e-87	285
lcl|AP019371.1_prot_BBH65963.1_2648	iAF987.Gmet_3344	41.9	396	203	4	73	447	75	464	2.02e-86	283
lcl|AP019371.1_prot_BBH65963.1_2648	iAF987.Gmet_0168	41.6	438	239	8	12	444	10	435	1.69e-82	271
lcl|AP019371.1_prot_BBH65963.1_2648	iSbBS512_1146.SbBS512_E2654	40.3	419	224	7	39	444	34	439	6.83e-82	270
lcl|AP019371.1_prot_BBH65963.1_2648	iML1515.b2278	40.3	419	224	7	39	444	34	439	1.33e-81	269
lcl|AP019371.1_prot_BBH65963.1_2648	iYL1228.KPN_02668	41.5	388	210	5	73	453	71	448	1.33e-81	269
lcl|AP019371.1_prot_BBH65963.1_2648	iSSON_1240.SSON_2335	40.3	419	224	7	39	444	34	439	1.86e-81	268
lcl|AP019371.1_prot_BBH65963.1_2648	iSF_1195.SF2354	40.3	419	224	7	39	444	34	439	2.60e-81	268
lcl|AP019371.1_prot_BBH65964.1_2649	iAF987.Gmet_3343	36.9	482	282	6	11	485	6	472	8.62e-88	278
lcl|AP019371.1_prot_BBH65964.1_2649	iAF987.Gmet_0171	38.5	483	261	9	36	501	30	493	2.68e-78	253
lcl|AP019371.1_prot_BBH65965.1_2650	iAF987.Gmet_3342	36.0	336	196	6	106	429	108	436	3.29e-43	159
lcl|AP019371.1_prot_BBH65965.1_2650	iAF987.Gmet_0172	36.2	367	205	6	122	482	116	459	1.62e-41	154
lcl|AP019371.1_prot_BBH65965.1_2650	iJN1463.PP_4131	36.7	341	185	8	107	429	108	435	5.81e-40	150
lcl|AP019371.1_prot_BBH65969.1_2654	iAF987.Gmet_0302	26.0	127	77	5	49	172	31	143	8.97e-04	38.1
lcl|AP019371.1_prot_BBH65974.1_2659	iAF987.Gmet_0798	37.5	200	111	5	17	211	16	206	5.59e-26	99.4
lcl|AP019371.1_prot_BBH65977.1_2662	iAF987.Gmet_0957	36.5	477	294	6	360	827	149	625	3.82e-90	297
lcl|AP019371.1_prot_BBH65977.1_2662	iAF987.Gmet_0782	35.8	531	309	13	299	816	208	719	2.98e-88	295
lcl|AP019371.1_prot_BBH65977.1_2662	iAF987.Gmet_2629	38.2	463	266	9	356	812	350	798	2.87e-83	283
lcl|AP019371.1_prot_BBH65977.1_2662	iJN1463.PP_3581	36.8	456	283	5	382	833	241	695	4.18e-80	272
lcl|AP019371.1_prot_BBH65977.1_2662	iYL1228.KPN_02455	37.0	438	269	5	379	813	160	593	6.08e-80	269
lcl|AP019371.1_prot_BBH65980.1_2665	iMM904.YKL182W	51.1	45	22	0	20	64	1553	1597	2.52e-06	45.1
lcl|AP019371.1_prot_BBH65984.1_2669	iJN1463.PP_0118	36.6	153	89	4	27	174	30	179	3.76e-19	83.6
lcl|AP019371.1_prot_BBH65984.1_2669	iPC815.YPO2060	34.5	165	97	5	18	176	20	179	1.24e-17	79.3
lcl|AP019371.1_prot_BBH65984.1_2669	iYL1228.KPN_02373	34.5	165	97	5	18	176	20	179	8.36e-17	77.0
lcl|AP019371.1_prot_BBH65994.1_2679	iEK1008.Rv0684	71.8	692	193	2	9	699	10	700	0.0	979
lcl|AP019371.1_prot_BBH65995.1_2680	iSynCJ816.SGL_RS10925	70.4	402	107	5	1	395	1	397	7.77e-201	558
lcl|AP019371.1_prot_BBH66018.1_2703	iHN637.CLJU_RS20110	50.9	214	105	0	1	214	1	214	3.86e-78	233
lcl|AP019371.1_prot_BBH66018.1_2703	iAF692.Mbar_A0086	49.3	215	108	1	1	215	1	214	4.82e-76	228
lcl|AP019371.1_prot_BBH66018.1_2703	iYS854.USA300HOU_RS12070	48.1	212	110	0	1	212	1	212	1.05e-72	219
lcl|AP019371.1_prot_BBH66018.1_2703	iCN900.CD630_00910	48.1	214	111	0	1	214	1	214	2.18e-72	218
lcl|AP019371.1_prot_BBH66018.1_2703	iYO844.BSU01370	49.5	212	107	0	1	212	1	212	6.41e-72	217
lcl|AP019371.1_prot_BBH66018.1_2703	iJN1463.PP_1506	47.0	219	105	2	1	212	1	215	4.10e-70	213
lcl|AP019371.1_prot_BBH66019.1_2704	iSynCJ816.SGL_RS14930	46.1	258	132	3	3	259	24	275	6.29e-69	214
lcl|AP019371.1_prot_BBH66027.1_2712	iAF692.Mbar_A1332	31.9	257	150	4	5	259	1	234	2.13e-30	114
lcl|AP019371.1_prot_BBH66027.1_2712	iNF517.LLMG_RS02350	31.1	251	164	5	6	253	3	247	6.31e-28	107
lcl|AP019371.1_prot_BBH66030.1_2715	STM_v1_0.STM2441	29.7	246	123	6	18	247	16	227	4.37e-15	76.6
lcl|AP019371.1_prot_BBH66030.1_2715	iML1515.b2422	29.3	246	124	7	18	247	16	227	4.45e-14	73.6
lcl|AP019371.1_prot_BBH66030.1_2715	iSDY_1059.SDY_2618	29.3	246	124	7	18	247	16	227	4.45e-14	73.6
lcl|AP019371.1_prot_BBH66030.1_2715	iYL1228.KPN_02770	29.3	246	124	7	18	247	16	227	5.90e-14	73.2
lcl|AP019371.1_prot_BBH66030.1_2715	iSSON_1240.SSON_2511	29.3	246	124	7	18	247	16	227	5.94e-14	73.2
lcl|AP019371.1_prot_BBH66030.1_2715	iAF987.Gmet_2439	28.6	227	125	5	14	233	16	212	5.83e-14	71.6
lcl|AP019371.1_prot_BBH66030.1_2715	iSbBS512_1146.SbBS512_E2794	28.9	246	125	7	18	247	16	227	1.89e-13	71.6
lcl|AP019371.1_prot_BBH66030.1_2715	iPC815.YPO3012	27.6	232	118	6	18	233	16	213	1.05e-12	69.3
lcl|AP019371.1_prot_BBH66031.1_2716	iSynCJ816.SGL_RS03970	43.4	152	75	4	51	195	191	338	1.15e-21	90.1
lcl|AP019371.1_prot_BBH66031.1_2716	iAF987.Gmet_2935	43.8	121	67	1	57	177	64	183	5.68e-22	88.6
lcl|AP019371.1_prot_BBH66031.1_2716	iAF692.Mbar_A3318	42.0	138	74	3	61	193	76	212	6.90e-21	85.9
lcl|AP019371.1_prot_BBH66032.1_2717	iSynCJ816.SGL_RS14260	35.8	360	195	10	3	334	7	358	3.79e-44	160
lcl|AP019371.1_prot_BBH66033.1_2718	iYL1228.KPN_04373	33.3	66	44	0	1	66	1	66	4.96e-06	39.3
lcl|AP019371.1_prot_BBH66033.1_2718	iSDY_1059.SDY_3735	31.8	66	45	0	1	66	1	66	4.96e-06	39.3
lcl|AP019371.1_prot_BBH66033.1_2718	iSSON_1240.SSON_4164	30.3	66	46	0	1	66	1	66	9.95e-06	38.5
lcl|AP019371.1_prot_BBH66033.1_2718	iML1515.b4407	30.3	66	46	0	1	66	1	66	1.41e-05	38.1
lcl|AP019371.1_prot_BBH66033.1_2718	iSynCJ816.SGL_RS13810	34.4	64	42	0	3	66	8	71	2.21e-05	37.7
lcl|AP019371.1_prot_BBH66034.1_2719	iEK1008.Rv0417	70.8	233	67	1	9	240	17	249	1.06e-103	300
lcl|AP019371.1_prot_BBH66035.1_2720	iEK1008.Rv0414c	30.2	212	117	7	7	188	11	221	1.22e-08	52.8
lcl|AP019371.1_prot_BBH66035.1_2720	iAF987.Gmet_2935	31.3	195	108	8	7	178	8	199	2.10e-08	52.0
lcl|AP019371.1_prot_BBH66036.1_2721	iAF987.Gmet_2909	47.3	256	123	4	6	251	228	481	2.62e-52	176
lcl|AP019371.1_prot_BBH66036.1_2721	iCN900.CD630_15990	41.3	254	138	4	7	251	9	260	7.28e-49	161
lcl|AP019371.1_prot_BBH66037.1_2722	iEK1008.Rv0423c	70.9	512	124	3	10	497	35	545	4.36e-261	721
lcl|AP019371.1_prot_BBH66037.1_2722	iYO844.BSU08790	63.8	569	129	5	3	494	21	589	7.89e-258	715
lcl|AP019371.1_prot_BBH66037.1_2722	iYL1228.KPN_04376	61.2	596	128	7	3	495	31	626	1.45e-246	688
lcl|AP019371.1_prot_BBH66037.1_2722	STM_v1_0.STM4164	61.4	596	127	8	3	495	31	626	9.63e-245	683
lcl|AP019371.1_prot_BBH66037.1_2722	iSF_1195.SF4066	61.1	596	129	8	3	495	31	626	1.94e-244	682
lcl|AP019371.1_prot_BBH66037.1_2722	iCN718.ABAYE_RS17505	59.5	595	141	7	3	497	31	625	3.16e-244	682
lcl|AP019371.1_prot_BBH66037.1_2722	iML1515.b3994	60.7	596	131	7	3	495	31	626	3.90e-244	682
lcl|AP019371.1_prot_BBH66037.1_2722	iSSON_1240.SSON_4167	60.9	596	130	8	3	495	31	626	7.84e-244	681
lcl|AP019371.1_prot_BBH66037.1_2722	iSDY_1059.SDY_3732	60.6	596	132	7	3	495	31	626	1.58e-243	680
lcl|AP019371.1_prot_BBH66037.1_2722	iSbBS512_1146.SbBS512_E4485	60.4	596	133	7	3	495	31	626	1.82e-242	677
lcl|AP019371.1_prot_BBH66037.1_2722	iJN1463.PP_4922	60.0	600	134	7	3	497	28	626	1.77e-241	675
lcl|AP019371.1_prot_BBH66037.1_2722	iPC815.YPO3739	62.0	568	121	6	3	475	46	613	1.95e-239	672
lcl|AP019371.1_prot_BBH66051.1_2736	iEK1008.Rv3441c	62.9	450	161	3	1	447	1	447	1.07e-178	506
lcl|AP019371.1_prot_BBH66052.1_2737	iEK1008.Rv0858c	54.5	387	166	3	8	385	3	388	6.01e-140	404
lcl|AP019371.1_prot_BBH66054.1_2739	iEK1008.Rv3436c	64.2	617	208	4	3	614	16	624	2.24e-283	786
lcl|AP019371.1_prot_BBH66057.1_2742	iAF987.Gmet_1884	46.3	123	63	2	5	124	2	124	7.01e-23	86.3
lcl|AP019371.1_prot_BBH66058.1_2743	iML1515.b4167	31.4	423	255	15	37	438	64	472	3.64e-28	116
lcl|AP019371.1_prot_BBH66059.1_2744	iEK1008.Rv3423c	47.0	368	190	4	4	367	36	402	3.44e-92	283
lcl|AP019371.1_prot_BBH66060.1_2745	iJN1463.PP_0553	27.9	276	148	11	84	351	135	367	8.77e-15	74.3
lcl|AP019371.1_prot_BBH66067.1_2752	STM_v1_0.STM2774	25.5	577	367	12	8	536	1	562	4.43e-27	116
lcl|AP019371.1_prot_BBH66067.1_2752	iPC815.YPO1395	23.5	409	289	3	167	551	167	575	1.84e-27	116
lcl|AP019371.1_prot_BBH66067.1_2752	iSF_1195.SF0910	23.5	409	289	5	167	551	167	575	2.54e-26	112
lcl|AP019371.1_prot_BBH66067.1_2752	iSSON_1240.SSON_0916	23.5	409	289	5	167	551	167	575	2.54e-26	112
lcl|AP019371.1_prot_BBH66067.1_2752	iML1515.b0914	23.5	409	289	5	167	551	167	575	3.39e-26	112
lcl|AP019371.1_prot_BBH66067.1_2752	iSbBS512_1146.SbBS512_E2410	23.5	409	289	5	167	551	167	575	3.39e-26	112
lcl|AP019371.1_prot_BBH66067.1_2752	iSDY_1059.SDY_2344	23.5	409	289	5	167	551	167	575	3.39e-26	112
lcl|AP019371.1_prot_BBH66067.1_2752	iJN1463.PP_4935	26.6	466	295	12	121	551	135	588	4.93e-26	112
lcl|AP019371.1_prot_BBH66067.1_2752	iYL1228.KPN_00941	22.7	409	292	4	167	551	167	575	1.45e-25	110
lcl|AP019371.1_prot_BBH66067.1_2752	STM_v1_0.STM0984	23.2	409	290	5	167	551	167	575	1.93e-25	110
lcl|AP019371.1_prot_BBH66067.1_2752	iSDY_1059.SDY_1025	26.3	562	358	14	20	536	13	563	7.49e-25	109
lcl|AP019371.1_prot_BBH66068.1_2753	STM_v1_0.STM2774	32.4	469	297	8	126	581	749	1210	1.65e-51	191
lcl|AP019371.1_prot_BBH66068.1_2753	iJN1463.PP_4935	35.6	385	225	7	200	571	214	588	1.75e-50	183
lcl|AP019371.1_prot_BBH66068.1_2753	iSDY_1059.SDY_1025	31.1	463	293	9	126	572	746	1198	5.69e-46	174
lcl|AP019371.1_prot_BBH66073.1_2758	iSF_1195.SF3610	35.4	314	191	6	44	355	27	330	8.94e-50	169
lcl|AP019371.1_prot_BBH66073.1_2758	iML1515.b3566	35.4	314	191	6	44	355	27	330	2.47e-49	168
lcl|AP019371.1_prot_BBH66073.1_2758	iSbBS512_1146.SbBS512_E3956	36.2	315	180	9	44	355	39	335	8.26e-48	164
lcl|AP019371.1_prot_BBH66073.1_2758	iYL1228.KPN_03930	35.7	314	190	6	44	355	9	312	2.52e-47	162
lcl|AP019371.1_prot_BBH66073.1_2758	iPC815.YPO4037	33.8	314	196	7	44	355	27	330	1.66e-45	158
lcl|AP019371.1_prot_BBH66074.1_2759	iML1515.b3749	40.8	238	138	2	6	242	4	239	7.78e-53	178
lcl|AP019371.1_prot_BBH66074.1_2759	iPC815.YPO3964	38.0	242	148	1	1	242	1	240	3.33e-52	177
lcl|AP019371.1_prot_BBH66074.1_2759	STM_v1_0.STM3882	38.3	261	151	3	6	265	4	255	8.18e-52	176
lcl|AP019371.1_prot_BBH66074.1_2759	iYL1228.KPN_04154	39.5	238	141	2	6	242	4	239	8.57e-51	173
lcl|AP019371.1_prot_BBH66074.1_2759	STM_v1_0.STM2189	37.9	256	154	3	6	259	13	265	9.76e-50	170
lcl|AP019371.1_prot_BBH66074.1_2759	iML1515.b2149	37.5	256	155	3	6	259	13	265	1.36e-49	170
lcl|AP019371.1_prot_BBH66074.1_2759	iSbBS512_1146.SbBS512_E0817	37.5	256	155	3	6	259	13	265	3.53e-51	170
lcl|AP019371.1_prot_BBH66074.1_2759	iSF_1195.SF2234	37.5	256	155	3	6	259	13	265	1.36e-49	170
lcl|AP019371.1_prot_BBH66074.1_2759	iSSON_1240.SSON_2205	37.5	256	155	3	6	259	13	265	1.36e-49	170
lcl|AP019371.1_prot_BBH66074.1_2759	iLJ478.TM0956	38.2	238	144	2	6	242	12	247	2.61e-48	167
lcl|AP019371.1_prot_BBH66074.1_2759	iYO844.BSU35940	37.1	237	146	2	7	242	3	237	8.43e-48	165
lcl|AP019371.1_prot_BBH66075.1_2760	iYL1228.KPN_03932	33.8	385	241	4	30	413	22	393	2.92e-53	182
lcl|AP019371.1_prot_BBH66075.1_2760	iML1515.b3568	34.0	373	232	4	41	412	33	392	4.30e-52	179
lcl|AP019371.1_prot_BBH66075.1_2760	iSbBS512_1146.SbBS512_E3954	34.0	373	232	4	41	412	33	392	4.30e-52	179
lcl|AP019371.1_prot_BBH66075.1_2760	iSF_1195.SF3612	34.0	373	232	4	41	412	33	392	4.30e-52	179
lcl|AP019371.1_prot_BBH66075.1_2760	iPC815.YPO4035	33.4	386	241	6	29	412	22	393	9.04e-51	175
lcl|AP019371.1_prot_BBH66076.1_2761	iNF517.LLMG_RS11535	29.6	260	166	4	139	383	62	319	2.74e-28	112
lcl|AP019371.1_prot_BBH66076.1_2761	iLJ478.TM1469	28.3	300	189	5	103	385	25	315	1.09e-25	105
lcl|AP019371.1_prot_BBH66080.1_2765	iCHOv1.100768542	27.9	340	190	15	230	517	207	543	7.39e-21	95.5
lcl|AP019371.1_prot_BBH66080.1_2765	iMM1415.211389	27.9	340	190	15	230	517	208	544	4.15e-20	93.2
lcl|AP019371.1_prot_BBH66080.1_2765	iAT_PLT_636.6821	28.0	343	186	16	230	517	214	550	5.62e-20	92.8
lcl|AP019371.1_prot_BBH66084.1_2769	iEK1008.Rv3411c	67.7	495	156	3	4	495	36	529	4.51e-231	644
lcl|AP019371.1_prot_BBH66085.1_2770	iEK1008.Rv3410c	61.7	373	137	3	4	370	1	373	7.94e-148	422
lcl|AP019371.1_prot_BBH66086.1_2771	iSynCJ816.SGL_RS17040	27.2	427	273	11	64	463	38	453	2.84e-35	139
lcl|AP019371.1_prot_BBH66089.1_2774	iAM_Pb448.PBANKA_091170	29.2	271	143	14	132	377	680	926	7.51e-11	65.1
lcl|AP019371.1_prot_BBH66089.1_2774	iAM_Pb448.PBANKA_110710	23.2	272	160	8	169	411	324	575	5.01e-10	62.0
lcl|AP019371.1_prot_BBH66089.1_2774	iAM_Pv461.PVX_097920	26.2	325	173	14	149	424	141	447	1.19e-09	60.5
lcl|AP019371.1_prot_BBH66089.1_2774	iAM_Pc455.PCYB_094280	29.9	271	141	14	132	377	708	954	4.58e-09	59.3
lcl|AP019371.1_prot_BBH66090.1_2775	iEK1008.Rv3396c	71.2	511	147	0	5	515	15	525	5.30e-265	731
lcl|AP019371.1_prot_BBH66091.1_2776	iEK1008.Rv0413	35.9	128	60	6	25	135	37	159	5.90e-06	46.2
lcl|AP019371.1_prot_BBH66091.1_2776	iPC815.YPO0565	30.6	98	52	1	175	256	7	104	3.39e-06	45.4
lcl|AP019371.1_prot_BBH66091.1_2776	iPC815.YPO2167	36.5	52	33	0	21	72	12	63	6.29e-06	44.7
lcl|AP019371.1_prot_BBH66091.1_2776	iSynCJ816.SGL_RS05525	35.1	111	53	4	37	146	40	132	2.99e-05	43.1
lcl|AP019371.1_prot_BBH66092.1_2777	iPC815.YPO0565	34.7	121	58	6	158	260	7	124	2.12e-08	51.6
lcl|AP019371.1_prot_BBH66092.1_2777	iEK1008.Rv0413	35.8	95	55	3	33	125	63	153	3.89e-06	46.6
lcl|AP019371.1_prot_BBH66092.1_2777	iSSON_1240.SSON_2312	33.9	59	39	0	3	61	1	59	1.53e-06	46.6
lcl|AP019371.1_prot_BBH66093.1_2778	iAF987.Gmet_1264	35.0	237	132	7	40	257	13	246	2.15e-19	84.3
lcl|AP019371.1_prot_BBH66093.1_2778	iCN718.ABAYE_RS02880	31.8	255	144	9	22	256	26	270	7.46e-19	83.2
lcl|AP019371.1_prot_BBH66094.1_2779	iAF987.Gmet_1263	44.5	164	87	4	235	396	53	214	1.18e-33	124
lcl|AP019371.1_prot_BBH66094.1_2779	iEK1008.Rv0437c	42.6	204	106	6	204	400	32	231	1.21e-31	119
lcl|AP019371.1_prot_BBH66098.1_2783	iEK1008.Rv0386	43.3	60	34	0	162	221	1025	1084	1.41e-07	51.2
lcl|AP019371.1_prot_BBH66099.1_2784	iYO844.BSU12960	26.1	510	317	14	36	520	59	533	8.24e-37	143
lcl|AP019371.1_prot_BBH66099.1_2784	iYL1228.KPN_00863	25.9	491	315	11	40	518	41	494	1.95e-34	135
lcl|AP019371.1_prot_BBH66099.1_2784	STM_v1_0.STM0849	25.9	491	315	12	40	518	41	494	2.62e-34	135
lcl|AP019371.1_prot_BBH66099.1_2784	iSDY_1059.SDY_0757	25.7	491	316	12	40	518	41	494	1.22e-33	133
lcl|AP019371.1_prot_BBH66099.1_2784	iSbBS512_1146.SbBS512_E2518	25.7	491	316	12	40	518	41	494	2.25e-33	132
lcl|AP019371.1_prot_BBH66099.1_2784	iSSON_1240.SSON_0812	25.5	491	317	12	40	518	41	494	2.25e-33	132
lcl|AP019371.1_prot_BBH66099.1_2784	iSF_1195.SF0780	25.3	491	318	12	40	518	41	494	7.68e-33	131
lcl|AP019371.1_prot_BBH66099.1_2784	iML1515.b0830	25.5	491	317	12	40	518	41	494	1.41e-32	130
lcl|AP019371.1_prot_BBH66099.1_2784	iML1515.b1243	27.1	501	312	18	32	504	33	508	3.50e-32	129
lcl|AP019371.1_prot_BBH66099.1_2784	iYL1228.KPN_01310	25.4	481	325	12	36	504	45	503	3.35e-32	129
lcl|AP019371.1_prot_BBH66099.1_2784	iYL1228.KPN_02197	27.1	483	319	15	35	504	47	509	4.78e-32	129
lcl|AP019371.1_prot_BBH66099.1_2784	iSbBS512_1146.SbBS512_E1412	27.1	501	312	18	32	504	33	508	4.74e-32	129
lcl|AP019371.1_prot_BBH66099.1_2784	iSF_1195.SF1244	27.1	501	312	18	32	504	33	508	4.74e-32	129
lcl|AP019371.1_prot_BBH66100.1_2785	iJN1463.PP_0881	37.3	335	183	3	1	308	1	335	1.79e-61	198
lcl|AP019371.1_prot_BBH66100.1_2785	iSF_1195.SF3578	35.9	340	184	5	1	308	1	338	2.64e-58	190
lcl|AP019371.1_prot_BBH66100.1_2785	iYL1228.KPN_03898	35.8	338	187	3	1	308	1	338	3.72e-58	189
lcl|AP019371.1_prot_BBH66100.1_2785	STM_v1_0.STM3629	36.2	340	183	5	1	308	1	338	5.25e-58	189
lcl|AP019371.1_prot_BBH66100.1_2785	iML1515.b3543	35.9	340	184	5	1	308	1	338	1.04e-57	188
lcl|AP019371.1_prot_BBH66100.1_2785	iSDY_1059.SDY_4566	35.9	340	184	5	1	308	1	338	1.04e-57	188
lcl|AP019371.1_prot_BBH66100.1_2785	iSSON_1240.SSON_3847	35.9	340	184	5	1	308	1	338	1.04e-57	188
lcl|AP019371.1_prot_BBH66100.1_2785	iYS854.USA300HOU_RS01055	34.9	307	197	3	3	308	183	487	6.22e-53	180
lcl|AP019371.1_prot_BBH66101.1_2786	iYO844.BSU12940	34.0	282	181	2	33	313	42	319	2.37e-48	164
lcl|AP019371.1_prot_BBH66101.1_2786	iLJ478.TM0059	39.0	223	133	2	91	310	137	359	2.47e-42	149
lcl|AP019371.1_prot_BBH66102.1_2787	STM_v1_0.STM1743	51.4	319	151	3	16	334	13	327	9.48e-102	302
lcl|AP019371.1_prot_BBH66102.1_2787	iYL1228.KPN_02194	51.4	315	149	3	20	334	19	329	2.87e-101	301
lcl|AP019371.1_prot_BBH66102.1_2787	iSbBS512_1146.SbBS512_E1415	52.5	301	141	2	20	320	19	317	1.87e-99	296
lcl|AP019371.1_prot_BBH66102.1_2787	iSDY_1059.SDY_1304	52.5	301	141	2	20	320	19	317	1.87e-99	296
lcl|AP019371.1_prot_BBH66102.1_2787	iSF_1195.SF1247	52.5	301	141	2	20	320	19	317	1.87e-99	296
lcl|AP019371.1_prot_BBH66102.1_2787	iSSON_1240.SSON_1934	52.5	301	141	2	20	320	19	317	1.87e-99	296
lcl|AP019371.1_prot_BBH66102.1_2787	iJN1463.PP_0879	49.8	317	155	3	20	336	3	315	1.86e-98	293
lcl|AP019371.1_prot_BBH66102.1_2787	iYO844.BSU12950	52.2	289	138	0	20	308	4	292	4.02e-98	293
lcl|AP019371.1_prot_BBH66102.1_2787	iML1515.b1246	52.2	301	142	2	20	320	19	317	4.28e-98	293
lcl|AP019371.1_prot_BBH66102.1_2787	iYS854.USA300HOU_RS04900	49.5	323	156	3	20	341	5	321	1.31e-94	285
lcl|AP019371.1_prot_BBH66102.1_2787	iLJ478.TM1749	48.9	319	161	2	20	338	4	320	4.19e-95	285
lcl|AP019371.1_prot_BBH66102.1_2787	iLJ478.TM1064	47.2	322	165	2	20	337	4	324	7.66e-95	285
lcl|AP019371.1_prot_BBH66102.1_2787	iML1515.b3541	46.4	323	171	2	20	342	3	323	1.31e-94	284
lcl|AP019371.1_prot_BBH66102.1_2787	iSF_1195.SF3576	46.4	323	171	2	20	342	3	323	1.31e-94	284
lcl|AP019371.1_prot_BBH66102.1_2787	STM_v1_0.STM3627	47.1	323	169	2	20	342	3	323	2.62e-94	283
lcl|AP019371.1_prot_BBH66102.1_2787	iSSON_1240.SSON_3849	46.4	323	171	2	20	342	3	323	3.71e-94	283
lcl|AP019371.1_prot_BBH66102.1_2787	iYL1228.KPN_03896	46.1	323	172	2	20	342	3	323	5.99e-93	280
lcl|AP019371.1_prot_BBH66102.1_2787	iSDY_1059.SDY_4564	45.8	323	173	2	20	342	3	323	3.41e-92	278
lcl|AP019371.1_prot_BBH66102.1_2787	iPC815.YPO4000	46.5	316	166	2	20	335	3	315	3.76e-91	275
lcl|AP019371.1_prot_BBH66102.1_2787	iLJ478.TM0058	47.1	325	163	7	20	337	4	326	1.25e-90	274
lcl|AP019371.1_prot_BBH66103.1_2788	iLJ478.TM0057	54.1	329	141	6	5	327	3	327	2.02e-117	342
lcl|AP019371.1_prot_BBH66103.1_2788	STM_v1_0.STM1742	57.9	311	128	3	4	312	10	319	7.12e-117	340
lcl|AP019371.1_prot_BBH66103.1_2788	iYL1228.KPN_02193	56.8	310	133	1	4	312	10	319	2.87e-116	339
lcl|AP019371.1_prot_BBH66103.1_2788	iLJ478.TM1063	53.2	331	145	5	5	327	3	331	5.15e-116	338
lcl|AP019371.1_prot_BBH66103.1_2788	iML1515.b1247	57.2	311	130	3	4	312	10	319	2.33e-115	337
lcl|AP019371.1_prot_BBH66103.1_2788	iSbBS512_1146.SbBS512_E1416	57.2	311	130	3	4	312	10	319	2.33e-115	337
lcl|AP019371.1_prot_BBH66103.1_2788	iSF_1195.SF1248	57.2	311	130	3	4	312	10	319	2.33e-115	337
lcl|AP019371.1_prot_BBH66103.1_2788	iSDY_1059.SDY_1305	57.2	311	130	3	4	312	10	319	4.68e-115	336
lcl|AP019371.1_prot_BBH66103.1_2788	iSSON_1240.SSON_1933	56.6	311	132	3	4	312	10	319	5.38e-114	333
lcl|AP019371.1_prot_BBH66103.1_2788	iJN1463.PP_0878	50.0	326	152	6	4	327	3	319	7.71e-106	312
lcl|AP019371.1_prot_BBH66103.1_2788	iLJ478.TM1750	50.2	323	146	6	5	325	13	322	9.39e-106	312
lcl|AP019371.1_prot_BBH66103.1_2788	iPC815.YPO3999	51.6	308	144	3	5	312	33	335	2.86e-104	309
lcl|AP019371.1_prot_BBH66104.1_2789	iEK1008.Rv0948c	55.6	72	31	1	25	96	33	103	7.79e-20	76.6
lcl|AP019371.1_prot_BBH66105.1_2790	iCN718.ABAYE_RS09695	41.6	550	291	12	56	593	55	586	2.78e-121	371
lcl|AP019371.1_prot_BBH66107.1_2792	iAF987.Gmet_3012	48.2	112	51	2	145	249	25	136	1.77e-22	91.7
lcl|AP019371.1_prot_BBH66107.1_2792	iML1515.b1856	51.8	85	41	0	163	247	314	398	8.41e-19	85.1
lcl|AP019371.1_prot_BBH66107.1_2792	iAF987.Gmet_1350	42.5	113	61	1	161	273	108	216	5.64e-19	83.2
lcl|AP019371.1_prot_BBH66108.1_2793	iAF987.Gmet_1350	46.4	84	45	0	130	213	110	193	1.64e-14	70.5
lcl|AP019371.1_prot_BBH66108.1_2793	iML1515.b1856	38.9	95	58	0	130	224	314	408	1.43e-13	69.3
lcl|AP019371.1_prot_BBH66109.1_2794	iAF987.Gmet_1574	69.0	126	39	0	5	130	6	131	2.17e-61	184
lcl|AP019371.1_prot_BBH66111.1_2796	iEK1008.Rv0951	64.4	390	136	1	1	390	1	387	5.10e-164	464
lcl|AP019371.1_prot_BBH66112.1_2797	iEK1008.Rv0952	72.7	297	76	1	1	292	4	300	2.10e-148	417
lcl|AP019371.1_prot_BBH66115.1_2800	iEK1008.Rv0956	57.1	196	82	2	5	200	11	204	3.89e-67	204
lcl|AP019371.1_prot_BBH66116.1_2801	iEK1008.Rv0957	63.3	523	186	3	4	521	2	523	3.51e-226	633
lcl|AP019371.1_prot_BBH66118.1_2803	iEK1008.Rv3339c	74.9	403	100	1	3	404	6	408	1.03e-226	625
lcl|AP019371.1_prot_BBH66119.1_2804	iYS854.USA300HOU_RS00795	54.7	799	352	3	4	802	20	808	1.61e-289	820
lcl|AP019371.1_prot_BBH66120.1_2805	iLJ478.TM1191	34.8	322	195	6	44	361	3	313	1.30e-55	184
lcl|AP019371.1_prot_BBH66122.1_2807	iSbBS512_1146.SbBS512_E4050	28.6	105	63	3	2	99	4	103	1.63e-07	51.6
lcl|AP019371.1_prot_BBH66122.1_2807	iSSON_1240.SSON_3782	28.6	105	63	3	2	99	4	103	1.63e-07	51.6
lcl|AP019371.1_prot_BBH66122.1_2807	iYO844.BSU35550	30.0	110	73	3	2	107	3	112	3.92e-06	47.0
lcl|AP019371.1_prot_BBH66124.1_2809	iYO844.BSU35750	36.2	105	61	2	200	304	120	218	5.45e-14	70.5
lcl|AP019371.1_prot_BBH66130.1_2815	iMM1415.83398	25.3	296	162	8	31	291	595	866	5.92e-15	74.7
lcl|AP019371.1_prot_BBH66130.1_2815	iMM1415.64580	26.0	219	128	6	31	239	594	788	7.96e-15	74.3
lcl|AP019371.1_prot_BBH66130.1_2815	iMM1415.54710	29.4	214	123	5	26	239	132	317	3.88e-14	71.6
lcl|AP019371.1_prot_BBH66130.1_2815	iMM1415.195646	30.0	223	128	7	17	239	117	311	6.91e-14	70.9
lcl|AP019371.1_prot_BBH66130.1_2815	iMM1415.15478	29.2	216	125	5	24	239	132	319	7.13e-14	70.9
lcl|AP019371.1_prot_BBH66134.1_2819	iSynCJ816.SGL_RS03840	44.4	180	95	2	323	502	2	176	9.33e-41	144
lcl|AP019371.1_prot_BBH66134.1_2819	iYL1228.KPN_03112	47.1	174	86	3	305	478	10	177	7.06e-37	134
lcl|AP019371.1_prot_BBH66134.1_2819	iML1515.b2750	47.4	171	84	3	305	475	10	174	3.63e-36	132
lcl|AP019371.1_prot_BBH66134.1_2819	iSbBS512_1146.SbBS512_E3124	48.0	173	80	4	305	475	10	174	3.63e-36	132
lcl|AP019371.1_prot_BBH66134.1_2819	iSDY_1059.SDY_2949	47.4	171	84	3	305	475	10	174	3.63e-36	132
lcl|AP019371.1_prot_BBH66134.1_2819	iSSON_1240.SSON_2898	47.4	171	84	3	305	475	10	174	3.63e-36	132
lcl|AP019371.1_prot_BBH66134.1_2819	STM_v1_0.STM2933	45.0	171	88	3	305	475	10	174	1.86e-35	130
lcl|AP019371.1_prot_BBH66134.1_2819	iSF_1195.SF2773	46.8	171	85	3	305	475	10	174	2.58e-35	130
lcl|AP019371.1_prot_BBH66136.1_2821	iYO844.BSU02750	33.2	208	136	3	17	222	18	224	7.73e-36	129
lcl|AP019371.1_prot_BBH66136.1_2821	iEK1008.Rv2936	31.4	296	198	5	11	303	15	308	3.94e-34	126
lcl|AP019371.1_prot_BBH66138.1_2823	iYO844.BSU02750	36.1	219	131	5	16	225	1	219	4.91e-31	116
lcl|AP019371.1_prot_BBH66138.1_2823	iAF987.Gmet_1903	33.9	233	145	5	17	241	3	234	1.83e-29	114
lcl|AP019371.1_prot_BBH66138.1_2823	iML1515.b0855	33.9	230	148	3	12	237	15	244	1.14e-28	113
lcl|AP019371.1_prot_BBH66138.1_2823	iSbBS512_1146.SbBS512_E2476	33.9	230	148	3	12	237	15	244	1.14e-28	113
lcl|AP019371.1_prot_BBH66138.1_2823	iSSON_1240.SSON_0840	33.9	230	148	3	12	237	42	271	1.65e-28	113
lcl|AP019371.1_prot_BBH66138.1_2823	iSDY_1059.SDY_0740	33.9	230	148	3	12	237	15	244	1.58e-28	112
lcl|AP019371.1_prot_BBH66138.1_2823	iSF_1195.SF0809	33.5	230	149	3	12	237	42	271	4.32e-28	112
lcl|AP019371.1_prot_BBH66138.1_2823	iEK1008.Rv2936	34.4	209	133	3	27	231	20	228	2.05e-28	111
lcl|AP019371.1_prot_BBH66138.1_2823	iYL1228.KPN_00886	33.0	230	150	3	12	237	31	260	9.86e-28	110
lcl|AP019371.1_prot_BBH66138.1_2823	iPC815.YPO1332	32.6	221	145	3	14	230	17	237	1.10e-27	110
lcl|AP019371.1_prot_BBH66138.1_2823	STM_v1_0.STM0878	33.0	230	150	3	12	237	15	244	2.10e-27	109
lcl|AP019371.1_prot_BBH66138.1_2823	iCN900.CD630_16140	30.2	205	139	3	31	231	39	243	5.73e-28	108
lcl|AP019371.1_prot_BBH66138.1_2823	iEK1008.Rv2397c	34.6	217	138	3	14	226	2	218	2.76e-27	108
lcl|AP019371.1_prot_BBH66138.1_2823	iSynCJ816.SGL_RS17160	32.9	216	141	3	19	230	5	220	7.75e-27	107
lcl|AP019371.1_prot_BBH66138.1_2823	iJN1463.PP_5179	32.7	226	148	3	16	237	22	247	5.44e-26	105
lcl|AP019371.1_prot_BBH66140.1_2825	iJN1463.PP_1505	39.0	937	487	22	14	931	5	875	7.44e-163	498
lcl|AP019371.1_prot_BBH66140.1_2825	iSynCJ816.SGL_RS11290	33.9	1023	557	20	14	931	26	1034	2.82e-155	483
lcl|AP019371.1_prot_BBH66140.1_2825	iAF987.Gmet_0304	35.4	972	517	23	8	931	23	931	5.59e-146	456
lcl|AP019371.1_prot_BBH66144.1_2829	iAF987.Gmet_2212	28.6	210	124	8	294	489	2	199	7.93e-09	56.6
lcl|AP019371.1_prot_BBH66151.1_2836	iAF987.Gmet_2399	38.7	217	103	4	113	302	5	218	3.94e-33	122
lcl|AP019371.1_prot_BBH66151.1_2836	iML1515.b2781	46.9	147	71	4	120	262	8	151	5.60e-32	119
lcl|AP019371.1_prot_BBH66151.1_2836	iSbBS512_1146.SbBS512_E3092	46.9	147	71	4	120	262	8	151	5.60e-32	119
lcl|AP019371.1_prot_BBH66151.1_2836	iSDY_1059.SDY_2998	46.9	147	71	4	120	262	8	151	5.60e-32	119
lcl|AP019371.1_prot_BBH66151.1_2836	iSF_1195.SF2796	46.9	147	71	4	120	262	8	151	5.60e-32	119
lcl|AP019371.1_prot_BBH66151.1_2836	iSSON_1240.SSON_2938	46.9	147	71	4	120	262	8	151	5.60e-32	119
lcl|AP019371.1_prot_BBH66151.1_2836	iYL1228.KPN_03125	45.6	147	73	4	120	262	8	151	5.97e-30	114
lcl|AP019371.1_prot_BBH66151.1_2836	iHN637.CLJU_RS20535	39.2	153	87	2	116	265	229	378	2.95e-28	113
lcl|AP019371.1_prot_BBH66151.1_2836	iSynCJ816.SGL_RS04290	49.6	119	56	2	120	237	15	130	3.58e-29	112
lcl|AP019371.1_prot_BBH66151.1_2836	STM_v1_0.STM2954	44.9	147	74	4	120	262	11	154	6.52e-29	111
lcl|AP019371.1_prot_BBH66156.1_2841	iEK1008.Rv1023	71.5	425	119	2	1	424	1	424	8.20e-211	586
lcl|AP019371.1_prot_BBH66156.1_2841	iCN900.CD630_31700	63.8	425	150	2	1	421	1	425	1.07e-187	528
lcl|AP019371.1_prot_BBH66159.1_2844	iEK1008.Rv2747	63.2	163	57	2	2	162	11	172	1.98e-64	194
lcl|AP019371.1_prot_BBH66160.1_2845	iCN900.CD630_34910	34.7	297	193	1	1	296	1	297	1.09e-53	177
lcl|AP019371.1_prot_BBH66170.1_2855	iEK1008.Rv1854c	29.0	442	274	13	2	425	10	429	1.53e-40	150
lcl|AP019371.1_prot_BBH66170.1_2855	iYO844.BSU32100	29.0	397	256	10	1	389	3	381	1.06e-40	149
lcl|AP019371.1_prot_BBH66170.1_2855	iYS854.USA300HOU_RS04665	28.9	395	250	11	5	389	7	380	1.16e-35	135
lcl|AP019371.1_prot_BBH66173.1_2858	iEK1008.Rv1074c	71.5	414	109	1	1	414	1	405	2.08e-211	586
lcl|AP019371.1_prot_BBH66177.1_2862	iEK1008.Rv1077	70.3	458	130	3	1	452	1	458	7.48e-229	634
lcl|AP019371.1_prot_BBH66183.1_2868	iAF987.Gmet_1092	34.3	207	115	2	78	268	72	273	3.30e-30	115
lcl|AP019371.1_prot_BBH66192.1_2877	iMM904.YDR305C	31.9	113	74	2	28	137	36	148	5.60e-11	57.8
lcl|AP019371.1_prot_BBH66193.1_2878	iEK1008.Rv1079	65.2	374	129	1	13	386	16	388	4.74e-168	474
lcl|AP019371.1_prot_BBH66194.1_2879	iEK1008.Rv1263	40.1	464	250	9	1	446	1	454	4.54e-79	252
lcl|AP019371.1_prot_BBH66194.1_2879	iEK1008.Rv2363	38.6	438	248	9	27	446	39	473	2.98e-70	230
lcl|AP019371.1_prot_BBH66195.1_2880	iLJ478.TM0356	45.8	402	216	1	3	404	1	400	2.48e-106	319
lcl|AP019371.1_prot_BBH66195.1_2880	iCN900.CD630_25140	44.4	399	221	1	4	401	4	402	4.17e-100	303
lcl|AP019371.1_prot_BBH66195.1_2880	iAF987.Gmet_3072	46.2	398	209	2	9	404	7	401	5.37e-100	303
lcl|AP019371.1_prot_BBH66195.1_2880	iHN637.CLJU_RS07395	43.2	398	223	1	4	401	5	399	1.99e-97	296
lcl|AP019371.1_prot_BBH66198.1_2883	iEK1008.Rv1082	57.7	284	119	1	4	286	3	286	2.72e-119	343
lcl|AP019371.1_prot_BBH66200.1_2885	iAF987.Gmet_0782	35.2	438	265	8	390	822	305	728	2.93e-63	226
lcl|AP019371.1_prot_BBH66200.1_2885	iAF987.Gmet_3085	31.7	505	315	9	319	818	404	883	3.21e-62	226
lcl|AP019371.1_prot_BBH66200.1_2885	iJN1463.PP_3581	35.9	434	262	6	388	818	264	684	5.97e-61	219
lcl|AP019371.1_prot_BBH66200.1_2885	iAF987.Gmet_0700	35.4	426	254	9	390	809	398	808	2.40e-58	213
lcl|AP019371.1_prot_BBH66200.1_2885	iAF987.Gmet_0957	34.4	448	265	10	384	818	188	619	3.93e-58	209
lcl|AP019371.1_prot_BBH66200.1_2885	iJN1463.PP_1144	32.3	436	280	4	390	822	293	716	4.39e-57	209
lcl|AP019371.1_prot_BBH66200.1_2885	iJN1463.PP_0914	31.7	435	280	6	390	820	263	684	4.84e-57	207
lcl|AP019371.1_prot_BBH66200.1_2885	iAF987.Gmet_0987	33.7	430	270	5	390	816	364	781	5.88e-56	206
lcl|AP019371.1_prot_BBH66200.1_2885	iYL1228.KPN_02455	35.0	432	252	7	386	810	184	593	8.61e-57	205
lcl|AP019371.1_prot_BBH66200.1_2885	iML1515.b1285	33.0	440	266	8	382	811	227	647	4.86e-56	204
lcl|AP019371.1_prot_BBH66201.1_2886	iEK1008.Rv3703c	31.0	310	130	18	606	901	183	422	8.57e-18	86.7
lcl|AP019371.1_prot_BBH66203.1_2888	iJN1463.PP_3376	34.9	281	171	7	51	326	38	311	2.50e-28	111
lcl|AP019371.1_prot_BBH66205.1_2890	iEK1008.Rv3276c	64.6	376	126	4	1	369	22	397	3.51e-161	458
lcl|AP019371.1_prot_BBH66206.1_2891	iEK1008.Rv3275c	72.8	158	43	0	3	160	8	165	1.27e-72	215
lcl|AP019371.1_prot_BBH66208.1_2893	iEK1008.Rv3274c	65.8	380	130	0	4	383	10	389	1.79e-172	486
lcl|AP019371.1_prot_BBH66214.1_2899	iYS854.USA300HOU_RS13930	28.4	169	88	5	2	148	14	171	7.51e-09	57.0
lcl|AP019371.1_prot_BBH66215.1_2900	iEK1008.Rv2713	28.5	235	150	8	60	287	109	332	3.22e-07	51.6
lcl|AP019371.1_prot_BBH66215.1_2900	iCN718.ABAYE_RS05795	26.0	288	185	11	3	274	72	347	7.37e-07	50.4
lcl|AP019371.1_prot_BBH66215.1_2900	iYO844.BSU32200	25.7	187	126	4	123	309	136	309	3.39e-06	48.1
lcl|AP019371.1_prot_BBH66219.1_2904	iMM1415.14466	23.1	442	282	15	75	481	94	512	1.28e-17	85.9
lcl|AP019371.1_prot_BBH66219.1_2904	iCHOv1.100756635	23.2	440	284	17	75	481	94	512	6.68e-16	80.5
lcl|AP019371.1_prot_BBH66221.1_2906	iSynCJ816.SGL_RS17805	39.4	368	218	3	13	380	26	388	1.33e-72	232
lcl|AP019371.1_prot_BBH66222.1_2907	iYO844.BSU03070	21.4	379	251	10	51	406	51	405	1.50e-05	47.0
lcl|AP019371.1_prot_BBH66222.1_2907	iYL1228.KPN_03376	28.1	153	107	1	29	178	34	186	2.50e-05	46.2
lcl|AP019371.1_prot_BBH66222.1_2907	iSF_1195.SF2934	28.1	153	107	1	29	178	21	173	2.46e-05	46.2
lcl|AP019371.1_prot_BBH66222.1_2907	iML1515.b2943	28.1	153	107	1	29	178	34	186	4.36e-05	45.4
lcl|AP019371.1_prot_BBH66222.1_2907	iSbBS512_1146.SbBS512_E3375	28.1	153	107	1	29	178	34	186	4.36e-05	45.4
lcl|AP019371.1_prot_BBH66222.1_2907	iSDY_1059.SDY_3129	28.1	153	107	1	29	178	34	186	4.36e-05	45.4
lcl|AP019371.1_prot_BBH66222.1_2907	iSSON_1240.SSON_3097	28.1	153	107	1	29	178	34	186	4.36e-05	45.4
lcl|AP019371.1_prot_BBH66222.1_2907	STM_v1_0.STM3091	28.1	153	107	1	29	178	34	186	1.76e-04	43.5
lcl|AP019371.1_prot_BBH66224.1_2909	iCHOv1.100755154	32.6	141	95	0	4	144	161	301	4.27e-20	84.7
lcl|AP019371.1_prot_BBH66224.1_2909	iAF987.Gmet_0769	36.8	144	89	1	13	156	6	147	7.34e-21	83.2
lcl|AP019371.1_prot_BBH66225.1_2910	iJN1463.PP_3071	44.8	654	330	10	8	641	4	646	3.28e-179	523
lcl|AP019371.1_prot_BBH66227.1_2912	iJN1463.PP_1801	32.0	291	182	7	97	379	95	377	7.25e-27	109
lcl|AP019371.1_prot_BBH66228.1_2913	iAF987.Gmet_1104	42.3	366	191	9	8	367	1	352	1.22e-85	263
lcl|AP019371.1_prot_BBH66228.1_2913	iCN900.CD630_27790	38.0	368	212	7	8	372	3	357	6.13e-77	241
lcl|AP019371.1_prot_BBH66230.1_2915	iEK1008.Rv3262	52.2	276	121	2	2	276	11	276	2.47e-84	260
lcl|AP019371.1_prot_BBH66231.1_2916	iEK1008.Rv3261	54.3	328	134	4	1	314	1	326	2.09e-120	348
lcl|AP019371.1_prot_BBH66233.1_2918	iEK1008.Rv1173	60.2	402	148	5	1	391	30	430	8.79e-160	470
lcl|AP019371.1_prot_BBH66237.1_2922	iMM904.YLR308W	25.4	169	120	3	117	285	123	285	1.72e-13	69.3
lcl|AP019371.1_prot_BBH66239.1_2924	iEK1008.Rv0458	75.5	507	124	0	1	507	1	507	2.72e-291	796
lcl|AP019371.1_prot_BBH66239.1_2924	iCN718.ABAYE_RS07685	68.5	504	156	1	4	507	3	503	5.47e-262	722
lcl|AP019371.1_prot_BBH66242.1_2927	iEK1008.Rv3257c	61.7	439	155	7	4	439	8	436	3.78e-183	519
lcl|AP019371.1_prot_BBH66245.1_2930	iCN900.CD630_35200	21.5	246	178	3	4	249	6	236	3.45e-09	56.6
lcl|AP019371.1_prot_BBH66245.1_2930	iCN900.CD630_28320	23.1	294	188	9	17	299	38	304	2.04e-08	54.7
lcl|AP019371.1_prot_BBH66246.1_2931	iEK1008.Rv3255c	46.7	364	178	8	6	353	4	367	1.96e-85	265
lcl|AP019371.1_prot_BBH66248.1_2933	iEK1008.Rv3248c	71.3	477	134	3	6	480	20	495	8.15e-248	685
lcl|AP019371.1_prot_BBH66251.1_2936	iAF987.Gmet_1706	38.7	119	66	3	4	118	2	117	9.39e-18	80.1
lcl|AP019371.1_prot_BBH66251.1_2936	iAF987.Gmet_0069	36.6	123	73	2	1	118	1	123	2.06e-16	76.3
lcl|AP019371.1_prot_BBH66251.1_2936	iAF987.Gmet_2999	31.9	116	76	1	5	117	10	125	7.36e-16	75.1
lcl|AP019371.1_prot_BBH66252.1_2937	iAF987.Gmet_0043	25.5	263	187	4	270	525	6	266	1.48e-11	66.6
lcl|AP019371.1_prot_BBH66260.1_2945	iCN900.CD630_08680	33.3	66	39	2	10	75	11	71	1.38e-04	37.7
lcl|AP019371.1_prot_BBH66263.1_2948	iEK1008.Rv1187	64.4	542	192	1	1	542	1	541	2.86e-245	683
lcl|AP019371.1_prot_BBH66266.1_2951	iJN1463.PP_0220	41.0	200	117	1	1	199	50	249	8.40e-48	160
lcl|AP019371.1_prot_BBH66266.1_2951	iCN900.CD630_19470	44.8	201	108	3	1	199	29	228	4.42e-49	159
lcl|AP019371.1_prot_BBH66266.1_2951	iYO844.BSU32750	41.6	202	117	1	1	201	21	222	2.44e-47	158
lcl|AP019371.1_prot_BBH66266.1_2951	iPC815.YPO1073	41.0	200	117	1	1	199	21	220	7.14e-47	157
lcl|AP019371.1_prot_BBH66266.1_2951	iYO844.BSU30420	41.9	186	106	2	1	184	25	210	5.45e-48	156
lcl|AP019371.1_prot_BBH66266.1_2951	iYL1228.KPN_00213	41.5	200	116	1	1	199	21	220	1.99e-46	155
lcl|AP019371.1_prot_BBH66266.1_2951	iML1515.b0199	41.5	200	116	1	1	199	21	220	2.81e-46	155
lcl|AP019371.1_prot_BBH66266.1_2951	iSbBS512_1146.SbBS512_E0193	41.5	200	116	1	1	199	21	220	3.95e-46	155
lcl|AP019371.1_prot_BBH66266.1_2951	iSSON_1240.SSON_0213	41.5	200	116	1	1	199	21	220	3.95e-46	155
lcl|AP019371.1_prot_BBH66266.1_2951	iYS854.USA300HOU_RS02325	39.5	200	120	1	1	199	21	220	3.77e-46	155
lcl|AP019371.1_prot_BBH66266.1_2951	STM_v1_0.STM0247	41.5	200	116	1	1	199	21	220	7.83e-46	154
lcl|AP019371.1_prot_BBH66266.1_2951	iSDY_1059.SDY_0218	41.0	200	117	1	1	199	21	220	7.83e-46	154
lcl|AP019371.1_prot_BBH66266.1_2951	iCN900.CD630_14890	40.5	200	118	1	1	199	17	216	6.56e-46	154
lcl|AP019371.1_prot_BBH66266.1_2951	iSF_1195.SF0190	41.5	200	116	1	1	199	21	220	1.55e-45	153
lcl|AP019371.1_prot_BBH66266.1_2951	iSDY_1059.SDY_0787	41.7	204	113	3	1	201	17	217	6.33e-46	151
lcl|AP019371.1_prot_BBH66266.1_2951	iML1515.b0809	41.7	204	113	3	1	201	17	217	1.26e-45	150
lcl|AP019371.1_prot_BBH66266.1_2951	iSbBS512_1146.SbBS512_E2539	41.7	204	113	3	1	201	17	217	1.26e-45	150
lcl|AP019371.1_prot_BBH66266.1_2951	iSSON_1240.SSON_0789	41.7	204	113	3	1	201	17	217	1.26e-45	150
lcl|AP019371.1_prot_BBH66266.1_2951	iYL1228.KPN_00838	41.7	204	113	3	1	201	17	217	2.52e-45	150
lcl|AP019371.1_prot_BBH66266.1_2951	iYS854.USA300HOU_RS04405	38.5	200	122	1	1	199	21	220	4.52e-44	149
lcl|AP019371.1_prot_BBH66266.1_2951	iIT341.HP1576	41.5	200	116	1	1	199	19	218	6.49e-44	149
lcl|AP019371.1_prot_BBH66266.1_2951	iJN1463.PP_0114	38.3	201	122	2	1	199	21	221	1.55e-43	148
lcl|AP019371.1_prot_BBH66266.1_2951	iSF_1195.SF0760	41.2	204	114	3	1	201	17	217	1.42e-44	148
lcl|AP019371.1_prot_BBH66266.1_2951	STM_v1_0.STM0828	41.2	204	114	3	1	201	17	217	2.83e-44	147
lcl|AP019371.1_prot_BBH66266.1_2951	iCN900.CD630_35300	39.0	200	116	2	1	199	19	213	3.93e-43	147
lcl|AP019371.1_prot_BBH66266.1_2951	iPC815.YPO2514	40.6	202	118	2	1	201	17	217	4.00e-44	147
lcl|AP019371.1_prot_BBH66266.1_2951	iYO844.BSU23960	38.6	202	122	2	1	201	17	217	1.13e-43	145
lcl|AP019371.1_prot_BBH66266.1_2951	iCN900.CD630_35270	37.0	200	120	2	1	199	19	213	3.05e-42	144
lcl|AP019371.1_prot_BBH66268.1_2953	iAF987.Gmet_1350	39.3	112	64	1	261	372	86	193	5.00e-14	70.9
lcl|AP019371.1_prot_BBH66268.1_2953	iML1515.b1856	35.4	144	83	4	243	383	272	408	1.69e-12	68.2
lcl|AP019371.1_prot_BBH66273.1_2958	iEK1008.Rv0535	56.2	260	110	2	10	268	8	264	1.94e-102	298
lcl|AP019371.1_prot_BBH66286.1_2971	iCHOv1.100772122	28.4	349	192	13	8	332	22	336	5.32e-13	70.1
lcl|AP019371.1_prot_BBH66286.1_2971	iMM1415.80879	28.7	349	191	14	8	332	22	336	1.67e-12	68.6
lcl|AP019371.1_prot_BBH66286.1_2971	iAT_PLT_636.9123	28.1	352	185	15	8	332	22	332	5.17e-12	67.0
lcl|AP019371.1_prot_BBH66286.1_2971	iMM1415.57274	26.7	409	257	14	8	399	19	401	9.36e-11	63.2
lcl|AP019371.1_prot_BBH66289.1_2974	iAF987.Gmet_2629	39.6	437	257	6	114	545	373	807	2.52e-98	316
lcl|AP019371.1_prot_BBH66289.1_2974	iAF987.Gmet_0957	41.3	441	252	6	115	549	184	623	1.59e-96	306
lcl|AP019371.1_prot_BBH66289.1_2974	iAF987.Gmet_3085	39.2	475	277	7	82	545	410	883	1.04e-93	305
lcl|AP019371.1_prot_BBH66289.1_2974	iAF987.Gmet_0987	40.5	437	254	5	114	545	348	783	4.89e-93	301
lcl|AP019371.1_prot_BBH66289.1_2974	iAF987.Gmet_0700	39.8	437	257	5	114	545	382	817	1.75e-90	295
lcl|AP019371.1_prot_BBH66302.1_2987	iAF987.Gmet_1694	36.0	247	145	5	2	244	6	243	5.70e-25	99.0
lcl|AP019371.1_prot_BBH66302.1_2987	iJN1463.PP_2794	35.0	246	141	6	5	244	17	249	2.74e-21	89.4
lcl|AP019371.1_prot_BBH66305.1_2990	iJN1463.PP_1761	29.8	567	345	17	26	556	266	815	2.32e-49	182
lcl|AP019371.1_prot_BBH66311.1_2996	iYL1228.KPN_01663	30.7	339	219	9	3	329	1	335	2.55e-28	113
lcl|AP019371.1_prot_BBH66311.1_2996	iCN718.ABAYE_RS01180	27.8	345	235	8	3	334	1	344	3.31e-27	110
lcl|AP019371.1_prot_BBH66312.1_2997	iEK1008.Rv3043c	71.4	538	154	0	10	547	13	550	2.70e-298	820
lcl|AP019371.1_prot_BBH66317.1_3002	iEK1008.Rv2043c	64.4	180	63	1	3	182	2	180	1.38e-74	222
lcl|AP019371.1_prot_BBH66318.1_3003	iEK1008.Rv1330c	59.8	428	161	3	8	426	22	447	1.06e-165	473
lcl|AP019371.1_prot_BBH66321.1_3006	iEK1008.Rv1334	68.9	135	42	0	18	152	10	144	2.03e-63	191
lcl|AP019371.1_prot_BBH66323.1_3008	iEK1008.Rv1336	70.6	323	93	1	1	321	1	323	1.48e-160	450
lcl|AP019371.1_prot_BBH66326.1_3011	iEK1008.Rv3032	28.1	384	239	12	1	352	1	379	1.25e-15	77.8
lcl|AP019371.1_prot_BBH66326.1_3011	iEK1008.Rv0486	30.9	249	140	8	134	363	206	441	8.93e-14	72.4
lcl|AP019371.1_prot_BBH66327.1_3012	iCN900.CD630_33080	50.8	240	115	1	1	240	1	237	1.68e-75	235
lcl|AP019371.1_prot_BBH66328.1_3013	iAF987.Gmet_1875	42.9	196	108	1	5	200	4	195	7.81e-47	152
lcl|AP019371.1_prot_BBH66328.1_3013	iYL1228.KPN_03388	44.7	197	102	3	4	198	3	194	4.57e-46	150
lcl|AP019371.1_prot_BBH66328.1_3013	STM_v1_0.STM3103	45.0	191	98	3	4	192	3	188	6.46e-46	150
lcl|AP019371.1_prot_BBH66328.1_3013	iSbBS512_1146.SbBS512_E3386	45.5	191	97	3	4	192	3	188	9.15e-46	149
lcl|AP019371.1_prot_BBH66328.1_3013	iSF_1195.SF2945	45.5	191	97	3	4	192	3	188	9.15e-46	149
lcl|AP019371.1_prot_BBH66328.1_3013	iSSON_1240.SSON_3108	45.5	191	97	3	4	192	3	188	1.83e-45	149
lcl|AP019371.1_prot_BBH66328.1_3013	iPC815.YPO0945	45.1	193	95	4	4	192	3	188	2.08e-44	146
lcl|AP019371.1_prot_BBH66328.1_3013	iML1515.b2954	44.5	191	99	3	4	192	3	188	4.16e-44	145
lcl|AP019371.1_prot_BBH66328.1_3013	iSDY_1059.SDY_3118	44.0	191	100	3	4	192	3	188	2.35e-43	143
lcl|AP019371.1_prot_BBH66329.1_3014	iYL1228.KPN_00796	47.4	439	226	4	25	461	26	461	2.31e-113	344
lcl|AP019371.1_prot_BBH66329.1_3014	STM_v1_0.STM0791	46.7	486	247	6	20	500	21	499	6.13e-113	343
lcl|AP019371.1_prot_BBH66329.1_3014	iHN637.CLJU_RS10535	44.9	445	240	4	13	457	14	453	3.96e-111	338
lcl|AP019371.1_prot_BBH66329.1_3014	iCN718.ABAYE_RS00935	46.1	477	245	7	24	495	24	493	1.14e-108	332
lcl|AP019371.1_prot_BBH66329.1_3014	iJN1463.PP_5032	46.9	439	227	5	24	460	25	459	1.05e-105	325
lcl|AP019371.1_prot_BBH66330.1_3015	iYO844.BSU39370	36.4	404	231	8	4	381	8	411	6.09e-67	217
lcl|AP019371.1_prot_BBH66330.1_3015	iJN1463.PP_5030	39.7	383	214	7	14	379	14	396	7.15e-67	216
lcl|AP019371.1_prot_BBH66330.1_3015	iCN718.ABAYE_RS00945	38.0	384	213	8	17	379	17	396	3.95e-62	204
lcl|AP019371.1_prot_BBH66330.1_3015	iHN637.CLJU_RS10540	33.8	385	228	7	20	381	28	408	1.26e-60	201
lcl|AP019371.1_prot_BBH66331.1_3016	iJN1463.PP_5036	35.9	398	233	10	1	378	44	439	6.40e-58	195
lcl|AP019371.1_prot_BBH66332.1_3017	STM_v1_0.STM0527	31.8	393	250	7	11	385	16	408	2.32e-49	171
lcl|AP019371.1_prot_BBH66332.1_3017	iYL1228.KPN_01761	35.8	352	201	9	47	376	60	408	8.76e-44	156
lcl|AP019371.1_prot_BBH66332.1_3017	iML1515.b0516	30.5	393	255	7	11	385	16	408	1.04e-43	156
lcl|AP019371.1_prot_BBH66333.1_3018	iYS854.USA300HOU_RS12615	61.4	546	206	2	1	541	1	546	1.32e-241	674
lcl|AP019371.1_prot_BBH66333.1_3018	iYO844.BSU39360	63.6	527	191	1	4	529	8	534	2.97e-240	671
lcl|AP019371.1_prot_BBH66333.1_3018	iCN718.ABAYE_RS00930	60.8	544	208	2	3	541	12	555	3.14e-229	643
lcl|AP019371.1_prot_BBH66333.1_3018	iYL1228.KPN_00795	59.4	544	216	2	3	541	10	553	9.09e-225	632
lcl|AP019371.1_prot_BBH66333.1_3018	iJN1463.PP_5033	60.2	528	209	1	3	529	11	538	3.56e-223	627
lcl|AP019371.1_prot_BBH66338.1_3023	iPC815.YPO3064	48.2	141	73	0	7	147	5	145	1.25e-45	146
lcl|AP019371.1_prot_BBH66338.1_3023	iML1515.b2480	48.2	141	73	0	7	147	4	144	2.44e-45	145
lcl|AP019371.1_prot_BBH66338.1_3023	iSbBS512_1146.SbBS512_E2852	48.2	141	73	0	7	147	4	144	2.44e-45	145
lcl|AP019371.1_prot_BBH66338.1_3023	iSDY_1059.SDY_2669	48.2	141	73	0	7	147	4	144	2.44e-45	145
lcl|AP019371.1_prot_BBH66338.1_3023	iSF_1195.SF2523	48.2	141	73	0	7	147	4	144	2.44e-45	145
lcl|AP019371.1_prot_BBH66338.1_3023	iSSON_1240.SSON_2561	48.2	141	73	0	7	147	4	144	2.44e-45	145
lcl|AP019371.1_prot_BBH66338.1_3023	iYL1228.KPN_02814	48.2	141	73	0	7	147	4	144	4.90e-45	144
lcl|AP019371.1_prot_BBH66339.1_3024	iHN637.CLJU_RS10460	34.2	73	43	2	17	89	16	83	1.04e-04	39.3
lcl|AP019371.1_prot_BBH66345.1_3030	iYO844.BSU03950	24.9	374	253	11	24	380	23	385	7.61e-17	83.2
lcl|AP019371.1_prot_BBH66357.1_3042	iMM904.YLR307W	30.9	123	81	2	35	157	113	231	4.19e-11	62.4
lcl|AP019371.1_prot_BBH66360.1_3045	iML1515.b3713	34.4	93	58	1	3	92	6	98	1.46e-08	52.4
lcl|AP019371.1_prot_BBH66361.1_3046	iMM1415.75612	34.4	471	269	14	1	438	44	507	1.03e-71	235
lcl|AP019371.1_prot_BBH66361.1_3046	iCHOv1.100770659	34.7	441	255	12	26	438	2	437	3.09e-70	229
lcl|AP019371.1_prot_BBH66363.1_3048	iEK1008.Rv3518c	37.2	401	228	7	3	395	6	390	9.16e-64	209
lcl|AP019371.1_prot_BBH66366.1_3051	iCN718.ABAYE_RS14915	32.7	248	148	7	3	241	6	243	7.73e-31	114
lcl|AP019371.1_prot_BBH66366.1_3051	iCN718.ABAYE_RS11380	33.5	245	147	7	3	238	6	243	1.42e-26	102
lcl|AP019371.1_prot_BBH66369.1_3054	iJN1463.PP_3581	37.5	232	114	5	260	482	210	419	5.04e-27	114
lcl|AP019371.1_prot_BBH66369.1_3054	iAF987.Gmet_2629	42.4	158	82	3	328	476	380	537	1.07e-26	114
lcl|AP019371.1_prot_BBH66369.1_3054	iAF987.Gmet_3085	42.4	170	86	4	322	480	448	616	2.75e-26	112
lcl|AP019371.1_prot_BBH66369.1_3054	iAF987.Gmet_1706	35.7	196	112	5	295	480	114	305	7.21e-25	104
lcl|AP019371.1_prot_BBH66369.1_3054	iAF987.Gmet_0987	41.4	162	84	4	322	473	349	509	2.51e-23	103
lcl|AP019371.1_prot_BBH66375.1_3060	iJN1463.PP_2802	28.2	355	219	11	45	386	14	345	6.22e-12	67.4
lcl|AP019371.1_prot_BBH66378.1_3063	iLJ478.TM1751	27.1	255	162	8	4	248	15	255	1.21e-17	83.6
lcl|AP019371.1_prot_BBH66380.1_3065	iLJ478.TM0076	28.9	893	432	28	6	828	3	762	2.35e-71	252
lcl|AP019371.1_prot_BBH66381.1_3066	iCN900.CD630_21940	25.1	243	171	6	5	236	12	254	2.31e-07	52.0
lcl|AP019371.1_prot_BBH66381.1_3066	iYO844.BSU24850	29.1	196	115	6	139	313	69	261	1.03e-06	49.7
lcl|AP019371.1_prot_BBH66381.1_3066	iNF517.LLMG_RS11535	23.7	219	139	6	135	328	67	282	4.33e-06	47.8
lcl|AP019371.1_prot_BBH66383.1_3068	iYO844.BSU28740	31.7	246	164	3	80	323	70	313	3.71e-29	113
lcl|AP019371.1_prot_BBH66384.1_3069	iEK1008.Rv2834c	28.8	222	136	4	81	299	73	275	6.21e-20	87.0
lcl|AP019371.1_prot_BBH66384.1_3069	iJN1463.PP_1017	28.3	293	181	8	13	299	12	281	1.21e-18	83.6
lcl|AP019371.1_prot_BBH66384.1_3069	iYO844.BSU28730	25.1	275	181	6	30	299	27	281	1.11e-17	80.9
lcl|AP019371.1_prot_BBH66384.1_3069	iYS854.USA300HOU_RS01105	32.6	224	121	7	84	299	78	279	1.09e-17	80.9
lcl|AP019371.1_prot_BBH66384.1_3069	iPC815.YPO3794	28.4	208	128	3	89	293	88	277	1.53e-17	80.5
lcl|AP019371.1_prot_BBH66384.1_3069	iEK1008.Rv2317	27.3	293	187	7	10	298	4	274	4.94e-17	79.0
lcl|AP019371.1_prot_BBH66387.1_3072	iYO844.BSU34130	33.7	611	380	10	1	590	16	622	6.14e-108	340
lcl|AP019371.1_prot_BBH66389.1_3074	iCHOv1.100760306	25.3	446	270	14	7	408	42	468	1.72e-29	119
lcl|AP019371.1_prot_BBH66391.1_3076	iAF987.Gmet_2999	33.8	80	53	0	3	82	9	88	5.16e-05	43.9
lcl|AP019371.1_prot_BBH66391.1_3076	iAF987.Gmet_1919	34.6	81	51	1	3	83	4	82	8.99e-05	43.1
lcl|AP019371.1_prot_BBH66391.1_3076	iAF987.Gmet_1914	31.5	73	50	0	1	73	1	73	1.83e-04	42.4
lcl|AP019371.1_prot_BBH66391.1_3076	iAF987.Gmet_0043	36.4	77	49	0	4	80	280	356	8.22e-04	40.4
lcl|AP019371.1_prot_BBH66392.1_3077	iJN1463.PP_3581	37.6	197	111	9	16	206	13	203	6.22e-19	87.4
lcl|AP019371.1_prot_BBH66395.1_3080	iEK1008.Rv1239c	43.4	362	191	7	9	359	8	366	1.84e-86	265
lcl|AP019371.1_prot_BBH66397.1_3082	iEK1008.Rv2936	40.5	294	161	5	27	308	24	315	2.55e-58	190
lcl|AP019371.1_prot_BBH66400.1_3085	iPC815.YPO1022	35.6	59	34	1	85	143	359	413	2.67e-05	43.1
lcl|AP019371.1_prot_BBH66400.1_3085	iEK1008.Rv0819	35.4	79	41	2	83	151	230	308	1.45e-04	40.8
lcl|AP019371.1_prot_BBH66400.1_3085	iJN1463.PP_4846	31.0	58	40	0	89	146	85	142	3.99e-04	38.9
lcl|AP019371.1_prot_BBH66402.1_3087	iMM1415.15212	25.6	425	261	15	86	479	120	520	1.77e-28	118
lcl|AP019371.1_prot_BBH66403.1_3088	iMM1415.13077	32.8	122	72	3	265	379	365	483	8.63e-11	63.2
lcl|AP019371.1_prot_BBH66403.1_3088	iMM1415.56388	35.5	110	65	3	262	366	352	460	3.52e-10	61.2
lcl|AP019371.1_prot_BBH66403.1_3088	iMM1415.100041375	31.0	126	80	3	264	386	306	427	7.59e-10	60.1
lcl|AP019371.1_prot_BBH66403.1_3088	iMM1415.13117	27.7	173	95	8	234	386	326	488	1.94e-09	58.9
lcl|AP019371.1_prot_BBH66403.1_3088	iCHOv1.100766524	32.8	128	75	5	264	386	354	475	4.50e-09	57.8
lcl|AP019371.1_prot_BBH66403.1_3088	iCHOv1.100767149	30.9	136	83	5	265	398	371	497	6.02e-09	57.4
lcl|AP019371.1_prot_BBH66403.1_3088	iMM1415.21391	31.7	120	74	4	265	380	392	507	6.19e-09	57.4
lcl|AP019371.1_prot_BBH66403.1_3088	iCHOv1.100767921	27.4	175	98	7	226	398	347	494	7.95e-09	57.0
lcl|AP019371.1_prot_BBH66415.1_3100	iNF517.LLMG_RS12210	29.5	332	214	12	23	343	17	339	4.31e-19	86.7
lcl|AP019371.1_prot_BBH66417.1_3102	iAF987.Gmet_1639	32.6	307	162	5	77	341	9	312	6.09e-31	119
lcl|AP019371.1_prot_BBH66418.1_3103	iYO844.BSU17600	30.6	307	190	7	10	298	50	351	1.74e-28	115
lcl|AP019371.1_prot_BBH66419.1_3104	STM_v1_0.STM3660	35.3	411	236	11	6	395	4	405	3.42e-53	185
lcl|AP019371.1_prot_BBH66419.1_3104	iPC815.YPO4039	35.1	413	234	13	6	395	4	405	3.42e-53	185
lcl|AP019371.1_prot_BBH66419.1_3104	iML1515.b3564	34.5	411	239	11	6	395	4	405	6.80e-51	179
lcl|AP019371.1_prot_BBH66419.1_3104	iYL1228.KPN_03928	35.1	413	234	12	6	395	4	405	1.83e-50	178
lcl|AP019371.1_prot_BBH66419.1_3104	iSF_1195.SF3608	34.5	411	239	11	6	395	4	405	1.83e-50	178
lcl|AP019371.1_prot_BBH66419.1_3104	iLJ478.TM0116	31.4	446	268	14	1	418	1	436	4.12e-50	177
lcl|AP019371.1_prot_BBH66419.1_3104	iYL1228.KPN_02542	33.3	472	272	15	6	447	4	462	1.94e-49	175
lcl|AP019371.1_prot_BBH66419.1_3104	iSSON_1240.SSON_3821	34.7	412	237	12	6	395	4	405	8.09e-50	175
lcl|AP019371.1_prot_BBH66419.1_3104	iHN637.CLJU_RS08965	31.5	422	255	11	6	400	5	419	2.38e-46	167
lcl|AP019371.1_prot_BBH66424.1_3109	iAF987.Gmet_3221	29.4	269	179	5	68	334	47	306	1.63e-26	111
lcl|AP019371.1_prot_BBH66425.1_3110	iEK1008.Rv2471	49.8	544	241	11	2	538	26	544	1.21e-180	519
lcl|AP019371.1_prot_BBH66426.1_3111	iCHOv1.100764720	34.6	136	66	3	41	173	23	138	6.73e-10	56.6
lcl|AP019371.1_prot_BBH66427.1_3112	iJN1463.PP_3581	37.1	232	136	7	8	233	5	232	4.70e-25	105
lcl|AP019371.1_prot_BBH66432.1_3117	iAF692.Mbar_A1098	23.6	199	137	7	9	198	6	198	9.08e-05	42.0
lcl|AP019371.1_prot_BBH66433.1_3118	iLJ478.TM1724	32.1	234	138	4	1	214	10	242	5.05e-17	76.6
lcl|AP019371.1_prot_BBH66433.1_3118	iMM1415.14979	38.1	139	77	3	85	214	117	255	2.15e-15	72.4
lcl|AP019371.1_prot_BBH66435.1_3120	iML1515.b1655	39.6	106	51	5	211	303	139	244	6.33e-11	61.6
lcl|AP019371.1_prot_BBH66442.1_3127	iEK1008.Rv3592	77.6	98	22	0	1	98	1	98	1.64e-48	149
lcl|AP019371.1_prot_BBH66443.1_3128	iYO844.BSU03070	32.9	499	314	8	25	521	17	496	4.72e-85	272
lcl|AP019371.1_prot_BBH66449.1_3134	iCN718.ABAYE_RS02190	54.1	399	182	1	6	403	11	409	2.62e-148	426
lcl|AP019371.1_prot_BBH66449.1_3134	iJN1463.PP_5155	51.6	405	191	3	2	403	6	408	9.55e-141	407
lcl|AP019371.1_prot_BBH66453.1_3138	iJN1463.PP_4210	43.4	145	67	5	254	390	514	651	1.83e-16	80.9
lcl|AP019371.1_prot_BBH66454.1_3139	iJN1463.PP_4210	47.3	224	114	1	1	220	1	224	1.09e-58	195
lcl|AP019371.1_prot_BBH66454.1_3139	iCN900.CD630_19470	42.6	223	124	2	2	220	6	228	7.78e-56	177
lcl|AP019371.1_prot_BBH66457.1_3142	iAF987.Gmet_1914	32.1	112	76	0	2	113	3	114	5.89e-11	60.8
lcl|AP019371.1_prot_BBH66468.1_3153	iEK1008.Rv2152c	38.1	485	264	11	17	474	7	482	1.32e-76	248
lcl|AP019371.1_prot_BBH66473.1_3158	iEK1008.Rv2236c	54.0	298	133	2	6	302	10	304	2.90e-88	266
lcl|AP019371.1_prot_BBH66474.1_3159	iEK1008.Rv0255c	55.4	484	189	8	1	477	31	494	1.40e-162	468
lcl|AP019371.1_prot_BBH66476.1_3161	iCHOv1.100760626	31.5	416	250	11	42	426	41	452	1.09e-48	172
lcl|AP019371.1_prot_BBH66477.1_3162	iSSON_1240.SSON_0297	29.0	355	206	10	5	332	15	350	2.76e-26	111
lcl|AP019371.1_prot_BBH66477.1_3162	iML1515.b0347	29.1	358	202	11	5	332	15	350	1.63e-25	109
lcl|AP019371.1_prot_BBH66477.1_3162	iYL1228.KPN_02122	28.2	341	227	9	5	332	15	350	4.29e-23	102
lcl|AP019371.1_prot_BBH66482.1_3167	iEK1008.Rv2848c	44.4	450	234	7	7	447	6	448	1.85e-93	298
lcl|AP019371.1_prot_BBH66484.1_3169	iYL1228.KPN_03767	26.5	800	381	20	72	715	3	751	1.22e-49	186
lcl|AP019371.1_prot_BBH66484.1_3169	iML1515.b3396	26.9	798	379	23	72	715	50	797	9.99e-49	184
lcl|AP019371.1_prot_BBH66484.1_3169	iSynCJ816.SGL_RS05320	28.4	626	339	19	72	678	190	725	4.69e-49	184
lcl|AP019371.1_prot_BBH66484.1_3169	iSF_1195.SF3414	26.9	811	389	23	59	715	37	797	1.82e-48	183
lcl|AP019371.1_prot_BBH66484.1_3169	iSbBS512_1146.SbBS512_E3773	26.9	798	379	23	72	715	50	797	2.45e-48	182
lcl|AP019371.1_prot_BBH66484.1_3169	iSDY_1059.SDY_3682	26.9	798	379	23	72	715	58	805	2.56e-48	182
lcl|AP019371.1_prot_BBH66484.1_3169	iSSON_1240.SSON_3527	26.7	798	381	23	72	715	58	805	3.45e-48	182
lcl|AP019371.1_prot_BBH66484.1_3169	STM_v1_0.STM3493	26.7	798	381	22	72	715	58	805	6.73e-47	178
lcl|AP019371.1_prot_BBH66484.1_3169	iAF987.Gmet_1671	28.4	641	350	17	87	719	61	600	1.79e-47	178
lcl|AP019371.1_prot_BBH66484.1_3169	iAF987.Gmet_0354	27.8	744	396	23	72	716	70	771	1.11e-46	177
lcl|AP019371.1_prot_BBH66485.1_3170	iEK1008.Rv2231c	50.2	327	148	8	9	332	30	344	2.81e-80	249
lcl|AP019371.1_prot_BBH66486.1_3171	iAF987.Gmet_0467	48.0	350	180	2	1	349	1	349	1.01e-88	270
lcl|AP019371.1_prot_BBH66486.1_3171	iEK1008.Rv2207	50.6	338	164	2	14	350	11	346	8.43e-84	258
lcl|AP019371.1_prot_BBH66487.1_3172	iEK1008.Rv2847c	55.1	390	168	2	1	386	8	394	2.67e-132	385
lcl|AP019371.1_prot_BBH66488.1_3173	iEK1008.Rv3490	57.4	472	184	3	5	459	20	491	8.02e-193	545
lcl|AP019371.1_prot_BBH66490.1_3175	iCN900.CD630_04310	24.8	521	299	18	16	513	16	466	9.41e-23	101
lcl|AP019371.1_prot_BBH66497.1_3182	iML1515.b0808	26.9	320	207	5	43	343	420	731	4.10e-19	88.6
lcl|AP019371.1_prot_BBH66504.1_3189	iEK1008.Rv2467	49.9	860	402	12	6	845	5	855	2.72e-273	779
lcl|AP019371.1_prot_BBH66507.1_3192	iEK1008.Rv1399c	40.3	253	139	6	61	303	67	317	1.05e-42	149
lcl|AP019371.1_prot_BBH66507.1_3192	iEK1008.Rv2970c	36.7	294	161	11	29	303	86	373	1.19e-37	137
lcl|AP019371.1_prot_BBH66507.1_3192	iEK1008.Rv1400c	36.5	263	155	5	53	303	56	318	2.85e-37	134
lcl|AP019371.1_prot_BBH66508.1_3193	iEK1008.Rv2465c	59.4	155	63	0	1	155	4	158	5.92e-64	192
lcl|AP019371.1_prot_BBH66511.1_3196	iML1515.b3003	53.3	287	132	2	2	287	6	291	5.56e-95	281
lcl|AP019371.1_prot_BBH66512.1_3197	iEK1008.Rv3265c	30.8	221	115	7	23	205	12	232	3.33e-14	71.2
lcl|AP019371.1_prot_BBH66519.1_3204	iAT_PLT_636.4905	37.7	106	57	5	117	216	256	358	3.86e-06	48.9
lcl|AP019371.1_prot_BBH66519.1_3204	iMM1415.18195	37.7	106	57	5	117	216	256	358	3.86e-06	48.9
lcl|AP019371.1_prot_BBH66519.1_3204	iCN900.CD630_20200	23.1	368	193	14	41	384	534	835	4.87e-05	45.4
lcl|AP019371.1_prot_BBH66520.1_3205	iCN900.CD630_04870	36.9	263	163	2	2	263	5	265	4.77e-58	186
lcl|AP019371.1_prot_BBH66520.1_3205	iCHOv1.100756446	36.9	263	163	2	2	263	51	311	6.20e-55	179
lcl|AP019371.1_prot_BBH66520.1_3205	iLB1027_lipid.PHATRDRAFT_15536	37.4	281	151	6	1	257	18	297	1.93e-54	177
lcl|AP019371.1_prot_BBH66523.1_3208	iAF987.Gmet_0956	52.0	863	388	12	18	856	6	866	8.66e-301	851
lcl|AP019371.1_prot_BBH66523.1_3208	iLJ478.TM1817	49.0	871	419	13	18	873	4	864	9.12e-282	801
lcl|AP019371.1_prot_BBH66523.1_3208	iHN637.CLJU_RS17105	47.3	854	425	13	18	849	7	857	6.87e-270	772
lcl|AP019371.1_prot_BBH66524.1_3209	iEK1008.Rv2447c	52.4	456	197	5	7	442	29	484	4.68e-142	414
lcl|AP019371.1_prot_BBH66527.1_3212	iEK1008.Rv2445c	60.2	133	52	1	5	136	2	134	2.45e-50	156
lcl|AP019371.1_prot_BBH66530.1_3215	iYO844.BSU02750	43.6	202	114	0	26	227	14	215	3.60e-56	182
lcl|AP019371.1_prot_BBH66530.1_3215	iEK1008.Rv2936	37.6	327	186	7	4	325	5	318	3.07e-50	169
lcl|AP019371.1_prot_BBH66533.1_3218	iLB1027_lipid.PHATRDRAFT_29824	39.1	1060	538	21	10	979	2	1043	2.18e-236	702
lcl|AP019371.1_prot_BBH66533.1_3218	iMM904.YBL076C	39.2	1018	548	20	18	981	10	1010	1.90e-234	694
lcl|AP019371.1_prot_BBH66533.1_3218	iHN637.CLJU_RS00920	37.8	1026	586	20	21	1018	14	1015	2.67e-230	682
lcl|AP019371.1_prot_BBH66533.1_3218	iIS312.TCDM_03509	39.0	1024	548	23	21	989	99	1100	8.61e-223	666
lcl|AP019371.1_prot_BBH66534.1_3219	iEK1008.Rv2182c	48.6	218	104	4	5	217	3	217	8.32e-58	182
lcl|AP019371.1_prot_BBH66537.1_3222	iAF987.Gmet_0843	24.8	270	190	6	3	267	4	265	4.57e-20	86.7
lcl|AP019371.1_prot_BBH66546.1_3231	iML1515.b4173	28.7	171	112	6	159	327	197	359	1.76e-07	53.1
lcl|AP019371.1_prot_BBH66548.1_3233	iPC815.YPO0157	44.8	324	169	4	8	321	20	343	1.88e-82	253
lcl|AP019371.1_prot_BBH66548.1_3233	iYL1228.KPN_03755	44.1	324	171	4	8	321	8	331	7.39e-82	251
lcl|AP019371.1_prot_BBH66548.1_3233	iSDY_1059.SDY_3695	44.1	324	171	4	8	321	8	331	1.18e-80	248
lcl|AP019371.1_prot_BBH66548.1_3233	iSbBS512_1146.SbBS512_E3761	43.5	324	173	3	8	321	8	331	1.67e-80	247
lcl|AP019371.1_prot_BBH66548.1_3233	iSSON_1240.SSON_3515	43.8	324	172	4	8	321	8	331	6.70e-80	246
lcl|AP019371.1_prot_BBH66548.1_3233	iSF_1195.SF3402	43.8	324	172	4	8	321	8	331	9.47e-80	245
lcl|AP019371.1_prot_BBH66548.1_3233	STM_v1_0.STM3481	43.2	324	174	4	8	321	8	331	1.89e-79	244
lcl|AP019371.1_prot_BBH66548.1_3233	iCN900.CD630_26100	40.4	322	185	2	8	322	9	330	7.48e-76	235
lcl|AP019371.1_prot_BBH66548.1_3233	iSynCJ816.SGL_RS07690	40.5	333	186	4	1	321	1	333	4.26e-73	228
lcl|AP019371.1_prot_BBH66550.1_3235	iEK1008.Rv2467	43.2	862	451	18	1	831	3	856	6.16e-193	572
lcl|AP019371.1_prot_BBH66551.1_3236	iAF987.Gmet_1919	29.7	118	81	1	382	499	4	119	1.96e-09	58.9
lcl|AP019371.1_prot_BBH66552.1_3237	iEK1008.Rv2421c	64.6	192	59	3	1	184	1	191	1.23e-83	246
lcl|AP019371.1_prot_BBH66554.1_3239	iLJ478.TM1374	34.9	166	103	2	4	166	2	165	2.01e-18	79.3
lcl|AP019371.1_prot_BBH66554.1_3239	STM_v1_0.STM4585	33.9	180	109	4	4	178	3	177	5.09e-18	78.6
lcl|AP019371.1_prot_BBH66554.1_3239	iEK1008.Rv2228c	39.7	131	78	1	3	132	165	295	1.41e-16	76.6
lcl|AP019371.1_prot_BBH66554.1_3239	iSbBS512_1146.SbBS512_E4944	33.3	183	106	4	4	178	3	177	1.94e-16	74.3
lcl|AP019371.1_prot_BBH66554.1_3239	iSF_1195.SF4427	33.3	183	106	4	4	178	3	177	3.74e-16	73.6
lcl|AP019371.1_prot_BBH66554.1_3239	iSSON_1240.SSON_4545	33.3	183	106	4	4	178	3	177	3.74e-16	73.6
lcl|AP019371.1_prot_BBH66554.1_3239	iSDY_1059.SDY_4656	32.2	180	112	5	4	178	3	177	1.40e-15	72.0
lcl|AP019371.1_prot_BBH66556.1_3241	iYS854.USA300HOU_RS04050	31.2	279	188	4	1	276	1	278	1.33e-26	105
lcl|AP019371.1_prot_BBH66558.1_3243	iSynCJ816.SGL_RS09640	28.5	186	122	3	45	220	79	263	4.14e-16	75.9
lcl|AP019371.1_prot_BBH66566.1_3251	iAF987.Gmet_2094	36.5	104	51	1	6	109	2	90	9.63e-10	55.8
lcl|AP019371.1_prot_BBH66567.1_3252	iEK1008.Rv0684	25.7	499	233	14	15	393	8	488	4.36e-26	113
lcl|AP019371.1_prot_BBH66571.1_3256	iEK1008.Rv0971c	46.4	248	125	3	3	245	16	260	1.87e-57	183
lcl|AP019371.1_prot_BBH66572.1_3257	iEK1008.Rv2388c	56.3	373	156	3	30	399	6	374	4.38e-142	409
lcl|AP019371.1_prot_BBH66578.1_3263	iLJ478.TM0025	31.6	825	397	19	1	779	4	707	2.73e-106	342
lcl|AP019371.1_prot_BBH66579.1_3264	iML1515.b1103	47.3	112	57	2	33	142	6	117	6.02e-29	102
lcl|AP019371.1_prot_BBH66580.1_3265	iML1515.b0376	27.6	221	146	6	21	231	48	264	1.13e-11	65.9
lcl|AP019371.1_prot_BBH66580.1_3265	iSynCJ816.SGL_RS12260	24.0	279	186	9	22	277	53	328	1.60e-11	65.5
lcl|AP019371.1_prot_BBH66585.1_3270	iAF987.Gmet_2444	45.5	55	29	1	249	303	26	79	1.20e-05	47.8
lcl|AP019371.1_prot_BBH66589.1_3274	iEK1008.Rv2361c	65.7	233	80	0	20	252	64	296	3.27e-111	322
lcl|AP019371.1_prot_BBH66599.1_3284	iYS854.USA300HOU_RS12025	25.8	221	154	4	19	231	21	239	8.57e-09	54.7
lcl|AP019371.1_prot_BBH66600.1_3285	iYS854.USA300HOU_RS05360	33.9	449	273	11	24	464	22	454	1.62e-61	207
lcl|AP019371.1_prot_BBH66601.1_3286	iYS854.USA300HOU_RS05365	33.0	176	113	3	12	186	9	180	2.12e-19	81.3
lcl|AP019371.1_prot_BBH66602.1_3287	iEK1008.Rv3617	31.1	312	161	8	5	269	9	313	2.21e-33	123
lcl|AP019371.1_prot_BBH66607.1_3292	iAF987.Gmet_0493	38.6	259	156	1	1	256	4	262	2.10e-46	156
lcl|AP019371.1_prot_BBH66607.1_3292	iYO844.BSU02870	34.6	257	167	1	1	256	1	257	1.03e-41	144
lcl|AP019371.1_prot_BBH66608.1_3293	iYO844.BSU30760	38.5	218	132	1	5	222	4	219	1.24e-41	142
lcl|AP019371.1_prot_BBH66608.1_3293	iAF987.Gmet_0492	43.3	201	112	2	4	202	5	205	4.85e-39	136
lcl|AP019371.1_prot_BBH66608.1_3293	iYS854.USA300HOU_RS08305	39.3	201	121	1	1	200	7	207	2.16e-38	134
lcl|AP019371.1_prot_BBH66609.1_3294	iYO844.BSU02850	38.2	306	174	5	10	303	13	315	1.49e-58	190
lcl|AP019371.1_prot_BBH66613.1_3298	iEK1008.Rv2357c	70.5	454	133	1	6	458	9	462	1.84e-247	682
lcl|AP019371.1_prot_BBH66618.1_3303	iAF987.Gmet_3476	33.1	145	91	4	2	144	7	147	6.76e-09	54.7
lcl|AP019371.1_prot_BBH66618.1_3303	iAF987.Gmet_0069	32.2	115	76	1	7	119	5	119	7.43e-09	54.3
lcl|AP019371.1_prot_BBH66618.1_3303	iAF987.Gmet_1706	31.4	118	77	4	5	121	1	115	6.27e-08	51.6
lcl|AP019371.1_prot_BBH66628.1_3313	iEK1008.Rv2344c	52.3	396	177	5	4	389	19	412	5.33e-117	347
lcl|AP019371.1_prot_BBH66631.1_3316	iEK1008.Rv2936	35.3	292	180	3	19	301	24	315	4.77e-49	166
lcl|AP019371.1_prot_BBH66631.1_3316	iCHOv1.100761226	41.2	211	122	2	19	228	915	1124	6.43e-42	154
lcl|AP019371.1_prot_BBH66631.1_3316	iMM1415.11303	41.2	211	122	2	19	228	915	1124	6.42e-42	154
lcl|AP019371.1_prot_BBH66635.1_3320	iYO844.BSU24850	32.8	320	196	8	77	389	6	313	1.10e-40	146
lcl|AP019371.1_prot_BBH66635.1_3320	iHN637.CLJU_RS10220	31.0	310	205	3	80	387	9	311	1.11e-38	140
lcl|AP019371.1_prot_BBH66635.1_3320	iLJ478.TM1469	29.7	323	214	6	73	391	2	315	4.09e-37	136
lcl|AP019371.1_prot_BBH66635.1_3320	iAF987.Gmet_1639	32.4	318	198	6	77	387	8	315	3.46e-36	134
lcl|AP019371.1_prot_BBH66636.1_3321	iPC815.YPO3964	42.4	462	260	5	1	459	34	492	6.86e-110	334
lcl|AP019371.1_prot_BBH66636.1_3321	iCN900.CD630_03010	37.0	470	291	4	1	467	33	500	4.78e-106	324
lcl|AP019371.1_prot_BBH66636.1_3321	iSSON_1240.SSON_4410	39.7	463	273	4	4	462	40	500	4.89e-105	321
lcl|AP019371.1_prot_BBH66636.1_3321	iML1515.b4485	39.7	463	273	4	4	462	40	500	6.90e-105	321
lcl|AP019371.1_prot_BBH66636.1_3321	iSF_1195.SF4262	39.3	463	275	4	4	462	40	500	2.16e-103	317
lcl|AP019371.1_prot_BBH66636.1_3321	iYL1228.KPN_04623	39.3	463	275	4	4	462	40	500	3.05e-103	317
lcl|AP019371.1_prot_BBH66636.1_3321	iHN637.CLJU_RS00620	39.2	472	271	7	1	463	33	497	1.66e-102	315
lcl|AP019371.1_prot_BBH66636.1_3321	iPC815.YPO0958	41.2	464	259	7	1	457	33	489	2.34e-102	314
lcl|AP019371.1_prot_BBH66636.1_3321	iJN1463.PP_2455	39.9	469	266	6	4	463	46	507	8.33e-100	308
lcl|AP019371.1_prot_BBH66636.1_3321	iLJ478.TM0115	41.4	449	249	8	4	442	45	489	4.59e-98	304
lcl|AP019371.1_prot_BBH66636.1_3321	iYL1228.KPN_02587	38.2	445	267	6	1	440	26	467	1.13e-97	302
lcl|AP019371.1_prot_BBH66636.1_3321	iML1515.b2149	38.7	445	265	6	1	440	41	482	2.43e-97	301
lcl|AP019371.1_prot_BBH66636.1_3321	iSF_1195.SF2234	38.7	445	265	6	1	440	41	482	2.43e-97	301
lcl|AP019371.1_prot_BBH66636.1_3321	iSSON_1240.SSON_2205	38.7	445	265	6	1	440	41	482	2.43e-97	301
lcl|AP019371.1_prot_BBH66636.1_3321	iLJ478.TM0956	41.3	475	263	9	4	465	43	514	7.79e-97	301
lcl|AP019371.1_prot_BBH66637.1_3322	iHN637.CLJU_RS00625	40.9	303	171	4	29	330	22	317	1.55e-51	173
lcl|AP019371.1_prot_BBH66637.1_3322	iYO844.BSU35950	39.0	308	181	3	23	328	16	318	2.49e-49	167
lcl|AP019371.1_prot_BBH66637.1_3322	iCN900.CD630_15880	37.3	268	168	0	57	324	36	303	4.56e-48	164
lcl|AP019371.1_prot_BBH66637.1_3322	iPC815.YPO2499	38.8	273	167	0	58	330	56	328	6.49e-48	164
lcl|AP019371.1_prot_BBH66637.1_3322	iML1515.b3750	37.3	300	178	4	31	326	23	316	7.83e-47	160
lcl|AP019371.1_prot_BBH66637.1_3322	iNF517.LLMG_RS04065	35.6	303	185	3	31	330	14	309	2.49e-46	159
lcl|AP019371.1_prot_BBH66637.1_3322	iYL1228.KPN_04155	36.3	300	181	4	31	326	23	316	2.32e-45	157
lcl|AP019371.1_prot_BBH66638.1_3323	iLJ478.TM0958	28.6	287	188	5	64	344	44	319	1.34e-23	99.0
lcl|AP019371.1_prot_BBH66639.1_3324	iAF692.Mbar_A1138	29.4	211	125	6	5	215	2	188	1.83e-15	76.3
lcl|AP019371.1_prot_BBH66639.1_3324	iYL1228.KPN_00507	25.8	387	228	14	6	392	5	332	5.93e-14	72.0
lcl|AP019371.1_prot_BBH66643.1_3328	iYO844.BSU10140	29.3	174	109	5	9	173	8	176	1.16e-09	59.7
lcl|AP019371.1_prot_BBH66654.1_3339	iHN637.CLJU_RS13800	30.8	169	107	4	11	174	4	167	3.22e-09	58.9
lcl|AP019371.1_prot_BBH66655.1_3340	iJN1463.PP_4845	45.3	225	104	4	1	213	1	218	3.27e-52	168
lcl|AP019371.1_prot_BBH66655.1_3340	iSynCJ816.SGL_RS14500	43.1	218	116	4	1	211	1	217	4.30e-50	162
lcl|AP019371.1_prot_BBH66656.1_3341	iSynCJ816.SGL_RS13090	46.7	246	128	2	1	243	1	246	3.25e-65	207
lcl|AP019371.1_prot_BBH66656.1_3341	iJN1463.PP_4844	46.3	240	125	3	6	241	45	284	1.11e-59	190
lcl|AP019371.1_prot_BBH66657.1_3342	iJN1463.PP_4843	40.8	333	186	3	13	335	21	352	8.09e-73	230
lcl|AP019371.1_prot_BBH66657.1_3342	iSynCJ816.SGL_RS06015	40.8	333	180	6	15	332	32	362	1.94e-67	218
lcl|AP019371.1_prot_BBH66658.1_3343	iJN1463.PP_4842	43.8	288	156	2	10	291	205	492	1.60e-63	207
lcl|AP019371.1_prot_BBH66658.1_3343	iSynCJ816.SGL_RS06010	34.8	385	158	3	1	292	1	385	6.38e-61	197
lcl|AP019371.1_prot_BBH66659.1_3344	iSynCJ816.SGL_RS11810	52.7	389	165	7	52	424	53	438	3.88e-128	377
lcl|AP019371.1_prot_BBH66664.1_3349	iJN1463.PP_2794	36.5	192	107	5	3	181	11	200	1.80e-19	84.0
lcl|AP019371.1_prot_BBH66664.1_3349	iML1515.b1093	31.1	238	143	6	1	226	1	229	2.82e-17	77.8
lcl|AP019371.1_prot_BBH66664.1_3349	iSbBS512_1146.SbBS512_E2231	31.1	238	143	6	1	226	1	229	2.82e-17	77.8
lcl|AP019371.1_prot_BBH66664.1_3349	iSF_1195.SF1097	31.1	238	143	6	1	226	1	229	2.82e-17	77.8
lcl|AP019371.1_prot_BBH66664.1_3349	iSSON_1240.SSON_1113	31.1	238	143	6	1	226	1	229	2.82e-17	77.8
lcl|AP019371.1_prot_BBH66664.1_3349	STM_v1_0.STM1195	30.7	238	144	6	1	226	1	229	3.91e-17	77.4
lcl|AP019371.1_prot_BBH66664.1_3349	iSynCJ816.SGL_RS12965	31.3	198	117	5	1	180	1	197	6.72e-17	77.0
lcl|AP019371.1_prot_BBH66664.1_3349	iYL1228.KPN_01091	32.8	189	114	4	1	177	1	188	1.04e-16	76.3
lcl|AP019371.1_prot_BBH66667.1_3352	iSF_1195.SF0630	47.5	303	158	1	4	305	1	303	1.35e-87	264
lcl|AP019371.1_prot_BBH66667.1_3352	iSbBS512_1146.SbBS512_E0598	47.5	303	158	1	4	305	1	303	1.91e-87	264
lcl|AP019371.1_prot_BBH66667.1_3352	iML1515.b0651	47.2	303	159	1	4	305	1	303	5.41e-87	263
lcl|AP019371.1_prot_BBH66667.1_3352	iSSON_1240.SSON_0605	47.2	303	159	1	4	305	1	303	5.41e-87	263
lcl|AP019371.1_prot_BBH66667.1_3352	STM_v1_0.STM0661	46.9	303	160	1	4	305	1	303	2.48e-85	258
lcl|AP019371.1_prot_BBH66667.1_3352	iYL1228.KPN_01912	44.9	303	166	1	4	305	1	303	1.60e-83	254
lcl|AP019371.1_prot_BBH66669.1_3354	iSynCJ816.SGL_RS10960	52.4	82	39	0	35	116	8	89	1.22e-25	93.2
lcl|AP019371.1_prot_BBH66686.1_3371	iEK1008.Rv3302c	58.1	558	230	2	6	563	19	572	4.68e-215	609
lcl|AP019371.1_prot_BBH66687.1_3372	iEK1008.Rv3696c	63.1	498	167	4	4	484	16	513	3.74e-223	624
lcl|AP019371.1_prot_BBH66689.1_3374	iEK1008.Rv3696c	57.7	497	189	7	2	478	13	508	1.11e-189	538
lcl|AP019371.1_prot_BBH66689.1_3374	iLJ478.TM1430	53.0	481	212	6	4	471	2	481	1.35e-169	486
lcl|AP019371.1_prot_BBH66690.1_3375	iSynCJ816.SGL_RS17040	27.6	463	284	18	30	464	19	458	2.94e-30	124
lcl|AP019371.1_prot_BBH66690.1_3375	iEK1008.Rv2467	29.8	356	209	9	167	493	143	486	2.38e-27	115
lcl|AP019371.1_prot_BBH66692.1_3377	iCN900.CD630_07170	51.3	39	19	0	10	48	8	46	1.41e-04	42.4
lcl|AP019371.1_prot_BBH66692.1_3377	iAF692.Mbar_A0171	42.2	45	25	1	1	45	1	44	6.32e-04	40.4
lcl|AP019371.1_prot_BBH66692.1_3377	iSynCJ816.SGL_RS17655	46.2	39	21	0	10	48	8	46	6.58e-04	40.4
lcl|AP019371.1_prot_BBH66695.1_3380	iML1515.b1022	33.2	268	165	5	308	562	41	307	2.37e-35	139
lcl|AP019371.1_prot_BBH66695.1_3380	iYS854.USA300HOU_RS14480	32.6	224	147	3	335	554	47	270	2.92e-32	129
lcl|AP019371.1_prot_BBH66701.1_3386	iSynCJ816.SGL_RS11810	26.7	374	257	9	2	360	51	422	3.32e-25	105
lcl|AP019371.1_prot_BBH66705.1_3390	iML1515.b0591	24.9	401	277	12	16	407	18	403	1.94e-05	46.2
lcl|AP019371.1_prot_BBH66705.1_3390	iYL1228.KPN_00609	26.8	407	269	16	16	409	18	408	3.39e-05	45.4
lcl|AP019371.1_prot_BBH66705.1_3390	iSbBS512_1146.SbBS512_E0493	25.4	393	268	13	16	398	18	395	3.40e-05	45.4
lcl|AP019371.1_prot_BBH66705.1_3390	iSDY_1059.SDY_0522	24.9	401	277	12	16	407	18	403	4.51e-05	45.1
lcl|AP019371.1_prot_BBH66705.1_3390	iSSON_1240.SSON_0542	25.2	393	269	13	16	398	18	395	5.97e-05	44.7
lcl|AP019371.1_prot_BBH66706.1_3391	iSynCJ816.SGL_RS16720	42.7	571	257	7	21	548	41	584	2.47e-134	402
lcl|AP019371.1_prot_BBH66706.1_3391	iSbBS512_1146.SbBS512_E2169	42.3	584	272	9	6	548	18	577	3.55e-129	389
lcl|AP019371.1_prot_BBH66706.1_3391	iSDY_1059.SDY_1180	42.6	584	270	10	6	548	18	577	3.55e-129	389
lcl|AP019371.1_prot_BBH66706.1_3391	iJN1463.PP_5089	43.2	563	263	7	19	548	40	578	7.29e-129	388
lcl|AP019371.1_prot_BBH66706.1_3391	iSSON_1240.SSON_1242	42.2	585	272	9	6	548	18	578	7.29e-129	388
lcl|AP019371.1_prot_BBH66706.1_3391	iSF_1195.SF1917	42.0	584	274	9	6	548	18	577	1.99e-128	387
lcl|AP019371.1_prot_BBH66706.1_3391	STM_v1_0.STM1909	41.6	584	276	9	6	548	18	577	4.44e-127	383
lcl|AP019371.1_prot_BBH66706.1_3391	iYL1228.KPN_02388	41.6	584	276	10	6	548	18	577	7.02e-126	380
lcl|AP019371.1_prot_BBH66706.1_3391	iPC815.YPO2046	41.3	583	278	10	6	548	18	576	2.39e-123	374
lcl|AP019371.1_prot_BBH66707.1_3392	iYO844.BSU07840	34.1	596	340	17	39	596	39	619	4.92e-90	303
lcl|AP019371.1_prot_BBH66707.1_3392	iYL1228.KPN_04607	35.6	592	322	17	40	587	19	595	2.01e-94	302
lcl|AP019371.1_prot_BBH66707.1_3392	STM_v1_0.STM4403	34.5	592	329	16	40	587	19	595	5.05e-90	291
lcl|AP019371.1_prot_BBH66707.1_3392	iSF_1195.SF4273	33.7	594	331	18	40	587	19	595	1.39e-89	290
lcl|AP019371.1_prot_BBH66707.1_3392	iSSON_1240.SSON_4398	33.8	594	330	18	40	587	19	595	1.39e-89	290
lcl|AP019371.1_prot_BBH66707.1_3392	iML1515.b4213	33.8	595	329	19	40	587	19	595	7.49e-89	288
lcl|AP019371.1_prot_BBH66707.1_3392	iPC815.YPO3530	34.5	594	326	18	40	587	27	603	5.50e-86	280
lcl|AP019371.1_prot_BBH66707.1_3392	iSDY_1059.SDY_4383	33.4	595	331	19	40	587	21	597	1.79e-85	279
lcl|AP019371.1_prot_BBH66709.1_3394	iYS854.USA300HOU_RS06130	33.3	267	165	5	5	265	3	262	2.81e-42	159
lcl|AP019371.1_prot_BBH66712.1_3397	iSDY_1059.SDY_2943	32.6	261	138	7	5	260	1	228	2.34e-25	100
lcl|AP019371.1_prot_BBH66712.1_3397	iML1515.b2744	32.3	260	138	7	5	259	1	227	2.38e-24	98.2
lcl|AP019371.1_prot_BBH66712.1_3397	iSbBS512_1146.SbBS512_E3130	32.3	260	138	7	5	259	1	227	2.38e-24	98.2
lcl|AP019371.1_prot_BBH66712.1_3397	iSSON_1240.SSON_2892	32.3	260	138	7	5	259	1	227	2.38e-24	98.2
lcl|AP019371.1_prot_BBH66712.1_3397	iJN1463.PP_1620	33.0	276	144	7	5	273	1	242	3.08e-23	95.1
lcl|AP019371.1_prot_BBH66712.1_3397	iSF_1195.SF2767	31.5	260	140	7	5	259	1	227	6.41e-22	91.7
lcl|AP019371.1_prot_BBH66713.1_3398	iYO844.BSU14390	26.4	269	173	7	34	292	34	287	1.87e-13	69.3
lcl|AP019371.1_prot_BBH66713.1_3398	iEK1008.Rv2029c	28.5	267	184	6	35	298	47	309	2.41e-13	69.3
lcl|AP019371.1_prot_BBH66715.1_3400	iJN1463.PP_0026	46.8	293	153	2	4	296	1	290	9.70e-76	233
lcl|AP019371.1_prot_BBH66718.1_3403	iJN1463.PP_0553	28.7	272	160	8	41	312	130	367	5.13e-14	72.4
lcl|AP019371.1_prot_BBH66719.1_3404	iEK1008.Rv3588c	41.1	190	104	4	30	214	6	192	1.33e-37	129
lcl|AP019371.1_prot_BBH66722.1_3407	iJN1463.PP_2145	33.5	313	183	12	141	445	40	335	2.69e-28	115
lcl|AP019371.1_prot_BBH66722.1_3407	iLJ478.TM0809	33.1	254	163	6	169	418	59	309	1.80e-26	112
lcl|AP019371.1_prot_BBH66722.1_3407	STM_v1_0.STM1209	31.9	307	177	9	112	411	19	300	4.44e-25	106
lcl|AP019371.1_prot_BBH66723.1_3408	iEK1008.Rv2247	56.0	461	196	2	8	461	13	473	2.73e-168	481
lcl|AP019371.1_prot_BBH66724.1_3409	iEK1008.Rv2245	49.3	404	201	2	6	407	14	415	9.04e-121	356
lcl|AP019371.1_prot_BBH66724.1_3409	iJN1463.PP_1916	46.5	411	216	2	1	407	1	411	2.62e-114	340
lcl|AP019371.1_prot_BBH66724.1_3409	iYO844.BSU11340	46.2	409	215	3	1	405	1	408	3.59e-114	339
lcl|AP019371.1_prot_BBH66724.1_3409	iEK1008.Rv2246	47.3	406	208	4	6	407	34	437	4.63e-110	330
lcl|AP019371.1_prot_BBH66724.1_3409	iAF987.Gmet_1603	44.3	404	221	2	6	405	4	407	2.18e-109	327
lcl|AP019371.1_prot_BBH66724.1_3409	STM_v1_0.STM1197	46.1	410	216	3	1	405	1	410	2.18e-107	322
lcl|AP019371.1_prot_BBH66724.1_3409	iSynCJ816.SGL_RS05665	42.5	412	230	3	1	405	1	412	2.39e-107	322
lcl|AP019371.1_prot_BBH66725.1_3410	iHN637.CLJU_RS06285	44.1	68	38	0	11	78	6	73	3.68e-16	65.9
lcl|AP019371.1_prot_BBH66725.1_3410	iCN900.CD630_10620	45.7	70	37	1	11	79	5	74	4.97e-16	65.5
lcl|AP019371.1_prot_BBH66725.1_3410	iYS854.USA300HOU_RS06195	44.1	68	38	0	11	78	7	74	4.26e-15	63.2
lcl|AP019371.1_prot_BBH66725.1_3410	iJN1463.PP_1915	43.1	72	41	0	7	78	4	75	7.15e-14	60.1
lcl|AP019371.1_prot_BBH66725.1_3410	iPC815.YPO1600	42.5	73	42	0	7	79	4	76	1.01e-13	59.7
lcl|AP019371.1_prot_BBH66726.1_3411	iEK1008.Rv0533c	43.6	330	168	4	2	316	7	333	1.13e-79	245
lcl|AP019371.1_prot_BBH66727.1_3412	iEK1008.Rv2243	57.7	305	121	3	1	300	1	302	2.07e-99	294
lcl|AP019371.1_prot_BBH66732.1_3417	iAF987.Gmet_1736	37.4	465	274	6	3	461	4	457	5.22e-94	291
lcl|AP019371.1_prot_BBH66732.1_3417	iPC815.YPO2984	35.2	474	283	8	1	464	1	460	1.25e-86	273
lcl|AP019371.1_prot_BBH66732.1_3417	iSbBS512_1146.SbBS512_E2779	36.3	471	282	7	1	464	1	460	3.48e-86	271
lcl|AP019371.1_prot_BBH66732.1_3417	iML1515.b2400	36.1	471	283	7	1	464	1	460	9.73e-86	270
lcl|AP019371.1_prot_BBH66732.1_3417	iSSON_1240.SSON_2491	36.1	471	283	7	1	464	1	460	9.73e-86	270
lcl|AP019371.1_prot_BBH66732.1_3417	iSF_1195.SF2462	36.1	471	283	7	1	464	1	460	1.93e-85	270
lcl|AP019371.1_prot_BBH66732.1_3417	iSDY_1059.SDY_2600	35.7	471	285	7	1	464	1	460	4.20e-84	266
lcl|AP019371.1_prot_BBH66732.1_3417	iYO844.BSU00920	34.2	482	288	7	3	461	5	480	1.15e-83	265
lcl|AP019371.1_prot_BBH66732.1_3417	STM_v1_0.STM2415	34.7	473	287	7	1	464	1	460	3.27e-83	264
lcl|AP019371.1_prot_BBH66734.1_3419	iEK1008.Rv2241	71.0	891	258	0	14	904	1	891	0.0	1310
lcl|AP019371.1_prot_BBH66736.1_3421	iYO844.BSU14590	32.8	345	199	9	408	744	4	323	8.03e-32	126
lcl|AP019371.1_prot_BBH66736.1_3421	iCN900.CD630_00370	29.1	347	214	9	408	746	6	328	7.19e-31	123
lcl|AP019371.1_prot_BBH66736.1_3421	iYS854.USA300HOU_RS05460	31.6	345	203	8	408	744	4	323	2.28e-30	122
lcl|AP019371.1_prot_BBH66736.1_3421	iAF987.Gmet_2753	32.3	322	185	9	408	721	4	300	1.50e-29	119
lcl|AP019371.1_prot_BBH66738.1_3423	iMM1415.21672	33.5	161	88	6	15	165	7	158	1.65e-18	78.2
lcl|AP019371.1_prot_BBH66738.1_3423	iAM_Pv461.PVX_123435	34.0	141	79	6	16	145	22	159	9.20e-17	73.9
lcl|AP019371.1_prot_BBH66738.1_3423	iAT_PLT_636.7001	33.1	160	88	6	16	165	8	158	3.59e-16	72.0
lcl|AP019371.1_prot_BBH66738.1_3423	iAM_Pb448.PBANKA_143080	32.6	141	81	6	16	145	22	159	6.69e-16	71.6
lcl|AP019371.1_prot_BBH66738.1_3423	iIS312.TCDM_10705	32.9	140	81	5	16	145	141	277	2.29e-15	71.6
lcl|AP019371.1_prot_BBH66738.1_3423	iAM_Pf480.PF3D7_1215000	32.8	128	74	5	27	145	35	159	1.32e-15	70.9
lcl|AP019371.1_prot_BBH66738.1_3423	iMM904.YDR453C	34.1	164	89	6	12	165	1	155	9.46e-16	70.9
lcl|AP019371.1_prot_BBH66738.1_3423	iJN1463.PP_2439	32.0	125	78	3	32	152	23	144	1.12e-15	70.5
lcl|AP019371.1_prot_BBH66742.1_3427	iAF692.Mbar_A3256	31.7	139	91	1	15	149	40	178	2.70e-13	67.0
lcl|AP019371.1_prot_BBH66742.1_3427	iPC815.YPO0048	32.2	146	85	4	27	162	25	166	5.61e-12	63.2
lcl|AP019371.1_prot_BBH66742.1_3427	iCN718.ABAYE_RS03170	29.8	161	101	3	11	162	13	170	1.42e-11	62.0
lcl|AP019371.1_prot_BBH66745.1_3430	iEK1008.Rv2228c	48.5	367	186	3	3	369	1	364	1.23e-100	301
lcl|AP019371.1_prot_BBH66746.1_3431	iCHOv1.100750757	32.7	391	209	13	30	413	19	362	7.21e-45	161
lcl|AP019371.1_prot_BBH66746.1_3431	iMM1415.81600	27.3	400	209	12	38	413	25	366	3.83e-39	146
lcl|AP019371.1_prot_BBH66748.1_3433	iYO844.BSU19580	33.9	457	278	9	1	453	1	437	7.93e-73	240
lcl|AP019371.1_prot_BBH66751.1_3436	iLB1027_lipid.PHATRDRAFT_19518	40.3	310	169	6	2	295	71	380	6.79e-49	169
lcl|AP019371.1_prot_BBH66751.1_3436	iLJ478.TM0356	37.3	308	176	5	1	295	1	304	1.07e-48	166
lcl|AP019371.1_prot_BBH66751.1_3436	iAF987.Gmet_3072	38.3	300	170	5	7	293	7	304	2.29e-47	163
lcl|AP019371.1_prot_BBH66753.1_3438	iYO844.BSU23260	50.0	192	89	3	7	196	210	396	1.69e-51	170
lcl|AP019371.1_prot_BBH66753.1_3438	iAF987.Gmet_1626	50.9	175	85	1	24	197	224	398	4.86e-47	158
lcl|AP019371.1_prot_BBH66753.1_3438	iNF517.LLMG_RS07700	43.8	194	103	3	5	197	210	398	7.08e-46	155
lcl|AP019371.1_prot_BBH66755.1_3440	iYO844.BSU33940	39.9	341	195	5	1	339	1	333	2.67e-73	230
lcl|AP019371.1_prot_BBH66755.1_3440	iCN900.CD630_17670	40.8	343	194	6	1	340	1	337	1.63e-72	228
lcl|AP019371.1_prot_BBH66755.1_3440	iAF987.Gmet_1946	38.2	338	199	5	1	336	1	330	8.35e-71	223
lcl|AP019371.1_prot_BBH66755.1_3440	iHN637.CLJU_RS19275	37.8	341	202	5	3	340	2	335	1.48e-69	220
lcl|AP019371.1_prot_BBH66755.1_3440	iHN637.CLJU_RS06580	36.8	348	212	4	1	346	1	342	3.31e-69	220
lcl|AP019371.1_prot_BBH66755.1_3440	iYL1228.KPN_01197	39.3	333	193	5	1	332	1	325	1.64e-67	215
lcl|AP019371.1_prot_BBH66755.1_3440	iPC815.YPO2157	37.2	339	204	5	1	338	4	334	5.01e-67	214
lcl|AP019371.1_prot_BBH66755.1_3440	STM_v1_0.STM1290	38.7	333	195	5	1	332	1	325	9.15e-67	213
lcl|AP019371.1_prot_BBH66755.1_3440	iSynCJ816.SGL_RS07215	36.6	331	201	5	5	332	4	328	1.15e-66	213
lcl|AP019371.1_prot_BBH66755.1_3440	iML1515.b1779	38.7	333	195	5	1	332	1	325	1.82e-66	212
lcl|AP019371.1_prot_BBH66755.1_3440	iEK1008.Rv1436	38.9	347	197	10	1	340	1	339	2.29e-66	212
lcl|AP019371.1_prot_BBH66755.1_3440	iSbBS512_1146.SbBS512_E2026	38.7	333	195	5	1	332	1	325	1.82e-66	212
lcl|AP019371.1_prot_BBH66755.1_3440	iSDY_1059.SDY_1488	38.7	333	195	5	1	332	1	325	1.82e-66	212
lcl|AP019371.1_prot_BBH66755.1_3440	iSF_1195.SF1444	38.7	333	195	5	1	332	1	325	1.82e-66	212
lcl|AP019371.1_prot_BBH66755.1_3440	iSSON_1240.SSON_1384	38.7	333	195	5	1	332	1	325	1.82e-66	212
lcl|AP019371.1_prot_BBH66758.1_3443	iNF517.LLMG_RS03890	31.0	129	82	2	34	161	47	169	6.96e-13	66.2
lcl|AP019371.1_prot_BBH66759.1_3444	iEK1008.Rv3708c	67.7	328	103	2	1	325	18	345	5.09e-144	409
lcl|AP019371.1_prot_BBH66764.1_3449	iEK1008.Rv2225	61.9	268	102	0	9	276	14	281	2.48e-116	335
lcl|AP019371.1_prot_BBH66765.1_3450	iPC815.YPO2912	43.5	595	267	8	3	591	4	535	9.85e-145	429
lcl|AP019371.1_prot_BBH66765.1_3450	iLJ478.TM1253	43.0	603	305	10	1	593	1	574	1.96e-139	417
lcl|AP019371.1_prot_BBH66765.1_3450	iCN718.ABAYE_RS14710	39.8	598	292	9	1	591	1	537	8.31e-132	396
lcl|AP019371.1_prot_BBH66766.1_3451	iEK1008.Rv2222c	65.8	445	141	4	1	441	8	445	5.33e-208	580
lcl|AP019371.1_prot_BBH66771.1_3456	iJN1463.PP_0072	31.5	314	202	4	10	311	11	323	2.64e-29	114
lcl|AP019371.1_prot_BBH66771.1_3456	iEK1008.Rv3777	30.2	311	200	6	19	313	19	328	1.99e-28	111
lcl|AP019371.1_prot_BBH66771.1_3456	iEK1008.Rv3141	31.3	326	208	7	1	314	1	322	1.71e-25	103
lcl|AP019371.1_prot_BBH66772.1_3457	iCN718.ABAYE_RS07665	33.0	191	115	6	6	194	13	192	3.19e-18	80.9
lcl|AP019371.1_prot_BBH66778.1_3463	iEK1008.Rv2174	31.3	415	246	12	11	395	41	446	2.07e-34	134
lcl|AP019371.1_prot_BBH66779.1_3464	iEK1008.Rv2181	30.5	394	217	15	7	358	22	400	3.25e-37	139
lcl|AP019371.1_prot_BBH66782.1_3467	iEK1008.Rv2220	71.7	473	131	1	5	474	6	478	3.49e-262	720
lcl|AP019371.1_prot_BBH66797.1_3482	iEK1008.Rv0386	44.4	54	30	0	888	941	1025	1078	2.61e-06	51.2
lcl|AP019371.1_prot_BBH66799.1_3484	iJN1463.PP_4800	42.2	277	157	2	22	295	51	327	1.70e-77	239
lcl|AP019371.1_prot_BBH66799.1_3484	iML1515.b0628	41.9	296	161	5	9	295	18	311	8.15e-77	237
lcl|AP019371.1_prot_BBH66799.1_3484	iSDY_1059.SDY_0550	41.9	296	161	5	9	295	18	311	8.15e-77	237
lcl|AP019371.1_prot_BBH66799.1_3484	iSF_1195.SF0653	41.9	296	161	5	9	295	18	311	8.15e-77	237
lcl|AP019371.1_prot_BBH66799.1_3484	iSSON_1240.SSON_0582	41.9	296	161	5	9	295	18	311	8.15e-77	237
lcl|AP019371.1_prot_BBH66799.1_3484	iSbBS512_1146.SbBS512_E0542	42.8	278	151	4	24	295	36	311	2.30e-76	236
lcl|AP019371.1_prot_BBH66799.1_3484	iYS854.USA300HOU_RS04580	41.9	284	162	2	22	302	8	291	1.13e-75	233
lcl|AP019371.1_prot_BBH66799.1_3484	iAM_Pv461.PVX_083125	41.1	285	164	3	23	303	145	429	1.43e-67	217
lcl|AP019371.1_prot_BBH66799.1_3484	iAM_Pc455.PCYB_121910	41.1	285	164	3	23	303	108	392	1.55e-67	216
lcl|AP019371.1_prot_BBH66800.1_3485	iAF692.Mbar_A3173	34.4	425	253	8	14	414	22	444	3.63e-75	240
lcl|AP019371.1_prot_BBH66802.1_3487	iLB1027_lipid.PHATRDRAFT_51454	38.5	161	80	5	37	185	1	154	1.15e-29	107
lcl|AP019371.1_prot_BBH66802.1_3487	iJN1463.PP_4801	39.2	189	103	7	12	197	12	191	1.04e-28	106
lcl|AP019371.1_prot_BBH66804.1_3489	iEK1008.Rv0112	26.1	138	86	5	1	128	1	132	2.92e-04	41.6
lcl|AP019371.1_prot_BBH66805.1_3490	iEK1008.Rv2215	50.3	616	222	7	1	595	1	553	7.37e-150	442
lcl|AP019371.1_prot_BBH66806.1_3491	iYO844.BSU24060	40.9	472	256	10	9	460	5	473	1.56e-106	324
lcl|AP019371.1_prot_BBH66806.1_3491	iYS854.USA300HOU_RS05470	38.9	460	268	9	10	460	11	466	7.86e-96	296
lcl|AP019371.1_prot_BBH66806.1_3491	iYO844.BSU14610	39.4	462	264	12	10	460	11	467	1.84e-94	293
lcl|AP019371.1_prot_BBH66808.1_3493	iJN1463.PP_0980	36.8	470	280	11	41	505	32	489	3.78e-69	229
lcl|AP019371.1_prot_BBH66808.1_3493	iSynCJ816.SGL_RS09430	36.2	414	245	10	99	507	88	487	5.97e-64	215
lcl|AP019371.1_prot_BBH66808.1_3493	iSF_1195.SF4229	37.8	378	221	7	134	507	126	493	1.11e-62	212
lcl|AP019371.1_prot_BBH66808.1_3493	iSbBS512_1146.SbBS512_E4821	38.1	378	220	7	134	507	126	493	2.17e-62	211
lcl|AP019371.1_prot_BBH66808.1_3493	iSDY_1059.SDY_4284	38.1	378	220	7	134	507	126	493	2.17e-62	211
lcl|AP019371.1_prot_BBH66808.1_3493	iML1515.b4260	37.8	378	221	7	134	507	126	493	3.03e-62	211
lcl|AP019371.1_prot_BBH66808.1_3493	iSSON_1240.SSON_4445	37.8	378	221	7	134	507	126	493	3.03e-62	211
lcl|AP019371.1_prot_BBH66808.1_3493	iYL1228.KPN_04665	37.7	379	220	8	134	507	126	493	8.50e-61	207
lcl|AP019371.1_prot_BBH66808.1_3493	STM_v1_0.STM4477	37.5	379	221	8	134	507	126	493	8.50e-61	207
lcl|AP019371.1_prot_BBH66809.1_3494	iEK1008.Rv2211c	63.5	364	127	2	4	363	18	379	1.99e-161	456
lcl|AP019371.1_prot_BBH66810.1_3495	iEK1008.Rv2208	39.2	245	143	4	1	241	1	243	1.04e-42	145
lcl|AP019371.1_prot_BBH66811.1_3496	iEK1008.Rv2207	32.5	311	183	6	275	564	10	314	4.63e-28	115
lcl|AP019371.1_prot_BBH66814.1_3499	iSF_1195.SF3047	38.2	304	179	5	1	297	13	314	6.64e-58	190
lcl|AP019371.1_prot_BBH66814.1_3499	iSSON_1240.SSON_3145	38.2	304	179	5	1	297	13	314	6.64e-58	190
lcl|AP019371.1_prot_BBH66814.1_3499	iML1515.b3001	38.2	304	179	5	1	297	13	314	9.35e-58	189
lcl|AP019371.1_prot_BBH66814.1_3499	iSbBS512_1146.SbBS512_E3430	38.2	304	179	5	1	297	13	314	1.85e-57	189
lcl|AP019371.1_prot_BBH66819.1_3504	iYO844.BSU02750	34.2	225	144	2	19	243	10	230	2.61e-42	146
lcl|AP019371.1_prot_BBH66819.1_3504	iCN900.CD630_16140	32.7	217	144	2	23	239	33	247	5.61e-38	135
lcl|AP019371.1_prot_BBH66821.1_3506	iYO844.BSU26710	28.1	196	134	4	21	210	46	240	5.70e-12	63.2
lcl|AP019371.1_prot_BBH66824.1_3509	iYS854.USA300HOU_RS11340	36.4	448	253	6	4	450	2	418	3.42e-77	246
lcl|AP019371.1_prot_BBH66824.1_3509	iYO844.BSU37100	37.5	445	245	7	6	450	4	415	8.45e-77	245
lcl|AP019371.1_prot_BBH66824.1_3509	iCN900.CD630_01230	37.0	446	243	7	6	449	10	419	3.96e-76	243
lcl|AP019371.1_prot_BBH66824.1_3509	iYO844.BSU36760	36.3	446	250	7	6	450	4	416	1.71e-74	239
lcl|AP019371.1_prot_BBH66824.1_3509	iCN718.ABAYE_RS15605	34.8	448	258	6	4	450	2	416	5.33e-71	230
lcl|AP019371.1_prot_BBH66824.1_3509	iHN637.CLJU_RS20680	36.9	450	245	9	4	450	2	415	8.57e-70	227
lcl|AP019371.1_prot_BBH66825.1_3510	iYO844.BSU27850	52.2	345	162	3	47	391	26	367	6.20e-131	380
lcl|AP019371.1_prot_BBH66826.1_3511	iPC815.YPO3980	39.6	374	217	5	1	366	1	373	4.28e-72	229
lcl|AP019371.1_prot_BBH66826.1_3511	iJN1463.PP_3178	42.8	376	202	6	1	366	1	373	1.51e-69	222
lcl|AP019371.1_prot_BBH66826.1_3511	iSDY_1059.SDY_3318	41.2	357	197	6	1	347	28	381	1.31e-68	221
lcl|AP019371.1_prot_BBH66826.1_3511	iSF_1195.SF3161	40.9	357	198	6	1	347	28	381	3.65e-68	219
lcl|AP019371.1_prot_BBH66826.1_3511	iML1515.b3124	40.9	357	198	6	1	347	1	354	2.49e-68	219
lcl|AP019371.1_prot_BBH66826.1_3511	iEK1008.Rv2205c	41.7	369	186	6	1	363	1	346	7.32e-68	217
lcl|AP019371.1_prot_BBH66826.1_3511	iSSON_1240.SSON_3279	40.6	357	199	6	1	347	28	381	2.85e-67	217
lcl|AP019371.1_prot_BBH66826.1_3511	iSbBS512_1146.SbBS512_E3234	40.3	357	200	6	1	347	1	354	3.02e-66	214
lcl|AP019371.1_prot_BBH66826.1_3511	STM_v1_0.STM3247	40.0	350	189	6	1	342	1	337	4.67e-65	211
lcl|AP019371.1_prot_BBH66827.1_3512	iYS854.USA300HOU_RS04660	44.2	104	58	0	18	121	4	107	1.18e-23	87.8
lcl|AP019371.1_prot_BBH66827.1_3512	iML1515.b2528	39.0	105	63	1	18	122	3	106	1.27e-20	79.7
lcl|AP019371.1_prot_BBH66827.1_3512	iSbBS512_1146.SbBS512_E2903	39.0	105	63	1	18	122	5	108	1.34e-20	79.7
lcl|AP019371.1_prot_BBH66827.1_3512	iSDY_1059.SDY_2724	39.0	105	63	1	18	122	3	106	1.27e-20	79.7
lcl|AP019371.1_prot_BBH66827.1_3512	iSF_1195.SF2575	39.0	105	63	1	18	122	3	106	1.27e-20	79.7
lcl|AP019371.1_prot_BBH66827.1_3512	iSSON_1240.SSON_2610	39.0	105	63	1	18	122	3	106	1.27e-20	79.7
lcl|AP019371.1_prot_BBH66828.1_3513	iEK1008.Rv2202c	59.8	323	130	0	1	323	1	323	1.70e-127	367
lcl|AP019371.1_prot_BBH66831.1_3516	iAF987.Gmet_0992	31.0	390	238	9	12	379	4	384	2.33e-42	152
lcl|AP019371.1_prot_BBH66831.1_3516	iEK1008.Rv3025c	34.6	384	231	7	13	377	3	385	6.58e-42	150
lcl|AP019371.1_prot_BBH66831.1_3516	iAF987.Gmet_0872	32.5	381	239	5	12	377	3	380	3.83e-39	143
lcl|AP019371.1_prot_BBH66831.1_3516	iCN900.CD630_12790	29.2	380	248	7	12	374	6	381	2.76e-38	141
lcl|AP019371.1_prot_BBH66832.1_3517	iEK1008.Rv2200c	40.6	323	132	9	26	296	40	354	6.28e-73	228
lcl|AP019371.1_prot_BBH66835.1_3520	iEK1008.Rv2192c	52.1	340	158	3	6	342	27	364	8.01e-101	301
lcl|AP019371.1_prot_BBH66838.1_3523	iEK1008.Rv2193	65.0	197	69	0	2	198	7	203	5.46e-89	259
lcl|AP019371.1_prot_BBH66839.1_3524	iEK1008.Rv2194	51.3	267	117	7	23	282	20	280	3.30e-78	238
lcl|AP019371.1_prot_BBH66840.1_3525	iEK1008.Rv2195	33.3	378	212	8	22	367	57	426	1.61e-68	221
lcl|AP019371.1_prot_BBH66841.1_3526	iEK1008.Rv2196	58.5	508	209	2	7	513	9	515	7.02e-221	621
lcl|AP019371.1_prot_BBH66843.1_3528	iAF692.Mbar_A2023	32.0	150	83	7	8	150	4	141	1.13e-09	58.2
lcl|AP019371.1_prot_BBH66844.1_3529	iSynCJ816.SGL_RS05525	30.7	114	71	3	36	146	17	125	1.59e-06	45.4
lcl|AP019371.1_prot_BBH66845.1_3530	iEK1008.Rv2583c	44.1	581	289	13	23	584	48	611	1.84e-144	436
lcl|AP019371.1_prot_BBH66850.1_3535	iEK1008.Rv2188c	52.0	381	175	4	1	374	1	380	2.64e-123	360
lcl|AP019371.1_prot_BBH66851.1_3536	iEK1008.Rv1348	44.1	261	135	5	375	634	591	841	1.35e-50	188
lcl|AP019371.1_prot_BBH66851.1_3536	iAF987.Gmet_2349	41.8	244	135	3	396	639	335	571	1.30e-50	184
lcl|AP019371.1_prot_BBH66851.1_3536	iCHOv1.100682535	36.3	256	158	3	390	643	1029	1281	2.48e-44	170
lcl|AP019371.1_prot_BBH66851.1_3536	iJN1463.PP_4935	40.3	238	134	3	401	636	360	591	2.34e-45	170
lcl|AP019371.1_prot_BBH66851.1_3536	STM_v1_0.STM0984	34.6	283	178	4	356	637	303	579	2.44e-45	169
lcl|AP019371.1_prot_BBH66853.1_3538	iYS854.USA300HOU_RS03755	27.5	153	106	3	1	153	1	148	1.32e-04	43.5
lcl|AP019371.1_prot_BBH66853.1_3538	iYS854.USA300HOU_RS11805	24.8	165	123	1	14	177	11	175	7.23e-04	41.2
lcl|AP019371.1_prot_BBH66856.1_3541	iEK1008.Rv0386	38.8	67	41	0	154	220	1017	1083	6.96e-07	49.3
lcl|AP019371.1_prot_BBH66861.1_3546	iYO844.BSU24850	35.5	318	183	8	6	314	8	312	1.73e-49	167
lcl|AP019371.1_prot_BBH66861.1_3546	iLJ478.TM1469	36.2	312	187	7	5	312	7	310	3.50e-43	150
lcl|AP019371.1_prot_BBH66863.1_3548	iCHOv1.100750993	32.7	395	236	13	14	388	5	389	4.15e-50	177
lcl|AP019371.1_prot_BBH66865.1_3550	iEK1008.Rv3490	53.0	472	205	3	4	458	20	491	1.11e-169	487
lcl|AP019371.1_prot_BBH66867.1_3552	iEK1008.Rv2182c	54.1	222	102	0	1	222	1	222	2.54e-89	263
lcl|AP019371.1_prot_BBH66872.1_3557	iYO844.BSU03070	30.5	394	267	6	1	392	24	412	4.43e-42	155
lcl|AP019371.1_prot_BBH66873.1_3558	iLJ478.TM1469	34.5	232	135	5	138	353	77	307	2.72e-25	107
lcl|AP019371.1_prot_BBH66873.1_3558	iAF987.Gmet_2805	37.1	202	116	4	157	353	97	292	4.61e-25	105
lcl|AP019371.1_prot_BBH66873.1_3558	iYO844.BSU24850	31.3	240	147	6	130	352	68	306	3.24e-24	103
lcl|AP019371.1_prot_BBH66873.1_3558	iHN637.CLJU_RS10220	27.3	319	199	4	461	763	6	307	4.67e-23	100
lcl|AP019371.1_prot_BBH66873.1_3558	iEK1008.Rv0650	30.6	307	195	6	464	766	6	298	2.11e-22	98.2
lcl|AP019371.1_prot_BBH66875.1_3560	iPC815.YPO0616	31.5	428	240	14	4	421	5	389	6.59e-41	157
lcl|AP019371.1_prot_BBH66875.1_3560	iLJ478.TM0076	26.7	690	351	29	1	586	1	639	1.53e-36	145
lcl|AP019371.1_prot_BBH66877.1_3562	iEK1008.Rv3010c	54.8	343	153	2	1	341	1	343	2.31e-124	360
lcl|AP019371.1_prot_BBH66878.1_3563	iEK1008.Rv0500	42.8	283	139	2	6	265	8	290	1.28e-64	203
lcl|AP019371.1_prot_BBH66878.1_3563	iAF987.Gmet_0899	42.5	261	149	1	6	265	7	267	1.26e-58	187
lcl|AP019371.1_prot_BBH66878.1_3563	iAF692.Mbar_A0480	39.8	266	156	3	3	265	5	269	5.33e-58	186
lcl|AP019371.1_prot_BBH66880.1_3565	iEK1008.Rv1905c	43.8	320	161	10	6	312	7	320	1.17e-64	206
lcl|AP019371.1_prot_BBH66887.1_3572	iJN1463.PP_0777	59.7	154	58	1	5	154	6	159	2.29e-66	199
lcl|AP019371.1_prot_BBH66888.1_3573	iCHOv1.100750757	28.8	392	193	21	129	484	24	365	4.89e-24	104
lcl|AP019371.1_prot_BBH66889.1_3574	iEK1008.Rv2178c	65.1	438	146	3	35	467	26	461	5.69e-206	577
lcl|AP019371.1_prot_BBH66890.1_3575	iLJ478.TM1744	47.3	338	177	1	1	337	1	338	6.97e-92	277
lcl|AP019371.1_prot_BBH66894.1_3579	iYS854.USA300HOU_RS06130	29.3	607	386	12	9	603	1	576	2.52e-62	219
lcl|AP019371.1_prot_BBH66897.1_3582	iEK1008.Rv2173	48.5	344	169	5	19	355	9	351	3.13e-83	256
lcl|AP019371.1_prot_BBH66898.1_3583	iJN1463.PP_4977	39.6	278	156	3	26	298	21	291	1.08e-61	197
lcl|AP019371.1_prot_BBH66898.1_3583	iYL1228.KPN_04239	40.7	263	147	3	27	288	26	280	2.70e-59	191
lcl|AP019371.1_prot_BBH66898.1_3583	iML1515.b3941	39.2	263	151	2	27	288	26	280	1.23e-57	187
lcl|AP019371.1_prot_BBH66898.1_3583	iSbBS512_1146.SbBS512_E4428	39.2	263	151	2	27	288	26	280	1.23e-57	187
lcl|AP019371.1_prot_BBH66898.1_3583	iSF_1195.SF4019	39.2	263	151	2	27	288	26	280	1.23e-57	187
lcl|AP019371.1_prot_BBH66898.1_3583	iSSON_1240.SSON_4115	39.2	263	151	2	27	288	26	280	1.23e-57	187
lcl|AP019371.1_prot_BBH66898.1_3583	STM_v1_0.STM4105	39.9	263	149	2	27	288	26	280	2.44e-57	186
lcl|AP019371.1_prot_BBH66898.1_3583	iSDY_1059.SDY_3776	39.2	263	151	2	27	288	26	280	2.44e-57	186
lcl|AP019371.1_prot_BBH66898.1_3583	iPC815.YPO0117	39.2	263	151	2	27	288	26	280	2.57e-56	183
lcl|AP019371.1_prot_BBH66899.1_3584	iAF692.Mbar_A1498	32.0	128	73	3	75	189	22	148	3.41e-04	39.7
lcl|AP019371.1_prot_BBH66902.1_3587	iYO844.BSU03070	25.6	395	277	8	16	398	23	412	1.15e-19	91.3
lcl|AP019371.1_prot_BBH66903.1_3588	iSSON_1240.SSON_0297	29.5	342	201	9	10	317	20	355	1.00e-31	127
lcl|AP019371.1_prot_BBH66903.1_3588	iML1515.b0347	29.2	342	202	9	10	317	20	355	1.85e-31	126
lcl|AP019371.1_prot_BBH66903.1_3588	iYL1228.KPN_02122	30.0	343	198	9	10	317	20	355	2.14e-30	123
lcl|AP019371.1_prot_BBH66908.1_3593	iAF987.Gmet_2395	60.7	244	96	0	1	244	7	250	9.48e-109	313
lcl|AP019371.1_prot_BBH66909.1_3594	iAF987.Gmet_2396	68.3	637	201	1	13	649	2	637	0.0	895
lcl|AP019371.1_prot_BBH66910.1_3595	iAF987.Gmet_2397	30.2	215	136	6	1	210	14	219	3.63e-21	87.0
lcl|AP019371.1_prot_BBH66914.1_3599	iYS854.USA300HOU_RS13915	30.9	505	291	15	44	511	5	488	4.66e-50	178
lcl|AP019371.1_prot_BBH66919.1_3604	iCN900.CD630_00490	31.7	63	42	1	46	107	275	337	4.01e-04	39.3
lcl|AP019371.1_prot_BBH66920.1_3605	iCHOv1.100757118	34.5	290	168	6	2	270	44	332	1.71e-36	132
lcl|AP019371.1_prot_BBH66920.1_3605	iMM1415.105014	34.8	290	167	6	2	270	44	332	1.28e-35	129
lcl|AP019371.1_prot_BBH66920.1_3605	iCHOv1.100759583	33.7	279	171	5	2	270	39	313	4.99e-34	125
lcl|AP019371.1_prot_BBH66920.1_3605	iCHOv1.100759877	33.0	279	173	5	2	270	38	312	4.99e-34	125
lcl|AP019371.1_prot_BBH66920.1_3605	iMM1415.77974	33.7	279	171	5	2	270	39	313	1.91e-33	123
lcl|AP019371.1_prot_BBH66920.1_3605	iMM1415.17252	32.6	279	174	6	2	270	38	312	5.42e-32	119
lcl|AP019371.1_prot_BBH66929.1_3614	iYL1228.KPN_02641	37.4	99	59	2	41	139	60	155	3.60e-05	43.5
lcl|AP019371.1_prot_BBH66929.1_3614	STM_v1_0.STM2276	36.4	99	60	2	41	139	60	155	6.85e-04	39.7
lcl|AP019371.1_prot_BBH66929.1_3614	iML1515.b2232	36.4	99	60	2	41	139	60	155	9.12e-04	39.3
lcl|AP019371.1_prot_BBH66929.1_3614	iSbBS512_1146.SbBS512_E2607	36.4	99	60	2	41	139	60	155	9.12e-04	39.3
lcl|AP019371.1_prot_BBH66929.1_3614	iSDY_1059.SDY_2424	36.4	99	60	2	41	139	60	155	9.12e-04	39.3
lcl|AP019371.1_prot_BBH66929.1_3614	iSF_1195.SF2312	36.4	99	60	2	41	139	60	155	9.12e-04	39.3
lcl|AP019371.1_prot_BBH66929.1_3614	iSSON_1240.SSON_2290	36.4	99	60	2	41	139	60	155	9.12e-04	39.3
lcl|AP019371.1_prot_BBH66935.1_3620	iNF517.LLMG_RS08750	46.1	916	395	12	21	931	7	828	5.61e-275	785
lcl|AP019371.1_prot_BBH66935.1_3620	iYS854.USA300HOU_RS09335	44.6	913	386	12	21	930	7	802	3.67e-261	749
lcl|AP019371.1_prot_BBH66937.1_3622	iYS854.USA300HOU_RS10265	37.4	206	119	6	6	206	4	204	3.95e-29	109
lcl|AP019371.1_prot_BBH66938.1_3623	iNF517.LLMG_RS07395	30.2	410	249	12	27	399	26	435	3.48e-42	153
lcl|AP019371.1_prot_BBH66938.1_3623	iYS854.USA300HOU_RS10270	29.0	428	260	13	13	404	11	430	2.59e-37	140
lcl|AP019371.1_prot_BBH66939.1_3624	iML1515.b2175	35.5	107	66	2	169	272	78	184	4.86e-14	68.6
lcl|AP019371.1_prot_BBH66941.1_3626	iNF517.LLMG_RS08455	40.5	309	179	2	12	318	5	310	5.00e-59	192
lcl|AP019371.1_prot_BBH66943.1_3628	iEK1008.Rv2163c	35.3	590	344	14	189	751	87	665	1.31e-79	268
lcl|AP019371.1_prot_BBH66943.1_3628	iAF987.Gmet_0406	35.1	538	325	11	223	752	42	563	3.04e-78	264
lcl|AP019371.1_prot_BBH66944.1_3629	iEK1008.Rv2158c	52.2	510	222	8	15	508	27	530	1.96e-140	415
lcl|AP019371.1_prot_BBH66945.1_3630	iEK1008.Rv2157c	48.0	487	205	7	1	439	1	487	4.51e-111	337
lcl|AP019371.1_prot_BBH66946.1_3631	iEK1008.Rv2156c	45.3	371	190	3	1	371	1	358	3.34e-110	326
lcl|AP019371.1_prot_BBH66947.1_3632	iJN1463.PP_1336	32.6	365	219	7	42	402	32	373	6.27e-40	147
lcl|AP019371.1_prot_BBH66947.1_3632	iML1515.b0089	30.9	363	220	7	45	402	58	394	1.35e-37	141
lcl|AP019371.1_prot_BBH66948.1_3633	iEK1008.Rv2153c	48.7	376	161	4	5	362	37	398	2.64e-107	320
lcl|AP019371.1_prot_BBH66949.1_3634	iEK1008.Rv2152c	43.0	488	247	10	1	467	1	478	4.14e-110	334
lcl|AP019371.1_prot_BBH66952.1_3637	iCN900.CD630_26230	33.9	227	140	5	14	233	10	233	2.16e-25	99.4
lcl|AP019371.1_prot_BBH66959.1_3644	STM_v1_0.STM0047	35.6	149	74	6	18	156	17	153	5.45e-16	71.2
lcl|AP019371.1_prot_BBH66960.1_3645	iNF517.LLMG_RS07670	36.4	294	182	2	16	309	13	301	7.55e-58	187
lcl|AP019371.1_prot_BBH66960.1_3645	iSbBS512_1146.SbBS512_E2975	38.0	313	177	6	4	305	6	312	7.96e-54	178
lcl|AP019371.1_prot_BBH66960.1_3645	iSF_1195.SF2653	38.0	313	177	6	4	305	6	312	1.58e-53	177
lcl|AP019371.1_prot_BBH66960.1_3645	iSSON_1240.SSON_2720	38.0	313	177	6	4	305	6	312	1.58e-53	177
lcl|AP019371.1_prot_BBH66960.1_3645	STM_v1_0.STM2662	37.9	314	176	7	4	305	6	312	9.57e-52	172
lcl|AP019371.1_prot_BBH66960.1_3645	iSDY_1059.SDY_2837	37.3	314	178	7	4	305	6	312	5.28e-51	171
lcl|AP019371.1_prot_BBH66960.1_3645	iYS854.USA300HOU_RS06015	35.8	293	179	4	15	305	15	300	1.20e-50	169
lcl|AP019371.1_prot_BBH66966.1_3651	iEK1008.Rv1599	66.3	439	144	2	1	436	1	438	5.07e-183	516
lcl|AP019371.1_prot_BBH66967.1_3652	iEK1008.Rv1600	56.8	359	148	3	3	356	9	365	2.51e-134	387
lcl|AP019371.1_prot_BBH66968.1_3653	iEK1008.Rv1601	57.2	208	76	4	2	203	10	210	4.59e-74	222
lcl|AP019371.1_prot_BBH66970.1_3655	iEK1008.Rv1602	62.7	204	76	0	2	205	3	206	3.80e-80	237
lcl|AP019371.1_prot_BBH66972.1_3657	iEK1008.Rv1603	70.2	242	68	1	1	238	2	243	2.38e-113	324
lcl|AP019371.1_prot_BBH66974.1_3659	iYL1228.KPN_01622	41.6	291	159	4	14	293	8	298	1.37e-61	197
lcl|AP019371.1_prot_BBH66974.1_3659	iJN1463.PP_2872	41.5	282	161	2	10	288	4	284	4.73e-61	195
lcl|AP019371.1_prot_BBH66974.1_3659	STM_v1_0.STM1517	40.8	294	163	5	14	299	9	299	3.52e-59	191
lcl|AP019371.1_prot_BBH66974.1_3659	iML1515.b1533	38.8	289	167	4	14	292	8	296	9.41e-56	182
lcl|AP019371.1_prot_BBH66975.1_3660	iEK1008.Rv1605	76.8	254	55	1	4	253	14	267	3.34e-126	358
lcl|AP019371.1_prot_BBH66980.1_3665	iCN900.CD630_36640	26.7	337	225	11	140	465	64	389	3.35e-26	109
lcl|AP019371.1_prot_BBH66982.1_3667	iEK1008.Rv2187	34.0	567	353	10	40	600	46	597	4.78e-88	285
lcl|AP019371.1_prot_BBH66983.1_3668	iCN900.CD630_36640	28.5	270	187	1	118	381	32	301	7.78e-35	134
lcl|AP019371.1_prot_BBH66984.1_3669	iML1515.b4141	31.6	408	243	13	7	392	8	401	1.21e-29	119
lcl|AP019371.1_prot_BBH66986.1_3671	iYL1228.KPN_00941	29.8	527	364	5	44	565	50	575	3.31e-57	201
lcl|AP019371.1_prot_BBH66986.1_3671	STM_v1_0.STM2774	33.3	462	298	5	113	567	121	579	2.23e-54	199
lcl|AP019371.1_prot_BBH66986.1_3671	iML1515.b0914	29.7	528	363	6	44	565	50	575	4.33e-55	195
lcl|AP019371.1_prot_BBH66986.1_3671	iSbBS512_1146.SbBS512_E2410	29.7	528	363	6	44	565	50	575	4.33e-55	195
lcl|AP019371.1_prot_BBH66986.1_3671	iSDY_1059.SDY_2344	29.7	528	363	6	44	565	50	575	4.33e-55	195
lcl|AP019371.1_prot_BBH66986.1_3671	iPC815.YPO1395	31.5	476	322	4	93	565	101	575	4.33e-55	195
lcl|AP019371.1_prot_BBH66986.1_3671	STM_v1_0.STM0984	29.6	527	365	5	44	565	50	575	1.15e-54	194
lcl|AP019371.1_prot_BBH66986.1_3671	iSF_1195.SF0910	29.7	528	363	6	44	565	50	575	1.15e-54	194
lcl|AP019371.1_prot_BBH66986.1_3671	iSSON_1240.SSON_0916	29.7	528	363	6	44	565	50	575	1.15e-54	194
lcl|AP019371.1_prot_BBH66986.1_3671	iPC815.YPO1913	33.2	503	315	11	83	573	90	583	2.83e-53	191
lcl|AP019371.1_prot_BBH66986.1_3671	iSDY_1059.SDY_1025	32.9	499	324	6	77	567	85	580	5.30e-51	189
lcl|AP019371.1_prot_BBH66986.1_3671	iAF987.Gmet_2349	31.5	479	317	5	93	565	92	565	1.16e-51	186
lcl|AP019371.1_prot_BBH66986.1_3671	iJN1463.PP_4935	33.1	478	306	8	95	565	118	588	9.44e-51	184
lcl|AP019371.1_prot_BBH66987.1_3672	iYL1228.KPN_00941	30.8	577	386	9	5	577	9	576	7.72e-70	235
lcl|AP019371.1_prot_BBH66987.1_3672	STM_v1_0.STM0984	32.2	521	338	8	60	577	68	576	1.08e-69	235
lcl|AP019371.1_prot_BBH66987.1_3672	iML1515.b0914	32.1	521	339	8	60	577	68	576	1.10e-68	232
lcl|AP019371.1_prot_BBH66987.1_3672	iSbBS512_1146.SbBS512_E2410	32.1	521	339	8	60	577	68	576	1.10e-68	232
lcl|AP019371.1_prot_BBH66987.1_3672	iSDY_1059.SDY_2344	32.1	521	339	8	60	577	68	576	1.10e-68	232
lcl|AP019371.1_prot_BBH66987.1_3672	iSF_1195.SF0910	31.9	521	340	8	60	577	68	576	2.97e-68	231
lcl|AP019371.1_prot_BBH66987.1_3672	iSSON_1240.SSON_0916	31.9	521	340	8	60	577	68	576	4.14e-68	231
lcl|AP019371.1_prot_BBH66987.1_3672	iPC815.YPO1395	30.5	524	356	6	56	576	57	575	1.58e-66	226
lcl|AP019371.1_prot_BBH66987.1_3672	iSDY_1059.SDY_1025	32.3	563	362	11	29	584	655	1205	5.98e-61	218
lcl|AP019371.1_prot_BBH66987.1_3672	STM_v1_0.STM2774	31.6	583	369	12	15	585	645	1209	1.48e-60	217
lcl|AP019371.1_prot_BBH66991.1_3676	iEK1008.Rv1606	68.1	113	36	0	9	121	2	114	1.44e-52	160
lcl|AP019371.1_prot_BBH66992.1_3677	iEK1008.Rv1609	57.9	503	200	7	5	498	7	506	1.52e-181	518
lcl|AP019371.1_prot_BBH66995.1_3680	iEK1008.Rv1611	69.6	270	82	0	20	289	3	272	6.70e-120	344
lcl|AP019371.1_prot_BBH66996.1_3681	iEK1008.Rv1612	67.9	399	120	3	10	404	13	407	8.58e-189	529
lcl|AP019371.1_prot_BBH66996.1_3681	iAF987.Gmet_2482	61.9	396	146	2	9	403	3	394	1.09e-171	485
lcl|AP019371.1_prot_BBH66996.1_3681	iCN718.ABAYE_RS03585	61.0	395	149	2	10	403	14	404	3.99e-170	482
lcl|AP019371.1_prot_BBH66997.1_3682	iEK1008.Rv1613	59.1	257	98	2	7	263	16	265	1.46e-100	294
lcl|AP019371.1_prot_BBH66998.1_3683	STM_v1_0.STM3002	26.3	243	162	9	15	246	15	251	5.34e-12	65.5
lcl|AP019371.1_prot_BBH66999.1_3684	iCN718.ABAYE_RS01180	27.4	314	195	13	1	299	10	305	1.35e-10	62.0
lcl|AP019371.1_prot_BBH66999.1_3684	iYL1228.KPN_01663	27.5	353	222	13	1	339	10	342	1.34e-10	62.0
lcl|AP019371.1_prot_BBH67001.1_3686	iEK1008.Rv3859c	61.7	1536	545	11	4	1512	3	1522	0.0	1853
lcl|AP019371.1_prot_BBH67002.1_3687	iEK1008.Rv3858c	60.7	494	180	8	1	487	1	487	5.71e-196	553
lcl|AP019371.1_prot_BBH67003.1_3688	iEK1008.Rv1617	64.2	469	167	1	3	471	1	468	1.30e-207	582
lcl|AP019371.1_prot_BBH67004.1_3689	iPC815.YPO3141	44.5	283	150	3	8	286	4	283	6.84e-76	233
lcl|AP019371.1_prot_BBH67004.1_3689	iYL1228.KPN_00415	43.4	286	149	3	8	286	4	283	2.07e-72	224
lcl|AP019371.1_prot_BBH67004.1_3689	iSbBS512_1146.SbBS512_E0379	43.5	283	153	3	8	286	4	283	1.14e-71	222
lcl|AP019371.1_prot_BBH67004.1_3689	iEK1008.Rv2605c	46.8	280	127	7	15	286	6	271	7.84e-71	219
lcl|AP019371.1_prot_BBH67004.1_3689	iML1515.b0452	43.1	283	154	3	8	286	4	283	1.29e-70	219
lcl|AP019371.1_prot_BBH67004.1_3689	iSSON_1240.SSON_0440	43.1	283	154	3	8	286	4	283	1.29e-70	219
lcl|AP019371.1_prot_BBH67004.1_3689	iSDY_1059.SDY_0389	43.4	279	151	3	12	286	8	283	7.32e-70	217
lcl|AP019371.1_prot_BBH67004.1_3689	STM_v1_0.STM0464	43.2	280	156	2	9	286	5	283	1.04e-69	217
lcl|AP019371.1_prot_BBH67004.1_3689	iSF_1195.SF0397	42.8	283	155	3	8	286	4	283	2.93e-69	216
lcl|AP019371.1_prot_BBH67004.1_3689	iJN1463.PP_4762	43.9	285	147	6	9	286	5	283	6.42e-69	215
lcl|AP019371.1_prot_BBH67006.1_3691	iAF987.Gmet_1706	36.4	132	74	4	12	140	2	126	6.46e-11	60.1
lcl|AP019371.1_prot_BBH67007.1_3692	iSynCJ816.SGL_RS11390	37.4	281	174	2	141	421	3	281	3.08e-44	155
lcl|AP019371.1_prot_BBH67008.1_3693	iSynCJ816.SGL_RS12165	34.6	367	166	11	22	326	16	370	2.53e-52	176
lcl|AP019371.1_prot_BBH67009.1_3694	iSynCJ816.SGL_RS14000	47.2	248	130	1	33	279	18	265	4.89e-74	228
lcl|AP019371.1_prot_BBH67010.1_3695	iSynCJ816.SGL_RS07665	53.4	232	108	0	24	255	4	235	9.09e-81	242
lcl|AP019371.1_prot_BBH67011.1_3696	iSynCJ816.SGL_RS14915	31.6	412	255	11	10	402	28	431	2.83e-34	132
lcl|AP019371.1_prot_BBH67016.1_3701	iYL1228.KPN_04329	43.7	71	37	2	91	159	95	164	9.73e-07	48.5
lcl|AP019371.1_prot_BBH67016.1_3701	iPC815.YPO3781	36.9	103	57	4	63	159	64	164	1.31e-06	48.1
lcl|AP019371.1_prot_BBH67016.1_3701	iML1515.b3833	43.2	74	39	2	88	159	92	164	3.18e-06	47.0
lcl|AP019371.1_prot_BBH67016.1_3701	iSbBS512_1146.SbBS512_E4305	43.2	74	39	2	88	159	92	164	3.18e-06	47.0
lcl|AP019371.1_prot_BBH67016.1_3701	iSDY_1059.SDY_3910	43.2	74	39	2	88	159	92	164	3.18e-06	47.0
lcl|AP019371.1_prot_BBH67016.1_3701	iSF_1195.SF3911	43.2	74	39	2	88	159	92	164	3.18e-06	47.0
lcl|AP019371.1_prot_BBH67016.1_3701	iSSON_1240.SSON_4008	43.2	74	39	2	88	159	92	164	3.18e-06	47.0
lcl|AP019371.1_prot_BBH67016.1_3701	iJN1463.PP_5011	38.5	109	59	4	57	159	63	169	5.89e-06	46.2
lcl|AP019371.1_prot_BBH67016.1_3701	STM_v1_0.STM3970	40.5	74	41	2	88	159	92	164	7.71e-06	45.8
lcl|AP019371.1_prot_BBH67016.1_3701	iYS854.USA300HOU_RS07520	42.9	70	38	2	90	159	80	147	3.19e-05	43.9
lcl|AP019371.1_prot_BBH67017.1_3702	iHN637.CLJU_RS10465	36.1	335	211	2	39	370	302	636	1.66e-69	233
lcl|AP019371.1_prot_BBH67018.1_3703	iEK1008.Rv1631	44.9	408	207	6	1	391	1	407	1.30e-100	304
lcl|AP019371.1_prot_BBH67023.1_3708	iEK1008.Rv0684	28.4	510	248	16	5	415	8	499	4.49e-31	128
lcl|AP019371.1_prot_BBH67023.1_3708	iSynCJ816.SGL_RS10930	27.1	487	244	11	7	401	10	477	5.79e-31	128
lcl|AP019371.1_prot_BBH67023.1_3708	iSynCJ816.SGL_RS17200	26.1	517	258	13	5	426	6	493	3.31e-30	125
lcl|AP019371.1_prot_BBH67032.1_3717	iCN900.CD630_27420	28.0	189	109	5	24	189	14	198	1.73e-17	76.6
lcl|AP019371.1_prot_BBH67032.1_3717	iEK1008.Rv2581c	28.5	214	117	8	11	189	1	213	4.78e-15	70.5
lcl|AP019371.1_prot_BBH67034.1_3719	iJN1463.PP_4903	33.7	273	164	7	65	327	77	342	1.58e-31	120
lcl|AP019371.1_prot_BBH67036.1_3721	iCN900.CD630_31950	32.4	964	464	19	5	941	4	806	1.52e-158	486
lcl|AP019371.1_prot_BBH67037.1_3722	iEK1008.Rv2195	39.7	68	38	2	113	177	344	411	1.08e-08	53.1
lcl|AP019371.1_prot_BBH67042.1_3727	iEK1008.Rv1436	72.5	338	85	5	1	332	1	336	8.04e-165	462
lcl|AP019371.1_prot_BBH67043.1_3728	iEK1008.Rv1437	57.1	401	164	3	4	398	6	404	1.20e-145	419
lcl|AP019371.1_prot_BBH67044.1_3729	iEK1008.Rv1438	62.2	249	94	0	5	253	3	251	1.28e-105	306
lcl|AP019371.1_prot_BBH67048.1_3733	iEK1008.Rv1445c	47.5	240	112	5	10	238	9	245	5.79e-57	181
lcl|AP019371.1_prot_BBH67050.1_3735	iEK1008.Rv1447c	60.9	504	194	3	3	505	12	513	8.54e-221	618
lcl|AP019371.1_prot_BBH67051.1_3736	iEK1008.Rv1448c	64.5	361	127	1	5	364	8	368	3.07e-156	443
lcl|AP019371.1_prot_BBH67052.1_3737	iEK1008.Rv1449c	61.1	689	252	6	10	691	19	698	5.40e-295	822
lcl|AP019371.1_prot_BBH67053.1_3738	iEK1008.Rv1451	47.2	284	149	1	2	285	20	302	1.41e-76	235
lcl|AP019371.1_prot_BBH67056.1_3741	iEK1008.Rv1456c	38.5	296	169	6	35	320	15	307	4.64e-45	155
lcl|AP019371.1_prot_BBH67058.1_3743	iYS854.USA300HOU_RS04535	62.1	459	173	1	15	473	8	465	2.60e-211	591
lcl|AP019371.1_prot_BBH67059.1_3744	iYS854.USA300HOU_RS04520	36.9	111	69	1	260	370	324	433	5.74e-16	78.6
lcl|AP019371.1_prot_BBH67059.1_3744	iSSON_1240.SSON_1475	27.0	211	152	2	160	370	210	418	7.67e-15	75.1
lcl|AP019371.1_prot_BBH67059.1_3744	iML1515.b1681	27.0	211	152	2	160	370	210	418	1.03e-14	74.7
lcl|AP019371.1_prot_BBH67059.1_3744	iSF_1195.SF1711	27.0	211	152	2	160	370	210	418	1.38e-14	74.3
lcl|AP019371.1_prot_BBH67059.1_3744	iYS854.USA300HOU_RS04535	22.1	204	157	2	153	356	246	447	2.79e-14	73.6
lcl|AP019371.1_prot_BBH67059.1_3744	iSDY_1059.SDY_1912	26.5	211	153	2	160	370	210	418	5.91e-14	72.4
lcl|AP019371.1_prot_BBH67060.1_3745	iML1515.b2540	40.4	94	53	3	8	100	8	99	4.65e-20	77.8
lcl|AP019371.1_prot_BBH67060.1_3745	iSSON_1240.SSON_2622	40.4	94	53	3	8	100	8	99	4.65e-20	77.8
lcl|AP019371.1_prot_BBH67061.1_3746	iYS854.USA300HOU_RS04515	60.1	248	89	4	2	246	3	243	1.34e-93	275
lcl|AP019371.1_prot_BBH67062.1_3747	iEK1008.Rv1464	54.2	413	180	5	2	409	7	415	1.73e-149	429
lcl|AP019371.1_prot_BBH67063.1_3748	iYS854.USA300HOU_RS04530	39.3	140	76	3	3	137	6	141	2.44e-27	99.4
lcl|AP019371.1_prot_BBH67064.1_3749	iYS854.USA300HOU_RS04825	44.4	108	54	2	52	159	1	102	2.92e-22	85.1
lcl|AP019371.1_prot_BBH67066.1_3751	iCHOv1.100757328	36.8	117	66	3	9	120	254	367	4.67e-10	60.1
lcl|AP019371.1_prot_BBH67069.1_3754	iJN1463.PP_1680	30.1	136	89	4	66	200	43	173	8.20e-08	50.4
lcl|AP019371.1_prot_BBH67074.1_3759	iJN1463.PP_0240	32.8	204	124	6	326	519	15	215	1.54e-20	91.3
lcl|AP019371.1_prot_BBH67074.1_3759	iSynCJ816.SGL_RS04625	29.9	214	120	7	320	504	5	217	4.37e-19	87.4
lcl|AP019371.1_prot_BBH67074.1_3759	iML1515.b0933	31.5	203	126	5	326	518	10	209	3.35e-19	87.0
lcl|AP019371.1_prot_BBH67074.1_3759	iSSON_1240.SSON_0936	31.5	203	126	5	326	518	10	209	3.35e-19	87.0
lcl|AP019371.1_prot_BBH67074.1_3759	iYL1228.KPN_02373	31.4	194	123	4	328	515	5	194	1.03e-18	85.5
lcl|AP019371.1_prot_BBH67074.1_3759	iPC815.YPO2060	31.6	196	120	6	328	515	5	194	1.45e-18	85.1
lcl|AP019371.1_prot_BBH67074.1_3759	iSDY_1059.SDY_1145	30.9	194	124	4	328	515	5	194	1.93e-18	84.7
lcl|AP019371.1_prot_BBH67074.1_3759	iML1515.b1858	30.9	194	124	4	328	515	5	194	3.54e-18	84.0
lcl|AP019371.1_prot_BBH67074.1_3759	iSbBS512_1146.SbBS512_E0954	30.9	194	124	4	328	515	5	194	3.54e-18	84.0
lcl|AP019371.1_prot_BBH67074.1_3759	iSF_1195.SF0930	31.0	203	127	5	326	518	10	209	3.80e-18	84.0
lcl|AP019371.1_prot_BBH67074.1_3759	iSSON_1240.SSON_1283	30.9	194	124	4	328	515	5	194	3.54e-18	84.0
lcl|AP019371.1_prot_BBH67074.1_3759	iSF_1195.SF1867	30.9	194	124	4	328	515	5	194	4.79e-18	83.6
lcl|AP019371.1_prot_BBH67076.1_3761	iAF987.Gmet_2212	37.2	218	113	5	15	224	6	207	5.29e-31	115
lcl|AP019371.1_prot_BBH67076.1_3761	iJN1463.PP_2217	35.8	201	98	5	15	205	6	185	3.57e-30	113
lcl|AP019371.1_prot_BBH67076.1_3761	iCN900.CD630_10570	38.0	200	109	3	3	200	2	188	1.71e-28	108
lcl|AP019371.1_prot_BBH67076.1_3761	iEK1008.Rv1070c	34.9	186	104	3	23	205	14	185	1.44e-28	108
lcl|AP019371.1_prot_BBH67077.1_3762	iML1515.b0914	34.3	534	328	4	87	619	69	580	2.33e-91	294
lcl|AP019371.1_prot_BBH67077.1_3762	iSbBS512_1146.SbBS512_E2410	34.3	534	328	4	87	619	69	580	2.33e-91	294
lcl|AP019371.1_prot_BBH67077.1_3762	iSDY_1059.SDY_2344	34.3	534	328	4	87	619	69	580	2.33e-91	294
lcl|AP019371.1_prot_BBH67077.1_3762	iSF_1195.SF0910	34.3	534	328	4	87	619	69	580	2.33e-91	294
lcl|AP019371.1_prot_BBH67077.1_3762	iSSON_1240.SSON_0916	34.3	534	328	4	87	619	69	580	2.33e-91	294
lcl|AP019371.1_prot_BBH67077.1_3762	iAF987.Gmet_2349	34.9	518	315	2	103	620	76	571	2.46e-91	293
lcl|AP019371.1_prot_BBH67077.1_3762	STM_v1_0.STM0984	33.9	534	330	4	87	619	69	580	6.42e-91	293
lcl|AP019371.1_prot_BBH67077.1_3762	iPC815.YPO1395	34.8	534	325	4	87	619	69	580	9.00e-91	292
lcl|AP019371.1_prot_BBH67077.1_3762	iYL1228.KPN_00941	32.9	598	366	7	28	619	12	580	3.47e-90	291
lcl|AP019371.1_prot_BBH67080.1_3765	iLJ478.TM1169	32.0	253	151	5	1	251	1	234	2.84e-28	107
lcl|AP019371.1_prot_BBH67085.1_3770	iSynCJ816.SGL_RS17805	34.5	371	221	7	22	372	27	395	6.33e-43	154
lcl|AP019371.1_prot_BBH67118.1_3803	iML1515.b4374	37.5	104	58	2	105	204	115	215	1.63e-12	63.9
lcl|AP019371.1_prot_BBH67118.1_3803	iSDY_1059.SDY_4633	37.5	104	58	2	105	204	115	215	1.63e-12	63.9
lcl|AP019371.1_prot_BBH67118.1_3803	iSF_1195.SF4405	37.5	104	58	2	105	204	115	215	1.63e-12	63.9
lcl|AP019371.1_prot_BBH67118.1_3803	iSSON_1240.SSON_4524	37.5	104	58	2	105	204	115	215	1.63e-12	63.9
lcl|AP019371.1_prot_BBH67118.1_3803	iSbBS512_1146.SbBS512_E4917	37.5	104	58	2	105	204	115	215	3.09e-12	63.2
lcl|AP019371.1_prot_BBH67118.1_3803	iYL1228.KPN_04830	41.5	82	47	1	105	185	115	196	3.96e-11	60.1
lcl|AP019371.1_prot_BBH67125.1_3810	iEK1008.Rv1475c	70.2	942	256	5	3	923	5	942	0.0	1315
lcl|AP019371.1_prot_BBH67127.1_3812	iLJ478.TM1845	27.4	925	510	38	122	1020	17	805	3.17e-67	242
lcl|AP019371.1_prot_BBH67129.1_3814	iEK1008.Rv2970c	39.1	274	153	9	35	301	94	360	3.98e-43	152
lcl|AP019371.1_prot_BBH67129.1_3814	iEK1008.Rv1399c	37.3	271	165	3	48	316	50	317	1.54e-43	152
lcl|AP019371.1_prot_BBH67129.1_3814	iEK1008.Rv1400c	39.2	245	143	4	48	289	52	293	1.41e-39	141
lcl|AP019371.1_prot_BBH67131.1_3816	iYS854.USA300HOU_RS08170	27.2	261	145	10	199	454	120	340	2.82e-17	82.8
lcl|AP019371.1_prot_BBH67133.1_3818	iLJ478.TM0296	33.4	308	183	10	8	301	7	306	2.50e-31	119
lcl|AP019371.1_prot_BBH67133.1_3818	iYL1228.KPN_00516	32.6	304	188	6	2	296	3	298	1.15e-28	111
lcl|AP019371.1_prot_BBH67141.1_3826	iEK1008.Rv0386	41.2	68	39	1	134	200	1009	1076	3.99e-07	49.7
lcl|AP019371.1_prot_BBH67143.1_3828	iEK1008.Rv1483	63.2	234	86	0	1	234	14	247	1.79e-97	284
lcl|AP019371.1_prot_BBH67144.1_3829	iEK1008.Rv1484	54.3	265	107	3	1	251	1	265	4.37e-99	290
lcl|AP019371.1_prot_BBH67145.1_3830	iEK1008.Rv1485	53.7	309	131	4	1	309	1	297	2.46e-109	322
lcl|AP019371.1_prot_BBH67146.1_3831	iML1515.b0675	45.0	249	133	2	7	255	3	247	1.11e-73	224
lcl|AP019371.1_prot_BBH67148.1_3833	iSynCJ816.SGL_RS05525	34.3	70	38	1	35	96	28	97	1.39e-06	43.9
lcl|AP019371.1_prot_BBH67149.1_3834	iPC815.YPO2167	40.4	104	45	6	5	99	2	97	2.02e-07	46.6
lcl|AP019371.1_prot_BBH67150.1_3835	iAF987.Gmet_0988	43.3	67	34	3	33	97	8	72	1.54e-07	48.1
lcl|AP019371.1_prot_BBH67150.1_3835	iLB1027_lipid.PHATRDRAFT_16157	34.4	93	57	3	13	102	8	99	5.13e-06	44.3
lcl|AP019371.1_prot_BBH67153.1_3838	iCN900.CD630_36640	23.9	285	204	4	84	356	30	313	2.52e-15	77.0
lcl|AP019371.1_prot_BBH67158.1_3843	iML1515.b0376	28.2	330	187	9	44	341	72	383	1.44e-21	95.5
lcl|AP019371.1_prot_BBH67163.1_3848	iAF987.Gmet_2999	28.5	193	110	6	4	174	10	196	4.87e-13	67.0
lcl|AP019371.1_prot_BBH67163.1_3848	iAF987.Gmet_0069	33.9	115	71	2	4	113	5	119	1.57e-11	62.4
lcl|AP019371.1_prot_BBH67163.1_3848	iJN1463.PP_1494	33.3	114	72	2	4	113	20	133	2.33e-11	62.0
lcl|AP019371.1_prot_BBH67164.1_3849	iAF987.Gmet_0043	27.3	227	142	7	238	446	44	265	6.53e-10	60.8
lcl|AP019371.1_prot_BBH67166.1_3851	iJN1463.PP_2230	38.6	909	498	22	4	865	62	957	6.52e-139	437
lcl|AP019371.1_prot_BBH67167.1_3852	iYO844.BSU31620	43.9	98	52	3	9	104	7	103	1.49e-17	72.4
lcl|AP019371.1_prot_BBH67167.1_3852	iYS854.USA300HOU_RS04710	45.8	96	49	3	12	105	6	100	6.72e-15	65.5
lcl|AP019371.1_prot_BBH67168.1_3853	iYO844.BSU31630	39.8	432	250	5	7	435	7	431	1.20e-93	293
lcl|AP019371.1_prot_BBH67170.1_3855	iYS854.USA300HOU_RS03405	31.3	64	44	0	17	80	22	85	6.30e-07	43.1
lcl|AP019371.1_prot_BBH67170.1_3855	iYO844.BSU31650	30.0	70	49	0	11	80	12	81	8.73e-06	40.0
lcl|AP019371.1_prot_BBH67171.1_3856	iYO844.BSU31660	36.6	93	55	1	12	100	15	107	2.30e-09	52.0
lcl|AP019371.1_prot_BBH67171.1_3856	iYS854.USA300HOU_RS03410	38.1	84	48	1	10	89	23	106	5.26e-09	51.6
lcl|AP019371.1_prot_BBH67171.1_3856	iYS854.USA300HOU_RS04690	33.7	95	59	2	12	102	16	110	5.79e-08	48.1
lcl|AP019371.1_prot_BBH67174.1_3859	STM_v1_0.STM3979	27.9	204	141	3	376	576	2	202	3.92e-16	77.8
lcl|AP019371.1_prot_BBH67174.1_3859	iYL1228.KPN_04338	26.5	204	144	3	376	576	2	202	9.73e-16	76.6
lcl|AP019371.1_prot_BBH67174.1_3859	iML1515.b3844	26.0	204	145	3	376	576	2	202	8.09e-15	73.9
lcl|AP019371.1_prot_BBH67174.1_3859	iSbBS512_1146.SbBS512_E4314	26.0	204	145	3	376	576	2	202	8.09e-15	73.9
lcl|AP019371.1_prot_BBH67174.1_3859	iSSON_1240.SSON_4017	26.0	204	145	3	376	576	2	202	8.09e-15	73.9
lcl|AP019371.1_prot_BBH67174.1_3859	iPC815.YPO3768	25.0	204	147	3	376	576	2	202	3.66e-14	72.0
lcl|AP019371.1_prot_BBH67177.1_3862	iEK1008.Rv2463	30.8	400	224	13	5	366	6	390	2.61e-26	108
lcl|AP019371.1_prot_BBH67179.1_3864	iAF987.Gmet_0410	31.2	462	279	11	5	446	2	444	3.44e-51	179
lcl|AP019371.1_prot_BBH67179.1_3864	iPC815.YPO0553	31.5	454	284	13	3	447	1	436	2.72e-48	171
lcl|AP019371.1_prot_BBH67179.1_3864	iCN718.ABAYE_RS17535	29.4	452	296	11	7	446	5	445	1.25e-44	161
lcl|AP019371.1_prot_BBH67179.1_3864	iHN637.CLJU_RS20420	28.0	397	246	11	73	447	79	457	1.51e-44	161
lcl|AP019371.1_prot_BBH67181.1_3866	iYS854.USA300HOU_RS01685	25.1	259	179	2	43	301	6	249	1.94e-15	74.7
lcl|AP019371.1_prot_BBH67182.1_3867	iCN900.CD630_34140	24.1	369	229	16	37	386	2	338	9.19e-08	53.9
lcl|AP019371.1_prot_BBH67183.1_3868	iEK1008.Rv1236	29.9	288	188	6	31	318	22	295	2.17e-27	108
lcl|AP019371.1_prot_BBH67183.1_3868	iYO844.BSU34150	25.3	293	203	5	36	316	122	410	3.45e-25	104
lcl|AP019371.1_prot_BBH67183.1_3868	iEK1008.Rv2316	27.5	280	190	4	29	308	6	272	2.97e-25	102
lcl|AP019371.1_prot_BBH67183.1_3868	iYO844.BSU28740	26.3	274	190	5	36	307	33	296	1.53e-23	98.2
lcl|AP019371.1_prot_BBH67184.1_3869	iEK1008.Rv1237	34.3	277	172	4	14	285	3	274	3.24e-45	153
lcl|AP019371.1_prot_BBH67186.1_3871	iEK1008.Rv2040c	33.2	268	160	5	34	294	37	292	3.64e-38	136
lcl|AP019371.1_prot_BBH67187.1_3872	iEK1008.Rv1237	32.8	256	167	2	44	299	23	273	1.45e-39	139
lcl|AP019371.1_prot_BBH67187.1_3872	iCN900.CD630_34150	32.0	256	168	3	44	299	37	286	3.11e-37	133
lcl|AP019371.1_prot_BBH67187.1_3872	iEK1008.Rv2317	29.2	274	185	5	27	299	9	274	3.71e-35	127
lcl|AP019371.1_prot_BBH67187.1_3872	iYS854.USA300HOU_RS01105	28.7	258	176	4	44	299	27	278	5.83e-35	127
lcl|AP019371.1_prot_BBH67189.1_3874	iJN1463.PP_2375	56.0	1231	506	19	2	1197	5	1234	0.0	1261
lcl|AP019371.1_prot_BBH67189.1_3874	iYL1228.KPN_04399	56.2	1233	500	20	1	1199	1	1227	0.0	1259
lcl|AP019371.1_prot_BBH67189.1_3874	iML1515.b4019	55.4	1232	512	19	1	1199	1	1227	0.0	1242
lcl|AP019371.1_prot_BBH67189.1_3874	iSSON_1240.SSON_4190	55.2	1232	514	19	1	1199	1	1227	0.0	1239
lcl|AP019371.1_prot_BBH67189.1_3874	iSF_1195.SF4085	55.1	1232	515	19	1	1199	1	1227	0.0	1238
lcl|AP019371.1_prot_BBH67189.1_3874	iCN718.ABAYE_RS14075	54.5	1230	522	18	3	1198	2	1227	0.0	1231
lcl|AP019371.1_prot_BBH67189.1_3874	iSDY_1059.SDY_4322	55.0	1229	515	19	1	1196	1	1224	0.0	1228
lcl|AP019371.1_prot_BBH67189.1_3874	iPC815.YPO3722	54.8	1223	518	17	8	1199	13	1231	0.0	1221
lcl|AP019371.1_prot_BBH67189.1_3874	iCHOv1.100763416	53.8	1246	515	20	11	1199	12	1253	0.0	1196
lcl|AP019371.1_prot_BBH67189.1_3874	iMM1415.238505	53.2	1246	522	22	11	1199	12	1253	0.0	1179
lcl|AP019371.1_prot_BBH67193.1_3878	iJN1463.PP_1494	33.9	115	75	1	4	118	20	133	6.02e-10	57.8
lcl|AP019371.1_prot_BBH67193.1_3878	iAF987.Gmet_0069	37.5	88	55	0	32	119	33	120	1.15e-08	53.9
lcl|AP019371.1_prot_BBH67193.1_3878	iEK1008.Rv0386	46.8	62	33	0	151	212	1020	1081	1.81e-08	53.9
lcl|AP019371.1_prot_BBH67194.1_3879	iML1515.b3996	29.5	112	72	2	24	135	132	236	1.27e-07	49.3
lcl|AP019371.1_prot_BBH67194.1_3879	iSbBS512_1146.SbBS512_E4487	29.5	112	72	2	24	135	132	236	1.27e-07	49.3
lcl|AP019371.1_prot_BBH67194.1_3879	iSF_1195.SF4068	29.5	112	72	2	24	135	132	236	1.27e-07	49.3
lcl|AP019371.1_prot_BBH67194.1_3879	iSSON_1240.SSON_4169	29.5	112	72	2	24	135	132	236	1.27e-07	49.3
lcl|AP019371.1_prot_BBH67194.1_3879	iYL1228.KPN_04378	29.5	112	72	2	24	135	132	236	8.12e-07	47.0
lcl|AP019371.1_prot_BBH67194.1_3879	STM_v1_0.STM4166	28.6	112	73	2	24	135	132	236	8.12e-07	47.0
lcl|AP019371.1_prot_BBH67194.1_3879	iSDY_1059.SDY_3730	29.1	110	71	2	24	133	132	234	1.11e-06	46.6
lcl|AP019371.1_prot_BBH67202.1_3887	iLB1027_lipid.PHATRDRAFT_17238	27.4	503	287	18	131	591	381	847	1.66e-20	95.9
lcl|AP019371.1_prot_BBH67204.1_3889	iAF987.Gmet_1706	37.7	114	69	1	4	117	3	114	2.49e-17	75.5
lcl|AP019371.1_prot_BBH67206.1_3891	iYS854.USA300HOU_RS14480	27.7	274	151	5	62	335	49	275	9.30e-24	102
lcl|AP019371.1_prot_BBH67207.1_3892	iLJ478.TM0025	36.1	670	374	14	22	643	43	706	8.27e-108	344
lcl|AP019371.1_prot_BBH67214.1_3899	iEK1008.Rv3043c	72.4	536	148	0	4	539	15	550	1.19e-297	818
lcl|AP019371.1_prot_BBH67218.1_3903	iML1515.b1337	32.6	279	165	5	18	275	16	292	7.29e-32	125
lcl|AP019371.1_prot_BBH67219.1_3904	iCHOv1.100764429	29.7	259	145	11	18	243	27	281	4.18e-10	59.7
lcl|AP019371.1_prot_BBH67219.1_3904	iMM1415.18194	28.9	263	150	11	18	247	31	289	4.37e-09	56.6
lcl|AP019371.1_prot_BBH67222.1_3907	iEK1008.Rv1206	32.5	160	96	3	23	181	72	220	2.61e-07	52.8
lcl|AP019371.1_prot_BBH67222.1_3907	iJN1463.PP_4063	41.0	78	44	2	349	424	425	502	4.41e-07	52.0
lcl|AP019371.1_prot_BBH67222.1_3907	iEK1008.Rv0119	26.8	473	257	18	24	431	35	483	1.71e-06	50.1
lcl|AP019371.1_prot_BBH67222.1_3907	STM_v1_0.STM2305	29.4	160	99	4	289	440	266	419	3.64e-06	48.9
lcl|AP019371.1_prot_BBH67223.1_3908	iEK1008.Rv2957	32.9	76	51	0	7	82	27	102	3.08e-04	40.8
lcl|AP019371.1_prot_BBH67223.1_3908	iSbBS512_1146.SbBS512_E4050	32.9	76	50	1	7	82	10	84	8.28e-04	39.7
lcl|AP019371.1_prot_BBH67223.1_3908	iSSON_1240.SSON_3782	32.9	76	50	1	7	82	10	84	8.28e-04	39.7
lcl|AP019371.1_prot_BBH67224.1_3909	iCN900.CD630_11790	30.2	325	208	7	2	317	4	318	1.22e-33	125
lcl|AP019371.1_prot_BBH67224.1_3909	iAF987.Gmet_1599	32.2	326	195	10	5	317	6	318	2.32e-32	122
lcl|AP019371.1_prot_BBH67224.1_3909	iYO844.BSU11330	30.1	322	200	9	1	317	1	302	4.74e-32	121
lcl|AP019371.1_prot_BBH67224.1_3909	iAF987.Gmet_3272	30.1	292	188	5	35	317	34	318	2.34e-31	119
lcl|AP019371.1_prot_BBH67224.1_3909	iYS854.USA300HOU_RS04875	28.3	332	212	9	1	325	1	313	9.50e-31	117
lcl|AP019371.1_prot_BBH67225.1_3910	iYS854.USA300HOU_RS06130	30.5	233	154	4	4	235	2	227	4.26e-28	118
lcl|AP019371.1_prot_BBH67230.1_3915	iAF987.Gmet_3085	24.4	361	253	11	348	699	104	453	4.09e-08	57.0
lcl|AP019371.1_prot_BBH67232.1_3917	iEK1008.Rv3537	41.5	554	281	12	7	522	4	552	1.01e-126	381
lcl|AP019371.1_prot_BBH67234.1_3919	iPC815.YPO3347	31.5	355	222	7	62	395	62	416	5.10e-26	108
lcl|AP019371.1_prot_BBH67234.1_3919	iSbBS512_1146.SbBS512_E3819	30.4	339	215	6	56	374	57	394	2.39e-25	106
lcl|AP019371.1_prot_BBH67234.1_3919	iML1515.b3502	30.4	339	215	6	56	374	57	394	6.03e-25	105
lcl|AP019371.1_prot_BBH67234.1_3919	iSDY_1059.SDY_3560	29.7	377	245	5	18	374	25	401	6.43e-25	105
lcl|AP019371.1_prot_BBH67234.1_3919	iSF_1195.SF3535	30.4	339	215	6	56	374	57	394	6.03e-25	105
lcl|AP019371.1_prot_BBH67234.1_3919	iSSON_1240.SSON_3737	30.4	339	215	6	56	374	64	401	6.43e-25	105
lcl|AP019371.1_prot_BBH67234.1_3919	iJN1463.PP_1929	28.5	396	259	6	1	374	1	394	6.89e-24	102
lcl|AP019371.1_prot_BBH67234.1_3919	iYL1228.KPN_03304	30.1	329	210	5	62	370	62	390	2.40e-23	100
lcl|AP019371.1_prot_BBH67234.1_3919	iJN1463.PP_2717	30.1	356	226	7	62	395	62	416	5.83e-23	99.8
lcl|AP019371.1_prot_BBH67235.1_3920	iEK1008.Rv1029	52.1	570	242	7	4	548	6	569	3.59e-180	519
lcl|AP019371.1_prot_BBH67235.1_3920	iPC815.YPO2692	49.7	555	268	6	2	547	4	556	1.49e-166	484
lcl|AP019371.1_prot_BBH67235.1_3920	iYL1228.KPN_00717	51.1	554	262	5	3	548	5	557	5.66e-163	474
lcl|AP019371.1_prot_BBH67235.1_3920	STM_v1_0.STM0706	50.4	558	260	7	3	548	5	557	5.66e-163	474
lcl|AP019371.1_prot_BBH67235.1_3920	iSSON_1240.SSON_0649	50.3	555	265	6	3	548	5	557	2.42e-161	470
lcl|AP019371.1_prot_BBH67235.1_3920	iML1515.b0698	49.9	555	267	6	3	548	5	557	2.76e-160	468
lcl|AP019371.1_prot_BBH67236.1_3921	iEK1008.Rv1030	70.4	710	172	8	2	687	8	703	1.94e-316	876
lcl|AP019371.1_prot_BBH67236.1_3921	iPC815.YPO2691	65.6	684	206	7	22	686	8	681	2.58e-287	801
lcl|AP019371.1_prot_BBH67236.1_3921	iSSON_1240.SSON_0648	65.2	683	205	5	22	686	8	675	1.19e-286	800
lcl|AP019371.1_prot_BBH67236.1_3921	iML1515.b0697	64.9	683	207	5	22	686	8	675	3.92e-285	796
lcl|AP019371.1_prot_BBH67236.1_3921	STM_v1_0.STM0705	64.2	687	213	5	22	690	8	679	2.25e-284	794
lcl|AP019371.1_prot_BBH67236.1_3921	iYL1228.KPN_00716	64.7	686	209	5	22	689	8	678	1.83e-283	791
lcl|AP019371.1_prot_BBH67237.1_3922	iEK1008.Rv1031	34.4	270	79	7	9	266	4	187	3.72e-27	103
lcl|AP019371.1_prot_BBH67238.1_3923	iSynCJ816.SGL_RS08885	39.1	353	209	2	3	354	20	367	2.42e-72	241
lcl|AP019371.1_prot_BBH67239.1_3924	iJN1463.PP_1200	43.3	624	346	4	9	630	19	636	2.78e-152	453
lcl|AP019371.1_prot_BBH67239.1_3924	iPC815.YPO0006	40.1	619	361	4	14	630	12	622	3.60e-149	444
lcl|AP019371.1_prot_BBH67239.1_3924	STM_v1_0.STM3880	38.7	623	371	5	11	630	8	622	1.79e-143	430
lcl|AP019371.1_prot_BBH67239.1_3924	iYL1228.KPN_04152	38.7	623	371	5	11	630	8	622	7.98e-142	426
lcl|AP019371.1_prot_BBH67239.1_3924	iSbBS512_1146.SbBS512_E4173	38.5	623	372	5	11	630	8	622	7.98e-142	426
lcl|AP019371.1_prot_BBH67239.1_3924	iML1515.b3747	38.4	623	373	5	11	630	8	622	1.13e-141	425
lcl|AP019371.1_prot_BBH67239.1_3924	iSF_1195.SF3828	38.2	623	374	5	11	630	8	622	2.24e-141	424
lcl|AP019371.1_prot_BBH67239.1_3924	iSSON_1240.SSON_3917	38.4	623	373	5	11	630	8	622	2.24e-141	424
lcl|AP019371.1_prot_BBH67239.1_3924	iSDY_1059.SDY_4001	37.9	625	375	6	11	630	8	624	4.68e-138	416
lcl|AP019371.1_prot_BBH67240.1_3925	iSynCJ816.SGL_RS08885	41.5	328	178	3	3	321	20	342	9.76e-66	223
lcl|AP019371.1_prot_BBH67241.1_3926	iAF987.Gmet_2999	38.4	112	66	1	4	112	10	121	1.08e-17	80.1
lcl|AP019371.1_prot_BBH67241.1_3926	iAF987.Gmet_1706	38.7	119	66	3	3	117	2	117	2.87e-17	78.6
lcl|AP019371.1_prot_BBH67247.1_3932	iLJ478.TM1724	35.6	275	138	6	91	359	2	243	4.63e-32	120
lcl|AP019371.1_prot_BBH67248.1_3933	iYO844.BSU03070	34.7	476	297	4	5	467	5	479	3.41e-83	271
lcl|AP019371.1_prot_BBH67250.1_3935	iEK1008.Rv2900c	58.3	757	305	3	3	749	22	777	2.62e-313	874
lcl|AP019371.1_prot_BBH67251.1_3936	iCN900.CD630_19790	50.5	297	144	2	40	334	41	336	7.16e-103	305
lcl|AP019371.1_prot_BBH67252.1_3937	iCN900.CD630_19800	32.8	241	162	0	10	250	16	256	5.55e-48	159
lcl|AP019371.1_prot_BBH67253.1_3938	iJN1463.PP_0209	42.5	240	127	3	9	240	19	255	6.34e-58	185
lcl|AP019371.1_prot_BBH67253.1_3938	iSynCJ816.SGL_RS05565	39.3	242	130	4	15	242	17	255	5.58e-55	177
lcl|AP019371.1_prot_BBH67254.1_3939	iCN900.CD630_19790	26.8	272	185	9	15	279	50	314	5.78e-15	73.9
lcl|AP019371.1_prot_BBH67255.1_3940	iEK1008.Rv2291	29.8	326	172	9	5	324	8	282	3.02e-28	112
lcl|AP019371.1_prot_BBH67257.1_3942	iYO844.BSU08860	25.4	343	212	9	75	412	44	347	1.05e-12	68.9
lcl|AP019371.1_prot_BBH67257.1_3942	iJN1463.PP_0238	26.3	327	185	10	75	390	46	327	6.04e-11	63.5
lcl|AP019371.1_prot_BBH67257.1_3942	iML1515.b0935	25.4	327	188	10	75	390	46	327	1.42e-10	62.4
lcl|AP019371.1_prot_BBH67257.1_3942	iYL1228.KPN_00971	26.0	327	186	10	75	390	46	327	1.42e-10	62.4
lcl|AP019371.1_prot_BBH67257.1_3942	iJN1463.PP_2765	28.2	206	125	5	89	294	73	255	1.32e-10	62.4
lcl|AP019371.1_prot_BBH67257.1_3942	iPC815.YPO3625	26.8	328	182	10	75	390	46	327	1.43e-10	62.4
lcl|AP019371.1_prot_BBH67258.1_3943	iYO844.BSU14390	26.5	275	195	4	35	309	34	301	7.29e-14	70.5
lcl|AP019371.1_prot_BBH67259.1_3944	iEK1008.Rv1237	32.5	231	154	1	38	266	44	274	7.87e-36	128
lcl|AP019371.1_prot_BBH67259.1_3944	iYO844.BSU30290	31.4	236	161	1	32	266	41	276	4.79e-34	124
lcl|AP019371.1_prot_BBH67259.1_3944	iEK1008.Rv2834c	33.5	266	170	6	4	266	14	275	9.21e-34	123
lcl|AP019371.1_prot_BBH67259.1_3944	iYO844.BSU06990	29.9	264	179	4	7	265	34	296	3.02e-32	119
lcl|AP019371.1_prot_BBH67259.1_3944	iEK1008.Rv2039c	31.1	251	171	2	16	266	32	280	2.26e-31	117
lcl|AP019371.1_prot_BBH67259.1_3944	iYO844.BSU28730	29.9	261	177	3	10	266	23	281	6.33e-31	115
lcl|AP019371.1_prot_BBH67260.1_3945	iEK1008.Rv2835c	33.6	274	171	5	13	281	28	295	2.45e-37	134
lcl|AP019371.1_prot_BBH67260.1_3945	iCN900.CD630_25490	28.3	283	196	5	2	281	18	296	3.01e-34	125
lcl|AP019371.1_prot_BBH67260.1_3945	iYO844.BSU30280	29.2	277	192	3	2	277	16	289	5.64e-34	125
lcl|AP019371.1_prot_BBH67260.1_3945	iEK1008.Rv2316	30.7	280	183	5	4	280	7	278	1.63e-33	123
lcl|AP019371.1_prot_BBH67262.1_3947	iYL1228.KPN_00971	53.2	363	149	4	1	356	1	349	2.03e-118	347
lcl|AP019371.1_prot_BBH67262.1_3947	iJN1463.PP_0238	53.4	363	148	5	1	356	1	349	8.43e-118	346
lcl|AP019371.1_prot_BBH67262.1_3947	iYO844.BSU08860	52.1	361	152	5	7	360	5	351	3.65e-115	339
lcl|AP019371.1_prot_BBH67262.1_3947	iPC815.YPO3625	52.6	363	151	4	1	356	1	349	8.92e-115	338
lcl|AP019371.1_prot_BBH67262.1_3947	iSF_1195.SF0934	52.6	363	151	4	1	356	1	349	2.45e-114	337
lcl|AP019371.1_prot_BBH67262.1_3947	iML1515.b0935	52.3	363	152	4	1	356	1	349	1.13e-112	333
lcl|AP019371.1_prot_BBH67263.1_3948	iAF987.Gmet_0043	26.8	246	165	6	469	707	32	269	2.44e-15	79.3
lcl|AP019371.1_prot_BBH67264.1_3949	iAF987.Gmet_2999	32.5	114	77	0	23	136	8	121	2.44e-14	68.2
lcl|AP019371.1_prot_BBH67264.1_3949	iJN1463.PP_1494	33.1	124	78	2	16	136	11	132	2.02e-13	65.5
lcl|AP019371.1_prot_BBH67264.1_3949	iAF987.Gmet_1706	30.4	112	76	1	25	136	3	112	4.53e-12	61.6
lcl|AP019371.1_prot_BBH67265.1_3950	iEK1008.Rv1854c	50.7	430	207	3	7	435	14	439	9.18e-147	426
lcl|AP019371.1_prot_BBH67265.1_3950	iEK1008.Rv0392c	50.8	433	208	4	6	436	13	442	1.51e-144	421
lcl|AP019371.1_prot_BBH67268.1_3953	iAF987.Gmet_1991	38.2	76	46	1	9	83	179	254	8.33e-08	52.4
lcl|AP019371.1_prot_BBH67268.1_3953	iAF987.Gmet_0043	25.2	238	165	5	17	244	32	266	1.04e-07	52.0
lcl|AP019371.1_prot_BBH67269.1_3954	iAF987.Gmet_3085	26.9	383	244	8	180	544	89	453	8.42e-25	110
lcl|AP019371.1_prot_BBH67271.1_3956	iAF987.Gmet_1991	22.5	395	272	13	26	394	26	412	2.22e-08	55.8
lcl|AP019371.1_prot_BBH67272.1_3957	iAF987.Gmet_0043	34.0	106	66	3	560	661	161	266	4.99e-08	55.8
lcl|AP019371.1_prot_BBH67273.1_3958	iAF987.Gmet_0487	27.2	386	261	11	16	392	7	381	4.79e-36	136
lcl|AP019371.1_prot_BBH67275.1_3960	iSynCJ816.SGL_RS08700	39.6	878	484	17	32	882	30	888	7.47e-171	520
lcl|AP019371.1_prot_BBH67275.1_3960	iYO844.BSU15650	37.0	888	531	14	13	886	3	876	8.98e-168	511
lcl|AP019371.1_prot_BBH67275.1_3960	iSynCJ816.SGL_RS16270	34.8	923	558	14	13	899	25	939	2.42e-161	496
lcl|AP019371.1_prot_BBH67275.1_3960	iAF692.Mbar_A0500	36.1	893	526	16	32	895	20	896	4.46e-151	468
lcl|AP019371.1_prot_BBH67278.1_3963	iJN1463.PP_3253	30.8	211	142	2	10	218	46	254	2.70e-19	87.0
lcl|AP019371.1_prot_BBH67285.1_3970	iML1515.b1601	31.3	319	198	4	2	311	16	322	4.90e-36	133
lcl|AP019371.1_prot_BBH67289.1_3974	iJN1463.PP_0718	49.5	562	280	3	6	566	12	570	4.06e-171	496
lcl|AP019371.1_prot_BBH67291.1_3976	iAF987.Gmet_2918	27.0	474	270	13	18	429	311	770	4.40e-36	142
lcl|AP019371.1_prot_BBH67298.1_3983	STM_v1_0.STM4467	44.4	403	220	4	5	405	6	406	7.59e-114	338
lcl|AP019371.1_prot_BBH67298.1_3983	iJN1463.PP_1001	44.0	409	222	5	3	405	8	415	5.08e-109	326
lcl|AP019371.1_prot_BBH67299.1_3984	iEK1008.Rv0805	31.4	223	121	9	36	236	15	227	1.91e-11	63.2
lcl|AP019371.1_prot_BBH67302.1_3987	iYO844.BSU03070	26.1	372	250	12	57	418	60	416	3.39e-16	80.5
lcl|AP019371.1_prot_BBH67309.1_3994	iAF987.Gmet_1092	27.1	240	155	2	1	220	34	273	1.18e-21	91.3
lcl|AP019371.1_prot_BBH67316.1_4001	iJN1463.PP_4935	31.0	394	236	9	179	550	206	585	1.66e-34	137
lcl|AP019371.1_prot_BBH67317.1_4002	iPC815.YPO1913	30.0	486	327	5	102	578	99	580	8.02e-48	176
lcl|AP019371.1_prot_BBH67317.1_4002	iEK1008.Rv1349	30.0	537	338	14	60	575	47	566	1.62e-44	166
lcl|AP019371.1_prot_BBH67317.1_4002	STM_v1_0.STM2774	30.6	553	370	9	32	575	655	1202	1.89e-41	160
lcl|AP019371.1_prot_BBH67317.1_4002	iJN1463.PP_4935	29.7	492	328	6	92	573	105	588	3.21e-42	160
lcl|AP019371.1_prot_BBH67317.1_4002	iSDY_1059.SDY_1025	30.4	559	361	10	32	574	652	1198	3.41e-41	159
lcl|AP019371.1_prot_BBH67320.1_4005	iYS854.USA300HOU_RS08170	36.1	238	151	1	132	368	115	352	1.39e-45	159
lcl|AP019371.1_prot_BBH67321.1_4006	iYO844.BSU03070	24.0	262	195	3	52	312	51	309	1.32e-16	82.0
lcl|AP019371.1_prot_BBH67325.1_4010	iML1515.b1492	27.3	469	322	10	40	491	21	487	2.86e-51	181
lcl|AP019371.1_prot_BBH67325.1_4010	iSbBS512_1146.SbBS512_E1755	27.3	469	322	10	40	491	21	487	2.86e-51	181
lcl|AP019371.1_prot_BBH67325.1_4010	iSF_1195.SF1735	27.3	469	322	10	40	491	21	487	2.86e-51	181
lcl|AP019371.1_prot_BBH67325.1_4010	iSSON_1240.SSON_1632	27.3	469	322	10	40	491	21	487	2.86e-51	181
lcl|AP019371.1_prot_BBH67325.1_4010	iNF517.LLMG_RS05965	28.2	426	294	7	40	454	14	438	4.70e-50	178
lcl|AP019371.1_prot_BBH67327.1_4012	iCHOv1.100761203	28.8	441	273	15	19	426	40	472	6.41e-35	135
lcl|AP019371.1_prot_BBH67327.1_4012	iMM1415.338403	30.5	374	232	12	75	426	93	460	5.05e-34	132
lcl|AP019371.1_prot_BBH67327.1_4012	iCHOv1.100760626	27.6	377	241	10	74	426	84	452	1.42e-30	122
lcl|AP019371.1_prot_BBH67328.1_4013	iEK1008.Rv2895c	33.6	262	152	9	18	266	10	262	2.67e-31	117
lcl|AP019371.1_prot_BBH67337.1_4022	iAF987.Gmet_1919	23.7	118	88	1	10	127	3	118	2.75e-07	47.8
lcl|AP019371.1_prot_BBH67337.1_4022	iAF987.Gmet_1914	27.2	103	73	1	12	114	4	104	1.85e-06	45.4
lcl|AP019371.1_prot_BBH67341.1_4026	iCN900.CD630_16590	31.8	660	435	12	23	675	32	683	8.04e-99	324
lcl|AP019371.1_prot_BBH67342.1_4027	iEK1008.Rv3032	26.9	350	199	12	45	361	65	390	9.34e-15	74.7
lcl|AP019371.1_prot_BBH67342.1_4027	iEK1008.Rv0486	29.0	303	186	8	84	364	149	444	2.03e-14	73.9
lcl|AP019371.1_prot_BBH67342.1_4027	iEK1008.Rv2188c	29.6	277	152	8	108	357	114	374	2.66e-14	73.2
lcl|AP019371.1_prot_BBH67342.1_4027	iYO844.BSU35590	25.6	312	172	12	81	365	107	385	1.18e-13	71.2
lcl|AP019371.1_prot_BBH67343.1_4028	iSbBS512_1146.SbBS512_E4050	35.5	93	59	1	7	98	8	100	2.79e-10	60.1
lcl|AP019371.1_prot_BBH67343.1_4028	iSSON_1240.SSON_3782	35.5	93	59	1	7	98	8	100	2.79e-10	60.1
lcl|AP019371.1_prot_BBH67343.1_4028	iYO844.BSU35550	37.6	101	61	1	7	105	8	108	8.25e-09	55.1
lcl|AP019371.1_prot_BBH67344.1_4029	iPC815.YPO0616	29.5	641	338	22	4	571	5	604	3.43e-46	172
lcl|AP019371.1_prot_BBH67345.1_4030	iSF_1195.SF0505	29.4	180	98	10	224	387	14	180	2.55e-05	45.8
lcl|AP019371.1_prot_BBH67345.1_4030	iML1515.b0591	29.4	180	98	10	224	387	14	180	3.41e-05	45.4
lcl|AP019371.1_prot_BBH67345.1_4030	iSSON_1240.SSON_0542	29.4	180	98	10	224	387	14	180	3.41e-05	45.4
lcl|AP019371.1_prot_BBH67345.1_4030	STM_v1_0.STM0593	29.4	180	98	10	224	387	14	180	4.51e-05	45.1
lcl|AP019371.1_prot_BBH67345.1_4030	iSbBS512_1146.SbBS512_E0493	29.4	180	98	10	224	387	14	180	5.99e-05	44.7
lcl|AP019371.1_prot_BBH67345.1_4030	iSDY_1059.SDY_0522	29.4	180	98	10	224	387	14	180	1.39e-04	43.5
lcl|AP019371.1_prot_BBH67345.1_4030	iYO844.BSU33960	24.8	109	77	3	246	350	36	143	2.58e-04	42.7
lcl|AP019371.1_prot_BBH67352.1_4037	iEK1008.Rv0545c	63.3	390	120	3	5	393	5	372	1.32e-157	450
lcl|AP019371.1_prot_BBH67355.1_4040	iEK1008.Rv1607	61.4	355	136	1	4	358	7	360	7.87e-131	378
lcl|AP019371.1_prot_BBH67356.1_4041	iML1515.b1519	32.2	121	73	5	41	161	35	146	4.40e-08	52.0
lcl|AP019371.1_prot_BBH67356.1_4041	iSbBS512_1146.SbBS512_E1690	32.2	121	73	5	41	161	26	137	4.15e-08	52.0
lcl|AP019371.1_prot_BBH67356.1_4041	iSDY_1059.SDY_1625	30.1	146	93	5	41	186	35	171	1.09e-07	50.8
lcl|AP019371.1_prot_BBH67356.1_4041	iSF_1195.SF1576	32.2	121	73	5	41	161	35	146	1.48e-07	50.4
lcl|AP019371.1_prot_BBH67357.1_4042	iML1515.b2810	32.3	399	222	11	11	377	10	392	3.06e-56	189
lcl|AP019371.1_prot_BBH67357.1_4042	iYL1228.KPN_03161	32.4	404	222	9	11	377	10	399	3.06e-56	189
lcl|AP019371.1_prot_BBH67357.1_4042	iSSON_1240.SSON_2967	32.3	399	222	11	11	377	10	392	3.06e-56	189
lcl|AP019371.1_prot_BBH67357.1_4042	iLB1027_lipid.PHATRDRAFT_19482	33.2	394	214	10	20	377	90	470	9.56e-55	187
lcl|AP019371.1_prot_BBH67357.1_4042	iSDY_1059.SDY_3028	32.1	399	223	11	11	377	10	392	1.18e-55	187
lcl|AP019371.1_prot_BBH67357.1_4042	iSbBS512_1146.SbBS512_E3060	31.8	399	224	11	11	377	10	392	1.66e-55	187
lcl|AP019371.1_prot_BBH67357.1_4042	STM_v1_0.STM2984	32.2	401	220	11	11	377	10	392	3.49e-54	183
lcl|AP019371.1_prot_BBH67357.1_4042	iML1515.b1680	33.5	403	215	13	10	374	8	395	7.70e-54	182
lcl|AP019371.1_prot_BBH67357.1_4042	iSSON_1240.SSON_1476	33.5	403	215	13	10	374	8	395	7.70e-54	182
lcl|AP019371.1_prot_BBH67357.1_4042	iCN718.ABAYE_RS11400	31.8	403	230	9	9	377	252	643	4.54e-51	180
lcl|AP019371.1_prot_BBH67357.1_4042	iSF_1195.SF2824	31.3	399	226	11	11	377	10	392	1.02e-52	179
lcl|AP019371.1_prot_BBH67357.1_4042	iSbBS512_1146.SbBS512_E1881	33.3	403	216	13	10	374	8	395	3.15e-52	178
lcl|AP019371.1_prot_BBH67357.1_4042	iSynCJ816.SGL_RS15265	30.9	405	234	11	9	377	12	406	3.40e-50	173
lcl|AP019371.1_prot_BBH67357.1_4042	iPC815.YPO1028	29.4	398	235	9	11	377	48	430	5.10e-50	173
lcl|AP019371.1_prot_BBH67358.1_4043	iPC815.YPO3011	33.0	300	184	7	6	303	4	288	2.46e-36	134
lcl|AP019371.1_prot_BBH67358.1_4043	STM_v1_0.STM2440	33.2	304	178	7	6	303	4	288	1.64e-35	132
lcl|AP019371.1_prot_BBH67358.1_4043	iYL1228.KPN_02769	33.9	304	176	7	6	303	4	288	6.09e-35	131
lcl|AP019371.1_prot_BBH67358.1_4043	iLB1027_lipid.PHATRDRAFT_42003	35.0	317	177	9	4	303	6	310	3.90e-33	129
lcl|AP019371.1_prot_BBH67358.1_4043	iCN718.ABAYE_RS15880	33.3	297	176	6	10	303	19	296	1.64e-33	127
lcl|AP019371.1_prot_BBH67358.1_4043	iJN1463.PP_1654	32.6	304	190	6	1	303	3	292	2.03e-33	127
lcl|AP019371.1_prot_BBH67358.1_4043	iSDY_1059.SDY_2617	32.6	304	180	7	6	303	4	288	5.89e-33	125
lcl|AP019371.1_prot_BBH67358.1_4043	iSSON_1240.SSON_2510	32.6	304	180	7	6	303	4	288	5.89e-33	125
lcl|AP019371.1_prot_BBH67358.1_4043	iML1515.b2421	32.6	304	180	7	6	303	4	288	1.13e-32	125
lcl|AP019371.1_prot_BBH67358.1_4043	iSbBS512_1146.SbBS512_E2793	32.2	304	181	7	6	303	4	288	3.00e-32	124
lcl|AP019371.1_prot_BBH67358.1_4043	iSF_1195.SF2476	32.6	304	180	7	6	303	4	288	3.00e-32	124
lcl|AP019371.1_prot_BBH67359.1_4044	iJN1463.PP_5227	33.5	197	117	7	61	247	55	247	3.34e-12	67.8
lcl|AP019371.1_prot_BBH67368.1_4053	iCN718.ABAYE_RS15295	38.3	316	186	5	11	320	110	422	1.15e-66	215
lcl|AP019371.1_prot_BBH67368.1_4053	iJN1463.PP_1177	36.4	324	195	6	11	328	98	416	1.04e-64	209
lcl|AP019371.1_prot_BBH67369.1_4054	iMM1415.20133	41.3	794	438	11	12	781	1	790	9.47e-199	583
lcl|AP019371.1_prot_BBH67369.1_4054	iLB1027_lipid.PHATRDRAFT_42726	42.6	766	410	10	11	754	2	759	5.32e-198	582
lcl|AP019371.1_prot_BBH67369.1_4054	iCHOv1.100761591	41.2	798	433	12	12	781	1	790	3.78e-198	582
lcl|AP019371.1_prot_BBH67369.1_4054	iJN1463.PP_1179	41.3	816	418	12	18	782	154	959	5.79e-193	574
lcl|AP019371.1_prot_BBH67369.1_4054	iMM904.YER070W	40.5	760	431	9	12	754	1	756	7.76e-187	556
lcl|AP019371.1_prot_BBH67369.1_4054	iAM_Pf480.PF3D7_1437200	41.0	756	429	10	12	754	42	793	9.09e-187	554
lcl|AP019371.1_prot_BBH67369.1_4054	iMM904.YIL066C	40.4	764	426	10	12	754	1	756	2.47e-186	554
lcl|AP019371.1_prot_BBH67369.1_4054	iAM_Pc455.PCYB_132180	40.9	756	430	10	12	754	31	782	5.32e-186	552
lcl|AP019371.1_prot_BBH67369.1_4054	iAM_Pv461.PVX_084685	40.7	756	431	10	12	754	42	793	4.15e-185	550
lcl|AP019371.1_prot_BBH67369.1_4054	iCN718.ABAYE_RS15285	39.7	832	432	12	12	782	122	944	2.70e-183	548
lcl|AP019371.1_prot_BBH67369.1_4054	iAM_Pb448.PBANKA_061160	40.7	756	431	10	12	754	42	793	3.18e-184	548
lcl|AP019371.1_prot_BBH67369.1_4054	iIS312.TCDM_04552	41.6	762	423	11	12	754	6	764	5.95e-180	535
lcl|AP019371.1_prot_BBH67370.1_4055	iYS854.USA300HOU_RS10305	26.8	299	200	8	15	301	3	294	2.32e-19	86.3
lcl|AP019371.1_prot_BBH67370.1_4055	iSynCJ816.SGL_RS16525	25.8	264	179	5	49	301	172	429	1.10e-18	85.5
lcl|AP019371.1_prot_BBH67371.1_4056	iEK1008.Rv0386	40.9	325	169	7	322	626	196	517	5.07e-41	163
lcl|AP019371.1_prot_BBH67372.1_4057	iEK1008.Rv0294	30.8	107	68	1	176	282	27	127	2.36e-05	45.1
lcl|AP019371.1_prot_BBH67372.1_4057	iSDY_1059.SDY_1625	31.6	133	83	3	157	288	9	134	3.01e-05	44.7
lcl|AP019371.1_prot_BBH67372.1_4057	iSF_1195.SF1576	31.6	133	83	3	157	288	9	134	4.02e-05	44.3
lcl|AP019371.1_prot_BBH67372.1_4057	iML1515.b1519	42.2	64	36	1	157	219	9	72	7.19e-05	43.5
lcl|AP019371.1_prot_BBH67372.1_4057	iSbBS512_1146.SbBS512_E1690	46.3	54	28	1	167	219	10	63	1.64e-04	42.4
lcl|AP019371.1_prot_BBH67374.1_4059	iAF987.Gmet_3476	33.6	119	76	3	548	665	12	128	1.11e-06	51.2
lcl|AP019371.1_prot_BBH67374.1_4059	iAF987.Gmet_1914	27.6	116	79	3	546	660	2	113	8.02e-06	48.5
lcl|AP019371.1_prot_BBH67374.1_4059	iAF987.Gmet_2999	32.9	79	51	1	4	82	10	86	2.68e-05	46.6
lcl|AP019371.1_prot_BBH67374.1_4059	iJN1463.PP_1494	30.0	120	76	4	2	118	18	132	3.31e-05	46.2
lcl|AP019371.1_prot_BBH67375.1_4060	iAF987.Gmet_0043	27.5	342	217	12	407	740	21	339	4.73e-19	92.0
lcl|AP019371.1_prot_BBH67375.1_4060	iAF987.Gmet_3085	31.7	218	140	4	121	338	171	379	1.42e-18	91.3
lcl|AP019371.1_prot_BBH67379.1_4064	iEK1008.Rv1293	31.4	274	169	5	17	271	6	279	1.89e-22	96.7
lcl|AP019371.1_prot_BBH67383.1_4068	iSynCJ816.SGL_RS08250	27.1	406	210	14	2	333	27	420	1.44e-33	130
lcl|AP019371.1_prot_BBH67383.1_4068	iLJ478.TM1835	29.1	350	203	10	9	333	47	376	5.14e-30	119
lcl|AP019371.1_prot_BBH67386.1_4071	iAF987.Gmet_1298	42.3	182	102	2	1503	1681	163	344	1.03e-33	134
lcl|AP019371.1_prot_BBH67386.1_4071	iAF987.Gmet_0069	44.5	164	89	2	1520	1681	138	301	3.45e-31	125
lcl|AP019371.1_prot_BBH67386.1_4071	iSbBS512_1146.SbBS512_E0302	43.1	167	93	2	1519	1684	200	365	2.52e-30	124
lcl|AP019371.1_prot_BBH67386.1_4071	iSDY_1059.SDY_0358	42.5	167	94	2	1519	1684	205	370	1.24e-29	122
lcl|AP019371.1_prot_BBH67387.1_4072	iMM1415.68977	34.1	135	72	6	66	191	14	140	1.57e-07	50.4
lcl|AP019371.1_prot_BBH67387.1_4072	iCN718.ABAYE_RS07230	34.4	93	55	3	103	191	51	141	9.71e-07	48.1
lcl|AP019371.1_prot_BBH67387.1_4072	iCHOv1.100772931	40.6	96	42	5	106	191	50	140	5.13e-06	46.2
lcl|AP019371.1_prot_BBH67387.1_4072	iJN1463.PP_4144	32.8	116	67	6	76	187	27	135	6.29e-06	45.8
lcl|AP019371.1_prot_BBH67392.1_4077	iJN1463.PP_2635	35.2	315	190	6	101	404	274	585	6.70e-47	175
lcl|AP019371.1_prot_BBH67397.1_4082	iML1515.b1601	25.2	322	227	7	22	340	11	321	2.74e-09	57.8
lcl|AP019371.1_prot_BBH67399.1_4084	iEK1008.Rv2051c	30.4	217	140	5	2	210	609	822	1.15e-16	79.0
lcl|AP019371.1_prot_BBH67400.1_4085	iYS854.USA300HOU_RS00870	28.4	380	253	11	16	382	7	380	1.78e-39	145
lcl|AP019371.1_prot_BBH67400.1_4085	iPC815.YPO3863	28.4	419	254	12	16	398	10	418	3.44e-39	144
lcl|AP019371.1_prot_BBH67400.1_4085	iSbBS512_1146.SbBS512_E4134	29.6	405	240	11	16	384	10	405	1.27e-38	143
lcl|AP019371.1_prot_BBH67400.1_4085	iSSON_1240.SSON_3959	29.6	405	240	11	16	384	10	405	1.27e-38	143
lcl|AP019371.1_prot_BBH67400.1_4085	iML1515.b3787	29.6	405	240	11	16	384	10	405	1.76e-38	142
lcl|AP019371.1_prot_BBH67400.1_4085	iSDY_1059.SDY_3961	29.6	405	240	11	16	384	10	405	1.76e-38	142
lcl|AP019371.1_prot_BBH67400.1_4085	iSF_1195.SF3861	29.6	405	240	11	16	384	10	405	1.76e-38	142
lcl|AP019371.1_prot_BBH67400.1_4085	iYL1228.KPN_04287	28.5	410	238	10	16	384	10	405	4.70e-38	141
lcl|AP019371.1_prot_BBH67400.1_4085	STM_v1_0.STM3921	29.5	410	234	10	16	384	10	405	9.02e-38	140
lcl|AP019371.1_prot_BBH67400.1_4085	iLJ478.TM0583	30.8	400	248	11	16	388	17	414	7.40e-35	133
lcl|AP019371.1_prot_BBH67404.1_4089	iEK1008.Rv2188c	26.8	366	220	15	20	360	13	355	1.48e-12	68.2
lcl|AP019371.1_prot_BBH67404.1_4089	iYS854.USA300HOU_RS02960	28.9	159	109	2	213	369	320	476	3.55e-12	67.4
lcl|AP019371.1_prot_BBH67404.1_4089	iAF692.Mbar_A1731	23.5	375	252	9	20	383	15	365	8.13e-11	62.8
lcl|AP019371.1_prot_BBH67406.1_4091	iML1515.b2232	32.3	99	60	1	1423	1514	60	158	7.66e-05	45.8
lcl|AP019371.1_prot_BBH67406.1_4091	iSbBS512_1146.SbBS512_E2607	32.3	99	60	1	1423	1514	60	158	7.66e-05	45.8
lcl|AP019371.1_prot_BBH67406.1_4091	iSDY_1059.SDY_2424	32.3	99	60	1	1423	1514	60	158	7.66e-05	45.8
lcl|AP019371.1_prot_BBH67406.1_4091	iSF_1195.SF2312	32.3	99	60	1	1423	1514	60	158	7.66e-05	45.8
lcl|AP019371.1_prot_BBH67406.1_4091	iSSON_1240.SSON_2290	32.3	99	60	1	1423	1514	60	158	7.66e-05	45.8
lcl|AP019371.1_prot_BBH67406.1_4091	iYL1228.KPN_02641	32.3	99	60	1	1423	1514	60	158	1.85e-04	44.7
lcl|AP019371.1_prot_BBH67406.1_4091	STM_v1_0.STM2276	32.3	99	60	1	1423	1514	60	158	2.48e-04	44.3
lcl|AP019371.1_prot_BBH67406.1_4091	iLB1027_lipid.PHATRDRAFT_9984	32.1	106	63	4	1418	1514	56	161	4.63e-04	43.5
lcl|AP019371.1_prot_BBH67406.1_4091	iJN1463.PP_1765	33.7	101	56	2	1423	1514	51	149	4.09e-04	43.5
lcl|AP019371.1_prot_BBH67406.1_4091	iLB1027_lipid.PHATRDRAFT_20470	40.5	42	25	0	1472	1513	145	186	8.46e-04	43.1
lcl|AP019371.1_prot_BBH67408.1_4093	iJN1463.PP_1703	57.8	1345	523	13	5	1310	3	1341	0.0	1494
lcl|AP019371.1_prot_BBH67409.1_4094	iCHOv1.100769832	53.5	43	20	0	8	50	29	71	9.16e-09	48.1
lcl|AP019371.1_prot_BBH67410.1_4095	iML1515.b0331	29.3	164	105	4	33	187	33	194	1.82e-08	53.9
lcl|AP019371.1_prot_BBH67410.1_4095	STM_v1_0.STM0368	27.4	175	110	5	33	192	33	205	2.60e-07	50.4
lcl|AP019371.1_prot_BBH67412.1_4097	iEK1008.Rv2463	26.7	165	115	4	57	219	32	192	4.79e-06	48.5
lcl|AP019371.1_prot_BBH67412.1_4097	iEK1008.Rv1497	30.8	133	76	4	93	219	86	208	1.10e-04	44.3
lcl|AP019371.1_prot_BBH67414.1_4099	iAF987.Gmet_0043	23.2	410	271	14	231	624	19	400	3.61e-09	59.3
lcl|AP019371.1_prot_BBH67418.1_4103	iEK1008.Rv3537	52.2	554	249	3	3	541	5	557	1.74e-192	550
lcl|AP019371.1_prot_BBH67421.1_4106	iEK1008.Rv3544c	51.5	136	66	0	99	234	201	336	4.89e-42	145
lcl|AP019371.1_prot_BBH67422.1_4107	iEK1008.Rv3543c	60.8	390	140	3	1	380	1	387	1.01e-160	456
lcl|AP019371.1_prot_BBH67423.1_4108	iEK1008.Rv3541c	60.4	106	36	2	294	393	17	122	7.00e-33	119
lcl|AP019371.1_prot_BBH67424.1_4109	iEK1008.Rv3540c	67.3	385	119	1	1	378	1	385	8.42e-179	501
lcl|AP019371.1_prot_BBH67426.1_4111	iAT_PLT_636.645	29.7	175	103	6	1	166	3	166	7.62e-09	53.1
lcl|AP019371.1_prot_BBH67426.1_4111	iMM1415.233016	27.4	175	107	5	1	166	3	166	1.43e-08	52.4
lcl|AP019371.1_prot_BBH67426.1_4111	iCHOv1.100768929	28.8	177	102	7	1	166	3	166	9.39e-08	50.1
lcl|AP019371.1_prot_BBH67428.1_4113	iEK1008.Rv3534c	75.9	328	79	0	2	329	7	334	3.16e-175	489
lcl|AP019371.1_prot_BBH67429.1_4114	iEK1008.Rv3535c	68.2	289	86	2	2	284	6	294	6.84e-133	378
lcl|AP019371.1_prot_BBH67430.1_4115	iEK1008.Rv3536c	62.5	251	89	2	9	254	10	260	4.64e-105	305
lcl|AP019371.1_prot_BBH67431.1_4116	iNF517.LLMG_RS07275	23.0	514	288	16	2	480	59	499	2.91e-16	80.9
lcl|AP019371.1_prot_BBH67432.1_4117	iEK1008.Rv3537	52.2	556	247	3	1	537	1	556	1.93e-191	547
lcl|AP019371.1_prot_BBH67433.1_4118	iEK1008.Rv3571	43.8	340	151	7	3	302	17	356	1.50e-87	265
lcl|AP019371.1_prot_BBH67435.1_4120	iEK1008.Rv3526	62.6	361	135	0	4	364	11	371	9.96e-175	491
lcl|AP019371.1_prot_BBH67436.1_4121	iEK1008.Rv3570c	54.5	387	174	1	2	388	10	394	1.36e-152	436
lcl|AP019371.1_prot_BBH67437.1_4122	iEK1008.Rv3569c	59.5	269	105	3	1	266	24	291	2.25e-107	312
lcl|AP019371.1_prot_BBH67438.1_4123	iEK1008.Rv3568c	55.1	292	127	2	4	291	3	294	2.35e-115	334
lcl|AP019371.1_prot_BBH67439.1_4124	iEK1008.Rv3567c	46.7	135	70	1	1	133	24	158	7.31e-39	130
lcl|AP019371.1_prot_BBH67440.1_4125	iEK1008.Rv3564	40.4	324	159	9	4	312	6	310	5.05e-63	202
lcl|AP019371.1_prot_BBH67441.1_4126	iEK1008.Rv3563	45.6	281	142	4	28	304	46	319	1.11e-61	198
lcl|AP019371.1_prot_BBH67442.1_4127	iEK1008.Rv3562	60.3	375	141	2	1	367	1	375	1.77e-161	457
lcl|AP019371.1_prot_BBH67443.1_4128	iEK1008.Rv1935c	43.2	257	143	3	10	263	36	292	3.40e-60	193
lcl|AP019371.1_prot_BBH67444.1_4129	iEK1008.Rv3561	58.7	501	198	6	3	496	6	504	2.30e-180	515
lcl|AP019371.1_prot_BBH67445.1_4130	iEK1008.Rv3560c	62.7	383	132	5	1	374	1	381	1.48e-166	470
lcl|AP019371.1_prot_BBH67446.1_4131	iLJ478.TM1724	41.4	244	135	5	10	251	3	240	3.09e-43	146
lcl|AP019371.1_prot_BBH67449.1_4134	iEK1008.Rv3546	67.4	393	99	5	1	366	1	391	3.57e-175	492
lcl|AP019371.1_prot_BBH67450.1_4135	iEK1008.Rv3545c	57.5	402	167	3	9	407	27	427	1.88e-169	481
lcl|AP019371.1_prot_BBH67452.1_4137	iAM_Pv461.PVX_097920	29.6	223	114	9	166	351	139	355	5.96e-12	67.8
lcl|AP019371.1_prot_BBH67454.1_4139	iEK1008.Rv3409c	28.6	559	294	23	32	522	8	529	4.69e-19	90.1
lcl|AP019371.1_prot_BBH67455.1_4140	iEK1008.Rv3523	72.9	380	100	1	4	380	6	385	3.96e-203	563
lcl|AP019371.1_prot_BBH67456.1_4141	iEK1008.Rv3522	56.3	348	131	5	3	329	5	352	1.42e-125	363
lcl|AP019371.1_prot_BBH67458.1_4143	iEK1008.Rv0214	42.4	491	271	7	44	527	50	535	6.08e-119	360
lcl|AP019371.1_prot_BBH67459.1_4144	iAF987.Gmet_2349	32.9	595	373	4	24	616	1	571	1.57e-83	272
lcl|AP019371.1_prot_BBH67459.1_4144	iPC815.YPO1395	32.6	540	339	5	80	617	66	582	1.10e-82	270
lcl|AP019371.1_prot_BBH67459.1_4144	iSF_1195.SF0910	32.1	546	346	5	74	617	60	582	6.48e-80	263
lcl|AP019371.1_prot_BBH67459.1_4144	iSSON_1240.SSON_0916	32.1	546	346	5	74	617	60	582	6.48e-80	263
lcl|AP019371.1_prot_BBH67459.1_4144	iML1515.b0914	32.1	546	346	5	74	617	60	582	9.05e-80	263
lcl|AP019371.1_prot_BBH67459.1_4144	STM_v1_0.STM0984	31.3	546	350	5	74	617	60	582	9.05e-80	263
lcl|AP019371.1_prot_BBH67459.1_4144	iSbBS512_1146.SbBS512_E2410	32.1	546	346	5	74	617	60	582	9.05e-80	263
lcl|AP019371.1_prot_BBH67459.1_4144	iSDY_1059.SDY_2344	32.1	546	346	5	74	617	60	582	9.05e-80	263
lcl|AP019371.1_prot_BBH67459.1_4144	iYL1228.KPN_00941	31.6	545	350	4	74	617	60	582	1.84e-78	259
lcl|AP019371.1_prot_BBH67459.1_4144	iJN1463.PP_3466	32.6	561	356	5	32	591	18	557	1.89e-78	259
lcl|AP019371.1_prot_BBH67460.1_4145	iEK1008.Rv1533	52.3	371	161	9	1	357	1	369	2.07e-107	319
lcl|AP019371.1_prot_BBH67461.1_4146	iEK1008.Rv3515c	51.6	541	231	8	2	516	3	538	2.46e-184	527
lcl|AP019371.1_prot_BBH67462.1_4147	iEK1008.Rv3516	73.3	258	67	1	2	257	6	263	4.82e-126	358
lcl|AP019371.1_prot_BBH67463.1_4148	iJN1463.PP_0552	32.9	331	183	13	25	323	22	345	6.01e-26	106
lcl|AP019371.1_prot_BBH67463.1_4148	iAF987.Gmet_2151	35.1	222	127	7	12	226	6	217	2.76e-25	104
lcl|AP019371.1_prot_BBH67463.1_4148	iMM904.YOL086C	29.2	339	205	14	24	341	20	344	1.52e-23	99.4
lcl|AP019371.1_prot_BBH67463.1_4148	iMM904.YMR303C	28.5	344	193	14	28	341	24	344	3.93e-23	98.2
lcl|AP019371.1_prot_BBH67463.1_4148	iMM904.YBR145W	29.3	335	210	10	24	341	23	347	5.59e-23	97.8
lcl|AP019371.1_prot_BBH67463.1_4148	iYS854.USA300HOU_RS03215	27.7	321	208	9	35	341	24	334	6.31e-23	97.4
lcl|AP019371.1_prot_BBH67465.1_4150	iML1515.b1619	30.8	253	162	3	2	253	9	249	9.89e-26	101
lcl|AP019371.1_prot_BBH67465.1_4150	iAF987.Gmet_1601	31.4	255	162	3	2	255	3	245	2.24e-25	100
lcl|AP019371.1_prot_BBH67465.1_4150	iYL1228.KPN_01869	32.3	257	166	5	3	255	4	256	7.88e-23	93.6
lcl|AP019371.1_prot_BBH67465.1_4150	iYO844.BSU15910	27.8	255	170	4	1	253	1	243	2.41e-22	92.0
lcl|AP019371.1_prot_BBH67466.1_4151	iEK1008.Rv3529c	58.7	375	147	3	6	372	7	381	2.74e-156	445
lcl|AP019371.1_prot_BBH67468.1_4153	iAF692.Mbar_A0420	28.3	191	114	6	11	197	15	186	7.03e-11	61.6
lcl|AP019371.1_prot_BBH67469.1_4154	iEK1008.Rv3505	58.0	143	49	2	61	192	227	369	4.03e-43	147
lcl|AP019371.1_prot_BBH67470.1_4155	iEK1008.Rv3504	61.9	396	117	7	1	362	1	396	2.89e-164	464
lcl|AP019371.1_prot_BBH67471.1_4156	iEK1008.Rv3556c	61.3	385	135	4	2	373	3	386	8.49e-148	422
lcl|AP019371.1_prot_BBH67472.1_4157	iEK1008.Rv3553	59.5	341	135	1	1	338	3	343	5.00e-138	395
lcl|AP019371.1_prot_BBH67473.1_4158	iEK1008.Rv3552	50.0	244	104	2	4	229	3	246	3.29e-75	227
lcl|AP019371.1_prot_BBH67474.1_4159	iEK1008.Rv3551	57.3	279	108	4	6	273	7	285	1.12e-102	300
lcl|AP019371.1_prot_BBH67475.1_4160	iEK1008.Rv3550	65.0	234	82	0	10	243	12	245	1.65e-98	287
lcl|AP019371.1_prot_BBH67476.1_4161	iML1515.b1619	33.9	248	142	6	2	229	5	250	3.76e-24	96.7
lcl|AP019371.1_prot_BBH67476.1_4161	iCHOv1.100759323	33.5	251	140	8	13	239	71	318	4.42e-21	89.7
lcl|AP019371.1_prot_BBH67477.1_4162	iYO844.BSU19310	43.5	481	263	5	16	495	19	491	1.42e-126	377
lcl|AP019371.1_prot_BBH67477.1_4162	iCHOv1.100765516	45.2	485	255	7	14	495	36	512	6.82e-122	366
lcl|AP019371.1_prot_BBH67477.1_4162	iEK1008.Rv0223c	46.6	483	243	9	18	496	10	481	1.01e-121	365
lcl|AP019371.1_prot_BBH67477.1_4162	iJN1463.PP_3463	44.1	483	258	6	18	495	20	495	3.90e-121	363
lcl|AP019371.1_prot_BBH67477.1_4162	iMM1415.72535	44.9	485	256	8	14	495	36	512	1.72e-119	360
lcl|AP019371.1_prot_BBH67477.1_4162	iMM1415.11669	42.2	495	275	7	4	495	26	512	7.65e-115	348
lcl|AP019371.1_prot_BBH67478.1_4163	iCN900.CD630_27420	26.4	201	106	9	34	232	28	188	1.18e-08	54.3
lcl|AP019371.1_prot_BBH67482.1_4167	iEK1008.Rv3502c	50.5	289	129	5	3	278	22	309	2.26e-78	240
lcl|AP019371.1_prot_BBH67483.1_4168	iLJ478.TM1724	43.1	248	132	2	3	245	2	245	2.35e-53	172
lcl|AP019371.1_prot_BBH67483.1_4168	iEK1008.Rv1350	43.9	244	129	2	4	243	5	244	4.83e-53	171
lcl|AP019371.1_prot_BBH67485.1_4170	iYS854.USA300HOU_RS00275	37.4	372	214	6	2	357	4	372	8.80e-75	235
lcl|AP019371.1_prot_BBH67485.1_4170	iEK1008.Rv3086	41.2	345	194	5	24	359	24	368	1.23e-69	222
lcl|AP019371.1_prot_BBH67485.1_4170	iEK1008.Rv2259	38.6	342	206	2	19	358	21	360	1.24e-67	216
lcl|AP019371.1_prot_BBH67485.1_4170	iEK1008.Rv0162c	37.4	369	213	5	1	357	15	377	2.50e-66	214
lcl|AP019371.1_prot_BBH67486.1_4171	iAF692.Mbar_A0254	28.7	307	191	12	25	324	24	309	9.91e-18	82.4
lcl|AP019371.1_prot_BBH67495.1_4180	iCN718.ABAYE_RS12975	31.6	351	208	6	1	321	1	349	4.90e-43	151
lcl|AP019371.1_prot_BBH67495.1_4180	iYO844.BSU09530	33.9	298	178	6	1	289	1	288	3.01e-38	138
lcl|AP019371.1_prot_BBH67497.1_4182	iEK1008.Rv2397c	29.6	267	136	4	23	282	1	222	1.65e-22	95.5
lcl|AP019371.1_prot_BBH67497.1_4182	iAF987.Gmet_1903	29.6	260	141	4	27	282	3	224	9.30e-21	90.5
lcl|AP019371.1_prot_BBH67497.1_4182	iYS854.USA300HOU_RS13040	27.7	256	152	3	27	282	2	224	2.81e-20	87.4
lcl|AP019371.1_prot_BBH67497.1_4182	iSynCJ816.SGL_RS17160	27.6	257	144	4	30	284	6	222	1.30e-19	87.4
lcl|AP019371.1_prot_BBH67497.1_4182	iSDY_1059.SDY_1733	26.5	268	143	5	23	282	1	222	2.79e-19	86.3
lcl|AP019371.1_prot_BBH67509.1_4194	iCN718.ABAYE_RS05715	31.8	132	62	7	60	175	5	124	7.38e-07	46.2
lcl|AP019371.1_prot_BBH67509.1_4194	iYL1228.KPN_01990	30.8	130	74	5	58	177	3	126	2.00e-06	45.1
lcl|AP019371.1_prot_BBH67509.1_4194	STM_v1_0.STM1435	30.2	126	76	5	58	175	3	124	1.87e-05	42.4
lcl|AP019371.1_prot_BBH67510.1_4195	iML1515.b1617	29.6	226	127	8	122	330	67	277	2.67e-17	86.3
lcl|AP019371.1_prot_BBH67510.1_4195	iLJ478.TM1062	26.8	381	215	13	109	453	31	383	2.39e-17	86.3
lcl|AP019371.1_prot_BBH67511.1_4196	iLJ478.TM1848	59.6	817	321	5	1	812	1	813	0.0	1024
lcl|AP019371.1_prot_BBH67512.1_4197	iYO844.BSU39780	24.7	292	178	9	4	257	1	288	6.25e-11	61.6
lcl|AP019371.1_prot_BBH67513.1_4198	iEK1008.Rv2485c	35.7	227	133	5	30	253	148	364	1.17e-29	115
lcl|AP019371.1_prot_BBH67513.1_4198	iEK1008.Rv2284	36.1	194	115	3	48	241	181	365	5.84e-27	108
lcl|AP019371.1_prot_BBH67514.1_4199	iAF692.Mbar_A0420	30.2	328	212	9	1	315	1	324	8.50e-44	152
lcl|AP019371.1_prot_BBH67522.1_4207	iEK1008.Rv0231	57.7	567	236	4	1	564	1	566	5.30e-224	631
lcl|AP019371.1_prot_BBH67525.1_4210	iAF987.Gmet_2812	30.4	263	163	12	8	255	17	274	2.39e-18	82.8
lcl|AP019371.1_prot_BBH67527.1_4212	iJN1463.PP_4935	24.5	416	273	7	135	518	182	588	7.41e-15	77.0
lcl|AP019371.1_prot_BBH67527.1_4212	iAF987.Gmet_2349	27.6	315	192	6	234	518	257	565	8.81e-14	73.6
lcl|AP019371.1_prot_BBH67528.1_4213	STM_v1_0.STM2774	31.9	467	276	12	128	566	751	1203	7.61e-41	158
lcl|AP019371.1_prot_BBH67528.1_4213	iSDY_1059.SDY_1025	30.7	472	289	13	128	573	748	1207	4.63e-39	153
lcl|AP019371.1_prot_BBH67528.1_4213	iEK1008.Rv1348	40.5	227	126	2	347	564	615	841	4.65e-38	149
lcl|AP019371.1_prot_BBH67528.1_4213	iJN1463.PP_4935	37.0	284	161	6	292	563	311	588	5.75e-38	147
lcl|AP019371.1_prot_BBH67531.1_4216	iCHOv1.100762963	33.0	100	61	2	270	363	505	604	1.31e-05	47.0
lcl|AP019371.1_prot_BBH67531.1_4216	iCHOv1.100751325	27.8	115	65	2	263	359	323	437	2.75e-05	45.8
lcl|AP019371.1_prot_BBH67531.1_4216	iCHOv1.100763430	26.9	119	69	2	263	363	323	441	2.75e-05	45.8
lcl|AP019371.1_prot_BBH67531.1_4216	iCHOv1.100751798	27.7	119	68	2	263	363	323	441	1.11e-04	43.9
lcl|AP019371.1_prot_BBH67531.1_4216	iMM1415.100559	25.3	178	122	5	185	359	268	437	1.11e-04	43.9
lcl|AP019371.1_prot_BBH67534.1_4219	iJN1463.PP_0382	33.6	152	82	8	18	153	14	162	9.95e-09	53.9
lcl|AP019371.1_prot_BBH67543.1_4228	iAF987.Gmet_1092	32.4	216	135	1	33	237	74	289	2.88e-27	106
lcl|AP019371.1_prot_BBH67544.1_4229	iAF692.Mbar_A3070	38.4	385	213	7	40	401	9	392	2.29e-54	186
lcl|AP019371.1_prot_BBH67546.1_4231	iMM904.YMR088C	26.6	308	206	8	29	321	50	352	1.17e-12	69.7
lcl|AP019371.1_prot_BBH67551.1_4236	iEK1008.Rv0386	45.7	92	39	3	802	886	991	1078	8.82e-12	68.9
lcl|AP019371.1_prot_BBH67552.1_4237	iYL1228.KPN_01622	27.7	285	186	6	16	288	9	285	5.74e-12	64.7
lcl|AP019371.1_prot_BBH67552.1_4237	iML1515.b1533	25.5	290	201	5	16	295	9	293	4.71e-11	62.0
lcl|AP019371.1_prot_BBH67552.1_4237	iSDY_1059.SDY_1594	26.6	233	157	4	73	295	32	260	4.11e-10	58.9
lcl|AP019371.1_prot_BBH67552.1_4237	iSF_1195.SF1561	26.2	233	158	4	73	295	32	260	4.11e-10	58.9
lcl|AP019371.1_prot_BBH67554.1_4239	iAF987.Gmet_0043	27.0	330	208	9	153	464	48	362	2.69e-10	62.4
lcl|AP019371.1_prot_BBH67554.1_4239	iAF987.Gmet_3085	30.8	120	82	1	16	135	211	329	2.33e-09	59.7
lcl|AP019371.1_prot_BBH67561.1_4246	iLJ478.TM0116	28.1	448	292	8	10	457	7	424	3.78e-48	173
lcl|AP019371.1_prot_BBH67561.1_4246	iCN900.CD630_30650	26.4	530	354	12	7	527	4	506	2.71e-46	169
lcl|AP019371.1_prot_BBH67561.1_4246	iYO844.BSU17610	25.8	531	345	12	7	527	4	495	2.49e-43	160
lcl|AP019371.1_prot_BBH67561.1_4246	iLJ478.TM0284	27.1	524	349	14	11	525	7	506	1.00e-42	159
lcl|AP019371.1_prot_BBH67562.1_4247	iSSON_1240.SSON_0166	37.1	361	212	8	317	672	4	354	6.35e-61	211
lcl|AP019371.1_prot_BBH67562.1_4247	iML1515.b0154	37.1	361	212	8	317	672	4	354	2.34e-60	209
lcl|AP019371.1_prot_BBH67562.1_4247	STM_v1_0.STM0202	37.4	361	211	8	317	672	4	354	3.23e-60	209
lcl|AP019371.1_prot_BBH67562.1_4247	iSF_1195.SF0146	37.1	361	212	8	317	672	4	354	4.48e-60	208
lcl|AP019371.1_prot_BBH67562.1_4247	iSbBS512_1146.SbBS512_E0146	36.6	361	214	8	317	672	4	354	1.19e-59	207
lcl|AP019371.1_prot_BBH67562.1_4247	iSDY_1059.SDY_0170	36.8	361	213	8	317	672	4	354	1.19e-59	207
lcl|AP019371.1_prot_BBH67562.1_4247	iPC815.YPO3389	36.0	364	218	8	317	675	4	357	8.31e-59	205
lcl|AP019371.1_prot_BBH67562.1_4247	iYL1228.KPN_00169	33.3	436	269	10	317	745	4	424	2.20e-58	204
lcl|AP019371.1_prot_BBH67562.1_4247	iYO844.BSU28120	33.1	447	263	14	310	745	4	425	1.06e-54	194
lcl|AP019371.1_prot_BBH67562.1_4247	iJN1463.PP_4784	33.6	441	267	13	317	748	4	427	3.58e-54	192
lcl|AP019371.1_prot_BBH67562.1_4247	iYS854.USA300HOU_RS08830	34.2	442	263	13	315	747	4	426	5.05e-54	192
lcl|AP019371.1_prot_BBH67564.1_4249	iYL1228.KPN_01663	27.7	310	202	10	1	291	5	311	2.63e-14	73.2
lcl|AP019371.1_prot_BBH67564.1_4249	iJN1463.PP_3944	26.0	358	219	12	1	326	9	352	5.03e-12	66.2
lcl|AP019371.1_prot_BBH67565.1_4250	iAF987.Gmet_2721	30.7	371	222	9	339	676	304	672	6.31e-29	122
lcl|AP019371.1_prot_BBH67565.1_4250	iJN1463.PP_0129	41.1	185	84	4	506	668	462	643	7.01e-28	119
lcl|AP019371.1_prot_BBH67569.1_4254	iEK1008.Rv3518c	37.5	312	182	5	94	394	82	391	3.44e-46	162
lcl|AP019371.1_prot_BBH67573.1_4258	iEK1008.Rv1745c	53.2	190	86	2	1	187	11	200	1.12e-68	207
lcl|AP019371.1_prot_BBH67575.1_4260	iLB1027_lipid.PHATRDRAFT_49505	50.7	450	214	2	12	460	9	451	6.70e-152	439
lcl|AP019371.1_prot_BBH67586.1_4271	iYS854.USA300HOU_RS11805	27.0	270	174	4	13	269	3	262	9.29e-19	87.0
lcl|AP019371.1_prot_BBH67588.1_4273	iSynCJ816.SGL_RS09640	28.9	152	85	5	132	267	131	275	2.19e-04	42.0
lcl|AP019371.1_prot_BBH67593.1_4278	iJN1463.PP_1001	60.6	411	157	3	5	411	8	417	8.60e-187	524
lcl|AP019371.1_prot_BBH67594.1_4279	iJN1463.PP_1003	48.3	470	230	2	10	466	6	475	1.41e-144	421
lcl|AP019371.1_prot_BBH67594.1_4279	iJN1463.PP_1002	46.3	469	239	2	11	466	7	475	1.55e-138	406
lcl|AP019371.1_prot_BBH67597.1_4282	iYL1228.KPN_04095	32.7	398	226	10	17	402	15	382	3.10e-52	178
lcl|AP019371.1_prot_BBH67597.1_4282	STM_v1_0.STM3828	32.9	398	225	10	17	402	15	382	4.35e-52	178
lcl|AP019371.1_prot_BBH67597.1_4282	iML1515.b4478	32.2	395	232	8	17	402	15	382	1.19e-51	177
lcl|AP019371.1_prot_BBH67598.1_4283	iJN1463.PP_3816	29.1	199	141	0	32	230	34	232	3.95e-24	97.8
lcl|AP019371.1_prot_BBH67599.1_4284	iCN718.ABAYE_RS05150	31.7	202	132	2	78	278	65	261	1.47e-18	83.2
lcl|AP019371.1_prot_BBH67600.1_4285	STM_v1_0.STM3554	43.0	349	191	4	7	347	4	352	4.80e-84	258
lcl|AP019371.1_prot_BBH67600.1_4285	iYL1228.KPN_03810	41.5	349	196	4	7	347	4	352	4.32e-82	253
lcl|AP019371.1_prot_BBH67600.1_4285	iML1515.b3450	41.3	349	197	4	7	347	4	352	2.44e-81	251
lcl|AP019371.1_prot_BBH67600.1_4285	iCN900.CD630_35300	50.6	237	117	0	7	243	4	240	2.28e-81	250
lcl|AP019371.1_prot_BBH67600.1_4285	iCN900.CD630_35270	39.7	353	172	4	7	346	4	328	4.56e-81	249
lcl|AP019371.1_prot_BBH67600.1_4285	iSbBS512_1146.SbBS512_E3873	41.3	349	197	4	7	347	4	352	1.94e-80	249
lcl|AP019371.1_prot_BBH67600.1_4285	iJN1463.PP_1018	41.7	355	188	7	7	343	4	357	2.49e-79	247
lcl|AP019371.1_prot_BBH67600.1_4285	iJN1463.PP_0411	44.4	306	164	3	2	303	10	313	3.71e-79	246
lcl|AP019371.1_prot_BBH67600.1_4285	iYS854.USA300HOU_RS05485	40.2	343	194	3	6	342	4	341	7.80e-79	245
lcl|AP019371.1_prot_BBH67600.1_4285	iYL1228.KPN_04424	42.2	351	188	6	7	343	4	353	3.59e-78	243
lcl|AP019371.1_prot_BBH67600.1_4285	iSDY_1059.SDY_2026	52.5	238	113	0	6	243	17	254	1.31e-77	242
lcl|AP019371.1_prot_BBH67600.1_4285	iLJ478.TM0421	38.8	353	202	4	7	347	4	354	1.51e-77	241
lcl|AP019371.1_prot_BBH67600.1_4285	iML1515.b1126	52.1	238	114	0	6	243	17	254	7.38e-77	240
lcl|AP019371.1_prot_BBH67600.1_4285	STM_v1_0.STM1226	52.5	236	112	0	6	241	17	252	7.38e-77	240
lcl|AP019371.1_prot_BBH67600.1_4285	iSF_1195.SF1128	52.1	238	114	0	6	243	17	254	7.38e-77	240
lcl|AP019371.1_prot_BBH67600.1_4285	iSbBS512_1146.SbBS512_E1304	51.7	238	115	0	6	243	17	254	2.93e-76	239
lcl|AP019371.1_prot_BBH67600.1_4285	iSSON_1240.SSON_1144	51.7	238	115	0	6	243	17	254	2.93e-76	239
lcl|AP019371.1_prot_BBH67600.1_4285	STM_v1_0.STM4230	41.3	351	191	5	7	343	4	353	3.19e-76	238
lcl|AP019371.1_prot_BBH67600.1_4285	iJN1463.PP_3817	40.9	350	185	6	3	333	11	357	6.55e-76	238
lcl|AP019371.1_prot_BBH67600.1_4285	iYL1228.KPN_01132	50.8	238	117	0	6	243	17	254	1.16e-75	237
lcl|AP019371.1_prot_BBH67600.1_4285	iSynCJ816.SGL_RS17635	41.4	353	191	5	12	348	9	361	2.13e-75	236
lcl|AP019371.1_prot_BBH67600.1_4285	iML1515.b4035	49.6	232	117	0	7	238	4	235	5.34e-75	235
lcl|AP019371.1_prot_BBH67600.1_4285	iSF_1195.SF4170	49.6	232	117	0	7	238	4	235	5.34e-75	235
lcl|AP019371.1_prot_BBH67600.1_4285	iSSON_1240.SSON_4213	49.6	232	117	0	7	238	4	235	5.34e-75	235
lcl|AP019371.1_prot_BBH67600.1_4285	iLJ478.TM1376	47.2	235	124	0	9	243	8	242	6.92e-75	235
lcl|AP019371.1_prot_BBH67600.1_4285	iPC815.YPO3712	50.9	230	113	0	9	238	6	235	2.83e-74	233
lcl|AP019371.1_prot_BBH67602.1_4287	iYL1228.KPN_04156	26.7	251	159	10	63	296	29	271	1.16e-09	58.2
lcl|AP019371.1_prot_BBH67602.1_4287	STM_v1_0.STM3884	25.3	249	167	8	63	297	29	272	3.94e-08	53.5
lcl|AP019371.1_prot_BBH67602.1_4287	iML1515.b3751	25.4	248	166	8	63	296	29	271	5.27e-08	53.1
lcl|AP019371.1_prot_BBH67610.1_4295	iCN900.CD630_07170	28.2	227	146	5	1	227	1	210	2.82e-15	73.9
lcl|AP019371.1_prot_BBH67610.1_4295	iHN637.CLJU_RS18545	29.1	223	141	6	1	223	3	208	5.32e-15	73.2
lcl|AP019371.1_prot_BBH67612.1_4297	iYO844.BSU18260	35.1	387	221	8	1	368	1	376	3.70e-61	201
lcl|AP019371.1_prot_BBH67612.1_4297	iAF987.Gmet_1710	34.5	383	231	7	1	368	1	378	1.53e-57	191
lcl|AP019371.1_prot_BBH67612.1_4297	iAT_PLT_636.35	37.8	304	180	6	69	366	102	402	2.51e-54	184
lcl|AP019371.1_prot_BBH67612.1_4297	iAT_PLT_636.36	35.5	335	204	5	43	368	95	426	2.99e-53	181
lcl|AP019371.1_prot_BBH67613.1_4298	iEK1008.Rv1731	35.1	456	284	6	11	455	34	488	1.38e-66	222
lcl|AP019371.1_prot_BBH67613.1_4298	iLB1027_lipid.PHATRDRAFT_20445	32.9	468	292	6	4	449	2	469	5.07e-62	210
lcl|AP019371.1_prot_BBH67613.1_4298	iLB1027_lipid.PHATRDRAFT_31599	33.0	457	283	7	8	451	16	462	8.67e-61	206
lcl|AP019371.1_prot_BBH67613.1_4298	iEK1008.Rv0147	33.0	442	280	5	20	449	40	477	1.44e-58	201
lcl|AP019371.1_prot_BBH67618.1_4303	iEK1008.Rv2259	33.4	305	187	8	2	295	60	359	4.63e-41	145
lcl|AP019371.1_prot_BBH67618.1_4303	iAT_PLT_636.125	33.3	312	189	11	1	295	64	373	7.38e-36	132
lcl|AP019371.1_prot_BBH67621.1_4306	iJN1463.PP_1703	27.3	722	446	20	8	690	10	691	9.38e-45	173
lcl|AP019371.1_prot_BBH67621.1_4306	iHN637.CLJU_RS04405	25.2	710	428	20	8	677	9	655	1.06e-40	159
lcl|AP019371.1_prot_BBH67621.1_4306	iCN900.CD630_21790	24.5	715	429	24	8	677	43	691	2.06e-40	158
lcl|AP019371.1_prot_BBH67624.1_4309	iJN1463.PP_4210	51.0	202	98	1	18	219	23	223	1.81e-52	178
lcl|AP019371.1_prot_BBH67624.1_4309	iCN900.CD630_19470	39.9	218	131	0	2	219	10	227	4.90e-55	175
lcl|AP019371.1_prot_BBH67624.1_4309	iYO844.BSU30420	42.1	221	124	1	1	217	1	221	3.04e-54	173
lcl|AP019371.1_prot_BBH67624.1_4309	iEK1008.Rv2564	43.1	218	123	1	2	219	4	220	7.45e-52	170
lcl|AP019371.1_prot_BBH67624.1_4309	iEK1008.Rv0073	43.9	214	119	1	2	215	4	216	1.16e-50	167
lcl|AP019371.1_prot_BBH67624.1_4309	iYL1228.KPN_00213	43.2	220	123	2	1	219	1	219	2.27e-50	166
lcl|AP019371.1_prot_BBH67625.1_4310	iCN900.CD630_19470	38.1	218	133	1	2	219	10	225	1.37e-45	153
lcl|AP019371.1_prot_BBH67625.1_4310	iJN1463.PP_4210	43.1	202	112	2	18	219	23	221	1.55e-38	142
lcl|AP019371.1_prot_BBH67625.1_4310	iEK1008.Rv0073	41.9	215	122	2	2	216	4	215	1.40e-39	140
lcl|AP019371.1_prot_BBH67628.1_4313	iCN718.ABAYE_RS12975	29.6	345	186	7	3	307	2	329	5.35e-33	125
lcl|AP019371.1_prot_BBH67628.1_4313	iSbBS512_1146.SbBS512_E3430	31.4	315	191	11	3	304	14	316	6.68e-30	117
lcl|AP019371.1_prot_BBH67628.1_4313	iML1515.b3001	31.4	315	191	11	3	304	14	316	1.28e-29	116
lcl|AP019371.1_prot_BBH67628.1_4313	iSF_1195.SF3047	31.4	315	191	11	3	304	14	316	1.28e-29	116
lcl|AP019371.1_prot_BBH67628.1_4313	iSSON_1240.SSON_3145	31.4	315	191	11	3	304	14	316	1.28e-29	116
lcl|AP019371.1_prot_BBH67630.1_4315	iCN718.ABAYE_RS09970	29.6	466	297	10	4	458	6	451	3.79e-48	171
lcl|AP019371.1_prot_BBH67630.1_4315	iAF987.Gmet_2764	33.3	453	270	14	4	439	6	443	1.23e-47	170
lcl|AP019371.1_prot_BBH67630.1_4315	iCN900.CD630_07230	29.2	462	295	9	6	458	3	441	4.68e-47	168
lcl|AP019371.1_prot_BBH67630.1_4315	iYO844.BSU24060	28.6	468	307	11	4	458	5	458	5.80e-45	163
lcl|AP019371.1_prot_BBH67630.1_4315	iEK1008.Rv0462	30.5	485	291	11	1	467	1	457	3.35e-43	158
lcl|AP019371.1_prot_BBH67630.1_4315	iYS854.USA300HOU_RS05470	29.3	471	294	11	5	462	11	455	4.97e-43	157
lcl|AP019371.1_prot_BBH67630.1_4315	iHN637.CLJU_RS18515	29.2	472	291	12	6	462	3	446	3.03e-42	155
lcl|AP019371.1_prot_BBH67630.1_4315	iAF987.Gmet_0177	29.4	473	288	12	3	458	5	448	6.76e-42	154
lcl|AP019371.1_prot_BBH67632.1_4317	iSynCJ816.SGL_RS08060	31.2	221	130	6	1	216	1	204	4.38e-19	85.9
lcl|AP019371.1_prot_BBH67632.1_4317	iJN1463.PP_2416	34.1	214	119	6	21	223	26	228	8.50e-17	80.1
lcl|AP019371.1_prot_BBH67632.1_4317	iSynCJ816.SGL_RS04625	31.3	208	115	8	19	212	35	228	2.31e-16	79.3
lcl|AP019371.1_prot_BBH67632.1_4317	iSynCJ816.SGL_RS14425	30.8	211	131	5	11	216	56	256	2.15e-16	79.3
lcl|AP019371.1_prot_BBH67632.1_4317	iAF987.Gmet_2439	31.0	232	126	7	1	216	1	214	2.42e-16	78.6
lcl|AP019371.1_prot_BBH67632.1_4317	iAF987.Gmet_0492	34.3	216	109	9	1	198	1	201	6.38e-16	77.4
lcl|AP019371.1_prot_BBH67633.1_4318	iEK1008.Rv0386	47.1	68	36	0	887	954	1013	1080	4.46e-08	57.0
lcl|AP019371.1_prot_BBH67637.1_4322	iYS854.USA300HOU_RS13590	45.1	193	102	2	18	210	40	228	4.79e-54	172
lcl|AP019371.1_prot_BBH67642.1_4327	iJN1463.PP_0970	39.4	371	218	3	10	377	57	423	1.87e-61	203
lcl|AP019371.1_prot_BBH67645.1_4330	iCHOv1.100767001	44.0	439	197	12	47	437	31	468	4.86e-109	335
lcl|AP019371.1_prot_BBH67645.1_4330	iMM1415.100043684	42.4	439	204	12	47	437	31	468	1.24e-102	319
lcl|AP019371.1_prot_BBH67645.1_4330	iMM1415.11722	42.5	442	202	13	47	437	31	471	2.68e-102	318
lcl|AP019371.1_prot_BBH67650.1_4335	iJN1463.PP_0553	28.6	259	158	10	5	246	120	368	1.33e-08	54.3
lcl|AP019371.1_prot_BBH67655.1_4340	iEK1008.Rv3409c	27.3	556	271	21	44	505	8	524	5.81e-19	89.7
lcl|AP019371.1_prot_BBH67657.1_4342	iEK1008.Rv3401	62.1	779	282	4	1	767	1	778	0.0	929
lcl|AP019371.1_prot_BBH67668.1_4353	iEK1008.Rv1237	32.7	266	171	2	15	273	9	273	4.60e-41	142
lcl|AP019371.1_prot_BBH67668.1_4353	iYS854.USA300HOU_RS01105	30.9	259	175	3	17	273	22	278	1.03e-40	141
lcl|AP019371.1_prot_BBH67668.1_4353	iYO844.BSU28730	30.9	256	169	4	22	273	29	280	2.70e-37	132
lcl|AP019371.1_prot_BBH67668.1_4353	iYO844.BSU30290	31.1	254	171	3	21	273	25	275	1.31e-36	130
lcl|AP019371.1_prot_BBH67668.1_4353	iCN900.CD630_34150	28.4	250	175	3	16	264	31	277	3.25e-36	130
lcl|AP019371.1_prot_BBH67669.1_4354	iEK1008.Rv2040c	39.1	289	167	6	2	287	4	286	3.60e-47	159
lcl|AP019371.1_prot_BBH67672.1_4357	iYS854.USA300HOU_RS01685	32.4	213	129	3	25	237	20	217	1.28e-17	80.5
lcl|AP019371.1_prot_BBH67674.1_4359	iAF987.Gmet_0843	25.6	242	149	5	18	254	20	235	2.79e-06	47.4
lcl|AP019371.1_prot_BBH67682.1_4367	iJN1463.PP_3461	28.6	154	105	2	15	168	101	249	2.05e-07	53.9
lcl|AP019371.1_prot_BBH67687.1_4372	iEK1008.Rv3106	40.8	466	245	10	3	448	2	456	1.45e-104	318
lcl|AP019371.1_prot_BBH67696.1_4381	iEK1008.Rv3570c	28.0	357	241	7	10	354	18	370	1.90e-29	117
lcl|AP019371.1_prot_BBH67701.1_4386	iCN900.CD630_26790	37.0	254	148	2	10	251	5	258	6.11e-51	166
lcl|AP019371.1_prot_BBH67701.1_4386	iJN1463.PP_3073	40.9	257	141	3	5	251	1	256	6.47e-50	164
lcl|AP019371.1_prot_BBH67701.1_4386	iCN718.ABAYE_RS09790	37.0	257	150	2	7	251	5	261	3.30e-48	159
lcl|AP019371.1_prot_BBH67703.1_4388	iSSON_1240.SSON_4052	44.7	414	221	5	12	424	19	425	5.61e-112	337
lcl|AP019371.1_prot_BBH67703.1_4388	iML1515.b1981	42.2	422	237	4	12	432	22	437	1.30e-104	317
lcl|AP019371.1_prot_BBH67703.1_4388	iSDY_1059.SDY_2254	42.4	422	236	4	12	432	22	437	1.30e-104	317
lcl|AP019371.1_prot_BBH67703.1_4388	iYL1228.KPN_02458	42.0	419	238	4	12	429	21	435	5.35e-104	316
lcl|AP019371.1_prot_BBH67704.1_4389	iEK1008.Rv2156c	42.8	367	201	2	1	367	1	358	3.65e-103	308
lcl|AP019371.1_prot_BBH67705.1_4390	iEK1008.Rv0202c	31.8	727	439	14	7	689	3	716	4.60e-63	226
lcl|AP019371.1_prot_BBH67706.1_4391	iJN1463.PP_3561	28.3	304	195	7	5	291	16	313	4.84e-18	82.4
lcl|AP019371.1_prot_BBH67718.1_4403	iNF517.LLMG_RS08930	46.0	454	233	5	1	450	1	446	2.62e-114	370
lcl|AP019371.1_prot_BBH67718.1_4403	iYO844.BSU24340	46.3	451	231	5	1	448	1	443	3.06e-114	370
lcl|AP019371.1_prot_BBH67718.1_4403	iHN637.CLJU_RS20745	45.0	451	236	5	1	448	1	442	3.73e-111	361
lcl|AP019371.1_prot_BBH67718.1_4403	iAF692.Mbar_A1587	44.1	451	239	5	1	448	1	441	7.55e-110	359
lcl|AP019371.1_prot_BBH67718.1_4403	iAF987.Gmet_3292	39.7	647	350	13	1	623	1	631	1.95e-106	355
lcl|AP019371.1_prot_BBH67718.1_4403	iEK1008.Rv3285	44.6	451	235	8	4	448	14	455	4.32e-103	343
lcl|AP019371.1_prot_BBH67718.1_4403	iJN1463.PP_4067	38.5	649	329	15	5	623	9	617	3.68e-101	340
lcl|AP019371.1_prot_BBH67718.1_4403	iJN1463.PP_5347	42.2	450	248	5	1	448	1	440	3.99e-103	339
lcl|AP019371.1_prot_BBH67718.1_4403	iCN718.ABAYE_RS02960	37.5	640	353	16	2	623	3	613	2.83e-100	337
lcl|AP019371.1_prot_BBH67718.1_4403	iYS854.USA300HOU_RS08155	41.8	450	251	4	3	449	2	443	1.64e-101	333
lcl|AP019371.1_prot_BBH67723.1_4408	iAM_Pb448.PBANKA_091170	28.9	305	174	12	147	426	638	924	1.56e-09	62.0
lcl|AP019371.1_prot_BBH67723.1_4408	iAM_Pf480.PF3D7_1136900	30.0	257	139	10	191	426	737	973	4.11e-08	57.4
lcl|AP019371.1_prot_BBH67723.1_4408	iAM_Pc455.PCYB_094280	28.9	256	143	8	191	426	716	952	1.19e-07	55.8
lcl|AP019371.1_prot_BBH67726.1_4411	iLJ478.TM0449	38.7	225	109	5	3	225	11	208	2.09e-32	117
lcl|AP019371.1_prot_BBH67729.1_4414	iYL1228.KPN_00256	47.6	452	231	3	6	452	30	480	1.49e-129	383
lcl|AP019371.1_prot_BBH67729.1_4414	iSSON_1240.SSON_2805	47.5	453	230	4	6	452	30	480	2.11e-129	382
lcl|AP019371.1_prot_BBH67729.1_4414	STM_v1_0.STM2791	46.9	454	235	3	4	452	28	480	2.99e-129	382
lcl|AP019371.1_prot_BBH67729.1_4414	iML1515.b2661	47.5	453	230	4	6	452	30	480	5.99e-129	381
lcl|AP019371.1_prot_BBH67729.1_4414	iJN1463.PP_0213	47.3	455	232	4	3	452	27	478	1.59e-128	380
lcl|AP019371.1_prot_BBH67729.1_4414	iCN718.ABAYE_RS11770	44.9	452	243	3	3	449	27	477	2.80e-122	364
lcl|AP019371.1_prot_BBH67729.1_4414	iMM1415.214579	45.8	456	239	4	3	450	63	518	2.03e-120	361
lcl|AP019371.1_prot_BBH67729.1_4414	iAF987.Gmet_3395	45.3	455	243	4	3	452	28	481	3.47e-120	359
lcl|AP019371.1_prot_BBH67729.1_4414	iCN718.ABAYE_RS14730	44.6	455	246	3	3	452	28	481	4.29e-118	353
lcl|AP019371.1_prot_BBH67729.1_4414	iYO844.BSU03910	44.0	455	246	4	6	452	7	460	8.93e-118	352
lcl|AP019371.1_prot_BBH67729.1_4414	iAT_PLT_636.7915	44.1	469	241	5	3	450	75	543	1.53e-114	347
lcl|AP019371.1_prot_BBH67730.1_4415	iEK1008.Rv2589	71.1	432	116	2	4	426	15	446	7.26e-208	580
lcl|AP019371.1_prot_BBH67733.1_4418	iCN718.ABAYE_RS14110	50.1	343	159	4	4	334	38	380	1.17e-111	329
lcl|AP019371.1_prot_BBH67733.1_4418	iLJ478.TM0282	48.4	339	157	9	6	334	25	355	3.67e-99	296
lcl|AP019371.1_prot_BBH67737.1_4422	iEK1008.Rv1938	25.2	329	182	11	38	307	26	349	1.53e-15	75.9
lcl|AP019371.1_prot_BBH67737.1_4422	iCHOv1.100757328	32.5	151	84	5	27	170	246	385	2.23e-13	70.1
lcl|AP019371.1_prot_BBH67738.1_4423	iAF987.Gmet_0069	28.5	144	97	4	4	142	5	147	9.88e-06	45.1
lcl|AP019371.1_prot_BBH67738.1_4423	iEK1008.Rv0386	40.7	59	35	0	150	208	1025	1083	3.42e-05	43.9
lcl|AP019371.1_prot_BBH67749.1_4434	iEK1008.Rv0132c	28.7	223	149	7	23	242	56	271	3.95e-15	74.7
lcl|AP019371.1_prot_BBH67749.1_4434	iAF692.Mbar_A0254	28.6	217	134	8	25	238	16	214	7.90e-15	73.6
lcl|AP019371.1_prot_BBH67749.1_4434	iAF692.Mbar_A0420	25.9	201	141	5	28	226	21	215	5.90e-13	68.2
lcl|AP019371.1_prot_BBH67750.1_4435	iCN718.ABAYE_RS07200	31.8	358	185	13	94	439	123	433	5.13e-38	143
lcl|AP019371.1_prot_BBH67755.1_4440	STM_v1_0.STM2232	26.9	687	371	21	27	682	6	592	4.98e-45	170
lcl|AP019371.1_prot_BBH67755.1_4440	iYS854.USA300HOU_RS13930	32.3	353	219	9	27	367	17	361	8.87e-40	154
lcl|AP019371.1_prot_BBH67761.1_4446	iJN1463.PP_1494	32.0	103	69	1	5	107	20	121	3.03e-07	49.7
lcl|AP019371.1_prot_BBH67761.1_4446	iAF987.Gmet_1706	29.7	118	79	4	4	121	2	115	1.05e-05	45.1
lcl|AP019371.1_prot_BBH67763.1_4448	iEK1008.Rv0202c	35.4	540	330	6	191	719	192	723	2.01e-70	248
lcl|AP019371.1_prot_BBH67764.1_4449	iMM1415.211389	31.8	333	171	15	201	482	197	524	2.93e-27	114
lcl|AP019371.1_prot_BBH67764.1_4449	iCHOv1.100768542	31.2	333	173	15	201	482	196	523	7.10e-27	113
lcl|AP019371.1_prot_BBH67764.1_4449	iAT_PLT_636.6821	29.9	354	189	16	201	500	203	551	7.85e-26	110
lcl|AP019371.1_prot_BBH67765.1_4450	iSynCJ816.SGL_RS06280	41.8	122	62	3	94	211	15	131	3.16e-20	82.4
lcl|AP019371.1_prot_BBH67768.1_4453	iYL1228.KPN_01663	27.4	113	63	4	1	96	1	111	5.84e-04	37.0
lcl|AP019371.1_prot_BBH67772.1_4457	iEK1008.Rv0206c	28.2	751	443	15	1	678	16	743	1.28e-53	198
lcl|AP019371.1_prot_BBH67772.1_4457	iEK1008.Rv0202c	33.6	538	319	12	166	681	186	707	1.85e-50	189
lcl|AP019371.1_prot_BBH67775.1_4460	iSynCJ816.SGL_RS14875	32.9	76	48	1	19	94	7	79	9.03e-06	43.1
lcl|AP019371.1_prot_BBH67775.1_4460	iAF987.Gmet_0988	41.8	55	32	0	29	83	28	82	2.38e-05	42.0
lcl|AP019371.1_prot_BBH67775.1_4460	iSynCJ816.SGL_RS05525	32.8	64	35	2	34	94	28	86	2.14e-04	39.3
lcl|AP019371.1_prot_BBH67775.1_4460	iPC815.YPO2054	35.1	57	30	2	34	86	18	71	2.11e-04	39.3
lcl|AP019371.1_prot_BBH67777.1_4462	iCHOv1.100767445	37.8	74	43	3	1	73	43	114	1.82e-05	42.0
lcl|AP019371.1_prot_BBH67778.1_4463	iEK1008.Rv2048c	27.6	134	71	4	22	150	3591	3703	8.17e-06	44.3
lcl|AP019371.1_prot_BBH67778.1_4463	iEK1008.Rv1912c	45.7	46	25	0	5	50	184	229	2.88e-05	42.4
lcl|AP019371.1_prot_BBH67779.1_4464	iJN1463.PP_3173	43.3	363	190	6	5	354	3	362	1.95e-85	262
lcl|AP019371.1_prot_BBH67779.1_4464	iJN1463.PP_2486	39.4	376	201	8	3	356	4	374	7.19e-76	238
lcl|AP019371.1_prot_BBH67783.1_4468	iCN718.ABAYE_RS01180	24.9	341	235	8	6	339	1	327	5.08e-12	66.6
lcl|AP019371.1_prot_BBH67783.1_4468	iYL1228.KPN_01663	26.7	352	214	14	6	339	1	326	6.74e-11	63.2
lcl|AP019371.1_prot_BBH67783.1_4468	iYS854.USA300HOU_RS12480	22.6	372	195	13	6	339	1	317	2.73e-10	61.2
lcl|AP019371.1_prot_BBH67786.1_4471	iJN1463.PP_3944	26.8	358	215	11	8	336	8	347	3.05e-21	93.2
lcl|AP019371.1_prot_BBH67786.1_4471	iYL1228.KPN_01663	26.8	343	229	8	7	336	3	336	1.98e-20	90.9
lcl|AP019371.1_prot_BBH67786.1_4471	iCN718.ABAYE_RS01180	26.7	348	226	12	9	339	5	340	1.07e-18	85.9
lcl|AP019371.1_prot_BBH67787.1_4472	iEK1008.Rv3588c	45.5	191	99	2	39	226	4	192	2.68e-49	160
lcl|AP019371.1_prot_BBH67794.1_4479	iSynCJ816.SGL_RS04775	34.3	108	67	2	13	116	20	127	1.01e-12	66.2
lcl|AP019371.1_prot_BBH67796.1_4481	iAF987.Gmet_3085	28.3	290	171	7	358	624	211	486	1.74e-18	90.9
lcl|AP019371.1_prot_BBH67798.1_4483	iLJ478.TM0272	52.1	894	382	15	3	871	4	876	1.46e-272	779
lcl|AP019371.1_prot_BBH67798.1_4483	iCN900.CD630_24100	49.1	888	412	12	2	870	3	869	7.41e-266	761
lcl|AP019371.1_prot_BBH67798.1_4483	iAF987.Gmet_2940	51.1	904	387	16	3	873	4	885	1.62e-265	761
lcl|AP019371.1_prot_BBH67798.1_4483	iAF692.Mbar_A1396	48.1	889	423	10	1	867	1	873	5.52e-262	752
lcl|AP019371.1_prot_BBH67798.1_4483	iHN637.CLJU_RS04010	47.8	887	423	13	3	870	5	870	7.85e-253	728
lcl|AP019371.1_prot_BBH67814.1_4499	iEK1008.Rv0536	60.2	347	131	3	3	344	2	346	1.73e-130	376
lcl|AP019371.1_prot_BBH67819.1_4504	iCHOv1.100768542	33.3	162	80	6	263	396	225	386	5.30e-13	70.1
lcl|AP019371.1_prot_BBH67819.1_4504	iMM1415.211389	32.7	162	81	6	263	396	226	387	5.30e-13	70.1
lcl|AP019371.1_prot_BBH67819.1_4504	iAT_PLT_636.6821	31.9	163	83	6	263	397	232	394	2.96e-12	67.8
lcl|AP019371.1_prot_BBH67821.1_4506	iAF987.Gmet_2999	36.2	116	72	1	5	118	10	125	2.21e-16	76.6
lcl|AP019371.1_prot_BBH67821.1_4506	iAF987.Gmet_0069	36.6	131	63	3	1	119	1	123	1.76e-14	70.9
lcl|AP019371.1_prot_BBH67821.1_4506	iAF987.Gmet_1706	33.3	120	72	3	4	119	2	117	1.89e-14	70.9
lcl|AP019371.1_prot_BBH67822.1_4507	iAF987.Gmet_0043	25.4	232	155	6	115	334	43	268	4.21e-12	66.6
lcl|AP019371.1_prot_BBH67824.1_4509	iSynCJ816.SGL_RS08440	35.5	76	45	1	32	107	1	72	1.78e-06	50.1
lcl|AP019371.1_prot_BBH67824.1_4509	iSynCJ816.SGL_RS11330	32.0	75	47	1	32	106	1	71	3.18e-06	49.3
lcl|AP019371.1_prot_BBH67824.1_4509	iLB1027_lipid.PHATRDRAFT_55102	39.7	68	37	2	31	98	71	134	6.09e-06	48.5
lcl|AP019371.1_prot_BBH67830.1_4515	iJN1463.PP_3944	30.8	347	218	8	6	339	4	341	1.19e-31	123
lcl|AP019371.1_prot_BBH67835.1_4520	iAT_PLT_636.4905	30.0	340	198	12	130	438	187	517	5.15e-26	112
lcl|AP019371.1_prot_BBH67835.1_4520	iMM1415.18195	30.0	340	198	12	130	438	187	517	5.15e-26	112
lcl|AP019371.1_prot_BBH67839.1_4524	iSynCJ816.SGL_RS04015	41.0	395	219	8	1	382	8	401	1.11e-73	236
lcl|AP019371.1_prot_BBH67840.1_4525	iJN1463.PP_4220	39.4	606	331	13	216	803	2007	2594	1.75e-106	360
lcl|AP019371.1_prot_BBH67840.1_4525	iJN1463.PP_4221	34.5	698	409	17	139	808	1477	2154	2.54e-102	347
lcl|AP019371.1_prot_BBH67843.1_4528	iJN1463.PP_4222	37.6	298	180	3	1	293	22	318	1.15e-54	180
lcl|AP019371.1_prot_BBH67844.1_4529	iAF692.Mbar_A3463	28.7	293	198	6	80	364	95	384	1.08e-34	131
lcl|AP019371.1_prot_BBH67844.1_4529	iLJ478.TM1255	28.2	305	207	4	67	364	71	370	5.38e-31	120
lcl|AP019371.1_prot_BBH67844.1_4529	iYO844.BSU14000	28.3	325	219	6	51	364	54	375	1.31e-30	120
lcl|AP019371.1_prot_BBH67846.1_4531	iJN1463.PP_4221	36.5	74	41	2	14	83	2079	2150	5.20e-07	51.2
lcl|AP019371.1_prot_BBH67847.1_4532	STM_v1_0.STM2058	27.3	249	166	5	27	269	23	262	6.77e-18	82.0
lcl|AP019371.1_prot_BBH67850.1_4535	iEK1008.Rv0386	27.9	351	204	15	240	568	190	513	3.75e-11	67.0
lcl|AP019371.1_prot_BBH67851.1_4536	iPC815.YPO3924	33.1	299	187	6	110	402	104	395	9.25e-27	112
lcl|AP019371.1_prot_BBH67851.1_4536	iCN718.ABAYE_RS17470	31.5	270	177	3	55	318	62	329	5.43e-25	107
lcl|AP019371.1_prot_BBH67851.1_4536	iYL1228.KPN_04249	29.0	355	238	6	56	402	47	395	4.60e-25	107
lcl|AP019371.1_prot_BBH67851.1_4536	iJN1463.PP_0184	31.4	331	207	10	86	405	89	410	5.05e-25	107
lcl|AP019371.1_prot_BBH67851.1_4536	STM_v1_0.STM4123	32.0	303	185	7	110	402	104	395	8.44e-25	106
lcl|AP019371.1_prot_BBH67851.1_4536	iSDY_1059.SDY_3795	29.2	370	244	7	56	413	47	410	5.01e-24	104
lcl|AP019371.1_prot_BBH67851.1_4536	iYO844.BSU29440	28.5	354	238	6	54	399	46	392	9.36e-24	103
lcl|AP019371.1_prot_BBH67851.1_4536	iML1515.b3960	28.9	370	245	7	56	413	47	410	1.64e-23	102
lcl|AP019371.1_prot_BBH67851.1_4536	iSbBS512_1146.SbBS512_E4446	28.9	370	245	7	56	413	47	410	1.64e-23	102
lcl|AP019371.1_prot_BBH67851.1_4536	iSF_1195.SF4037	28.9	370	245	7	56	413	47	410	1.64e-23	102
lcl|AP019371.1_prot_BBH67851.1_4536	iSSON_1240.SSON_4133	30.8	312	203	5	110	413	104	410	2.21e-23	102
lcl|AP019371.1_prot_BBH67851.1_4536	iEK1008.Rv1659	31.4	331	203	9	12	328	11	331	4.39e-23	101
lcl|AP019371.1_prot_BBH67852.1_4537	iEK1008.Rv0848	42.3	331	182	5	10	333	31	359	4.54e-77	241
lcl|AP019371.1_prot_BBH67853.1_4538	STM_v1_0.STM3380	23.1	229	166	5	94	318	104	326	8.88e-06	47.4
lcl|AP019371.1_prot_BBH67853.1_4538	iYL1228.KPN_03665	22.7	229	167	5	94	318	104	326	1.11e-04	43.9
lcl|AP019371.1_prot_BBH67854.1_4539	iEK1008.Rv3518c	37.0	322	191	7	89	401	76	394	3.15e-43	155
lcl|AP019371.1_prot_BBH67855.1_4540	iNF517.LLMG_RS11240	33.6	265	161	7	55	307	58	319	4.03e-31	118
lcl|AP019371.1_prot_BBH67857.1_4542	iJN1463.PP_4219	36.2	1022	580	24	21	1002	510	1499	8.01e-145	480
lcl|AP019371.1_prot_BBH67857.1_4542	iEK1008.Rv2380c	34.6	1044	611	24	28	1035	453	1460	1.89e-136	450
lcl|AP019371.1_prot_BBH67858.1_4543	iLJ478.TM1400	39.8	369	214	3	1	367	11	373	1.22e-90	278
lcl|AP019371.1_prot_BBH67858.1_4543	iSynCJ816.SGL_RS11200	38.9	378	222	5	1	372	8	382	2.74e-83	259
lcl|AP019371.1_prot_BBH67859.1_4544	iJN1463.PP_4219	44.8	1055	534	20	35	1063	1112	2144	1.88e-251	798
lcl|AP019371.1_prot_BBH67860.1_4545	iEK1008.Rv2377c	50.0	54	27	0	14	67	15	68	6.62e-15	62.0
lcl|AP019371.1_prot_BBH67863.1_4548	iML1515.b1243	23.9	485	295	16	74	537	94	525	3.28e-16	81.3
lcl|AP019371.1_prot_BBH67863.1_4548	iSSON_1240.SSON_1937	23.8	488	292	17	74	537	94	525	3.28e-16	81.3
lcl|AP019371.1_prot_BBH67863.1_4548	iYL1228.KPN_03899	26.2	500	285	24	71	546	75	514	4.16e-16	80.9
lcl|AP019371.1_prot_BBH67863.1_4548	iSbBS512_1146.SbBS512_E1412	23.5	489	294	17	74	538	94	526	1.35e-15	79.3
lcl|AP019371.1_prot_BBH67863.1_4548	iSDY_1059.SDY_1301	23.8	480	302	17	74	537	94	525	1.78e-15	79.0
lcl|AP019371.1_prot_BBH67863.1_4548	iSF_1195.SF1244	23.8	488	292	17	74	537	94	525	1.78e-15	79.0
lcl|AP019371.1_prot_BBH67863.1_4548	STM_v1_0.STM3630	26.4	500	284	24	71	546	84	523	2.32e-15	78.6
lcl|AP019371.1_prot_BBH67863.1_4548	iYL1228.KPN_02197	23.6	483	299	15	74	537	95	526	4.16e-15	77.8
lcl|AP019371.1_prot_BBH67863.1_4548	iPC815.YPO4003	25.8	500	287	24	71	546	84	523	5.40e-15	77.4
lcl|AP019371.1_prot_BBH67864.1_4549	iJN1463.PP_5011	31.9	138	84	4	39	171	71	203	3.76e-05	43.5
lcl|AP019371.1_prot_BBH67867.1_4552	iEK1008.Rv3777	26.5	325	183	8	19	302	19	328	1.22e-18	84.3
lcl|AP019371.1_prot_BBH67867.1_4552	iEK1008.Rv1662	35.6	188	104	4	4	188	1350	1523	1.84e-15	76.6
lcl|AP019371.1_prot_BBH67872.1_4557	iYO844.BSU39980	31.4	121	83	0	4	124	21	141	3.64e-14	67.8
lcl|AP019371.1_prot_BBH67873.1_4558	iEK1008.Rv0134	31.1	280	152	11	57	315	33	292	2.40e-27	108
lcl|AP019371.1_prot_BBH67873.1_4558	iEK1008.Rv1938	28.2	330	167	11	56	317	26	353	3.49e-23	97.8
lcl|AP019371.1_prot_BBH67873.1_4558	iEK1008.Rv3617	27.9	298	171	11	58	317	27	318	3.05e-23	97.4
lcl|AP019371.1_prot_BBH67874.1_4559	iYL1228.KPN_01091	33.5	257	154	3	3	258	1	241	6.70e-36	127
lcl|AP019371.1_prot_BBH67874.1_4559	STM_v1_0.STM1195	33.9	257	153	4	3	258	1	241	3.68e-35	125
lcl|AP019371.1_prot_BBH67874.1_4559	iAF987.Gmet_1694	35.8	260	143	7	6	259	4	245	5.30e-35	125
lcl|AP019371.1_prot_BBH67874.1_4559	iLJ478.TM1724	32.8	259	154	3	5	259	3	245	1.16e-33	122
lcl|AP019371.1_prot_BBH67874.1_4559	iML1515.b1093	33.5	257	154	4	3	258	1	241	1.55e-33	121
lcl|AP019371.1_prot_BBH67874.1_4559	iSbBS512_1146.SbBS512_E2231	33.5	257	154	4	3	258	1	241	1.55e-33	121
lcl|AP019371.1_prot_BBH67874.1_4559	iSF_1195.SF1097	33.5	257	154	4	3	258	1	241	1.55e-33	121
lcl|AP019371.1_prot_BBH67874.1_4559	iSSON_1240.SSON_1113	33.5	257	154	4	3	258	1	241	1.55e-33	121
lcl|AP019371.1_prot_BBH67874.1_4559	iCN718.ABAYE_RS14915	32.9	252	152	3	8	258	6	241	6.02e-33	120
lcl|AP019371.1_prot_BBH67874.1_4559	iSynCJ816.SGL_RS07245	33.7	261	148	5	5	259	4	245	3.52e-32	118
lcl|AP019371.1_prot_BBH67874.1_4559	iSDY_1059.SDY_2057	33.1	257	155	4	3	258	1	241	4.60e-32	117
lcl|AP019371.1_prot_BBH67874.1_4559	iAM_Pv461.PVX_099555	32.0	256	154	3	7	258	59	298	4.31e-31	116
lcl|AP019371.1_prot_BBH67874.1_4559	iPC815.YPO1599	31.9	257	158	4	3	258	1	241	3.50e-31	115
lcl|AP019371.1_prot_BBH67876.1_4561	iEK1008.Rv0386	42.6	54	31	0	855	908	1027	1080	4.95e-05	47.0
lcl|AP019371.1_prot_BBH67877.1_4562	iEK1008.Rv0386	48.3	60	31	0	847	906	1026	1085	3.71e-05	47.4
lcl|AP019371.1_prot_BBH67878.1_4563	iCHOv1.100753207	24.3	498	309	15	56	528	53	507	9.50e-20	92.0
lcl|AP019371.1_prot_BBH67879.1_4564	iCN718.ABAYE_RS09790	34.1	252	156	3	29	271	11	261	4.90e-30	113
lcl|AP019371.1_prot_BBH67879.1_4564	iNF517.LLMG_RS08950	38.0	242	139	4	28	267	8	240	3.27e-30	113
lcl|AP019371.1_prot_BBH67879.1_4564	iHN637.CLJU_RS17225	33.1	239	157	1	29	267	12	247	7.52e-30	112
lcl|AP019371.1_prot_BBH67879.1_4564	iAF987.Gmet_1531	35.2	244	152	4	25	267	5	243	7.35e-30	112
lcl|AP019371.1_prot_BBH67879.1_4564	iSynCJ816.SGL_RS08625	34.7	242	143	3	28	268	11	238	6.31e-29	109
lcl|AP019371.1_prot_BBH67879.1_4564	iEK1008.Rv1483	34.3	254	152	2	14	267	4	242	1.03e-28	109
lcl|AP019371.1_prot_BBH67879.1_4564	iHN637.CLJU_RS20765	33.1	239	157	1	29	267	10	245	2.07e-28	108
lcl|AP019371.1_prot_BBH67879.1_4564	iAF987.Gmet_1601	33.5	239	155	2	29	267	9	243	1.98e-28	108
lcl|AP019371.1_prot_BBH67879.1_4564	iYL1228.KPN_01091	36.4	239	145	4	29	267	9	240	1.89e-28	108
lcl|AP019371.1_prot_BBH67879.1_4564	iML1515.b1093	34.7	239	149	3	29	267	9	240	2.65e-28	108
lcl|AP019371.1_prot_BBH67879.1_4564	iSbBS512_1146.SbBS512_E2231	34.7	239	149	3	29	267	9	240	2.65e-28	108
lcl|AP019371.1_prot_BBH67879.1_4564	iSF_1195.SF1097	34.7	239	149	3	29	267	9	240	2.65e-28	108
lcl|AP019371.1_prot_BBH67879.1_4564	iSSON_1240.SSON_1113	34.7	239	149	3	29	267	9	240	2.65e-28	108
lcl|AP019371.1_prot_BBH67879.1_4564	STM_v1_0.STM1195	34.7	239	149	3	29	267	9	240	3.71e-28	107
lcl|AP019371.1_prot_BBH67879.1_4564	iSDY_1059.SDY_2057	34.7	239	149	3	29	267	9	240	3.71e-28	107
lcl|AP019371.1_prot_BBH67879.1_4564	iCN718.ABAYE_RS14915	33.9	239	151	3	29	267	9	240	1.47e-26	103
lcl|AP019371.1_prot_BBH67879.1_4564	iYS854.USA300HOU_RS06185	32.2	239	159	2	29	267	6	241	2.06e-26	103
lcl|AP019371.1_prot_BBH67879.1_4564	iYO844.BSU15910	30.7	241	160	4	29	267	8	243	4.19e-26	102
lcl|AP019371.1_prot_BBH67879.1_4564	iLJ478.TM1724	31.4	239	160	2	29	267	9	243	4.19e-26	102
lcl|AP019371.1_prot_BBH67879.1_4564	iPC815.YPO1599	33.9	239	151	3	29	267	9	240	4.02e-26	102
lcl|AP019371.1_prot_BBH67880.1_4565	iJN1463.PP_1625	44.9	49	27	0	1	49	1	49	1.85e-11	55.8
lcl|AP019371.1_prot_BBH67881.1_4566	iYO844.BSU32110	41.7	326	182	3	1	318	1	326	9.22e-80	245
lcl|AP019371.1_prot_BBH67882.1_4567	iJN1463.PP_3736	29.1	172	101	6	45	208	7	165	3.16e-14	73.2
lcl|AP019371.1_prot_BBH67883.1_4568	iML1515.b0348	32.9	283	169	8	36	304	31	306	2.84e-37	134
lcl|AP019371.1_prot_BBH67883.1_4568	iSSON_1240.SSON_0295	32.9	283	169	8	36	304	31	306	2.84e-37	134
lcl|AP019371.1_prot_BBH67883.1_4568	iYL1228.KPN_02121	32.5	286	166	8	36	304	31	306	2.98e-36	132
lcl|AP019371.1_prot_BBH67885.1_4570	iYL1228.KPN_02120	31.0	281	174	9	6	277	19	288	2.30e-30	115
lcl|AP019371.1_prot_BBH67885.1_4570	iEK1008.Rv3569c	30.5	266	175	5	13	274	28	287	7.08e-27	105
lcl|AP019371.1_prot_BBH67885.1_4570	iML1515.b0349	29.9	271	170	9	14	275	27	286	2.51e-26	104
lcl|AP019371.1_prot_BBH67886.1_4571	iEK1008.Rv3569c	30.0	273	148	8	30	278	34	287	1.24e-21	91.7
lcl|AP019371.1_prot_BBH67886.1_4571	iYL1228.KPN_02120	31.7	284	161	10	17	280	17	287	4.32e-21	90.1
lcl|AP019371.1_prot_BBH67886.1_4571	iJN1463.PP_0553	30.6	278	151	11	18	280	117	367	2.62e-19	86.3
lcl|AP019371.1_prot_BBH67887.1_4572	iEK1008.Rv3141	33.0	267	159	8	1	255	1	259	1.47e-19	87.0
lcl|AP019371.1_prot_BBH67888.1_4573	iCN718.ABAYE_RS19040	21.6	315	231	5	15	320	13	320	4.54e-07	50.4
lcl|AP019371.1_prot_BBH67889.1_4574	iJN1463.PP_0072	28.9	329	201	8	1	304	5	325	1.37e-19	87.0
lcl|AP019371.1_prot_BBH67890.1_4575	iLJ478.TM0070	41.0	332	174	7	48	373	24	339	4.42e-77	241
lcl|AP019371.1_prot_BBH67894.1_4579	iYO844.BSU03070	26.6	320	232	3	10	328	4	321	1.59e-29	120
lcl|AP019371.1_prot_BBH67897.1_4582	iEK1008.Rv2045c	33.1	468	254	17	9	439	22	467	4.85e-39	147
lcl|AP019371.1_prot_BBH67897.1_4582	iMM1415.11423	35.5	341	177	15	4	313	40	368	2.14e-36	141
lcl|AP019371.1_prot_BBH67897.1_4582	iCHOv1.100756666	42.0	226	104	9	3	204	32	254	2.13e-35	138
lcl|AP019371.1_prot_BBH67897.1_4582	iCHOv1.100770679	34.6	341	180	15	4	313	40	368	6.22e-35	137
lcl|AP019371.1_prot_BBH67897.1_4582	iMM1415.436059	43.8	208	88	8	19	204	53	253	1.38e-34	135
lcl|AP019371.1_prot_BBH67897.1_4582	iCHOv1.100767789	31.5	336	186	12	4	310	34	354	1.24e-33	133
lcl|AP019371.1_prot_BBH67898.1_4583	iNF517.LLMG_RS11220	39.0	59	33	1	56	111	44	102	1.52e-04	43.5
lcl|AP019371.1_prot_BBH67898.1_4583	iYO844.BSU03070	30.3	122	76	4	265	384	43	157	2.10e-04	43.1
lcl|AP019371.1_prot_BBH67899.1_4584	iNF517.LLMG_RS11535	25.0	256	173	5	146	388	67	316	2.31e-14	73.2
lcl|AP019371.1_prot_BBH67900.1_4585	iJN1463.PP_0209	52.0	246	112	4	13	254	6	249	1.42e-74	229
lcl|AP019371.1_prot_BBH67900.1_4585	iAF987.Gmet_1899	51.8	222	105	2	35	256	26	245	3.12e-66	207
lcl|AP019371.1_prot_BBH67901.1_4586	iYL1228.KPN_00313	38.7	243	142	2	29	264	30	272	2.14e-44	150
lcl|AP019371.1_prot_BBH67901.1_4586	iJN1463.PP_0231	37.1	259	156	3	13	264	18	276	2.60e-43	148
lcl|AP019371.1_prot_BBH67901.1_4586	iAF987.Gmet_1900	36.3	237	151	0	28	264	13	249	5.05e-43	146
lcl|AP019371.1_prot_BBH67901.1_4586	iML1515.b0367	39.5	200	121	0	65	264	73	272	2.57e-42	145
lcl|AP019371.1_prot_BBH67901.1_4586	iSF_1195.SF0251	39.0	200	122	0	65	264	73	272	7.18e-42	144
lcl|AP019371.1_prot_BBH67901.1_4586	iSSON_1240.SSON_0345	39.0	200	122	0	65	264	73	272	7.18e-42	144
lcl|AP019371.1_prot_BBH67901.1_4586	iSbBS512_1146.SbBS512_E0280	38.5	200	123	0	65	264	73	272	1.10e-40	141
lcl|AP019371.1_prot_BBH67901.1_4586	iCN718.ABAYE_RS11220	35.3	218	137	1	51	264	69	286	2.37e-39	138
lcl|AP019371.1_prot_BBH67903.1_4588	STM_v1_0.STM0071	28.1	345	223	10	159	479	174	517	1.07e-29	121
lcl|AP019371.1_prot_BBH67903.1_4588	iYO844.BSU10270	28.2	347	230	6	155	482	165	511	2.13e-28	117
lcl|AP019371.1_prot_BBH67903.1_4588	iSDY_1059.SDY_0059	27.3	348	222	10	159	479	179	522	6.16e-27	113
lcl|AP019371.1_prot_BBH67903.1_4588	iSF_1195.SF0034	28.6	350	215	11	159	479	179	522	6.16e-27	113
lcl|AP019371.1_prot_BBH67903.1_4588	iSSON_1240.SSON_0043	28.2	348	219	11	159	479	179	522	6.16e-27	113
lcl|AP019371.1_prot_BBH67903.1_4588	iEK1008.Rv3089	27.4	347	219	10	159	480	157	495	1.32e-26	112
lcl|AP019371.1_prot_BBH67904.1_4589	iAF987.Gmet_1522	33.7	413	234	10	330	717	5	402	3.79e-52	186
lcl|AP019371.1_prot_BBH67905.1_4590	iAF987.Gmet_1572	39.8	251	143	4	8	253	12	259	7.51e-50	164
lcl|AP019371.1_prot_BBH67905.1_4590	iYO844.BSU28540	39.5	258	145	4	2	252	4	257	1.15e-48	160
lcl|AP019371.1_prot_BBH67905.1_4590	iYO844.BSU18220	39.0	249	149	3	7	252	11	259	4.24e-46	154
lcl|AP019371.1_prot_BBH67905.1_4590	iAF987.Gmet_2212	38.5	247	147	3	9	250	13	259	5.50e-44	149
lcl|AP019371.1_prot_BBH67905.1_4590	iCN900.CD630_10570	37.5	253	148	4	4	250	14	262	1.18e-43	148
lcl|AP019371.1_prot_BBH67905.1_4590	iAF987.Gmet_2071	37.4	254	156	3	2	252	6	259	1.46e-43	147
lcl|AP019371.1_prot_BBH67907.1_4592	iCHOv1.100757328	35.9	128	78	3	3	126	236	363	6.93e-13	67.8
lcl|AP019371.1_prot_BBH67908.1_4593	iYL1228.KPN_02119	45.1	257	141	0	7	263	8	264	9.60e-68	210
lcl|AP019371.1_prot_BBH67908.1_4593	iML1515.b0350	44.5	247	137	0	12	258	13	259	2.48e-65	204
lcl|AP019371.1_prot_BBH67908.1_4593	iSSON_1240.SSON_0329	44.9	247	136	0	12	258	15	261	5.27e-65	203
lcl|AP019371.1_prot_BBH67909.1_4594	iYL1228.KPN_02118	68.7	307	88	3	2	306	5	305	5.63e-129	370
lcl|AP019371.1_prot_BBH67909.1_4594	iML1515.b0351	66.1	307	96	3	2	306	5	305	3.52e-125	360
lcl|AP019371.1_prot_BBH67909.1_4594	iSSON_1240.SSON_0330	66.1	307	96	3	2	306	5	305	3.52e-125	360
lcl|AP019371.1_prot_BBH67910.1_4595	iYL1228.KPN_02117	67.5	329	107	0	3	331	5	333	5.18e-158	445
lcl|AP019371.1_prot_BBH67910.1_4595	iSSON_1240.SSON_0331	67.2	329	108	0	3	331	5	333	2.73e-155	438
lcl|AP019371.1_prot_BBH67910.1_4595	iML1515.b0352	66.9	329	109	0	3	331	5	333	1.57e-154	436
lcl|AP019371.1_prot_BBH67913.1_4598	iSynCJ816.SGL_RS16080	39.7	58	35	0	18	75	14	71	4.80e-06	47.0
lcl|AP019371.1_prot_BBH67919.1_4604	iML1515.b3656	24.4	455	295	11	473	907	239	664	2.43e-25	112
lcl|AP019371.1_prot_BBH67919.1_4604	iYL1228.KPN_00852	24.7	485	287	19	471	913	236	684	2.29e-24	109
lcl|AP019371.1_prot_BBH67921.1_4606	iYO844.BSU30450	29.2	209	147	1	12	219	7	215	3.56e-29	112
lcl|AP019371.1_prot_BBH67921.1_4606	iAF987.Gmet_1282	31.9	232	140	5	2	220	5	231	5.26e-28	108
lcl|AP019371.1_prot_BBH67921.1_4606	iEK1008.Rv2936	31.4	318	176	13	4	289	5	312	3.57e-25	102
lcl|AP019371.1_prot_BBH67922.1_4607	iJN1463.PP_1132	42.9	399	212	7	16	407	3	392	1.30e-79	251
lcl|AP019371.1_prot_BBH67922.1_4607	STM_v1_0.STM0039	42.6	385	201	9	30	405	10	383	1.06e-75	241
lcl|AP019371.1_prot_BBH67922.1_4607	iYL1228.KPN_00016	41.2	393	215	9	20	405	4	387	1.99e-74	238
lcl|AP019371.1_prot_BBH67922.1_4607	iSbBS512_1146.SbBS512_E0019	41.1	387	208	9	30	407	10	385	3.25e-74	237
lcl|AP019371.1_prot_BBH67922.1_4607	iSSON_1240.SSON_0021	41.1	387	208	9	30	407	10	385	3.25e-74	237
lcl|AP019371.1_prot_BBH67922.1_4607	iSDY_1059.SDY_0018	40.8	387	209	8	30	407	10	385	4.57e-74	236
lcl|AP019371.1_prot_BBH67922.1_4607	iML1515.b0019	40.8	387	209	9	30	407	10	385	3.57e-73	234
lcl|AP019371.1_prot_BBH67922.1_4607	iSF_1195.SF0016	40.8	387	209	9	30	407	10	385	3.57e-73	234
lcl|AP019371.1_prot_BBH67922.1_4607	iPC815.YPO0470	40.4	386	215	6	24	403	5	381	8.36e-73	233
lcl|AP019371.1_prot_BBH67926.1_4611	iEK1008.Rv1497	35.4	376	219	9	12	382	24	380	2.07e-50	175
lcl|AP019371.1_prot_BBH67929.1_4614	iEK1008.Rv0386	44.4	54	30	0	141	194	1017	1070	7.57e-07	48.9
lcl|AP019371.1_prot_BBH67930.1_4615	iCN900.CD630_19470	45.7	221	118	1	1	219	8	228	1.50e-59	187
lcl|AP019371.1_prot_BBH67933.1_4618	iEK1008.Rv2936	31.9	317	194	6	14	310	8	322	5.53e-31	118
lcl|AP019371.1_prot_BBH67933.1_4618	iYO844.BSU02750	34.6	208	130	3	17	218	9	216	6.86e-31	116
lcl|AP019371.1_prot_BBH67936.1_4621	iAF987.Gmet_0069	34.5	119	70	2	5	118	4	119	2.03e-07	50.1
lcl|AP019371.1_prot_BBH67936.1_4621	iEK1008.Rv0386	44.2	52	29	0	154	205	1025	1076	2.39e-06	47.4
lcl|AP019371.1_prot_BBH67938.1_4623	iEK1008.Rv0386	28.7	349	197	15	70	390	190	514	5.72e-08	54.7
lcl|AP019371.1_prot_BBH67940.1_4625	iEK1008.Rv2970c	40.0	275	150	10	32	299	94	360	1.06e-40	145
lcl|AP019371.1_prot_BBH67940.1_4625	iEK1008.Rv1399c	40.0	230	131	2	63	288	67	293	6.01e-41	144
lcl|AP019371.1_prot_BBH67943.1_4628	iJN1463.PP_1494	34.2	114	74	1	6	119	21	133	6.82e-08	51.6
lcl|AP019371.1_prot_BBH67945.1_4630	iAF987.Gmet_1282	32.9	228	151	2	5	230	10	237	3.62e-33	120
lcl|AP019371.1_prot_BBH67948.1_4633	iMM1415.105014	37.1	299	164	7	14	298	44	332	2.05e-47	161
lcl|AP019371.1_prot_BBH67948.1_4633	iCHOv1.100757118	38.1	299	161	8	14	298	44	332	3.12e-46	158
lcl|AP019371.1_prot_BBH67949.1_4634	iYO844.BSU14630	33.5	480	318	1	12	491	7	485	1.77e-95	297
lcl|AP019371.1_prot_BBH67952.1_4637	iMM1415.105014	40.7	305	147	8	13	298	43	332	2.35e-52	174
lcl|AP019371.1_prot_BBH67952.1_4637	iCHOv1.100757118	39.5	304	152	7	13	298	43	332	6.57e-52	173
lcl|AP019371.1_prot_BBH67952.1_4637	iCHOv1.100759583	38.9	303	158	7	5	300	33	315	1.51e-48	164
lcl|AP019371.1_prot_BBH67952.1_4637	iCHOv1.100759877	39.4	292	153	7	14	298	38	312	6.44e-47	159
lcl|AP019371.1_prot_BBH67956.1_4641	iJN1463.PP_1494	32.2	121	77	3	4	122	20	137	1.60e-08	53.5
lcl|AP019371.1_prot_BBH67956.1_4641	iEK1008.Rv0386	44.1	68	37	1	139	205	1009	1076	3.16e-08	53.1
lcl|AP019371.1_prot_BBH67958.1_4643	iLJ478.TM0025	32.7	684	394	20	90	725	40	705	1.67e-78	266
lcl|AP019371.1_prot_BBH67959.1_4644	iYO844.BSU35960	27.4	285	178	10	40	308	16	287	2.66e-14	72.0
lcl|AP019371.1_prot_BBH67961.1_4646	iEK1008.Rv2040c	32.1	280	178	5	16	289	17	290	2.67e-30	115
lcl|AP019371.1_prot_BBH67961.1_4646	iYO844.BSU30280	31.1	251	163	4	17	263	27	271	1.51e-28	110
lcl|AP019371.1_prot_BBH67961.1_4646	iLJ478.TM1121	28.9	280	193	5	13	289	22	298	2.08e-27	107
lcl|AP019371.1_prot_BBH67961.1_4646	iEK1008.Rv2316	27.6	261	179	3	6	263	4	257	3.22e-27	107
lcl|AP019371.1_prot_BBH67961.1_4646	iCN900.CD630_34160	27.1	255	176	4	13	263	10	258	3.18e-26	104
lcl|AP019371.1_prot_BBH67962.1_4647	iSynCJ816.SGL_RS16650	31.2	279	179	6	5	273	22	297	7.57e-32	119
lcl|AP019371.1_prot_BBH67962.1_4647	iJN1463.PP_1017	32.0	269	178	4	7	274	17	281	2.96e-30	114
lcl|AP019371.1_prot_BBH67966.1_4651	iAF987.Gmet_0086	29.9	288	172	10	2	281	9	274	8.16e-08	54.3
lcl|AP019371.1_prot_BBH67966.1_4651	iYL1228.KPN_00609	26.9	342	231	10	6	340	19	348	6.65e-07	50.8
lcl|AP019371.1_prot_BBH67975.1_4660	iYO844.BSU03070	27.0	348	237	9	46	385	66	404	1.29e-14	75.9
lcl|AP019371.1_prot_BBH67977.1_4662	iEK1008.Rv1235	27.0	482	256	13	18	432	11	463	1.18e-26	111
lcl|AP019371.1_prot_BBH67985.1_4670	iYO844.BSU03070	29.3	409	259	9	6	400	7	399	9.73e-37	141
lcl|AP019371.1_prot_BBH67988.1_4673	iHN637.CLJU_RS00605	27.1	207	102	6	69	245	57	244	6.11e-12	68.2
lcl|AP019371.1_prot_BBH67988.1_4673	iYO844.BSU28510	22.5	440	250	21	51	432	32	438	7.28e-11	64.7
lcl|AP019371.1_prot_BBH67990.1_4675	iEK1008.Rv0032	43.3	353	196	3	97	446	418	769	1.67e-70	237
lcl|AP019371.1_prot_BBH67990.1_4675	iAF987.Gmet_0842	41.9	375	211	5	68	436	11	384	8.64e-70	226
lcl|AP019371.1_prot_BBH67992.1_4677	iEK1008.Rv2287	28.3	463	265	10	4	459	17	419	4.47e-38	146
lcl|AP019371.1_prot_BBH67993.1_4678	iEK1008.Rv3293	68.1	480	147	3	30	507	18	493	8.14e-222	620
lcl|AP019371.1_prot_BBH67993.1_4678	iJN1463.PP_5258	65.0	492	168	4	19	508	7	496	3.54e-221	619
lcl|AP019371.1_prot_BBH67994.1_4679	iAT_PLT_636.1757	28.5	390	254	8	2	369	59	445	7.36e-40	150
lcl|AP019371.1_prot_BBH67994.1_4679	iMM1415.74129	29.6	398	249	11	2	371	33	427	3.78e-38	145
lcl|AP019371.1_prot_BBH67994.1_4679	iAT_PLT_636.29958	28.0	393	248	11	8	371	48	434	2.62e-36	140
lcl|AP019371.1_prot_BBH67994.1_4679	iCHOv1.100759503	29.1	399	252	12	1	371	37	432	6.54e-36	139
lcl|AP019371.1_prot_BBH67996.1_4681	iEK1008.Rv0386	35.9	64	41	0	282	345	1022	1085	1.89e-04	43.1
lcl|AP019371.1_prot_BBH67997.1_4682	STM_v1_0.STM1002	39.9	303	147	9	5	281	29	322	3.56e-49	169
lcl|AP019371.1_prot_BBH67997.1_4682	iYL1228.KPN_00963	40.3	313	153	11	5	293	8	310	4.61e-48	166
lcl|AP019371.1_prot_BBH67997.1_4682	iCN900.CD630_20850	39.4	292	158	7	8	281	31	321	2.19e-45	159
lcl|AP019371.1_prot_BBH67997.1_4682	iML1515.b2871	35.0	351	190	9	10	327	33	378	1.07e-43	155
lcl|AP019371.1_prot_BBH67997.1_4682	iSSON_1240.SSON_3022	35.0	351	190	9	10	327	33	378	1.07e-43	155
lcl|AP019371.1_prot_BBH67997.1_4682	iCN900.CD630_31840	38.4	292	161	7	8	281	31	321	1.68e-43	154
lcl|AP019371.1_prot_BBH67998.1_4683	iJN1463.PP_4670	41.7	168	87	4	289	447	238	403	2.10e-22	98.6
lcl|AP019371.1_prot_BBH67998.1_4683	iAF987.Gmet_2629	41.8	165	86	4	288	444	375	537	1.53e-21	97.4
lcl|AP019371.1_prot_BBH67998.1_4683	iAF987.Gmet_3085	39.5	162	87	4	292	444	453	612	3.86e-21	96.3
lcl|AP019371.1_prot_BBH67998.1_4683	iAF987.Gmet_1706	37.8	164	92	3	289	444	140	301	2.27e-20	91.3
lcl|AP019371.1_prot_BBH67998.1_4683	iML1515.b1285	36.8	163	96	3	287	444	225	385	5.54e-19	89.4
lcl|AP019371.1_prot_BBH68003.1_4688	iJN1463.PP_4774	29.4	272	190	2	30	300	19	289	7.78e-19	84.7
lcl|AP019371.1_prot_BBH68010.1_4695	iYO844.BSU39780	30.5	295	169	7	16	279	13	302	1.21e-33	124
lcl|AP019371.1_prot_BBH68010.1_4695	iEK1008.Rv2298	33.4	302	157	11	16	286	12	300	4.71e-29	112
lcl|AP019371.1_prot_BBH68011.1_4696	iEK1008.Rv3266c	46.3	283	138	6	2	271	7	288	2.53e-60	193
lcl|AP019371.1_prot_BBH68012.1_4697	iAF692.Mbar_A0231	54.7	287	127	2	16	300	32	317	9.17e-111	323
lcl|AP019371.1_prot_BBH68013.1_4698	iEK1008.Rv0334	62.3	265	100	0	2	266	22	286	1.53e-118	340
lcl|AP019371.1_prot_BBH68013.1_4698	iSbBS512_1146.SbBS512_E1194	59.8	266	106	1	2	266	25	290	1.66e-116	335
lcl|AP019371.1_prot_BBH68013.1_4698	iSDY_1059.SDY_2206	59.4	266	107	1	2	266	25	290	6.73e-116	334
lcl|AP019371.1_prot_BBH68013.1_4698	iML1515.b2039	60.2	264	104	1	2	264	25	288	4.00e-115	332
lcl|AP019371.1_prot_BBH68013.1_4698	iJN1463.PP_1783	60.0	270	107	1	2	270	24	293	5.67e-115	332
lcl|AP019371.1_prot_BBH68013.1_4698	iSF_1195.SF2102	59.4	266	107	1	2	266	25	290	7.78e-115	331
lcl|AP019371.1_prot_BBH68013.1_4698	iML1515.b3789	57.7	267	112	1	2	267	22	288	3.77e-113	327
lcl|AP019371.1_prot_BBH68013.1_4698	iSbBS512_1146.SbBS512_E4132	57.7	267	112	1	2	267	22	288	3.77e-113	327
lcl|AP019371.1_prot_BBH68013.1_4698	iSF_1195.SF3863	57.7	267	112	1	2	267	22	288	3.77e-113	327
lcl|AP019371.1_prot_BBH68013.1_4698	STM_v1_0.STM2095	58.6	266	109	1	2	266	25	290	1.48e-112	325
lcl|AP019371.1_prot_BBH68013.1_4698	iSDY_1059.SDY_3959	57.3	267	113	1	2	267	22	288	4.36e-112	324
lcl|AP019371.1_prot_BBH68013.1_4698	iSSON_1240.SSON_3961	57.3	267	113	1	2	267	22	288	4.36e-112	324
lcl|AP019371.1_prot_BBH68013.1_4698	iPC815.YPO3861	57.3	267	113	1	2	267	22	288	1.76e-111	323
lcl|AP019371.1_prot_BBH68013.1_4698	iNF517.LLMG_RS01090	57.4	265	112	1	2	265	22	286	6.24e-111	321
lcl|AP019371.1_prot_BBH68013.1_4698	iYL1228.KPN_04289	56.9	267	114	1	2	267	23	289	1.98e-108	315
lcl|AP019371.1_prot_BBH68013.1_4698	iAF987.Gmet_0924	58.6	273	109	3	2	272	25	295	2.11e-107	313
lcl|AP019371.1_prot_BBH68013.1_4698	iYL1228.KPN_02490	56.2	265	115	1	2	265	22	286	1.28e-105	308
lcl|AP019371.1_prot_BBH68013.1_4698	iYL1228.KPN_02496	56.2	265	115	1	2	265	22	286	1.28e-105	308
lcl|AP019371.1_prot_BBH68014.1_4699	iEK1008.Rv3465	51.0	200	95	1	1	197	1	200	4.14e-71	214
lcl|AP019371.1_prot_BBH68015.1_4700	STM_v1_0.STM2082	46.3	216	109	3	287	498	264	476	6.00e-52	182
lcl|AP019371.1_prot_BBH68016.1_4701	iEK1008.Rv0322	58.0	438	182	1	6	441	2	439	2.02e-170	485
lcl|AP019371.1_prot_BBH68018.1_4703	iEK1008.Rv3265c	28.5	242	149	6	10	235	1	234	4.58e-18	82.4
lcl|AP019371.1_prot_BBH68027.1_4712	iAF987.Gmet_2172	30.8	621	343	21	1	556	1	599	2.75e-47	176
lcl|AP019371.1_prot_BBH68027.1_4712	iNF517.LLMG_RS12590	26.6	605	386	18	1	576	1	576	1.70e-47	176
lcl|AP019371.1_prot_BBH68027.1_4712	iJN1463.PP_1750	29.8	625	374	22	1	604	1	581	1.91e-46	172
lcl|AP019371.1_prot_BBH68027.1_4712	iEK1008.Rv2201	30.7	603	340	21	1	556	1	572	4.63e-45	169
lcl|AP019371.1_prot_BBH68035.1_4720	iYL1228.KPN_02872	29.4	177	115	5	229	395	283	459	8.23e-04	41.2
lcl|AP019371.1_prot_BBH68036.1_4721	iAF987.Gmet_2351	46.0	367	189	5	4	366	3	364	2.98e-93	283
lcl|AP019371.1_prot_BBH68037.1_4722	iAF987.Gmet_3339	33.1	266	159	9	45	302	54	308	9.96e-31	117
lcl|AP019371.1_prot_BBH68037.1_4722	iPC815.YPO2420	30.1	279	173	8	45	307	48	320	3.80e-29	117
lcl|AP019371.1_prot_BBH68037.1_4722	iYL1228.KPN_03845	32.3	235	146	5	45	269	48	279	1.72e-28	115
lcl|AP019371.1_prot_BBH68037.1_4722	iPC815.YPO0241	32.2	258	164	7	45	297	55	306	1.44e-26	106
lcl|AP019371.1_prot_BBH68037.1_4722	STM_v1_0.STM2299	30.7	261	165	6	46	301	49	298	2.45e-25	106
lcl|AP019371.1_prot_BBH68039.1_4724	iML1515.b2253	35.9	376	235	5	7	378	5	378	2.73e-67	217
lcl|AP019371.1_prot_BBH68039.1_4724	iSSON_1240.SSON_2314	35.6	376	236	5	7	378	16	389	7.98e-66	213
lcl|AP019371.1_prot_BBH68039.1_4724	iSF_1195.SF2332	35.8	369	231	5	14	378	1	367	9.59e-65	210
lcl|AP019371.1_prot_BBH68039.1_4724	iPC815.YPO2422	35.9	376	235	5	7	378	5	378	4.49e-63	206
lcl|AP019371.1_prot_BBH68039.1_4724	STM_v1_0.STM2297	34.8	376	239	5	7	378	11	384	7.06e-62	203
lcl|AP019371.1_prot_BBH68039.1_4724	iYL1228.KPN_03847	34.9	370	233	6	14	378	1	367	2.71e-60	198
lcl|AP019371.1_prot_BBH68040.1_4725	iAF692.Mbar_A1144	37.6	306	181	7	10	314	2	298	2.56e-51	171
lcl|AP019371.1_prot_BBH68040.1_4725	iEK1008.Rv3634c	38.7	313	183	9	10	318	2	309	1.19e-49	167
lcl|AP019371.1_prot_BBH68040.1_4725	iLJ478.TM0509	37.2	312	181	10	12	318	4	305	2.25e-48	164
lcl|AP019371.1_prot_BBH68040.1_4725	iAF692.Mbar_A0021	34.6	306	192	7	12	316	7	305	4.33e-48	163
lcl|AP019371.1_prot_BBH68041.1_4726	iAF692.Mbar_A1138	26.9	335	211	8	13	345	2	304	1.63e-26	107
lcl|AP019371.1_prot_BBH68044.1_4729	iLJ478.TM0509	30.1	342	174	11	3	325	2	297	2.33e-30	117
lcl|AP019371.1_prot_BBH68045.1_4730	iAF987.Gmet_0885	22.7	220	158	3	2	218	3	213	6.46e-06	46.2
lcl|AP019371.1_prot_BBH68045.1_4730	iYL1228.KPN_03846	24.2	223	148	7	4	218	9	218	5.16e-05	43.5
lcl|AP019371.1_prot_BBH68046.1_4731	iPC815.YPO3863	27.6	421	267	11	9	397	4	418	2.39e-38	142
lcl|AP019371.1_prot_BBH68046.1_4731	iYL1228.KPN_04287	28.4	401	250	10	15	383	10	405	1.22e-37	140
lcl|AP019371.1_prot_BBH68046.1_4731	iML1515.b3787	28.9	401	248	10	15	383	10	405	2.29e-36	137
lcl|AP019371.1_prot_BBH68046.1_4731	STM_v1_0.STM3921	28.7	411	254	10	5	383	2	405	2.29e-36	137
lcl|AP019371.1_prot_BBH68046.1_4731	iSbBS512_1146.SbBS512_E4134	28.9	401	248	10	15	383	10	405	2.29e-36	137
lcl|AP019371.1_prot_BBH68046.1_4731	iSDY_1059.SDY_3961	28.9	401	248	10	15	383	10	405	2.29e-36	137
lcl|AP019371.1_prot_BBH68046.1_4731	iSF_1195.SF3861	28.9	401	248	10	15	383	10	405	2.29e-36	137
lcl|AP019371.1_prot_BBH68046.1_4731	iSSON_1240.SSON_3959	28.9	401	248	10	15	383	10	405	2.29e-36	137
lcl|AP019371.1_prot_BBH68046.1_4731	iLJ478.TM0583	31.5	391	242	10	15	381	17	405	2.87e-36	137
lcl|AP019371.1_prot_BBH68046.1_4731	iHN637.CLJU_RS16810	30.2	388	242	11	15	377	23	406	8.05e-36	135
lcl|AP019371.1_prot_BBH68046.1_4731	iYS854.USA300HOU_RS00870	27.7	379	255	11	15	380	7	379	1.54e-34	132
lcl|AP019371.1_prot_BBH68047.1_4732	iML1515.b3607	38.9	90	51	2	79	167	159	245	1.74e-08	52.8
lcl|AP019371.1_prot_BBH68047.1_4732	iSbBS512_1146.SbBS512_E4035	38.9	90	51	2	79	167	159	245	1.74e-08	52.8
lcl|AP019371.1_prot_BBH68047.1_4732	iSF_1195.SF3646	38.9	90	51	2	79	167	159	245	1.74e-08	52.8
lcl|AP019371.1_prot_BBH68047.1_4732	iSSON_1240.SSON_3798	38.9	90	51	2	79	167	159	245	1.74e-08	52.8
lcl|AP019371.1_prot_BBH68047.1_4732	iSDY_1059.SDY_4040	38.9	90	51	2	79	167	159	245	3.21e-08	52.0
lcl|AP019371.1_prot_BBH68047.1_4732	iYL1228.KPN_03951	37.8	90	52	2	79	167	159	245	1.47e-07	50.1
lcl|AP019371.1_prot_BBH68047.1_4732	STM_v1_0.STM3699	37.8	90	52	2	79	167	159	245	1.47e-07	50.1
lcl|AP019371.1_prot_BBH68047.1_4732	iYS854.USA300HOU_RS07115	40.0	85	37	1	82	166	147	217	4.24e-07	48.5
lcl|AP019371.1_prot_BBH68047.1_4732	iLJ478.TM0666	49.0	51	26	0	118	168	137	187	3.75e-07	48.5
lcl|AP019371.1_prot_BBH68051.1_4736	iEK1008.Rv1082	34.7	248	133	9	6	231	4	244	1.25e-26	104
lcl|AP019371.1_prot_BBH68064.1_4749	iYS854.USA300HOU_RS01080	29.4	180	124	3	1	179	1	178	8.93e-16	72.4
lcl|AP019371.1_prot_BBH68071.1_4756	iAF692.Mbar_A3422	28.0	314	202	11	6	306	5	307	1.45e-08	55.8
lcl|AP019371.1_prot_BBH68071.1_4756	iSbBS512_1146.SbBS512_E0585	23.1	355	227	12	1	324	1	340	2.46e-08	55.1
lcl|AP019371.1_prot_BBH68071.1_4756	iSDY_1059.SDY_0598	23.3	356	225	12	1	324	1	340	3.27e-08	54.7
lcl|AP019371.1_prot_BBH68071.1_4756	iSSON_1240.SSON_0616	23.1	355	227	12	1	324	1	340	4.35e-08	54.3
lcl|AP019371.1_prot_BBH68071.1_4756	iSF_1195.SF0620	22.8	355	228	12	1	324	1	340	5.79e-08	53.9
lcl|AP019371.1_prot_BBH68071.1_4756	iML1515.b0662	22.9	354	229	10	1	324	1	340	2.40e-07	52.0
lcl|AP019371.1_prot_BBH68074.1_4759	iEK1008.Rv3518c	31.8	352	222	6	22	367	23	362	2.02e-39	144
lcl|AP019371.1_prot_BBH68075.1_4760	iIT341.HP0056	35.3	877	507	12	89	916	94	959	5.12e-145	466
lcl|AP019371.1_prot_BBH68080.1_4765	iYL1228.KPN_02801	52.4	185	85	2	30	214	7	188	2.93e-58	182
lcl|AP019371.1_prot_BBH68080.1_4765	STM_v1_0.STM2477	51.1	180	85	3	30	209	7	183	5.41e-57	178
lcl|AP019371.1_prot_BBH68080.1_4765	iSbBS512_1146.SbBS512_E2835	51.1	180	85	3	30	209	7	183	6.20e-56	176
lcl|AP019371.1_prot_BBH68080.1_4765	iSDY_1059.SDY_2650	51.1	180	85	3	30	209	7	183	6.20e-56	176
lcl|AP019371.1_prot_BBH68080.1_4765	iSSON_1240.SSON_2547	51.1	180	85	3	30	209	7	183	6.20e-56	176
lcl|AP019371.1_prot_BBH68080.1_4765	iML1515.b2467	50.6	180	86	3	30	209	7	183	2.50e-55	174
lcl|AP019371.1_prot_BBH68080.1_4765	iSF_1195.SF2509	50.6	180	86	3	30	209	7	183	2.50e-55	174
lcl|AP019371.1_prot_BBH68084.1_4769	iCN718.ABAYE_RS16270	32.9	70	47	0	247	316	104	173	1.14e-04	43.1
lcl|AP019371.1_prot_BBH68087.1_4772	iJN1463.PP_2552	29.6	433	285	10	41	456	40	469	1.36e-40	150
lcl|AP019371.1_prot_BBH68094.1_4779	iEK1008.Rv2397c	39.0	213	123	3	1	206	1	213	2.47e-36	130
lcl|AP019371.1_prot_BBH68094.1_4779	iCN900.CD630_16140	30.7	218	144	3	27	237	47	264	6.63e-34	122
lcl|AP019371.1_prot_BBH68094.1_4779	iJN1463.PP_2668	33.5	236	147	5	4	231	3	236	9.27e-33	119
lcl|AP019371.1_prot_BBH68097.1_4782	iYS854.USA300HOU_RS06935	32.0	222	136	6	78	297	84	292	8.41e-26	105
lcl|AP019371.1_prot_BBH68105.1_4790	iML1515.b1449	43.1	334	182	5	6	332	13	345	1.68e-84	258
lcl|AP019371.1_prot_BBH68105.1_4790	iJN1463.PP_2476	42.3	333	185	4	6	332	13	344	9.20e-84	256
lcl|AP019371.1_prot_BBH68109.1_4794	iSF_1195.SF4353	52.0	225	105	3	24	247	4	226	3.87e-77	232
lcl|AP019371.1_prot_BBH68109.1_4794	iSSON_1240.SSON_4380	52.0	225	105	3	24	247	4	226	1.56e-76	231
lcl|AP019371.1_prot_BBH68109.1_4794	STM_v1_0.STM4388	52.4	225	104	3	24	247	4	226	2.21e-76	230
lcl|AP019371.1_prot_BBH68109.1_4794	iSDY_1059.SDY_4367	52.0	225	105	3	24	247	4	226	2.21e-76	230
lcl|AP019371.1_prot_BBH68109.1_4794	iSbBS512_1146.SbBS512_E4728	52.0	225	105	3	24	247	4	226	4.45e-76	229
lcl|AP019371.1_prot_BBH68109.1_4794	iML1515.b4198	51.6	225	106	3	24	247	4	226	1.79e-75	228
lcl|AP019371.1_prot_BBH68109.1_4794	iPC815.YPO3326	50.4	226	110	2	24	247	5	230	5.23e-73	222
lcl|AP019371.1_prot_BBH68109.1_4794	iYL1228.KPN_04591	50.7	225	108	3	24	247	4	226	6.74e-73	221
lcl|AP019371.1_prot_BBH68109.1_4794	iSF_1195.SF0056	50.9	230	107	3	22	247	3	230	1.71e-71	218
lcl|AP019371.1_prot_BBH68109.1_4794	iML1515.b0061	50.9	228	106	3	24	247	5	230	3.43e-71	217
lcl|AP019371.1_prot_BBH68109.1_4794	iSDY_1059.SDY_0088	50.9	228	106	3	24	247	5	230	6.88e-71	216
lcl|AP019371.1_prot_BBH68109.1_4794	iSSON_1240.SSON_0067	50.4	228	107	3	24	247	5	230	9.75e-71	216
lcl|AP019371.1_prot_BBH68109.1_4794	iSbBS512_1146.SbBS512_E0053	50.4	228	107	3	24	247	5	230	1.38e-70	216
lcl|AP019371.1_prot_BBH68109.1_4794	iYL1228.KPN_00060	50.0	228	108	3	24	247	5	230	3.93e-70	214
lcl|AP019371.1_prot_BBH68109.1_4794	STM_v1_0.STM0101	50.4	228	107	3	24	247	5	230	5.56e-70	214
lcl|AP019371.1_prot_BBH68109.1_4794	iHN637.CLJU_RS00590	50.0	226	110	3	24	247	5	229	2.39e-69	213
lcl|AP019371.1_prot_BBH68109.1_4794	iYO844.BSU28780	49.8	225	110	3	24	247	5	227	1.20e-68	211
lcl|AP019371.1_prot_BBH68111.1_4796	iYL1228.KPN_04156	35.3	119	71	4	195	310	129	244	1.20e-06	49.3
lcl|AP019371.1_prot_BBH68111.1_4796	STM_v1_0.STM3884	35.3	119	71	3	195	310	129	244	5.09e-06	47.4
lcl|AP019371.1_prot_BBH68111.1_4796	iML1515.b3751	33.1	127	79	3	187	310	121	244	9.05e-06	46.6
lcl|AP019371.1_prot_BBH68112.1_4797	iPC815.YPO3908	49.8	287	138	3	41	323	24	308	3.00e-90	272
lcl|AP019371.1_prot_BBH68112.1_4797	iML1515.b4227	50.2	289	138	3	41	325	24	310	5.51e-88	266
lcl|AP019371.1_prot_BBH68112.1_4797	iSbBS512_1146.SbBS512_E4856	50.2	289	138	3	41	325	24	310	7.80e-88	266
lcl|AP019371.1_prot_BBH68112.1_4797	iSSON_1240.SSON_4409	50.2	289	138	3	41	325	24	310	3.13e-87	264
lcl|AP019371.1_prot_BBH68112.1_4797	iYL1228.KPN_04622	47.8	289	145	3	41	325	10	296	6.49e-86	260
lcl|AP019371.1_prot_BBH68113.1_4798	iML1515.b4485	53.2	502	229	2	3	504	5	500	7.11e-175	501
lcl|AP019371.1_prot_BBH68113.1_4798	iSSON_1240.SSON_4410	53.0	502	230	2	3	504	5	500	8.16e-174	498
lcl|AP019371.1_prot_BBH68113.1_4798	iYL1228.KPN_04623	53.2	498	227	2	7	504	9	500	1.64e-173	498
lcl|AP019371.1_prot_BBH68113.1_4798	iSF_1195.SF4262	52.6	502	232	2	3	504	5	500	1.33e-172	495
lcl|AP019371.1_prot_BBH68113.1_4798	iPC815.YPO3907	53.5	497	225	2	7	503	4	494	6.61e-172	493
lcl|AP019371.1_prot_BBH68114.1_4799	iSbBS512_1146.SbBS512_E4854	47.1	329	159	4	5	325	13	334	4.59e-77	239
lcl|AP019371.1_prot_BBH68114.1_4799	iYL1228.KPN_04624	47.7	323	154	4	5	319	13	328	6.49e-77	239
lcl|AP019371.1_prot_BBH68114.1_4799	iPC815.YPO3906	49.0	306	146	3	15	317	29	327	6.12e-77	239
lcl|AP019371.1_prot_BBH68114.1_4799	iML1515.b4230	46.8	329	160	4	5	325	13	334	1.03e-75	236
lcl|AP019371.1_prot_BBH68114.1_4799	iSF_1195.SF4261	47.6	330	156	5	5	325	13	334	5.81e-75	234
lcl|AP019371.1_prot_BBH68114.1_4799	iSSON_1240.SSON_4411	47.6	330	156	5	5	325	13	334	5.81e-75	234
lcl|AP019371.1_prot_BBH68115.1_4800	iYL1228.KPN_04625	45.2	305	164	2	32	334	6	309	6.27e-71	223
lcl|AP019371.1_prot_BBH68115.1_4800	iML1515.b4231	44.1	304	169	1	32	334	6	309	1.71e-70	222
lcl|AP019371.1_prot_BBH68115.1_4800	iSbBS512_1146.SbBS512_E4853	44.4	304	167	2	32	334	6	308	1.86e-69	219
lcl|AP019371.1_prot_BBH68115.1_4800	iSSON_1240.SSON_4412	44.2	301	167	1	35	334	1	301	6.03e-69	218
lcl|AP019371.1_prot_BBH68116.1_4801	iPC815.YPO2253	53.3	493	225	3	5	492	8	500	1.22e-192	546
lcl|AP019371.1_prot_BBH68116.1_4801	iYO844.BSU28800	52.4	487	231	1	5	490	8	494	1.63e-184	525
lcl|AP019371.1_prot_BBH68116.1_4801	iYL1228.KPN_00061	52.5	491	228	3	3	488	6	496	1.52e-183	523
lcl|AP019371.1_prot_BBH68116.1_4801	iML1515.b0062	50.9	495	238	3	3	492	6	500	3.04e-178	509
lcl|AP019371.1_prot_BBH68116.1_4801	STM_v1_0.STM0102	51.1	495	237	3	3	492	6	500	4.31e-178	509
lcl|AP019371.1_prot_BBH68116.1_4801	iSSON_1240.SSON_0068	50.7	495	239	3	3	492	6	500	4.31e-178	509
lcl|AP019371.1_prot_BBH68116.1_4801	iSDY_1059.SDY_0089	50.7	495	239	3	3	492	6	500	8.67e-178	508
lcl|AP019371.1_prot_BBH68116.1_4801	iSbBS512_1146.SbBS512_E0054	50.5	495	240	3	3	492	6	500	1.41e-176	505
lcl|AP019371.1_prot_BBH68116.1_4801	iLJ478.TM0276	52.4	490	219	6	5	487	8	490	2.00e-175	502
lcl|AP019371.1_prot_BBH68125.1_4810	iEK1008.Rv0202c	30.3	710	456	14	23	705	19	716	1.24e-60	219
lcl|AP019371.1_prot_BBH68134.1_4819	iYL1228.KPN_04156	26.9	249	160	8	88	323	40	279	1.90e-12	66.6
lcl|AP019371.1_prot_BBH68134.1_4819	STM_v1_0.STM3884	26.9	249	160	9	88	323	40	279	6.28e-12	65.1
lcl|AP019371.1_prot_BBH68134.1_4819	iML1515.b3751	27.8	227	135	8	88	294	40	257	5.04e-11	62.4
lcl|AP019371.1_prot_BBH68135.1_4820	iEK1008.Rv2039c	33.7	264	166	6	19	280	22	278	2.92e-39	138
lcl|AP019371.1_prot_BBH68135.1_4820	iYO844.BSU28730	29.2	260	174	5	26	281	27	280	9.55e-37	131
lcl|AP019371.1_prot_BBH68135.1_4820	iEK1008.Rv2317	34.2	278	172	6	7	281	5	274	8.66e-36	129
lcl|AP019371.1_prot_BBH68135.1_4820	iCN900.CD630_34150	27.8	266	186	5	17	281	26	286	4.67e-34	124
lcl|AP019371.1_prot_BBH68136.1_4821	iYL1228.KPN_03812	28.9	291	189	4	18	304	5	281	5.97e-27	107
lcl|AP019371.1_prot_BBH68136.1_4821	STM_v1_0.STM3556	28.2	291	191	4	18	304	5	281	4.17e-25	102
lcl|AP019371.1_prot_BBH68136.1_4821	iML1515.b3452	28.2	291	191	4	18	304	5	281	5.77e-25	101
lcl|AP019371.1_prot_BBH68136.1_4821	iSbBS512_1146.SbBS512_E3871	28.2	291	191	4	18	304	5	281	7.99e-25	101
lcl|AP019371.1_prot_BBH68136.1_4821	iCN900.CD630_34160	23.1	299	218	4	21	318	2	289	2.64e-24	99.8
lcl|AP019371.1_prot_BBH68137.1_4822	iYO844.BSU28750	25.5	314	213	9	30	329	24	330	7.96e-20	90.9
lcl|AP019371.1_prot_BBH68138.1_4823	iMM1415.12091	26.2	347	212	7	46	385	43	352	7.83e-24	106
lcl|AP019371.1_prot_BBH68138.1_4823	iCHOv1.100767446	26.2	347	212	9	46	385	32	341	1.42e-23	105
lcl|AP019371.1_prot_BBH68140.1_4825	iML1515.b3578	30.5	118	82	0	196	313	59	176	3.50e-07	52.8
lcl|AP019371.1_prot_BBH68140.1_4825	STM_v1_0.STM3672	29.7	118	83	0	196	313	59	176	1.87e-06	50.4
lcl|AP019371.1_prot_BBH68142.1_4827	iJN1463.PP_0316	25.2	238	163	8	221	444	18	254	3.14e-10	61.2
lcl|AP019371.1_prot_BBH68142.1_4827	iAF987.Gmet_3431	28.0	182	116	6	275	443	62	241	7.93e-10	59.3
lcl|AP019371.1_prot_BBH68144.1_4829	iJN1463.PP_0239	43.0	230	131	0	18	247	11	240	5.42e-56	180
lcl|AP019371.1_prot_BBH68144.1_4829	iCN718.ABAYE_RS19055	40.7	241	143	0	18	258	17	257	4.32e-55	177
lcl|AP019371.1_prot_BBH68144.1_4829	iPC815.YPO3626	41.5	224	131	0	24	247	17	240	2.73e-53	173
lcl|AP019371.1_prot_BBH68144.1_4829	iML1515.b0934	45.3	223	122	0	25	247	17	239	4.08e-52	170
lcl|AP019371.1_prot_BBH68144.1_4829	iSSON_1240.SSON_0937	45.3	223	122	0	25	247	17	239	4.08e-52	170
lcl|AP019371.1_prot_BBH68144.1_4829	iSDY_1059.SDY_2323	44.8	223	123	0	25	247	17	239	3.23e-51	167
lcl|AP019371.1_prot_BBH68144.1_4829	iYL1228.KPN_00970	40.2	224	134	0	24	247	16	239	9.10e-51	166
lcl|AP019371.1_prot_BBH68144.1_4829	iYO844.BSU08850	38.9	247	149	1	14	258	22	268	5.18e-50	165
lcl|AP019371.1_prot_BBH68145.1_4830	iJN1463.PP_0237	32.2	227	151	3	29	253	24	249	7.89e-26	104
lcl|AP019371.1_prot_BBH68145.1_4830	iCN718.ABAYE_RS19045	29.9	231	156	4	27	253	32	260	1.09e-23	99.0
lcl|AP019371.1_prot_BBH68146.1_4831	iAF987.Gmet_1899	46.8	248	126	4	4	249	5	248	1.40e-62	197
lcl|AP019371.1_prot_BBH68146.1_4831	iJN1463.PP_3637	47.1	255	125	3	1	250	1	250	1.06e-58	187
lcl|AP019371.1_prot_BBH68146.1_4831	iYO844.BSU08830	42.2	237	131	2	13	249	10	240	8.94e-56	179
lcl|AP019371.1_prot_BBH68150.1_4835	iYO844.BSU03070	26.2	432	310	6	19	446	5	431	5.03e-47	171
lcl|AP019371.1_prot_BBH68155.1_4840	iAF987.Gmet_2812	32.9	143	61	3	157	298	195	303	6.82e-09	56.2
lcl|AP019371.1_prot_BBH68155.1_4840	iAF692.Mbar_A2903	26.0	273	167	9	42	301	40	290	1.09e-08	55.5
lcl|AP019371.1_prot_BBH68156.1_4841	iYO844.BSU38560	28.2	458	281	9	1	437	5	435	2.50e-47	168
lcl|AP019371.1_prot_BBH68156.1_4841	iCN900.CD630_28820	26.8	456	290	9	1	441	5	431	4.32e-43	156
lcl|AP019371.1_prot_BBH68158.1_4843	iEK1008.Rv3229c	45.7	374	195	2	8	381	5	370	9.55e-119	351
lcl|AP019371.1_prot_BBH68159.1_4844	iJN1463.PP_0316	28.2	319	194	8	64	350	52	367	3.45e-26	107
lcl|AP019371.1_prot_BBH68159.1_4844	iEK1008.Rv3571	31.9	332	196	12	32	336	13	341	4.13e-26	106
lcl|AP019371.1_prot_BBH68163.1_4848	iJN1463.PP_1494	35.3	85	53	1	71	153	49	133	1.34e-07	51.2
lcl|AP019371.1_prot_BBH68164.1_4849	iYL1228.KPN_00213	48.4	339	158	3	1	322	1	339	6.39e-94	282
lcl|AP019371.1_prot_BBH68164.1_4849	iPC815.YPO1073	48.7	339	157	3	1	322	1	339	7.28e-93	279
lcl|AP019371.1_prot_BBH68164.1_4849	STM_v1_0.STM0247	47.5	339	161	3	1	322	1	339	6.67e-91	274
lcl|AP019371.1_prot_BBH68164.1_4849	iYO844.BSU32750	47.5	318	154	2	1	305	1	318	7.13e-90	271
lcl|AP019371.1_prot_BBH68164.1_4849	iML1515.b0199	47.2	339	162	3	1	322	1	339	7.59e-90	271
lcl|AP019371.1_prot_BBH68164.1_4849	iSbBS512_1146.SbBS512_E0193	47.2	339	162	3	1	322	1	339	7.59e-90	271
lcl|AP019371.1_prot_BBH68164.1_4849	iSSON_1240.SSON_0213	47.2	339	162	3	1	322	1	339	7.59e-90	271
lcl|AP019371.1_prot_BBH68164.1_4849	iSDY_1059.SDY_0218	46.9	339	163	3	1	322	1	339	1.52e-89	271
lcl|AP019371.1_prot_BBH68164.1_4849	iSF_1195.SF0190	46.9	339	163	3	1	322	1	339	6.10e-89	269
lcl|AP019371.1_prot_BBH68164.1_4849	iJN1463.PP_0114	44.9	341	165	5	1	324	1	335	1.12e-84	258
lcl|AP019371.1_prot_BBH68165.1_4850	iJN1463.PP_0219	55.3	206	92	0	13	218	9	214	1.40e-65	201
lcl|AP019371.1_prot_BBH68165.1_4850	iCN900.CD630_14900	50.5	208	103	0	9	216	11	218	2.22e-60	188
lcl|AP019371.1_prot_BBH68165.1_4850	iCN718.ABAYE_RS11025	47.9	215	112	0	4	218	3	217	9.23e-60	186
lcl|AP019371.1_prot_BBH68165.1_4850	iJN1463.PP_0113	50.5	208	95	1	19	218	16	223	6.79e-58	182
lcl|AP019371.1_prot_BBH68166.1_4851	iJN1463.PP_0112	49.6	244	121	2	29	272	15	256	3.08e-78	237
lcl|AP019371.1_prot_BBH68166.1_4851	iCN900.CD630_14910	46.9	254	128	5	19	272	17	263	2.13e-72	222
lcl|AP019371.1_prot_BBH68169.1_4854	iEK1008.Rv2780	68.2	371	118	0	1	371	1	371	1.34e-171	482
lcl|AP019371.1_prot_BBH68170.1_4855	iLB1027_lipid.PHATRDRAFT_42659	30.8	107	63	3	90	187	142	246	2.18e-05	43.9
lcl|AP019371.1_prot_BBH68173.1_4858	iEK1008.Rv2936	47.7	304	145	2	8	297	12	315	1.79e-84	256
lcl|AP019371.1_prot_BBH68176.1_4861	iLB1027_lipid.PHATRDRAFT_9984	35.6	104	65	2	35	137	58	160	1.07e-06	47.4
lcl|AP019371.1_prot_BBH68176.1_4861	iEK1008.Rv3322c	51.6	62	29	1	20	81	34	94	1.75e-05	43.5
lcl|AP019371.1_prot_BBH68179.1_4864	iML1515.b1123	30.6	301	196	8	63	362	21	309	5.25e-31	121
lcl|AP019371.1_prot_BBH68179.1_4864	iSDY_1059.SDY_2029	30.6	301	196	8	63	362	21	309	5.25e-31	121
lcl|AP019371.1_prot_BBH68179.1_4864	iSF_1195.SF1125	30.6	301	196	8	63	362	21	309	5.25e-31	121
lcl|AP019371.1_prot_BBH68179.1_4864	iSSON_1240.SSON_1141	30.2	301	197	8	63	362	21	309	1.90e-30	119
lcl|AP019371.1_prot_BBH68179.1_4864	STM_v1_0.STM1222	30.2	301	197	8	63	362	21	309	4.98e-30	118
lcl|AP019371.1_prot_BBH68179.1_4864	iSbBS512_1146.SbBS512_E2202	30.2	301	197	8	63	362	21	309	9.47e-30	117
lcl|AP019371.1_prot_BBH68179.1_4864	iJN1463.PP_5180	29.2	312	190	10	71	362	28	328	3.22e-29	116
lcl|AP019371.1_prot_BBH68179.1_4864	iYS854.USA300HOU_RS05500	28.4	303	200	9	57	355	20	309	2.88e-29	116
lcl|AP019371.1_prot_BBH68179.1_4864	iYL1228.KPN_01129	29.4	286	189	8	73	357	31	304	1.56e-27	111
lcl|AP019371.1_prot_BBH68181.1_4866	iJN1463.PP_0920	43.0	351	191	3	5	353	4	347	1.77e-75	236
lcl|AP019371.1_prot_BBH68181.1_4866	iJN1463.PP_3173	41.6	365	192	7	4	353	2	360	3.99e-75	236
lcl|AP019371.1_prot_BBH68181.1_4866	iJN1463.PP_2486	38.2	374	201	8	3	353	4	370	1.12e-70	224
lcl|AP019371.1_prot_BBH68182.1_4867	iJN1463.PP_2428	30.0	237	157	1	5	241	22	249	1.01e-21	95.9
lcl|AP019371.1_prot_BBH68182.1_4867	STM_v1_0.STM1522	24.5	384	280	2	10	393	12	385	2.56e-20	91.7
lcl|AP019371.1_prot_BBH68182.1_4867	iJN1463.PP_2647	28.0	293	199	3	8	298	21	303	3.10e-19	88.6
lcl|AP019371.1_prot_BBH68185.1_4870	iYS854.USA300HOU_RS14570	29.5	532	349	7	23	546	24	537	7.40e-69	232
lcl|AP019371.1_prot_BBH68186.1_4871	iYS854.USA300HOU_RS05355	26.8	164	117	3	112	274	90	251	7.00e-09	55.1
lcl|AP019371.1_prot_BBH68186.1_4871	iYS854.USA300HOU_RS12025	25.0	160	112	3	119	270	101	260	5.65e-08	52.4
lcl|AP019371.1_prot_BBH68189.1_4874	iCN900.CD630_20200	43.4	877	347	13	5	753	4	859	1.61e-222	646
lcl|AP019371.1_prot_BBH68192.1_4877	iEK1008.Rv0386	27.4	419	246	21	114	499	216	609	4.27e-06	50.1
lcl|AP019371.1_prot_BBH68193.1_4878	iML1515.b3715	27.2	202	131	3	4	200	5	195	7.61e-18	78.6
lcl|AP019371.1_prot_BBH68194.1_4879	iML1515.b1330	32.9	85	52	2	107	190	139	219	5.75e-05	43.1
lcl|AP019371.1_prot_BBH68194.1_4879	iML1515.b2924	27.3	154	100	4	46	193	24	171	2.96e-04	40.8
lcl|AP019371.1_prot_BBH68196.1_4881	iEK1008.Rv0386	41.8	67	29	1	816	882	1021	1077	9.41e-04	42.7
lcl|AP019371.1_prot_BBH68197.1_4882	iEK1008.Rv0386	43.9	57	32	0	811	867	1021	1077	3.07e-06	50.8
lcl|AP019371.1_prot_BBH68199.1_4884	iSynCJ816.SGL_RS04775	31.6	114	73	3	22	132	24	135	3.54e-07	50.1
lcl|AP019371.1_prot_BBH68199.1_4884	iCHOv1.100757328	25.0	148	97	5	3	146	239	376	1.33e-05	45.8
lcl|AP019371.1_prot_BBH68200.1_4885	iSbBS512_1146.SbBS512_E4890	27.0	178	120	3	120	297	246	413	1.02e-11	65.1
lcl|AP019371.1_prot_BBH68200.1_4885	iSF_1195.SF4384	27.0	178	120	3	120	297	246	413	1.02e-11	65.1
lcl|AP019371.1_prot_BBH68200.1_4885	iSSON_1240.SSON_4499	27.0	178	120	3	120	297	246	413	1.02e-11	65.1
lcl|AP019371.1_prot_BBH68200.1_4885	iCHOv1.100766004	25.3	158	116	1	120	277	38	193	5.42e-11	61.2
lcl|AP019371.1_prot_BBH68201.1_4886	iEK1008.Rv1635c	27.6	398	265	10	12	391	54	446	1.90e-18	87.8
lcl|AP019371.1_prot_BBH68203.1_4888	iYO844.BSU38860	39.5	81	40	3	1	72	1	81	1.19e-06	48.9
lcl|AP019371.1_prot_BBH68203.1_4888	iAF692.Mbar_A0036	23.3	257	176	7	2	237	6	262	1.14e-05	45.8
lcl|AP019371.1_prot_BBH68203.1_4888	iAF692.Mbar_A1122	24.4	254	165	8	2	231	6	256	1.53e-05	45.4
lcl|AP019371.1_prot_BBH68203.1_4888	iMM904.YOL151W	36.0	75	44	1	1	75	1	71	3.84e-05	44.3
lcl|AP019371.1_prot_BBH68207.1_4892	iEK1008.Rv0873	62.6	636	224	6	4	626	5	639	5.79e-265	741
lcl|AP019371.1_prot_BBH68211.1_4896	iEK1008.Rv1859	42.1	356	173	6	16	345	14	362	1.49e-73	231
lcl|AP019371.1_prot_BBH68212.1_4897	iEK1008.Rv1858	50.8	244	118	2	3	246	5	246	8.66e-66	205
lcl|AP019371.1_prot_BBH68213.1_4898	iEK1008.Rv1857	44.2	251	134	2	14	258	11	261	5.26e-55	177
lcl|AP019371.1_prot_BBH68215.1_4900	iSbBS512_1146.SbBS512_E2521	35.5	313	180	10	19	316	23	328	2.33e-32	125
lcl|AP019371.1_prot_BBH68215.1_4900	iSSON_1240.SSON_0809	35.5	313	180	10	19	316	23	328	2.33e-32	125
lcl|AP019371.1_prot_BBH68215.1_4900	iML1515.b0827	35.1	313	181	10	19	316	23	328	1.16e-31	123
lcl|AP019371.1_prot_BBH68215.1_4900	iSF_1195.SF0777	34.7	308	180	9	23	316	28	328	2.21e-31	122
lcl|AP019371.1_prot_BBH68215.1_4900	iSDY_1059.SDY_0760	34.8	313	182	10	19	316	23	328	5.79e-31	121
lcl|AP019371.1_prot_BBH68215.1_4900	iEK1008.Rv0438c	33.1	332	190	10	24	329	22	347	1.91e-30	120
lcl|AP019371.1_prot_BBH68215.1_4900	iAF987.Gmet_1038	30.8	386	239	10	3	367	1	379	1.66e-28	114
lcl|AP019371.1_prot_BBH68220.1_4905	iJN1463.PP_3723	31.1	530	332	16	3	517	5	516	4.26e-37	144
lcl|AP019371.1_prot_BBH68220.1_4905	iAF987.Gmet_1260	29.5	468	313	9	14	466	13	478	1.69e-33	134
lcl|AP019371.1_prot_BBH68221.1_4906	iSbBS512_1146.SbBS512_E1047	40.1	314	151	9	5	284	12	322	8.26e-45	154
lcl|AP019371.1_prot_BBH68221.1_4906	iML1515.b1919	40.1	314	151	9	5	284	12	322	1.63e-44	153
lcl|AP019371.1_prot_BBH68221.1_4906	iYL1228.KPN_02417	40.6	308	146	9	11	284	18	322	3.21e-44	152
lcl|AP019371.1_prot_BBH68221.1_4906	iSSON_1240.SSON_1199	39.8	314	152	9	5	284	12	322	4.51e-44	152
lcl|AP019371.1_prot_BBH68221.1_4906	iSF_1195.SF1962	39.8	314	152	9	5	284	44	354	1.31e-43	152
lcl|AP019371.1_prot_BBH68221.1_4906	iSDY_1059.SDY_1098	39.8	314	152	9	5	284	44	354	2.58e-43	151
lcl|AP019371.1_prot_BBH68221.1_4906	iPC815.YPO1845	36.4	308	158	9	12	284	20	324	2.38e-39	140
lcl|AP019371.1_prot_BBH68223.1_4908	iCHOv1.100771827	35.4	390	217	3	30	419	10	364	8.50e-68	219
lcl|AP019371.1_prot_BBH68223.1_4908	iMM1415.56185	34.7	389	207	4	28	415	6	348	3.22e-62	204
lcl|AP019371.1_prot_BBH68223.1_4908	iPC815.YPO1569	35.8	371	218	4	46	415	24	375	9.58e-62	204
lcl|AP019371.1_prot_BBH68223.1_4908	iJN1463.PP_4736	35.7	375	215	5	46	416	24	376	5.64e-60	199
lcl|AP019371.1_prot_BBH68223.1_4908	iML1515.b3605	35.8	372	219	3	46	416	24	376	1.63e-59	198
lcl|AP019371.1_prot_BBH68223.1_4908	iSbBS512_1146.SbBS512_E4031	35.8	372	219	3	46	416	24	376	1.63e-59	198
lcl|AP019371.1_prot_BBH68223.1_4908	iSF_1195.SF3644	35.8	372	219	3	46	416	24	376	1.63e-59	198
lcl|AP019371.1_prot_BBH68223.1_4908	iSSON_1240.SSON_3800	35.8	372	219	3	46	416	24	376	1.63e-59	198
lcl|AP019371.1_prot_BBH68223.1_4908	STM_v1_0.STM3694	36.3	377	210	7	46	416	24	376	2.29e-59	198
lcl|AP019371.1_prot_BBH68226.1_4911	iAF987.Gmet_2721	37.0	265	149	6	1337	1600	417	664	2.65e-35	144
lcl|AP019371.1_prot_BBH68226.1_4911	iJN1463.PP_1494	32.9	334	189	7	1289	1599	11	332	1.50e-36	141
lcl|AP019371.1_prot_BBH68226.1_4911	iAF987.Gmet_0069	39.0	236	124	6	1373	1599	77	301	1.42e-35	138
lcl|AP019371.1_prot_BBH68228.1_4913	iJN1463.PP_0553	33.5	203	106	6	28	206	131	328	6.97e-14	70.5
lcl|AP019371.1_prot_BBH68228.1_4913	iSynCJ816.SGL_RS04775	31.9	119	77	2	19	133	13	131	8.61e-13	66.6
lcl|AP019371.1_prot_BBH68235.1_4920	iYO844.BSU03070	28.2	397	272	4	17	402	22	416	2.50e-35	136
lcl|AP019371.1_prot_BBH68237.1_4922	iJN1463.PP_1710	30.1	153	107	0	33	185	56	208	1.60e-10	62.4
lcl|AP019371.1_prot_BBH68237.1_4922	iYL1228.KPN_02116	30.5	164	113	1	7	170	14	176	1.86e-10	62.0
lcl|AP019371.1_prot_BBH68237.1_4922	iYL1228.KPN_01586	31.4	137	94	0	33	169	49	185	3.58e-10	61.2
lcl|AP019371.1_prot_BBH68237.1_4922	iJN1463.PP_3600	26.3	391	238	12	33	395	38	406	6.72e-10	60.5
lcl|AP019371.1_prot_BBH68237.1_4922	iML1515.b0353	29.3	164	115	1	7	170	15	177	3.26e-09	58.2
lcl|AP019371.1_prot_BBH68237.1_4922	iSSON_1240.SSON_0332	29.3	164	115	1	7	170	30	192	3.39e-09	58.2
lcl|AP019371.1_prot_BBH68240.1_4925	iJN1463.PP_2417	41.2	328	183	6	22	345	14	335	8.08e-59	192
lcl|AP019371.1_prot_BBH68240.1_4925	iJN1463.PP_4688	43.0	286	156	3	65	345	59	342	1.35e-54	182
lcl|AP019371.1_prot_BBH68240.1_4925	iYO844.BSU07510	40.8	282	159	4	64	345	55	328	1.51e-53	179
lcl|AP019371.1_prot_BBH68240.1_4925	iAF692.Mbar_A2398	36.7	316	192	6	30	343	45	354	3.33e-52	176
lcl|AP019371.1_prot_BBH68241.1_4926	iLJ478.TM0080	25.0	280	175	7	31	299	55	310	1.26e-09	58.2
lcl|AP019371.1_prot_BBH68242.1_4927	iJN1463.PP_4687	41.2	243	131	3	1	235	1	239	1.20e-48	160
lcl|AP019371.1_prot_BBH68242.1_4927	iSSON_1240.SSON_4459	38.7	235	141	1	2	233	3	237	1.70e-48	160
lcl|AP019371.1_prot_BBH68242.1_4927	iSF_1195.SF0143	42.3	234	129	3	5	233	15	247	3.16e-48	160
lcl|AP019371.1_prot_BBH68242.1_4927	iSSON_1240.SSON_0163	42.3	234	129	3	5	233	15	247	3.16e-48	160
lcl|AP019371.1_prot_BBH68242.1_4927	iML1515.b4287	38.7	235	141	1	2	233	3	237	3.38e-48	159
lcl|AP019371.1_prot_BBH68242.1_4927	iSbBS512_1146.SbBS512_E0143	41.9	234	130	3	5	233	15	247	8.88e-48	159
lcl|AP019371.1_prot_BBH68242.1_4927	iML1515.b0151	41.9	234	130	3	5	233	15	247	1.25e-47	158
lcl|AP019371.1_prot_BBH68242.1_4927	iYL1228.KPN_00166	42.7	232	127	3	7	233	17	247	1.25e-47	158
lcl|AP019371.1_prot_BBH68242.1_4927	iSDY_1059.SDY_0167	41.9	234	130	3	5	233	15	247	1.25e-47	158
lcl|AP019371.1_prot_BBH68242.1_4927	STM_v1_0.STM0192	42.3	234	129	3	5	233	15	247	2.49e-47	157
lcl|AP019371.1_prot_BBH68242.1_4927	iAF692.Mbar_A2397	41.8	232	129	2	6	233	7	236	2.67e-47	157
lcl|AP019371.1_prot_BBH68242.1_4927	iJN1463.PP_2416	41.7	228	132	1	6	233	16	242	4.57e-47	157
lcl|AP019371.1_prot_BBH68242.1_4927	iAF692.Mbar_A2394	36.7	245	152	1	1	242	1	245	1.91e-46	156
lcl|AP019371.1_prot_BBH68242.1_4927	iYO844.BSU33290	38.1	236	142	1	2	233	4	239	2.18e-46	155
lcl|AP019371.1_prot_BBH68242.1_4927	iYS854.USA300HOU_RS03500	40.6	229	132	1	11	235	13	241	1.09e-45	153
lcl|AP019371.1_prot_BBH68242.1_4927	iSynCJ816.SGL_RS01940	37.2	239	146	1	2	236	10	248	2.36e-45	152
lcl|AP019371.1_prot_BBH68242.1_4927	iPC815.YPO3392	39.5	233	137	1	5	233	14	246	1.66e-44	150
lcl|AP019371.1_prot_BBH68242.1_4927	iYO844.BSU33160	40.7	214	122	2	2	210	1	214	1.65e-42	149
lcl|AP019371.1_prot_BBH68242.1_4927	iML1515.b0588	38.3	227	136	1	11	233	17	243	2.21e-43	147
lcl|AP019371.1_prot_BBH68242.1_4927	iSDY_1059.SDY_0519	38.3	227	136	1	11	233	17	243	2.21e-43	147
lcl|AP019371.1_prot_BBH68242.1_4927	iSF_1195.SF0502	38.3	227	136	1	11	233	17	243	2.21e-43	147
lcl|AP019371.1_prot_BBH68242.1_4927	iAF692.Mbar_A1172	37.2	234	144	1	1	231	1	234	6.35e-43	146
lcl|AP019371.1_prot_BBH68242.1_4927	STM_v1_0.STM0590	37.9	227	137	1	11	233	17	243	1.02e-42	145
lcl|AP019371.1_prot_BBH68242.1_4927	iSbBS512_1146.SbBS512_E0489	37.9	227	137	1	11	233	17	243	1.22e-42	145
lcl|AP019371.1_prot_BBH68242.1_4927	iCN900.CD630_28750	36.0	236	147	1	2	233	4	239	1.29e-42	145
lcl|AP019371.1_prot_BBH68243.1_4928	iAF987.Gmet_1167	27.0	159	90	5	5	148	29	176	3.34e-08	52.4
lcl|AP019371.1_prot_BBH68243.1_4928	iJN1463.PP_1765	32.0	97	63	2	50	144	51	146	1.07e-06	47.8
lcl|AP019371.1_prot_BBH68244.1_4929	iML1515.b0311	24.5	563	322	22	147	636	1	533	5.33e-14	74.7
lcl|AP019371.1_prot_BBH68244.1_4929	iJN1463.PP_5064	24.2	559	327	20	148	636	4	535	9.49e-14	73.9
lcl|AP019371.1_prot_BBH68249.1_4934	iAF692.Mbar_A2172	39.3	527	297	11	31	537	30	553	4.43e-125	377
lcl|AP019371.1_prot_BBH68249.1_4934	iCHOv1.100751305	39.6	540	303	11	17	535	36	573	3.90e-116	355
lcl|AP019371.1_prot_BBH68250.1_4935	iAF987.Gmet_1572	32.2	255	166	4	5	254	6	258	4.36e-30	112
lcl|AP019371.1_prot_BBH68250.1_4935	iAF987.Gmet_2224	29.4	248	169	2	11	252	12	259	3.53e-28	107
lcl|AP019371.1_prot_BBH68250.1_4935	iLB1027_lipid.PHATRDRAFT_11811	38.3	162	99	1	94	254	41	202	1.02e-27	105
lcl|AP019371.1_prot_BBH68257.1_4942	iYL1228.KPN_00608	45.4	313	166	4	18	329	19	327	1.42e-74	233
lcl|AP019371.1_prot_BBH68257.1_4942	iSSON_1240.SSON_0541	46.3	313	163	4	18	329	19	327	3.88e-74	231
lcl|AP019371.1_prot_BBH68257.1_4942	iSynCJ816.SGL_RS01930	45.8	321	166	5	11	329	25	339	1.01e-73	231
lcl|AP019371.1_prot_BBH68257.1_4942	iSbBS512_1146.SbBS512_E0492	46.0	313	164	4	18	329	19	327	2.19e-73	229
lcl|AP019371.1_prot_BBH68257.1_4942	iSDY_1059.SDY_0521	46.0	313	164	4	18	329	19	327	2.19e-73	229
lcl|AP019371.1_prot_BBH68257.1_4942	iSF_1195.SF0504	46.0	313	164	4	18	329	23	331	2.46e-73	229
lcl|AP019371.1_prot_BBH68257.1_4942	iML1515.b0590	46.0	313	164	4	18	329	19	327	3.09e-73	229
lcl|AP019371.1_prot_BBH68257.1_4942	iYO844.BSU08450	43.1	325	183	1	5	329	6	328	1.69e-72	227
lcl|AP019371.1_prot_BBH68257.1_4942	STM_v1_0.STM0592	44.7	313	168	4	18	329	19	327	5.04e-72	226
lcl|AP019371.1_prot_BBH68258.1_4943	iSynCJ816.SGL_RS01935	42.4	314	174	4	24	332	32	343	2.29e-55	184
lcl|AP019371.1_prot_BBH68258.1_4943	iSDY_1059.SDY_0520	40.2	301	178	2	39	338	30	329	8.94e-49	166
lcl|AP019371.1_prot_BBH68259.1_4944	iML1515.b0588	54.7	256	116	0	1	256	5	260	7.14e-99	289
lcl|AP019371.1_prot_BBH68259.1_4944	iSDY_1059.SDY_0519	54.7	256	116	0	1	256	5	260	7.14e-99	289
lcl|AP019371.1_prot_BBH68259.1_4944	iSbBS512_1146.SbBS512_E0489	54.3	256	117	0	1	256	5	260	4.10e-98	287
lcl|AP019371.1_prot_BBH68259.1_4944	iSF_1195.SF0502	54.3	256	117	0	1	256	5	260	5.81e-98	287
lcl|AP019371.1_prot_BBH68259.1_4944	iSynCJ816.SGL_RS01940	55.3	253	113	0	4	256	10	262	5.26e-98	287
lcl|AP019371.1_prot_BBH68259.1_4944	STM_v1_0.STM0590	54.7	256	116	0	1	256	5	260	6.53e-98	286
lcl|AP019371.1_prot_BBH68259.1_4944	iSSON_1240.SSON_0539	54.3	256	117	0	1	256	5	260	1.17e-97	286
lcl|AP019371.1_prot_BBH68259.1_4944	iYL1228.KPN_00606	54.9	255	115	0	2	256	6	260	2.64e-97	285
lcl|AP019371.1_prot_BBH68259.1_4944	iYS854.USA300HOU_RS03500	52.5	255	121	0	1	255	1	255	1.59e-91	270
lcl|AP019371.1_prot_BBH68259.1_4944	iYO844.BSU33290	49.8	253	127	0	1	253	1	253	2.77e-88	262
lcl|AP019371.1_prot_BBH68259.1_4944	iYO844.BSU07490	50.0	256	128	0	1	256	1	256	3.56e-88	262
lcl|AP019371.1_prot_BBH68260.1_4945	iEK1008.Rv3703c	32.2	233	122	10	21	245	189	393	4.69e-19	85.9
lcl|AP019371.1_prot_BBH68261.1_4946	iJN1463.PP_1144	29.5	329	203	9	80	387	382	702	1.45e-24	105
lcl|AP019371.1_prot_BBH68261.1_4946	iJN1463.PP_0914	30.1	319	196	9	87	387	363	672	4.73e-23	100
lcl|AP019371.1_prot_BBH68262.1_4947	iEK1008.Rv1427c	33.5	442	230	9	373	757	92	526	9.87e-56	199
lcl|AP019371.1_prot_BBH68262.1_4947	iEK1008.Rv0270	31.1	472	262	9	345	757	87	554	1.21e-52	191
lcl|AP019371.1_prot_BBH68263.1_4948	iEK1008.Rv0386	49.1	53	27	0	800	852	1026	1078	7.75e-07	52.8
lcl|AP019371.1_prot_BBH68264.1_4949	iEK1008.Rv0386	41.1	56	33	0	541	596	1022	1077	1.25e-05	48.1
lcl|AP019371.1_prot_BBH68270.1_4955	iEK1008.Rv0073	27.7	101	60	1	28	128	233	320	6.44e-04	39.7
lcl|AP019371.1_prot_BBH68271.1_4956	iSynCJ816.SGL_RS03900	33.0	209	136	1	461	665	414	622	2.22e-27	117
lcl|AP019371.1_prot_BBH68277.1_4962	iJN1463.PP_3648	36.3	91	57	1	13	103	29	118	1.53e-10	53.9
lcl|AP019371.1_prot_BBH68277.1_4962	iNF517.LLMG_RS04935	35.6	90	56	2	16	104	14	102	1.28e-10	53.5
lcl|AP019371.1_prot_BBH68277.1_4962	iJN1463.PP_1381	36.1	72	46	0	33	104	49	120	6.53e-09	49.7
lcl|AP019371.1_prot_BBH68280.1_4965	iEK1008.Rv2936	34.2	307	178	5	7	289	8	314	5.98e-40	141
lcl|AP019371.1_prot_BBH68282.1_4967	iAF987.Gmet_0069	30.2	116	77	2	3	115	4	118	1.92e-05	43.9
lcl|AP019371.1_prot_BBH68282.1_4967	iAF987.Gmet_1919	20.8	125	97	1	1	125	2	124	4.96e-05	42.7
lcl|AP019371.1_prot_BBH68282.1_4967	iAF987.Gmet_1914	21.4	126	95	2	1	125	1	123	7.37e-05	42.4
lcl|AP019371.1_prot_BBH68282.1_4967	iJN1463.PP_1494	31.3	112	74	2	4	113	20	130	6.54e-05	42.4
lcl|AP019371.1_prot_BBH68282.1_4967	iAF987.Gmet_2999	29.1	79	54	1	39	115	43	121	2.97e-04	40.4
lcl|AP019371.1_prot_BBH68284.1_4969	iSynCJ816.SGL_RS15225	38.5	130	77	2	14	141	3	131	2.18e-25	94.4
lcl|AP019371.1_prot_BBH68284.1_4969	iJN1463.PP_5123	40.5	131	75	2	13	141	3	132	4.57e-25	93.6
lcl|AP019371.1_prot_BBH68284.1_4969	STM_v1_0.STM3725	36.6	131	80	2	13	141	4	133	2.16e-22	86.7
lcl|AP019371.1_prot_BBH68284.1_4969	iML1515.b3634	37.4	131	79	2	13	141	4	133	4.29e-22	85.9
lcl|AP019371.1_prot_BBH68284.1_4969	iSbBS512_1146.SbBS512_E4059	37.4	131	79	2	13	141	4	133	4.29e-22	85.9
lcl|AP019371.1_prot_BBH68284.1_4969	iSF_1195.SF3673	37.4	131	79	2	13	141	4	133	4.29e-22	85.9
lcl|AP019371.1_prot_BBH68284.1_4969	iSSON_1240.SSON_3773	37.4	131	79	2	13	141	4	133	4.29e-22	85.9
lcl|AP019371.1_prot_BBH68284.1_4969	iCN718.ABAYE_RS14785	35.6	135	84	2	9	141	1	134	9.41e-22	85.1
lcl|AP019371.1_prot_BBH68293.1_4978	iMM1415.18805	25.0	328	158	12	211	479	675	973	4.44e-08	55.8
lcl|AP019371.1_prot_BBH68293.1_4978	iCHOv1.100689404	25.8	279	136	11	214	450	640	889	7.63e-08	55.1
lcl|AP019371.1_prot_BBH68300.1_4985	iAF692.Mbar_A3635	32.1	112	73	2	37	148	20	128	2.70e-07	50.4
lcl|AP019371.1_prot_BBH68316.1_5001	iCHOv1.100758590	34.2	407	219	9	7	369	47	448	6.23e-70	226
lcl|AP019371.1_prot_BBH68320.1_5005	iYL1228.KPN_01661	38.9	303	177	4	20	314	25	327	3.06e-52	174
lcl|AP019371.1_prot_BBH68320.1_5005	iJN1463.PP_3737	35.9	312	193	5	9	314	6	316	3.07e-52	174
lcl|AP019371.1_prot_BBH68321.1_5006	iEK1008.Rv3518c	27.6	355	236	9	26	372	27	368	1.68e-31	123
lcl|AP019371.1_prot_BBH68321.1_5006	iEK1008.Rv3545c	29.0	293	199	6	81	369	115	402	7.16e-31	122
lcl|AP019371.1_prot_BBH68322.1_5007	iEK1008.Rv2259	70.7	369	98	3	2	370	3	361	9.66e-181	505
lcl|AP019371.1_prot_BBH68323.1_5008	iEK1008.Rv2581c	35.6	163	82	5	59	199	52	213	9.04e-22	88.6
lcl|AP019371.1_prot_BBH68323.1_5008	iCN900.CD630_27420	31.2	189	111	7	26	199	14	198	1.73e-20	84.7
lcl|AP019371.1_prot_BBH68326.1_5011	iYO844.BSU35960	27.3	249	151	8	49	282	16	249	9.81e-11	61.6
lcl|AP019371.1_prot_BBH68327.1_5012	iYL1228.KPN_03813	27.0	163	103	6	148	303	134	287	8.43e-04	41.2
lcl|AP019371.1_prot_BBH68328.1_5013	iEK1008.Rv2040c	33.6	280	174	5	16	289	17	290	1.15e-34	127
lcl|AP019371.1_prot_BBH68328.1_5013	iYO844.BSU30280	31.3	265	178	3	17	280	27	288	6.85e-33	122
lcl|AP019371.1_prot_BBH68328.1_5013	iEK1008.Rv2316	28.9	280	189	3	6	282	4	276	1.53e-30	115
lcl|AP019371.1_prot_BBH68330.1_5015	iSynCJ816.SGL_RS16650	36.1	208	127	3	7	211	93	297	6.06e-29	109
lcl|AP019371.1_prot_BBH68333.1_5018	iYO844.BSU03070	36.1	155	85	4	7	152	124	273	1.63e-22	96.7
lcl|AP019371.1_prot_BBH68350.1_5035	iEK1008.Rv0091	30.2	86	59	1	207	291	161	246	2.10e-06	48.5
lcl|AP019371.1_prot_BBH68352.1_5037	iAF692.Mbar_A1202	25.6	211	138	6	57	258	68	268	3.66e-07	51.6
lcl|AP019371.1_prot_BBH68361.1_5046	iYS854.USA300HOU_RS08520	24.2	157	101	4	435	583	50	196	5.02e-07	50.8
lcl|AP019371.1_prot_BBH68369.1_5054	iJN1463.PP_1478	46.7	353	177	7	16	367	13	355	4.68e-87	267
lcl|AP019371.1_prot_BBH68375.1_5060	iSynCJ816.SGL_RS16190	29.0	169	93	8	88	245	115	267	5.38e-06	50.8
lcl|AP019371.1_prot_BBH68375.1_5060	iAF987.Gmet_3085	28.0	107	75	1	1455	1561	237	341	1.36e-04	46.6
lcl|AP019371.1_prot_BBH68376.1_5061	iJN1463.PP_3737	38.1	315	182	7	7	309	3	316	3.28e-58	189
lcl|AP019371.1_prot_BBH68377.1_5062	iJN1463.PP_0315	31.9	207	132	3	20	226	28	225	1.67e-27	112
lcl|AP019371.1_prot_BBH68381.1_5066	iLJ478.TM0327	33.2	313	192	8	1	305	1	304	6.83e-37	134
lcl|AP019371.1_prot_BBH68381.1_5066	iJN1463.PP_0762	36.9	282	151	7	40	298	43	320	6.28e-36	131
lcl|AP019371.1_prot_BBH68381.1_5066	iYO844.BSU23070	36.1	227	138	4	59	280	54	278	1.31e-33	128
lcl|AP019371.1_prot_BBH68381.1_5066	iAF987.Gmet_2378	35.9	220	133	4	68	280	65	283	3.60e-32	124
lcl|AP019371.1_prot_BBH68381.1_5066	iJN1463.PP_3376	37.3	228	133	4	66	284	65	291	2.51e-33	124
lcl|AP019371.1_prot_BBH68382.1_5067	iJN1463.PP_3723	40.8	554	283	7	1	541	6	527	7.79e-113	345
lcl|AP019371.1_prot_BBH68382.1_5067	iJN1463.PP_1394	39.4	553	295	8	4	541	5	532	5.11e-103	320
lcl|AP019371.1_prot_BBH68383.1_5068	iJN1463.PP_3597	51.4	251	112	2	4	254	18	258	8.29e-80	240
lcl|AP019371.1_prot_BBH68383.1_5068	iYS854.USA300HOU_RS13040	50.8	246	112	2	6	251	1	237	1.36e-79	239
lcl|AP019371.1_prot_BBH68383.1_5068	STM_v1_0.STM0828	51.4	249	111	2	6	254	1	239	2.01e-78	236
lcl|AP019371.1_prot_BBH68383.1_5068	iJN1463.PP_1300	51.0	249	112	2	6	254	14	252	9.00e-78	235
lcl|AP019371.1_prot_BBH68383.1_5068	iPC815.YPO2514	51.4	249	111	2	6	254	1	239	5.74e-78	235
lcl|AP019371.1_prot_BBH68383.1_5068	iML1515.b0652	51.4	247	110	2	6	252	1	237	2.39e-77	233
lcl|AP019371.1_prot_BBH68383.1_5068	iSF_1195.SF0629	51.4	247	110	2	6	252	1	237	2.39e-77	233
lcl|AP019371.1_prot_BBH68383.1_5068	iSSON_1240.SSON_0606	51.4	247	110	2	6	252	1	237	2.39e-77	233
lcl|AP019371.1_prot_BBH68383.1_5068	iJN1463.PP_0283	49.0	249	126	1	5	252	6	254	1.14e-76	232
lcl|AP019371.1_prot_BBH68383.1_5068	iYO844.BSU03590	49.6	246	118	1	6	251	1	240	1.17e-76	232
lcl|AP019371.1_prot_BBH68383.1_5068	iJN1463.PP_0225	51.0	249	112	2	6	251	1	242	1.94e-76	231
lcl|AP019371.1_prot_BBH68383.1_5068	iYO844.BSU27430	48.6	249	118	2	6	254	1	239	5.69e-76	230
lcl|AP019371.1_prot_BBH68383.1_5068	iCN900.CD630_07520	48.2	247	118	2	6	252	1	237	5.33e-76	230
lcl|AP019371.1_prot_BBH68383.1_5068	iSDY_1059.SDY_0787	50.2	249	114	2	6	254	1	239	1.52e-75	229
lcl|AP019371.1_prot_BBH68383.1_5068	iSSON_1240.SSON_0789	50.2	249	114	2	6	254	1	239	3.05e-75	228
lcl|AP019371.1_prot_BBH68383.1_5068	iML1515.b0809	50.2	249	114	2	6	254	1	239	4.32e-75	228
lcl|AP019371.1_prot_BBH68383.1_5068	iSbBS512_1146.SbBS512_E2539	50.2	249	114	2	6	254	1	239	4.32e-75	228
lcl|AP019371.1_prot_BBH68383.1_5068	iYL1228.KPN_00678	49.8	247	114	1	6	252	1	237	8.95e-75	227
lcl|AP019371.1_prot_BBH68383.1_5068	iSF_1195.SF0760	50.2	249	114	2	6	254	1	239	8.67e-75	227
lcl|AP019371.1_prot_BBH68383.1_5068	iSynCJ816.SGL_RS08035	47.6	252	125	2	3	254	5	249	1.27e-74	227
lcl|AP019371.1_prot_BBH68383.1_5068	iPC815.YPO2612	50.2	247	113	1	6	252	2	238	9.25e-75	227
lcl|AP019371.1_prot_BBH68383.1_5068	iYL1228.KPN_00838	50.2	249	114	2	6	254	1	239	1.23e-74	226
lcl|AP019371.1_prot_BBH68383.1_5068	iNF517.LLMG_RS09915	49.4	247	115	2	6	252	5	241	1.40e-74	226
lcl|AP019371.1_prot_BBH68383.1_5068	iJN1463.PP_4425	49.8	249	123	2	6	252	1	249	7.98e-74	225
lcl|AP019371.1_prot_BBH68383.1_5068	iYS854.USA300HOU_RS09925	46.0	250	125	1	5	254	2	241	1.50e-73	224
lcl|AP019371.1_prot_BBH68383.1_5068	iML1515.b1917	50.4	246	116	2	7	251	4	244	3.89e-73	223
lcl|AP019371.1_prot_BBH68383.1_5068	iJN1463.PP_4483	49.8	247	123	1	7	252	4	250	6.25e-73	223
lcl|AP019371.1_prot_BBH68383.1_5068	iYL1228.KPN_02696	50.6	247	120	2	7	251	6	252	9.72e-73	222
lcl|AP019371.1_prot_BBH68383.1_5068	iCN900.CD630_21720	45.9	246	126	2	6	251	1	239	1.73e-71	219
lcl|AP019371.1_prot_BBH68383.1_5068	iNF517.LLMG_RS09720	48.8	246	116	3	7	252	7	242	1.63e-71	219
lcl|AP019371.1_prot_BBH68383.1_5068	iJN1463.PP_1068	47.4	249	119	2	6	252	13	251	4.33e-71	218
lcl|AP019371.1_prot_BBH68383.1_5068	iCN718.ABAYE_RS06340	48.6	247	125	2	7	251	7	253	6.53e-71	218
lcl|AP019371.1_prot_BBH68383.1_5068	iCN718.ABAYE_RS10970	47.4	249	119	2	5	251	2	240	6.55e-71	217
lcl|AP019371.1_prot_BBH68383.1_5068	iML1515.b2306	49.0	247	124	2	7	251	6	252	8.97e-71	217
lcl|AP019371.1_prot_BBH68383.1_5068	iSDY_1059.SDY_2505	49.0	247	124	2	7	251	6	252	8.97e-71	217
lcl|AP019371.1_prot_BBH68383.1_5068	iYO844.BSU23960	48.0	246	118	1	6	251	1	236	1.05e-70	216
lcl|AP019371.1_prot_BBH68384.1_5069	iJN1463.PP_0226	40.9	203	115	1	18	220	17	214	1.80e-39	135
lcl|AP019371.1_prot_BBH68384.1_5069	iML1515.b1918	40.4	203	116	2	18	220	16	213	2.42e-36	127
lcl|AP019371.1_prot_BBH68385.1_5070	iYO844.BSU23980	29.4	218	135	6	60	270	41	246	5.28e-13	67.0
lcl|AP019371.1_prot_BBH68385.1_5070	iML1515.b1920	26.1	230	159	5	43	267	29	252	3.78e-12	64.7
lcl|AP019371.1_prot_BBH68385.1_5070	STM_v1_0.STM1954	25.4	236	165	5	37	267	23	252	3.78e-12	64.7
lcl|AP019371.1_prot_BBH68385.1_5070	iYO844.BSU03610	22.4	277	190	7	1	271	1	258	1.78e-11	62.8
lcl|AP019371.1_prot_BBH68385.1_5070	iPC815.YPO2512	24.8	222	152	8	53	270	27	237	9.14e-11	60.5
lcl|AP019371.1_prot_BBH68387.1_5072	iYS854.USA300HOU_RS13930	23.1	385	226	15	2	356	18	362	5.19e-10	60.8
lcl|AP019371.1_prot_BBH68387.1_5072	STM_v1_0.STM2232	29.0	176	102	5	5	170	10	172	6.60e-09	57.4
lcl|AP019371.1_prot_BBH68392.1_5077	iYO844.BSU12290	29.0	355	217	9	1	321	1	354	3.43e-22	96.7
lcl|AP019371.1_prot_BBH68398.1_5083	iJN1463.PP_1144	28.9	239	140	5	27	246	482	709	1.87e-13	71.6
lcl|AP019371.1_prot_BBH68400.1_5085	iMM1415.11605	42.2	344	164	9	24	350	32	357	1.21e-77	250
lcl|AP019371.1_prot_BBH68400.1_5085	iCHOv1.100751670	38.7	354	175	10	19	351	11	343	2.54e-69	228
lcl|AP019371.1_prot_BBH68405.1_5090	iEK1008.Rv1564c	53.4	710	305	11	6	701	21	718	1.93e-254	720
lcl|AP019371.1_prot_BBH68409.1_5094	iAF987.Gmet_2131	39.9	479	282	5	12	487	5	480	8.05e-106	323
lcl|AP019371.1_prot_BBH68409.1_5094	iJN1463.PP_3357	40.0	468	272	6	24	486	18	481	6.47e-99	305
lcl|AP019371.1_prot_BBH68409.1_5094	iYO844.BSU38830	39.4	480	285	6	12	487	8	485	1.98e-98	304
lcl|AP019371.1_prot_BBH68413.1_5098	iEK1008.Rv2074	32.3	99	61	3	13	109	17	111	4.71e-05	40.4
lcl|AP019371.1_prot_BBH68413.1_5098	iEK1008.Rv1155	32.4	74	47	2	17	88	16	88	3.63e-04	38.1
lcl|AP019371.1_prot_BBH68417.1_5102	iJN1463.PP_0129	41.3	160	86	3	357	508	483	642	7.04e-24	105
lcl|AP019371.1_prot_BBH68417.1_5102	iAF987.Gmet_0069	37.8	172	97	4	347	508	130	301	5.67e-24	102
lcl|AP019371.1_prot_BBH68417.1_5102	iML1515.b1341	42.3	163	83	4	356	510	250	409	1.79e-21	96.3
lcl|AP019371.1_prot_BBH68417.1_5102	iAF987.Gmet_2425	38.7	155	87	3	362	508	190	344	2.37e-21	95.1
lcl|AP019371.1_prot_BBH68423.1_5108	STM_v1_0.STM1742	54.1	307	137	2	1	303	12	318	3.28e-104	309
lcl|AP019371.1_prot_BBH68423.1_5108	iYL1228.KPN_02193	54.1	307	137	2	1	303	12	318	6.58e-104	308
lcl|AP019371.1_prot_BBH68423.1_5108	iML1515.b1247	53.4	307	139	2	1	303	12	318	1.51e-102	305
lcl|AP019371.1_prot_BBH68423.1_5108	iSbBS512_1146.SbBS512_E1416	53.4	307	139	2	1	303	12	318	1.51e-102	305
lcl|AP019371.1_prot_BBH68423.1_5108	iSF_1195.SF1248	53.4	307	139	2	1	303	12	318	1.51e-102	305
lcl|AP019371.1_prot_BBH68423.1_5108	iSDY_1059.SDY_1305	53.4	307	139	2	1	303	12	318	3.02e-102	304
lcl|AP019371.1_prot_BBH68423.1_5108	iSSON_1240.SSON_1933	52.4	307	142	2	1	303	12	318	3.94e-100	299
lcl|AP019371.1_prot_BBH68423.1_5108	iLJ478.TM0057	48.6	329	158	6	1	321	4	329	1.02e-98	295
lcl|AP019371.1_prot_BBH68423.1_5108	iLJ478.TM1063	48.6	329	156	6	1	318	4	330	1.03e-96	290
lcl|AP019371.1_prot_BBH68423.1_5108	iLJ478.TM1750	48.4	314	150	4	5	316	18	321	6.24e-95	285
lcl|AP019371.1_prot_BBH68424.1_5109	iYL1228.KPN_02194	49.2	319	158	4	3	321	19	333	8.59e-99	294
lcl|AP019371.1_prot_BBH68424.1_5109	iYO844.BSU12950	52.7	298	138	3	3	299	4	299	4.23e-96	287
lcl|AP019371.1_prot_BBH68424.1_5109	iEK1008.Rv1281c	54.2	299	134	3	3	300	4	300	1.10e-92	287
lcl|AP019371.1_prot_BBH68424.1_5109	STM_v1_0.STM1743	48.1	322	157	5	3	321	17	331	4.23e-96	287
lcl|AP019371.1_prot_BBH68424.1_5109	iSbBS512_1146.SbBS512_E1415	47.2	320	165	4	2	321	18	333	1.46e-94	283
lcl|AP019371.1_prot_BBH68424.1_5109	iSDY_1059.SDY_1304	47.2	320	165	4	2	321	18	333	1.46e-94	283
lcl|AP019371.1_prot_BBH68424.1_5109	iSF_1195.SF1247	47.2	320	165	4	2	321	18	333	1.46e-94	283
lcl|AP019371.1_prot_BBH68424.1_5109	iSSON_1240.SSON_1934	47.3	319	164	4	3	321	19	333	2.07e-94	283
lcl|AP019371.1_prot_BBH68424.1_5109	iML1515.b1246	46.9	320	166	4	2	321	18	333	4.73e-93	280
lcl|AP019371.1_prot_BBH68424.1_5109	STM_v1_0.STM3627	47.0	321	168	2	1	321	1	319	2.77e-92	277
lcl|AP019371.1_prot_BBH68424.1_5109	iYL1228.KPN_03896	47.0	321	168	2	1	321	1	319	4.47e-91	274
lcl|AP019371.1_prot_BBH68424.1_5109	iSSON_1240.SSON_3849	46.7	321	169	2	1	321	1	319	8.96e-91	273
lcl|AP019371.1_prot_BBH68424.1_5109	iLJ478.TM1749	46.4	317	168	2	1	317	2	316	2.31e-90	272
lcl|AP019371.1_prot_BBH68424.1_5109	iML1515.b3541	46.7	321	169	2	1	321	1	319	3.60e-90	272
lcl|AP019371.1_prot_BBH68424.1_5109	iSF_1195.SF3576	46.7	321	169	2	1	321	1	319	3.60e-90	272
lcl|AP019371.1_prot_BBH68424.1_5109	iPC815.YPO4000	47.7	321	165	3	1	321	1	318	3.49e-90	272
lcl|AP019371.1_prot_BBH68424.1_5109	iSDY_1059.SDY_4564	46.4	321	170	2	1	321	1	319	5.10e-90	271
lcl|AP019371.1_prot_BBH68424.1_5109	iLJ478.TM1064	49.0	310	152	4	2	307	3	310	2.19e-87	265
lcl|AP019371.1_prot_BBH68425.1_5110	iYL1228.KPN_00865	43.0	279	148	5	33	310	18	286	4.65e-54	177
lcl|AP019371.1_prot_BBH68425.1_5110	iSF_1195.SF0782	44.1	279	145	5	33	310	32	300	9.62e-54	177
lcl|AP019371.1_prot_BBH68425.1_5110	iSbBS512_1146.SbBS512_E2516	42.7	279	149	5	33	310	32	300	2.69e-53	176
lcl|AP019371.1_prot_BBH68425.1_5110	iSSON_1240.SSON_0814	42.7	279	149	5	33	310	32	300	2.69e-53	176
lcl|AP019371.1_prot_BBH68425.1_5110	iML1515.b0832	42.3	279	150	5	33	310	32	300	3.79e-53	176
lcl|AP019371.1_prot_BBH68425.1_5110	iSSON_1240.SSON_1639	39.5	276	157	5	35	310	27	292	1.31e-52	174
lcl|AP019371.1_prot_BBH68425.1_5110	iSDY_1059.SDY_0755	42.5	280	148	6	33	310	32	300	2.10e-52	174
lcl|AP019371.1_prot_BBH68425.1_5110	iML1515.b1485	39.1	276	158	5	35	310	27	292	1.44e-51	171
lcl|AP019371.1_prot_BBH68425.1_5110	iSbBS512_1146.SbBS512_E1748	39.7	277	151	7	35	310	27	288	5.08e-51	170
lcl|AP019371.1_prot_BBH68425.1_5110	iJN1463.PP_0880	39.4	287	166	5	26	310	23	303	2.25e-49	166
lcl|AP019371.1_prot_BBH68425.1_5110	STM_v1_0.STM0851	41.5	284	155	5	28	310	27	300	2.78e-49	166
lcl|AP019371.1_prot_BBH68425.1_5110	iYL1228.KPN_03897	43.1	276	149	5	37	310	28	297	3.61e-49	165
lcl|AP019371.1_prot_BBH68425.1_5110	iSDY_1059.SDY_4565	43.1	274	152	4	37	310	28	297	1.99e-48	163
lcl|AP019371.1_prot_BBH68425.1_5110	iML1515.b3542	42.7	274	153	4	37	310	28	297	1.10e-47	161
lcl|AP019371.1_prot_BBH68425.1_5110	STM_v1_0.STM3628	42.3	274	154	4	37	310	28	297	1.10e-47	161
lcl|AP019371.1_prot_BBH68425.1_5110	iYO844.BSU12940	37.0	289	173	4	25	313	41	320	5.08e-47	160
lcl|AP019371.1_prot_BBH68425.1_5110	iSF_1195.SF3577	42.7	274	153	4	37	310	28	297	4.30e-47	160
lcl|AP019371.1_prot_BBH68426.1_5111	iYL1228.KPN_03898	43.9	337	184	3	1	333	1	336	3.26e-85	260
lcl|AP019371.1_prot_BBH68426.1_5111	STM_v1_0.STM3629	43.9	337	184	3	1	333	1	336	1.04e-83	256
lcl|AP019371.1_prot_BBH68426.1_5111	iML1515.b3543	43.3	337	186	3	1	333	1	336	1.67e-82	253
lcl|AP019371.1_prot_BBH68426.1_5111	iSDY_1059.SDY_4566	43.3	337	186	3	1	333	1	336	1.67e-82	253
lcl|AP019371.1_prot_BBH68426.1_5111	iSSON_1240.SSON_3847	43.3	337	186	3	1	333	1	336	1.67e-82	253
lcl|AP019371.1_prot_BBH68426.1_5111	iSF_1195.SF3578	43.3	337	186	3	1	333	1	336	2.36e-82	253
lcl|AP019371.1_prot_BBH68426.1_5111	iJN1463.PP_0881	44.6	334	183	2	1	333	1	333	4.31e-82	252
lcl|AP019371.1_prot_BBH68427.1_5112	iYL1228.KPN_03899	30.6	529	324	18	26	535	21	525	9.89e-58	200
lcl|AP019371.1_prot_BBH68427.1_5112	iML1515.b3544	30.4	529	325	18	26	535	30	534	2.29e-56	197
lcl|AP019371.1_prot_BBH68427.1_5112	iSSON_1240.SSON_3846	30.0	526	331	17	26	535	30	534	3.18e-56	196
lcl|AP019371.1_prot_BBH68427.1_5112	iSDY_1059.SDY_4567	30.2	529	326	18	26	535	30	534	4.41e-56	196
lcl|AP019371.1_prot_BBH68427.1_5112	iSF_1195.SF3579	30.2	529	326	18	26	535	30	534	4.41e-56	196
lcl|AP019371.1_prot_BBH68427.1_5112	STM_v1_0.STM3630	29.7	529	329	18	26	535	30	534	3.13e-54	191
lcl|AP019371.1_prot_BBH68427.1_5112	iJN1463.PP_0885	28.5	536	336	15	27	537	28	541	8.68e-51	182
lcl|AP019371.1_prot_BBH68430.1_5115	iCHOv1.100767446	39.8	598	297	18	7	554	29	613	3.41e-119	366
lcl|AP019371.1_prot_BBH68430.1_5115	iMM1415.12091	38.0	594	313	15	7	554	40	624	2.78e-118	363
lcl|AP019371.1_prot_BBH68431.1_5116	STM_v1_0.STM3884	26.0	227	155	7	48	273	29	243	3.80e-09	56.6
lcl|AP019371.1_prot_BBH68431.1_5116	iML1515.b3751	26.0	227	155	7	48	273	29	243	9.17e-09	55.5
lcl|AP019371.1_prot_BBH68431.1_5116	iYL1228.KPN_04156	25.6	227	156	7	48	273	29	243	1.23e-08	55.1
lcl|AP019371.1_prot_BBH68431.1_5116	iYO844.BSU35960	26.1	249	160	11	58	298	50	282	5.54e-08	53.1
lcl|AP019371.1_prot_BBH68433.1_5118	iEK1008.Rv2996c	34.3	274	175	5	61	333	37	306	2.59e-33	129
lcl|AP019371.1_prot_BBH68435.1_5120	iEK1008.Rv2040c	35.0	303	183	5	2	302	4	294	1.26e-46	158
lcl|AP019371.1_prot_BBH68436.1_5121	iYS854.USA300HOU_RS01105	33.7	258	165	4	39	293	24	278	6.53e-41	142
lcl|AP019371.1_prot_BBH68436.1_5121	iCN900.CD630_34150	30.9	246	166	3	40	284	35	277	8.99e-39	137
lcl|AP019371.1_prot_BBH68436.1_5121	iEK1008.Rv2834c	28.3	254	176	4	42	293	25	274	2.87e-37	133
lcl|AP019371.1_prot_BBH68438.1_5123	iJN1463.PP_3941	44.4	63	34	1	81	142	115	177	2.23e-06	46.2
lcl|AP019371.1_prot_BBH68438.1_5123	iYL1228.KPN_01202	24.9	189	99	5	5	152	3	189	4.72e-05	42.4
lcl|AP019371.1_prot_BBH68438.1_5123	iCN718.ABAYE_RS00855	27.9	197	92	6	5	157	9	199	6.42e-05	42.0
lcl|AP019371.1_prot_BBH68443.1_5128	iCHOv1.100753207	25.9	491	298	17	43	499	30	488	3.68e-23	102
lcl|AP019371.1_prot_BBH68445.1_5130	iEK1008.Rv1237	36.0	272	168	4	2	268	4	274	3.87e-45	152
lcl|AP019371.1_prot_BBH68445.1_5130	iYO844.BSU06990	31.6	253	167	4	16	263	40	291	1.04e-39	139
lcl|AP019371.1_prot_BBH68446.1_5131	iEK1008.Rv2316	32.5	280	178	5	35	313	14	283	1.84e-39	140
lcl|AP019371.1_prot_BBH68446.1_5131	iYO844.BSU30280	30.5	305	190	5	18	316	13	301	1.99e-37	135
lcl|AP019371.1_prot_BBH68446.1_5131	iEK1008.Rv2040c	29.7	300	201	6	21	317	3	295	1.96e-36	132
lcl|AP019371.1_prot_BBH68446.1_5131	iYO844.BSU28740	28.2	308	203	8	6	305	4	301	2.72e-35	129
lcl|AP019371.1_prot_BBH68447.1_5132	iJN1463.PP_1015	31.2	170	109	5	116	281	108	273	1.78e-07	52.8
lcl|AP019371.1_prot_BBH68448.1_5133	iYO844.BSU28510	52.8	502	219	6	33	532	5	490	2.99e-180	516
lcl|AP019371.1_prot_BBH68449.1_5134	iLJ478.TM0070	37.2	288	161	6	54	322	53	339	6.45e-53	181
lcl|AP019371.1_prot_BBH68451.1_5136	iYO844.BSU03070	24.3	375	269	8	51	419	51	416	1.21e-19	91.3
lcl|AP019371.1_prot_BBH68452.1_5137	iEK1008.Rv1142c	48.8	250	122	3	9	254	21	268	1.80e-67	209
lcl|AP019371.1_prot_BBH68452.1_5137	iEK1008.Rv1141c	49.2	246	120	2	12	253	23	267	5.81e-66	205
lcl|AP019371.1_prot_BBH68453.1_5138	iCN718.ABAYE_RS11680	57.5	320	132	2	1	317	1	319	1.84e-123	356
lcl|AP019371.1_prot_BBH68454.1_5139	iEK1008.Rv1144	63.7	248	90	0	4	251	3	250	1.48e-101	295
lcl|AP019371.1_prot_BBH68457.1_5142	iLJ478.TM1724	41.2	245	140	3	5	247	2	244	2.85e-42	144
lcl|AP019371.1_prot_BBH68457.1_5142	iML1515.b2842	39.9	258	140	6	1	250	3	253	4.84e-42	143
lcl|AP019371.1_prot_BBH68457.1_5142	iJN1463.PP_2794	41.2	257	123	7	3	246	8	249	5.62e-41	140
lcl|AP019371.1_prot_BBH68457.1_5142	iAF987.Gmet_1601	39.3	244	144	3	6	247	3	244	1.93e-39	136
lcl|AP019371.1_prot_BBH68457.1_5142	iLB1027_lipid.PHATRDRAFT_13073	41.5	248	137	6	7	248	5	250	9.08e-39	135
lcl|AP019371.1_prot_BBH68457.1_5142	iYS854.USA300HOU_RS06185	38.0	242	145	4	9	247	3	242	7.20e-39	135
lcl|AP019371.1_prot_BBH68457.1_5142	iEK1008.Rv1928c	37.6	250	150	4	1	246	4	251	3.75e-38	133
lcl|AP019371.1_prot_BBH68457.1_5142	iYO844.BSU15910	35.5	245	153	4	6	247	2	244	1.17e-37	132
lcl|AP019371.1_prot_BBH68457.1_5142	iYO844.BSU22140	39.3	252	139	8	2	246	6	250	1.11e-36	129
lcl|AP019371.1_prot_BBH68458.1_5143	iEK1008.Rv2724c	53.8	377	168	2	7	379	8	382	2.20e-136	394
lcl|AP019371.1_prot_BBH68459.1_5144	iEK1008.Rv3761c	39.6	298	168	6	20	306	29	325	1.33e-57	189
lcl|AP019371.1_prot_BBH68460.1_5145	iEK1008.Rv0154c	65.8	383	129	1	19	399	15	397	1.07e-178	503
lcl|AP019371.1_prot_BBH68467.1_5152	iLJ478.TM1204	26.3	320	202	13	112	421	90	385	2.20e-16	80.1
lcl|AP019371.1_prot_BBH68468.1_5153	iYO844.BSU28740	34.3	300	186	6	17	312	13	305	4.04e-49	166
lcl|AP019371.1_prot_BBH68469.1_5154	iYO844.BSU28730	32.8	268	164	5	25	285	23	281	7.03e-46	155
lcl|AP019371.1_prot_BBH68471.1_5156	iEK1008.Rv2038c	61.3	362	129	4	1	358	1	355	1.39e-144	413
lcl|AP019371.1_prot_BBH68471.1_5156	iEK1008.Rv2832c	59.0	368	132	5	1	358	1	359	1.71e-131	380
lcl|AP019371.1_prot_BBH68472.1_5157	iEK1008.Rv0564c	52.0	329	155	3	2	329	9	335	5.08e-108	318
lcl|AP019371.1_prot_BBH68474.1_5159	iEK1008.Rv3084	27.0	267	158	7	29	271	43	296	4.22e-19	84.7
lcl|AP019371.1_prot_BBH68477.1_5162	iAF987.Gmet_0700	40.1	431	240	7	186	602	391	817	3.84e-85	282
lcl|AP019371.1_prot_BBH68477.1_5162	iAF987.Gmet_0957	39.7	433	242	8	185	602	191	619	2.36e-84	276
lcl|AP019371.1_prot_BBH68477.1_5162	iAF987.Gmet_3085	37.8	429	254	6	182	598	452	879	4.03e-80	270
lcl|AP019371.1_prot_BBH68477.1_5162	iJN1463.PP_3581	38.7	434	255	6	179	602	252	684	1.02e-80	268
lcl|AP019371.1_prot_BBH68477.1_5162	iAF987.Gmet_2629	38.3	420	246	7	185	593	381	798	3.97e-78	263
lcl|AP019371.1_prot_BBH68477.1_5162	iAF987.Gmet_0782	37.4	423	253	6	185	596	297	718	3.33e-78	262
lcl|AP019371.1_prot_BBH68488.1_5173	iAF987.Gmet_0043	28.5	193	118	6	209	396	89	266	2.85e-09	59.3
lcl|AP019371.1_prot_BBH68489.1_5174	iEK1008.Rv1737c	47.1	174	88	2	2	174	8	178	8.44e-39	135
lcl|AP019371.1_prot_BBH68490.1_5175	iEK1008.Rv1737c	47.3	188	90	3	5	187	194	377	5.96e-43	149
lcl|AP019371.1_prot_BBH68491.1_5176	iCN718.ABAYE_RS09790	34.5	194	125	1	4	195	11	204	6.83e-26	102
lcl|AP019371.1_prot_BBH68491.1_5176	iMM1415.235033	37.1	186	109	3	5	184	10	193	2.60e-25	102
lcl|AP019371.1_prot_BBH68491.1_5176	iCHOv1.100773401	37.1	186	109	3	5	184	10	193	4.61e-25	101
lcl|AP019371.1_prot_BBH68491.1_5176	iYL1228.KPN_01091	31.3	230	144	2	5	234	10	225	1.34e-24	98.6
lcl|AP019371.1_prot_BBH68491.1_5176	iCN900.CD630_11820	29.4	235	146	4	5	234	11	230	2.91e-22	92.4
lcl|AP019371.1_prot_BBH68496.1_5181	iYO844.BSU38990	62.0	229	83	2	1	226	1	228	4.82e-90	265
lcl|AP019371.1_prot_BBH68496.1_5181	iAF987.Gmet_3296	59.5	215	84	2	17	228	15	229	1.71e-83	248
lcl|AP019371.1_prot_BBH68496.1_5181	iCN718.ABAYE_RS09810	56.8	229	96	1	1	226	1	229	7.66e-81	241
lcl|AP019371.1_prot_BBH68497.1_5182	iEK1008.Rv2503c	65.3	196	68	0	1	196	11	206	5.88e-89	260
lcl|AP019371.1_prot_BBH68497.1_5182	iCN718.ABAYE_RS09815	62.3	204	77	0	1	204	8	211	1.81e-84	248
lcl|AP019371.1_prot_BBH68497.1_5182	iAF987.Gmet_3297	59.4	202	82	0	1	202	8	209	8.65e-84	247
lcl|AP019371.1_prot_BBH68497.1_5182	iIS312.TCDM_01578	62.6	203	76	0	1	203	278	480	2.51e-78	242
lcl|AP019371.1_prot_BBH68497.1_5182	iYO844.BSU38980	58.6	203	84	0	1	203	8	210	1.08e-81	241
lcl|AP019371.1_prot_BBH68498.1_5183	iEK1008.Rv1323	48.1	389	189	5	3	379	1	388	1.13e-93	285
lcl|AP019371.1_prot_BBH68500.1_5185	iYL1228.KPN_01091	34.1	214	125	3	4	204	9	219	4.22e-23	94.4
lcl|AP019371.1_prot_BBH68500.1_5185	iAF987.Gmet_1601	36.4	184	113	2	4	183	9	192	6.11e-23	94.0
lcl|AP019371.1_prot_BBH68500.1_5185	iSynCJ816.SGL_RS12965	33.9	221	139	2	4	217	9	229	7.80e-23	94.0
lcl|AP019371.1_prot_BBH68500.1_5185	iML1515.b1093	34.8	181	117	1	4	183	9	189	3.06e-22	92.0
lcl|AP019371.1_prot_BBH68500.1_5185	iSbBS512_1146.SbBS512_E2231	34.8	181	117	1	4	183	9	189	3.06e-22	92.0
lcl|AP019371.1_prot_BBH68500.1_5185	iSF_1195.SF1097	34.8	181	117	1	4	183	9	189	3.06e-22	92.0
lcl|AP019371.1_prot_BBH68500.1_5185	iSSON_1240.SSON_1113	34.8	181	117	1	4	183	9	189	3.06e-22	92.0
lcl|AP019371.1_prot_BBH68500.1_5185	iYL1228.KPN_02061	35.5	186	111	4	4	182	6	189	1.03e-21	90.9
lcl|AP019371.1_prot_BBH68500.1_5185	STM_v1_0.STM1195	34.8	181	117	1	4	183	9	189	1.14e-21	90.5
lcl|AP019371.1_prot_BBH68500.1_5185	iPC815.YPO1599	35.7	182	114	3	4	183	9	189	1.59e-21	90.1
lcl|AP019371.1_prot_BBH68500.1_5185	iSDY_1059.SDY_2057	34.3	181	118	1	4	183	9	189	8.20e-21	88.2
lcl|AP019371.1_prot_BBH68500.1_5185	iAF987.Gmet_1694	35.3	187	117	1	3	185	8	194	1.61e-20	87.4
lcl|AP019371.1_prot_BBH68500.1_5185	iCN900.CD630_11820	32.4	185	120	2	4	183	10	194	1.22e-19	85.1
lcl|AP019371.1_prot_BBH68502.1_5187	iYO844.BSU10270	32.9	517	314	7	1	490	1	511	3.97e-82	263
lcl|AP019371.1_prot_BBH68502.1_5187	iYO844.BSU28560	35.0	528	291	12	3	484	26	547	3.59e-81	262
lcl|AP019371.1_prot_BBH68502.1_5187	iEK1008.Rv0551c	36.9	509	266	11	20	488	67	560	1.57e-77	253
lcl|AP019371.1_prot_BBH68502.1_5187	iML1515.b1805	33.5	532	303	12	2	487	24	550	5.41e-75	246
lcl|AP019371.1_prot_BBH68502.1_5187	iSbBS512_1146.SbBS512_E2065	33.5	532	303	12	2	487	24	550	5.41e-75	246
lcl|AP019371.1_prot_BBH68502.1_5187	iSDY_1059.SDY_1709	33.5	532	303	12	2	487	24	550	5.41e-75	246
lcl|AP019371.1_prot_BBH68502.1_5187	iSF_1195.SF1423	33.5	532	303	12	2	487	46	572	8.93e-75	246
lcl|AP019371.1_prot_BBH68502.1_5187	iSSON_1240.SSON_1356	33.5	532	303	12	2	487	24	550	5.73e-74	243
lcl|AP019371.1_prot_BBH68502.1_5187	iCN718.ABAYE_RS18250	32.9	535	306	16	2	487	26	556	1.59e-72	239
lcl|AP019371.1_prot_BBH68502.1_5187	STM_v1_0.STM1818	33.3	532	304	12	2	487	24	550	4.55e-72	238
lcl|AP019371.1_prot_BBH68503.1_5188	iEK1008.Rv3061c	37.1	356	189	9	1	331	1	346	3.35e-34	132
lcl|AP019371.1_prot_BBH68503.1_5188	iEK1008.Rv3564	38.5	257	138	6	61	310	50	293	6.59e-34	126
lcl|AP019371.1_prot_BBH68504.1_5189	iEK1008.Rv1934c	37.3	413	215	6	1	376	1	406	2.12e-76	241
lcl|AP019371.1_prot_BBH68504.1_5189	iEK1008.Rv3573c	38.8	369	196	7	7	370	367	710	1.59e-71	236
lcl|AP019371.1_prot_BBH68504.1_5189	iEK1008.Rv3061c	39.5	339	195	6	38	373	387	718	3.99e-67	225
lcl|AP019371.1_prot_BBH68504.1_5189	iEK1008.Rv3562	35.5	386	222	6	1	372	3	375	4.45e-70	224
lcl|AP019371.1_prot_BBH68505.1_5190	iEK1008.Rv1731	45.9	464	251	0	38	501	33	496	1.40e-129	387
lcl|AP019371.1_prot_BBH68506.1_5191	iCHOv1.100762189	25.3	427	299	9	22	435	68	487	2.02e-35	137
lcl|AP019371.1_prot_BBH68506.1_5191	iMM1415.13121	24.8	427	301	9	22	435	68	487	2.51e-34	134
lcl|AP019371.1_prot_BBH68506.1_5191	iCHOv1.100756748	25.1	390	264	9	44	414	24	404	3.05e-32	127
lcl|AP019371.1_prot_BBH68506.1_5191	iCHOv1.100768211	29.2	390	240	12	88	447	116	499	9.54e-32	126
lcl|AP019371.1_prot_BBH68506.1_5191	iCHOv1.100767921	28.9	402	249	12	57	428	91	485	1.34e-31	126
lcl|AP019371.1_prot_BBH68508.1_5193	iML1515.b0353	31.0	184	115	5	14	189	29	208	1.51e-05	47.0
lcl|AP019371.1_prot_BBH68508.1_5193	iJN1463.PP_3588	27.7	155	108	2	20	171	29	182	1.48e-05	47.0
lcl|AP019371.1_prot_BBH68508.1_5193	iSSON_1240.SSON_0332	32.3	164	102	4	14	172	44	203	2.05e-05	46.6
lcl|AP019371.1_prot_BBH68508.1_5193	iYS854.USA300HOU_RS03755	27.8	115	83	0	35	149	38	152	5.95e-05	45.1
lcl|AP019371.1_prot_BBH68508.1_5193	iPC815.YPO3016	32.5	123	81	2	53	174	86	207	2.12e-04	43.5
lcl|AP019371.1_prot_BBH68509.1_5194	iJN1463.PP_3383	21.8	578	361	20	1	503	5	566	1.10e-12	70.1
lcl|AP019371.1_prot_BBH68510.1_5195	iSynCJ816.SGL_RS05015	27.4	321	193	12	10	313	18	315	6.31e-18	83.2
lcl|AP019371.1_prot_BBH68511.1_5196	iYS854.USA300HOU_RS05410	35.8	416	250	8	20	426	12	419	4.03e-78	250
lcl|AP019371.1_prot_BBH68512.1_5197	iSynCJ816.SGL_RS08135	34.4	422	260	9	6	416	11	426	2.23e-60	202
lcl|AP019371.1_prot_BBH68512.1_5197	iEK1008.Rv1854c	34.8	417	243	10	6	404	16	421	2.67e-58	197
lcl|AP019371.1_prot_BBH68512.1_5197	iEK1008.Rv0392c	33.7	415	250	9	3	400	13	419	1.38e-53	185
lcl|AP019371.1_prot_BBH68513.1_5198	iEK1008.Rv1121	51.8	456	215	4	8	463	10	460	2.75e-160	461
lcl|AP019371.1_prot_BBH68514.1_5199	STM_v1_0.STM1301	33.9	118	66	5	12	125	3	112	2.54e-07	47.0
lcl|AP019371.1_prot_BBH68514.1_5199	iSDY_1059.SDY_1516	29.7	111	67	3	18	125	9	111	1.72e-06	44.7
lcl|AP019371.1_prot_BBH68516.1_5201	iEK1008.Rv1737c	42.0	343	187	5	11	344	17	356	5.15e-62	203
lcl|AP019371.1_prot_BBH68518.1_5203	iAF987.Gmet_1601	28.7	251	144	6	5	239	2	233	2.31e-16	76.6
lcl|AP019371.1_prot_BBH68518.1_5203	iYS854.USA300HOU_RS06185	30.5	249	131	7	11	239	5	231	7.95e-16	75.1
lcl|AP019371.1_prot_BBH68518.1_5203	iSynCJ816.SGL_RS07245	27.4	263	159	8	4	260	2	238	9.16e-14	69.3
lcl|AP019371.1_prot_BBH68520.1_5205	iEK1008.Rv0684	28.2	489	305	11	12	468	6	480	1.37e-44	167
lcl|AP019371.1_prot_BBH68521.1_5206	iJN1463.PP_1703	34.7	741	435	16	90	811	6	716	1.15e-106	357
lcl|AP019371.1_prot_BBH68521.1_5206	iAF692.Mbar_A1561	32.3	731	437	16	88	811	4	683	6.06e-107	344
lcl|AP019371.1_prot_BBH68521.1_5206	iSynCJ816.SGL_RS06575	32.4	752	449	16	81	811	1	714	3.89e-105	340
lcl|AP019371.1_prot_BBH68525.1_5210	iEK1008.Rv2173	41.7	360	191	6	6	357	4	352	3.57e-70	223
lcl|AP019371.1_prot_BBH68529.1_5214	iYO844.BSU02750	33.0	227	136	5	1	214	1	224	9.07e-27	103
lcl|AP019371.1_prot_BBH68529.1_5214	iMM1415.11303	35.3	221	136	3	1	214	1888	2108	5.22e-25	102
lcl|AP019371.1_prot_BBH68529.1_5214	iCHOv1.100761226	34.8	221	137	3	1	214	1913	2133	1.78e-24	101
lcl|AP019371.1_prot_BBH68529.1_5214	iJN1463.PP_5137	32.0	222	148	2	2	220	10	231	3.99e-24	98.2
lcl|AP019371.1_prot_BBH68529.1_5214	iEK1008.Rv2936	34.9	215	129	4	9	214	15	227	1.56e-23	96.3
lcl|AP019371.1_prot_BBH68529.1_5214	iEK1008.Rv2397c	34.8	210	130	3	2	205	5	213	1.01e-22	94.4
lcl|AP019371.1_prot_BBH68531.1_5216	iAF987.Gmet_0069	29.9	117	80	1	5	119	4	120	7.37e-09	54.7
lcl|AP019371.1_prot_BBH68531.1_5216	iJN1463.PP_1494	33.0	115	74	2	6	118	20	133	8.49e-08	51.6
lcl|AP019371.1_prot_BBH68540.1_5225	iAF987.Gmet_1914	29.4	102	72	0	2	103	3	104	2.20e-09	56.2
lcl|AP019371.1_prot_BBH68540.1_5225	iAF987.Gmet_1919	31.7	101	69	0	3	103	5	105	1.89e-09	56.2
lcl|AP019371.1_prot_BBH68540.1_5225	iAF987.Gmet_0069	32.2	115	74	2	3	113	5	119	3.51e-08	52.4
lcl|AP019371.1_prot_BBH68550.1_5235	iEK1008.Rv0386	50.0	52	26	0	847	898	1027	1078	2.85e-07	54.3
lcl|AP019371.1_prot_BBH68552.1_5237	iML1515.b2430	30.0	100	63	2	96	191	148	244	3.10e-07	51.2
lcl|AP019371.1_prot_BBH68553.1_5238	iYL1228.KPN_04788	35.4	206	115	4	59	258	46	239	4.26e-32	118
lcl|AP019371.1_prot_BBH68553.1_5238	iSF_1195.SF4384	33.8	210	126	5	53	258	218	418	1.72e-29	114
lcl|AP019371.1_prot_BBH68553.1_5238	iSbBS512_1146.SbBS512_E4890	34.0	209	125	5	54	258	219	418	2.38e-29	114
lcl|AP019371.1_prot_BBH68553.1_5238	iSSON_1240.SSON_4499	34.0	209	125	5	54	258	219	418	2.38e-29	114
lcl|AP019371.1_prot_BBH68553.1_5238	STM_v1_0.STM1101	33.0	203	124	4	59	258	225	418	1.14e-27	109
lcl|AP019371.1_prot_BBH68554.1_5239	iYL1228.KPN_04788	33.6	271	151	7	12	281	10	252	1.60e-33	122
lcl|AP019371.1_prot_BBH68554.1_5239	iCHOv1.100766004	33.5	209	122	5	66	272	23	216	6.09e-31	115
lcl|AP019371.1_prot_BBH68554.1_5239	STM_v1_0.STM1101	35.0	214	122	5	66	278	231	428	6.92e-29	114
lcl|AP019371.1_prot_BBH68557.1_5242	iSDY_1059.SDY_2057	36.3	245	150	3	9	252	5	244	5.43e-39	135
lcl|AP019371.1_prot_BBH68557.1_5242	iML1515.b1093	35.5	245	152	3	9	252	5	244	1.08e-38	134
lcl|AP019371.1_prot_BBH68557.1_5242	iSbBS512_1146.SbBS512_E2231	35.5	245	152	3	9	252	5	244	1.08e-38	134
lcl|AP019371.1_prot_BBH68557.1_5242	iSF_1195.SF1097	35.5	245	152	3	9	252	5	244	1.08e-38	134
lcl|AP019371.1_prot_BBH68557.1_5242	iSSON_1240.SSON_1113	35.5	245	152	3	9	252	5	244	1.08e-38	134
lcl|AP019371.1_prot_BBH68557.1_5242	iYL1228.KPN_01091	35.5	245	152	3	9	252	5	244	1.52e-38	134
lcl|AP019371.1_prot_BBH68557.1_5242	STM_v1_0.STM1195	35.1	245	153	3	9	252	5	244	2.34e-37	131
lcl|AP019371.1_prot_BBH68557.1_5242	iLB1027_lipid.PHATRDRAFT_13073	35.0	234	146	4	19	248	17	248	8.88e-36	127
lcl|AP019371.1_prot_BBH68557.1_5242	iLJ478.TM1724	32.1	246	164	2	7	251	3	246	1.05e-35	127
lcl|AP019371.1_prot_BBH68557.1_5242	iAF987.Gmet_1531	33.6	247	160	3	6	251	3	246	6.22e-35	125
lcl|AP019371.1_prot_BBH68557.1_5242	iSynCJ816.SGL_RS07245	33.5	248	157	4	7	251	4	246	1.17e-34	124
lcl|AP019371.1_prot_BBH68558.1_5243	iYS854.USA300HOU_RS06185	37.2	247	149	4	13	258	3	244	4.80e-43	146
lcl|AP019371.1_prot_BBH68558.1_5243	iHN637.CLJU_RS20765	35.9	251	147	5	13	258	7	248	9.16e-41	140
lcl|AP019371.1_prot_BBH68558.1_5243	iYO844.BSU15910	33.6	247	158	4	13	258	5	246	3.42e-40	139
lcl|AP019371.1_prot_BBH68558.1_5243	iCN900.CD630_11820	34.1	249	156	5	12	258	6	248	4.43e-38	133
lcl|AP019371.1_prot_BBH68558.1_5243	iLB1027_lipid.PHATRDRAFT_13073	37.6	245	144	6	15	255	9	248	6.90e-38	133
lcl|AP019371.1_prot_BBH68560.1_5245	iCN900.CD630_31820	30.2	63	42	1	3	65	2	62	1.05e-06	50.4
lcl|AP019371.1_prot_BBH68561.1_5246	iEK1008.Rv2485c	31.7	221	129	8	17	222	164	377	4.86e-11	61.6
lcl|AP019371.1_prot_BBH68561.1_5246	iEK1008.Rv1399c	34.8	135	77	6	5	136	71	197	5.61e-10	58.2
lcl|AP019371.1_prot_BBH68561.1_5246	iEK1008.Rv0220	27.4	219	145	5	16	222	151	367	1.68e-09	57.0
lcl|AP019371.1_prot_BBH68561.1_5246	iEK1008.Rv1400c	34.0	147	85	5	3	142	70	211	1.39e-09	57.0
lcl|AP019371.1_prot_BBH68564.1_5249	iEK1008.Rv0773c	32.2	497	287	14	23	485	27	507	6.99e-37	142
lcl|AP019371.1_prot_BBH68569.1_5254	iJN1463.PP_2765	31.3	195	123	6	23	213	38	225	3.62e-18	82.8
lcl|AP019371.1_prot_BBH68571.1_5256	iEK1008.Rv0375c	34.2	240	150	4	11	244	6	243	9.06e-25	99.8
lcl|AP019371.1_prot_BBH68576.1_5261	iLJ478.TM1396	34.3	402	219	15	10	380	13	400	2.50e-59	206
lcl|AP019371.1_prot_BBH68576.1_5261	iSbBS512_1146.SbBS512_E3180	35.7	406	217	14	10	380	12	408	2.57e-58	203
lcl|AP019371.1_prot_BBH68576.1_5261	iSDY_1059.SDY_2893	35.7	406	217	14	10	380	12	408	2.57e-58	203
lcl|AP019371.1_prot_BBH68576.1_5261	iSF_1195.SF2720	35.7	406	217	14	10	380	12	408	2.57e-58	203
lcl|AP019371.1_prot_BBH68576.1_5261	iSSON_1240.SSON_2841	35.7	406	217	14	10	380	12	408	2.57e-58	203
lcl|AP019371.1_prot_BBH68576.1_5261	iPC815.YPO3305	35.2	406	219	13	10	380	12	408	4.83e-58	202
lcl|AP019371.1_prot_BBH68576.1_5261	iYL1228.KPN_03029	35.1	410	214	16	10	380	12	408	6.64e-58	202
lcl|AP019371.1_prot_BBH68576.1_5261	STM_v1_0.STM2827	35.2	406	219	14	10	380	12	408	2.38e-57	200
lcl|AP019371.1_prot_BBH68576.1_5261	iMM904.YOR335C	34.0	426	233	16	5	384	12	435	1.81e-56	198
lcl|AP019371.1_prot_BBH68576.1_5261	iAF987.Gmet_0201	35.2	418	214	15	10	386	10	411	1.60e-56	198
lcl|AP019371.1_prot_BBH68576.1_5261	iSynCJ816.SGL_RS11990	37.9	306	165	8	8	296	15	312	2.07e-52	186
lcl|AP019371.1_prot_BBH68576.1_5261	iCN900.CD630_12820	31.2	410	234	12	10	385	13	408	3.91e-52	186
lcl|AP019371.1_prot_BBH68580.1_5265	iYO844.BSU40850	40.7	145	82	3	3	146	32	173	3.68e-27	100
lcl|AP019371.1_prot_BBH68580.1_5265	iCN900.CD630_08720	44.6	139	73	3	8	145	36	171	4.64e-25	94.7
lcl|AP019371.1_prot_BBH68580.1_5265	iYL1228.KPN_00440	36.3	157	96	2	6	161	34	187	1.53e-23	90.9
lcl|AP019371.1_prot_BBH68582.1_5267	iMM1415.12408	32.5	277	131	8	17	244	8	277	8.34e-22	90.9
lcl|AP019371.1_prot_BBH68582.1_5267	iCHOv1.100689020	31.8	280	135	9	14	244	5	277	4.30e-21	89.0
lcl|AP019371.1_prot_BBH68582.1_5267	iCHOv1.100689019	32.6	279	132	9	15	244	6	277	8.28e-21	88.2
lcl|AP019371.1_prot_BBH68582.1_5267	iYS854.USA300HOU_RS06185	35.5	197	114	4	14	205	2	190	1.78e-20	86.7
lcl|AP019371.1_prot_BBH68582.1_5267	iSynCJ816.SGL_RS07245	35.7	196	113	4	15	205	7	194	1.88e-20	86.7
lcl|AP019371.1_prot_BBH68584.1_5269	iJN1463.PP_3606	28.8	340	213	7	4	335	5	323	6.17e-24	99.8
lcl|AP019371.1_prot_BBH68584.1_5269	iJN1463.PP_0072	38.3	214	113	6	2	211	3	201	3.62e-21	92.0
lcl|AP019371.1_prot_BBH68587.1_5272	iEK1008.Rv2936	52.2	224	102	4	1	220	6	228	2.43e-65	206
lcl|AP019371.1_prot_BBH68594.1_5279	iSSON_1240.SSON_4482	27.1	269	149	9	275	540	1	225	4.66e-11	63.9
lcl|AP019371.1_prot_BBH68598.1_5283	iAF692.Mbar_A2079	46.0	50	27	0	5	54	9	58	8.34e-07	43.1
lcl|AP019371.1_prot_BBH68604.1_5289	iMM1415.12408	33.7	276	135	9	6	238	7	277	2.29e-28	108
lcl|AP019371.1_prot_BBH68604.1_5289	iYS854.USA300HOU_RS06185	32.7	223	126	5	4	218	2	208	1.35e-25	100
lcl|AP019371.1_prot_BBH68604.1_5289	iCHOv1.100689020	30.8	279	143	9	4	238	5	277	5.00e-25	99.4
lcl|AP019371.1_prot_BBH68606.1_5291	iCN718.ABAYE_RS01320	26.1	808	518	23	31	786	71	851	1.28e-45	176
lcl|AP019371.1_prot_BBH68613.1_5298	iSDY_1059.SDY_1025	31.7	457	295	7	125	568	746	1198	1.94e-45	172
lcl|AP019371.1_prot_BBH68613.1_5298	STM_v1_0.STM2774	32.4	457	292	9	125	568	749	1201	2.60e-45	172
lcl|AP019371.1_prot_BBH68613.1_5298	iAF987.Gmet_2349	28.0	554	380	8	28	568	19	566	3.93e-45	167
lcl|AP019371.1_prot_BBH68613.1_5298	iPC815.YPO1913	30.9	482	316	8	100	568	99	576	3.80e-44	165
lcl|AP019371.1_prot_BBH68613.1_5298	iJN1463.PP_3466	28.5	547	376	8	14	548	14	557	9.82e-42	158
lcl|AP019371.1_prot_BBH68614.1_5299	iSDY_1059.SDY_1025	35.2	310	183	6	197	491	270	576	2.29e-26	113
lcl|AP019371.1_prot_BBH68614.1_5299	STM_v1_0.STM2774	34.2	310	185	5	197	491	270	575	3.08e-25	109
lcl|AP019371.1_prot_BBH68614.1_5299	iJN1463.PP_4935	29.1	413	255	10	102	492	191	587	7.17e-25	107
lcl|AP019371.1_prot_BBH68616.1_5301	iML1515.b4290	24.5	278	178	12	42	314	20	270	6.17e-06	47.0
lcl|AP019371.1_prot_BBH68617.1_5302	iSSON_1240.SSON_0541	44.1	315	172	4	30	342	17	329	1.39e-71	225
lcl|AP019371.1_prot_BBH68617.1_5302	iSynCJ816.SGL_RS01930	43.3	293	161	3	50	342	54	341	1.80e-71	225
lcl|AP019371.1_prot_BBH68617.1_5302	iYO844.BSU08450	40.0	315	180	3	32	341	19	329	3.79e-71	224
lcl|AP019371.1_prot_BBH68617.1_5302	iSbBS512_1146.SbBS512_E0492	44.1	315	172	4	30	342	17	329	3.91e-71	224
lcl|AP019371.1_prot_BBH68617.1_5302	iSDY_1059.SDY_0521	44.1	315	172	4	30	342	17	329	3.91e-71	224
lcl|AP019371.1_prot_BBH68617.1_5302	iSF_1195.SF0504	44.1	315	172	4	30	342	21	333	4.39e-71	224
lcl|AP019371.1_prot_BBH68617.1_5302	iML1515.b0590	43.8	315	173	4	30	342	17	329	5.52e-71	224
lcl|AP019371.1_prot_BBH68617.1_5302	STM_v1_0.STM0592	42.3	305	172	4	40	342	27	329	2.81e-68	217
lcl|AP019371.1_prot_BBH68617.1_5302	iYO844.BSU33310	43.6	273	151	3	72	343	111	381	3.10e-67	216
lcl|AP019371.1_prot_BBH68617.1_5302	iYL1228.KPN_00608	42.7	316	176	5	30	342	16	329	7.90e-68	216
lcl|AP019371.1_prot_BBH68618.1_5303	iSbBS512_1146.SbBS512_E0491	35.0	326	204	4	18	338	6	328	8.63e-54	179
lcl|AP019371.1_prot_BBH68618.1_5303	iML1515.b0589	35.0	326	204	4	18	338	6	328	1.21e-53	179
lcl|AP019371.1_prot_BBH68618.1_5303	iSSON_1240.SSON_0540	35.0	326	204	4	18	338	6	328	1.71e-53	178
lcl|AP019371.1_prot_BBH68618.1_5303	iSDY_1059.SDY_0520	34.7	326	205	4	18	338	6	328	3.38e-53	177
lcl|AP019371.1_prot_BBH68618.1_5303	iSynCJ816.SGL_RS01935	35.5	321	203	4	22	338	28	348	4.24e-52	175
lcl|AP019371.1_prot_BBH68618.1_5303	iSF_1195.SF0503	34.7	326	205	4	18	338	6	328	5.16e-52	174
lcl|AP019371.1_prot_BBH68618.1_5303	iYL1228.KPN_00607	34.8	325	207	3	17	338	6	328	2.19e-50	170
lcl|AP019371.1_prot_BBH68618.1_5303	STM_v1_0.STM0591	35.8	318	196	4	27	338	12	327	1.64e-49	168
lcl|AP019371.1_prot_BBH68618.1_5303	iYO844.BSU08460	33.4	338	216	3	11	339	6	343	4.58e-49	167
lcl|AP019371.1_prot_BBH68618.1_5303	iYO844.BSU33300	35.3	329	197	5	22	337	11	336	6.23e-47	161
lcl|AP019371.1_prot_BBH68619.1_5304	iSynCJ816.SGL_RS01940	56.3	263	115	0	1	263	4	266	7.88e-101	295
lcl|AP019371.1_prot_BBH68619.1_5304	iYO844.BSU07490	54.5	255	116	0	7	261	4	258	5.63e-98	287
lcl|AP019371.1_prot_BBH68619.1_5304	iSSON_1240.SSON_0539	53.8	253	117	0	10	262	11	263	6.24e-96	282
lcl|AP019371.1_prot_BBH68619.1_5304	STM_v1_0.STM0590	54.2	253	116	0	10	262	11	263	7.01e-96	282
lcl|AP019371.1_prot_BBH68619.1_5304	iML1515.b0588	53.8	253	117	0	10	262	11	263	1.25e-95	281
lcl|AP019371.1_prot_BBH68619.1_5304	iSDY_1059.SDY_0519	53.8	253	117	0	10	262	11	263	1.25e-95	281
lcl|AP019371.1_prot_BBH68619.1_5304	iSF_1195.SF0502	53.8	253	117	0	10	262	11	263	1.25e-95	281
lcl|AP019371.1_prot_BBH68619.1_5304	iYL1228.KPN_00606	53.0	253	119	0	10	262	11	263	5.70e-95	280
lcl|AP019371.1_prot_BBH68619.1_5304	iSbBS512_1146.SbBS512_E0489	53.0	253	119	0	10	262	11	263	1.17e-93	276
lcl|AP019371.1_prot_BBH68624.1_5309	iAF987.Gmet_3221	27.6	402	271	4	46	442	29	415	4.76e-34	131
lcl|AP019371.1_prot_BBH68625.1_5310	iJN1463.PP_5004	27.5	262	160	11	26	274	22	266	8.93e-06	45.8
lcl|AP019371.1_prot_BBH68626.1_5311	iJN1463.PP_4210	47.5	219	108	3	4	215	5	223	4.78e-49	169
lcl|AP019371.1_prot_BBH68626.1_5311	iCN900.CD630_19470	46.0	200	105	2	19	215	28	227	2.85e-51	166
lcl|AP019371.1_prot_BBH68626.1_5311	iYS854.USA300HOU_RS09925	44.9	216	113	4	4	215	3	216	8.62e-48	157
lcl|AP019371.1_prot_BBH68626.1_5311	iYL1228.KPN_00838	42.2	223	124	2	4	223	1	221	3.64e-46	153
lcl|AP019371.1_prot_BBH68630.1_5315	iAF987.Gmet_1919	28.2	110	77	1	9	118	4	111	3.07e-07	49.7
lcl|AP019371.1_prot_BBH68634.1_5319	iJN1463.PP_2872	29.9	164	101	5	102	257	103	260	9.85e-06	45.8
lcl|AP019371.1_prot_BBH68635.1_5320	iCN900.CD630_36640	25.2	313	233	1	147	458	75	387	2.09e-16	80.5
lcl|AP019371.1_prot_BBH68635.1_5320	iMM1415.23923	25.7	315	206	6	166	458	110	418	5.82e-14	73.2
lcl|AP019371.1_prot_BBH68639.1_5324	iEK1008.Rv0774c	34.0	247	139	9	11	237	60	302	1.05e-25	101
lcl|AP019371.1_prot_BBH68644.1_5329	iJN1463.PP_4799	39.1	299	149	7	3	273	12	305	4.53e-51	169
lcl|AP019371.1_prot_BBH68644.1_5329	iSynCJ816.SGL_RS10890	34.7	294	167	7	1	272	9	299	3.00e-45	154
lcl|AP019371.1_prot_BBH68645.1_5330	iEK1008.Rv1240	67.0	327	108	0	2	328	3	329	2.62e-150	425
lcl|AP019371.1_prot_BBH68651.1_5336	iYL1228.KPN_00869	27.4	420	204	16	42	457	32	354	2.27e-17	84.7
lcl|AP019371.1_prot_BBH68656.1_5341	iAF987.Gmet_2511	40.0	400	202	6	4	389	5	380	1.03e-73	234
lcl|AP019371.1_prot_BBH68657.1_5342	iEK1008.Rv2496c	53.6	323	149	1	1	322	22	344	9.72e-121	350
lcl|AP019371.1_prot_BBH68658.1_5343	iEK1008.Rv2497c	46.6	348	185	1	13	359	18	365	4.87e-99	297
lcl|AP019371.1_prot_BBH68661.1_5346	iCN900.CD630_36640	26.8	302	198	7	149	427	70	371	4.14e-20	91.7
lcl|AP019371.1_prot_BBH68662.1_5347	iJN1463.PP_3721	28.5	295	194	6	50	330	65	356	3.75e-20	90.5
lcl|AP019371.1_prot_BBH68662.1_5347	iLJ478.TM1255	27.6	294	191	10	72	356	90	370	1.90e-17	82.4
lcl|AP019371.1_prot_BBH68674.1_5359	iAF987.Gmet_3085	27.2	125	67	3	184	300	214	322	3.67e-04	43.1
lcl|AP019371.1_prot_BBH68677.1_5362	iSynCJ816.SGL_RS14875	40.5	131	68	4	5	135	9	129	2.75e-16	72.8
lcl|AP019371.1_prot_BBH68677.1_5362	iSynCJ816.SGL_RS16030	38.1	126	71	3	20	139	214	338	1.64e-13	68.2
lcl|AP019371.1_prot_BBH68677.1_5362	iAF987.Gmet_0988	43.5	131	60	8	5	135	24	140	2.11e-14	67.8
lcl|AP019371.1_prot_BBH68678.1_5363	iEK1008.Rv1348	26.0	235	137	9	9	215	16	241	7.89e-07	48.9
lcl|AP019371.1_prot_BBH68678.1_5363	iML1515.b3070	32.0	103	53	5	41	132	59	155	8.92e-06	45.1
lcl|AP019371.1_prot_BBH68681.1_5366	STM_v1_0.STM1522	24.0	392	288	3	1	392	3	384	7.98e-23	99.0
lcl|AP019371.1_prot_BBH68681.1_5366	iJN1463.PP_2428	26.5	407	269	8	5	401	22	408	7.56e-22	96.3
lcl|AP019371.1_prot_BBH68681.1_5366	iYL1228.KPN_01628	24.0	388	282	2	10	397	12	386	1.28e-21	95.5
lcl|AP019371.1_prot_BBH68690.1_5375	iEK1008.Rv1202	27.7	361	223	13	15	360	15	352	8.89e-15	74.3
lcl|AP019371.1_prot_BBH68692.1_5377	iAF987.Gmet_2006	34.6	370	212	11	39	394	35	388	3.47e-46	162
lcl|AP019371.1_prot_BBH68692.1_5377	iSynCJ816.SGL_RS15265	35.3	371	196	12	50	396	58	408	2.22e-45	161
lcl|AP019371.1_prot_BBH68692.1_5377	iYS854.USA300HOU_RS04525	29.9	394	241	11	21	395	29	406	1.50e-44	159
lcl|AP019371.1_prot_BBH68692.1_5377	iSSON_1240.SSON_1476	31.2	414	247	12	2	395	4	399	8.97e-44	156
lcl|AP019371.1_prot_BBH68692.1_5377	iML1515.b1680	30.9	414	248	12	2	395	4	399	2.43e-43	155
lcl|AP019371.1_prot_BBH68692.1_5377	iSbBS512_1146.SbBS512_E1881	30.4	414	250	12	2	395	4	399	3.46e-41	149
lcl|AP019371.1_prot_BBH68692.1_5377	iEK1008.Rv1464	33.4	365	211	10	49	395	58	408	8.24e-41	149
lcl|AP019371.1_prot_BBH68693.1_5378	iAF987.Gmet_3085	36.0	495	293	10	259	737	402	888	3.70e-76	263
lcl|AP019371.1_prot_BBH68693.1_5378	iAF987.Gmet_0957	39.8	437	241	10	312	732	189	619	2.80e-77	261
lcl|AP019371.1_prot_BBH68693.1_5378	iAF987.Gmet_0700	37.1	463	272	8	275	723	351	808	2.08e-71	249
lcl|AP019371.1_prot_BBH68693.1_5378	iAF987.Gmet_2629	33.9	496	303	10	264	742	330	817	3.22e-68	240
lcl|AP019371.1_prot_BBH68693.1_5378	iAF987.Gmet_0782	36.8	446	257	13	304	732	287	724	6.01e-68	238
lcl|AP019371.1_prot_BBH68695.1_5380	iEK1008.Rv3032	28.6	168	105	7	245	405	219	378	2.07e-06	49.3
lcl|AP019371.1_prot_BBH68701.1_5386	iYS854.USA300HOU_RS06130	34.1	255	164	1	6	256	3	257	5.81e-44	163
lcl|AP019371.1_prot_BBH68703.1_5388	iEK1008.Rv2951c	31.2	218	134	8	17	229	41	247	3.01e-14	72.0
lcl|AP019371.1_prot_BBH68703.1_5388	iAF692.Mbar_A0420	26.6	237	158	6	9	239	6	232	6.80e-13	67.8
lcl|AP019371.1_prot_BBH68703.1_5388	iSF_1195.SF1015	27.7	173	116	5	55	221	84	253	4.78e-12	65.5
lcl|AP019371.1_prot_BBH68703.1_5388	iML1515.b1012	27.7	173	116	5	55	221	84	253	6.42e-12	65.1
lcl|AP019371.1_prot_BBH68704.1_5389	iAF987.Gmet_1298	30.9	136	81	5	28	159	42	168	2.58e-06	45.8
lcl|AP019371.1_prot_BBH68705.1_5390	iEK1008.Rv3704c	29.4	419	207	12	6	362	26	417	7.98e-25	104
lcl|AP019371.1_prot_BBH68707.1_5392	iCN900.CD630_10690	25.6	254	156	6	9	253	4	233	1.41e-19	85.5
lcl|AP019371.1_prot_BBH68716.1_5401	iAF987.Gmet_3253	26.5	102	61	4	1	101	1	89	1.22e-06	44.7
lcl|AP019371.1_prot_BBH68718.1_5403	STM_v1_0.STM1954	27.8	255	171	6	7	253	10	259	5.26e-16	75.5
lcl|AP019371.1_prot_BBH68718.1_5403	iML1515.b1920	27.7	224	154	5	32	253	42	259	1.36e-15	74.3
lcl|AP019371.1_prot_BBH68718.1_5403	STM_v1_0.STM2355	27.0	248	171	6	8	249	5	248	2.37e-15	73.6
lcl|AP019371.1_prot_BBH68718.1_5403	iJN1463.PP_0282	27.0	222	157	4	29	249	23	240	3.92e-15	72.8
lcl|AP019371.1_prot_BBH68718.1_5403	iSbBS512_1146.SbBS512_E2688	25.0	252	173	6	7	249	4	248	1.58e-14	71.2
lcl|AP019371.1_prot_BBH68718.1_5403	iML1515.b2310	25.0	252	173	6	7	249	4	248	2.16e-14	70.9
lcl|AP019371.1_prot_BBH68718.1_5403	iSSON_1240.SSON_2368	25.0	252	173	6	7	249	4	248	2.16e-14	70.9
lcl|AP019371.1_prot_BBH68718.1_5403	iSDY_1059.SDY_2509	25.1	251	172	6	8	249	5	248	5.53e-14	69.7
lcl|AP019371.1_prot_BBH68718.1_5403	iYO844.BSU03610	24.9	225	155	6	33	253	47	261	1.13e-13	68.9
lcl|AP019371.1_prot_BBH68719.1_5404	iSynCJ816.SGL_RS07090	34.9	235	133	3	40	274	303	517	6.79e-28	111
lcl|AP019371.1_prot_BBH68719.1_5404	iCN900.CD630_07510	33.0	224	136	2	48	271	11	220	1.27e-29	111
lcl|AP019371.1_prot_BBH68719.1_5404	iYO844.BSU23970	33.3	222	128	2	50	271	13	214	5.95e-29	109
lcl|AP019371.1_prot_BBH68719.1_5404	iYS854.USA300HOU_RS09930	32.1	224	132	2	48	271	277	480	1.49e-25	104
lcl|AP019371.1_prot_BBH68719.1_5404	iYS854.USA300HOU_RS13045	31.7	224	138	2	48	269	20	230	1.08e-25	101
lcl|AP019371.1_prot_BBH68719.1_5404	iNF517.LLMG_RS09715	34.1	214	125	4	59	271	514	712	5.33e-24	100
lcl|AP019371.1_prot_BBH68720.1_5405	iPC815.YPO2514	47.4	249	121	1	4	252	2	240	2.66e-78	236
lcl|AP019371.1_prot_BBH68720.1_5405	iYL1228.KPN_00838	50.0	242	111	2	7	248	5	236	4.33e-77	233
lcl|AP019371.1_prot_BBH68720.1_5405	STM_v1_0.STM0828	48.4	246	117	2	7	252	5	240	4.97e-76	230
lcl|AP019371.1_prot_BBH68720.1_5405	iJN1463.PP_4425	51.2	248	119	2	4	249	2	249	3.23e-75	228
lcl|AP019371.1_prot_BBH68720.1_5405	iSDY_1059.SDY_0787	48.0	246	118	2	7	252	5	240	5.70e-75	227
lcl|AP019371.1_prot_BBH68720.1_5405	iSSON_1240.SSON_0789	48.0	246	118	2	7	252	5	240	8.08e-75	227
lcl|AP019371.1_prot_BBH68720.1_5405	iML1515.b0809	48.0	246	118	2	7	252	5	240	1.14e-74	226
lcl|AP019371.1_prot_BBH68720.1_5405	iSbBS512_1146.SbBS512_E2539	48.0	246	118	2	7	252	5	240	1.14e-74	226
lcl|AP019371.1_prot_BBH68720.1_5405	iSF_1195.SF0760	48.0	246	118	2	7	252	5	240	3.26e-74	225
lcl|AP019371.1_prot_BBH68720.1_5405	iML1515.b1917	48.8	252	121	3	1	250	1	246	8.31e-72	219
lcl|AP019371.1_prot_BBH68720.1_5405	iCN900.CD630_07520	45.2	250	123	2	4	251	2	239	1.72e-71	218
lcl|AP019371.1_prot_BBH68720.1_5405	iSynCJ816.SGL_RS08035	45.9	242	122	2	11	251	16	249	3.56e-71	218
lcl|AP019371.1_prot_BBH68720.1_5405	iML1515.b0652	46.4	248	123	1	4	251	2	239	3.57e-71	218
lcl|AP019371.1_prot_BBH68720.1_5405	iSSON_1240.SSON_0606	46.4	248	123	1	4	251	2	239	3.57e-71	218
lcl|AP019371.1_prot_BBH68720.1_5405	iJN1463.PP_3597	46.1	241	120	1	11	251	28	258	1.84e-70	216
lcl|AP019371.1_prot_BBH68720.1_5405	iJN1463.PP_0283	45.3	247	134	1	4	249	8	254	1.68e-70	216
lcl|AP019371.1_prot_BBH68720.1_5405	iSF_1195.SF0629	46.4	248	123	1	4	251	2	239	1.01e-70	216
lcl|AP019371.1_prot_BBH68720.1_5405	iPC815.YPO2777	45.8	249	133	2	3	249	13	261	4.31e-70	216
lcl|AP019371.1_prot_BBH68720.1_5405	iYS854.USA300HOU_RS09925	44.8	241	123	2	11	251	11	241	8.45e-70	214
lcl|AP019371.1_prot_BBH68720.1_5405	iYO844.BSU27430	42.3	248	133	1	4	251	2	239	3.40e-69	213
lcl|AP019371.1_prot_BBH68721.1_5406	iML1515.b1533	23.1	286	186	7	13	283	16	282	5.60e-04	40.8
lcl|AP019371.1_prot_BBH68726.1_5411	iAF987.Gmet_0075	31.0	491	270	12	75	509	5	482	2.46e-52	185
lcl|AP019371.1_prot_BBH68726.1_5411	iCN718.ABAYE_RS04050	33.6	500	260	14	70	511	1	486	1.43e-50	180
lcl|AP019371.1_prot_BBH68726.1_5411	iJN1463.PP_0931	32.7	492	261	14	75	510	3	480	5.42e-46	167
lcl|AP019371.1_prot_BBH68730.1_5415	iML1515.b4088	24.4	271	167	11	69	314	28	285	1.12e-07	52.4
lcl|AP019371.1_prot_BBH68738.1_5423	iYO844.BSU09530	39.2	283	163	6	9	287	11	288	2.03e-45	157
lcl|AP019371.1_prot_BBH68738.1_5423	iYO844.BSU39780	34.4	311	198	4	1	308	1	308	1.70e-45	156
lcl|AP019371.1_prot_BBH68739.1_5424	iYL1228.KPN_01091	27.9	183	108	4	2	163	12	191	1.81e-08	52.8
lcl|AP019371.1_prot_BBH68739.1_5424	iSDY_1059.SDY_2057	27.2	180	113	5	2	163	12	191	4.54e-08	51.6
lcl|AP019371.1_prot_BBH68739.1_5424	iML1515.b1093	27.2	180	113	5	2	163	12	191	1.14e-07	50.4
lcl|AP019371.1_prot_BBH68739.1_5424	iSbBS512_1146.SbBS512_E2231	27.2	180	113	5	2	163	12	191	1.14e-07	50.4
lcl|AP019371.1_prot_BBH68739.1_5424	iSF_1195.SF1097	27.2	180	113	5	2	163	12	191	1.14e-07	50.4
lcl|AP019371.1_prot_BBH68739.1_5424	iSSON_1240.SSON_1113	27.2	180	113	5	2	163	12	191	1.14e-07	50.4
lcl|AP019371.1_prot_BBH68740.1_5425	iAM_Pv461.PVX_113400	26.2	122	75	5	13	123	69	186	4.49e-04	38.1
lcl|AP019371.1_prot_BBH68744.1_5429	iYO844.BSU03070	27.7	423	303	3	12	433	20	440	8.34e-49	174
lcl|AP019371.1_prot_BBH68746.1_5431	iYL1228.KPN_00440	44.7	179	98	1	11	189	7	184	1.62e-51	164
lcl|AP019371.1_prot_BBH68746.1_5431	iYO844.BSU40850	44.9	178	97	1	11	188	8	184	1.50e-48	157
lcl|AP019371.1_prot_BBH68747.1_5432	iAF987.Gmet_1601	37.0	257	146	3	415	670	3	244	6.98e-30	118
lcl|AP019371.1_prot_BBH68747.1_5432	iCHOv1.100766230	35.1	265	149	4	415	670	7	257	1.11e-26	109
lcl|AP019371.1_prot_BBH68747.1_5432	iCHOv1.100769825	34.1	258	151	5	415	672	5	243	3.68e-26	107
lcl|AP019371.1_prot_BBH68748.1_5433	STM_v1_0.STM4047	42.0	462	245	10	6	445	8	468	1.46e-103	317
lcl|AP019371.1_prot_BBH68748.1_5433	iYL1228.KPN_04213	40.9	462	250	9	6	445	8	468	2.82e-103	316
lcl|AP019371.1_prot_BBH68748.1_5433	iML1515.b3904	40.7	462	251	10	6	445	8	468	4.10e-103	315
lcl|AP019371.1_prot_BBH68748.1_5433	iSF_1195.SF3981	40.5	462	252	10	6	445	8	468	1.63e-102	314
lcl|AP019371.1_prot_BBH68748.1_5433	iHN637.CLJU_RS20995	37.8	466	264	7	1	442	1	464	1.57e-101	311
lcl|AP019371.1_prot_BBH68748.1_5433	iSSON_1240.SSON_4074	40.3	462	253	10	6	445	8	468	1.82e-101	311
lcl|AP019371.1_prot_BBH68748.1_5433	iPC815.YPO0330	43.1	427	221	8	6	410	3	429	2.28e-101	311
lcl|AP019371.1_prot_BBH68749.1_5434	iML1515.b0306	39.7	219	128	2	1	218	23	238	3.34e-49	160
lcl|AP019371.1_prot_BBH68749.1_5434	iSF_1195.SF0260	40.2	219	127	2	1	218	23	238	3.34e-49	160
lcl|AP019371.1_prot_BBH68749.1_5434	iSSON_1240.SSON_0318	39.7	219	128	2	1	218	23	238	4.72e-49	160
lcl|AP019371.1_prot_BBH68749.1_5434	iSbBS512_1146.SbBS512_E0259	39.7	219	128	2	1	218	23	238	9.43e-49	159
lcl|AP019371.1_prot_BBH68750.1_5435	iML1515.b0307	40.4	465	249	8	24	471	10	463	6.68e-112	338
lcl|AP019371.1_prot_BBH68750.1_5435	iSF_1195.SF0259	40.4	465	249	8	24	471	10	463	1.88e-111	337
lcl|AP019371.1_prot_BBH68750.1_5435	iSbBS512_1146.SbBS512_E0258	40.6	458	258	6	24	471	10	463	3.76e-111	336
lcl|AP019371.1_prot_BBH68750.1_5435	iSSON_1240.SSON_0317	40.4	465	249	8	24	471	10	463	3.76e-111	336
lcl|AP019371.1_prot_BBH68751.1_5436	iML1515.b0308	37.8	82	42	3	114	187	140	220	1.47e-07	49.7
lcl|AP019371.1_prot_BBH68751.1_5436	iSbBS512_1146.SbBS512_E0257	37.8	82	42	3	114	187	140	220	2.00e-07	49.3
lcl|AP019371.1_prot_BBH68751.1_5436	iSF_1195.SF0258	37.8	82	42	3	114	187	189	269	2.52e-07	49.3
lcl|AP019371.1_prot_BBH68751.1_5436	iSSON_1240.SSON_0316	37.8	82	42	3	114	187	140	220	2.72e-07	48.9
lcl|AP019371.1_prot_BBH68753.1_5438	iYS854.USA300HOU_RS00275	29.5	352	194	10	1	308	25	366	5.86e-28	111
lcl|AP019371.1_prot_BBH68753.1_5438	iEK1008.Rv3086	33.0	273	142	5	5	241	21	288	7.33e-28	110
lcl|AP019371.1_prot_BBH68753.1_5438	iYO844.BSU06150	29.0	338	212	10	1	318	22	351	2.86e-26	106
lcl|AP019371.1_prot_BBH68755.1_5440	iAF987.Gmet_0043	25.0	416	262	13	207	606	6	387	3.75e-20	94.7
lcl|AP019371.1_prot_BBH68756.1_5441	iAF987.Gmet_2999	34.2	114	75	0	3	116	9	122	8.70e-18	77.0
lcl|AP019371.1_prot_BBH68760.1_5445	iJN1463.PP_5386	30.9	175	116	3	159	332	211	381	8.07e-08	53.5
lcl|AP019371.1_prot_BBH68761.1_5446	iJN1463.PP_4210	52.2	232	109	2	3	232	5	236	1.56e-69	224
lcl|AP019371.1_prot_BBH68761.1_5446	iCN900.CD630_19470	46.6	219	116	1	4	221	10	228	6.53e-66	203
lcl|AP019371.1_prot_BBH68762.1_5447	iJN1463.PP_4210	37.2	398	229	9	5	389	265	654	3.27e-57	197
lcl|AP019371.1_prot_BBH68765.1_5450	iCN900.CD630_31820	31.2	529	345	8	5	520	4	526	9.93e-71	234
lcl|AP019371.1_prot_BBH68767.1_5452	iPC815.YPO3053	25.3	253	161	10	59	286	56	305	6.15e-06	47.4
lcl|AP019371.1_prot_BBH68767.1_5452	iJN1463.PP_1525	25.3	245	143	11	58	277	61	290	1.10e-05	46.6
lcl|AP019371.1_prot_BBH68770.1_5455	iYO844.BSU30780	40.8	368	216	2	1	368	1	366	9.92e-96	289
lcl|AP019371.1_prot_BBH68773.1_5458	iAF987.Gmet_0843	32.0	219	128	7	50	260	46	251	1.40e-07	51.2
lcl|AP019371.1_prot_BBH68776.1_5461	iYO844.BSU28120	32.6	371	236	8	9	375	36	396	6.73e-54	184
lcl|AP019371.1_prot_BBH68776.1_5461	iYS854.USA300HOU_RS08830	31.1	405	256	11	10	405	36	426	2.01e-50	175
lcl|AP019371.1_prot_BBH68776.1_5461	iSynCJ816.SGL_RS13390	32.5	378	240	8	3	375	35	402	8.50e-50	173
lcl|AP019371.1_prot_BBH68780.1_5465	iHN637.CLJU_RS02325	25.5	428	285	11	25	435	35	445	1.94e-26	110
lcl|AP019371.1_prot_BBH68780.1_5465	iEK1008.Rv2320c	26.3	460	301	14	11	446	31	476	2.36e-25	107
lcl|AP019371.1_prot_BBH68780.1_5465	iCHOv1.100689176	26.3	422	269	10	1	386	18	433	1.22e-22	100
lcl|AP019371.1_prot_BBH68788.1_5473	iAF987.Gmet_1899	43.4	256	138	3	2	256	7	256	3.80e-67	208
lcl|AP019371.1_prot_BBH68788.1_5473	iCN900.CD630_23610	46.0	226	120	1	2	227	3	226	3.99e-66	205
lcl|AP019371.1_prot_BBH68788.1_5473	iSynCJ816.SGL_RS05565	46.7	227	119	1	2	228	3	227	6.51e-66	205
lcl|AP019371.1_prot_BBH68788.1_5473	iJN1463.PP_0209	42.8	243	136	2	2	244	11	250	1.78e-61	194
lcl|AP019371.1_prot_BBH68788.1_5473	iSbBS512_1146.SbBS512_E0279	43.2	234	127	2	20	249	16	247	9.95e-60	189
lcl|AP019371.1_prot_BBH68788.1_5473	iML1515.b0366	43.2	234	127	2	20	249	16	247	1.41e-59	189
lcl|AP019371.1_prot_BBH68788.1_5473	iYL1228.KPN_00312	42.7	234	128	2	20	249	16	247	1.41e-59	189
lcl|AP019371.1_prot_BBH68788.1_5473	iSSON_1240.SSON_0344	43.2	234	127	2	20	249	16	247	1.41e-59	189
lcl|AP019371.1_prot_BBH68789.1_5474	iJN1463.PP_0231	33.1	236	146	3	19	245	43	275	6.53e-31	115
lcl|AP019371.1_prot_BBH68789.1_5474	iJN1463.PP_3635	35.1	191	121	1	57	247	64	251	2.13e-28	108
lcl|AP019371.1_prot_BBH68789.1_5474	iYL1228.KPN_00313	28.0	250	173	3	3	245	22	271	6.89e-28	107
lcl|AP019371.1_prot_BBH68789.1_5474	iYO844.BSU08850	28.2	245	169	3	9	247	33	276	5.21e-27	105
lcl|AP019371.1_prot_BBH68790.1_5475	iJN1463.PP_0239	31.8	233	159	0	26	258	22	254	2.81e-27	105
lcl|AP019371.1_prot_BBH68790.1_5475	iCN718.ABAYE_RS19055	30.5	233	162	0	26	258	28	260	1.07e-26	104
lcl|AP019371.1_prot_BBH68790.1_5475	iSSON_1240.SSON_0345	31.8	242	160	1	26	262	34	275	5.03e-24	97.4
lcl|AP019371.1_prot_BBH68790.1_5475	iML1515.b0367	31.8	242	160	1	26	262	34	275	1.35e-23	96.3
lcl|AP019371.1_prot_BBH68790.1_5475	iSF_1195.SF0251	31.4	242	161	1	26	262	34	275	1.88e-23	95.9
lcl|AP019371.1_prot_BBH68791.1_5476	iJN1463.PP_0233	26.8	231	155	7	51	279	35	253	1.24e-10	61.2
lcl|AP019371.1_prot_BBH68793.1_5478	iAF987.Gmet_0957	41.0	429	236	8	295	709	191	616	3.02e-84	278
lcl|AP019371.1_prot_BBH68793.1_5478	iAF987.Gmet_0782	39.3	435	245	10	287	708	292	720	1.04e-76	261
lcl|AP019371.1_prot_BBH68793.1_5478	iAF987.Gmet_2629	36.8	446	264	8	279	709	362	804	1.66e-75	259
lcl|AP019371.1_prot_BBH68793.1_5478	iAF987.Gmet_0700	39.2	431	226	11	296	703	391	808	3.96e-73	253
lcl|AP019371.1_prot_BBH68793.1_5478	iAF987.Gmet_0987	37.5	421	247	7	296	703	357	774	6.84e-73	251
lcl|AP019371.1_prot_BBH68800.1_5485	iJN1463.PP_0326	35.7	140	72	5	13	135	37	175	9.31e-12	60.5
lcl|AP019371.1_prot_BBH68801.1_5486	iJN1463.PP_0325	43.3	1001	462	16	2	899	6	1003	2.76e-249	724
lcl|AP019371.1_prot_BBH68802.1_5487	iJN1463.PP_0324	60.0	80	31	1	1	79	1	80	2.46e-32	107
lcl|AP019371.1_prot_BBH68803.1_5488	iJN1463.PP_0323	63.1	382	141	0	1	382	35	416	1.69e-176	497
lcl|AP019371.1_prot_BBH68804.1_5489	iJN1463.PP_1741	23.0	274	188	5	44	317	37	287	1.16e-11	63.9
lcl|AP019371.1_prot_BBH68805.1_5490	iSSON_1240.SSON_2823	41.0	290	155	4	49	337	61	335	2.70e-56	194
lcl|AP019371.1_prot_BBH68805.1_5490	iML1515.b2678	41.0	290	155	4	49	337	61	335	3.76e-56	194
lcl|AP019371.1_prot_BBH68805.1_5490	iSbBS512_1146.SbBS512_E3201	41.0	290	155	4	49	337	61	335	3.76e-56	194
lcl|AP019371.1_prot_BBH68805.1_5490	iYO844.BSU02990	47.9	211	110	0	117	327	59	269	7.01e-57	193
lcl|AP019371.1_prot_BBH68805.1_5490	iSF_1195.SF2706	40.7	290	156	4	49	337	61	335	1.40e-55	192
lcl|AP019371.1_prot_BBH68805.1_5490	iPC815.YPO2646	40.9	291	150	5	51	337	95	367	4.67e-55	192
lcl|AP019371.1_prot_BBH68805.1_5490	iAF692.Mbar_A2377	45.7	258	127	4	73	327	21	268	7.92e-55	187
lcl|AP019371.1_prot_BBH68805.1_5490	iNF517.LLMG_RS05330	39.4	279	152	4	51	327	10	273	1.01e-50	184
lcl|AP019371.1_prot_BBH68805.1_5490	iJN1463.PP_2774	46.6	264	128	3	84	334	429	692	1.95e-49	183
lcl|AP019371.1_prot_BBH68805.1_5490	STM_v1_0.STM2810	44.7	237	130	1	115	350	112	348	1.88e-51	181
lcl|AP019371.1_prot_BBH68805.1_5490	iYL1228.KPN_03009	45.5	222	120	1	117	337	115	336	1.89e-50	178
lcl|AP019371.1_prot_BBH68806.1_5491	iYO844.BSU02980	52.4	294	133	2	4	294	10	299	3.71e-101	303
lcl|AP019371.1_prot_BBH68806.1_5491	iAF692.Mbar_A2376	51.7	300	137	3	4	301	7	300	7.02e-97	295
lcl|AP019371.1_prot_BBH68806.1_5491	iNF517.LLMG_RS05325	44.4	331	176	3	4	333	5	328	3.99e-95	288
lcl|AP019371.1_prot_BBH68806.1_5491	iYL1228.KPN_03008	48.6	278	142	1	4	281	5	281	9.36e-92	279
lcl|AP019371.1_prot_BBH68806.1_5491	iSSON_1240.SSON_2822	48.2	278	143	1	4	281	5	281	1.32e-91	278
lcl|AP019371.1_prot_BBH68806.1_5491	iML1515.b2677	48.2	278	143	1	4	281	5	281	2.65e-91	278
lcl|AP019371.1_prot_BBH68806.1_5491	iSbBS512_1146.SbBS512_E3202	48.2	278	143	1	4	281	5	281	2.65e-91	278
lcl|AP019371.1_prot_BBH68806.1_5491	iSF_1195.SF2705	48.2	278	143	1	4	281	5	281	2.65e-91	278
lcl|AP019371.1_prot_BBH68806.1_5491	STM_v1_0.STM2809	48.2	278	143	1	4	281	5	281	5.29e-91	277
lcl|AP019371.1_prot_BBH68806.1_5491	iPC815.YPO2647	47.8	299	153	3	4	301	5	301	2.90e-90	275
lcl|AP019371.1_prot_BBH68807.1_5492	iYO844.BSU31060	57.7	470	192	2	4	467	20	488	2.36e-195	551
lcl|AP019371.1_prot_BBH68808.1_5493	iYS854.USA300HOU_RS14155	67.2	537	171	2	5	536	8	544	4.53e-270	747
lcl|AP019371.1_prot_BBH68809.1_5494	iML1515.b2540	44.9	98	52	2	6	102	7	103	4.66e-24	87.8
lcl|AP019371.1_prot_BBH68809.1_5494	iSSON_1240.SSON_2622	44.9	98	52	2	6	102	7	103	4.66e-24	87.8
lcl|AP019371.1_prot_BBH68810.1_5495	iML1515.b2542	35.9	365	219	7	6	357	8	370	1.96e-48	168
lcl|AP019371.1_prot_BBH68810.1_5495	iSSON_1240.SSON_2624	35.3	365	221	7	6	357	8	370	2.05e-47	165
lcl|AP019371.1_prot_BBH68810.1_5495	iCN718.ABAYE_RS14180	30.5	383	250	7	1	368	1	382	4.89e-43	154
lcl|AP019371.1_prot_BBH68812.1_5497	iAT_PLT_636.1757	30.7	812	497	15	2	754	66	870	2.81e-110	356
lcl|AP019371.1_prot_BBH68812.1_5497	iAT_PLT_636.29958	31.1	823	516	24	6	793	53	859	2.38e-107	348
lcl|AP019371.1_prot_BBH68812.1_5497	iMM1415.74129	31.1	820	516	22	6	792	46	849	5.22e-105	342
lcl|AP019371.1_prot_BBH68812.1_5497	iCHOv1.100759503	30.9	819	519	20	6	792	51	854	4.26e-104	340
lcl|AP019371.1_prot_BBH68813.1_5498	iJN1463.PP_0315	30.9	392	227	10	8	366	32	412	2.65e-57	192
lcl|AP019371.1_prot_BBH68814.1_5499	iJN1463.PP_1418	23.6	233	163	8	39	260	32	260	1.93e-04	42.4
lcl|AP019371.1_prot_BBH68814.1_5499	STM_v1_0.STM2786	23.6	229	167	5	39	260	32	259	6.03e-04	40.8
lcl|AP019371.1_prot_BBH68816.1_5501	STM_v1_0.STM2788	40.4	488	286	3	7	492	10	494	4.92e-111	338
lcl|AP019371.1_prot_BBH68816.1_5501	iJN1463.PP_1416	39.7	486	290	2	7	490	10	494	2.09e-103	318
lcl|AP019371.1_prot_BBH68822.1_5507	iML1515.b2411	36.5	63	37	2	327	388	600	660	6.61e-04	41.6
lcl|AP019371.1_prot_BBH68822.1_5507	iSDY_1059.SDY_2608	36.5	63	37	2	327	388	600	660	6.61e-04	41.6
lcl|AP019371.1_prot_BBH68822.1_5507	iSF_1195.SF2466	36.5	63	37	2	327	388	600	660	6.61e-04	41.6
lcl|AP019371.1_prot_BBH68822.1_5507	iSSON_1240.SSON_2500	36.5	63	37	2	327	388	600	660	6.61e-04	41.6
lcl|AP019371.1_prot_BBH68822.1_5507	iYL1228.KPN_02758	36.5	63	37	2	327	388	600	660	8.72e-04	41.2
lcl|AP019371.1_prot_BBH68822.1_5507	STM_v1_0.STM2427	36.5	63	37	2	327	388	600	660	8.72e-04	41.2
lcl|AP019371.1_prot_BBH68828.1_5513	iJN1463.PP_3537	48.1	393	191	7	13	394	1	391	2.14e-113	336
lcl|AP019371.1_prot_BBH68830.1_5515	iJN1463.PP_4656	50.2	221	108	1	39	257	18	238	4.34e-74	225
lcl|AP019371.1_prot_BBH68831.1_5516	iJN1463.PP_4655	35.2	196	102	9	5	179	10	201	1.01e-20	84.7
lcl|AP019371.1_prot_BBH68832.1_5517	iJN1463.PP_1379	37.1	318	187	6	58	369	63	373	2.83e-42	153
lcl|AP019371.1_prot_BBH68833.1_5518	iJN1463.PP_1381	53.9	115	53	0	258	372	9	123	6.28e-39	135
lcl|AP019371.1_prot_BBH68833.1_5518	iYL1228.KPN_01542	34.5	235	149	5	9	242	8	238	4.68e-33	123
lcl|AP019371.1_prot_BBH68838.1_5523	iYO844.BSU26590	28.7	178	116	3	18	191	13	183	8.43e-09	56.6
lcl|AP019371.1_prot_BBH68838.1_5523	iYL1228.KPN_02116	28.4	141	99	2	74	213	70	209	2.55e-07	52.0
lcl|AP019371.1_prot_BBH68838.1_5523	iML1515.b0353	29.7	128	87	3	74	200	71	196	4.54e-07	51.2
lcl|AP019371.1_prot_BBH68838.1_5523	iSSON_1240.SSON_0332	29.7	128	87	3	74	200	86	211	4.67e-07	51.2
lcl|AP019371.1_prot_BBH68840.1_5525	iJN1463.PP_3944	25.0	356	244	8	5	346	5	351	2.16e-20	91.3
lcl|AP019371.1_prot_BBH68840.1_5525	iCN718.ABAYE_RS01180	25.6	348	238	8	6	343	2	338	6.27e-19	87.0
lcl|AP019371.1_prot_BBH68841.1_5526	iEK1008.Rv1322A	35.1	111	58	3	7	103	17	127	4.35e-07	48.5
lcl|AP019371.1_prot_BBH68842.1_5527	iCN718.ABAYE_RS00895	28.6	273	133	12	54	268	115	383	1.94e-16	79.0
lcl|AP019371.1_prot_BBH68842.1_5527	iAT_PLT_636.2184	28.1	285	136	12	57	273	110	393	1.50e-15	76.3
lcl|AP019371.1_prot_BBH68842.1_5527	iMM1415.14085	27.4	285	138	12	57	273	110	393	2.02e-15	75.9
lcl|AP019371.1_prot_BBH68842.1_5527	iJN1463.PP_4620	32.0	197	79	9	125	269	200	393	2.26e-14	72.8
lcl|AP019371.1_prot_BBH68849.1_5534	iAF987.Gmet_3085	28.5	281	189	4	9	278	88	367	9.75e-21	97.4
lcl|AP019371.1_prot_BBH68855.1_5540	iJN1463.PP_0230	40.3	278	156	5	5	276	3	276	1.58e-54	178
lcl|AP019371.1_prot_BBH68855.1_5540	iML1515.b0368	35.3	275	174	3	5	276	5	278	2.56e-51	170
lcl|AP019371.1_prot_BBH68855.1_5540	iCN718.ABAYE_RS11215	37.9	280	167	7	1	276	4	280	4.73e-51	169
lcl|AP019371.1_prot_BBH68855.1_5540	iSSON_1240.SSON_0346	34.9	275	175	3	5	276	5	278	2.82e-50	167
lcl|AP019371.1_prot_BBH68855.1_5540	iJN1463.PP_0169	35.6	289	156	6	7	276	21	298	8.61e-50	166
lcl|AP019371.1_prot_BBH68855.1_5540	iSF_1195.SF0250	34.9	275	175	3	5	276	5	278	5.61e-50	166
lcl|AP019371.1_prot_BBH68855.1_5540	iSDY_1059.SDY_0502	34.5	275	176	3	5	276	5	278	1.57e-49	165
lcl|AP019371.1_prot_BBH68855.1_5540	iPC815.YPO0185	37.1	278	167	5	5	277	5	279	6.01e-49	164
lcl|AP019371.1_prot_BBH68855.1_5540	iYL1228.KPN_00314	35.3	275	174	3	5	276	5	278	1.23e-48	163
lcl|AP019371.1_prot_BBH68859.1_5544	iLJ478.TM1347	27.7	112	70	5	15	122	94	198	1.27e-06	46.2
lcl|AP019371.1_prot_BBH68859.1_5544	iPC815.YPO3577	26.8	123	88	2	1	123	204	324	7.24e-06	43.9
lcl|AP019371.1_prot_BBH68859.1_5544	iCN718.ABAYE_RS12520	22.9	118	90	1	11	127	208	325	9.80e-06	43.5
lcl|AP019371.1_prot_BBH68860.1_5545	iJN1463.PP_5069	35.3	139	82	4	2	135	3	138	1.10e-26	97.1
lcl|AP019371.1_prot_BBH68860.1_5545	iPC815.YPO3270	37.5	136	81	3	8	140	5	139	2.26e-26	96.3
lcl|AP019371.1_prot_BBH68860.1_5545	iYL1228.KPN_02905	37.4	131	78	3	8	135	5	134	9.20e-25	92.0
lcl|AP019371.1_prot_BBH68860.1_5545	iML1515.b2582	34.6	136	85	3	8	140	5	139	6.97e-24	89.7
lcl|AP019371.1_prot_BBH68860.1_5545	iSbBS512_1146.SbBS512_E2954	34.6	136	85	3	8	140	5	139	6.97e-24	89.7
lcl|AP019371.1_prot_BBH68860.1_5545	iSDY_1059.SDY_2825	34.6	136	85	3	8	140	5	139	6.97e-24	89.7
lcl|AP019371.1_prot_BBH68860.1_5545	iSF_1195.SF2644	34.6	136	85	3	8	140	5	139	6.97e-24	89.7
lcl|AP019371.1_prot_BBH68860.1_5545	iSSON_1240.SSON_2708	34.6	136	85	3	8	140	5	139	6.97e-24	89.7
lcl|AP019371.1_prot_BBH68860.1_5545	STM_v1_0.STM2649	34.6	136	85	3	8	140	5	139	2.78e-23	88.2
lcl|AP019371.1_prot_BBH68862.1_5547	iCN900.CD630_31950	32.5	845	451	19	14	781	4	806	6.38e-120	380
lcl|AP019371.1_prot_BBH68867.1_5552	iAF987.Gmet_2999	30.8	120	81	2	30	147	6	125	2.94e-11	59.7
lcl|AP019371.1_prot_BBH68868.1_5553	iEK1008.Rv2895c	34.5	290	153	8	26	312	10	265	6.46e-35	127
lcl|AP019371.1_prot_BBH68871.1_5556	iML1515.b1967	26.0	146	101	2	23	163	71	214	3.07e-06	46.6
lcl|AP019371.1_prot_BBH68874.1_5559	iMM904.YPR035W	52.8	335	147	5	5	332	26	356	2.72e-120	350
lcl|AP019371.1_prot_BBH68874.1_5559	iMM1415.14645	52.1	338	144	8	3	327	26	358	4.48e-112	330
lcl|AP019371.1_prot_BBH68874.1_5559	iCHOv1.100764163	51.5	338	146	8	3	327	26	358	8.32e-110	324
lcl|AP019371.1_prot_BBH68874.1_5559	iAT_PLT_636.2752	51.8	338	145	8	3	327	26	358	1.18e-109	323
lcl|AP019371.1_prot_BBH68879.1_5564	iCN900.CD630_02510	28.8	274	174	8	9	271	125	388	5.67e-11	62.4
lcl|AP019371.1_prot_BBH68881.1_5566	STM_v1_0.STM1375	28.7	150	92	6	152	286	84	233	1.51e-05	45.4
lcl|AP019371.1_prot_BBH68885.1_5570	iYO844.BSU24150	44.6	377	208	1	3	378	1	377	1.80e-104	312
lcl|AP019371.1_prot_BBH68885.1_5570	iYO844.BSU18260	46.3	380	198	3	1	376	1	378	3.71e-104	311
lcl|AP019371.1_prot_BBH68885.1_5570	iCHOv1.100774097	45.3	371	202	1	3	372	32	402	1.30e-101	306
lcl|AP019371.1_prot_BBH68885.1_5570	iCN900.CD630_10540	44.3	379	205	4	1	376	1	376	5.11e-101	303
lcl|AP019371.1_prot_BBH68885.1_5570	iYO844.BSU37170	44.6	377	208	1	1	376	1	377	7.47e-101	303
lcl|AP019371.1_prot_BBH68885.1_5570	iMM1415.11409	44.7	371	204	1	3	372	32	402	8.34e-100	301
lcl|AP019371.1_prot_BBH68885.1_5570	iAT_PLT_636.35	46.2	357	191	1	17	372	46	402	2.66e-98	298
lcl|AP019371.1_prot_BBH68885.1_5570	iJN1463.PP_2216	44.3	370	205	1	8	376	6	375	2.18e-96	291
lcl|AP019371.1_prot_BBH68885.1_5570	iAF987.Gmet_1715	39.8	377	226	1	1	376	1	377	1.12e-94	287
lcl|AP019371.1_prot_BBH68885.1_5570	iAF987.Gmet_1710	43.6	381	209	4	1	376	1	380	2.50e-92	281
lcl|AP019371.1_prot_BBH68886.1_5571	iYO844.BSU15910	46.7	246	120	3	2	243	5	243	2.56e-65	202
lcl|AP019371.1_prot_BBH68886.1_5571	iYS854.USA300HOU_RS06185	48.0	244	116	3	4	243	5	241	1.10e-63	198
lcl|AP019371.1_prot_BBH68886.1_5571	iHN637.CLJU_RS20765	46.7	246	120	3	2	243	7	245	1.83e-60	190
lcl|AP019371.1_prot_BBH68886.1_5571	iCN718.ABAYE_RS14915	46.1	245	119	4	2	243	6	240	1.30e-59	188
lcl|AP019371.1_prot_BBH68886.1_5571	iCN900.CD630_11820	45.1	246	124	3	2	243	7	245	3.03e-59	187
lcl|AP019371.1_prot_BBH68886.1_5571	iAF987.Gmet_1601	46.9	245	120	3	2	243	6	243	3.92e-59	187
lcl|AP019371.1_prot_BBH68886.1_5571	iSynCJ816.SGL_RS07245	45.6	248	118	5	2	243	7	243	4.04e-59	187
lcl|AP019371.1_prot_BBH68887.1_5572	iEK1008.Rv2724c	48.6	383	192	2	3	385	9	386	1.97e-119	351
lcl|AP019371.1_prot_BBH68888.1_5573	iCHOv1.100767563	23.2	203	131	6	52	237	47	241	3.28e-06	46.6
lcl|AP019371.1_prot_BBH68892.1_5577	iAF987.Gmet_1148	50.6	462	207	5	24	484	5	446	8.80e-146	424
lcl|AP019371.1_prot_BBH68893.1_5578	iLJ478.TM0076	29.2	872	442	28	36	846	4	761	1.74e-75	263
lcl|AP019371.1_prot_BBH68893.1_5578	iYL1228.KPN_02568	29.5	852	416	31	44	837	35	759	1.93e-69	246
lcl|AP019371.1_prot_BBH68893.1_5578	iSDY_1059.SDY_2156	29.8	862	425	34	33	837	21	759	9.18e-69	244
lcl|AP019371.1_prot_BBH68893.1_5578	iML1515.b2132	29.7	848	419	33	44	837	35	759	2.34e-68	243
lcl|AP019371.1_prot_BBH68893.1_5578	iSF_1195.SF2217	29.8	848	418	33	44	837	35	759	4.35e-68	242
lcl|AP019371.1_prot_BBH68893.1_5578	iSSON_1240.SSON_2189	29.6	848	420	33	44	837	35	759	1.11e-67	241
lcl|AP019371.1_prot_BBH68893.1_5578	iSbBS512_1146.SbBS512_E0841	29.6	848	420	33	44	837	35	759	1.51e-67	241
lcl|AP019371.1_prot_BBH68895.1_5580	iYO844.BSU30270	20.6	412	273	15	35	424	31	410	5.56e-07	51.2
lcl|AP019371.1_prot_BBH68896.1_5581	iEK1008.Rv2316	32.0	272	172	4	26	297	13	271	1.71e-43	150
lcl|AP019371.1_prot_BBH68896.1_5581	iCN900.CD630_34160	32.1	280	181	4	28	306	10	281	9.10e-43	148
lcl|AP019371.1_prot_BBH68896.1_5581	iJN1463.PP_1016	29.6	267	179	3	45	309	40	299	3.01e-39	139
lcl|AP019371.1_prot_BBH68897.1_5582	iEK1008.Rv2834c	30.1	266	179	3	33	295	13	274	1.14e-30	115
lcl|AP019371.1_prot_BBH68897.1_5582	iJN1463.PP_1017	27.8	270	190	3	28	295	14	280	5.25e-27	106
lcl|AP019371.1_prot_BBH68898.1_5583	iML1515.b3656	56.3	736	314	4	1	728	1	736	6.31e-304	849
lcl|AP019371.1_prot_BBH68902.1_5587	iML1515.b0036	31.1	161	110	1	45	205	50	209	9.80e-12	62.4
lcl|AP019371.1_prot_BBH68902.1_5587	iSDY_1059.SDY_0058	31.1	161	110	1	45	205	86	245	1.27e-11	62.4
lcl|AP019371.1_prot_BBH68902.1_5587	iSF_1195.SF0033	31.1	161	110	1	45	205	86	245	1.27e-11	62.4
lcl|AP019371.1_prot_BBH68902.1_5587	iSSON_1240.SSON_0042	31.1	161	110	1	45	205	86	245	2.36e-11	61.6
lcl|AP019371.1_prot_BBH68902.1_5587	iLB1027_lipid.PHATRDRAFT_18064	26.8	205	140	5	20	216	60	262	8.12e-11	60.1
lcl|AP019371.1_prot_BBH68902.1_5587	iSbBS512_1146.SbBS512_E4743	30.2	159	105	6	27	181	33	189	6.23e-11	60.1
lcl|AP019371.1_prot_BBH68902.1_5587	STM_v1_0.STM0070	28.6	161	114	1	45	205	50	209	5.59e-10	57.4
lcl|AP019371.1_prot_BBH68903.1_5588	iCN718.ABAYE_RS01180	26.5	351	243	9	7	350	3	345	3.87e-24	102
lcl|AP019371.1_prot_BBH68903.1_5588	iJN1463.PP_3944	26.4	349	244	5	7	346	7	351	5.11e-24	101
lcl|AP019371.1_prot_BBH68904.1_5589	iJN1463.PP_1132	40.8	377	216	5	24	395	18	392	3.76e-77	244
lcl|AP019371.1_prot_BBH68904.1_5589	iSDY_1059.SDY_0018	40.8	387	204	8	23	395	10	385	3.21e-76	241
lcl|AP019371.1_prot_BBH68904.1_5589	iSbBS512_1146.SbBS512_E0019	40.8	387	204	8	23	395	10	385	6.39e-76	241
lcl|AP019371.1_prot_BBH68904.1_5589	iSSON_1240.SSON_0021	40.8	387	204	8	23	395	10	385	6.39e-76	241
lcl|AP019371.1_prot_BBH68904.1_5589	iML1515.b0019	41.1	387	203	8	23	395	10	385	2.52e-75	239
lcl|AP019371.1_prot_BBH68904.1_5589	STM_v1_0.STM0039	41.3	387	198	9	23	393	10	383	2.52e-75	239
lcl|AP019371.1_prot_BBH68904.1_5589	iSF_1195.SF0016	40.8	387	204	8	23	395	10	385	2.52e-75	239
lcl|AP019371.1_prot_BBH68904.1_5589	iYL1228.KPN_00016	40.1	377	217	6	23	393	14	387	6.32e-71	228
lcl|AP019371.1_prot_BBH68904.1_5589	iPC815.YPO0470	38.2	387	219	6	17	392	5	382	1.88e-69	224
lcl|AP019371.1_prot_BBH68905.1_5590	iSynCJ816.SGL_RS18020	49.7	780	387	3	21	797	24	801	2.54e-291	821
lcl|AP019371.1_prot_BBH68905.1_5590	iLB1027_lipid.PHATRDRAFT_36257	47.2	812	383	9	28	797	24	831	6.13e-269	765
lcl|AP019371.1_prot_BBH68906.1_5591	iAF987.Gmet_1188	35.9	64	35	1	76	133	6	69	5.05e-06	44.3
lcl|AP019371.1_prot_BBH68908.1_5593	iAF987.Gmet_2439	51.9	237	111	1	7	243	6	239	8.43e-82	245
lcl|AP019371.1_prot_BBH68909.1_5594	iAF987.Gmet_2440	31.4	210	133	4	10	214	21	224	7.92e-21	88.2
lcl|AP019371.1_prot_BBH68911.1_5596	iAF987.Gmet_2441	37.7	215	131	2	6	218	1	214	1.99e-33	122
lcl|AP019371.1_prot_BBH68913.1_5598	iAF987.Gmet_2721	27.9	222	132	9	61	274	356	557	3.58e-07	52.8
lcl|AP019371.1_prot_BBH68913.1_5598	iAF987.Gmet_0849	23.2	164	122	2	39	200	328	489	6.30e-07	52.0
lcl|AP019371.1_prot_BBH68913.1_5598	iAF987.Gmet_1991	26.4	178	109	6	21	198	16	171	1.01e-05	48.1
lcl|AP019371.1_prot_BBH68914.1_5599	iEK1008.Rv0386	37.9	58	36	0	149	206	1026	1083	5.89e-05	43.1
lcl|AP019371.1_prot_BBH68918.1_5603	iAF987.Gmet_1991	20.2	342	246	11	68	393	82	412	6.82e-08	54.3
lcl|AP019371.1_prot_BBH68919.1_5604	iAF987.Gmet_3476	37.5	136	83	2	13	146	6	141	7.34e-23	99.4
lcl|AP019371.1_prot_BBH68921.1_5606	iLJ478.TM1071	47.7	373	189	2	6	373	11	382	1.03e-120	354
lcl|AP019371.1_prot_BBH68922.1_5607	iYL1228.KPN_04155	30.9	330	200	9	19	345	13	317	2.87e-31	120
lcl|AP019371.1_prot_BBH68922.1_5607	iML1515.b3750	30.3	330	202	10	19	345	13	317	7.59e-30	116
lcl|AP019371.1_prot_BBH68922.1_5607	iNF517.LLMG_RS04065	32.6	267	163	8	86	351	62	312	6.52e-30	116
lcl|AP019371.1_prot_BBH68922.1_5607	STM_v1_0.STM3883	29.7	330	204	9	19	345	13	317	5.37e-29	114
lcl|AP019371.1_prot_BBH68922.1_5607	iCN900.CD630_03020	31.2	285	172	7	70	351	64	327	1.25e-28	113
lcl|AP019371.1_prot_BBH68922.1_5607	iYO844.BSU35950	34.7	262	154	6	85	345	72	317	1.02e-27	110
lcl|AP019371.1_prot_BBH68922.1_5607	iML1515.b1515	32.5	305	179	8	30	328	11	294	1.17e-27	110
lcl|AP019371.1_prot_BBH68922.1_5607	iSF_1195.SF1585	32.5	305	179	8	30	328	11	294	1.17e-27	110
lcl|AP019371.1_prot_BBH68922.1_5607	iLJ478.TM0112	31.6	282	172	9	71	350	51	313	1.29e-27	110
lcl|AP019371.1_prot_BBH68922.1_5607	iPC815.YPO2499	34.7	236	134	6	85	317	82	300	1.62e-27	110
lcl|AP019371.1_prot_BBH68922.1_5607	iPC815.YPO0410	31.4	274	178	5	55	328	33	296	3.24e-27	109
lcl|AP019371.1_prot_BBH68923.1_5608	iYL1228.KPN_04155	36.0	297	177	4	30	320	28	317	3.03e-42	148
lcl|AP019371.1_prot_BBH68923.1_5608	iML1515.b3750	36.4	297	176	4	30	320	28	317	1.64e-41	146
lcl|AP019371.1_prot_BBH68923.1_5608	iPC815.YPO2499	34.8	267	169	3	59	325	69	330	1.08e-40	144
lcl|AP019371.1_prot_BBH68923.1_5608	iNF517.LLMG_RS04065	32.5	295	182	5	40	327	29	313	2.02e-40	143
lcl|AP019371.1_prot_BBH68923.1_5608	STM_v1_0.STM3883	35.7	297	178	4	30	320	28	317	3.39e-40	143
lcl|AP019371.1_prot_BBH68923.1_5608	iHN637.CLJU_RS00625	34.3	300	183	5	30	325	30	319	2.09e-37	135
lcl|AP019371.1_prot_BBH68924.1_5609	iPC815.YPO3964	41.9	496	284	4	8	501	5	498	8.10e-123	368
lcl|AP019371.1_prot_BBH68924.1_5609	iML1515.b3749	41.5	491	284	3	10	499	5	493	2.16e-115	349
lcl|AP019371.1_prot_BBH68924.1_5609	iCN900.CD630_03010	39.0	469	284	2	10	477	6	473	1.44e-113	344
lcl|AP019371.1_prot_BBH68924.1_5609	iPC815.YPO0958	41.3	472	276	1	15	486	11	481	1.81e-113	344
lcl|AP019371.1_prot_BBH68924.1_5609	iHN637.CLJU_RS00620	39.1	504	299	4	1	501	1	499	5.09e-113	343
lcl|AP019371.1_prot_BBH68924.1_5609	iYL1228.KPN_04154	40.7	491	288	3	10	499	5	493	1.08e-112	342
lcl|AP019371.1_prot_BBH68924.1_5609	STM_v1_0.STM3882	40.9	491	287	3	10	499	5	493	1.52e-112	342
lcl|AP019371.1_prot_BBH68924.1_5609	iYO844.BSU35940	39.6	493	294	4	9	499	2	492	1.06e-110	337
lcl|AP019371.1_prot_BBH68924.1_5609	iNF517.LLMG_RS04060	40.4	493	289	5	9	499	2	491	2.05e-110	336
lcl|AP019371.1_prot_BBH68924.1_5609	iPC815.YPO2256	41.2	488	273	3	3	483	13	493	8.11e-109	333
lcl|AP019371.1_prot_BBH68925.1_5610	iML1515.b1516	30.7	251	171	3	43	292	29	277	3.12e-34	128
lcl|AP019371.1_prot_BBH68928.1_5613	iJN1463.PP_0838	31.9	210	121	6	36	229	34	237	1.30e-13	68.6
lcl|AP019371.1_prot_BBH68928.1_5613	iEK1008.Rv1604	33.6	217	112	10	34	231	35	238	4.43e-13	67.0
lcl|AP019371.1_prot_BBH68928.1_5613	iYL1228.KPN_02865	32.8	201	116	8	36	224	34	227	5.16e-12	63.9
lcl|AP019371.1_prot_BBH68929.1_5614	iYS854.USA300HOU_RS06130	33.0	206	137	1	7	212	5	209	4.78e-28	118
lcl|AP019371.1_prot_BBH68931.1_5616	iMM1415.23923	25.8	264	163	8	146	380	102	361	5.19e-12	67.0
lcl|AP019371.1_prot_BBH68931.1_5616	iAT_PLT_636.51166	24.4	324	197	10	146	430	141	455	1.80e-11	65.5
lcl|AP019371.1_prot_BBH68931.1_5616	iYS854.USA300HOU_RS05220	25.7	175	124	4	141	310	81	254	3.31e-11	64.3
lcl|AP019371.1_prot_BBH68932.1_5617	iJN1463.PP_0597	56.3	497	210	5	1	492	1	495	1.96e-195	553
lcl|AP019371.1_prot_BBH68932.1_5617	iCN718.ABAYE_RS06910	56.3	481	204	4	4	480	28	506	1.66e-190	541
lcl|AP019371.1_prot_BBH68932.1_5617	iEK1008.Rv0753c	55.8	493	204	3	2	480	3	495	1.45e-183	523
lcl|AP019371.1_prot_BBH68932.1_5617	iYL1228.KPN_04670	52.4	498	231	3	1	492	1	498	3.26e-180	514
lcl|AP019371.1_prot_BBH68932.1_5617	STM_v1_0.STM4421	52.9	488	222	4	1	481	1	487	3.73e-174	499
lcl|AP019371.1_prot_BBH68933.1_5618	iLB1027_lipid.PHATRDRAFT_41686	35.7	409	256	5	34	439	21	425	9.10e-78	248
lcl|AP019371.1_prot_BBH68933.1_5618	iLB1027_lipid.PHATRDRAFT_8945	34.6	413	257	7	34	439	6	412	1.69e-76	244
lcl|AP019371.1_prot_BBH68934.1_5619	iJN1463.PP_1481	49.0	451	227	2	24	471	21	471	2.59e-152	441
lcl|AP019371.1_prot_BBH68934.1_5619	iYL1228.KPN_01924	48.4	457	233	2	18	471	21	477	1.86e-151	439
lcl|AP019371.1_prot_BBH68934.1_5619	iSSON_1240.SSON_1693	48.6	457	232	2	18	471	15	471	9.61e-150	435
lcl|AP019371.1_prot_BBH68934.1_5619	iSF_1195.SF1774	48.4	457	233	2	18	471	15	471	7.76e-149	432
lcl|AP019371.1_prot_BBH68934.1_5619	iML1515.b1444	48.4	457	233	2	18	471	15	471	1.10e-148	432
lcl|AP019371.1_prot_BBH68934.1_5619	iSDY_1059.SDY_1730	48.1	457	234	2	18	471	15	471	1.78e-147	429
lcl|AP019371.1_prot_BBH68934.1_5619	STM_v1_0.STM1597	47.9	451	232	2	24	471	28	478	4.50e-147	428
lcl|AP019371.1_prot_BBH68934.1_5619	iJN1463.PP_2801	49.0	451	227	2	24	471	21	471	5.77e-146	425
lcl|AP019371.1_prot_BBH68935.1_5620	iHN637.CLJU_RS10680	58.4	267	109	1	44	310	25	289	2.34e-99	299
lcl|AP019371.1_prot_BBH68935.1_5620	iJN1463.PP_0411	45.4	361	191	4	20	380	10	364	6.61e-96	290
lcl|AP019371.1_prot_BBH68935.1_5620	iSSON_1240.SSON_1696	45.6	362	163	6	24	383	4	333	9.33e-95	286
lcl|AP019371.1_prot_BBH68935.1_5620	iJN1463.PP_1484	50.6	318	129	5	24	341	4	293	1.60e-94	286
lcl|AP019371.1_prot_BBH68935.1_5620	iML1515.b1441	45.6	362	163	6	24	383	4	333	1.87e-94	285
lcl|AP019371.1_prot_BBH68935.1_5620	iSDY_1059.SDY_1733	45.0	362	165	6	24	383	4	333	8.49e-93	281
lcl|AP019371.1_prot_BBH68935.1_5620	iLJ478.TM1376	44.9	345	187	2	44	385	21	365	6.34e-92	280
lcl|AP019371.1_prot_BBH68935.1_5620	iCN900.CD630_10240	49.5	305	143	3	32	336	9	302	6.59e-92	279
lcl|AP019371.1_prot_BBH68935.1_5620	iSDY_1059.SDY_2026	46.9	356	179	4	23	375	16	364	3.88e-90	276
lcl|AP019371.1_prot_BBH68935.1_5620	iML1515.b1126	46.9	356	179	4	23	375	16	364	5.49e-90	275
lcl|AP019371.1_prot_BBH68935.1_5620	STM_v1_0.STM1226	45.9	368	189	4	11	375	4	364	5.49e-90	275
lcl|AP019371.1_prot_BBH68935.1_5620	iSF_1195.SF1128	46.9	356	179	4	23	375	16	364	5.49e-90	275
lcl|AP019371.1_prot_BBH68935.1_5620	iSbBS512_1146.SbBS512_E1304	46.9	356	179	4	23	375	16	364	7.76e-90	275
lcl|AP019371.1_prot_BBH68935.1_5620	iSSON_1240.SSON_1144	46.9	356	179	4	23	375	16	364	7.76e-90	275
lcl|AP019371.1_prot_BBH68935.1_5620	iSDY_1059.SDY_0740	44.8	355	189	4	23	375	18	367	4.78e-88	270
lcl|AP019371.1_prot_BBH68935.1_5620	iML1515.b0855	44.8	355	189	4	23	375	18	367	6.75e-88	270
lcl|AP019371.1_prot_BBH68935.1_5620	iSF_1195.SF0809	44.8	355	189	4	23	375	45	394	1.51e-87	270
lcl|AP019371.1_prot_BBH68935.1_5620	iYL1228.KPN_01132	46.0	361	183	6	19	375	12	364	9.83e-88	270
lcl|AP019371.1_prot_BBH68935.1_5620	iSbBS512_1146.SbBS512_E2476	44.8	355	189	4	23	375	18	367	9.54e-88	270
lcl|AP019371.1_prot_BBH68936.1_5621	iYS854.USA300HOU_RS05500	27.3	330	212	9	68	396	34	336	7.50e-29	115
lcl|AP019371.1_prot_BBH68936.1_5621	iCN900.CD630_10270	28.9	311	194	8	87	396	48	332	6.22e-28	112
lcl|AP019371.1_prot_BBH68936.1_5621	iML1515.b1123	29.2	288	191	8	68	354	26	301	6.95e-26	107
lcl|AP019371.1_prot_BBH68936.1_5621	iSDY_1059.SDY_2029	29.2	288	191	8	68	354	26	301	6.95e-26	107
lcl|AP019371.1_prot_BBH68936.1_5621	iSF_1195.SF1125	29.2	288	191	8	68	354	26	301	6.95e-26	107
lcl|AP019371.1_prot_BBH68936.1_5621	iYL1228.KPN_01129	28.8	306	201	9	73	377	31	320	1.79e-25	105
lcl|AP019371.1_prot_BBH68936.1_5621	iSSON_1240.SSON_1141	28.8	288	192	8	68	354	26	301	2.45e-25	105
lcl|AP019371.1_prot_BBH68936.1_5621	STM_v1_0.STM1222	28.8	288	192	8	68	354	26	301	6.28e-25	104
lcl|AP019371.1_prot_BBH68937.1_5622	iCN900.CD630_10250	35.7	258	160	4	13	269	7	259	1.06e-40	142
lcl|AP019371.1_prot_BBH68937.1_5622	iJN1463.PP_5178	31.7	278	170	4	19	279	27	301	3.15e-39	139
lcl|AP019371.1_prot_BBH68937.1_5622	iYL1228.KPN_01131	33.1	257	171	1	20	275	18	274	2.69e-39	138
lcl|AP019371.1_prot_BBH68937.1_5622	iML1515.b1125	33.5	257	170	1	20	275	8	264	2.96e-39	138
lcl|AP019371.1_prot_BBH68937.1_5622	iSDY_1059.SDY_2027	33.5	257	170	1	20	275	8	264	2.96e-39	138
lcl|AP019371.1_prot_BBH68937.1_5622	iSF_1195.SF1127	33.5	257	170	1	20	275	8	264	2.96e-39	138
lcl|AP019371.1_prot_BBH68937.1_5622	iSSON_1240.SSON_1143	33.5	257	170	1	20	275	8	264	2.96e-39	138
lcl|AP019371.1_prot_BBH68937.1_5622	iSbBS512_1146.SbBS512_E1303	33.5	257	170	1	20	275	18	274	5.57e-39	137
lcl|AP019371.1_prot_BBH68937.1_5622	STM_v1_0.STM1225	33.5	257	170	1	20	275	18	274	1.54e-38	136
lcl|AP019371.1_prot_BBH68937.1_5622	iHN637.CLJU_RS10675	30.4	253	175	1	16	267	19	271	8.79e-38	134
lcl|AP019371.1_prot_BBH68937.1_5622	iYL1228.KPN_00887	32.8	265	164	3	19	269	38	302	1.66e-37	134
lcl|AP019371.1_prot_BBH68937.1_5622	STM_v1_0.STM0879	32.5	265	165	3	19	269	38	302	6.38e-37	133
lcl|AP019371.1_prot_BBH68937.1_5622	iPC815.YPO1333	35.0	263	156	4	19	267	42	303	6.96e-37	133
lcl|AP019371.1_prot_BBH68937.1_5622	iSDY_1059.SDY_0739	32.1	265	166	3	19	269	38	302	1.25e-36	132
lcl|AP019371.1_prot_BBH68937.1_5622	iML1515.b0856	32.1	265	166	3	19	269	38	302	3.43e-36	131
lcl|AP019371.1_prot_BBH68937.1_5622	iSF_1195.SF0810	32.1	265	166	3	19	269	38	302	3.43e-36	131
lcl|AP019371.1_prot_BBH68937.1_5622	iSSON_1240.SSON_0841	32.1	265	166	3	19	269	38	302	4.80e-36	130
lcl|AP019371.1_prot_BBH68937.1_5622	iSbBS512_1146.SbBS512_E2475	31.7	265	167	3	19	269	38	302	9.41e-36	130
lcl|AP019371.1_prot_BBH68938.1_5623	iML1515.b1124	37.8	241	147	2	35	274	17	255	3.63e-46	155
lcl|AP019371.1_prot_BBH68938.1_5623	iSbBS512_1146.SbBS512_E2201	37.8	241	147	2	35	274	17	255	3.63e-46	155
lcl|AP019371.1_prot_BBH68938.1_5623	iSF_1195.SF1126	37.8	241	147	2	35	274	17	255	3.63e-46	155
lcl|AP019371.1_prot_BBH68938.1_5623	iSSON_1240.SSON_1142	37.8	241	147	2	35	274	17	255	3.63e-46	155
lcl|AP019371.1_prot_BBH68938.1_5623	iML1515.b0857	36.9	249	146	5	36	275	23	269	8.04e-46	155
lcl|AP019371.1_prot_BBH68938.1_5623	iYL1228.KPN_00888	36.9	249	146	5	36	275	23	269	8.04e-46	155
lcl|AP019371.1_prot_BBH68938.1_5623	iSbBS512_1146.SbBS512_E2474	36.9	249	146	5	36	275	23	269	8.04e-46	155
lcl|AP019371.1_prot_BBH68938.1_5623	iSDY_1059.SDY_2028	37.8	241	147	2	35	274	17	255	5.12e-46	155
lcl|AP019371.1_prot_BBH68938.1_5623	iSDY_1059.SDY_0738	36.9	249	146	5	36	275	23	269	8.04e-46	155
lcl|AP019371.1_prot_BBH68938.1_5623	STM_v1_0.STM1223	37.3	241	148	2	35	274	17	255	1.25e-45	154
lcl|AP019371.1_prot_BBH68938.1_5623	STM_v1_0.STM0880	36.5	249	147	5	36	275	23	269	4.45e-45	153
lcl|AP019371.1_prot_BBH68938.1_5623	iSSON_1240.SSON_0842	36.9	249	146	5	36	275	23	269	4.45e-45	153
lcl|AP019371.1_prot_BBH68938.1_5623	iSF_1195.SF0811	36.5	249	147	5	36	275	23	269	8.83e-45	152
lcl|AP019371.1_prot_BBH68938.1_5623	iPC815.YPO1334	36.5	249	147	5	36	275	23	269	6.87e-44	150
lcl|AP019371.1_prot_BBH68938.1_5623	iYL1228.KPN_01130	36.1	241	151	2	35	274	17	255	8.07e-44	149
lcl|AP019371.1_prot_BBH68938.1_5623	iHN637.CLJU_RS10670	37.6	221	135	2	44	263	29	247	2.54e-42	145
lcl|AP019371.1_prot_BBH68938.1_5623	iLJ478.TM1378	36.4	228	140	3	38	263	20	244	3.34e-41	142
lcl|AP019371.1_prot_BBH68939.1_5624	iJN1463.PP_5182	41.3	419	235	7	36	452	36	445	2.30e-102	312
lcl|AP019371.1_prot_BBH68939.1_5624	iJN1463.PP_2180	39.2	454	264	8	1	452	1	444	4.98e-101	309
lcl|AP019371.1_prot_BBH68939.1_5624	iJN1463.PP_4421	37.6	444	265	6	9	444	7	446	2.01e-90	282
lcl|AP019371.1_prot_BBH68941.1_5626	iAF987.Gmet_0069	29.2	120	82	2	4	120	5	124	8.08e-10	55.1
lcl|AP019371.1_prot_BBH68941.1_5626	iAF987.Gmet_2999	28.3	120	85	1	2	120	8	127	5.58e-09	52.8
lcl|AP019371.1_prot_BBH68942.1_5627	iAF987.Gmet_0043	28.7	251	160	7	468	702	21	268	5.48e-15	78.2
lcl|AP019371.1_prot_BBH68943.1_5628	iJN1463.PP_2448	30.9	392	236	14	5	376	9	385	1.83e-33	129
lcl|AP019371.1_prot_BBH68943.1_5628	iJN1463.PP_4020	31.8	380	225	10	17	376	24	389	1.89e-33	129
lcl|AP019371.1_prot_BBH68943.1_5628	iYL1228.KPN_01017	28.0	389	252	11	5	376	7	384	6.02e-32	125
lcl|AP019371.1_prot_BBH68943.1_5628	iML1515.b1301	30.0	367	229	11	27	376	29	384	1.04e-30	122
lcl|AP019371.1_prot_BBH68943.1_5628	iSSON_1240.SSON_1839	30.0	367	229	11	27	376	29	384	1.04e-30	122
lcl|AP019371.1_prot_BBH68943.1_5628	iSDY_1059.SDY_1943	29.7	367	230	11	27	376	29	384	1.43e-30	121
lcl|AP019371.1_prot_BBH68943.1_5628	iSF_1195.SF1306	29.7	367	230	11	27	376	29	384	1.43e-30	121
lcl|AP019371.1_prot_BBH68943.1_5628	iSbBS512_1146.SbBS512_E1537	29.7	367	230	11	27	376	29	384	2.69e-30	120
lcl|AP019371.1_prot_BBH68943.1_5628	iJN1463.PP_4548	28.7	418	244	13	3	389	13	407	1.06e-29	119
lcl|AP019371.1_prot_BBH68943.1_5628	iJN1463.PP_3146	30.5	384	221	12	18	374	23	387	1.90e-29	118
lcl|AP019371.1_prot_BBH68943.1_5628	iJN1463.PP_5273	30.2	398	244	11	3	379	8	392	3.51e-29	117
lcl|AP019371.1_prot_BBH68945.1_5630	iEK1008.Rv2589	63.8	425	145	2	7	422	22	446	7.05e-180	508
lcl|AP019371.1_prot_BBH68946.1_5631	iYL1228.KPN_01924	49.0	469	236	2	8	473	9	477	3.24e-158	457
lcl|AP019371.1_prot_BBH68946.1_5631	iSSON_1240.SSON_1693	48.9	466	234	3	11	473	7	471	2.37e-156	452
lcl|AP019371.1_prot_BBH68946.1_5631	STM_v1_0.STM1597	48.6	457	232	2	20	473	22	478	8.53e-156	451
lcl|AP019371.1_prot_BBH68946.1_5631	iSF_1195.SF1774	48.7	466	235	3	11	473	7	471	1.92e-155	449
lcl|AP019371.1_prot_BBH68946.1_5631	iML1515.b1444	48.5	466	236	3	11	473	7	471	3.85e-155	449
lcl|AP019371.1_prot_BBH68946.1_5631	iJN1463.PP_1481	48.7	466	235	3	11	473	7	471	8.84e-154	445
lcl|AP019371.1_prot_BBH68946.1_5631	iSDY_1059.SDY_1730	48.3	466	237	3	11	473	7	471	1.43e-152	442
lcl|AP019371.1_prot_BBH68946.1_5631	iJN1463.PP_2801	48.5	462	235	2	15	473	10	471	3.29e-151	439
lcl|AP019371.1_prot_BBH68947.1_5632	iAF987.Gmet_1991	23.8	164	117	4	4	160	3	165	3.67e-07	52.0
lcl|AP019371.1_prot_BBH68947.1_5632	iAF987.Gmet_1298	29.2	168	111	5	11	174	19	182	1.28e-06	49.7
lcl|AP019371.1_prot_BBH68948.1_5633	iLJ478.TM0076	45.3	729	359	11	47	746	56	773	5.76e-189	556
lcl|AP019371.1_prot_BBH68949.1_5634	STM_v1_0.STM3557	23.9	259	168	14	42	285	29	273	9.07e-05	44.3
lcl|AP019371.1_prot_BBH68950.1_5635	iEK1008.Rv2316	32.8	259	167	4	30	285	18	272	6.70e-35	127
lcl|AP019371.1_prot_BBH68950.1_5635	iYO844.BSU30280	29.6	267	186	2	20	284	17	283	2.44e-34	126
lcl|AP019371.1_prot_BBH68950.1_5635	iCN900.CD630_25490	30.4	276	187	3	30	301	29	303	3.97e-30	115
lcl|AP019371.1_prot_BBH68951.1_5636	iEK1008.Rv1237	31.5	257	169	4	41	294	21	273	4.15e-30	114
lcl|AP019371.1_prot_BBH68951.1_5636	iYO844.BSU28730	29.1	261	171	6	38	291	24	277	1.31e-29	113
lcl|AP019371.1_prot_BBH68951.1_5636	iEK1008.Rv2039c	30.4	276	176	6	21	288	6	273	1.79e-29	112
lcl|AP019371.1_prot_BBH68951.1_5636	iYS854.USA300HOU_RS01105	28.1	263	177	5	38	294	22	278	6.94e-26	103
lcl|AP019371.1_prot_BBH68952.1_5637	iYL1228.KPN_04156	25.4	279	185	8	65	331	29	296	6.68e-11	62.0
lcl|AP019371.1_prot_BBH68952.1_5637	iML1515.b3751	23.0	274	198	6	65	331	29	296	3.09e-09	57.0
lcl|AP019371.1_prot_BBH68952.1_5637	STM_v1_0.STM3884	22.6	274	199	6	65	331	29	296	4.14e-09	56.6
lcl|AP019371.1_prot_BBH68953.1_5638	iAF692.Mbar_A0420	26.8	239	144	8	12	229	5	233	7.75e-14	70.5
lcl|AP019371.1_prot_BBH68954.1_5639	iAF987.Gmet_0880	26.4	330	224	7	2	322	5	324	2.53e-22	97.1
lcl|AP019371.1_prot_BBH68955.1_5640	iEK1008.Rv3703c	33.1	245	126	10	38	270	175	393	2.16e-19	87.4
lcl|AP019371.1_prot_BBH68959.1_5644	iJN1463.PP_0115	55.2	631	264	8	23	635	31	660	8.85e-232	661
lcl|AP019371.1_prot_BBH68959.1_5644	iYO844.BSU39050	52.8	661	301	8	32	683	26	684	1.23e-230	657
lcl|AP019371.1_prot_BBH68959.1_5644	iML1515.b1732	51.3	673	301	12	35	685	79	746	4.77e-221	635
lcl|AP019371.1_prot_BBH68959.1_5644	iCN718.ABAYE_RS11495	51.4	667	306	10	32	683	40	703	1.73e-221	635
lcl|AP019371.1_prot_BBH68959.1_5644	iSSON_1240.SSON_1426	51.1	673	302	12	35	685	79	746	9.55e-221	635
lcl|AP019371.1_prot_BBH68959.1_5644	iSF_1195.SF1496	50.8	673	304	12	35	685	79	746	3.84e-220	633
lcl|AP019371.1_prot_BBH68959.1_5644	iYL1228.KPN_01236	50.9	672	303	9	36	685	79	745	1.20e-218	629
lcl|AP019371.1_prot_BBH68959.1_5644	STM_v1_0.STM1318	50.7	670	307	11	35	684	76	742	1.81e-217	626
lcl|AP019371.1_prot_BBH68961.1_5646	iAF692.Mbar_A0254	29.4	163	103	4	24	184	24	176	8.95e-09	55.8
lcl|AP019371.1_prot_BBH68961.1_5646	iEK1008.Rv2951c	34.2	114	70	3	66	179	101	209	1.41e-07	52.4
lcl|AP019371.1_prot_BBH68963.1_5648	iLJ478.TM0514	33.0	94	60	2	24	117	260	350	2.91e-04	39.7
lcl|AP019371.1_prot_BBH68963.1_5648	iYS854.USA300HOU_RS06365	28.6	77	54	1	24	100	260	335	7.19e-04	38.5
lcl|AP019371.1_prot_BBH68968.1_5653	iJN1463.PP_4670	43.1	167	87	3	179	338	237	402	5.50e-26	107
lcl|AP019371.1_prot_BBH68968.1_5653	iAF987.Gmet_3085	38.5	161	89	4	186	338	456	614	1.41e-22	98.6
lcl|AP019371.1_prot_BBH68969.1_5654	iEK1008.Rv1143	58.1	356	146	3	7	359	3	358	6.72e-140	401
lcl|AP019371.1_prot_BBH68970.1_5655	iCN718.ABAYE_RS06455	51.2	365	173	3	26	388	16	377	5.73e-121	355
lcl|AP019371.1_prot_BBH68970.1_5655	iEK1008.Rv2724c	50.4	375	182	3	15	388	13	384	8.83e-119	349
lcl|AP019371.1_prot_BBH68970.1_5655	iCN718.ABAYE_RS02695	47.5	373	192	3	17	388	21	390	7.49e-116	342
lcl|AP019371.1_prot_BBH68970.1_5655	iCN718.ABAYE_RS13170	49.3	365	180	3	26	388	15	376	5.97e-115	339
lcl|AP019371.1_prot_BBH68970.1_5655	iCHOv1.100759026	48.7	372	186	3	17	386	43	411	3.28e-113	336
lcl|AP019371.1_prot_BBH68973.1_5658	iYL1228.KPN_00863	29.1	477	279	14	42	497	33	471	2.26e-37	144
lcl|AP019371.1_prot_BBH68973.1_5658	iJN1463.PP_3342	30.0	510	306	20	13	507	15	488	1.23e-36	142
lcl|AP019371.1_prot_BBH68973.1_5658	iML1515.b0830	28.4	468	294	12	42	497	33	471	5.01e-36	140
lcl|AP019371.1_prot_BBH68973.1_5658	iSDY_1059.SDY_0757	28.2	468	295	12	42	497	33	471	6.83e-36	140
lcl|AP019371.1_prot_BBH68973.1_5658	iSF_1195.SF0780	28.2	468	295	12	42	497	33	471	9.31e-36	139
lcl|AP019371.1_prot_BBH68973.1_5658	iSSON_1240.SSON_0812	28.2	468	295	12	42	497	33	471	9.31e-36	139
lcl|AP019371.1_prot_BBH68973.1_5658	iSbBS512_1146.SbBS512_E2518	28.2	468	295	12	42	497	33	471	1.27e-35	139
lcl|AP019371.1_prot_BBH68973.1_5658	STM_v1_0.STM0849	31.5	343	200	9	42	375	33	349	2.78e-34	135
lcl|AP019371.1_prot_BBH68973.1_5658	iAF692.Mbar_A0473	26.8	545	347	18	6	528	10	524	2.61e-32	130
lcl|AP019371.1_prot_BBH68974.1_5659	iML1515.b0831	34.5	275	176	2	27	298	31	304	4.86e-47	159
lcl|AP019371.1_prot_BBH68974.1_5659	STM_v1_0.STM0850	32.9	301	198	2	1	298	5	304	4.86e-47	159
lcl|AP019371.1_prot_BBH68974.1_5659	iSDY_1059.SDY_0756	34.5	275	176	2	27	298	31	304	4.86e-47	159
lcl|AP019371.1_prot_BBH68974.1_5659	iYL1228.KPN_00864	34.9	275	175	2	27	298	31	304	6.83e-47	159
lcl|AP019371.1_prot_BBH68974.1_5659	iSF_1195.SF0781	34.5	275	176	2	27	298	31	304	9.61e-47	159
lcl|AP019371.1_prot_BBH68974.1_5659	iSSON_1240.SSON_0813	34.5	275	176	2	27	298	31	304	1.35e-46	158
lcl|AP019371.1_prot_BBH68974.1_5659	iSbBS512_1146.SbBS512_E2517	34.2	275	177	2	27	298	31	304	7.43e-46	156
lcl|AP019371.1_prot_BBH68974.1_5659	iAF692.Mbar_A0469	34.5	255	164	1	47	298	53	307	2.15e-41	145
lcl|AP019371.1_prot_BBH68975.1_5660	iML1515.b1485	36.9	260	164	0	22	281	34	293	5.90e-48	161
lcl|AP019371.1_prot_BBH68975.1_5660	iSSON_1240.SSON_1639	36.9	260	164	0	22	281	34	293	5.90e-48	161
lcl|AP019371.1_prot_BBH68975.1_5660	iSbBS512_1146.SbBS512_E2516	37.0	265	160	2	14	274	33	294	2.64e-47	159
lcl|AP019371.1_prot_BBH68975.1_5660	iSSON_1240.SSON_0814	37.0	265	160	2	14	274	33	294	2.64e-47	159
lcl|AP019371.1_prot_BBH68975.1_5660	iML1515.b0832	37.0	265	160	2	14	274	33	294	3.72e-47	159
lcl|AP019371.1_prot_BBH68975.1_5660	iJN1463.PP_0880	42.4	210	121	0	65	274	88	297	5.94e-47	159
lcl|AP019371.1_prot_BBH68975.1_5660	STM_v1_0.STM0851	36.6	265	161	2	14	274	33	294	5.23e-47	159
lcl|AP019371.1_prot_BBH68975.1_5660	iSF_1195.SF0782	37.0	265	160	2	14	274	33	294	5.23e-47	159
lcl|AP019371.1_prot_BBH68975.1_5660	iSDY_1059.SDY_0755	37.0	265	160	2	14	274	33	294	1.46e-46	157
lcl|AP019371.1_prot_BBH68975.1_5660	iSbBS512_1146.SbBS512_E1748	37.7	260	158	2	22	281	34	289	2.30e-46	157
lcl|AP019371.1_prot_BBH68975.1_5660	iYL1228.KPN_00865	36.6	265	161	4	14	274	19	280	4.00e-46	156
lcl|AP019371.1_prot_BBH68976.1_5661	iJN1463.PP_4150	42.5	525	276	9	1	502	6	527	4.85e-113	344
lcl|AP019371.1_prot_BBH68976.1_5661	STM_v1_0.STM0848	41.0	559	273	11	1	504	12	568	2.64e-110	340
lcl|AP019371.1_prot_BBH68976.1_5661	iML1515.b2180	41.0	525	284	7	1	501	5	527	4.11e-110	337
lcl|AP019371.1_prot_BBH68976.1_5661	iYL1228.KPN_00862	40.0	543	263	9	18	504	30	565	2.24e-107	332
lcl|AP019371.1_prot_BBH68976.1_5661	iSDY_1059.SDY_0758	39.1	560	288	8	1	507	1	560	2.88e-106	329
lcl|AP019371.1_prot_BBH68976.1_5661	iEK1008.Rv1281c	37.7	604	275	10	1	505	4	605	4.06e-106	329
lcl|AP019371.1_prot_BBH68976.1_5661	iSSON_1240.SSON_0811	38.9	560	289	8	1	507	1	560	4.06e-106	329
lcl|AP019371.1_prot_BBH68976.1_5661	iML1515.b0829	38.8	560	290	8	1	507	12	571	2.14e-105	327
lcl|AP019371.1_prot_BBH68976.1_5661	iSbBS512_1146.SbBS512_E2519	38.8	560	290	8	1	507	12	571	2.14e-105	327
lcl|AP019371.1_prot_BBH68976.1_5661	iSF_1195.SF0779	38.8	560	290	8	1	507	1	560	1.92e-103	322
lcl|AP019371.1_prot_BBH68976.1_5661	iYS854.USA300HOU_RS01050	37.1	523	308	7	1	503	4	525	6.88e-102	315
lcl|AP019371.1_prot_BBH68978.1_5663	iJN1463.PP_3219	28.9	232	157	6	41	269	19	245	1.65e-17	83.2
lcl|AP019371.1_prot_BBH68978.1_5663	iJN1463.PP_2765	28.2	266	172	8	1	263	1	250	3.94e-17	82.0
lcl|AP019371.1_prot_BBH68979.1_5664	iAF692.Mbar_A0420	29.0	210	126	9	24	221	17	215	4.87e-10	59.7
lcl|AP019371.1_prot_BBH68979.1_5664	iEK1008.Rv0407	25.1	350	210	16	14	334	9	335	4.74e-10	59.7
lcl|AP019371.1_prot_BBH68984.1_5669	iJN1463.PP_0227	31.1	235	145	8	73	304	37	257	4.65e-22	93.2
lcl|AP019371.1_prot_BBH68984.1_5669	iML1515.b1920	30.7	238	149	6	68	304	37	259	1.27e-21	92.0
lcl|AP019371.1_prot_BBH68984.1_5669	STM_v1_0.STM1954	30.7	238	149	6	68	304	37	259	2.28e-20	88.6
lcl|AP019371.1_prot_BBH68985.1_5670	iYO844.BSU27430	51.6	250	111	1	6	255	1	240	2.07e-86	256
lcl|AP019371.1_prot_BBH68985.1_5670	iML1515.b1917	53.8	251	110	2	7	256	4	249	3.81e-86	256
lcl|AP019371.1_prot_BBH68985.1_5670	iNF517.LLMG_RS09915	53.2	250	107	1	6	255	5	244	4.44e-86	256
lcl|AP019371.1_prot_BBH68985.1_5670	iCN900.CD630_07520	53.6	250	106	3	6	255	1	240	9.01e-85	252
lcl|AP019371.1_prot_BBH68985.1_5670	iJN1463.PP_0225	54.0	250	111	1	6	255	1	246	1.89e-84	252
lcl|AP019371.1_prot_BBH68985.1_5670	iYO844.BSU03590	52.8	250	112	1	6	255	1	244	1.31e-83	249
lcl|AP019371.1_prot_BBH68985.1_5670	iJN1463.PP_0283	52.0	250	119	1	4	252	5	254	3.63e-83	249
lcl|AP019371.1_prot_BBH68985.1_5670	iYO844.BSU29340	50.2	249	117	1	6	254	1	242	4.14e-80	241
lcl|AP019371.1_prot_BBH68985.1_5670	iYS854.USA300HOU_RS09925	50.2	253	112	2	5	255	2	242	3.39e-80	241
lcl|AP019371.1_prot_BBH68985.1_5670	iNF517.LLMG_RS09720	50.6	255	116	1	1	255	1	245	8.01e-80	240
lcl|AP019371.1_prot_BBH68985.1_5670	iJN1463.PP_3597	48.4	250	119	1	6	255	20	259	3.46e-79	239
lcl|AP019371.1_prot_BBH68985.1_5670	iSynCJ816.SGL_RS08035	50.4	252	118	2	3	254	5	249	1.08e-78	237
lcl|AP019371.1_prot_BBH68985.1_5670	iCN718.ABAYE_RS06340	50.6	247	118	3	9	252	9	254	1.86e-78	237
lcl|AP019371.1_prot_BBH68985.1_5670	iML1515.b0652	50.0	250	115	1	6	255	1	240	2.16e-78	236
lcl|AP019371.1_prot_BBH68985.1_5670	iSSON_1240.SSON_0606	50.0	250	115	1	6	255	1	240	2.16e-78	236
lcl|AP019371.1_prot_BBH68985.1_5670	iPC815.YPO2612	51.2	250	112	2	6	255	2	241	2.23e-78	236
lcl|AP019371.1_prot_BBH68985.1_5670	iJN1463.PP_4483	49.4	247	124	1	7	252	4	250	1.32e-77	234
lcl|AP019371.1_prot_BBH68985.1_5670	iYO844.BSU23960	48.4	250	119	1	6	255	1	240	1.69e-77	234
lcl|AP019371.1_prot_BBH68985.1_5670	STM_v1_0.STM2351	50.6	247	120	2	7	251	7	253	6.05e-77	233
lcl|AP019371.1_prot_BBH68985.1_5670	iSF_1195.SF0629	49.6	250	116	1	6	255	1	240	3.51e-77	233
lcl|AP019371.1_prot_BBH68985.1_5670	iYL1228.KPN_00678	48.8	250	118	1	6	255	1	240	1.42e-76	231
lcl|AP019371.1_prot_BBH68985.1_5670	iML1515.b2306	49.8	247	122	2	7	251	6	252	3.35e-76	231
lcl|AP019371.1_prot_BBH68985.1_5670	iJN1463.PP_4425	51.0	251	121	2	6	254	1	251	3.14e-76	231
lcl|AP019371.1_prot_BBH68985.1_5670	iSbBS512_1146.SbBS512_E2684	49.8	247	122	2	7	251	6	252	3.35e-76	231
lcl|AP019371.1_prot_BBH68985.1_5670	iSF_1195.SF2382	49.8	247	122	2	7	251	6	252	3.35e-76	231
lcl|AP019371.1_prot_BBH68985.1_5670	iSSON_1240.SSON_2364	49.8	247	122	2	7	251	6	252	3.35e-76	231
lcl|AP019371.1_prot_BBH68985.1_5670	iPC815.YPO2777	50.0	248	122	2	7	252	14	261	4.31e-76	231
lcl|AP019371.1_prot_BBH68986.1_5671	iML1515.b1918	35.4	212	120	2	79	290	22	216	2.84e-27	105
lcl|AP019371.1_prot_BBH68986.1_5671	iSF_1195.SF0628	33.6	232	137	5	58	286	4	221	2.98e-27	105
lcl|AP019371.1_prot_BBH68986.1_5671	iPC815.YPO2613	34.3	233	134	6	58	286	4	221	5.79e-27	105
lcl|AP019371.1_prot_BBH68986.1_5671	iML1515.b0653	33.2	232	138	5	58	286	4	221	8.08e-27	104
lcl|AP019371.1_prot_BBH68986.1_5671	iSSON_1240.SSON_0607	33.2	232	138	5	58	286	4	221	8.08e-27	104
lcl|AP019371.1_prot_BBH68986.1_5671	iJN1463.PP_0226	35.4	212	117	3	79	290	23	214	5.67e-26	102
lcl|AP019371.1_prot_BBH68986.1_5671	STM_v1_0.STM0663	33.9	233	135	6	58	286	4	221	8.27e-26	102
lcl|AP019371.1_prot_BBH68986.1_5671	iCN900.CD630_07510	32.9	219	131	3	71	286	14	219	1.20e-24	99.0
lcl|AP019371.1_prot_BBH68986.1_5671	iSynCJ816.SGL_RS07090	30.8	221	140	2	68	287	306	514	5.38e-23	98.6
lcl|AP019371.1_prot_BBH68986.1_5671	iYL1228.KPN_00679	32.6	233	138	6	58	286	4	221	6.09e-24	97.1
lcl|AP019371.1_prot_BBH68986.1_5671	iYS854.USA300HOU_RS13045	30.0	230	144	3	65	291	21	236	8.37e-24	97.1
lcl|AP019371.1_prot_BBH68987.1_5672	iYL1228.KPN_00313	39.1	238	141	1	46	283	39	272	6.52e-52	171
lcl|AP019371.1_prot_BBH68987.1_5672	iSF_1195.SF0251	38.2	238	143	1	46	283	39	272	1.44e-50	167
lcl|AP019371.1_prot_BBH68987.1_5672	iSSON_1240.SSON_0345	38.2	238	143	1	46	283	39	272	1.44e-50	167
lcl|AP019371.1_prot_BBH68987.1_5672	iSbBS512_1146.SbBS512_E0280	37.8	238	144	1	46	283	39	272	2.25e-49	164
lcl|AP019371.1_prot_BBH68987.1_5672	iML1515.b0367	36.2	257	159	2	28	283	20	272	3.17e-49	164
lcl|AP019371.1_prot_BBH68987.1_5672	iJN1463.PP_0231	37.2	269	152	3	24	284	18	277	7.03e-49	163
lcl|AP019371.1_prot_BBH68987.1_5672	iCN718.ABAYE_RS11220	36.2	257	158	2	30	285	37	288	2.83e-47	159
lcl|AP019371.1_prot_BBH68988.1_5673	iCN718.ABAYE_RS11230	35.8	296	174	5	32	321	38	323	2.02e-45	157
lcl|AP019371.1_prot_BBH68988.1_5673	iJN1463.PP_0233	39.4	310	168	9	36	339	27	322	3.70e-45	156
lcl|AP019371.1_prot_BBH68988.1_5673	iYL1228.KPN_00311	36.4	294	169	6	35	322	24	305	2.62e-44	154
lcl|AP019371.1_prot_BBH68988.1_5673	iSSON_1240.SSON_0343	36.9	295	168	6	35	323	43	325	4.11e-44	154
lcl|AP019371.1_prot_BBH68988.1_5673	iSbBS512_1146.SbBS512_E0278	36.9	295	168	6	35	323	24	306	5.15e-44	153
lcl|AP019371.1_prot_BBH68988.1_5673	iML1515.b0365	36.6	295	169	6	35	323	24	306	1.42e-43	152
lcl|AP019371.1_prot_BBH68988.1_5673	iSF_1195.SF0253	36.9	295	168	6	35	323	2	284	8.25e-44	152
lcl|AP019371.1_prot_BBH68988.1_5673	iSDY_1059.SDY_0505	36.3	295	170	6	35	323	24	306	3.90e-43	151
lcl|AP019371.1_prot_BBH68989.1_5674	iYL1228.KPN_00312	44.3	237	126	3	10	240	4	240	1.79e-61	193
lcl|AP019371.1_prot_BBH68989.1_5674	iML1515.b0366	44.0	232	122	4	16	240	10	240	2.30e-59	188
lcl|AP019371.1_prot_BBH68989.1_5674	iSF_1195.SF0252	44.0	232	122	4	16	240	10	240	2.30e-59	188
lcl|AP019371.1_prot_BBH68989.1_5674	iSSON_1240.SSON_0344	44.0	232	122	4	16	240	10	240	2.30e-59	188
lcl|AP019371.1_prot_BBH68989.1_5674	iSbBS512_1146.SbBS512_E0279	44.0	232	122	4	16	240	10	240	3.25e-59	187
lcl|AP019371.1_prot_BBH68989.1_5674	iAF987.Gmet_1899	46.9	228	113	3	19	243	23	245	6.78e-58	184
lcl|AP019371.1_prot_BBH68989.1_5674	iSDY_1059.SDY_0504	43.5	232	123	4	16	240	10	240	7.36e-58	184
lcl|AP019371.1_prot_BBH68989.1_5674	iSynCJ816.SGL_RS06580	41.5	246	127	6	8	240	19	260	3.47e-53	174
lcl|AP019371.1_prot_BBH68994.1_5679	iEK1008.Rv2471	48.9	544	241	11	18	554	31	544	2.89e-178	513
lcl|AP019371.1_prot_BBH68997.1_5682	iMM1415.211389	36.1	341	184	12	78	395	207	536	3.39e-51	179
lcl|AP019371.1_prot_BBH68997.1_5682	iCHOv1.100768542	36.8	340	181	13	79	395	207	535	3.34e-50	177
lcl|AP019371.1_prot_BBH68997.1_5682	iAT_PLT_636.6821	37.9	340	177	14	79	395	214	542	7.23e-50	176
lcl|AP019371.1_prot_BBH68998.1_5683	iYL1228.KPN_00971	53.7	356	150	3	7	356	3	349	5.18e-122	357
lcl|AP019371.1_prot_BBH68998.1_5683	iJN1463.PP_0238	53.9	356	149	3	7	356	3	349	7.59e-122	357
lcl|AP019371.1_prot_BBH68998.1_5683	iYO844.BSU08860	52.2	356	155	3	7	356	1	347	4.65e-119	350
lcl|AP019371.1_prot_BBH68998.1_5683	iSF_1195.SF0934	52.2	356	155	3	7	356	3	349	1.26e-117	346
lcl|AP019371.1_prot_BBH68998.1_5683	iML1515.b0935	52.0	356	156	3	7	356	3	349	8.19e-116	342
lcl|AP019371.1_prot_BBH68998.1_5683	iPC815.YPO3625	50.6	356	161	3	7	356	3	349	1.26e-112	333
lcl|AP019371.1_prot_BBH68999.1_5684	iEK1008.Rv3823c	43.3	194	98	4	459	647	848	1034	2.22e-30	127
lcl|AP019371.1_prot_BBH69001.1_5686	iAF987.Gmet_2349	34.7	536	344	4	56	589	34	565	2.73e-84	273
lcl|AP019371.1_prot_BBH69001.1_5686	iYL1228.KPN_00941	35.4	539	329	8	60	589	47	575	9.84e-84	272
lcl|AP019371.1_prot_BBH69001.1_5686	STM_v1_0.STM0984	34.7	539	333	8	60	589	47	575	5.89e-81	265
lcl|AP019371.1_prot_BBH69001.1_5686	iPC815.YPO1395	35.4	542	329	10	60	591	47	577	4.43e-80	263
lcl|AP019371.1_prot_BBH69001.1_5686	iML1515.b0914	34.1	536	340	6	60	589	47	575	8.66e-80	262
lcl|AP019371.1_prot_BBH69001.1_5686	iSbBS512_1146.SbBS512_E2410	34.1	536	340	6	60	589	47	575	8.66e-80	262
lcl|AP019371.1_prot_BBH69001.1_5686	iSDY_1059.SDY_2344	34.1	536	340	6	60	589	47	575	8.66e-80	262
lcl|AP019371.1_prot_BBH69001.1_5686	iSF_1195.SF0910	34.1	536	340	6	60	589	47	575	1.21e-79	261
lcl|AP019371.1_prot_BBH69001.1_5686	iSSON_1240.SSON_0916	34.1	536	340	6	60	589	47	575	1.70e-79	261
lcl|AP019371.1_prot_BBH69001.1_5686	iJN1463.PP_3466	31.4	538	363	3	36	570	23	557	1.11e-74	248
lcl|AP019371.1_prot_BBH69005.1_5690	iSynCJ816.SGL_RS08770	28.9	180	107	6	32	202	28	195	1.00e-07	50.1
lcl|AP019371.1_prot_BBH69005.1_5690	iYO844.BSU03860	27.2	195	114	6	19	207	15	187	5.48e-06	45.4
lcl|AP019371.1_prot_BBH69007.1_5692	iYS854.USA300HOU_RS08985	33.6	217	132	3	212	420	150	362	1.64e-26	109
lcl|AP019371.1_prot_BBH69007.1_5692	iYO844.BSU29140	33.0	215	132	4	212	418	149	359	6.03e-24	102
lcl|AP019371.1_prot_BBH69008.1_5693	iEK1008.Rv0889c	66.7	357	117	2	6	360	10	366	5.53e-165	466
lcl|AP019371.1_prot_BBH69010.1_5695	iJN1463.PP_0553	32.8	262	153	8	5	265	117	356	5.99e-30	115
lcl|AP019371.1_prot_BBH69011.1_5696	iCN718.ABAYE_RS13105	40.4	272	154	4	6	271	4	273	3.95e-52	171
lcl|AP019371.1_prot_BBH69011.1_5696	iCN718.ABAYE_RS01085	40.6	266	149	5	6	264	4	267	1.02e-50	167
lcl|AP019371.1_prot_BBH69012.1_5697	iJN1463.PP_2805	47.9	474	237	3	3	468	10	481	1.52e-159	461
lcl|AP019371.1_prot_BBH69012.1_5697	iCN718.ABAYE_RS02690	46.0	467	241	5	1	458	1	465	8.85e-148	431
lcl|AP019371.1_prot_BBH69017.1_5702	iAF987.Gmet_3235	28.7	261	174	7	6	264	257	507	2.88e-12	67.4
lcl|AP019371.1_prot_BBH69018.1_5703	iEK1008.Rv2393	31.3	227	136	6	5	211	48	274	4.78e-18	80.1
lcl|AP019371.1_prot_BBH69019.1_5704	iYO844.BSU03310	46.2	690	355	6	6	685	24	707	3.80e-204	591
lcl|AP019371.1_prot_BBH69020.1_5705	iYO844.BSU03300	46.0	798	413	10	3	794	4	789	8.90e-235	677
lcl|AP019371.1_prot_BBH69020.1_5705	iYS854.USA300HOU_RS12975	43.7	799	421	14	3	790	4	784	1.20e-211	618
lcl|AP019371.1_prot_BBH69021.1_5706	iYO844.BSU03290	31.9	94	63	1	9	101	11	104	2.17e-16	68.2
lcl|AP019371.1_prot_BBH69022.1_5707	iEK1008.Rv0261c	51.7	443	191	5	16	435	5	447	1.12e-141	413
lcl|AP019371.1_prot_BBH69031.1_5716	iAF987.Gmet_1706	34.6	162	84	3	494	633	141	302	8.43e-17	81.6
lcl|AP019371.1_prot_BBH69031.1_5716	iAF987.Gmet_0069	39.9	153	65	5	176	301	144	296	3.27e-16	79.7
lcl|AP019371.1_prot_BBH69031.1_5716	iAF987.Gmet_2425	38.0	166	77	6	169	308	182	347	5.17e-15	76.6
lcl|AP019371.1_prot_BBH69031.1_5716	iAF987.Gmet_0043	36.5	159	72	7	176	305	417	575	1.86e-14	76.3
lcl|AP019371.1_prot_BBH69031.1_5716	iAF987.Gmet_0700	36.7	158	78	3	498	633	390	547	5.64e-14	75.1
lcl|AP019371.1_prot_BBH69031.1_5716	iJN1463.PP_1144	31.6	158	87	2	496	632	283	440	9.31e-14	74.3
lcl|AP019371.1_prot_BBH69031.1_5716	iAF987.Gmet_1917	44.3	97	47	3	169	259	261	356	8.09e-14	73.6
lcl|AP019371.1_prot_BBH69033.1_5718	iJN1463.PP_4210	46.7	225	117	2	1	224	1	223	1.38e-54	184
lcl|AP019371.1_prot_BBH69036.1_5721	iLJ478.TM1169	26.4	246	144	7	1	227	1	228	1.89e-09	55.8
lcl|AP019371.1_prot_BBH69036.1_5721	iYL1228.KPN_01091	28.4	243	142	6	7	227	5	237	2.73e-09	55.5
lcl|AP019371.1_prot_BBH69036.1_5721	iCHOv1.100769825	29.3	188	123	5	1	184	1	182	3.16e-08	52.4
lcl|AP019371.1_prot_BBH69036.1_5721	iML1515.b1093	26.7	243	146	5	7	227	5	237	1.44e-07	50.4
lcl|AP019371.1_prot_BBH69036.1_5721	iSbBS512_1146.SbBS512_E2231	26.7	243	146	5	7	227	5	237	1.44e-07	50.4
lcl|AP019371.1_prot_BBH69036.1_5721	iSDY_1059.SDY_2057	26.7	243	146	5	7	227	5	237	1.44e-07	50.4
lcl|AP019371.1_prot_BBH69036.1_5721	iSF_1195.SF1097	26.7	243	146	5	7	227	5	237	1.44e-07	50.4
lcl|AP019371.1_prot_BBH69036.1_5721	iSSON_1240.SSON_1113	26.7	243	146	5	7	227	5	237	1.44e-07	50.4
lcl|AP019371.1_prot_BBH69038.1_5723	iMM1415.235033	31.5	279	171	8	5	263	6	284	5.51e-28	108
lcl|AP019371.1_prot_BBH69038.1_5723	iCHOv1.100773401	30.8	279	173	8	5	263	6	284	3.67e-27	106
lcl|AP019371.1_prot_BBH69038.1_5723	iML1515.b0493	30.1	269	161	6	3	260	14	266	4.66e-25	100
lcl|AP019371.1_prot_BBH69045.1_5730	iYL1228.KPN_02546	31.5	213	134	7	1	207	1	207	2.77e-22	92.0
lcl|AP019371.1_prot_BBH69045.1_5730	iJN1463.PP_4862	29.4	204	134	4	11	206	7	208	2.46e-20	87.0
lcl|AP019371.1_prot_BBH69045.1_5730	iCN718.ABAYE_RS13105	30.9	262	156	6	6	248	6	261	5.24e-19	84.0
lcl|AP019371.1_prot_BBH69047.1_5732	iML1515.b3751	32.1	162	86	3	149	309	102	240	6.75e-13	68.2
lcl|AP019371.1_prot_BBH69047.1_5732	iYL1228.KPN_04156	32.1	162	86	3	149	309	102	240	6.75e-13	68.2
lcl|AP019371.1_prot_BBH69047.1_5732	STM_v1_0.STM3884	32.1	162	86	3	149	309	102	240	1.23e-12	67.4
lcl|AP019371.1_prot_BBH69052.1_5737	iLJ478.TM0024	42.7	253	120	8	353	588	213	457	3.37e-58	205
lcl|AP019371.1_prot_BBH69054.1_5739	iAF987.Gmet_0043	25.3	253	158	9	158	384	19	266	1.87e-08	55.8
lcl|AP019371.1_prot_BBH69055.1_5740	iYL1228.KPN_04156	30.9	149	95	3	161	304	123	268	7.16e-09	55.8
lcl|AP019371.1_prot_BBH69055.1_5740	iML1515.b3751	32.2	121	77	2	161	279	123	240	3.09e-08	53.9
lcl|AP019371.1_prot_BBH69055.1_5740	STM_v1_0.STM3884	32.2	121	77	2	161	279	123	240	3.09e-08	53.9
lcl|AP019371.1_prot_BBH69055.1_5740	iYO844.BSU35960	27.7	231	148	9	81	299	49	272	7.74e-08	52.8
lcl|AP019371.1_prot_BBH69056.1_5741	STM_v1_0.STM0998	38.1	386	220	5	5	371	10	395	5.76e-74	234
lcl|AP019371.1_prot_BBH69056.1_5741	iML1515.b0928	37.3	386	223	5	5	371	10	395	2.78e-71	228
lcl|AP019371.1_prot_BBH69056.1_5741	iSbBS512_1146.SbBS512_E2390	37.3	386	223	5	5	371	10	395	2.78e-71	228
lcl|AP019371.1_prot_BBH69056.1_5741	iSDY_1059.SDY_2329	37.3	386	223	5	5	371	10	395	2.78e-71	228
lcl|AP019371.1_prot_BBH69056.1_5741	iSSON_1240.SSON_0931	37.3	386	223	5	5	371	10	395	2.78e-71	228
lcl|AP019371.1_prot_BBH69056.1_5741	iSF_1195.SF0925	37.7	371	212	5	5	356	10	380	1.09e-70	226
lcl|AP019371.1_prot_BBH69056.1_5741	iYL1228.KPN_00955	36.8	386	225	5	5	371	10	395	4.75e-69	222
lcl|AP019371.1_prot_BBH69056.1_5741	iPC815.YPO1410	36.8	386	225	5	5	371	10	395	1.60e-66	215
lcl|AP019371.1_prot_BBH69061.1_5746	iAF987.Gmet_0700	47.9	163	84	1	473	635	385	546	2.96e-32	132
lcl|AP019371.1_prot_BBH69061.1_5746	iAF987.Gmet_1706	42.8	173	98	1	463	635	130	301	4.93e-34	132
lcl|AP019371.1_prot_BBH69061.1_5746	iAF987.Gmet_0987	46.3	160	85	1	473	632	351	509	1.17e-31	130
lcl|AP019371.1_prot_BBH69061.1_5746	iAF987.Gmet_2629	44.8	165	90	1	473	637	376	539	3.88e-31	129
lcl|AP019371.1_prot_BBH69061.1_5746	iJN1463.PP_4670	41.8	189	107	3	452	638	216	403	3.57e-32	129
lcl|AP019371.1_prot_BBH69061.1_5746	iAF987.Gmet_0957	47.2	161	83	2	476	635	189	348	9.13e-31	127
lcl|AP019371.1_prot_BBH69061.1_5746	iAF987.Gmet_3085	48.2	164	83	2	473	635	450	612	2.42e-30	127
lcl|AP019371.1_prot_BBH69061.1_5746	iAF987.Gmet_0782	42.9	163	92	1	473	635	292	453	9.79e-29	121
lcl|AP019371.1_prot_BBH69062.1_5747	iCN900.CD630_20870	26.1	750	455	17	6	673	5	737	7.62e-61	216
lcl|AP019371.1_prot_BBH69062.1_5747	iSSON_1240.SSON_3017	27.2	747	456	15	12	676	2	742	4.64e-57	206
lcl|AP019371.1_prot_BBH69062.1_5747	iSF_1195.SF2868	27.0	747	457	15	12	676	15	755	2.59e-56	204
lcl|AP019371.1_prot_BBH69062.1_5747	iML1515.b2866	27.0	747	457	15	12	676	2	742	3.04e-56	204
lcl|AP019371.1_prot_BBH69063.1_5748	iAF987.Gmet_2134	28.7	286	146	6	1	280	3	236	8.36e-17	79.0
lcl|AP019371.1_prot_BBH69063.1_5748	iEK1008.Rv0375c	27.9	276	148	5	9	283	4	229	4.52e-15	73.9
lcl|AP019371.1_prot_BBH69064.1_5749	iAF987.Gmet_2135	42.4	158	73	3	3	156	18	161	2.90e-37	125
lcl|AP019371.1_prot_BBH69064.1_5749	iHN637.CLJU_RS11605	40.6	160	77	3	1	156	5	150	8.42e-36	121
lcl|AP019371.1_prot_BBH69064.1_5749	iCN900.CD630_20880	38.7	163	82	2	1	159	4	152	6.98e-35	119
lcl|AP019371.1_prot_BBH69064.1_5749	iJN1463.PP_3947	40.3	159	77	2	3	157	7	151	5.78e-34	116
lcl|AP019371.1_prot_BBH69064.1_5749	iYO844.BSU32470	41.2	148	70	3	2	146	17	150	2.04e-32	113
lcl|AP019371.1_prot_BBH69071.1_5756	iML1515.b1487	27.4	435	301	8	49	473	42	471	1.20e-32	130
lcl|AP019371.1_prot_BBH69071.1_5756	iSSON_1240.SSON_1637	27.1	435	302	8	49	473	42	471	2.21e-32	129
lcl|AP019371.1_prot_BBH69071.1_5756	iSbBS512_1146.SbBS512_E1750	26.9	435	303	8	49	473	42	471	3.45e-31	126
lcl|AP019371.1_prot_BBH69072.1_5757	iJN1463.PP_0881	39.5	332	194	4	4	330	4	333	2.30e-64	206
lcl|AP019371.1_prot_BBH69072.1_5757	iSSON_1240.SSON_1638	37.2	325	194	3	17	331	12	336	1.02e-56	187
lcl|AP019371.1_prot_BBH69072.1_5757	iML1515.b1486	37.2	325	194	3	17	331	12	336	1.43e-56	186
lcl|AP019371.1_prot_BBH69073.1_5758	iSSON_1240.SSON_1639	43.1	253	144	0	27	279	39	291	1.33e-57	186
lcl|AP019371.1_prot_BBH69073.1_5758	iML1515.b1485	43.1	253	144	0	27	279	39	291	1.88e-57	186
lcl|AP019371.1_prot_BBH69073.1_5758	iSbBS512_1146.SbBS512_E1748	44.3	253	137	2	27	279	39	287	9.42e-57	184
lcl|AP019371.1_prot_BBH69073.1_5758	iJN1463.PP_3344	42.1	254	147	0	26	279	23	276	1.15e-54	178
lcl|AP019371.1_prot_BBH69074.1_5759	STM_v1_0.STM1743	44.9	316	168	3	22	331	3	318	1.15e-80	248
lcl|AP019371.1_prot_BBH69074.1_5759	iSDY_1059.SDY_1304	44.8	306	163	3	30	329	13	318	1.96e-79	245
lcl|AP019371.1_prot_BBH69074.1_5759	iSF_1195.SF1247	44.8	306	163	3	30	329	13	318	1.96e-79	245
lcl|AP019371.1_prot_BBH69074.1_5759	iYL1228.KPN_02194	45.3	300	158	3	36	329	19	318	2.77e-79	245
lcl|AP019371.1_prot_BBH69074.1_5759	iSSON_1240.SSON_1934	44.8	306	163	3	30	329	13	318	2.77e-79	245
lcl|AP019371.1_prot_BBH69074.1_5759	iSbBS512_1146.SbBS512_E1415	44.8	306	163	3	30	329	13	318	5.53e-79	244
lcl|AP019371.1_prot_BBH69074.1_5759	iML1515.b1246	44.4	306	164	3	30	329	13	318	1.24e-77	241
lcl|AP019371.1_prot_BBH69074.1_5759	iLJ478.TM1749	43.4	316	165	5	36	338	4	318	3.36e-77	239
lcl|AP019371.1_prot_BBH69074.1_5759	iEK1008.Rv1281c	45.2	312	163	4	34	337	2	313	4.20e-73	237
lcl|AP019371.1_prot_BBH69074.1_5759	iYL1228.KPN_00862	51.4	282	117	8	36	298	12	292	7.22e-72	234
lcl|AP019371.1_prot_BBH69074.1_5759	iLJ478.TM1064	47.0	279	141	3	45	316	17	295	5.41e-75	234
lcl|AP019371.1_prot_BBH69074.1_5759	iYO844.BSU12950	46.4	289	147	3	36	316	4	292	8.36e-75	233
lcl|AP019371.1_prot_BBH69074.1_5759	iYS854.USA300HOU_RS04900	49.3	272	129	4	36	298	5	276	6.92e-74	232
lcl|AP019371.1_prot_BBH69074.1_5759	iJN1463.PP_0879	45.2	299	158	4	36	328	3	301	3.19e-74	231
lcl|AP019371.1_prot_BBH69074.1_5759	STM_v1_0.STM3627	42.4	302	167	4	36	330	3	304	1.05e-73	230
lcl|AP019371.1_prot_BBH69074.1_5759	iYL1228.KPN_03896	42.4	304	168	4	36	332	3	306	2.95e-73	229
lcl|AP019371.1_prot_BBH69074.1_5759	iLJ478.TM0058	45.2	294	148	5	36	316	4	297	7.43e-72	226
lcl|AP019371.1_prot_BBH69074.1_5759	iML1515.b3541	42.4	302	167	4	36	330	3	304	9.33e-72	225
lcl|AP019371.1_prot_BBH69074.1_5759	iSF_1195.SF3576	42.4	302	167	4	36	330	3	304	9.33e-72	225
lcl|AP019371.1_prot_BBH69074.1_5759	iSSON_1240.SSON_3849	42.4	302	167	4	36	330	3	304	2.63e-71	224
lcl|AP019371.1_prot_BBH69075.1_5760	iLJ478.TM1750	47.0	249	126	3	3	245	13	261	9.24e-67	209
lcl|AP019371.1_prot_BBH69075.1_5760	iYL1228.KPN_02193	48.7	230	115	1	19	245	40	269	6.18e-66	207
lcl|AP019371.1_prot_BBH69075.1_5760	STM_v1_0.STM1742	48.3	230	116	1	19	245	40	269	1.96e-64	203
lcl|AP019371.1_prot_BBH69075.1_5760	iSSON_1240.SSON_1933	47.4	230	118	1	19	245	40	269	2.21e-63	201
lcl|AP019371.1_prot_BBH69075.1_5760	iML1515.b1247	47.8	230	117	1	19	245	40	269	3.12e-63	200
lcl|AP019371.1_prot_BBH69075.1_5760	iSbBS512_1146.SbBS512_E1416	47.8	230	117	1	19	245	40	269	3.12e-63	200
lcl|AP019371.1_prot_BBH69075.1_5760	iSDY_1059.SDY_1305	47.8	230	117	1	19	245	40	269	3.12e-63	200
lcl|AP019371.1_prot_BBH69075.1_5760	iSF_1195.SF1248	47.8	230	117	1	19	245	40	269	3.12e-63	200
lcl|AP019371.1_prot_BBH69075.1_5760	iEK1008.Rv1281c	45.5	242	123	2	9	245	367	604	2.22e-59	197
lcl|AP019371.1_prot_BBH69075.1_5760	iJN1463.PP_0878	44.4	239	131	1	9	245	20	258	1.99e-61	195
lcl|AP019371.1_prot_BBH69075.1_5760	iML1515.b2180	47.8	228	115	2	18	242	301	527	7.45e-59	194
lcl|AP019371.1_prot_BBH69075.1_5760	iYS854.USA300HOU_RS04905	41.7	252	138	3	3	245	7	258	1.74e-60	192
lcl|AP019371.1_prot_BBH69075.1_5760	iPC815.YPO3999	45.3	232	125	1	16	245	56	287	6.56e-59	190
lcl|AP019371.1_prot_BBH69075.1_5760	iSDY_1059.SDY_4563	44.8	232	126	1	16	245	35	266	1.38e-58	188
lcl|AP019371.1_prot_BBH69077.1_5762	iEK1008.Rv1257c	29.7	172	113	3	33	196	40	211	1.62e-07	53.1
lcl|AP019371.1_prot_BBH69079.1_5764	iMM1415.266645	25.5	302	185	13	1	267	1	297	8.34e-16	76.3
lcl|AP019371.1_prot_BBH69079.1_5764	iCHOv1.100771266	26.0	304	181	13	1	267	1	297	3.94e-15	74.3
lcl|AP019371.1_prot_BBH69080.1_5765	iAF692.Mbar_A3192	36.3	259	156	4	65	317	68	323	8.54e-45	155
lcl|AP019371.1_prot_BBH69084.1_5769	iAF692.Mbar_A3057	44.9	98	53	1	19	115	5	102	8.85e-21	83.2
lcl|AP019371.1_prot_BBH69084.1_5769	iYO844.BSU13170	45.3	95	50	2	23	115	7	101	7.33e-19	78.2
lcl|AP019371.1_prot_BBH69088.1_5773	iEK1008.Rv2320c	23.9	306	209	8	43	331	65	363	2.32e-11	65.5
lcl|AP019371.1_prot_BBH69088.1_5773	iJN1463.PP_2802	25.6	297	192	8	50	332	51	332	1.17e-10	63.2
lcl|AP019371.1_prot_BBH69092.1_5777	iSynCJ816.SGL_RS13165	31.0	455	282	9	5	441	24	464	1.78e-59	201
lcl|AP019371.1_prot_BBH69092.1_5777	iMM1415.109731	31.9	448	294	8	5	444	6	450	2.70e-58	199
lcl|AP019371.1_prot_BBH69092.1_5777	iAT_PLT_636.4129	31.0	448	298	8	5	444	6	450	5.66e-55	190
lcl|AP019371.1_prot_BBH69092.1_5777	iCHOv1.100760815	29.9	452	294	10	4	441	390	832	5.08e-51	184
lcl|AP019371.1_prot_BBH69092.1_5777	iAT_PLT_636.4128	30.4	454	289	11	4	441	14	456	2.49e-52	183
lcl|AP019371.1_prot_BBH69092.1_5777	iMM1415.17161	29.4	452	296	10	4	441	14	456	4.72e-52	182
lcl|AP019371.1_prot_BBH69093.1_5778	iLJ478.TM1071	48.8	379	190	2	1	375	4	382	2.12e-128	374
lcl|AP019371.1_prot_BBH69094.1_5779	iML1515.b2542	32.9	383	239	8	23	389	4	384	9.73e-49	170
lcl|AP019371.1_prot_BBH69094.1_5779	iSSON_1240.SSON_2624	32.4	383	241	8	23	389	4	384	1.01e-47	167
lcl|AP019371.1_prot_BBH69096.1_5781	iYO844.BSU03070	29.5	499	332	7	12	498	17	507	5.61e-52	184
lcl|AP019371.1_prot_BBH69099.1_5784	iYS854.USA300HOU_RS14480	24.0	250	167	8	61	310	49	275	3.29e-09	58.5
lcl|AP019371.1_prot_BBH69099.1_5784	iML1515.b1022	22.3	256	171	8	58	310	74	304	3.35e-08	55.5
lcl|AP019371.1_prot_BBH69101.1_5786	iYS854.USA300HOU_RS03755	28.2	177	124	2	7	181	3	178	2.00e-06	49.3
lcl|AP019371.1_prot_BBH69101.1_5786	iYO844.BSU26590	26.5	166	119	2	18	181	21	185	4.55e-05	45.1
lcl|AP019371.1_prot_BBH69106.1_5791	iSF_1195.SF1012	35.2	88	54	2	27	111	16	103	4.98e-07	49.3
lcl|AP019371.1_prot_BBH69106.1_5791	iML1515.b1009	33.7	92	58	2	27	115	16	107	9.03e-07	48.5
lcl|AP019371.1_prot_BBH69106.1_5791	iSDY_1059.SDY_0984	33.7	92	58	2	27	115	16	107	7.00e-07	48.5
lcl|AP019371.1_prot_BBH69106.1_5791	iSSON_1240.SSON_1027	33.7	92	58	2	27	115	16	107	9.03e-07	48.5
lcl|AP019371.1_prot_BBH69106.1_5791	iEK1008.Rv1938	35.5	121	62	6	23	127	25	145	6.80e-06	46.2
lcl|AP019371.1_prot_BBH69108.1_5793	iYO844.BSU37060	32.8	186	115	5	3	183	10	190	2.48e-18	78.2
lcl|AP019371.1_prot_BBH69108.1_5793	iYS854.USA300HOU_RS11440	31.1	177	112	5	6	177	13	184	1.54e-15	70.9
lcl|AP019371.1_prot_BBH69109.1_5794	iYL1228.KPN_01663	32.9	347	208	13	6	330	2	345	1.09e-37	139
lcl|AP019371.1_prot_BBH69110.1_5795	iEK1008.Rv0386	40.0	85	48	1	810	891	996	1080	1.07e-06	52.4
lcl|AP019371.1_prot_BBH69111.1_5796	iYO844.BSU39740	32.7	315	204	6	3	312	10	321	3.15e-46	158
lcl|AP019371.1_prot_BBH69111.1_5796	iYL1228.KPN_04673	34.3	321	193	5	5	308	9	328	1.55e-43	157
lcl|AP019371.1_prot_BBH69112.1_5797	iML1515.b1093	34.1	205	132	2	2	204	6	209	5.47e-24	97.1
lcl|AP019371.1_prot_BBH69112.1_5797	iSbBS512_1146.SbBS512_E2231	34.1	205	132	2	2	204	6	209	5.47e-24	97.1
lcl|AP019371.1_prot_BBH69112.1_5797	iSF_1195.SF1097	34.1	205	132	2	2	204	6	209	5.47e-24	97.1
lcl|AP019371.1_prot_BBH69112.1_5797	iSSON_1240.SSON_1113	34.1	205	132	2	2	204	6	209	5.47e-24	97.1
lcl|AP019371.1_prot_BBH69112.1_5797	STM_v1_0.STM1195	33.7	205	133	2	2	204	6	209	7.62e-24	96.7
lcl|AP019371.1_prot_BBH69112.1_5797	iYL1228.KPN_01091	33.7	205	133	2	2	204	6	209	1.06e-23	96.3
lcl|AP019371.1_prot_BBH69112.1_5797	iSynCJ816.SGL_RS07245	34.8	187	115	3	2	182	7	192	5.85e-23	94.4
lcl|AP019371.1_prot_BBH69112.1_5797	iLJ478.TM1724	37.3	185	110	3	2	181	6	189	5.74e-23	94.4
lcl|AP019371.1_prot_BBH69112.1_5797	iSDY_1059.SDY_2057	33.7	205	133	2	2	204	6	209	1.48e-22	93.2
lcl|AP019371.1_prot_BBH69112.1_5797	iPC815.YPO1599	33.2	211	136	4	2	209	6	214	2.86e-22	92.4
lcl|AP019371.1_prot_BBH69112.1_5797	iYO844.BSU15910	34.2	187	116	3	2	182	5	190	1.51e-20	87.8
lcl|AP019371.1_prot_BBH69112.1_5797	iHN637.CLJU_RS20765	35.3	187	114	3	2	182	7	192	1.57e-20	87.8
lcl|AP019371.1_prot_BBH69113.1_5798	iEK1008.Rv0386	42.6	54	31	0	857	910	1027	1080	7.44e-04	43.1
lcl|AP019371.1_prot_BBH69115.1_5800	iJN1463.PP_1380	25.5	278	174	11	11	280	8	260	4.81e-10	58.5
lcl|AP019371.1_prot_BBH69115.1_5800	iYL1228.KPN_02120	27.7	274	178	10	16	281	25	286	1.41e-09	57.4
lcl|AP019371.1_prot_BBH69115.1_5800	iML1515.b0349	26.7	277	175	11	16	281	27	286	8.39e-09	55.1
lcl|AP019371.1_prot_BBH69116.1_5801	iML1515.b1448	33.6	119	79	0	37	155	41	159	1.12e-14	67.4
lcl|AP019371.1_prot_BBH69119.1_5804	iEK1008.Rv3043c	70.5	536	158	0	12	547	15	550	8.10e-294	809
lcl|AP019371.1_prot_BBH69121.1_5806	iYS854.USA300HOU_RS14375	33.5	182	116	2	3	179	4	185	1.49e-29	107
lcl|AP019371.1_prot_BBH69124.1_5809	iML1515.b2430	30.0	360	184	12	75	389	61	397	1.05e-31	124
lcl|AP019371.1_prot_BBH69125.1_5810	iYS854.USA300HOU_RS03755	28.3	180	117	5	24	201	17	186	3.05e-12	67.4
lcl|AP019371.1_prot_BBH69127.1_5812	iCHOv1.100759906	30.8	428	266	7	24	428	83	503	5.00e-55	190
lcl|AP019371.1_prot_BBH69127.1_5812	iCHOv1.100753688	32.1	411	264	7	24	422	11	418	1.94e-54	187
lcl|AP019371.1_prot_BBH69127.1_5812	iMM1415.268782	29.8	456	262	8	24	428	84	532	1.23e-52	184
lcl|AP019371.1_prot_BBH69127.1_5812	iMM1415.71760	33.2	355	230	5	24	374	30	381	7.89e-53	184
lcl|AP019371.1_prot_BBH69127.1_5812	STM_v1_0.STM2792	31.2	429	272	8	11	431	11	424	1.35e-51	179
lcl|AP019371.1_prot_BBH69127.1_5812	iML1515.b2662	30.6	422	270	8	18	431	18	424	2.65e-50	175
lcl|AP019371.1_prot_BBH69127.1_5812	iSSON_1240.SSON_2806	30.6	422	270	8	18	431	18	424	2.65e-50	175
lcl|AP019371.1_prot_BBH69127.1_5812	iYL1228.KPN_00255	31.0	422	268	8	18	431	18	424	5.28e-50	174
lcl|AP019371.1_prot_BBH69127.1_5812	iYL1228.KPN_03825	32.7	419	258	11	18	428	17	419	1.76e-49	173
lcl|AP019371.1_prot_BBH69127.1_5812	iEK1008.Rv1655	33.3	414	226	12	24	429	27	398	5.87e-49	171
lcl|AP019371.1_prot_BBH69129.1_5814	iYS854.USA300HOU_RS11805	24.8	262	178	4	26	277	14	266	1.13e-11	66.2
lcl|AP019371.1_prot_BBH69134.1_5819	iEK1008.Rv3777	35.6	188	108	6	33	215	26	205	5.49e-17	80.1
lcl|AP019371.1_prot_BBH69134.1_5819	iJN1463.PP_0072	34.0	191	119	5	19	207	13	198	1.55e-15	75.9
lcl|AP019371.1_prot_BBH69136.1_5821	iAF987.Gmet_3085	34.9	438	247	9	324	729	454	885	7.50e-69	243
lcl|AP019371.1_prot_BBH69136.1_5821	iAF987.Gmet_0957	36.8	438	243	8	324	731	190	623	9.88e-71	243
lcl|AP019371.1_prot_BBH69136.1_5821	iJN1463.PP_3581	36.4	439	251	9	324	736	257	693	4.56e-70	242
lcl|AP019371.1_prot_BBH69136.1_5821	iAF987.Gmet_2629	33.8	432	258	7	324	729	380	809	2.03e-66	234
lcl|AP019371.1_prot_BBH69136.1_5821	iAF987.Gmet_0700	36.3	430	245	10	316	718	381	808	4.30e-64	228
lcl|AP019371.1_prot_BBH69136.1_5821	iAF987.Gmet_0782	34.6	434	255	8	324	730	296	727	2.33e-63	224
lcl|AP019371.1_prot_BBH69137.1_5822	iJN1463.PP_0416	27.8	187	120	6	7	183	14	195	7.84e-05	42.4
lcl|AP019371.1_prot_BBH69139.1_5824	iAF692.Mbar_A0254	35.7	221	122	8	8	225	1	204	1.37e-20	92.4
lcl|AP019371.1_prot_BBH69139.1_5824	iEK1008.Rv0407	30.5	220	139	6	21	231	17	231	1.46e-17	83.6
lcl|AP019371.1_prot_BBH69146.1_5831	iYL1228.KPN_01622	27.3	293	182	10	21	299	10	285	1.43e-09	57.8
lcl|AP019371.1_prot_BBH69146.1_5831	STM_v1_0.STM1517	25.4	287	195	7	21	299	11	286	8.78e-08	52.4
lcl|AP019371.1_prot_BBH69147.1_5832	iEK1008.Rv1071c	49.8	329	158	2	6	327	8	336	8.86e-101	300
lcl|AP019371.1_prot_BBH69151.1_5836	iCN718.ABAYE_RS04780	49.4	727	346	3	1	706	52	777	1.07e-235	675
lcl|AP019371.1_prot_BBH69151.1_5836	iEK1008.Rv2900c	48.8	720	355	6	2	708	61	779	3.86e-222	640
lcl|AP019371.1_prot_BBH69152.1_5837	iEK1008.Rv0217c	34.8	247	145	6	18	261	38	271	2.34e-31	118
lcl|AP019371.1_prot_BBH69152.1_5837	iEK1008.Rv1400c	33.2	256	140	7	25	262	52	294	3.44e-29	112
lcl|AP019371.1_prot_BBH69154.1_5839	iYL1228.KPN_01526	61.3	511	189	5	1	505	6	513	7.10e-188	535
lcl|AP019371.1_prot_BBH69154.1_5839	STM_v1_0.STM1479	59.6	512	198	4	1	506	1	509	7.90e-186	529
lcl|AP019371.1_prot_BBH69154.1_5839	iSSON_1240.SSON_1557	58.9	511	204	3	1	506	1	510	1.53e-183	523
lcl|AP019371.1_prot_BBH69154.1_5839	iSbBS512_1146.SbBS512_E1789	58.9	511	204	3	1	506	1	510	2.17e-183	523
lcl|AP019371.1_prot_BBH69154.1_5839	iSDY_1059.SDY_1550	58.9	511	204	3	1	506	1	510	2.17e-183	523
lcl|AP019371.1_prot_BBH69154.1_5839	iML1515.b1603	58.7	511	205	3	1	506	1	510	3.08e-183	523
lcl|AP019371.1_prot_BBH69154.1_5839	iSF_1195.SF1624	58.7	511	205	3	1	506	6	515	2.09e-182	521
lcl|AP019371.1_prot_BBH69154.1_5839	iPC815.YPO2303	59.6	512	197	5	1	506	1	508	5.38e-181	517
lcl|AP019371.1_prot_BBH69155.1_5840	iML1515.b1602	68.4	469	129	6	9	472	8	462	3.08e-208	583
lcl|AP019371.1_prot_BBH69155.1_5840	iSbBS512_1146.SbBS512_E1788	68.4	469	129	6	9	472	8	462	3.08e-208	583
lcl|AP019371.1_prot_BBH69155.1_5840	iSDY_1059.SDY_1551	68.4	469	129	6	9	472	8	462	3.08e-208	583
lcl|AP019371.1_prot_BBH69155.1_5840	iSF_1195.SF1623	68.4	469	129	6	9	472	8	462	3.08e-208	583
lcl|AP019371.1_prot_BBH69155.1_5840	iSSON_1240.SSON_1558	68.4	469	129	6	9	472	8	462	3.08e-208	583
lcl|AP019371.1_prot_BBH69155.1_5840	STM_v1_0.STM1480	68.0	469	131	5	9	472	8	462	1.02e-206	579
lcl|AP019371.1_prot_BBH69155.1_5840	iYL1228.KPN_01527	67.6	469	133	6	9	472	8	462	1.44e-206	579
lcl|AP019371.1_prot_BBH69155.1_5840	iPC815.YPO2302	67.0	469	136	7	9	472	8	462	4.82e-203	570
lcl|AP019371.1_prot_BBH69155.1_5840	iSynCJ816.SGL_RS06840	63.6	473	149	7	10	474	9	466	3.40e-185	525
lcl|AP019371.1_prot_BBH69156.1_5841	iSF_1195.SF0934	37.5	355	202	10	5	350	6	349	1.50e-57	191
lcl|AP019371.1_prot_BBH69156.1_5841	iJN1463.PP_0238	37.5	355	202	10	5	350	6	349	1.18e-56	188
lcl|AP019371.1_prot_BBH69156.1_5841	iML1515.b0935	37.2	355	203	10	5	350	6	349	6.33e-56	186
lcl|AP019371.1_prot_BBH69156.1_5841	iYL1228.KPN_00971	36.8	356	203	10	5	350	6	349	6.84e-55	184
lcl|AP019371.1_prot_BBH69156.1_5841	iPC815.YPO3625	35.8	358	208	12	5	352	6	351	1.30e-50	172
lcl|AP019371.1_prot_BBH69156.1_5841	iJN1463.PP_3219	37.3	324	192	9	34	351	33	351	1.76e-50	172
lcl|AP019371.1_prot_BBH69157.1_5842	iCN718.ABAYE_RS12975	33.8	343	188	8	6	315	4	340	3.67e-44	154
lcl|AP019371.1_prot_BBH69157.1_5842	iYO844.BSU09530	38.2	293	159	6	11	294	9	288	1.47e-41	147
lcl|AP019371.1_prot_BBH69158.1_5843	iJN1463.PP_3219	26.8	373	214	15	15	384	10	326	2.07e-15	77.0
lcl|AP019371.1_prot_BBH69159.1_5844	iJN1463.PP_3219	24.5	375	227	11	6	377	5	326	1.17e-14	74.7
lcl|AP019371.1_prot_BBH69160.1_5845	iJN1463.PP_0240	53.5	217	93	4	29	238	31	246	1.06e-61	194
lcl|AP019371.1_prot_BBH69160.1_5845	iYL1228.KPN_00969	50.7	219	96	4	29	238	26	241	7.44e-59	186
lcl|AP019371.1_prot_BBH69160.1_5845	iML1515.b0933	53.8	197	80	3	29	217	26	219	1.12e-57	183
lcl|AP019371.1_prot_BBH69160.1_5845	iSSON_1240.SSON_0936	53.8	197	80	3	29	217	26	219	1.12e-57	183
lcl|AP019371.1_prot_BBH69160.1_5845	iSF_1195.SF0930	52.3	197	83	3	29	217	26	219	5.08e-56	179
lcl|AP019371.1_prot_BBH69160.1_5845	iPC815.YPO3627	49.1	222	101	5	26	238	24	242	8.07e-56	179
lcl|AP019371.1_prot_BBH69161.1_5846	iCN718.ABAYE_RS19055	40.3	238	142	0	37	274	22	259	2.40e-57	184
lcl|AP019371.1_prot_BBH69161.1_5846	iYL1228.KPN_00970	40.3	238	142	0	37	274	15	252	1.80e-56	182
lcl|AP019371.1_prot_BBH69161.1_5846	iYO844.BSU08850	35.7	266	163	3	18	279	14	275	3.70e-56	181
lcl|AP019371.1_prot_BBH69161.1_5846	iPC815.YPO3626	40.3	238	142	0	37	274	16	253	6.02e-55	178
lcl|AP019371.1_prot_BBH69161.1_5846	iJN1463.PP_0239	40.3	238	142	0	37	274	16	253	5.34e-53	173
lcl|AP019371.1_prot_BBH69161.1_5846	iSDY_1059.SDY_2323	38.7	238	146	0	37	274	15	252	4.44e-51	168
lcl|AP019371.1_prot_BBH69161.1_5846	iML1515.b0934	38.7	238	146	0	37	274	15	252	6.27e-51	167
lcl|AP019371.1_prot_BBH69161.1_5846	iSSON_1240.SSON_0937	38.7	238	146	0	37	274	15	252	6.27e-51	167
lcl|AP019371.1_prot_BBH69162.1_5847	iYO844.BSU08840	25.6	273	192	6	70	340	61	324	6.81e-15	74.3
lcl|AP019371.1_prot_BBH69164.1_5849	iLJ478.TM1469	29.3	208	119	8	163	350	64	263	3.26e-12	66.6
lcl|AP019371.1_prot_BBH69165.1_5850	iYO844.BSU18830	28.6	885	463	26	8	758	12	861	9.03e-71	248
lcl|AP019371.1_prot_BBH69165.1_5850	iAF692.Mbar_A3264	27.7	882	488	26	15	760	19	886	3.18e-70	247
lcl|AP019371.1_prot_BBH69168.1_5853	iAF987.Gmet_0902	31.7	398	255	8	2	396	3	386	3.21e-57	192
lcl|AP019371.1_prot_BBH69171.1_5856	iYO844.BSU19710	33.5	424	275	5	1	420	3	423	9.33e-72	231
lcl|AP019371.1_prot_BBH69173.1_5858	iAF987.Gmet_0354	27.1	711	354	23	45	641	65	725	2.58e-37	149
lcl|AP019371.1_prot_BBH69173.1_5858	iHN637.CLJU_RS16730	27.1	623	375	16	48	647	57	623	5.17e-37	147
lcl|AP019371.1_prot_BBH69173.1_5858	iAF987.Gmet_1671	27.8	622	350	18	70	683	66	596	3.65e-37	147
lcl|AP019371.1_prot_BBH69173.1_5858	iSynCJ816.SGL_RS05320	27.0	645	352	22	31	647	171	724	2.58e-36	145
lcl|AP019371.1_prot_BBH69173.1_5858	iNF517.LLMG_RS11990	26.6	643	378	18	40	672	91	649	8.13e-34	137
lcl|AP019371.1_prot_BBH69176.1_5861	iYO844.BSU39780	31.0	313	189	8	4	304	11	308	7.13e-37	133
lcl|AP019371.1_prot_BBH69178.1_5863	iEK1008.Rv0217c	42.9	247	122	4	67	304	46	282	8.19e-54	177
lcl|AP019371.1_prot_BBH69180.1_5865	iYL1228.KPN_04156	30.1	156	98	6	148	297	120	270	1.26e-08	55.1
lcl|AP019371.1_prot_BBH69180.1_5865	iML1515.b3751	27.4	168	112	5	135	297	108	270	2.33e-07	51.2
lcl|AP019371.1_prot_BBH69180.1_5865	STM_v1_0.STM3884	28.3	138	91	4	135	269	108	240	2.33e-07	51.2
lcl|AP019371.1_prot_BBH69184.1_5869	iCN900.CD630_20200	46.1	787	338	11	91	794	76	859	4.58e-212	620
lcl|AP019371.1_prot_BBH69185.1_5870	iEK1008.Rv1905c	37.3	316	177	6	4	302	8	319	2.56e-43	150
lcl|AP019371.1_prot_BBH69189.1_5874	iAF987.Gmet_0043	24.4	266	190	6	250	506	3	266	3.12e-07	52.8
lcl|AP019371.1_prot_BBH69190.1_5875	iAF987.Gmet_1917	32.3	133	84	3	3	129	5	137	7.58e-07	50.4
lcl|AP019371.1_prot_BBH69195.1_5880	iEK1008.Rv0137c	77.4	164	37	0	2	165	3	166	7.83e-99	282
lcl|AP019371.1_prot_BBH69198.1_5883	iML1515.b2251	38.0	71	38	2	13	81	10	76	2.23e-07	47.4
lcl|AP019371.1_prot_BBH69198.1_5883	STM_v1_0.STM1301	36.2	94	47	3	8	93	6	94	2.95e-07	47.0
lcl|AP019371.1_prot_BBH69198.1_5883	STM_v1_0.STM2295	38.0	71	38	2	13	81	10	76	4.28e-07	46.6
lcl|AP019371.1_prot_BBH69198.1_5883	iSSON_1240.SSON_2312	36.6	71	39	2	13	81	10	76	2.99e-06	44.3
lcl|AP019371.1_prot_BBH69206.1_5891	iLB1027_lipid.PHATRDRAFT_12757	47.1	325	164	5	15	332	15	338	8.64e-92	277
lcl|AP019371.1_prot_BBH69213.1_5898	iEK1008.Rv2497c	44.2	360	187	5	12	369	20	367	1.74e-84	260
lcl|AP019371.1_prot_BBH69213.1_5898	iAF987.Gmet_2509	41.4	348	190	3	12	358	14	348	9.93e-80	248
lcl|AP019371.1_prot_BBH69214.1_5899	iCHOv1.100758590	32.2	404	225	9	9	366	48	448	4.46e-60	200
lcl|AP019371.1_prot_BBH69215.1_5900	iSbBS512_1146.SbBS512_E4917	40.0	65	37	2	155	217	128	192	2.13e-06	47.0
lcl|AP019371.1_prot_BBH69215.1_5900	iML1515.b4374	40.0	65	37	2	155	217	128	192	5.24e-06	45.8
lcl|AP019371.1_prot_BBH69215.1_5900	iSDY_1059.SDY_4633	40.0	65	37	2	155	217	128	192	5.24e-06	45.8
lcl|AP019371.1_prot_BBH69215.1_5900	iSF_1195.SF4405	40.0	65	37	2	155	217	128	192	5.24e-06	45.8
lcl|AP019371.1_prot_BBH69215.1_5900	iSSON_1240.SSON_4524	40.0	65	37	2	155	217	128	192	5.24e-06	45.8
lcl|AP019371.1_prot_BBH69215.1_5900	iML1515.b3399	24.8	137	97	3	73	203	39	175	4.17e-05	43.1
lcl|AP019371.1_prot_BBH69215.1_5900	iYL1228.KPN_04830	38.5	65	38	2	155	217	128	192	4.25e-05	43.1
lcl|AP019371.1_prot_BBH69215.1_5900	iAF692.Mbar_A2894	32.7	107	60	3	113	217	113	209	6.26e-05	42.7
lcl|AP019371.1_prot_BBH69215.1_5900	iPC815.YPO2295	37.5	72	43	2	155	224	128	199	5.68e-05	42.7
lcl|AP019371.1_prot_BBH69223.1_5908	iAM_Pc455.PCYB_094280	24.9	301	150	12	138	435	771	998	6.39e-04	42.0
lcl|AP019371.1_prot_BBH69223.1_5908	iAM_Pb448.PBANKA_091170	24.0	337	165	13	84	417	703	951	8.42e-04	41.6
lcl|AP019371.1_prot_BBH69224.1_5909	iAF987.Gmet_2187	45.0	422	217	8	16	431	23	435	4.80e-101	307
lcl|AP019371.1_prot_BBH69224.1_5909	iJN1463.PP_5365	39.0	428	218	7	8	426	30	423	1.08e-91	283
lcl|AP019371.1_prot_BBH69225.1_5910	iAF987.Gmet_3085	44.6	175	87	3	303	468	446	619	3.65e-37	145
lcl|AP019371.1_prot_BBH69226.1_5911	iAF987.Gmet_0697	39.1	197	96	5	44	227	37	222	1.13e-28	109
lcl|AP019371.1_prot_BBH69226.1_5911	iSbBS512_1146.SbBS512_E2908	35.5	211	133	3	35	242	29	239	4.99e-28	107
lcl|AP019371.1_prot_BBH69226.1_5911	iML1515.b2533	35.7	213	130	4	35	242	29	239	9.74e-28	107
lcl|AP019371.1_prot_BBH69226.1_5911	iSF_1195.SF2580	35.7	213	130	4	35	242	29	239	9.74e-28	107
lcl|AP019371.1_prot_BBH69226.1_5911	iSDY_1059.SDY_2729	35.2	213	131	4	35	242	29	239	1.90e-27	106
lcl|AP019371.1_prot_BBH69226.1_5911	iYL1228.KPN_02865	35.6	202	123	4	34	230	28	227	3.71e-27	105
lcl|AP019371.1_prot_BBH69226.1_5911	STM_v1_0.STM2546	35.8	201	122	4	35	230	29	227	3.71e-27	105
lcl|AP019371.1_prot_BBH69226.1_5911	iPC815.YPO2899	36.3	201	121	4	35	230	29	227	1.01e-26	104
lcl|AP019371.1_prot_BBH69226.1_5911	iSSON_1240.SSON_2615	35.2	213	131	4	35	242	29	239	1.41e-26	103
lcl|AP019371.1_prot_BBH69226.1_5911	iEK1008.Rv2701c	35.3	249	137	7	1	227	1	247	5.95e-25	100
lcl|AP019371.1_prot_BBH69226.1_5911	iLJ478.TM1415	34.6	191	115	3	39	227	7	189	2.68e-25	99.8
lcl|AP019371.1_prot_BBH69228.1_5913	iYO844.BSU35720	33.2	368	235	5	357	713	376	743	6.87e-57	206
lcl|AP019371.1_prot_BBH69228.1_5913	iYS854.USA300HOU_RS01320	33.5	382	233	11	348	713	12	388	1.16e-54	192
lcl|AP019371.1_prot_BBH69229.1_5914	iEK1008.Rv0386	39.7	58	35	0	813	870	1020	1077	1.06e-04	45.8
lcl|AP019371.1_prot_BBH69230.1_5915	iEK1008.Rv0386	42.2	64	37	0	806	869	1017	1080	1.57e-05	48.5
lcl|AP019371.1_prot_BBH69231.1_5916	iYO844.BSU39780	29.3	266	153	5	23	255	35	298	1.81e-25	102
lcl|AP019371.1_prot_BBH69232.1_5917	iEK1008.Rv0386	55.3	38	17	0	20	57	1040	1077	1.35e-06	42.7
lcl|AP019371.1_prot_BBH69233.1_5918	iJN1463.PP_3285	39.0	141	86	0	6	146	8	148	7.08e-25	95.1
lcl|AP019371.1_prot_BBH69234.1_5919	iEK1008.Rv0386	50.9	55	27	0	832	886	1026	1080	1.21e-07	55.5
lcl|AP019371.1_prot_BBH69236.1_5921	iPC815.YPO0444	43.1	51	28	1	22	71	7	57	1.19e-04	41.6
lcl|AP019371.1_prot_BBH69236.1_5921	iML1515.b4390	43.1	51	28	1	22	71	7	57	5.19e-04	39.7
lcl|AP019371.1_prot_BBH69236.1_5921	iSbBS512_1146.SbBS512_E4937	43.1	51	28	1	22	71	7	57	5.19e-04	39.7
lcl|AP019371.1_prot_BBH69236.1_5921	iSDY_1059.SDY_4651	43.1	51	28	1	22	71	14	64	5.22e-04	39.7
lcl|AP019371.1_prot_BBH69236.1_5921	iSF_1195.SF4422	43.1	51	28	1	22	71	14	64	5.22e-04	39.7
lcl|AP019371.1_prot_BBH69236.1_5921	iSSON_1240.SSON_4540	43.1	51	28	1	22	71	14	64	5.22e-04	39.7
lcl|AP019371.1_prot_BBH69236.1_5921	iYL1228.KPN_04845	41.2	51	29	1	22	71	7	57	9.37e-04	38.9
lcl|AP019371.1_prot_BBH69238.1_5923	iYO844.BSU38710	25.3	471	302	18	11	463	2	440	1.97e-25	108
lcl|AP019371.1_prot_BBH69239.1_5924	iJN1463.PP_4523	43.4	297	168	0	20	316	18	314	3.73e-84	256
lcl|AP019371.1_prot_BBH69240.1_5925	iAF692.Mbar_A3635	36.2	105	59	4	58	156	34	136	7.59e-07	48.5
lcl|AP019371.1_prot_BBH69253.1_5938	iPC815.YPO1215	30.7	153	87	6	1	144	20	162	1.61e-06	47.8
lcl|AP019371.1_prot_BBH69254.1_5939	iEK1008.Rv2970c	37.3	279	161	9	23	291	86	360	3.64e-43	151
lcl|AP019371.1_prot_BBH69254.1_5939	iEK1008.Rv1399c	36.5	266	159	4	22	280	31	293	1.16e-41	146
lcl|AP019371.1_prot_BBH69254.1_5939	iEK1008.Rv1400c	37.1	264	158	5	22	280	34	294	7.24e-39	139
lcl|AP019371.1_prot_BBH69255.1_5940	iEK1008.Rv0386	29.7	212	109	8	649	841	887	1077	3.41e-05	47.4
lcl|AP019371.1_prot_BBH69256.1_5941	iEK1008.Rv1399c	32.8	299	175	9	27	306	26	317	1.40e-22	95.5
lcl|AP019371.1_prot_BBH69257.1_5942	iEK1008.Rv0386	48.1	52	27	0	780	831	1027	1078	6.77e-06	49.7
lcl|AP019371.1_prot_BBH69259.1_5944	iML1515.b1617	27.1	465	256	18	342	746	10	451	4.55e-21	98.6
lcl|AP019371.1_prot_BBH69261.1_5946	iJN1463.PP_3606	29.7	323	187	11	25	333	27	323	6.21e-09	56.2
lcl|AP019371.1_prot_BBH69261.1_5946	iEK1008.Rv3777	27.2	323	202	9	25	334	26	328	2.73e-07	51.2
lcl|AP019371.1_prot_BBH69263.1_5948	iJN1463.PP_2518	28.5	270	170	10	1	261	1	256	1.85e-18	84.3
lcl|AP019371.1_prot_BBH69264.1_5949	iML1515.b0333	27.8	108	70	3	143	243	269	375	7.24e-05	43.1
lcl|AP019371.1_prot_BBH69264.1_5949	STM_v1_0.STM0369	28.3	106	68	3	143	241	269	373	2.30e-04	41.6
lcl|AP019371.1_prot_BBH69265.1_5950	iML1515.b2371	38.8	379	228	4	3	378	4	381	2.41e-87	268
lcl|AP019371.1_prot_BBH69266.1_5951	iAF692.Mbar_A3252	26.2	455	279	12	7	436	4	426	3.97e-35	135
lcl|AP019371.1_prot_BBH69271.1_5956	iEK1008.Rv3777	30.9	314	211	2	22	329	13	326	3.87e-41	145
lcl|AP019371.1_prot_BBH69271.1_5956	iEK1008.Rv1912c	33.9	342	198	8	10	331	1	334	3.33e-40	143
lcl|AP019371.1_prot_BBH69271.1_5956	iEK1008.Rv2933	32.6	313	208	3	19	329	1467	1778	2.50e-36	139
lcl|AP019371.1_prot_BBH69271.1_5956	iJN1463.PP_0072	31.2	324	219	3	11	331	3	325	4.36e-37	135
lcl|AP019371.1_prot_BBH69273.1_5958	iEK1008.Rv1238	56.2	388	166	2	1	384	1	388	5.14e-140	404
lcl|AP019371.1_prot_BBH69274.1_5959	iEK1008.Rv1237	55.2	277	121	2	1	277	1	274	1.15e-103	302
lcl|AP019371.1_prot_BBH69275.1_5960	iEK1008.Rv1236	52.0	275	131	1	26	300	22	295	3.25e-87	263
lcl|AP019371.1_prot_BBH69276.1_5961	iEK1008.Rv1235	34.0	467	249	9	8	427	13	467	1.07e-69	227
lcl|AP019371.1_prot_BBH69280.1_5965	iJN1463.PP_3948	25.0	699	459	14	51	707	50	725	1.58e-37	150
lcl|AP019371.1_prot_BBH69281.1_5966	iJN1463.PP_3947	42.3	149	81	3	5	153	6	149	3.03e-36	122
lcl|AP019371.1_prot_BBH69285.1_5970	iEK1008.Rv0075	36.0	375	221	6	10	367	13	385	3.20e-60	198
lcl|AP019371.1_prot_BBH69286.1_5971	iYO844.BSU03950	24.9	374	265	9	16	376	23	393	2.22e-16	81.6
lcl|AP019371.1_prot_BBH69289.1_5974	iJN1463.PP_0026	43.9	294	161	2	1	294	1	290	2.72e-63	201
lcl|AP019371.1_prot_BBH69292.1_5977	iEK1008.Rv1908c	64.1	708	242	8	44	742	35	739	0.0	905
lcl|AP019371.1_prot_BBH69292.1_5977	iJN1463.PP_3668	61.7	746	247	9	33	742	8	750	0.0	902
lcl|AP019371.1_prot_BBH69292.1_5977	iCN718.ABAYE_RS16730	62.2	709	255	7	37	742	19	717	1.26e-310	864
lcl|AP019371.1_prot_BBH69292.1_5977	iYL1228.KPN_01819	63.1	713	250	9	34	742	22	725	1.62e-310	864
lcl|AP019371.1_prot_BBH69292.1_5977	STM_v1_0.STM4106	62.0	710	258	7	36	742	25	725	1.94e-309	861
lcl|AP019371.1_prot_BBH69292.1_5977	iML1515.b3942	61.7	711	260	7	36	743	25	726	2.59e-307	856
lcl|AP019371.1_prot_BBH69292.1_5977	iSSON_1240.SSON_4116	61.6	711	261	7	36	743	25	726	1.48e-306	854
lcl|AP019371.1_prot_BBH69292.1_5977	iSbBS512_1146.SbBS512_E4429	61.6	711	261	7	36	743	25	726	2.11e-306	853
lcl|AP019371.1_prot_BBH69292.1_5977	iSF_1195.SF4020	61.6	711	261	7	36	743	25	726	2.99e-306	853
lcl|AP019371.1_prot_BBH69292.1_5977	iPC815.YPO3319	57.9	718	294	6	32	742	18	734	3.45e-293	820
lcl|AP019371.1_prot_BBH69294.1_5979	iAF987.Gmet_0491	30.9	285	183	5	37	309	33	315	3.60e-34	126
lcl|AP019371.1_prot_BBH69294.1_5979	iAF692.Mbar_A0993	34.8	247	140	5	48	278	58	299	1.11e-32	122
lcl|AP019371.1_prot_BBH69294.1_5979	iHN637.CLJU_RS18655	27.7	274	191	4	37	309	41	308	6.30e-31	117
lcl|AP019371.1_prot_BBH69295.1_5980	iYO844.BSU30760	43.5	232	125	1	6	231	7	238	8.75e-58	183
lcl|AP019371.1_prot_BBH69296.1_5981	iYS854.USA300HOU_RS03425	32.3	260	173	3	5	264	9	265	1.95e-32	120
lcl|AP019371.1_prot_BBH69297.1_5982	iNF517.LLMG_RS05775	28.7	251	178	1	2	252	15	264	5.53e-24	97.4
lcl|AP019371.1_prot_BBH69297.1_5982	iSynCJ816.SGL_RS04630	31.9	254	173	0	3	256	28	281	7.82e-22	91.7
lcl|AP019371.1_prot_BBH69299.1_5984	iJN1463.PP_2805	59.7	486	190	2	1	481	9	493	3.58e-213	598
lcl|AP019371.1_prot_BBH69309.1_5994	iEK1008.Rv3045	63.2	329	121	0	2	330	18	346	9.63e-151	427
lcl|AP019371.1_prot_BBH69309.1_5994	iYO844.BSU27010	62.0	329	125	0	2	330	21	349	1.81e-144	411
lcl|AP019371.1_prot_BBH69312.1_5997	iJN1463.PP_1494	31.4	105	65	3	4	104	20	121	8.53e-07	48.1
lcl|AP019371.1_prot_BBH69312.1_5997	iAF987.Gmet_1914	26.4	110	79	2	1	110	1	108	5.84e-06	45.8
lcl|AP019371.1_prot_BBH69312.1_5997	iEK1008.Rv0386	41.7	48	28	0	145	192	1027	1074	6.98e-06	45.8
lcl|AP019371.1_prot_BBH69312.1_5997	iAF987.Gmet_0069	26.2	103	74	1	4	104	5	107	2.17e-05	43.9
lcl|AP019371.1_prot_BBH69315.1_6000	iEK1008.Rv2936	37.2	226	132	3	5	220	8	233	1.10e-41	144
lcl|AP019371.1_prot_BBH69315.1_6000	iCN900.CD630_16140	32.8	241	154	2	3	235	23	263	7.38e-40	137
lcl|AP019371.1_prot_BBH69315.1_6000	iCHOv1.100761226	37.2	239	139	6	5	235	899	1134	3.45e-36	135
lcl|AP019371.1_prot_BBH69315.1_6000	iMM1415.11303	37.2	239	139	6	5	235	899	1134	3.45e-36	135
lcl|AP019371.1_prot_BBH69316.1_6001	iAF987.Gmet_0069	37.3	83	46	2	46	123	49	130	6.98e-06	45.4
lcl|AP019371.1_prot_BBH69317.1_6002	iEK1008.Rv3518c	30.8	341	222	7	68	399	56	391	1.16e-39	145
lcl|AP019371.1_prot_BBH69319.1_6004	iML1515.b2542	32.7	388	210	10	11	364	18	388	2.72e-42	151
lcl|AP019371.1_prot_BBH69319.1_6004	iSSON_1240.SSON_2624	32.7	388	210	10	11	364	18	388	1.43e-41	149
lcl|AP019371.1_prot_BBH69320.1_6005	iCN718.ABAYE_RS09965	27.7	278	153	9	4	261	8	257	1.04e-09	57.4
lcl|AP019371.1_prot_BBH69320.1_6005	iYL1228.KPN_01091	37.9	132	71	3	134	261	116	240	9.05e-10	57.4
lcl|AP019371.1_prot_BBH69320.1_6005	iNF517.LLMG_RS08260	26.0	277	156	11	4	261	3	249	3.29e-09	55.8
lcl|AP019371.1_prot_BBH69320.1_6005	STM_v1_0.STM1195	36.4	129	77	2	134	261	116	240	1.03e-08	54.3
lcl|AP019371.1_prot_BBH69320.1_6005	iML1515.b1093	36.4	129	77	2	134	261	116	240	1.39e-08	53.9
lcl|AP019371.1_prot_BBH69320.1_6005	iAF987.Gmet_1694	29.7	273	142	10	4	261	6	243	1.40e-08	53.9
lcl|AP019371.1_prot_BBH69320.1_6005	iSbBS512_1146.SbBS512_E2231	36.4	129	77	2	134	261	116	240	1.39e-08	53.9
lcl|AP019371.1_prot_BBH69320.1_6005	iSDY_1059.SDY_2057	36.4	129	77	2	134	261	116	240	1.39e-08	53.9
lcl|AP019371.1_prot_BBH69320.1_6005	iSF_1195.SF1097	36.4	129	77	2	134	261	116	240	1.39e-08	53.9
lcl|AP019371.1_prot_BBH69320.1_6005	iSSON_1240.SSON_1113	36.4	129	77	2	134	261	116	240	1.39e-08	53.9
lcl|AP019371.1_prot_BBH69320.1_6005	iCN718.ABAYE_RS11380	27.7	274	150	10	4	263	6	245	3.45e-08	52.8
lcl|AP019371.1_prot_BBH69328.1_6013	iAF692.Mbar_A0753	33.7	264	153	8	5	262	7	254	1.64e-37	134
lcl|AP019371.1_prot_BBH69328.1_6013	iAF692.Mbar_A0920	32.2	267	163	6	5	267	4	256	1.23e-35	129
lcl|AP019371.1_prot_BBH69330.1_6015	iEK1008.Rv3703c	28.6	290	112	14	703	965	184	405	3.83e-14	75.5
lcl|AP019371.1_prot_BBH69331.1_6016	iJN1463.PP_3073	31.9	251	151	6	2	237	9	254	8.00e-28	106
lcl|AP019371.1_prot_BBH69331.1_6016	iYO844.BSU15910	29.5	258	142	5	2	238	8	246	1.87e-26	102
lcl|AP019371.1_prot_BBH69331.1_6016	iCN900.CD630_25770	27.8	252	156	5	1	238	6	245	1.38e-25	100
lcl|AP019371.1_prot_BBH69331.1_6016	iAF987.Gmet_1694	31.0	248	146	5	1	235	8	243	1.92e-25	99.8
lcl|AP019371.1_prot_BBH69331.1_6016	iCN900.CD630_26790	30.7	251	155	6	1	235	7	254	3.49e-25	99.4
lcl|AP019371.1_prot_BBH69331.1_6016	iYO844.BSU22140	33.1	248	143	9	2	237	16	252	6.30e-25	98.6
lcl|AP019371.1_prot_BBH69331.1_6016	iYS854.USA300HOU_RS13400	31.1	190	119	3	50	235	37	218	9.09e-25	97.8
lcl|AP019371.1_prot_BBH69332.1_6017	iCN718.ABAYE_RS14895	34.0	194	121	5	9	196	6	198	3.61e-21	87.4
lcl|AP019371.1_prot_BBH69337.1_6022	iHN637.CLJU_RS03265	54.7	422	183	3	5	419	3	423	2.46e-163	466
lcl|AP019371.1_prot_BBH69337.1_6022	iAF987.Gmet_2390	52.8	417	191	1	9	419	6	422	1.28e-153	441
lcl|AP019371.1_prot_BBH69337.1_6022	iEK1008.Rv3340	53.7	419	186	4	9	420	16	433	3.45e-151	436
lcl|AP019371.1_prot_BBH69337.1_6022	iLJ478.TM0882	54.3	422	184	4	9	422	6	426	7.33e-151	434
lcl|AP019371.1_prot_BBH69337.1_6022	iAF692.Mbar_A2427	52.0	421	195	2	9	423	38	457	8.43e-149	430
lcl|AP019371.1_prot_BBH69337.1_6022	iNF517.LLMG_RS00495	51.2	424	199	3	7	423	4	426	5.55e-147	424
lcl|AP019371.1_prot_BBH69338.1_6023	iJN1463.PP_5097	51.2	365	160	6	3	357	9	365	1.69e-109	325
lcl|AP019371.1_prot_BBH69338.1_6023	iAF987.Gmet_2783	45.5	374	181	6	3	366	2	362	1.03e-105	315
lcl|AP019371.1_prot_BBH69338.1_6023	iCN718.ABAYE_RS16385	46.0	374	184	3	3	366	7	372	2.87e-104	311
lcl|AP019371.1_prot_BBH69338.1_6023	iAF692.Mbar_A2428	38.7	447	183	6	3	368	21	457	2.84e-99	305
lcl|AP019371.1_prot_BBH69340.1_6025	iYO844.BSU26640	26.4	398	231	9	6	397	3	344	3.54e-39	143
lcl|AP019371.1_prot_BBH69341.1_6026	iAF987.Gmet_0043	27.6	250	164	6	138	373	20	266	1.25e-15	78.2
lcl|AP019371.1_prot_BBH69342.1_6027	iAF987.Gmet_0069	33.9	124	74	3	3	123	5	123	2.76e-11	61.6
lcl|AP019371.1_prot_BBH69342.1_6027	iAF987.Gmet_1914	33.3	114	70	2	2	115	3	110	6.95e-11	60.8
lcl|AP019371.1_prot_BBH69342.1_6027	iAF987.Gmet_1706	30.5	151	92	4	1	145	1	144	7.19e-11	60.5
lcl|AP019371.1_prot_BBH69342.1_6027	iAF987.Gmet_1919	33.9	124	72	2	3	124	5	120	4.79e-10	58.2
lcl|AP019371.1_prot_BBH69344.1_6029	iYO844.BSU26640	25.4	354	214	7	6	341	3	324	1.06e-26	108
lcl|AP019371.1_prot_BBH69359.1_6044	iYS854.USA300HOU_RS01730	37.5	136	70	4	8	132	92	223	1.06e-16	74.7
lcl|AP019371.1_prot_BBH69363.1_6048	iJN1463.PP_5357	41.8	280	161	1	3	280	7	286	1.70e-64	203
lcl|AP019371.1_prot_BBH69363.1_6048	iYL1228.KPN_01974	41.4	280	161	1	3	279	4	283	2.43e-60	192
lcl|AP019371.1_prot_BBH69363.1_6048	STM_v1_0.STM1450	40.0	280	165	1	3	279	4	283	1.37e-59	191
lcl|AP019371.1_prot_BBH69363.1_6048	iML1515.b1636	40.4	280	164	1	3	279	5	284	6.28e-58	186
lcl|AP019371.1_prot_BBH69363.1_6048	iPC815.YPO2368	39.3	280	167	1	3	279	4	283	8.62e-58	186
lcl|AP019371.1_prot_BBH69363.1_6048	iSSON_1240.SSON_1520	40.0	280	165	1	3	279	5	284	2.50e-57	185
lcl|AP019371.1_prot_BBH69363.1_6048	iSDY_1059.SDY_1859	39.6	280	166	1	3	279	5	284	9.92e-57	183
lcl|AP019371.1_prot_BBH69364.1_6049	iEK1008.Rv1239c	41.8	340	176	6	9	332	33	366	1.94e-78	243
lcl|AP019371.1_prot_BBH69365.1_6050	iEK1008.Rv2380c	33.7	602	360	15	11	583	419	1010	3.33e-58	221
lcl|AP019371.1_prot_BBH69365.1_6050	iJN1463.PP_4219	32.4	601	352	18	29	586	500	1089	7.33e-58	220
lcl|AP019371.1_prot_BBH69365.1_6050	iYL1228.KPN_00605	32.8	631	361	20	12	591	441	1059	4.84e-55	210
lcl|AP019371.1_prot_BBH69366.1_6051	iSynCJ816.SGL_RS17040	29.6	280	178	7	132	395	151	427	2.73e-25	108
lcl|AP019371.1_prot_BBH69369.1_6054	iAT_PLT_636.4905	27.5	171	102	6	453	607	242	406	1.54e-06	51.2
lcl|AP019371.1_prot_BBH69369.1_6054	iMM1415.18195	27.5	171	102	6	453	607	242	406	1.54e-06	51.2
lcl|AP019371.1_prot_BBH69381.1_6066	iEK1008.Rv1288	41.3	46	27	0	173	218	107	152	1.31e-04	42.0
lcl|AP019371.1_prot_BBH69389.1_6074	iEK1008.Rv0386	40.7	91	47	3	820	909	999	1083	9.47e-08	55.8
lcl|AP019371.1_prot_BBH69391.1_6076	STM_v1_0.STM0207	29.3	184	108	5	31	205	30	200	6.52e-11	62.0
lcl|AP019371.1_prot_BBH69391.1_6076	iPC815.YPO3384	29.8	191	112	6	29	210	28	205	1.62e-10	60.8
lcl|AP019371.1_prot_BBH69391.1_6076	iYL1228.KPN_00174	28.3	184	110	5	31	205	30	200	1.30e-09	58.2
lcl|AP019371.1_prot_BBH69391.1_6076	iML1515.b0159	28.8	184	109	5	31	205	30	200	1.75e-09	57.8
lcl|AP019371.1_prot_BBH69391.1_6076	iSbBS512_1146.SbBS512_E0151	28.8	184	109	5	31	205	30	200	1.75e-09	57.8
lcl|AP019371.1_prot_BBH69391.1_6076	iSDY_1059.SDY_0175	28.8	184	109	5	31	205	30	200	1.75e-09	57.8
lcl|AP019371.1_prot_BBH69391.1_6076	iSF_1195.SF0151	28.8	184	109	5	31	205	30	200	1.75e-09	57.8
lcl|AP019371.1_prot_BBH69391.1_6076	iSSON_1240.SSON_0171	28.8	184	109	5	31	205	30	200	1.75e-09	57.8
lcl|AP019371.1_prot_BBH69394.1_6079	iYS854.USA300HOU_RS07520	34.5	113	62	2	9	118	45	148	1.04e-12	65.1
lcl|AP019371.1_prot_BBH69394.1_6079	iMM904.YML008C	29.5	146	87	3	11	155	117	247	1.14e-11	63.2
lcl|AP019371.1_prot_BBH69394.1_6079	iLB1027_lipid.PHATRDRAFT_10824	28.7	164	78	4	8	159	55	191	1.81e-10	59.3
lcl|AP019371.1_prot_BBH69395.1_6080	iEK1008.Rv3032	29.4	428	247	15	7	414	1	393	3.56e-25	106
lcl|AP019371.1_prot_BBH69395.1_6080	iEK1008.Rv0486	29.2	456	237	17	6	422	44	452	1.14e-21	96.7
lcl|AP019371.1_prot_BBH69396.1_6081	iEK1008.Rv3617	37.7	77	45	1	1	74	29	105	8.25e-07	48.9
lcl|AP019371.1_prot_BBH69396.1_6081	iEK1008.Rv1938	35.8	81	49	1	1	78	30	110	8.90e-07	48.9
lcl|AP019371.1_prot_BBH69402.1_6087	iYO844.BSU03070	25.7	421	289	10	1	408	1	410	2.54e-24	105
lcl|AP019371.1_prot_BBH69408.1_6093	iAF987.Gmet_2629	39.2	171	89	4	314	477	375	537	4.21e-24	105
lcl|AP019371.1_prot_BBH69408.1_6093	iJN1463.PP_1144	37.1	159	97	3	320	477	284	440	2.93e-22	100
lcl|AP019371.1_prot_BBH69408.1_6093	iJN1463.PP_3581	37.9	161	98	2	319	479	257	415	3.63e-22	99.8
lcl|AP019371.1_prot_BBH69408.1_6093	iAF987.Gmet_3085	33.9	174	111	3	307	477	440	612	1.05e-21	98.6
lcl|AP019371.1_prot_BBH69411.1_6096	iAF987.Gmet_3085	35.1	111	67	2	139	244	213	323	1.64e-07	54.3
lcl|AP019371.1_prot_BBH69411.1_6096	iAF987.Gmet_1914	25.7	105	78	0	518	622	4	108	3.55e-07	52.8
lcl|AP019371.1_prot_BBH69411.1_6096	iAF987.Gmet_2999	28.0	118	83	2	518	633	10	127	2.02e-06	50.1
lcl|AP019371.1_prot_BBH69411.1_6096	iAF987.Gmet_1706	27.7	119	80	3	518	633	3	118	4.14e-06	48.9
lcl|AP019371.1_prot_BBH69412.1_6097	iML1515.b2411	35.5	685	385	18	6	650	2	669	1.24e-91	297
lcl|AP019371.1_prot_BBH69412.1_6097	iSDY_1059.SDY_2608	35.4	684	387	17	6	650	2	669	1.73e-91	297
lcl|AP019371.1_prot_BBH69412.1_6097	iSF_1195.SF2466	35.3	685	386	18	6	650	2	669	2.42e-91	296
lcl|AP019371.1_prot_BBH69412.1_6097	iSSON_1240.SSON_2500	35.3	685	386	18	6	650	2	669	6.63e-91	295
lcl|AP019371.1_prot_BBH69412.1_6097	iYL1228.KPN_02758	35.2	682	387	18	8	650	4	669	5.19e-89	290
lcl|AP019371.1_prot_BBH69412.1_6097	STM_v1_0.STM2427	35.0	683	387	19	8	650	4	669	2.77e-88	288
lcl|AP019371.1_prot_BBH69414.1_6099	iJN1463.PP_2647	31.4	306	208	2	3	307	24	328	4.87e-36	135
lcl|AP019371.1_prot_BBH69414.1_6099	iML1515.b1528	31.3	339	227	3	8	343	18	353	5.49e-36	135
lcl|AP019371.1_prot_BBH69414.1_6099	iSbBS512_1146.SbBS512_E1677	31.3	339	227	3	8	343	18	353	5.49e-36	135
lcl|AP019371.1_prot_BBH69414.1_6099	iSF_1195.SF1566	29.8	336	236	0	8	343	18	353	2.92e-36	135
lcl|AP019371.1_prot_BBH69414.1_6099	iSSON_1240.SSON_1600	31.3	339	227	3	8	343	18	353	5.49e-36	135
lcl|AP019371.1_prot_BBH69414.1_6099	iYL1228.KPN_01628	32.0	344	218	6	8	343	18	353	7.79e-35	132
lcl|AP019371.1_prot_BBH69414.1_6099	STM_v1_0.STM1522	31.0	339	228	3	8	343	18	353	1.02e-34	132
lcl|AP019371.1_prot_BBH69415.1_6100	iPC815.YPO0676	56.2	267	115	1	4	268	7	273	1.24e-94	279
lcl|AP019371.1_prot_BBH69415.1_6100	iYL1228.KPN_03432	54.3	269	121	1	4	270	7	275	1.65e-94	279
lcl|AP019371.1_prot_BBH69415.1_6100	iML1515.b3012	53.5	269	123	1	4	270	7	275	4.39e-92	273
lcl|AP019371.1_prot_BBH69415.1_6100	iSbBS512_1146.SbBS512_E3440	53.2	269	124	1	4	270	7	275	3.56e-91	270
lcl|AP019371.1_prot_BBH69415.1_6100	STM_v1_0.STM3165	53.2	269	124	1	4	270	7	275	2.89e-90	268
lcl|AP019371.1_prot_BBH69419.1_6104	iEK1008.Rv2245	48.1	401	207	1	2	401	13	413	2.54e-119	352
lcl|AP019371.1_prot_BBH69419.1_6104	iEK1008.Rv2246	48.8	402	203	3	3	401	34	435	1.43e-110	331
lcl|AP019371.1_prot_BBH69420.1_6105	iYO844.BSU40850	38.4	172	105	1	1	172	14	184	3.81e-36	124
lcl|AP019371.1_prot_BBH69420.1_6105	iML1515.b0459	46.5	172	91	1	1	172	13	183	5.24e-36	123
lcl|AP019371.1_prot_BBH69420.1_6105	iSDY_1059.SDY_0460	46.5	172	91	1	1	172	13	183	5.24e-36	123
lcl|AP019371.1_prot_BBH69420.1_6105	iSSON_1240.SSON_0446	46.5	172	91	1	1	172	13	183	5.24e-36	123
lcl|AP019371.1_prot_BBH69420.1_6105	iSbBS512_1146.SbBS512_E0391	45.3	172	93	1	1	172	13	183	7.47e-33	115
lcl|AP019371.1_prot_BBH69420.1_6105	iCN900.CD630_08720	42.8	166	95	0	9	174	20	185	1.11e-32	115
lcl|AP019371.1_prot_BBH69420.1_6105	iYL1228.KPN_00440	37.2	172	107	1	1	172	13	183	3.40e-32	114
lcl|AP019371.1_prot_BBH69420.1_6105	iNF517.LLMG_RS03835	49.3	142	72	0	36	177	47	188	1.89e-31	112
lcl|AP019371.1_prot_BBH69423.1_6108	iYO844.BSU19580	32.0	493	293	13	13	494	13	474	3.91e-61	209
lcl|AP019371.1_prot_BBH69430.1_6115	iHN637.CLJU_RS00595	54.3	532	242	1	1	531	1	532	5.15e-202	572
lcl|AP019371.1_prot_BBH69433.1_6118	iAF987.Gmet_0957	38.2	434	243	7	319	731	190	619	9.97e-77	259
lcl|AP019371.1_prot_BBH69433.1_6118	iAF987.Gmet_3085	36.5	427	252	5	319	727	454	879	3.63e-72	252
lcl|AP019371.1_prot_BBH69433.1_6118	iAF987.Gmet_0700	38.5	418	234	8	328	725	398	812	3.81e-71	248
lcl|AP019371.1_prot_BBH69433.1_6118	iAF987.Gmet_0987	37.9	417	241	6	328	727	364	779	4.81e-71	247
lcl|AP019371.1_prot_BBH69433.1_6118	iAF987.Gmet_2629	37.0	414	238	6	328	722	389	798	2.69e-66	234
lcl|AP019371.1_prot_BBH69433.1_6118	iAF987.Gmet_0782	34.2	421	259	5	328	731	305	724	1.07e-66	234
lcl|AP019371.1_prot_BBH69436.1_6121	iIS312.TCDM_14202	37.6	85	49	2	54	137	64	145	1.29e-06	45.1
lcl|AP019371.1_prot_BBH69439.1_6124	iJN1463.PP_1494	32.8	116	73	3	4	116	20	133	1.67e-08	53.5
lcl|AP019371.1_prot_BBH69443.1_6128	iCHOv1.100751291	32.8	186	117	3	6	186	50	232	1.10e-23	97.1
lcl|AP019371.1_prot_BBH69444.1_6129	iJN1463.PP_1494	33.9	118	74	2	4	121	20	133	1.56e-09	56.6
lcl|AP019371.1_prot_BBH69446.1_6131	iCN900.CD630_19470	43.6	218	119	3	4	218	9	225	9.92e-53	169
lcl|AP019371.1_prot_BBH69446.1_6131	iJN1463.PP_4210	44.1	220	119	2	2	218	3	221	2.67e-48	167
lcl|AP019371.1_prot_BBH69446.1_6131	STM_v1_0.STM0247	43.9	221	120	3	5	222	2	221	7.73e-49	162
lcl|AP019371.1_prot_BBH69446.1_6131	iPC815.YPO1073	43.2	222	122	3	5	223	2	222	7.73e-49	162
lcl|AP019371.1_prot_BBH69446.1_6131	iYL1228.KPN_00213	43.9	221	120	3	5	222	2	221	4.28e-48	160
lcl|AP019371.1_prot_BBH69446.1_6131	iML1515.b0199	43.0	221	122	3	5	222	2	221	4.70e-47	158
lcl|AP019371.1_prot_BBH69446.1_6131	iSDY_1059.SDY_0218	43.0	221	122	3	5	222	2	221	4.70e-47	158
lcl|AP019371.1_prot_BBH69446.1_6131	iSbBS512_1146.SbBS512_E0193	43.0	221	122	3	5	222	2	221	6.61e-47	157
lcl|AP019371.1_prot_BBH69446.1_6131	iSSON_1240.SSON_0213	43.0	221	122	3	5	222	2	221	6.61e-47	157
lcl|AP019371.1_prot_BBH69446.1_6131	iYO844.BSU30420	44.4	187	103	1	20	205	23	209	1.41e-47	156
lcl|AP019371.1_prot_BBH69446.1_6131	iYO844.BSU32750	38.9	221	131	3	5	222	2	221	4.90e-46	155
lcl|AP019371.1_prot_BBH69446.1_6131	iSF_1195.SF0190	42.5	221	123	3	5	222	2	221	5.14e-46	155
lcl|AP019371.1_prot_BBH69450.1_6135	iEK1008.Rv3777	28.3	325	184	11	10	307	26	328	3.34e-21	91.7
lcl|AP019371.1_prot_BBH69450.1_6135	iJN1463.PP_0072	30.6	317	181	9	10	306	27	324	6.07e-21	90.9
lcl|AP019371.1_prot_BBH69450.1_6135	iEK1008.Rv2940c	29.3	311	199	6	10	309	1445	1745	9.51e-19	86.7
lcl|AP019371.1_prot_BBH69450.1_6135	iEK1008.Rv1912c	29.6	284	170	5	47	306	56	333	1.94e-18	84.0
lcl|AP019371.1_prot_BBH69450.1_6135	iEK1008.Rv2048c	30.4	312	183	10	9	307	1383	1673	8.04e-18	84.0
lcl|AP019371.1_prot_BBH69450.1_6135	iEK1008.Rv3141	31.8	308	184	10	14	308	28	322	2.37e-18	83.6
lcl|AP019371.1_prot_BBH69451.1_6136	iEK1008.Rv0672	52.7	541	245	5	2	537	4	538	9.87e-183	524
lcl|AP019371.1_prot_BBH69452.1_6137	iLB1027_lipid.PHATRDRAFT_45660	26.7	258	144	6	151	363	170	427	2.60e-08	55.8
lcl|AP019371.1_prot_BBH69454.1_6139	iAF987.Gmet_0957	45.1	419	216	7	331	738	199	614	2.66e-92	301
lcl|AP019371.1_prot_BBH69454.1_6139	iAF987.Gmet_0782	40.7	427	242	5	331	748	305	729	4.40e-87	290
lcl|AP019371.1_prot_BBH69454.1_6139	iAF987.Gmet_3085	40.7	425	238	6	331	744	463	884	3.80e-85	288
lcl|AP019371.1_prot_BBH69454.1_6139	iAF987.Gmet_2629	40.4	421	239	5	331	742	389	806	8.33e-82	277
lcl|AP019371.1_prot_BBH69454.1_6139	iAF987.Gmet_0987	39.9	421	240	6	331	741	364	781	4.94e-81	275
lcl|AP019371.1_prot_BBH69458.1_6143	iAF987.Gmet_0069	36.0	125	61	3	5	117	6	123	1.17e-14	71.2
lcl|AP019371.1_prot_BBH69463.1_6148	iHN637.CLJU_RS10220	26.6	312	182	6	77	344	6	314	1.23e-33	126
lcl|AP019371.1_prot_BBH69467.1_6152	iYO844.BSU40320	31.8	170	103	3	103	259	90	259	1.37e-15	75.1
lcl|AP019371.1_prot_BBH69467.1_6152	iAT_PLT_636.383	28.2	213	134	4	100	294	99	310	9.88e-14	70.1
lcl|AP019371.1_prot_BBH69469.1_6154	iLJ478.TM1624	35.4	638	392	10	1	630	1	626	1.05e-111	358
lcl|AP019371.1_prot_BBH69470.1_6155	iAF987.Gmet_1639	35.9	170	93	3	149	308	103	266	6.92e-15	74.3
lcl|AP019371.1_prot_BBH69470.1_6155	iNF517.LLMG_RS11535	39.2	102	57	1	144	240	97	198	1.02e-13	70.9
lcl|AP019371.1_prot_BBH69475.1_6160	iEK1008.Rv3569c	31.9	113	74	1	48	157	29	141	2.18e-08	53.9
lcl|AP019371.1_prot_BBH69475.1_6160	iJN1463.PP_0553	26.2	294	179	9	15	289	93	367	1.62e-07	51.6
lcl|AP019371.1_prot_BBH69479.1_6164	iEK1008.Rv3588c	39.3	178	107	1	9	185	19	196	3.23e-38	130
lcl|AP019371.1_prot_BBH69479.1_6164	iAF987.Gmet_1242	45.4	163	80	2	29	185	69	228	1.29e-37	129
lcl|AP019371.1_prot_BBH69479.1_6164	iCN718.ABAYE_RS14015	44.8	165	84	3	27	184	36	200	1.19e-37	128
lcl|AP019371.1_prot_BBH69480.1_6165	iAF987.Gmet_0069	29.5	122	79	1	4	125	5	119	2.85e-07	47.8
lcl|AP019371.1_prot_BBH69486.1_6171	iEK1008.Rv3617	25.9	320	183	13	7	283	9	317	3.95e-18	82.4
lcl|AP019371.1_prot_BBH69486.1_6171	iCHOv1.100761937	35.7	112	66	3	16	125	84	191	2.61e-15	74.7
lcl|AP019371.1_prot_BBH69486.1_6171	iEK1008.Rv3670	28.2	277	167	10	25	282	57	320	2.87e-15	74.3
lcl|AP019371.1_prot_BBH69488.1_6173	iML1515.b4141	31.1	418	259	10	6	411	12	412	2.79e-25	106
lcl|AP019371.1_prot_BBH69489.1_6174	iJN1463.PP_5011	27.7	119	78	2	24	137	55	170	1.37e-04	42.0
lcl|AP019371.1_prot_BBH69493.1_6178	iSynCJ816.SGL_RS16080	32.6	95	62	1	11	105	18	110	1.37e-09	58.9
lcl|AP019371.1_prot_BBH69495.1_6180	iMM1415.74246	28.1	224	127	8	1	203	1	211	1.97e-12	66.2
lcl|AP019371.1_prot_BBH69495.1_6180	iJN1463.PP_3129	26.5	317	170	13	6	279	5	301	1.72e-12	66.2
lcl|AP019371.1_prot_BBH69495.1_6180	iYL1228.KPN_00773	28.8	219	122	7	3	203	2	204	3.45e-12	65.5
lcl|AP019371.1_prot_BBH69495.1_6180	iYO844.BSU38860	27.8	209	134	5	4	203	3	203	6.31e-12	64.7
lcl|AP019371.1_prot_BBH69495.1_6180	STM_v1_0.STM0776	28.6	220	121	8	3	203	2	204	2.80e-11	62.8
lcl|AP019371.1_prot_BBH69495.1_6180	iCHOv1.100759306	27.5	222	127	8	3	203	20	228	1.01e-10	61.2
lcl|AP019371.1_prot_BBH69495.1_6180	iAT_PLT_636.2582	27.5	222	127	9	3	203	4	212	1.29e-10	60.8
lcl|AP019371.1_prot_BBH69497.1_6182	iSbBS512_1146.SbBS512_E2575	32.3	130	60	5	14	136	32	140	1.58e-07	50.1
lcl|AP019371.1_prot_BBH69497.1_6182	iSSON_1240.SSON_0756	32.3	130	60	5	14	136	32	140	1.58e-07	50.1
lcl|AP019371.1_prot_BBH69497.1_6182	iSDY_1059.SDY_0829	32.3	130	60	5	14	136	32	140	2.15e-07	49.7
lcl|AP019371.1_prot_BBH69497.1_6182	iSF_1195.SF0727	36.5	104	50	4	40	136	46	140	2.91e-07	49.3
lcl|AP019371.1_prot_BBH69497.1_6182	iML1515.b0777	38.3	94	43	4	40	120	46	137	7.22e-07	48.1
lcl|AP019371.1_prot_BBH69497.1_6182	iJN1463.PP_5098	33.6	107	57	4	39	140	23	120	7.66e-07	47.8
lcl|AP019371.1_prot_BBH69499.1_6184	iAF987.Gmet_0363	35.6	205	128	3	35	236	29	232	1.19e-33	120
lcl|AP019371.1_prot_BBH69502.1_6187	iJN1463.PP_3073	36.6	183	95	7	5	171	8	185	2.20e-15	72.4
lcl|AP019371.1_prot_BBH69502.1_6187	iYL1228.KPN_01091	30.3	221	134	5	4	206	7	225	2.49e-14	69.3
lcl|AP019371.1_prot_BBH69502.1_6187	iAF987.Gmet_1531	31.1	183	108	4	4	171	8	187	1.81e-13	67.0
lcl|AP019371.1_prot_BBH69502.1_6187	iNF517.LLMG_RS08950	31.4	185	111	4	7	177	10	192	1.69e-13	67.0
lcl|AP019371.1_prot_BBH69502.1_6187	iML1515.b1093	31.6	187	114	4	4	178	7	191	3.24e-13	66.2
lcl|AP019371.1_prot_BBH69502.1_6187	iSbBS512_1146.SbBS512_E2231	31.6	187	114	4	4	178	7	191	3.24e-13	66.2
lcl|AP019371.1_prot_BBH69502.1_6187	iSF_1195.SF1097	31.6	187	114	4	4	178	7	191	3.24e-13	66.2
lcl|AP019371.1_prot_BBH69502.1_6187	iSSON_1240.SSON_1113	31.6	187	114	4	4	178	7	191	3.24e-13	66.2
lcl|AP019371.1_prot_BBH69502.1_6187	STM_v1_0.STM1195	32.1	187	113	4	4	178	7	191	6.13e-13	65.5
lcl|AP019371.1_prot_BBH69503.1_6188	iEK1008.Rv0386	41.1	56	32	1	177	231	1019	1074	6.31e-04	40.4
lcl|AP019371.1_prot_BBH69504.1_6189	iSynCJ816.SGL_RS05755	39.8	176	101	1	5	175	7	182	6.34e-37	126
lcl|AP019371.1_prot_BBH69504.1_6189	iEK1008.Rv0733	40.2	174	97	2	5	173	3	174	6.04e-36	123
lcl|AP019371.1_prot_BBH69504.1_6189	iYS854.USA300HOU_RS12070	32.4	210	106	2	5	178	3	212	8.49e-35	121
lcl|AP019371.1_prot_BBH69504.1_6189	iNF517.LLMG_RS11835	33.0	212	104	3	5	178	3	214	5.28e-33	117
lcl|AP019371.1_prot_BBH69504.1_6189	iAF692.Mbar_A0086	32.7	205	103	2	5	174	3	207	2.09e-32	115
lcl|AP019371.1_prot_BBH69507.1_6192	iEK1008.Rv3518c	29.5	356	232	5	22	374	27	366	8.72e-39	143
lcl|AP019371.1_prot_BBH69510.1_6195	iYO844.BSU02750	32.2	214	138	4	19	225	20	233	1.45e-26	102
lcl|AP019371.1_prot_BBH69510.1_6195	iEK1008.Rv2936	32.3	235	147	5	5	228	8	241	4.77e-24	97.8
lcl|AP019371.1_prot_BBH69510.1_6195	iCHOv1.100761226	34.2	219	131	5	5	213	899	1114	1.46e-22	95.9
lcl|AP019371.1_prot_BBH69510.1_6195	iMM1415.11303	34.7	219	130	6	5	213	899	1114	3.64e-22	94.7
lcl|AP019371.1_prot_BBH69510.1_6195	iJN1463.PP_2668	32.9	237	149	5	5	232	4	239	1.63e-23	94.7
lcl|AP019371.1_prot_BBH69510.1_6195	iYL1228.KPN_00838	30.6	219	143	2	4	213	1	219	7.68e-23	92.8
lcl|AP019371.1_prot_BBH69512.1_6197	iJN1463.PP_1494	36.5	115	70	2	6	118	20	133	1.10e-08	53.9
lcl|AP019371.1_prot_BBH69514.1_6199	iJN1463.PP_2239	38.5	265	157	4	12	272	17	279	2.51e-42	147
lcl|AP019371.1_prot_BBH69514.1_6199	iYL1228.KPN_00842	37.0	270	158	4	11	273	15	279	2.91e-40	141
lcl|AP019371.1_prot_BBH69526.1_6211	iAF692.Mbar_A0408	32.5	209	110	5	55	232	16	224	5.71e-26	100
lcl|AP019371.1_prot_BBH69532.1_6217	iLB1027_lipid.PHATRDRAFT_45660	32.2	242	114	7	9	203	186	424	7.70e-19	86.3
lcl|AP019371.1_prot_BBH69533.1_6218	iJN1463.PP_3970	43.7	405	199	7	8	400	1	388	2.11e-99	301
lcl|AP019371.1_prot_BBH69533.1_6218	iYO844.BSU26970	44.5	400	193	9	8	400	1	378	3.86e-97	294
lcl|AP019371.1_prot_BBH69538.1_6223	iAF987.Gmet_2349	31.8	478	291	12	123	588	111	565	4.96e-48	176
lcl|AP019371.1_prot_BBH69538.1_6223	iPC815.YPO3144	29.1	580	376	11	19	585	11	568	8.40e-45	167
lcl|AP019371.1_prot_BBH69538.1_6223	iJN1463.PP_3466	30.2	550	344	12	38	569	30	557	1.30e-44	166
lcl|AP019371.1_prot_BBH69538.1_6223	iJN1463.PP_4935	30.3	475	311	7	120	590	132	590	1.79e-43	164
lcl|AP019371.1_prot_BBH69538.1_6223	iPC815.YPO1395	27.6	489	316	8	114	588	111	575	2.31e-42	160
lcl|AP019371.1_prot_BBH69538.1_6223	iPC815.YPO1913	32.3	412	248	12	192	595	191	579	3.91e-42	160
lcl|AP019371.1_prot_BBH69539.1_6224	iAF987.Gmet_2634	32.1	532	321	10	74	598	66	564	1.37e-43	164
lcl|AP019371.1_prot_BBH69540.1_6225	STM_v1_0.STM0848	41.0	558	298	8	2	528	11	568	1.43e-127	385
lcl|AP019371.1_prot_BBH69540.1_6225	iML1515.b0829	40.1	558	303	6	2	528	11	568	6.31e-126	381
lcl|AP019371.1_prot_BBH69540.1_6225	iSSON_1240.SSON_0811	40.2	557	302	6	3	528	1	557	9.14e-126	380
lcl|AP019371.1_prot_BBH69540.1_6225	iYL1228.KPN_00862	43.2	539	269	10	22	528	32	565	2.23e-125	380
lcl|AP019371.1_prot_BBH69540.1_6225	iSbBS512_1146.SbBS512_E2519	41.0	558	298	9	2	528	11	568	3.53e-125	379
lcl|AP019371.1_prot_BBH69540.1_6225	iSDY_1059.SDY_0758	40.2	557	302	6	3	528	1	557	7.22e-125	378
lcl|AP019371.1_prot_BBH69540.1_6225	iEK1008.Rv1281c	42.3	584	258	8	22	528	23	604	1.44e-124	377
lcl|AP019371.1_prot_BBH69540.1_6225	iSF_1195.SF0779	40.0	557	303	6	3	528	1	557	8.05e-124	375
lcl|AP019371.1_prot_BBH69540.1_6225	iJN1463.PP_4150	41.2	534	294	5	2	526	5	527	5.00e-123	371
lcl|AP019371.1_prot_BBH69541.1_6226	iSSON_1240.SSON_1639	41.6	221	129	0	67	287	68	288	1.53e-50	168
lcl|AP019371.1_prot_BBH69541.1_6226	iML1515.b1485	41.6	221	129	0	67	287	68	288	2.15e-50	167
lcl|AP019371.1_prot_BBH69541.1_6226	iSbBS512_1146.SbBS512_E1748	36.1	277	171	2	13	287	12	284	3.31e-48	162
lcl|AP019371.1_prot_BBH69541.1_6226	iYS854.USA300HOU_RS01060	40.8	218	128	1	69	286	164	380	8.57e-47	160
lcl|AP019371.1_prot_BBH69541.1_6226	iJN1463.PP_0880	37.0	262	154	4	35	286	38	298	2.04e-46	157
lcl|AP019371.1_prot_BBH69542.1_6227	iSSON_1240.SSON_0813	37.4	313	186	5	1	311	1	305	3.15e-52	174
lcl|AP019371.1_prot_BBH69542.1_6227	iSF_1195.SF0781	37.4	313	186	5	1	311	1	305	8.80e-52	172
lcl|AP019371.1_prot_BBH69542.1_6227	iML1515.b0831	37.1	313	187	5	1	311	1	305	3.45e-51	171
lcl|AP019371.1_prot_BBH69542.1_6227	iSDY_1059.SDY_0756	37.1	313	187	5	1	311	1	305	3.45e-51	171
lcl|AP019371.1_prot_BBH69542.1_6227	iSbBS512_1146.SbBS512_E2517	36.7	313	188	5	1	311	1	305	5.31e-50	168
lcl|AP019371.1_prot_BBH69542.1_6227	STM_v1_0.STM0850	37.4	313	186	5	1	311	1	305	7.47e-50	167
lcl|AP019371.1_prot_BBH69542.1_6227	iYL1228.KPN_00864	36.1	313	190	5	1	311	1	305	2.66e-46	158
lcl|AP019371.1_prot_BBH69543.1_6228	iAF692.Mbar_A0473	31.2	356	199	12	80	421	91	414	2.24e-31	127
lcl|AP019371.1_prot_BBH69543.1_6228	STM_v1_0.STM0849	24.2	499	347	12	49	542	37	509	4.36e-28	117
lcl|AP019371.1_prot_BBH69543.1_6228	iSF_1195.SF3494	25.6	450	293	14	82	514	66	490	6.44e-28	117
lcl|AP019371.1_prot_BBH69543.1_6228	iSDY_1059.SDY_0757	24.8	501	342	13	49	542	37	509	1.06e-27	116
lcl|AP019371.1_prot_BBH69543.1_6228	iML1515.b3476	25.6	450	293	14	82	514	66	490	1.57e-27	115
lcl|AP019371.1_prot_BBH69543.1_6228	iSSON_1240.SSON_3714	25.9	451	290	16	82	514	66	490	1.57e-27	115
lcl|AP019371.1_prot_BBH69543.1_6228	iML1515.b0830	25.3	501	339	15	49	542	37	509	2.59e-27	115
lcl|AP019371.1_prot_BBH69543.1_6228	iSF_1195.SF0780	25.3	501	339	15	49	542	37	509	2.59e-27	115
lcl|AP019371.1_prot_BBH69543.1_6228	iSSON_1240.SSON_0812	25.3	501	339	15	49	542	37	509	2.59e-27	115
lcl|AP019371.1_prot_BBH69544.1_6229	iYO844.BSU04520	29.2	363	246	5	11	370	17	371	2.83e-40	146
lcl|AP019371.1_prot_BBH69545.1_6230	iJN1463.PP_3219	39.7	358	204	4	14	360	3	359	3.70e-76	239
lcl|AP019371.1_prot_BBH69548.1_6233	iEK1008.Rv2291	50.2	281	112	4	390	662	22	282	1.66e-71	233
lcl|AP019371.1_prot_BBH69549.1_6234	iEK1008.Rv1257c	45.9	431	216	7	6	423	29	455	2.67e-103	313
lcl|AP019371.1_prot_BBH69549.1_6234	iYO844.BSU28680	43.2	417	223	6	18	421	41	456	2.55e-92	286
lcl|AP019371.1_prot_BBH69556.1_6241	iJN1463.PP_3219	22.9	349	215	12	84	425	63	364	8.51e-06	47.4
lcl|AP019371.1_prot_BBH69556.1_6241	iSF_1195.SF0934	24.6	183	115	5	79	260	60	220	2.72e-05	45.8
lcl|AP019371.1_prot_BBH69558.1_6243	iJN1463.PP_0072	31.2	333	189	12	2	306	3	323	1.22e-21	92.8
lcl|AP019371.1_prot_BBH69558.1_6243	iJN1463.PP_3606	30.0	323	199	10	6	307	7	323	2.62e-19	86.3
lcl|AP019371.1_prot_BBH69558.1_6243	iEK1008.Rv1662	39.0	182	96	4	10	188	1356	1525	7.21e-18	84.0
lcl|AP019371.1_prot_BBH69561.1_6246	iYL1228.KPN_00842	36.4	264	162	3	8	267	25	286	3.12e-38	135
lcl|AP019371.1_prot_BBH69561.1_6246	iML1515.b0813	35.1	239	149	3	8	242	25	261	4.03e-34	124
lcl|AP019371.1_prot_BBH69561.1_6246	iJN1463.PP_2239	35.9	256	156	5	8	258	26	278	4.03e-34	124
lcl|AP019371.1_prot_BBH69561.1_6246	STM_v1_0.STM0832	35.1	239	149	3	8	242	25	261	4.03e-34	124
lcl|AP019371.1_prot_BBH69561.1_6246	iSbBS512_1146.SbBS512_E2535	35.1	239	149	3	8	242	25	261	4.03e-34	124
lcl|AP019371.1_prot_BBH69561.1_6246	iSSON_1240.SSON_0793	35.1	239	149	3	8	242	25	261	4.03e-34	124
lcl|AP019371.1_prot_BBH69574.1_6259	iSbBS512_1146.SbBS512_E0599	26.3	369	230	13	6	369	8	339	6.15e-11	65.1
lcl|AP019371.1_prot_BBH69574.1_6259	iML1515.b0650	25.9	367	234	13	6	369	8	339	8.12e-11	64.7
lcl|AP019371.1_prot_BBH69574.1_6259	iSSON_1240.SSON_0604	25.6	367	235	12	6	369	8	339	8.12e-11	64.7
lcl|AP019371.1_prot_BBH69581.1_6266	iML1515.b2478	33.9	274	155	6	4	254	3	273	9.03e-35	126
lcl|AP019371.1_prot_BBH69581.1_6266	iSF_1195.SF2521	33.9	274	155	6	4	254	3	273	9.03e-35	126
lcl|AP019371.1_prot_BBH69581.1_6266	iSbBS512_1146.SbBS512_E2850	33.6	274	156	6	4	254	3	273	3.48e-34	124
lcl|AP019371.1_prot_BBH69581.1_6266	iSSON_1240.SSON_2559	33.6	274	156	6	4	254	3	273	3.48e-34	124
lcl|AP019371.1_prot_BBH69581.1_6266	iSDY_1059.SDY_2667	33.6	274	156	6	4	254	3	273	4.88e-34	124
lcl|AP019371.1_prot_BBH69581.1_6266	STM_v1_0.STM2489	33.5	272	159	6	4	254	3	273	1.34e-33	123
lcl|AP019371.1_prot_BBH69581.1_6266	iCN718.ABAYE_RS00850	35.4	274	152	8	3	254	8	278	2.09e-33	122
lcl|AP019371.1_prot_BBH69581.1_6266	iSynCJ816.SGL_RS16925	33.0	279	162	8	10	266	17	292	1.71e-32	120
lcl|AP019371.1_prot_BBH69581.1_6266	iYL1228.KPN_02812	32.8	274	158	7	4	254	3	273	1.06e-31	118
lcl|AP019371.1_prot_BBH69581.1_6266	iYO844.BSU16770	30.8	276	167	8	1	254	1	274	2.00e-31	117
lcl|AP019371.1_prot_BBH69583.1_6268	iYO844.BSU30450	27.8	209	148	2	18	225	15	221	5.73e-21	90.1
lcl|AP019371.1_prot_BBH69585.1_6270	iEK1008.Rv3266c	34.8	244	130	9	2	228	7	238	1.48e-19	85.9
lcl|AP019371.1_prot_BBH69585.1_6270	iMM1415.108645	28.8	267	171	6	2	250	19	284	4.43e-18	82.0
lcl|AP019371.1_prot_BBH69585.1_6270	iAT_PLT_636.27430	29.5	268	168	7	2	250	19	284	6.07e-18	81.6
lcl|AP019371.1_prot_BBH69585.1_6270	iCHOv1.100772831	27.7	267	174	6	2	250	30	295	1.73e-17	80.5
lcl|AP019371.1_prot_BBH69585.1_6270	iHN637.CLJU_RS02625	32.1	252	146	9	1	233	1	246	2.18e-17	79.7
lcl|AP019371.1_prot_BBH69590.1_6275	iEK1008.Rv2936	37.6	226	125	5	10	223	7	228	2.10e-39	140
lcl|AP019371.1_prot_BBH69593.1_6278	iAF987.Gmet_1919	27.7	101	71	1	4	104	5	103	2.27e-04	40.8
lcl|AP019371.1_prot_BBH69595.1_6280	iJN1463.PP_0118	32.3	223	110	7	11	229	11	196	2.44e-17	81.6
lcl|AP019371.1_prot_BBH69595.1_6280	iPC815.YPO2060	32.8	195	90	4	24	214	23	180	7.53e-17	80.1
lcl|AP019371.1_prot_BBH69595.1_6280	iSynCJ816.SGL_RS01940	31.7	230	130	9	6	228	10	219	2.40e-16	79.0
lcl|AP019371.1_prot_BBH69595.1_6280	iYO844.BSU33160	33.7	187	108	5	6	192	1	171	3.76e-15	77.4
lcl|AP019371.1_prot_BBH69595.1_6280	iAF987.Gmet_2439	32.3	217	119	7	16	228	17	209	2.08e-15	75.9
lcl|AP019371.1_prot_BBH69595.1_6280	iJN1463.PP_2416	31.7	208	119	5	10	214	16	203	2.43e-15	75.9
lcl|AP019371.1_prot_BBH69595.1_6280	iJN1463.PP_4327	33.6	214	110	7	5	213	4	190	3.36e-15	74.3
lcl|AP019371.1_prot_BBH69596.1_6281	iEK1008.Rv2136c	39.8	279	162	4	1	277	1	275	3.27e-68	212
lcl|AP019371.1_prot_BBH69610.1_6295	iSynCJ816.SGL_RS16080	32.1	134	79	4	18	139	18	151	2.10e-10	58.5
lcl|AP019371.1_prot_BBH69614.1_6299	iAF987.Gmet_0363	34.8	198	108	7	29	222	53	233	8.87e-17	76.6
lcl|AP019371.1_prot_BBH69618.1_6303	iML1515.b0543	35.3	85	55	0	13	97	14	98	1.64e-07	45.4
lcl|AP019371.1_prot_BBH69618.1_6303	iML1515.b1600	30.9	94	59	1	8	101	16	103	1.08e-06	43.5
lcl|AP019371.1_prot_BBH69618.1_6303	iSbBS512_1146.SbBS512_E1786	30.9	94	59	1	8	101	16	103	1.08e-06	43.5
lcl|AP019371.1_prot_BBH69618.1_6303	iSDY_1059.SDY_1553	30.9	94	59	1	8	101	16	103	1.08e-06	43.5
lcl|AP019371.1_prot_BBH69618.1_6303	iSF_1195.SF1621	30.9	94	59	1	8	101	16	103	1.08e-06	43.5
lcl|AP019371.1_prot_BBH69618.1_6303	iSSON_1240.SSON_1560	30.9	94	59	1	8	101	16	103	1.08e-06	43.5
lcl|AP019371.1_prot_BBH69640.1_6325	iSSON_1240.SSON_0297	31.8	393	222	14	2	378	16	378	2.94e-24	105
lcl|AP019371.1_prot_BBH69640.1_6325	iML1515.b0347	31.3	393	224	14	2	378	16	378	1.69e-23	103
lcl|AP019371.1_prot_BBH69640.1_6325	iYL1228.KPN_02122	30.1	399	219	14	3	378	17	378	5.38e-23	102
lcl|AP019371.1_prot_BBH69644.1_6329	iLB1027_lipid.PHATRDRAFT_51720	22.7	573	309	20	4	550	56	520	9.58e-12	67.4
lcl|AP019371.1_prot_BBH69644.1_6329	iIS312.TCDM_03631	26.3	579	320	24	1	556	455	949	6.44e-11	65.1
lcl|AP019371.1_prot_BBH69644.1_6329	iNF517.LLMG_RS07275	22.7	560	301	20	4	554	60	496	2.88e-10	62.4
lcl|AP019371.1_prot_BBH69645.1_6330	iYS854.USA300HOU_RS11800	27.4	354	200	9	121	417	157	510	6.27e-20	92.4
lcl|AP019371.1_prot_BBH69646.1_6331	iYS854.USA300HOU_RS11810	24.6	501	306	19	94	522	154	654	1.06e-24	107
lcl|AP019371.1_prot_BBH69646.1_6331	iYS854.USA300HOU_RS00630	25.1	447	277	16	129	521	160	602	2.23e-21	97.4
lcl|AP019371.1_prot_BBH69647.1_6332	iYS854.USA300HOU_RS00640	38.6	389	211	9	12	378	11	393	3.60e-76	240
lcl|AP019371.1_prot_BBH69651.1_6336	iAF987.Gmet_2439	27.5	251	122	5	33	274	22	221	7.25e-12	65.5
lcl|AP019371.1_prot_BBH69651.1_6336	iYO844.BSU33160	27.5	236	126	5	20	251	3	197	7.94e-10	60.8
lcl|AP019371.1_prot_BBH69653.1_6338	iML1515.b1771	26.2	294	172	8	1	252	13	303	8.41e-18	81.3
lcl|AP019371.1_prot_BBH69658.1_6343	iYO844.BSU15720	40.6	143	82	2	1	141	1	142	3.36e-26	97.1
lcl|AP019371.1_prot_BBH69660.1_6345	iYL1228.KPN_02328	37.9	256	152	2	57	305	182	437	1.53e-43	154
lcl|AP019371.1_prot_BBH69660.1_6345	iAF987.Gmet_2497	41.2	255	143	2	63	310	222	476	2.16e-41	149
lcl|AP019371.1_prot_BBH69660.1_6345	iCN900.CD630_14460	38.0	266	158	3	60	318	182	447	8.49e-41	147
lcl|AP019371.1_prot_BBH69660.1_6345	iHN637.CLJU_RS17715	34.7	262	164	2	63	317	188	449	8.15e-40	144
lcl|AP019371.1_prot_BBH69660.1_6345	iJN1463.PP_2329	37.7	265	153	4	64	318	182	444	1.50e-39	144
lcl|AP019371.1_prot_BBH69660.1_6345	STM_v1_0.STM1824	37.1	256	154	2	57	305	185	440	2.37e-39	143
lcl|AP019371.1_prot_BBH69660.1_6345	iYO844.BSU00740	34.3	271	171	2	55	318	191	461	1.12e-38	142
lcl|AP019371.1_prot_BBH69660.1_6345	iSSON_1240.SSON_1348	36.2	257	157	2	56	305	183	439	2.34e-38	140
lcl|AP019371.1_prot_BBH69660.1_6345	iSbBS512_1146.SbBS512_E2073	36.2	257	157	2	56	305	183	439	3.24e-38	140
lcl|AP019371.1_prot_BBH69660.1_6345	iPC815.YPO1773	36.7	256	155	2	57	305	185	440	4.86e-38	140
lcl|AP019371.1_prot_BBH69660.1_6345	iML1515.b1812	36.2	257	157	2	56	305	183	439	6.25e-38	139
lcl|AP019371.1_prot_BBH69660.1_6345	iSDY_1059.SDY_1718	36.2	257	157	2	56	305	183	439	6.25e-38	139
lcl|AP019371.1_prot_BBH69662.1_6347	iEK1008.Rv1832	66.7	941	298	4	3	933	5	940	0.0	1193
lcl|AP019371.1_prot_BBH69662.1_6347	iJN1463.PP_0988	61.6	942	349	6	5	935	11	950	0.0	1089
lcl|AP019371.1_prot_BBH69663.1_6348	iML1515.b3001	58.4	334	135	1	1	330	1	334	9.28e-139	396
lcl|AP019371.1_prot_BBH69663.1_6348	iSF_1195.SF3047	58.4	334	135	1	1	330	1	334	1.32e-138	396
lcl|AP019371.1_prot_BBH69663.1_6348	iYL1228.KPN_02741	63.1	314	114	2	13	325	1	313	7.07e-139	395
lcl|AP019371.1_prot_BBH69663.1_6348	iSSON_1240.SSON_3145	58.1	334	136	1	1	330	1	334	5.33e-138	394
lcl|AP019371.1_prot_BBH69663.1_6348	iSbBS512_1146.SbBS512_E3430	57.5	334	138	1	1	330	1	334	1.24e-136	391
lcl|AP019371.1_prot_BBH69669.1_6354	iAF987.Gmet_3085	41.1	535	304	7	130	658	354	883	1.23e-114	365
lcl|AP019371.1_prot_BBH69669.1_6354	iAF987.Gmet_0987	37.4	562	337	9	105	659	231	784	5.57e-108	344
lcl|AP019371.1_prot_BBH69669.1_6354	iAF987.Gmet_0700	37.9	575	309	12	108	659	269	818	8.16e-106	339
lcl|AP019371.1_prot_BBH69671.1_6356	iEK1008.Rv0975c	62.0	376	140	2	4	377	6	380	9.44e-160	453
lcl|AP019371.1_prot_BBH69673.1_6358	iEK1008.Rv0222	55.6	252	111	1	715	966	11	261	1.03e-74	246
lcl|AP019371.1_prot_BBH69674.1_6359	iEK1008.Rv0270	42.9	532	291	4	4	523	27	557	1.39e-127	383
lcl|AP019371.1_prot_BBH69674.1_6359	iEK1008.Rv1427c	41.9	518	293	4	13	523	13	529	4.09e-120	363
lcl|AP019371.1_prot_BBH69677.1_6362	iYO844.BSU03130	57.0	272	115	1	4	275	3	272	3.69e-102	298
lcl|AP019371.1_prot_BBH69677.1_6362	iYL1228.KPN_01228	57.6	276	111	4	4	276	3	275	1.16e-101	297
lcl|AP019371.1_prot_BBH69677.1_6362	iML1515.b1740	58.3	276	109	5	4	276	3	275	4.70e-101	296
lcl|AP019371.1_prot_BBH69677.1_6362	iSSON_1240.SSON_1418	58.0	276	110	5	4	276	3	275	6.67e-101	295
lcl|AP019371.1_prot_BBH69677.1_6362	STM_v1_0.STM1310	58.0	276	110	5	4	276	3	275	2.70e-100	294
lcl|AP019371.1_prot_BBH69677.1_6362	iSDY_1059.SDY_1540	57.6	276	111	5	4	276	3	275	2.70e-100	294
lcl|AP019371.1_prot_BBH69677.1_6362	iSF_1195.SF1486	57.2	276	112	4	4	276	3	275	2.70e-100	294
lcl|AP019371.1_prot_BBH69677.1_6362	iSbBS512_1146.SbBS512_E1984	58.0	276	110	5	4	276	3	275	1.09e-99	292
lcl|AP019371.1_prot_BBH69677.1_6362	iNF517.LLMG_RS07415	54.9	275	118	3	4	275	3	274	6.52e-96	283
lcl|AP019371.1_prot_BBH69690.1_6375	iCN718.ABAYE_RS14020	33.7	98	61	2	32	125	82	179	3.99e-06	46.2
lcl|AP019371.1_prot_BBH69694.1_6379	iAF987.Gmet_0521	51.8	85	40	1	106	189	4	88	5.12e-21	85.1
lcl|AP019371.1_prot_BBH69696.1_6381	iJN1463.PP_2556	26.8	440	236	10	6	367	18	449	2.77e-31	122
lcl|AP019371.1_prot_BBH69699.1_6384	iAF987.Gmet_0043	25.4	228	149	7	192	401	43	267	1.27e-05	47.0
lcl|AP019371.1_prot_BBH69701.1_6386	iCN718.ABAYE_RS01180	30.2	215	135	5	11	214	4	214	1.52e-15	77.0
lcl|AP019371.1_prot_BBH69701.1_6386	iJN1463.PP_3944	32.6	175	108	7	5	173	3	173	1.23e-13	71.2
lcl|AP019371.1_prot_BBH69703.1_6388	iSynCJ816.SGL_RS15740	32.9	383	220	13	8	372	14	377	5.84e-37	137
lcl|AP019371.1_prot_BBH69703.1_6388	iCN718.ABAYE_RS15375	29.2	411	239	16	13	384	56	453	1.47e-34	132
lcl|AP019371.1_prot_BBH69706.1_6391	iYL1228.KPN_02122	29.8	349	212	10	11	338	14	350	8.71e-30	121
lcl|AP019371.1_prot_BBH69706.1_6391	iSSON_1240.SSON_0297	29.4	343	215	10	14	338	17	350	2.42e-28	117
lcl|AP019371.1_prot_BBH69706.1_6391	iML1515.b0347	28.9	343	217	10	14	338	17	350	1.09e-27	115
lcl|AP019371.1_prot_BBH69711.1_6396	iJN1463.PP_3947	51.0	149	69	1	11	155	7	155	2.89e-44	142
lcl|AP019371.1_prot_BBH69712.1_6397	iJN1463.PP_3948	27.2	720	406	21	46	694	48	720	1.03e-32	135
lcl|AP019371.1_prot_BBH69714.1_6399	iSynCJ816.SGL_RS11800	32.6	129	77	5	40	158	97	225	8.99e-07	47.8
lcl|AP019371.1_prot_BBH69714.1_6399	iJN1463.PP_0365	35.5	93	57	2	41	130	58	150	2.68e-06	46.2
lcl|AP019371.1_prot_BBH69714.1_6399	iEK1008.Rv0294	29.8	124	80	5	12	132	5	124	2.14e-05	43.5
lcl|AP019371.1_prot_BBH69714.1_6399	iML1515.b1430	35.1	97	57	3	38	128	32	128	2.12e-05	43.1
lcl|AP019371.1_prot_BBH69715.1_6400	iYO844.BSU01580	55.4	466	201	3	6	467	15	477	1.82e-152	442
lcl|AP019371.1_prot_BBH69716.1_6401	iSynCJ816.SGL_RS16080	33.1	118	73	2	1	116	1	114	1.10e-11	60.1
lcl|AP019371.1_prot_BBH69721.1_6406	iJN1463.PP_2486	43.9	367	182	6	5	351	7	369	1.18e-88	271
lcl|AP019371.1_prot_BBH69724.1_6409	iPC815.YPO2439	28.3	276	192	4	20	295	51	320	5.97e-32	120
lcl|AP019371.1_prot_BBH69724.1_6409	STM_v1_0.STM2861	26.4	276	197	4	21	296	28	297	1.17e-30	116
lcl|AP019371.1_prot_BBH69726.1_6411	iNF517.LLMG_RS05775	34.4	250	163	1	10	259	14	262	6.02e-34	124
lcl|AP019371.1_prot_BBH69726.1_6411	iYS854.USA300HOU_RS03425	31.6	244	166	1	6	249	9	251	2.53e-31	117
lcl|AP019371.1_prot_BBH69727.1_6412	iML1515.b4287	39.9	188	96	3	11	183	12	197	1.25e-28	107
lcl|AP019371.1_prot_BBH69727.1_6412	iSSON_1240.SSON_4459	39.9	188	96	3	11	183	12	197	1.25e-28	107
lcl|AP019371.1_prot_BBH69727.1_6412	iYO844.BSU30760	35.0	183	109	2	11	183	13	195	8.57e-28	104
lcl|AP019371.1_prot_BBH69727.1_6412	iSbBS512_1146.SbBS512_E1611	35.3	184	105	4	13	183	19	201	1.42e-27	104
lcl|AP019371.1_prot_BBH69727.1_6412	iSDY_1059.SDY_1456	35.3	184	105	4	13	183	19	201	1.42e-27	104
lcl|AP019371.1_prot_BBH69727.1_6412	iSF_1195.SF1364	35.3	184	105	4	13	183	19	201	1.42e-27	104
lcl|AP019371.1_prot_BBH69727.1_6412	iSSON_1240.SSON_1751	35.3	184	105	4	13	183	19	201	1.42e-27	104
lcl|AP019371.1_prot_BBH69727.1_6412	iSynCJ816.SGL_RS04625	38.0	184	103	3	10	183	31	213	3.63e-27	103
lcl|AP019371.1_prot_BBH69727.1_6412	iYO844.BSU02860	34.2	199	117	5	1	186	3	200	2.21e-27	103
lcl|AP019371.1_prot_BBH69727.1_6412	iAF987.Gmet_0492	38.5	192	98	6	9	183	13	201	1.46e-26	101
lcl|AP019371.1_prot_BBH69727.1_6412	iYO844.BSU33160	35.2	199	110	4	2	183	1	197	2.47e-25	101
lcl|AP019371.1_prot_BBH69727.1_6412	iYS854.USA300HOU_RS03500	34.8	198	111	4	2	183	4	199	2.44e-26	101
lcl|AP019371.1_prot_BBH69727.1_6412	iCN900.CD630_28750	33.9	189	107	4	11	183	13	199	6.07e-26	100
lcl|AP019371.1_prot_BBH69727.1_6412	iYO844.BSU33290	34.3	181	102	3	2	167	4	182	2.77e-25	98.6
lcl|AP019371.1_prot_BBH69727.1_6412	iAF692.Mbar_A1172	34.8	198	112	3	1	183	1	196	3.21e-25	98.2
lcl|AP019371.1_prot_BBH69727.1_6412	STM_v1_0.STM0590	36.5	178	90	4	10	169	16	188	4.94e-25	97.8
lcl|AP019371.1_prot_BBH69727.1_6412	iML1515.b0588	36.5	178	90	4	10	169	16	188	1.54e-24	96.7
lcl|AP019371.1_prot_BBH69727.1_6412	iSDY_1059.SDY_0519	36.5	178	90	4	10	169	16	188	1.54e-24	96.7
lcl|AP019371.1_prot_BBH69727.1_6412	iSF_1195.SF0502	36.5	178	90	4	10	169	16	188	1.54e-24	96.7
lcl|AP019371.1_prot_BBH69732.1_6417	iJN1463.PP_3253	33.7	261	163	4	17	271	3	259	1.32e-25	106
lcl|AP019371.1_prot_BBH69735.1_6420	iML1515.b1200	45.1	348	164	3	1	323	1	346	1.59e-99	297
lcl|AP019371.1_prot_BBH69735.1_6420	iSF_1195.SF1203	44.8	348	165	3	1	323	11	356	6.20e-99	296
lcl|AP019371.1_prot_BBH69735.1_6420	iSbBS512_1146.SbBS512_E1359	44.8	348	165	3	1	323	1	346	3.87e-98	294
lcl|AP019371.1_prot_BBH69735.1_6420	iYL1228.KPN_03495	43.7	348	169	3	1	323	1	346	3.34e-96	288
lcl|AP019371.1_prot_BBH69736.1_6421	iML1515.b1199	35.5	197	118	2	1	188	1	197	8.22e-29	106
lcl|AP019371.1_prot_BBH69736.1_6421	iSbBS512_1146.SbBS512_E1358	35.5	197	118	2	1	188	1	197	8.22e-29	106
lcl|AP019371.1_prot_BBH69736.1_6421	iSF_1195.SF1202	35.5	197	118	2	1	188	1	197	1.16e-28	106
lcl|AP019371.1_prot_BBH69736.1_6421	iYL1228.KPN_03496	34.7	202	123	2	1	193	1	202	4.53e-28	104
lcl|AP019371.1_prot_BBH69737.1_6422	iYO844.BSU09240	28.8	205	134	6	3	207	4	196	3.41e-11	60.8
lcl|AP019371.1_prot_BBH69738.1_6423	iPC815.YPO0844	36.2	279	175	2	2	279	7	283	2.91e-44	151
lcl|AP019371.1_prot_BBH69738.1_6423	iYO844.BSU37120	34.6	286	175	4	1	280	6	285	9.86e-42	144
lcl|AP019371.1_prot_BBH69738.1_6423	iLJ478.TM0273	32.8	311	172	7	2	280	10	315	2.03e-41	144
lcl|AP019371.1_prot_BBH69738.1_6423	iCN900.CD630_30740	33.0	279	185	1	2	280	7	283	1.53e-41	144
lcl|AP019371.1_prot_BBH69738.1_6423	iML1515.b2096	33.2	280	184	2	2	280	7	284	3.76e-41	143
lcl|AP019371.1_prot_BBH69738.1_6423	iYS854.USA300HOU_RS11470	33.2	283	183	4	1	280	6	285	3.95e-41	143
lcl|AP019371.1_prot_BBH69738.1_6423	iSF_1195.SF2158	33.2	280	184	2	2	280	7	284	5.28e-41	142
lcl|AP019371.1_prot_BBH69738.1_6423	iSbBS512_1146.SbBS512_E1142	33.2	280	184	2	2	280	7	284	7.42e-41	142
lcl|AP019371.1_prot_BBH69738.1_6423	iML1515.b3137	34.1	279	181	2	2	279	7	283	1.10e-40	142
lcl|AP019371.1_prot_BBH69738.1_6423	STM_v1_0.STM3253	32.0	278	186	2	2	278	7	282	4.07e-40	140
lcl|AP019371.1_prot_BBH69738.1_6423	iYL1228.KPN_03543	33.1	278	183	2	2	278	7	282	8.66e-39	137
lcl|AP019371.1_prot_BBH69745.1_6430	iLB1027_lipid.PHATRDRAFT_12331	25.1	175	109	5	296	467	72	227	1.27e-10	62.8
lcl|AP019371.1_prot_BBH69746.1_6431	iYL1228.KPN_01873	31.9	273	172	7	25	290	27	292	1.78e-27	108
lcl|AP019371.1_prot_BBH69746.1_6431	iJN1463.PP_3713	28.8	281	182	7	17	287	18	290	4.78e-24	99.0
lcl|AP019371.1_prot_BBH69747.1_6432	iSDY_1059.SDY_3016	27.5	367	212	8	17	329	17	383	6.34e-27	108
lcl|AP019371.1_prot_BBH69747.1_6432	iYL1228.KPN_03150	27.8	367	211	10	17	329	12	378	1.55e-26	107
lcl|AP019371.1_prot_BBH69747.1_6432	STM_v1_0.STM2973	27.1	369	211	9	17	329	16	382	2.25e-26	107
lcl|AP019371.1_prot_BBH69747.1_6432	iML1515.b2799	27.2	367	213	8	17	329	16	382	4.26e-26	106
lcl|AP019371.1_prot_BBH69747.1_6432	iSSON_1240.SSON_2956	27.2	367	213	8	17	329	17	383	5.93e-26	106
lcl|AP019371.1_prot_BBH69747.1_6432	iSF_1195.SF2813	27.0	367	214	8	17	329	16	382	5.42e-25	103
lcl|AP019371.1_prot_BBH69747.1_6432	iCN900.CD630_19070	29.9	244	152	5	33	257	34	277	4.23e-23	98.2
lcl|AP019371.1_prot_BBH69749.1_6434	iYL1228.KPN_01540	50.2	402	188	7	1	392	2	401	2.43e-113	336
lcl|AP019371.1_prot_BBH69749.1_6434	iYL1228.KPN_01478	49.0	402	194	4	1	392	1	401	4.45e-111	330
lcl|AP019371.1_prot_BBH69749.1_6434	iML1515.b1397	48.3	402	197	5	1	392	1	401	1.15e-108	324
lcl|AP019371.1_prot_BBH69749.1_6434	iCN718.ABAYE_RS08895	45.3	404	210	4	1	394	1	403	4.63e-106	318
lcl|AP019371.1_prot_BBH69749.1_6434	iJN1463.PP_1377	46.9	401	203	4	1	392	1	400	8.17e-106	317
lcl|AP019371.1_prot_BBH69749.1_6434	iCN718.ABAYE_RS08700	44.8	402	211	4	1	392	3	403	5.09e-105	315
lcl|AP019371.1_prot_BBH69749.1_6434	iAF987.Gmet_2058	45.1	401	209	5	1	392	1	399	1.27e-104	314
lcl|AP019371.1_prot_BBH69749.1_6434	iCN718.ABAYE_RS11935	47.7	392	192	6	11	391	11	400	2.80e-104	313
lcl|AP019371.1_prot_BBH69749.1_6434	iJN1463.PP_3280	46.2	398	203	4	4	391	9	405	1.02e-102	309
lcl|AP019371.1_prot_BBH69750.1_6435	iJN1463.PP_3951	70.4	213	63	0	7	219	7	219	1.31e-101	293
lcl|AP019371.1_prot_BBH69750.1_6435	iYL1228.KPN_01538	71.4	206	59	0	11	216	11	216	2.39e-101	292
lcl|AP019371.1_prot_BBH69751.1_6436	iYL1228.KPN_01539	63.1	206	75	1	3	207	4	209	3.16e-85	251
lcl|AP019371.1_prot_BBH69751.1_6436	iJN1463.PP_3952	59.6	208	82	2	3	209	7	213	1.95e-80	238
lcl|AP019371.1_prot_BBH69761.1_6446	iHN637.CLJU_RS10220	30.6	310	208	5	82	387	5	311	9.34e-40	144
lcl|AP019371.1_prot_BBH69761.1_6446	iYO844.BSU24850	31.7	246	165	2	144	387	67	311	1.40e-35	133
lcl|AP019371.1_prot_BBH69762.1_6447	iHN637.CLJU_RS00610	32.3	443	281	6	25	458	17	449	3.64e-65	216
lcl|AP019371.1_prot_BBH69766.1_6451	iYL1228.KPN_00507	30.9	204	119	6	5	201	5	193	1.19e-10	61.6
lcl|AP019371.1_prot_BBH69768.1_6453	iEK1008.Rv2952	28.5	179	111	5	17	191	51	216	8.42e-08	50.8
lcl|AP019371.1_prot_BBH69768.1_6453	iJN1463.PP_1765	29.5	122	79	4	36	155	40	156	1.98e-06	46.6
lcl|AP019371.1_prot_BBH69768.1_6453	iSynCJ816.SGL_RS15350	35.6	104	62	3	47	148	75	175	3.39e-06	46.2
lcl|AP019371.1_prot_BBH69770.1_6455	iYO844.BSU39780	33.9	301	195	3	5	301	3	303	8.22e-47	160
lcl|AP019371.1_prot_BBH69770.1_6455	iYO844.BSU09530	35.2	273	174	2	11	280	11	283	9.72e-42	147
lcl|AP019371.1_prot_BBH69774.1_6459	iEK1008.Rv3775	28.0	207	130	6	36	228	68	269	1.36e-08	56.2
lcl|AP019371.1_prot_BBH69778.1_6463	iCHOv1.100760372	29.6	247	160	7	5	241	42	284	1.10e-11	63.2
lcl|AP019371.1_prot_BBH69778.1_6463	iJN1463.PP_2794	33.5	191	110	9	7	190	17	197	1.84e-11	62.0
lcl|AP019371.1_prot_BBH69778.1_6463	iMM904.YMR226C	30.7	199	126	7	1	190	11	206	3.80e-11	61.2
lcl|AP019371.1_prot_BBH69778.1_6463	iMM1415.242285	27.9	247	164	6	5	241	42	284	1.24e-10	60.1
lcl|AP019371.1_prot_BBH69778.1_6463	iEK1008.Rv1928c	27.4	186	132	2	7	189	15	200	1.18e-10	59.7
lcl|AP019371.1_prot_BBH69778.1_6463	iML1515.b1093	25.2	210	146	5	5	213	7	206	3.69e-10	58.2
lcl|AP019371.1_prot_BBH69778.1_6463	iYL1228.KPN_01091	26.3	186	132	4	5	189	7	188	3.69e-10	58.2
lcl|AP019371.1_prot_BBH69778.1_6463	STM_v1_0.STM1195	25.7	210	145	5	5	213	7	206	3.69e-10	58.2
lcl|AP019371.1_prot_BBH69778.1_6463	iSbBS512_1146.SbBS512_E2231	25.2	210	146	5	5	213	7	206	3.69e-10	58.2
lcl|AP019371.1_prot_BBH69778.1_6463	iSF_1195.SF1097	25.2	210	146	5	5	213	7	206	3.69e-10	58.2
lcl|AP019371.1_prot_BBH69778.1_6463	iSSON_1240.SSON_1113	25.2	210	146	5	5	213	7	206	3.69e-10	58.2
lcl|AP019371.1_prot_BBH69778.1_6463	iMM1415.235033	28.2	195	128	6	6	193	8	197	1.06e-09	57.4
lcl|AP019371.1_prot_BBH69778.1_6463	iCN900.CD630_11820	25.4	189	134	5	5	189	8	193	9.69e-10	57.0
lcl|AP019371.1_prot_BBH69778.1_6463	iSDY_1059.SDY_2057	25.2	210	146	5	5	213	7	206	9.29e-10	57.0
lcl|AP019371.1_prot_BBH69781.1_6466	iJN1463.PP_2802	25.2	408	262	11	9	389	10	401	2.00e-15	77.8
lcl|AP019371.1_prot_BBH69781.1_6466	iYS854.USA300HOU_RS14110	26.7	390	241	12	27	394	44	410	2.25e-14	74.7
lcl|AP019371.1_prot_BBH69781.1_6466	iMM904.YKL174C	22.0	468	315	14	17	448	60	513	3.69e-13	71.2
lcl|AP019371.1_prot_BBH69781.1_6466	iJN1463.PP_2586	25.8	411	259	14	51	448	67	444	6.47e-13	70.1
lcl|AP019371.1_prot_BBH69783.1_6468	iYS854.USA300HOU_RS07520	35.0	103	63	2	30	128	47	149	1.06e-07	51.2
lcl|AP019371.1_prot_BBH69783.1_6468	iJN1463.PP_5011	34.6	104	61	2	30	126	66	169	1.57e-07	50.8
lcl|AP019371.1_prot_BBH69783.1_6468	iAF692.Mbar_A3635	33.0	106	65	2	30	130	29	133	2.97e-07	50.1
lcl|AP019371.1_prot_BBH69783.1_6468	iML1515.b3833	35.6	104	60	2	30	126	61	164	5.03e-07	49.3
lcl|AP019371.1_prot_BBH69783.1_6468	iSbBS512_1146.SbBS512_E4305	35.6	104	60	2	30	126	61	164	5.03e-07	49.3
lcl|AP019371.1_prot_BBH69783.1_6468	iSDY_1059.SDY_3910	35.6	104	60	2	30	126	61	164	5.03e-07	49.3
lcl|AP019371.1_prot_BBH69783.1_6468	iSF_1195.SF3911	35.6	104	60	2	30	126	61	164	5.03e-07	49.3
lcl|AP019371.1_prot_BBH69783.1_6468	iSSON_1240.SSON_4008	35.6	104	60	2	30	126	61	164	5.03e-07	49.3
lcl|AP019371.1_prot_BBH69783.1_6468	STM_v1_0.STM3970	34.6	104	61	2	30	126	61	164	1.65e-06	47.8
lcl|AP019371.1_prot_BBH69783.1_6468	iPC815.YPO3781	35.6	104	60	2	30	126	61	164	2.99e-06	47.0
lcl|AP019371.1_prot_BBH69783.1_6468	iEK1008.Rv2952	37.5	96	58	1	33	126	81	176	4.39e-06	46.6
lcl|AP019371.1_prot_BBH69786.1_6471	iMM904.YGL001C	51.7	29	14	0	10	38	317	345	2.43e-06	41.2
lcl|AP019371.1_prot_BBH69787.1_6472	iYS854.USA300HOU_RS02960	21.0	229	176	2	158	382	262	489	2.42e-17	83.2
lcl|AP019371.1_prot_BBH69787.1_6472	iYS854.USA300HOU_RS05150	26.9	242	173	3	146	384	253	493	2.55e-15	77.0
lcl|AP019371.1_prot_BBH69789.1_6474	iEK1008.Rv2173	41.3	329	172	8	27	335	24	351	4.43e-65	209
lcl|AP019371.1_prot_BBH69794.1_6479	iYL1228.KPN_04590	25.6	266	168	11	17	268	23	272	7.33e-09	55.1
lcl|AP019371.1_prot_BBH69794.1_6479	iML1515.b4197	24.9	241	162	9	17	249	23	252	5.88e-08	52.4
lcl|AP019371.1_prot_BBH69794.1_6479	iSSON_1240.SSON_4379	24.5	241	163	8	17	249	23	252	5.88e-08	52.4
lcl|AP019371.1_prot_BBH69794.1_6479	STM_v1_0.STM4387	25.3	241	161	9	17	249	23	252	7.90e-08	52.0
lcl|AP019371.1_prot_BBH69794.1_6479	iSF_1195.SF4352	24.5	241	163	8	17	249	23	252	7.90e-08	52.0
lcl|AP019371.1_prot_BBH69794.1_6479	iSbBS512_1146.SbBS512_E4727	24.9	241	162	9	17	249	23	252	1.06e-07	51.6
lcl|AP019371.1_prot_BBH69796.1_6481	iIS312.TCDM_08270	28.5	382	211	9	4	327	59	436	1.59e-22	98.6
lcl|AP019371.1_prot_BBH69796.1_6481	iCHOv1.100767831	30.3	346	193	10	52	356	6	344	1.27e-22	98.2
lcl|AP019371.1_prot_BBH69796.1_6481	iMM1415.71780	30.1	346	194	10	52	356	134	472	4.56e-21	94.4
lcl|AP019371.1_prot_BBH69808.1_6493	iAT_PLT_636.2184	45.5	404	188	11	10	386	17	415	2.06e-106	319
lcl|AP019371.1_prot_BBH69808.1_6493	iMM1415.14085	43.7	410	187	10	10	386	17	415	8.46e-103	310
lcl|AP019371.1_prot_BBH69808.1_6493	iCN718.ABAYE_RS00895	43.5	400	201	8	10	386	22	419	7.12e-97	295
lcl|AP019371.1_prot_BBH69811.1_6496	iAT_PLT_636.3242	43.6	365	193	5	45	401	21	380	7.27e-99	299
lcl|AP019371.1_prot_BBH69811.1_6496	iMM1415.15445	42.3	383	209	5	28	401	1	380	1.03e-98	299
lcl|AP019371.1_prot_BBH69811.1_6496	iCHOv1.100768220	43.6	365	193	5	45	401	21	380	6.56e-97	294
lcl|AP019371.1_prot_BBH69815.1_6500	iYL1228.KPN_01091	30.1	209	125	4	1	193	9	212	7.19e-17	78.2
lcl|AP019371.1_prot_BBH69815.1_6500	iML1515.b1093	28.8	191	125	3	1	185	9	194	1.69e-15	74.3
lcl|AP019371.1_prot_BBH69815.1_6500	iSbBS512_1146.SbBS512_E2231	28.8	191	125	3	1	185	9	194	1.69e-15	74.3
lcl|AP019371.1_prot_BBH69815.1_6500	iSDY_1059.SDY_2057	28.8	191	125	3	1	185	9	194	1.69e-15	74.3
lcl|AP019371.1_prot_BBH69815.1_6500	iSF_1195.SF1097	28.8	191	125	3	1	185	9	194	1.69e-15	74.3
lcl|AP019371.1_prot_BBH69815.1_6500	iSSON_1240.SSON_1113	28.8	191	125	3	1	185	9	194	1.69e-15	74.3
lcl|AP019371.1_prot_BBH69819.1_6504	iEK1008.Rv0386	42.1	57	33	0	158	214	1025	1081	1.89e-06	47.8
lcl|AP019371.1_prot_BBH69819.1_6504	iAF987.Gmet_0069	33.6	116	73	3	10	122	5	119	4.22e-06	46.2
lcl|AP019371.1_prot_BBH69824.1_6509	iEK1008.Rv1464	27.0	385	247	12	22	399	26	383	6.41e-20	92.0
lcl|AP019371.1_prot_BBH69828.1_6513	iJN1463.PP_1674	40.0	205	120	3	21	224	10	212	6.57e-44	146
lcl|AP019371.1_prot_BBH69830.1_6515	iML1515.b2430	27.3	198	123	7	17	196	90	284	1.52e-10	60.8
lcl|AP019371.1_prot_BBH69834.1_6519	STM_v1_0.STM1195	36.3	182	116	0	3	184	6	187	3.22e-26	102
lcl|AP019371.1_prot_BBH69834.1_6519	iYL1228.KPN_01091	36.3	182	116	0	3	184	6	187	8.76e-26	101
lcl|AP019371.1_prot_BBH69834.1_6519	iPC815.YPO1599	36.0	186	119	0	3	188	6	191	4.63e-25	99.8
lcl|AP019371.1_prot_BBH69834.1_6519	iML1515.b1093	35.7	182	117	0	3	184	6	187	8.99e-25	99.0
lcl|AP019371.1_prot_BBH69834.1_6519	iSbBS512_1146.SbBS512_E2231	35.7	182	117	0	3	184	6	187	8.99e-25	99.0
lcl|AP019371.1_prot_BBH69834.1_6519	iSF_1195.SF1097	35.7	182	117	0	3	184	6	187	8.99e-25	99.0
lcl|AP019371.1_prot_BBH69834.1_6519	iSSON_1240.SSON_1113	35.7	182	117	0	3	184	6	187	8.99e-25	99.0
lcl|AP019371.1_prot_BBH69834.1_6519	iCHOv1.100773401	34.4	250	144	6	6	239	9	254	5.89e-24	98.2
lcl|AP019371.1_prot_BBH69834.1_6519	iCN900.CD630_26790	32.8	229	141	3	3	220	5	231	3.24e-23	95.1
lcl|AP019371.1_prot_BBH69834.1_6519	iSDY_1059.SDY_2057	35.2	182	118	0	3	184	6	187	2.47e-23	95.1
lcl|AP019371.1_prot_BBH69834.1_6519	iSynCJ816.SGL_RS07245	34.7	196	122	2	2	192	6	200	1.90e-22	92.8
lcl|AP019371.1_prot_BBH69836.1_6521	iEK1008.Rv0386	43.8	73	41	0	850	922	1013	1085	6.45e-07	53.1
lcl|AP019371.1_prot_BBH69837.1_6522	iYO844.BSU40850	40.8	174	101	2	12	184	12	184	2.15e-38	130
lcl|AP019371.1_prot_BBH69840.1_6525	iYO844.BSU38280	27.5	207	145	3	6	208	224	429	1.36e-12	67.0
lcl|AP019371.1_prot_BBH69841.1_6526	iYO844.BSU38270	39.2	240	145	1	134	372	146	385	2.60e-50	172
lcl|AP019371.1_prot_BBH69841.1_6526	iYS854.USA300HOU_RS01820	40.2	244	137	4	133	369	39	280	2.79e-51	172
lcl|AP019371.1_prot_BBH69842.1_6527	iYO844.BSU38260	41.8	373	194	7	34	400	59	414	3.35e-91	280
lcl|AP019371.1_prot_BBH69842.1_6527	iYS854.USA300HOU_RS01825	43.5	372	190	9	32	401	55	408	3.04e-87	270
lcl|AP019371.1_prot_BBH69844.1_6529	iPC815.YPO2167	35.8	95	56	3	9	100	2	94	9.10e-10	53.1
lcl|AP019371.1_prot_BBH69844.1_6529	STM_v1_0.STM2295	43.1	58	33	0	13	70	10	67	8.52e-09	50.8
lcl|AP019371.1_prot_BBH69844.1_6529	STM_v1_0.STM1301	36.4	77	45	2	9	84	5	78	1.13e-08	50.4
lcl|AP019371.1_prot_BBH69844.1_6529	iML1515.b1759	31.8	110	63	5	9	116	4	103	7.83e-08	48.1
lcl|AP019371.1_prot_BBH69847.1_6532	iYS854.USA300HOU_RS10950	33.0	88	53	2	7	94	145	226	2.83e-07	46.6
lcl|AP019371.1_prot_BBH69847.1_6532	iCN900.CD630_27370	26.8	97	57	3	2	94	146	232	3.53e-06	43.5
lcl|AP019371.1_prot_BBH69847.1_6532	iCN900.CD630_04870	30.5	105	68	4	2	106	147	246	3.57e-06	43.5
lcl|AP019371.1_prot_BBH69847.1_6532	iJN1463.PP_0382	29.6	98	63	1	2	99	140	231	3.51e-06	43.5
lcl|AP019371.1_prot_BBH69850.1_6535	iJN1463.PP_1025	49.6	546	259	9	2	539	7	544	1.49e-184	529
lcl|AP019371.1_prot_BBH69850.1_6535	iCN718.ABAYE_RS16380	49.4	545	260	8	2	537	6	543	5.15e-182	523
lcl|AP019371.1_prot_BBH69850.1_6535	iEK1008.Rv3710	50.2	536	244	6	1	514	41	575	4.91e-173	503
lcl|AP019371.1_prot_BBH69850.1_6535	iYL1228.KPN_03016	47.4	548	273	8	2	539	5	547	2.42e-165	480
lcl|AP019371.1_prot_BBH69851.1_6536	iJN1463.PP_1494	29.1	117	76	3	7	119	20	133	1.23e-04	42.0
lcl|AP019371.1_prot_BBH69851.1_6536	iEK1008.Rv0386	38.6	57	35	0	155	211	1025	1081	2.26e-04	41.6
lcl|AP019371.1_prot_BBH69854.1_6539	iYO844.BSU26590	27.7	285	176	6	6	276	15	283	5.23e-18	84.7
lcl|AP019371.1_prot_BBH69856.1_6541	iAF987.Gmet_0833	27.5	539	319	19	34	532	29	535	2.14e-38	152
lcl|AP019371.1_prot_BBH69857.1_6542	STM_v1_0.STM0659	28.6	350	231	7	3	346	4	340	1.20e-24	109
lcl|AP019371.1_prot_BBH69857.1_6542	iML1515.b0650	30.0	347	228	8	3	345	4	339	8.61e-24	106
lcl|AP019371.1_prot_BBH69857.1_6542	iSSON_1240.SSON_0604	30.0	347	228	8	3	345	4	339	8.61e-24	106
lcl|AP019371.1_prot_BBH69857.1_6542	iSbBS512_1146.SbBS512_E0599	29.7	347	229	8	3	345	4	339	6.26e-23	103
lcl|AP019371.1_prot_BBH69860.1_6545	iLB1027_lipid.PHATRDRAFT_54974	34.9	109	64	3	22	123	160	268	3.35e-05	44.7
lcl|AP019371.1_prot_BBH69860.1_6545	iCHOv1.100753937	24.3	111	84	0	10	120	87	197	2.84e-04	41.6
lcl|AP019371.1_prot_BBH69864.1_6549	iML1515.b2979	31.3	492	277	10	16	499	31	469	4.27e-51	187
lcl|AP019371.1_prot_BBH69864.1_6549	iJN1463.PP_3745	30.3	478	263	10	34	499	50	469	2.29e-49	182
lcl|AP019371.1_prot_BBH69864.1_6549	iYO844.BSU28680	31.3	489	274	13	26	505	26	461	4.35e-49	181
lcl|AP019371.1_prot_BBH69865.1_6550	iJN1463.PP_3270	34.4	151	79	4	25	162	531	674	7.46e-09	53.5
lcl|AP019371.1_prot_BBH69872.1_6557	iNF517.LLMG_RS11045	26.1	357	186	13	134	465	45	348	1.41e-18	87.8
lcl|AP019371.1_prot_BBH69879.1_6564	iAF692.Mbar_A2583	33.5	191	123	2	13	201	13	201	2.74e-27	102
lcl|AP019371.1_prot_BBH69879.1_6564	STM_v1_0.STM3960	35.3	173	108	3	21	193	20	188	3.28e-24	94.7
lcl|AP019371.1_prot_BBH69881.1_6566	iYS854.USA300HOU_RS07520	36.8	114	64	3	28	133	37	150	1.33e-13	67.8
lcl|AP019371.1_prot_BBH69884.1_6569	iCN718.ABAYE_RS13085	35.2	472	282	10	10	463	23	488	2.51e-87	276
lcl|AP019371.1_prot_BBH69884.1_6569	iCN718.ABAYE_RS13050	33.7	486	296	10	2	468	14	492	4.90e-86	273
lcl|AP019371.1_prot_BBH69885.1_6570	iEK1008.Rv1173	44.3	343	156	4	4	312	510	851	2.39e-80	260
lcl|AP019371.1_prot_BBH69886.1_6571	iJN1463.PP_2008	55.7	675	284	7	2	662	20	693	7.31e-248	700
lcl|AP019371.1_prot_BBH69887.1_6572	iCN718.ABAYE_RS15890	42.7	262	147	3	1	262	1	259	2.38e-65	204
lcl|AP019371.1_prot_BBH69894.1_6579	iCN900.CD630_07520	59.8	239	96	0	4	242	2	240	1.34e-95	280
lcl|AP019371.1_prot_BBH69894.1_6579	iNF517.LLMG_RS09915	59.4	239	97	0	4	242	6	244	2.89e-93	274
lcl|AP019371.1_prot_BBH69894.1_6579	iNF517.LLMG_RS09720	58.6	239	99	0	4	242	7	245	6.04e-91	268
lcl|AP019371.1_prot_BBH69894.1_6579	iYO844.BSU27430	56.5	239	104	0	4	242	2	240	8.36e-90	265
lcl|AP019371.1_prot_BBH69894.1_6579	iYS854.USA300HOU_RS09925	57.0	242	104	0	1	242	1	242	1.19e-89	265
lcl|AP019371.1_prot_BBH69894.1_6579	iYO844.BSU03590	55.5	245	105	1	4	244	2	246	3.74e-87	259
lcl|AP019371.1_prot_BBH69894.1_6579	iYO844.BSU23960	57.3	239	102	0	4	242	2	240	8.45e-87	258
lcl|AP019371.1_prot_BBH69894.1_6579	iJN1463.PP_0225	57.1	245	99	1	4	242	2	246	1.26e-86	258
lcl|AP019371.1_prot_BBH69894.1_6579	iJN1463.PP_1300	57.3	239	102	0	4	242	15	253	7.68e-86	256
lcl|AP019371.1_prot_BBH69894.1_6579	iSDY_1059.SDY_0787	57.1	238	102	0	4	241	2	239	3.93e-85	253
lcl|AP019371.1_prot_BBH69894.1_6579	iSSON_1240.SSON_0789	57.1	238	102	0	4	241	2	239	3.93e-85	253
lcl|AP019371.1_prot_BBH69894.1_6579	iML1515.b0809	57.1	238	102	0	4	241	2	239	5.58e-85	253
lcl|AP019371.1_prot_BBH69894.1_6579	STM_v1_0.STM0828	57.6	238	101	0	4	241	2	239	5.58e-85	253
lcl|AP019371.1_prot_BBH69894.1_6579	iSbBS512_1146.SbBS512_E2539	57.1	238	102	0	4	241	2	239	5.58e-85	253
lcl|AP019371.1_prot_BBH69894.1_6579	iSynCJ816.SGL_RS08035	56.0	241	103	1	4	241	9	249	8.27e-85	253
lcl|AP019371.1_prot_BBH69894.1_6579	iJN1463.PP_1068	57.0	242	102	1	4	243	14	255	1.89e-84	252
lcl|AP019371.1_prot_BBH69895.1_6580	iYO844.BSU03600	38.6	184	99	2	22	205	6	175	2.33e-34	123
lcl|AP019371.1_prot_BBH69895.1_6580	iYO844.BSU27450	39.5	200	114	3	60	259	19	211	5.75e-34	122
lcl|AP019371.1_prot_BBH69895.1_6580	iYS854.USA300HOU_RS09930	38.4	203	117	4	58	259	285	480	6.88e-32	122
lcl|AP019371.1_prot_BBH69895.1_6580	iML1515.b1918	41.2	194	105	3	71	263	32	217	1.86e-33	120
lcl|AP019371.1_prot_BBH69895.1_6580	iNF517.LLMG_RS09920	37.6	213	108	6	61	259	20	221	3.29e-32	117
lcl|AP019371.1_prot_BBH69895.1_6580	iYO844.BSU23970	36.8	204	119	3	58	259	19	214	1.02e-31	116
lcl|AP019371.1_prot_BBH69895.1_6580	iCN900.CD630_07510	36.3	204	120	5	61	259	22	220	4.61e-31	114
lcl|AP019371.1_prot_BBH69895.1_6580	iSynCJ816.SGL_RS07090	39.7	174	94	3	41	210	302	468	7.80e-29	114
lcl|AP019371.1_prot_BBH69895.1_6580	iML1515.b0653	39.9	208	112	4	61	261	23	224	3.43e-30	112
lcl|AP019371.1_prot_BBH69895.1_6580	iSF_1195.SF0628	39.9	208	112	4	61	261	23	224	3.43e-30	112
lcl|AP019371.1_prot_BBH69895.1_6580	iSSON_1240.SSON_0607	39.9	208	112	4	61	261	23	224	3.43e-30	112
lcl|AP019371.1_prot_BBH69896.1_6581	STM_v1_0.STM0830	35.1	228	139	5	47	272	27	247	1.56e-34	124
lcl|AP019371.1_prot_BBH69896.1_6581	iML1515.b0811	35.5	228	138	5	47	272	27	247	2.19e-34	124
lcl|AP019371.1_prot_BBH69896.1_6581	iSSON_1240.SSON_0791	35.5	228	138	5	47	272	27	247	2.19e-34	124
lcl|AP019371.1_prot_BBH69896.1_6581	iSbBS512_1146.SbBS512_E2537	35.5	228	138	5	47	272	27	247	8.49e-34	122
lcl|AP019371.1_prot_BBH69896.1_6581	iSDY_1059.SDY_0785	35.5	228	138	5	47	272	27	247	8.49e-34	122
lcl|AP019371.1_prot_BBH69896.1_6581	iSF_1195.SF0762	35.1	228	139	5	47	272	27	247	1.67e-33	122
lcl|AP019371.1_prot_BBH69896.1_6581	STM_v1_0.STM0887	34.7	219	130	5	55	268	31	241	3.12e-32	118
lcl|AP019371.1_prot_BBH69896.1_6581	iYL1228.KPN_00840	34.2	228	141	5	47	272	27	247	4.92e-32	118
lcl|AP019371.1_prot_BBH69896.1_6581	iPC815.YPO2512	34.2	228	140	6	47	272	27	246	5.11e-31	115
lcl|AP019371.1_prot_BBH69896.1_6581	iML1515.b0860	33.8	219	132	5	55	268	31	241	1.79e-30	114
lcl|AP019371.1_prot_BBH69896.1_6581	iYL1228.KPN_00893	32.6	221	136	5	55	270	31	243	1.79e-30	114
lcl|AP019371.1_prot_BBH69896.1_6581	iYO844.BSU27440	36.1	216	123	6	64	273	66	272	6.84e-30	113
lcl|AP019371.1_prot_BBH69896.1_6581	iSF_1195.SF0814	33.8	219	132	5	55	268	31	241	3.52e-30	113
lcl|AP019371.1_prot_BBH69896.1_6581	iSSON_1240.SSON_0845	33.8	219	132	5	55	268	31	241	3.52e-30	113
lcl|AP019371.1_prot_BBH69897.1_6582	iYS854.USA300HOU_RS06130	33.2	220	143	4	21	237	3	221	3.59e-28	117
lcl|AP019371.1_prot_BBH69899.1_6584	iNF517.LLMG_RS08260	35.1	245	151	2	4	240	5	249	5.60e-30	112
lcl|AP019371.1_prot_BBH69899.1_6584	iLJ478.TM1724	37.6	242	138	6	5	240	9	243	1.96e-28	107
lcl|AP019371.1_prot_BBH69899.1_6584	iAM_Pf480.PF3D7_0922900	33.2	247	148	5	4	242	63	300	8.68e-26	102
lcl|AP019371.1_prot_BBH69899.1_6584	iSDY_1059.SDY_2057	34.7	239	148	2	4	240	8	240	2.93e-26	102
lcl|AP019371.1_prot_BBH69899.1_6584	iCN718.ABAYE_RS11380	34.6	243	148	5	3	240	7	243	8.18e-26	100
lcl|AP019371.1_prot_BBH69899.1_6584	iHN637.CLJU_RS17225	34.6	243	147	3	4	240	11	247	9.07e-26	100
lcl|AP019371.1_prot_BBH69904.1_6589	iEK1008.Rv1533	52.8	375	168	3	1	368	1	373	5.29e-120	351
lcl|AP019371.1_prot_BBH69919.1_6604	iEK1008.Rv0018c	25.6	199	104	7	143	318	29	206	8.60e-04	40.8
lcl|AP019371.1_prot_BBH69925.1_6610	iML1515.b3412	27.2	246	161	6	32	272	12	244	6.19e-12	63.9
lcl|AP019371.1_prot_BBH69925.1_6610	iAF987.Gmet_0843	25.8	267	169	7	28	281	15	265	2.44e-11	62.4
lcl|AP019371.1_prot_BBH69925.1_6610	iSF_1195.SF3435	26.8	246	162	6	32	272	12	244	2.24e-11	62.4
lcl|AP019371.1_prot_BBH69925.1_6610	iSDY_1059.SDY_3663	26.8	246	162	6	32	272	12	244	2.87e-11	62.0
lcl|AP019371.1_prot_BBH69925.1_6610	iSbBS512_1146.SbBS512_E3793	26.8	246	162	6	32	272	12	244	5.30e-11	61.2
lcl|AP019371.1_prot_BBH69925.1_6610	iSSON_1240.SSON_3545	26.8	246	162	6	32	272	12	244	5.30e-11	61.2
lcl|AP019371.1_prot_BBH69928.1_6613	iEK1008.Rv0386	51.8	56	27	0	818	873	1027	1082	3.42e-09	60.5
lcl|AP019371.1_prot_BBH69930.1_6615	iLJ478.TM0869	35.8	296	180	6	235	525	19	309	6.61e-43	155
lcl|AP019371.1_prot_BBH69931.1_6616	iEK1008.Rv0386	46.4	56	30	0	851	906	1022	1077	9.63e-08	55.8
lcl|AP019371.1_prot_BBH69933.1_6618	iCHOv1.100767445	34.0	318	201	7	1	311	43	358	2.05e-44	155
lcl|AP019371.1_prot_BBH69934.1_6619	iEK1008.Rv0386	57.1	63	27	0	116	178	1018	1080	2.13e-13	68.2
lcl|AP019371.1_prot_BBH69936.1_6621	iML1515.b2979	28.1	178	121	4	25	195	56	233	3.66e-04	42.4
lcl|AP019371.1_prot_BBH69937.1_6622	iML1515.b1539	31.0	126	70	4	18	129	3	125	5.35e-04	40.0
lcl|AP019371.1_prot_BBH69937.1_6622	iSSON_1240.SSON_1589	31.0	126	70	4	18	129	3	125	5.35e-04	40.0
lcl|AP019371.1_prot_BBH69937.1_6622	iSDY_1059.SDY_1586	30.2	126	71	4	18	129	3	125	7.17e-04	39.7
lcl|AP019371.1_prot_BBH69937.1_6622	iYL1228.KPN_01590	30.7	127	71	4	18	130	3	126	9.65e-04	39.3
lcl|AP019371.1_prot_BBH69937.1_6622	iSbBS512_1146.SbBS512_E1701	31.0	126	70	4	18	129	3	125	9.61e-04	39.3
lcl|AP019371.1_prot_BBH69939.1_6624	iAF987.Gmet_2374	34.6	78	49	1	94	169	119	196	1.41e-05	43.9
lcl|AP019371.1_prot_BBH69939.1_6624	iYO844.BSU31970	30.4	115	76	3	63	174	101	214	1.76e-04	41.2
lcl|AP019371.1_prot_BBH69939.1_6624	iEK1008.Rv2043c	41.0	61	36	0	98	158	120	180	2.68e-04	40.0
lcl|AP019371.1_prot_BBH69941.1_6626	iYO844.BSU18220	31.7	221	137	4	10	220	8	224	1.04e-20	88.2
lcl|AP019371.1_prot_BBH69941.1_6626	iCN900.CD630_10570	30.7	218	139	4	11	220	16	229	2.18e-20	87.4
lcl|AP019371.1_prot_BBH69941.1_6626	iAF987.Gmet_2071	32.4	225	143	2	1	217	1	224	2.01e-20	87.4
lcl|AP019371.1_prot_BBH69941.1_6626	iEK1008.Rv1070c	31.2	221	134	6	1	210	1	214	9.44e-19	82.8
lcl|AP019371.1_prot_BBH69941.1_6626	iAF987.Gmet_1575	31.6	193	123	2	26	210	26	217	1.41e-18	82.4
lcl|AP019371.1_prot_BBH69941.1_6626	iJN1463.PP_2217	29.8	191	126	4	26	210	26	214	2.49e-18	81.6
lcl|AP019371.1_prot_BBH69941.1_6626	iAF987.Gmet_2212	33.9	186	108	4	26	200	26	207	3.71e-18	81.3
lcl|AP019371.1_prot_BBH69943.1_6628	iYL1228.KPN_00070	28.2	347	237	4	14	348	26	372	3.78e-25	105
lcl|AP019371.1_prot_BBH69944.1_6629	iYL1228.KPN_02455	25.1	239	167	6	3	234	361	594	7.36e-10	60.5
lcl|AP019371.1_prot_BBH69944.1_6629	iJN1463.PP_1144	29.2	243	148	8	7	234	472	705	8.24e-10	60.5
lcl|AP019371.1_prot_BBH69944.1_6629	iAF987.Gmet_0782	26.4	261	170	8	4	250	481	733	1.02e-08	57.0
lcl|AP019371.1_prot_BBH69944.1_6629	iAF987.Gmet_0957	25.4	256	164	9	3	240	375	621	2.22e-08	55.8
lcl|AP019371.1_prot_BBH69947.1_6632	iCN718.ABAYE_RS11380	35.7	249	149	4	6	250	2	243	4.88e-35	125
lcl|AP019371.1_prot_BBH69947.1_6632	iYS854.USA300HOU_RS06185	35.6	250	147	4	10	253	3	244	5.55e-33	120
lcl|AP019371.1_prot_BBH69947.1_6632	iAF987.Gmet_1601	36.2	254	147	5	6	253	2	246	6.25e-32	117
lcl|AP019371.1_prot_BBH69947.1_6632	iCN718.ABAYE_RS14915	35.6	250	143	5	10	253	6	243	6.37e-31	114
lcl|AP019371.1_prot_BBH69947.1_6632	iCN900.CD630_11820	32.8	256	158	5	4	253	1	248	1.00e-30	114
lcl|AP019371.1_prot_BBH69949.1_6634	iJN1463.PP_4670	45.9	157	76	3	340	487	244	400	3.43e-24	104
lcl|AP019371.1_prot_BBH69949.1_6634	iAF987.Gmet_2629	36.0	175	104	3	321	487	363	537	3.18e-21	97.1
lcl|AP019371.1_prot_BBH69949.1_6634	iAF987.Gmet_0700	40.4	166	91	3	330	487	381	546	4.22e-21	96.7
lcl|AP019371.1_prot_BBH69949.1_6634	iAF987.Gmet_3085	36.2	177	104	2	320	487	436	612	5.99e-21	96.3
lcl|AP019371.1_prot_BBH69949.1_6634	iJN1463.PP_3581	38.9	157	87	4	339	487	258	413	2.72e-20	94.0
lcl|AP019371.1_prot_BBH69952.1_6637	iHN637.CLJU_RS10220	31.2	205	129	2	178	371	107	310	1.71e-21	93.6
lcl|AP019371.1_prot_BBH69952.1_6637	iLJ478.TM1469	34.5	226	118	7	168	371	93	310	1.66e-21	93.6
lcl|AP019371.1_prot_BBH69952.1_6637	iSynCJ816.SGL_RS12595	34.3	204	125	4	170	371	119	315	3.13e-20	90.1
lcl|AP019371.1_prot_BBH69952.1_6637	iAF987.Gmet_1639	30.6	222	136	4	167	373	98	316	8.98e-19	85.9
lcl|AP019371.1_prot_BBH69952.1_6637	iEK1008.Rv0650	34.3	207	131	3	173	375	97	302	1.27e-18	85.1
lcl|AP019371.1_prot_BBH69952.1_6637	iCHOv1.100689450	30.5	220	132	6	167	371	499	712	9.14e-18	84.7
lcl|AP019371.1_prot_BBH69953.1_6638	iPC815.YPO4048	25.9	205	151	1	53	257	57	260	5.87e-12	66.6
lcl|AP019371.1_prot_BBH69953.1_6638	iML1515.b4337	26.1	176	130	0	17	192	17	192	1.05e-11	65.9
lcl|AP019371.1_prot_BBH69954.1_6639	iAF987.Gmet_0957	41.2	434	232	8	341	760	189	613	1.39e-83	278
lcl|AP019371.1_prot_BBH69954.1_6639	iAF987.Gmet_3085	40.4	441	240	8	341	767	453	884	3.62e-81	278
lcl|AP019371.1_prot_BBH69954.1_6639	iAF987.Gmet_2629	38.6	438	248	6	341	766	379	807	3.03e-78	268
lcl|AP019371.1_prot_BBH69954.1_6639	iAF987.Gmet_0987	36.2	436	256	7	341	763	354	780	2.89e-73	254
lcl|AP019371.1_prot_BBH69954.1_6639	iJN1463.PP_3581	37.4	473	272	9	303	760	215	678	1.84e-73	252
lcl|AP019371.1_prot_BBH69954.1_6639	iAF987.Gmet_0700	38.3	423	235	8	350	757	397	808	5.74e-72	251
lcl|AP019371.1_prot_BBH69958.1_6643	iYS854.USA300HOU_RS13900	50.0	38	19	0	1	38	1	38	5.86e-04	41.2
lcl|AP019371.1_prot_BBH69959.1_6644	iML1515.b0813	38.3	266	159	3	6	268	15	278	7.74e-41	142
lcl|AP019371.1_prot_BBH69959.1_6644	iSbBS512_1146.SbBS512_E2535	38.3	266	159	3	6	268	15	278	7.74e-41	142
lcl|AP019371.1_prot_BBH69959.1_6644	iSSON_1240.SSON_0793	38.3	266	159	3	6	268	15	278	7.74e-41	142
lcl|AP019371.1_prot_BBH69959.1_6644	iJN1463.PP_2239	36.7	264	164	2	7	268	17	279	4.23e-40	140
lcl|AP019371.1_prot_BBH69959.1_6644	STM_v1_0.STM0832	38.0	266	160	3	6	268	15	278	8.34e-40	140
lcl|AP019371.1_prot_BBH69959.1_6644	iSF_1195.SF0764	37.6	266	161	3	6	268	15	278	2.31e-39	139
lcl|AP019371.1_prot_BBH69960.1_6645	iJN1463.PP_1169	28.3	304	211	6	29	328	22	322	1.21e-28	112
lcl|AP019371.1_prot_BBH69961.1_6646	iAF987.Gmet_3085	41.2	430	242	5	223	642	451	879	1.09e-95	314
lcl|AP019371.1_prot_BBH69961.1_6646	iJN1463.PP_3581	40.6	431	249	4	232	655	263	693	1.38e-96	311
lcl|AP019371.1_prot_BBH69961.1_6646	iAF987.Gmet_0957	41.8	438	243	6	215	643	182	616	2.28e-96	309
lcl|AP019371.1_prot_BBH69961.1_6646	iAF987.Gmet_0700	41.7	434	238	7	218	640	383	812	1.60e-94	309
lcl|AP019371.1_prot_BBH69961.1_6646	iAF987.Gmet_0987	40.1	441	253	5	218	650	350	787	1.37e-92	303
lcl|AP019371.1_prot_BBH69961.1_6646	iAF987.Gmet_2629	41.4	428	239	7	218	637	375	798	9.06e-92	301
lcl|AP019371.1_prot_BBH69961.1_6646	iYL1228.KPN_02455	41.7	415	232	5	230	638	183	593	2.86e-93	300
lcl|AP019371.1_prot_BBH69961.1_6646	iJN1463.PP_1144	41.1	438	241	8	224	648	281	714	9.27e-90	295
lcl|AP019371.1_prot_BBH69961.1_6646	iJN1463.PP_0914	39.4	439	256	5	219	649	249	685	4.78e-90	294
lcl|AP019371.1_prot_BBH69961.1_6646	iAF987.Gmet_0782	40.8	429	244	5	218	638	290	716	2.40e-89	293
lcl|AP019371.1_prot_BBH69962.1_6647	iAF987.Gmet_0700	36.9	597	346	14	286	856	221	812	3.34e-88	298
lcl|AP019371.1_prot_BBH69962.1_6647	iAF987.Gmet_3085	36.8	555	312	13	340	863	338	884	7.85e-87	296
lcl|AP019371.1_prot_BBH69962.1_6647	iAF987.Gmet_0782	41.0	441	248	6	426	854	276	716	1.38e-82	281
lcl|AP019371.1_prot_BBH69962.1_6647	iAF987.Gmet_0987	36.1	551	328	11	333	862	236	783	2.12e-81	279
lcl|AP019371.1_prot_BBH69962.1_6647	iAF987.Gmet_0957	40.8	434	240	8	437	855	181	612	2.55e-79	269
lcl|AP019371.1_prot_BBH69977.1_6662	iCHOv1.100772460	36.3	182	109	5	7	184	32	210	3.49e-23	96.3
lcl|AP019371.1_prot_BBH69977.1_6662	iMM1415.19682	36.3	182	109	6	7	184	32	210	4.64e-22	93.2
lcl|AP019371.1_prot_BBH69977.1_6662	iSDY_1059.SDY_2057	32.4	185	119	2	4	185	6	187	1.37e-22	93.2
lcl|AP019371.1_prot_BBH69977.1_6662	iYL1228.KPN_01091	29.7	229	143	4	4	229	6	219	5.10e-22	91.7
lcl|AP019371.1_prot_BBH69977.1_6662	iML1515.b1093	31.9	185	120	2	4	185	6	187	1.37e-21	90.5
lcl|AP019371.1_prot_BBH69977.1_6662	iSbBS512_1146.SbBS512_E2231	31.9	185	120	2	4	185	6	187	1.37e-21	90.5
lcl|AP019371.1_prot_BBH69977.1_6662	iSF_1195.SF1097	31.9	185	120	2	4	185	6	187	1.37e-21	90.5
lcl|AP019371.1_prot_BBH69977.1_6662	iSSON_1240.SSON_1113	31.9	185	120	2	4	185	6	187	1.37e-21	90.5
lcl|AP019371.1_prot_BBH69977.1_6662	STM_v1_0.STM1195	31.4	185	121	2	4	185	6	187	3.66e-21	89.4
lcl|AP019371.1_prot_BBH69977.1_6662	iYS854.USA300HOU_RS06185	31.3	182	121	1	3	180	2	183	9.76e-21	88.2
lcl|AP019371.1_prot_BBH69977.1_6662	iPC815.YPO1599	31.9	185	120	2	4	185	6	187	1.88e-20	87.4
lcl|AP019371.1_prot_BBH69977.1_6662	iCHOv1.100751871	31.6	187	123	4	1	184	27	211	7.75e-20	87.0
lcl|AP019371.1_prot_BBH69977.1_6662	iCHOv1.100773401	32.8	186	116	3	8	186	10	193	7.29e-20	87.0
lcl|AP019371.1_prot_BBH69980.1_6665	iAF692.Mbar_A3252	26.3	457	275	15	44	470	5	429	1.05e-30	123
lcl|AP019371.1_prot_BBH69983.1_6668	iYL1228.KPN_01467	25.6	398	244	15	50	407	358	743	8.33e-13	70.1
lcl|AP019371.1_prot_BBH69983.1_6668	iCHOv1.100771382	23.1	386	263	10	50	407	322	701	1.94e-12	68.9
lcl|AP019371.1_prot_BBH69983.1_6668	iMM1415.76507	23.5	391	255	13	50	407	327	706	7.93e-12	67.0
lcl|AP019371.1_prot_BBH69983.1_6668	iCHOv1.100763954	27.4	317	187	13	105	388	371	677	1.27e-10	63.2
lcl|AP019371.1_prot_BBH69987.1_6672	iJN1463.PP_1494	35.3	116	72	2	4	119	20	132	2.72e-09	55.8
lcl|AP019371.1_prot_BBH69987.1_6672	iAF987.Gmet_0069	26.8	123	90	0	4	126	5	127	1.15e-08	53.9
lcl|AP019371.1_prot_BBH69989.1_6674	iEK1008.Rv0386	41.7	180	90	2	25	200	285	453	6.33e-31	120
lcl|AP019371.1_prot_BBH69994.1_6679	iYO844.BSU03070	28.1	335	235	5	16	348	18	348	7.00e-28	115
lcl|AP019371.1_prot_BBH69997.1_6682	iEK1008.Rv3772	45.7	341	171	6	26	357	9	344	1.71e-81	252
lcl|AP019371.1_prot_BBH70002.1_6687	iEK1008.Rv0773c	30.6	529	291	11	31	552	23	482	7.92e-38	146
lcl|AP019371.1_prot_BBH70002.1_6687	iEK1008.Rv2394	29.0	589	331	18	17	564	82	624	2.37e-33	134
lcl|AP019371.1_prot_BBH70003.1_6688	iJN1463.PP_5004	30.4	247	163	5	5	244	29	273	1.64e-18	82.0
lcl|AP019371.1_prot_BBH70003.1_6688	iEK1008.Rv0646c	33.2	199	112	5	48	228	94	289	6.36e-16	75.1
lcl|AP019371.1_prot_BBH70005.1_6690	iJN1463.PP_3944	26.4	352	238	10	3	342	7	349	8.79e-14	71.6
lcl|AP019371.1_prot_BBH70012.1_6697	iAM_Pb448.PBANKA_110710	25.7	280	155	8	179	418	282	548	4.54e-08	57.0
lcl|AP019371.1_prot_BBH70016.1_6701	iCHOv1.100757118	28.8	156	95	3	83	238	185	324	3.56e-09	55.8
lcl|AP019371.1_prot_BBH70016.1_6701	iMM1415.105014	29.2	161	88	5	83	238	185	324	1.17e-08	54.3
lcl|AP019371.1_prot_BBH70026.1_6711	iCN718.ABAYE_RS11400	32.4	414	235	11	4	391	249	643	1.91e-40	151
lcl|AP019371.1_prot_BBH70030.1_6715	iJN1463.PP_0129	36.3	190	98	4	308	474	453	642	1.74e-21	97.4
lcl|AP019371.1_prot_BBH70030.1_6715	iJN1463.PP_1761	42.1	171	78	5	330	481	397	565	1.21e-20	95.1
lcl|AP019371.1_prot_BBH70030.1_6715	iAF987.Gmet_0069	34.9	209	118	5	281	474	96	301	2.46e-20	91.3
lcl|AP019371.1_prot_BBH70030.1_6715	iML1515.b1341	38.9	175	84	5	317	476	243	409	9.42e-20	90.9
lcl|AP019371.1_prot_BBH70030.1_6715	iJN1463.PP_4670	35.7	168	93	4	319	471	237	404	1.04e-19	90.9
lcl|AP019371.1_prot_BBH70030.1_6715	iJN1463.PP_1144	39.4	175	91	4	311	471	271	444	4.60e-19	90.1
lcl|AP019371.1_prot_BBH70030.1_6715	iPC815.YPO0425	38.1	155	82	2	333	474	223	376	3.50e-19	89.0
lcl|AP019371.1_prot_BBH70032.1_6717	iLB1027_lipid.PHATRDRAFT_54476	26.9	338	187	12	141	425	63	393	6.83e-10	60.5
lcl|AP019371.1_prot_BBH70034.1_6719	iYO844.BSU03070	25.7	416	288	8	3	409	2	405	1.04e-37	144
lcl|AP019371.1_prot_BBH70036.1_6721	iYL1228.KPN_00792	49.0	51	23	1	18	65	28	78	1.10e-04	44.3
lcl|AP019371.1_prot_BBH70038.1_6723	iYO844.BSU38710	24.8	463	314	13	16	465	3	444	1.08e-25	108
lcl|AP019371.1_prot_BBH70039.1_6724	iYO844.BSU03070	25.3	375	265	8	18	386	51	416	3.79e-21	95.5
lcl|AP019371.1_prot_BBH70041.1_6726	iML1515.b1337	32.5	286	167	5	10	273	11	292	1.40e-31	124
lcl|AP019371.1_prot_BBH70042.1_6727	iJN1463.PP_0987	57.4	460	164	6	1	430	1	458	3.41e-172	489
lcl|AP019371.1_prot_BBH70042.1_6727	iJN1463.PP_3144	56.7	460	167	8	1	430	1	458	2.28e-160	459
lcl|AP019371.1_prot_BBH70042.1_6727	iJN1463.PP_0297	56.4	459	170	7	1	430	1	458	5.27e-159	456
lcl|AP019371.1_prot_BBH70042.1_6727	iCN718.ABAYE_RS11985	56.7	460	168	7	1	430	1	459	1.55e-158	455
lcl|AP019371.1_prot_BBH70042.1_6727	iEK1008.Rv0069c	57.6	455	164	7	1	427	1	454	2.34e-153	442
lcl|AP019371.1_prot_BBH70043.1_6728	iSynCJ816.SGL_RS16525	30.3	251	163	6	270	513	188	433	2.06e-22	99.4
lcl|AP019371.1_prot_BBH70044.1_6729	iEK1008.Rv0189c	80.9	560	107	0	5	564	16	575	0.0	885
lcl|AP019371.1_prot_BBH70046.1_6731	iML1515.b0036	44.2	258	130	5	534	782	9	261	1.20e-57	197
lcl|AP019371.1_prot_BBH70046.1_6731	iSF_1195.SF0033	44.2	258	130	5	534	782	45	297	3.49e-57	197
lcl|AP019371.1_prot_BBH70046.1_6731	iSSON_1240.SSON_0042	43.8	258	131	5	534	782	45	297	2.44e-56	194
lcl|AP019371.1_prot_BBH70046.1_6731	STM_v1_0.STM0070	43.8	258	131	5	534	782	9	261	1.62e-56	194
lcl|AP019371.1_prot_BBH70046.1_6731	iSDY_1059.SDY_0058	43.0	258	133	5	534	782	45	297	5.89e-54	188
lcl|AP019371.1_prot_BBH70047.1_6732	iAF987.Gmet_1522	27.5	407	267	6	359	746	1	398	2.30e-40	153
lcl|AP019371.1_prot_BBH70049.1_6734	iCHOv1.100757118	38.8	299	159	8	14	298	44	332	4.33e-45	155
lcl|AP019371.1_prot_BBH70049.1_6734	iMM1415.105014	38.8	299	159	8	14	298	44	332	3.55e-43	150
lcl|AP019371.1_prot_BBH70049.1_6734	iMM1415.77974	40.1	292	155	6	14	300	39	315	6.43e-43	149
lcl|AP019371.1_prot_BBH70049.1_6734	iCHOv1.100759583	40.8	292	153	7	14	300	39	315	1.27e-42	148
lcl|AP019371.1_prot_BBH70049.1_6734	iCHOv1.100759877	44.0	241	130	3	14	253	38	274	5.60e-40	141
lcl|AP019371.1_prot_BBH70052.1_6737	iMM904.YDR305C	21.8	87	63	1	37	118	29	115	1.65e-04	40.0
lcl|AP019371.1_prot_BBH70057.1_6742	iAF987.Gmet_2629	36.9	436	240	7	311	730	381	797	1.60e-75	260
lcl|AP019371.1_prot_BBH70057.1_6742	iAF987.Gmet_0957	38.5	444	237	10	306	731	185	610	6.22e-74	251
lcl|AP019371.1_prot_BBH70057.1_6742	iAF987.Gmet_0782	36.6	440	243	9	311	733	297	717	2.07e-69	241
lcl|AP019371.1_prot_BBH70057.1_6742	iAF987.Gmet_3085	37.6	431	232	10	318	730	462	873	2.01e-67	239
lcl|AP019371.1_prot_BBH70059.1_6744	iAF987.Gmet_0043	24.3	226	150	6	371	578	44	266	2.44e-09	59.7
lcl|AP019371.1_prot_BBH70063.1_6748	iJN1463.PP_3588	28.8	344	231	5	18	357	9	342	6.59e-23	99.4
lcl|AP019371.1_prot_BBH70065.1_6750	iML1515.b4136	29.4	187	108	7	32	205	202	377	1.25e-06	49.3
lcl|AP019371.1_prot_BBH70065.1_6750	iSbBS512_1146.SbBS512_E4665	29.4	187	108	7	32	205	202	377	1.25e-06	49.3
lcl|AP019371.1_prot_BBH70065.1_6750	iSDY_1059.SDY_4441	29.4	187	108	7	32	205	202	377	1.25e-06	49.3
lcl|AP019371.1_prot_BBH70065.1_6750	iSF_1195.SF4290	29.4	187	108	7	32	205	202	377	1.25e-06	49.3
lcl|AP019371.1_prot_BBH70065.1_6750	iSSON_1240.SSON_4319	30.1	176	99	7	32	194	202	366	1.25e-06	49.3
lcl|AP019371.1_prot_BBH70065.1_6750	iYL1228.KPN_04526	28.0	186	112	6	32	205	236	411	1.66e-05	45.8
lcl|AP019371.1_prot_BBH70066.1_6751	iEK1008.Rv0202c	30.8	575	348	11	204	752	166	716	2.82e-50	190
lcl|AP019371.1_prot_BBH70070.1_6755	iCN718.ABAYE_RS08940	52.3	576	260	4	3	569	8	577	2.01e-199	569
lcl|AP019371.1_prot_BBH70071.1_6756	iCHOv1.100752401	31.0	274	161	9	15	265	14	282	7.65e-25	100
lcl|AP019371.1_prot_BBH70072.1_6757	iCHOv1.100766065	35.5	251	141	7	1	239	1	242	1.59e-32	118
lcl|AP019371.1_prot_BBH70072.1_6757	iLJ478.TM1724	32.7	245	142	3	10	240	9	244	4.51e-32	117
lcl|AP019371.1_prot_BBH70072.1_6757	iEK1008.Rv1483	33.3	237	152	2	4	240	13	243	5.64e-29	109
lcl|AP019371.1_prot_BBH70072.1_6757	iAF987.Gmet_1694	36.0	250	141	3	3	240	2	244	1.06e-28	108
lcl|AP019371.1_prot_BBH70074.1_6759	iYL1228.KPN_01958	44.5	265	143	1	34	294	56	320	8.49e-67	211
lcl|AP019371.1_prot_BBH70074.1_6759	iCN718.ABAYE_RS15440	41.1	265	152	1	34	294	56	320	4.47e-63	201
lcl|AP019371.1_prot_BBH70074.1_6759	iSSON_1240.SSON_1535	40.8	262	151	1	34	291	56	317	5.88e-61	196
lcl|AP019371.1_prot_BBH70074.1_6759	iSF_1195.SF1648	40.8	262	151	1	34	291	56	317	8.29e-61	196
lcl|AP019371.1_prot_BBH70074.1_6759	iML1515.b1623	40.8	262	151	1	34	291	56	317	1.17e-60	195
lcl|AP019371.1_prot_BBH70074.1_6759	iSDY_1059.SDY_1846	40.8	262	151	1	34	291	56	317	1.17e-60	195
lcl|AP019371.1_prot_BBH70074.1_6759	iSbBS512_1146.SbBS512_E1811	40.8	262	151	1	34	291	56	317	3.28e-60	194
lcl|AP019371.1_prot_BBH70074.1_6759	STM_v1_0.STM1463	41.6	262	149	1	34	291	56	317	4.63e-60	194
lcl|AP019371.1_prot_BBH70085.1_6770	iML1515.b1601	24.7	308	210	5	88	388	33	325	3.41e-05	45.4
lcl|AP019371.1_prot_BBH70090.1_6775	iYO844.BSU02750	33.2	208	132	5	32	235	20	224	1.53e-30	114
lcl|AP019371.1_prot_BBH70090.1_6775	iAF987.Gmet_1282	31.8	220	148	2	18	235	10	229	1.62e-29	111
lcl|AP019371.1_prot_BBH70090.1_6775	iNF517.LLMG_RS09915	33.6	214	136	5	28	236	16	228	5.96e-29	109
lcl|AP019371.1_prot_BBH70090.1_6775	iCN900.CD630_16140	30.2	222	147	4	23	240	30	247	1.80e-28	108
lcl|AP019371.1_prot_BBH70090.1_6775	iSynCJ816.SGL_RS01940	33.5	233	143	6	15	238	7	236	1.96e-28	108
lcl|AP019371.1_prot_BBH70090.1_6775	iEK1008.Rv2397c	34.1	217	129	5	26	235	13	222	1.20e-27	108
lcl|AP019371.1_prot_BBH70090.1_6775	iPC815.YPO1352	34.5	223	136	5	17	230	2	223	1.56e-28	108
lcl|AP019371.1_prot_BBH70090.1_6775	iYO844.BSU29340	33.3	216	137	4	28	236	12	227	2.36e-27	105
lcl|AP019371.1_prot_BBH70090.1_6775	iCHOv1.100761226	33.5	227	141	4	18	242	907	1125	1.85e-25	105
lcl|AP019371.1_prot_BBH70090.1_6775	iMM1415.11303	33.5	227	141	4	18	242	907	1125	1.85e-25	105
lcl|AP019371.1_prot_BBH70090.1_6775	iML1515.b1917	32.7	214	132	5	35	237	21	233	7.45e-27	104
lcl|AP019371.1_prot_BBH70090.1_6775	iJN1463.PP_0114	32.7	217	139	5	27	236	14	230	4.83e-26	103
lcl|AP019371.1_prot_BBH70090.1_6775	iJN1463.PP_0225	30.9	230	149	4	18	237	2	231	1.52e-26	103
lcl|AP019371.1_prot_BBH70090.1_6775	iML1515.b0864	32.7	223	140	5	17	230	2	223	1.71e-26	103
lcl|AP019371.1_prot_BBH70090.1_6775	iYL1228.KPN_02565	34.9	218	134	7	24	236	9	223	6.81e-26	103
lcl|AP019371.1_prot_BBH70090.1_6775	iSbBS512_1146.SbBS512_E2467	32.7	223	140	5	17	230	2	223	1.71e-26	103
lcl|AP019371.1_prot_BBH70090.1_6775	iSF_1195.SF0818	32.7	223	140	5	17	230	2	223	1.71e-26	103
lcl|AP019371.1_prot_BBH70090.1_6775	iSSON_1240.SSON_0849	32.7	223	140	5	17	230	2	223	1.71e-26	103
lcl|AP019371.1_prot_BBH70102.1_6787	iYS854.USA300HOU_RS01445	32.7	110	42	5	120	228	221	299	1.84e-06	48.1
lcl|AP019371.1_prot_BBH70106.1_6791	iEK1008.Rv1631	35.2	196	100	5	7	176	213	407	1.00e-22	93.2
lcl|AP019371.1_prot_BBH70118.1_6803	iJN1463.PP_0601	27.4	391	266	5	5	389	14	392	4.09e-25	108
lcl|AP019371.1_prot_BBH70118.1_6803	iML1515.b1069	26.9	387	267	7	5	386	14	389	8.20e-22	98.2
lcl|AP019371.1_prot_BBH70118.1_6803	iSbBS512_1146.SbBS512_E2257	26.9	387	267	7	5	386	14	389	8.20e-22	98.2
lcl|AP019371.1_prot_BBH70118.1_6803	iSF_1195.SF1075	26.9	387	267	7	5	386	14	389	8.20e-22	98.2
lcl|AP019371.1_prot_BBH70118.1_6803	iSSON_1240.SSON_1089	26.9	387	267	7	5	386	14	389	8.20e-22	98.2
lcl|AP019371.1_prot_BBH70118.1_6803	iSDY_1059.SDY_2083	26.6	387	268	7	5	386	14	389	1.46e-21	97.4
lcl|AP019371.1_prot_BBH70120.1_6805	iCN718.ABAYE_RS14110	43.7	378	204	6	21	389	4	381	3.24e-99	299
lcl|AP019371.1_prot_BBH70120.1_6805	iLJ478.TM0282	49.9	355	163	8	40	387	8	354	1.18e-98	297
lcl|AP019371.1_prot_BBH70121.1_6806	iLJ478.TM0114	30.1	249	163	6	76	322	42	281	4.54e-20	89.7
lcl|AP019371.1_prot_BBH70122.1_6807	iCN900.CD630_15880	34.3	309	190	5	14	317	8	308	3.49e-42	148
lcl|AP019371.1_prot_BBH70122.1_6807	iCN900.CD630_03020	32.5	295	192	4	25	315	30	321	6.17e-38	137
lcl|AP019371.1_prot_BBH70122.1_6807	iML1515.b3750	33.9	304	190	4	18	315	19	317	9.49e-38	136
lcl|AP019371.1_prot_BBH70122.1_6807	iYL1228.KPN_04155	33.6	304	191	4	18	315	19	317	1.86e-37	135
lcl|AP019371.1_prot_BBH70122.1_6807	iLJ478.TM0112	32.5	302	191	7	17	312	11	305	4.64e-37	134
lcl|AP019371.1_prot_BBH70123.1_6808	iPC815.YPO3907	36.6	235	147	2	4	238	5	237	9.18e-46	159
lcl|AP019371.1_prot_BBH70123.1_6808	iCN900.CD630_03010	34.3	236	152	3	4	238	6	239	2.85e-44	155
lcl|AP019371.1_prot_BBH70123.1_6808	iML1515.b4485	35.3	235	150	2	4	238	10	242	5.30e-44	154
lcl|AP019371.1_prot_BBH70123.1_6808	iSF_1195.SF4262	34.9	235	151	2	4	238	10	242	7.53e-43	151
lcl|AP019371.1_prot_BBH70123.1_6808	iSSON_1240.SSON_4410	34.9	235	151	2	4	238	10	242	2.83e-42	149
lcl|AP019371.1_prot_BBH70123.1_6808	iYL1228.KPN_04623	34.0	235	153	2	4	238	10	242	5.54e-41	146
lcl|AP019371.1_prot_BBH70123.1_6808	iNF517.LLMG_RS04060	33.1	236	155	3	4	238	3	236	1.86e-40	144
lcl|AP019371.1_prot_BBH70123.1_6808	iML1515.b4087	33.5	248	155	5	4	245	6	249	3.28e-40	144
lcl|AP019371.1_prot_BBH70124.1_6809	iCHOv1.100689391	34.7	121	62	6	87	203	136	243	7.70e-07	50.4
lcl|AP019371.1_prot_BBH70133.1_6818	iYO844.BSU39980	28.0	93	63	3	22	113	192	281	1.59e-06	46.2
lcl|AP019371.1_prot_BBH70135.1_6820	iYS854.USA300HOU_RS06130	32.2	258	160	8	4	251	15	267	1.09e-25	112
lcl|AP019371.1_prot_BBH70138.1_6823	iAF987.Gmet_2235	32.0	397	198	8	1	382	1	340	2.55e-47	164
lcl|AP019371.1_prot_BBH70139.1_6824	iJN1463.PP_2805	44.9	472	255	3	7	474	12	482	3.94e-142	417
lcl|AP019371.1_prot_BBH70139.1_6824	iCN718.ABAYE_RS02690	43.0	479	267	5	4	477	2	479	1.27e-137	405
lcl|AP019371.1_prot_BBH70142.1_6827	iJN1463.PP_0501	38.4	86	40	3	3	75	6	91	3.78e-04	40.0
lcl|AP019371.1_prot_BBH70144.1_6829	iJN1463.PP_3970	41.6	392	222	3	1	389	1	388	1.17e-98	298
lcl|AP019371.1_prot_BBH70149.1_6834	iYL1228.KPN_03112	32.6	141	66	5	4	133	34	156	8.34e-07	46.6
lcl|AP019371.1_prot_BBH70149.1_6834	STM_v1_0.STM2933	33.1	142	64	6	4	133	34	156	5.48e-06	44.3
lcl|AP019371.1_prot_BBH70149.1_6834	iSF_1195.SF2773	33.6	143	62	6	4	133	34	156	7.49e-06	43.9
lcl|AP019371.1_prot_BBH70149.1_6834	iML1515.b2750	33.6	143	62	6	4	133	34	156	1.02e-05	43.5
lcl|AP019371.1_prot_BBH70149.1_6834	iSbBS512_1146.SbBS512_E3124	33.6	143	62	6	4	133	34	156	1.02e-05	43.5
lcl|AP019371.1_prot_BBH70149.1_6834	iSDY_1059.SDY_2949	33.6	143	62	6	4	133	34	156	1.02e-05	43.5
lcl|AP019371.1_prot_BBH70149.1_6834	iSSON_1240.SSON_2898	33.6	143	62	6	4	133	34	156	1.02e-05	43.5
lcl|AP019371.1_prot_BBH70153.1_6838	iJN1463.PP_2556	48.1	441	208	5	12	442	20	449	5.10e-119	354
lcl|AP019371.1_prot_BBH70157.1_6842	iEK1008.Rv0386	25.5	373	194	14	536	882	763	1077	1.04e-08	58.9
lcl|AP019371.1_prot_BBH70164.1_6849	iMM1415.105014	34.6	312	147	11	19	300	42	326	6.77e-31	118
lcl|AP019371.1_prot_BBH70164.1_6849	iCHOv1.100757118	34.3	312	148	12	19	300	42	326	1.31e-30	117
lcl|AP019371.1_prot_BBH70164.1_6849	iCHOv1.100759583	39.4	213	118	5	11	215	29	238	1.84e-28	111
lcl|AP019371.1_prot_BBH70164.1_6849	iMM1415.77974	33.6	304	171	9	11	304	29	311	1.84e-28	111
lcl|AP019371.1_prot_BBH70164.1_6849	iCHOv1.100759877	39.0	213	119	5	11	215	28	237	6.86e-28	109
lcl|AP019371.1_prot_BBH70166.1_6851	iYS854.USA300HOU_RS13340	36.1	476	276	4	6	455	31	504	2.30e-85	273
lcl|AP019371.1_prot_BBH70168.1_6853	iAF692.Mbar_A2042	38.4	177	102	3	74	244	65	240	1.64e-23	95.1
lcl|AP019371.1_prot_BBH70176.1_6861	iEK1008.Rv3141	27.5	218	139	6	1	204	4	216	6.70e-09	55.8
lcl|AP019371.1_prot_BBH70176.1_6861	iEK1008.Rv2933	33.5	158	85	5	25	170	1484	1633	4.29e-08	54.3
lcl|AP019371.1_prot_BBH70179.1_6864	iCHOv1.100757328	31.4	102	66	1	123	220	119	220	1.07e-09	57.4
lcl|AP019371.1_prot_BBH70179.1_6864	iML1515.b3399	29.2	120	82	2	84	202	74	191	9.27e-09	53.5
lcl|AP019371.1_prot_BBH70180.1_6865	iEK1008.Rv2045c	34.0	514	291	16	38	529	18	505	4.77e-55	192
lcl|AP019371.1_prot_BBH70181.1_6866	iCHOv1.100766856	29.2	462	247	16	4	385	1376	1837	2.42e-43	161
lcl|AP019371.1_prot_BBH70181.1_6866	iMM1415.226413	28.8	475	232	16	4	385	1381	1842	6.79e-42	157
lcl|AP019371.1_prot_BBH70181.1_6866	iNF517.LLMG_RS01005	26.9	479	250	13	1	387	6	476	1.41e-42	154
lcl|AP019371.1_prot_BBH70185.1_6870	iYO844.BSU30290	35.3	258	165	2	18	273	19	276	2.58e-51	169
lcl|AP019371.1_prot_BBH70186.1_6871	iYO844.BSU30280	37.4	278	173	1	29	305	22	299	3.28e-66	209
lcl|AP019371.1_prot_BBH70188.1_6873	iYO844.BSU35960	27.9	244	134	12	66	290	38	258	4.70e-07	50.4
lcl|AP019371.1_prot_BBH70189.1_6874	iEK1008.Rv1399c	35.6	247	134	7	16	255	66	294	1.01e-19	86.7
lcl|AP019371.1_prot_BBH70189.1_6874	iEK1008.Rv1400c	34.2	281	147	12	2	268	53	309	1.94e-19	85.9
lcl|AP019371.1_prot_BBH70189.1_6874	iEK1008.Rv0217c	36.6	243	118	10	17	252	57	270	2.53e-17	79.7
lcl|AP019371.1_prot_BBH70189.1_6874	iEK1008.Rv2970c	34.6	269	135	12	3	255	107	350	6.41e-17	79.3
lcl|AP019371.1_prot_BBH70190.1_6875	iYL1228.KPN_04329	47.3	55	28	1	81	134	119	173	2.20e-05	44.3
lcl|AP019371.1_prot_BBH70190.1_6875	iYS854.USA300HOU_RS07520	30.6	134	86	4	8	134	23	156	2.82e-05	43.9
lcl|AP019371.1_prot_BBH70190.1_6875	iNF517.LLMG_RS03890	36.5	104	57	3	39	133	52	155	3.88e-05	43.5
lcl|AP019371.1_prot_BBH70190.1_6875	iJN1463.PP_5011	44.4	63	34	1	73	134	116	178	4.06e-05	43.5
lcl|AP019371.1_prot_BBH70190.1_6875	iCN718.ABAYE_RS17020	48.2	56	27	2	81	134	182	237	6.50e-05	43.1
lcl|AP019371.1_prot_BBH70190.1_6875	iML1515.b3833	47.3	55	28	1	81	134	119	173	5.33e-05	43.1
lcl|AP019371.1_prot_BBH70190.1_6875	iSbBS512_1146.SbBS512_E4305	47.3	55	28	1	81	134	119	173	5.33e-05	43.1
lcl|AP019371.1_prot_BBH70190.1_6875	iSDY_1059.SDY_3910	47.3	55	28	1	81	134	119	173	5.33e-05	43.1
lcl|AP019371.1_prot_BBH70190.1_6875	iSF_1195.SF3911	47.3	55	28	1	81	134	119	173	5.33e-05	43.1
lcl|AP019371.1_prot_BBH70190.1_6875	iSSON_1240.SSON_4008	47.3	55	28	1	81	134	119	173	5.33e-05	43.1
lcl|AP019371.1_prot_BBH70190.1_6875	iPC815.YPO3781	35.1	111	62	3	34	134	63	173	5.33e-05	43.1
lcl|AP019371.1_prot_BBH70190.1_6875	STM_v1_0.STM3970	45.5	55	29	1	81	134	119	173	1.29e-04	42.0
lcl|AP019371.1_prot_BBH70190.1_6875	iYO844.BSU22750	32.7	107	63	3	37	134	50	156	2.14e-04	41.2
lcl|AP019371.1_prot_BBH70190.1_6875	iAF987.Gmet_1167	30.6	108	65	4	39	136	74	181	5.74e-04	40.0
lcl|AP019371.1_prot_BBH70200.1_6885	iJN1463.PP_3737	39.2	314	174	6	5	305	7	316	1.18e-65	208
lcl|AP019371.1_prot_BBH70202.1_6887	iJN1463.PP_3736	35.8	338	199	7	7	336	5	332	4.91e-60	196
lcl|AP019371.1_prot_BBH70204.1_6889	iAF692.Mbar_A3192	38.6	259	155	4	73	330	68	323	1.70e-44	154
lcl|AP019371.1_prot_BBH70205.1_6890	iJN1463.PP_4432	25.8	314	193	11	14	307	14	307	2.15e-09	58.5
lcl|AP019371.1_prot_BBH70207.1_6892	iEK1008.Rv1257c	27.0	189	130	3	34	214	40	228	3.52e-11	64.7
lcl|AP019371.1_prot_BBH70209.1_6894	iYS854.USA300HOU_RS04905	49.2	266	123	2	1	254	7	272	3.36e-81	246
lcl|AP019371.1_prot_BBH70209.1_6894	STM_v1_0.STM1742	50.8	242	113	1	16	251	39	280	4.88e-75	231
lcl|AP019371.1_prot_BBH70209.1_6894	iYL1228.KPN_02193	51.5	235	108	1	16	244	39	273	1.38e-74	229
lcl|AP019371.1_prot_BBH70209.1_6894	iSSON_1240.SSON_1933	50.2	235	111	1	16	244	39	273	7.83e-74	228
lcl|AP019371.1_prot_BBH70209.1_6894	iML1515.b1247	50.6	235	110	1	16	244	39	273	1.11e-73	227
lcl|AP019371.1_prot_BBH70209.1_6894	iSbBS512_1146.SbBS512_E1416	50.6	235	110	1	16	244	39	273	1.11e-73	227
lcl|AP019371.1_prot_BBH70209.1_6894	iSDY_1059.SDY_1305	50.6	235	110	1	16	244	39	273	1.11e-73	227
lcl|AP019371.1_prot_BBH70209.1_6894	iSF_1195.SF1248	50.6	235	110	1	16	244	39	273	1.11e-73	227
lcl|AP019371.1_prot_BBH70209.1_6894	iEK1008.Rv1281c	49.8	245	115	2	7	245	367	609	1.57e-69	224
lcl|AP019371.1_prot_BBH70209.1_6894	iYL1228.KPN_00862	53.2	235	103	3	16	244	336	569	3.54e-69	223
lcl|AP019371.1_prot_BBH70210.1_6895	iLJ478.TM1749	44.5	321	169	5	1	313	1	320	1.36e-89	270
lcl|AP019371.1_prot_BBH70210.1_6895	STM_v1_0.STM1743	48.0	304	152	6	15	314	32	333	1.09e-88	268
lcl|AP019371.1_prot_BBH70210.1_6895	iSDY_1059.SDY_1304	47.0	304	155	6	15	314	34	335	1.32e-87	265
lcl|AP019371.1_prot_BBH70210.1_6895	iSF_1195.SF1247	47.0	304	155	6	15	314	34	335	1.32e-87	265
lcl|AP019371.1_prot_BBH70210.1_6895	iSSON_1240.SSON_1934	47.0	304	155	6	15	314	34	335	1.32e-87	265
lcl|AP019371.1_prot_BBH70210.1_6895	iSbBS512_1146.SbBS512_E1415	47.0	304	155	6	15	314	34	335	2.65e-87	265
lcl|AP019371.1_prot_BBH70210.1_6895	iYL1228.KPN_02194	46.8	293	152	4	15	305	34	324	6.04e-86	261
lcl|AP019371.1_prot_BBH70210.1_6895	iML1515.b1246	46.7	304	156	6	15	314	34	335	8.54e-86	261
lcl|AP019371.1_prot_BBH70210.1_6895	iYO844.BSU12950	46.9	305	153	4	1	297	1	304	9.12e-85	258
lcl|AP019371.1_prot_BBH70210.1_6895	iJN1463.PP_0879	48.8	303	148	4	3	299	2	303	1.39e-83	254
lcl|AP019371.1_prot_BBH70210.1_6895	iYS854.USA300HOU_RS04900	46.8	295	153	2	12	302	17	311	6.26e-83	254
lcl|AP019371.1_prot_BBH70210.1_6895	iLJ478.TM1064	43.5	315	165	7	1	303	1	314	3.44e-81	249
lcl|AP019371.1_prot_BBH70211.1_6896	iSSON_1240.SSON_1639	44.9	254	140	0	22	275	41	294	2.39e-70	218
lcl|AP019371.1_prot_BBH70211.1_6896	iML1515.b1485	44.9	254	140	0	22	275	41	294	3.38e-70	218
lcl|AP019371.1_prot_BBH70211.1_6896	iSbBS512_1146.SbBS512_E1748	45.3	254	135	2	22	275	41	290	1.70e-69	216
lcl|AP019371.1_prot_BBH70212.1_6897	iJN1463.PP_0881	39.0	333	202	1	1	332	1	333	1.89e-69	219
lcl|AP019371.1_prot_BBH70212.1_6897	iSSON_1240.SSON_1638	41.1	319	187	1	13	330	15	333	4.23e-69	219
lcl|AP019371.1_prot_BBH70212.1_6897	iML1515.b1486	41.1	319	187	1	13	330	15	333	8.42e-69	218
lcl|AP019371.1_prot_BBH70212.1_6897	iYL1228.KPN_03898	37.5	336	206	2	1	332	1	336	4.48e-65	208
lcl|AP019371.1_prot_BBH70212.1_6897	iML1515.b3543	37.5	336	206	2	1	332	1	336	7.02e-64	205
lcl|AP019371.1_prot_BBH70212.1_6897	iSDY_1059.SDY_4566	37.5	336	206	2	1	332	1	336	7.02e-64	205
lcl|AP019371.1_prot_BBH70212.1_6897	iSSON_1240.SSON_3847	37.5	336	206	2	1	332	1	336	7.02e-64	205
lcl|AP019371.1_prot_BBH70212.1_6897	iSF_1195.SF3578	37.5	336	206	2	1	332	1	336	9.90e-64	205
lcl|AP019371.1_prot_BBH70212.1_6897	STM_v1_0.STM3629	36.9	336	208	2	1	332	1	336	3.91e-63	203
lcl|AP019371.1_prot_BBH70213.1_6898	iML1515.b1487	29.3	481	322	12	35	504	30	503	1.84e-38	147
lcl|AP019371.1_prot_BBH70213.1_6898	iSSON_1240.SSON_1637	29.9	482	318	14	35	504	30	503	1.66e-37	144
lcl|AP019371.1_prot_BBH70213.1_6898	iSbBS512_1146.SbBS512_E1750	28.9	481	324	12	35	504	30	503	1.08e-36	142
lcl|AP019371.1_prot_BBH70221.1_6906	iEK1008.Rv0752c	25.2	238	152	6	90	320	148	366	1.01e-04	43.5
lcl|AP019371.1_prot_BBH70221.1_6906	iYO844.BSU18260	22.5	253	148	7	87	317	133	359	2.33e-04	42.4
lcl|AP019371.1_prot_BBH70227.1_6912	iJN1463.PP_2406	49.8	273	131	2	4	272	6	276	2.09e-74	228
lcl|AP019371.1_prot_BBH70228.1_6913	STM_v1_0.STM3673	26.8	272	191	3	35	302	28	295	2.92e-29	114
lcl|AP019371.1_prot_BBH70228.1_6913	iML1515.b3579	26.0	269	197	2	35	302	28	295	5.51e-28	110
lcl|AP019371.1_prot_BBH70229.1_6914	iJN1463.PP_1167	36.1	382	231	6	50	423	48	424	1.45e-64	213
lcl|AP019371.1_prot_BBH70229.1_6914	STM_v1_0.STM3672	35.6	410	250	7	16	417	14	417	2.62e-60	201
lcl|AP019371.1_prot_BBH70229.1_6914	iML1515.b3578	35.1	413	242	7	23	417	13	417	1.99e-59	199
lcl|AP019371.1_prot_BBH70232.1_6917	iYL1228.KPN_00507	34.6	188	118	3	1	186	1	185	2.65e-18	84.0
lcl|AP019371.1_prot_BBH70232.1_6917	iAF692.Mbar_A1138	28.0	318	199	11	4	313	2	297	7.18e-18	82.4
lcl|AP019371.1_prot_BBH70233.1_6918	iEK1008.Rv2537c	47.4	135	71	0	7	141	8	142	5.98e-36	120
lcl|AP019371.1_prot_BBH70233.1_6918	iAF987.Gmet_0981	46.3	136	73	0	5	140	3	138	3.72e-35	119
lcl|AP019371.1_prot_BBH70233.1_6918	iJN1463.PP_2407	43.1	137	78	0	5	141	5	141	3.61e-35	119
lcl|AP019371.1_prot_BBH70233.1_6918	iIT341.HP1038	40.7	140	80	2	4	140	2	141	1.95e-33	115
lcl|AP019371.1_prot_BBH70233.1_6918	iJN1463.PP_0560	45.5	134	72	1	5	137	4	137	1.42e-32	112
lcl|AP019371.1_prot_BBH70233.1_6918	iCN718.ABAYE_RS08045	44.2	138	76	1	1	137	1	138	2.01e-32	112
lcl|AP019371.1_prot_BBH70233.1_6918	iPC815.YPO3660	43.2	139	79	0	5	143	7	145	7.85e-32	110
lcl|AP019371.1_prot_BBH70234.1_6919	iJN1463.PP_2679	27.9	566	321	19	57	571	54	583	3.36e-44	167
lcl|AP019371.1_prot_BBH70235.1_6920	iYO844.BSU28310	33.1	574	330	11	9	562	24	563	1.31e-79	261
lcl|AP019371.1_prot_BBH70235.1_6920	iAF692.Mbar_A0218	33.8	559	324	9	6	551	12	537	3.57e-79	260
lcl|AP019371.1_prot_BBH70235.1_6920	iHN637.CLJU_RS19160	30.1	571	368	7	6	573	14	556	1.18e-72	242
lcl|AP019371.1_prot_BBH70235.1_6920	iJN1463.PP_4680	32.0	541	326	11	6	529	7	522	1.78e-72	242
lcl|AP019371.1_prot_BBH70235.1_6920	iYL1228.KPN_00082	33.7	496	300	8	6	489	7	485	9.42e-72	240
lcl|AP019371.1_prot_BBH70235.1_6920	iYS854.USA300HOU_RS11065	31.1	549	352	7	7	551	39	565	1.83e-71	239
lcl|AP019371.1_prot_BBH70235.1_6920	iYL1228.KPN_04074	35.2	494	294	9	1	490	1	472	1.56e-71	239
lcl|AP019371.1_prot_BBH70235.1_6920	iSynCJ816.SGL_RS09150	31.7	549	348	7	6	553	7	529	2.91e-71	238
lcl|AP019371.1_prot_BBH70235.1_6920	iSSON_1240.SSON_0084	33.7	495	301	8	6	489	7	485	9.72e-71	237
lcl|AP019371.1_prot_BBH70235.1_6920	iML1515.b0077	33.7	495	301	8	6	489	7	485	1.89e-70	236
lcl|AP019371.1_prot_BBH70235.1_6920	iAF987.Gmet_1260	31.4	567	357	9	1	556	1	546	2.21e-70	236
lcl|AP019371.1_prot_BBH70235.1_6920	iPC815.YPO2293	33.5	499	308	7	1	495	6	484	1.94e-70	236
lcl|AP019371.1_prot_BBH70235.1_6920	iSF_1195.SF0072	33.5	495	302	8	6	489	35	513	1.30e-69	235
lcl|AP019371.1_prot_BBH70235.1_6920	iSSON_1240.SSON_3625	34.9	493	291	10	4	490	14	482	5.50e-70	235
lcl|AP019371.1_prot_BBH70236.1_6921	iJN1463.PP_0665	38.8	428	262	0	47	474	39	466	3.39e-83	264
lcl|AP019371.1_prot_BBH70237.1_6922	iML1515.b2371	35.1	365	219	3	6	370	9	355	9.72e-72	229
lcl|AP019371.1_prot_BBH70238.1_6923	iAF692.Mbar_A0715	28.4	201	130	6	49	244	147	338	1.07e-13	69.7
lcl|AP019371.1_prot_BBH70238.1_6923	iYS854.USA300HOU_RS08985	28.3	240	144	9	16	249	133	350	1.56e-13	69.3
lcl|AP019371.1_prot_BBH70238.1_6923	iLJ478.TM0290	26.9	208	133	4	61	261	164	359	1.26e-12	66.6
lcl|AP019371.1_prot_BBH70238.1_6923	iLB1027_lipid.PHATRDRAFT_54477	26.6	229	138	9	30	240	842	1058	2.82e-12	66.2
lcl|AP019371.1_prot_BBH70238.1_6923	iYO844.BSU29140	25.6	203	135	5	50	249	160	349	4.25e-12	65.1
lcl|AP019371.1_prot_BBH70238.1_6923	iJN1463.PP_4194	27.2	202	125	9	53	244	210	399	1.59e-11	63.5
lcl|AP019371.1_prot_BBH70240.1_6925	iJN1463.PP_2554	43.8	619	312	8	20	604	5	621	4.05e-151	459
lcl|AP019371.1_prot_BBH70242.1_6927	iEK1008.Rv3565	41.0	376	218	2	10	382	11	385	1.33e-84	262
lcl|AP019371.1_prot_BBH70248.1_6933	iYL1228.KPN_00863	27.8	507	309	16	10	481	12	496	5.76e-37	142
lcl|AP019371.1_prot_BBH70248.1_6933	STM_v1_0.STM0849	28.3	519	295	18	8	481	10	496	8.48e-35	136
lcl|AP019371.1_prot_BBH70248.1_6933	iML1515.b0830	27.5	483	294	17	37	481	32	496	1.20e-32	130
lcl|AP019371.1_prot_BBH70248.1_6933	iSDY_1059.SDY_0757	27.3	483	295	17	37	481	32	496	2.23e-32	129
lcl|AP019371.1_prot_BBH70248.1_6933	iSbBS512_1146.SbBS512_E2518	27.3	483	295	17	37	481	32	496	4.12e-32	128
lcl|AP019371.1_prot_BBH70248.1_6933	iSSON_1240.SSON_0812	27.3	483	295	17	37	481	32	496	4.12e-32	128
lcl|AP019371.1_prot_BBH70249.1_6934	iSSON_1240.SSON_0813	36.5	315	191	2	1	315	1	306	7.49e-62	198
lcl|AP019371.1_prot_BBH70249.1_6934	iML1515.b0831	36.5	315	191	2	1	315	1	306	2.10e-61	197
lcl|AP019371.1_prot_BBH70249.1_6934	iSDY_1059.SDY_0756	36.5	315	191	2	1	315	1	306	2.10e-61	197
lcl|AP019371.1_prot_BBH70249.1_6934	iSF_1195.SF0781	36.2	315	192	2	1	315	1	306	1.66e-60	195
lcl|AP019371.1_prot_BBH70249.1_6934	iSbBS512_1146.SbBS512_E2517	36.2	315	192	2	1	315	1	306	3.31e-60	194
lcl|AP019371.1_prot_BBH70249.1_6934	STM_v1_0.STM0850	36.8	315	190	2	1	315	1	306	1.85e-59	192
lcl|AP019371.1_prot_BBH70249.1_6934	iYL1228.KPN_00864	36.5	315	191	2	1	315	1	306	2.61e-59	192
lcl|AP019371.1_prot_BBH70249.1_6934	iML1515.b3477	37.1	321	190	3	1	318	1	312	1.93e-54	179
lcl|AP019371.1_prot_BBH70249.1_6934	iSbBS512_1146.SbBS512_E3844	37.1	321	190	3	1	318	1	312	1.93e-54	179
lcl|AP019371.1_prot_BBH70249.1_6934	iSSON_1240.SSON_3715	37.1	321	190	3	1	318	1	312	1.93e-54	179
lcl|AP019371.1_prot_BBH70250.1_6935	iML1515.b3478	35.6	267	169	2	1	266	5	269	1.23e-41	144
lcl|AP019371.1_prot_BBH70250.1_6935	iSDY_1059.SDY_3633	35.7	266	168	2	2	266	6	269	1.23e-41	144
lcl|AP019371.1_prot_BBH70250.1_6935	iSSON_1240.SSON_3716	35.6	267	169	2	1	266	5	269	1.23e-41	144
lcl|AP019371.1_prot_BBH70250.1_6935	iJN1463.PP_0880	37.6	263	157	2	11	266	40	302	7.27e-41	142
lcl|AP019371.1_prot_BBH70250.1_6935	iSbBS512_1146.SbBS512_E3843	35.2	267	170	2	1	266	5	269	3.42e-41	142
lcl|AP019371.1_prot_BBH70250.1_6935	iYL1228.KPN_03852	37.9	261	153	3	11	266	13	269	4.82e-41	142
lcl|AP019371.1_prot_BBH70250.1_6935	iJN1463.PP_3344	38.6	264	159	3	9	270	18	280	2.92e-40	140
lcl|AP019371.1_prot_BBH70250.1_6935	iSF_1195.SF3496	34.8	267	171	2	1	266	5	269	1.04e-39	139
lcl|AP019371.1_prot_BBH70250.1_6935	iSbBS512_1146.SbBS512_E2516	33.9	271	168	2	3	266	33	299	5.34e-39	137
lcl|AP019371.1_prot_BBH70250.1_6935	iSSON_1240.SSON_0814	33.9	271	168	2	3	266	33	299	5.34e-39	137
lcl|AP019371.1_prot_BBH70250.1_6935	iML1515.b0832	33.6	271	169	2	3	266	33	299	7.49e-39	137
lcl|AP019371.1_prot_BBH70250.1_6935	iSDY_1059.SDY_0755	33.6	271	169	2	3	266	33	299	2.91e-38	135
lcl|AP019371.1_prot_BBH70250.1_6935	iYL1228.KPN_00865	32.7	266	176	3	3	266	21	285	4.14e-38	135
lcl|AP019371.1_prot_BBH70250.1_6935	STM_v1_0.STM0851	34.0	265	157	3	16	266	39	299	1.58e-37	134
lcl|AP019371.1_prot_BBH70250.1_6935	iSF_1195.SF0782	33.2	271	170	2	3	266	33	299	3.31e-36	130
lcl|AP019371.1_prot_BBH70251.1_6936	iJN1463.PP_0879	46.2	253	128	4	1	245	1	253	7.29e-62	197
lcl|AP019371.1_prot_BBH70251.1_6936	iSSON_1240.SSON_3849	43.8	260	137	4	1	251	1	260	6.64e-61	194
lcl|AP019371.1_prot_BBH70251.1_6936	iSDY_1059.SDY_4564	43.5	260	138	4	1	251	1	260	1.32e-60	194
lcl|AP019371.1_prot_BBH70251.1_6936	STM_v1_0.STM3627	43.5	260	138	3	1	251	1	260	1.87e-60	193
lcl|AP019371.1_prot_BBH70251.1_6936	iML1515.b3541	43.8	260	137	4	1	251	1	260	2.64e-60	193
lcl|AP019371.1_prot_BBH70251.1_6936	iSF_1195.SF3576	43.8	260	137	4	1	251	1	260	2.64e-60	193
lcl|AP019371.1_prot_BBH70251.1_6936	iYL1228.KPN_03896	43.5	260	138	4	1	251	1	260	2.09e-59	191
lcl|AP019371.1_prot_BBH70251.1_6936	iPC815.YPO4000	43.1	260	139	3	1	251	1	260	1.14e-58	189
lcl|AP019371.1_prot_BBH70251.1_6936	iML1515.b2180	41.8	256	139	4	2	247	4	259	6.89e-55	184
lcl|AP019371.1_prot_BBH70251.1_6936	iSDY_1059.SDY_0758	41.8	263	128	6	3	245	1	258	1.98e-52	179
lcl|AP019371.1_prot_BBH70251.1_6936	iML1515.b0829	41.7	264	129	6	2	245	11	269	3.19e-52	179
lcl|AP019371.1_prot_BBH70251.1_6936	iSbBS512_1146.SbBS512_E2519	41.7	264	129	6	2	245	11	269	3.19e-52	179
lcl|AP019371.1_prot_BBH70251.1_6936	iSSON_1240.SSON_0811	41.8	263	128	6	3	245	1	258	2.75e-52	179
lcl|AP019371.1_prot_BBH70251.1_6936	iML1515.b1484	41.1	236	132	2	20	248	25	260	2.61e-54	177
lcl|AP019371.1_prot_BBH70251.1_6936	iLJ478.TM1749	39.5	256	146	3	1	247	2	257	2.35e-54	177
lcl|AP019371.1_prot_BBH70252.1_6937	iEK1008.Rv1281c	47.9	234	117	2	17	245	372	605	1.18e-56	190
lcl|AP019371.1_prot_BBH70252.1_6937	iSF_1195.SF0779	48.7	230	112	2	21	244	328	557	1.64e-56	189
lcl|AP019371.1_prot_BBH70252.1_6937	iYL1228.KPN_00862	45.0	258	126	5	3	244	308	565	2.54e-56	189
lcl|AP019371.1_prot_BBH70252.1_6937	STM_v1_0.STM0848	47.0	230	116	3	21	244	339	568	1.02e-55	187
lcl|AP019371.1_prot_BBH70252.1_6937	iML1515.b0829	48.3	230	113	2	21	244	339	568	1.42e-55	187
lcl|AP019371.1_prot_BBH70252.1_6937	iSbBS512_1146.SbBS512_E2519	48.3	230	113	2	21	244	339	568	1.42e-55	187
lcl|AP019371.1_prot_BBH70252.1_6937	iSSON_1240.SSON_0811	48.3	230	113	2	21	244	328	557	1.21e-55	187
lcl|AP019371.1_prot_BBH70252.1_6937	iSDY_1059.SDY_0758	48.3	230	113	2	21	244	328	557	1.69e-55	187
lcl|AP019371.1_prot_BBH70252.1_6937	iLJ478.TM1063	45.0	238	118	4	21	245	30	267	1.93e-56	183
lcl|AP019371.1_prot_BBH70252.1_6937	iLJ478.TM0057	45.2	239	121	3	17	245	25	263	2.51e-56	182
lcl|AP019371.1_prot_BBH70252.1_6937	iLJ478.TM1750	41.2	233	131	3	21	247	32	264	4.28e-55	179
lcl|AP019371.1_prot_BBH70252.1_6937	iJN1463.PP_4150	46.9	226	113	4	21	240	301	525	2.98e-51	174
lcl|AP019371.1_prot_BBH70252.1_6937	STM_v1_0.STM3626	42.2	232	128	2	21	246	37	268	4.72e-53	174
lcl|AP019371.1_prot_BBH70252.1_6937	iYL1228.KPN_03895	42.2	232	128	2	21	246	37	268	6.65e-53	174
lcl|AP019371.1_prot_BBH70252.1_6937	iPC815.YPO3999	43.1	232	126	2	21	246	58	289	1.58e-52	173
lcl|AP019371.1_prot_BBH70252.1_6937	iSDY_1059.SDY_4563	42.7	232	127	2	21	246	37	268	1.22e-52	173
lcl|AP019371.1_prot_BBH70252.1_6937	iML1515.b3540	42.7	232	127	2	21	246	37	268	2.43e-52	172
lcl|AP019371.1_prot_BBH70252.1_6937	iSF_1195.SF3575	42.7	232	127	2	21	246	37	268	3.43e-52	172
lcl|AP019371.1_prot_BBH70252.1_6937	iSSON_1240.SSON_3850	42.7	232	127	2	21	246	37	268	3.43e-52	172
lcl|AP019371.1_prot_BBH70261.1_6946	iYL1228.KPN_01663	30.2	315	194	6	3	291	5	319	8.38e-32	122
lcl|AP019371.1_prot_BBH70261.1_6946	iCN718.ABAYE_RS01180	26.2	347	225	8	3	318	5	351	3.85e-28	112
lcl|AP019371.1_prot_BBH70268.1_6953	iCHOv1.100758117	35.8	53	34	0	124	176	69	121	2.88e-04	42.0
lcl|AP019371.1_prot_BBH70269.1_6954	iSDY_1059.SDY_2624	44.5	290	159	1	4	291	8	297	2.01e-65	206
lcl|AP019371.1_prot_BBH70269.1_6954	iSF_1195.SF2481	44.1	290	160	1	4	291	8	297	5.68e-65	205
lcl|AP019371.1_prot_BBH70269.1_6954	iML1515.b2428	44.1	290	160	1	4	291	8	297	8.03e-65	205
lcl|AP019371.1_prot_BBH70269.1_6954	iSbBS512_1146.SbBS512_E2800	44.1	290	160	1	4	291	8	297	8.03e-65	205
lcl|AP019371.1_prot_BBH70269.1_6954	iSSON_1240.SSON_2517	44.1	290	160	1	4	291	8	297	8.03e-65	205
lcl|AP019371.1_prot_BBH70269.1_6954	iCN900.CD630_30460	41.9	291	167	1	4	292	11	301	1.91e-61	196
lcl|AP019371.1_prot_BBH70270.1_6955	iYS854.USA300HOU_RS01685	27.9	197	126	2	38	234	36	216	1.05e-13	69.3
lcl|AP019371.1_prot_BBH70272.1_6957	iEK1008.Rv1281c	46.6	631	286	7	5	612	3	605	8.74e-156	462
lcl|AP019371.1_prot_BBH70272.1_6957	iYL1228.KPN_00862	41.7	665	258	13	3	626	9	584	2.57e-138	418
lcl|AP019371.1_prot_BBH70273.1_6958	iML1515.b0832	35.2	219	141	1	44	261	77	295	3.07e-34	125
lcl|AP019371.1_prot_BBH70273.1_6958	iSbBS512_1146.SbBS512_E2516	34.7	219	142	1	44	261	77	295	4.30e-34	124
lcl|AP019371.1_prot_BBH70273.1_6958	iSSON_1240.SSON_0814	34.7	219	142	1	44	261	77	295	4.30e-34	124
lcl|AP019371.1_prot_BBH70273.1_6958	iSDY_1059.SDY_0755	34.2	219	143	1	44	261	77	295	6.33e-33	121
lcl|AP019371.1_prot_BBH70273.1_6958	iSF_1195.SF0782	33.8	219	144	1	44	261	77	295	9.27e-32	118
lcl|AP019371.1_prot_BBH70273.1_6958	iYS854.USA300HOU_RS04895	34.3	213	139	1	50	261	136	348	2.47e-31	118
lcl|AP019371.1_prot_BBH70273.1_6958	iYL1228.KPN_00865	32.4	219	147	1	44	261	63	281	3.72e-31	116
lcl|AP019371.1_prot_BBH70273.1_6958	iSSON_1240.SSON_1639	32.1	218	147	1	45	261	70	287	4.48e-31	116
lcl|AP019371.1_prot_BBH70273.1_6958	iYS854.USA300HOU_RS07025	32.7	220	144	2	47	262	45	264	2.83e-31	116
lcl|AP019371.1_prot_BBH70273.1_6958	iML1515.b1485	32.1	218	147	1	45	261	70	287	6.26e-31	116
lcl|AP019371.1_prot_BBH70273.1_6958	iJN1463.PP_0880	35.1	211	136	1	52	261	88	298	1.53e-29	112
lcl|AP019371.1_prot_BBH70274.1_6959	iYL1228.KPN_03898	36.0	336	184	6	1	305	1	336	1.13e-39	141
lcl|AP019371.1_prot_BBH70274.1_6959	STM_v1_0.STM3629	36.9	336	181	6	1	305	1	336	1.58e-39	141
lcl|AP019371.1_prot_BBH70274.1_6959	iML1515.b3543	36.6	336	182	6	1	305	1	336	6.05e-39	139
lcl|AP019371.1_prot_BBH70274.1_6959	iSDY_1059.SDY_4566	36.6	336	182	6	1	305	1	336	6.05e-39	139
lcl|AP019371.1_prot_BBH70274.1_6959	iSSON_1240.SSON_3847	36.6	336	182	6	1	305	1	336	6.05e-39	139
lcl|AP019371.1_prot_BBH70274.1_6959	iSF_1195.SF3578	36.3	336	183	6	1	305	1	336	2.32e-38	138
lcl|AP019371.1_prot_BBH70274.1_6959	iYL1228.KPN_03851	34.3	315	189	4	1	305	1	307	1.16e-34	127
lcl|AP019371.1_prot_BBH70275.1_6960	iJN1463.PP_0885	24.1	456	299	14	112	522	73	526	1.93e-22	100
lcl|AP019371.1_prot_BBH70275.1_6960	iYL1228.KPN_03850	26.3	365	242	7	96	435	52	414	1.00e-21	98.2
lcl|AP019371.1_prot_BBH70275.1_6960	iSDY_1059.SDY_0757	22.2	441	313	9	98	516	59	491	9.61e-21	95.1
lcl|AP019371.1_prot_BBH70275.1_6960	iML1515.b0830	23.7	363	257	7	98	448	59	413	1.71e-20	94.4
lcl|AP019371.1_prot_BBH70275.1_6960	iSbBS512_1146.SbBS512_E2518	23.7	363	257	7	98	448	59	413	1.71e-20	94.4
lcl|AP019371.1_prot_BBH70275.1_6960	iML1515.b3476	25.5	365	245	7	96	435	54	416	2.39e-20	94.0
lcl|AP019371.1_prot_BBH70275.1_6960	iSF_1195.SF0780	23.7	363	257	7	98	448	59	413	2.28e-20	94.0
lcl|AP019371.1_prot_BBH70275.1_6960	iSSON_1240.SSON_0812	23.7	363	257	7	98	448	59	413	2.28e-20	94.0
lcl|AP019371.1_prot_BBH70275.1_6960	STM_v1_0.STM3630	24.3	452	303	12	112	526	76	525	1.04e-19	92.0
lcl|AP019371.1_prot_BBH70275.1_6960	iSF_1195.SF3494	25.2	365	246	7	96	435	54	416	1.00e-19	92.0
lcl|AP019371.1_prot_BBH70275.1_6960	iSSON_1240.SSON_3714	25.2	365	246	7	96	435	54	416	1.00e-19	92.0
lcl|AP019371.1_prot_BBH70275.1_6960	iSbBS512_1146.SbBS512_E3845	25.2	365	246	7	96	435	54	416	1.34e-19	91.7
lcl|AP019371.1_prot_BBH70275.1_6960	STM_v1_0.STM0849	23.1	425	296	8	98	499	59	475	2.26e-19	90.9
lcl|AP019371.1_prot_BBH70281.1_6966	iAF692.Mbar_A1916	28.2	206	141	3	407	611	362	561	5.75e-16	80.9
lcl|AP019371.1_prot_BBH70287.1_6972	iYL1228.KPN_01622	27.4	285	179	8	9	274	7	282	1.80e-15	74.7
lcl|AP019371.1_prot_BBH70287.1_6972	STM_v1_0.STM1517	27.3	278	174	8	16	274	15	283	7.41e-14	70.1
lcl|AP019371.1_prot_BBH70288.1_6973	iYS854.USA300HOU_RS06130	30.8	266	169	5	2	252	5	270	1.85e-32	129
lcl|AP019371.1_prot_BBH70292.1_6977	iYO844.BSU15720	44.9	138	70	4	13	149	13	145	4.22e-29	105
lcl|AP019371.1_prot_BBH70293.1_6978	iMM904.YKL218C	51.1	321	156	1	1	321	1	320	4.34e-108	317
lcl|AP019371.1_prot_BBH70293.1_6978	iCN718.ABAYE_RS05860	50.3	314	155	1	7	320	10	322	6.12e-102	301
lcl|AP019371.1_prot_BBH70294.1_6979	iYO844.BSU35960	33.9	121	70	4	168	282	135	251	1.81e-06	48.5
lcl|AP019371.1_prot_BBH70296.1_6981	iYO844.BSU03070	30.6	284	184	4	5	277	28	309	1.46e-25	108
lcl|AP019371.1_prot_BBH70299.1_6984	iYS854.USA300HOU_RS01825	35.4	359	202	10	44	381	59	408	7.00e-57	191
lcl|AP019371.1_prot_BBH70299.1_6984	iYO844.BSU38260	33.6	372	199	12	42	381	59	414	1.17e-50	174
lcl|AP019371.1_prot_BBH70309.1_6994	iJN1463.PP_1928	33.1	130	77	6	95	215	8	136	1.59e-08	52.0
lcl|AP019371.1_prot_BBH70309.1_6994	iJN1463.PP_2716	33.1	127	76	6	95	213	2	127	2.72e-08	51.2
lcl|AP019371.1_prot_BBH70310.1_6995	iCHOv1.100773918	34.0	150	82	4	3	144	7	147	7.05e-12	63.2
lcl|AP019371.1_prot_BBH70310.1_6995	iYL1228.KPN_00909	30.8	172	97	7	6	160	1	167	2.15e-10	58.5
lcl|AP019371.1_prot_BBH70310.1_6995	iCHOv1.100773344	33.1	151	84	4	3	145	6	147	3.76e-10	58.2
lcl|AP019371.1_prot_BBH70311.1_6996	iSynCJ816.SGL_RS11365	38.0	129	76	3	8	133	4	131	1.31e-23	88.6
lcl|AP019371.1_prot_BBH70312.1_6997	iYO844.BSU09240	35.8	215	138	0	3	217	2	216	2.77e-29	108
lcl|AP019371.1_prot_BBH70313.1_6998	iAF987.Gmet_0069	28.6	192	110	7	3	180	4	182	1.68e-07	52.8
lcl|AP019371.1_prot_BBH70313.1_6998	iAF987.Gmet_2999	34.2	79	50	1	4	82	10	86	7.98e-06	47.8
lcl|AP019371.1_prot_BBH70314.1_6999	iAF987.Gmet_3085	25.6	250	173	5	357	600	89	331	3.80e-10	63.9
lcl|AP019371.1_prot_BBH70315.1_7000	iYO844.BSU18830	52.4	865	333	10	1	786	1	865	1.76e-302	851
lcl|AP019371.1_prot_BBH70325.1_7010	iAF987.Gmet_1914	25.0	108	79	1	3	110	3	108	2.44e-04	40.8
lcl|AP019371.1_prot_BBH70325.1_7010	iJN1463.PP_1494	33.9	115	73	2	4	116	20	133	3.92e-04	40.0
lcl|AP019371.1_prot_BBH70328.1_7013	iEK1008.Rv2936	35.9	304	169	10	6	292	20	314	9.89e-39	138
lcl|AP019371.1_prot_BBH70329.1_7014	iLB1027_lipid.PHATRDRAFT_50806	34.0	212	105	9	1	182	20	226	2.54e-24	99.8
lcl|AP019371.1_prot_BBH70330.1_7015	iLB1027_lipid.PHATRDRAFT_50806	51.3	300	136	4	6	295	279	578	2.94e-90	280
lcl|AP019371.1_prot_BBH70332.1_7017	iLB1027_lipid.PHATRDRAFT_10852	30.7	140	83	6	89	216	30	167	3.17e-05	43.1
lcl|AP019371.1_prot_BBH70334.1_7019	iLJ478.TM0067	31.0	342	185	9	16	318	3	332	5.48e-30	116
lcl|AP019371.1_prot_BBH70335.1_7020	STM_v1_0.STM1884	47.0	181	95	1	3	182	11	191	8.48e-50	160
lcl|AP019371.1_prot_BBH70335.1_7020	iML1515.b1850	47.0	181	95	1	3	182	11	191	3.40e-49	159
lcl|AP019371.1_prot_BBH70335.1_7020	iSbBS512_1146.SbBS512_E2125	47.0	181	95	1	3	182	11	191	3.40e-49	159
lcl|AP019371.1_prot_BBH70335.1_7020	iSF_1195.SF1860	47.0	181	95	1	3	182	11	191	3.40e-49	159
lcl|AP019371.1_prot_BBH70335.1_7020	iSSON_1240.SSON_1298	47.0	181	95	1	3	182	11	191	3.40e-49	159
lcl|AP019371.1_prot_BBH70335.1_7020	iPC815.YPO2067	45.6	182	98	1	2	182	10	191	4.81e-49	158
lcl|AP019371.1_prot_BBH70335.1_7020	iSDY_1059.SDY_1136	46.4	181	96	1	3	182	11	191	2.73e-48	156
lcl|AP019371.1_prot_BBH70335.1_7020	iYL1228.KPN_02365	46.7	182	95	2	3	182	11	192	7.74e-48	155
lcl|AP019371.1_prot_BBH70335.1_7020	iIT341.HP1099	44.5	182	100	1	1	181	6	187	8.61e-46	150
lcl|AP019371.1_prot_BBH70336.1_7021	iYO844.BSU12380	38.3	381	210	6	18	374	16	395	1.86e-78	250
lcl|AP019371.1_prot_BBH70336.1_7021	iYL1228.KPN_01640	37.1	399	223	7	18	388	15	413	2.55e-71	232
lcl|AP019371.1_prot_BBH70337.1_7022	iLJ478.TM0064	28.4	451	304	7	40	486	14	449	6.30e-50	177
lcl|AP019371.1_prot_BBH70338.1_7023	iJN1463.PP_2834	52.3	503	232	3	13	511	15	513	9.98e-174	499
lcl|AP019371.1_prot_BBH70342.1_7027	iYL1228.KPN_00969	35.1	211	130	5	5	212	12	218	8.00e-28	107
lcl|AP019371.1_prot_BBH70342.1_7027	iEK1008.Rv2397c	35.9	217	131	4	1	209	1	217	2.22e-26	105
lcl|AP019371.1_prot_BBH70342.1_7027	iPC815.YPO3012	33.0	218	134	3	9	214	7	224	6.93e-26	104
lcl|AP019371.1_prot_BBH70342.1_7027	iAF987.Gmet_1903	34.1	217	131	2	10	214	8	224	3.67e-25	102
lcl|AP019371.1_prot_BBH70342.1_7027	STM_v1_0.STM0106	34.1	208	115	6	24	216	19	219	1.02e-25	101
lcl|AP019371.1_prot_BBH70342.1_7027	iSynCJ816.SGL_RS17160	30.6	222	140	3	4	214	2	220	8.25e-25	101
lcl|AP019371.1_prot_BBH70342.1_7027	iYL1228.KPN_00065	33.0	203	128	4	24	218	19	221	1.90e-25	100
lcl|AP019371.1_prot_BBH70342.1_7027	iML1515.b0933	35.3	215	124	7	5	212	12	218	5.84e-25	100
lcl|AP019371.1_prot_BBH70342.1_7027	iSSON_1240.SSON_0936	34.9	215	125	7	5	212	12	218	1.57e-24	99.0
lcl|AP019371.1_prot_BBH70342.1_7027	iPC815.YPO0520	33.7	199	124	4	25	215	11	209	1.71e-24	98.2
lcl|AP019371.1_prot_BBH70342.1_7027	iML1515.b2422	32.1	218	136	3	9	214	7	224	2.31e-23	97.8
lcl|AP019371.1_prot_BBH70342.1_7027	iJN1463.PP_0240	34.7	213	128	6	5	212	17	223	5.62e-24	97.8
lcl|AP019371.1_prot_BBH70342.1_7027	iSDY_1059.SDY_2618	32.1	218	136	3	9	214	7	224	2.31e-23	97.8
lcl|AP019371.1_prot_BBH70342.1_7027	iSF_1195.SF0930	34.4	215	126	7	5	212	12	218	4.23e-24	97.8
lcl|AP019371.1_prot_BBH70342.1_7027	iSSON_1240.SSON_2511	33.0	212	130	3	9	208	7	218	2.31e-23	97.8
lcl|AP019371.1_prot_BBH70353.1_7038	iYO844.BSU03070	26.6	376	262	6	40	409	51	418	2.25e-33	131
lcl|AP019371.1_prot_BBH70356.1_7041	iSynCJ816.SGL_RS04385	64.5	425	143	3	24	440	30	454	7.60e-204	571
lcl|AP019371.1_prot_BBH70357.1_7042	iYL1228.KPN_00869	25.6	355	188	15	15	367	14	294	7.99e-10	61.6
lcl|AP019371.1_prot_BBH70363.1_7048	iIS312.TCDM_00004	33.3	72	46	1	465	536	55	124	5.94e-04	42.0
lcl|AP019371.1_prot_BBH70368.1_7053	iJN1463.PP_0987	61.7	462	143	8	1	432	1	458	1.17e-180	511
lcl|AP019371.1_prot_BBH70368.1_7053	iCN718.ABAYE_RS11985	57.6	460	166	6	1	432	1	459	1.10e-161	463
lcl|AP019371.1_prot_BBH70368.1_7053	iJN1463.PP_3144	56.6	463	165	8	1	432	1	458	1.22e-160	460
lcl|AP019371.1_prot_BBH70369.1_7054	iML1515.b2904	50.0	126	58	2	2	122	4	129	8.47e-41	131
lcl|AP019371.1_prot_BBH70369.1_7054	iSbBS512_1146.SbBS512_E3325	50.0	126	58	2	2	122	4	129	8.47e-41	131
lcl|AP019371.1_prot_BBH70369.1_7054	iSF_1195.SF2890	50.0	126	58	2	2	122	4	129	8.47e-41	131
lcl|AP019371.1_prot_BBH70369.1_7054	iSSON_1240.SSON_3057	50.0	126	58	2	2	122	4	129	8.47e-41	131
lcl|AP019371.1_prot_BBH70369.1_7054	STM_v1_0.STM3054	50.0	126	58	2	2	122	4	129	1.71e-40	130
lcl|AP019371.1_prot_BBH70369.1_7054	iSDY_1059.SDY_3177	49.2	126	59	2	2	122	4	129	3.43e-40	130
lcl|AP019371.1_prot_BBH70369.1_7054	iYL1228.KPN_03340	49.2	126	59	2	2	122	4	129	2.28e-38	125
lcl|AP019371.1_prot_BBH70369.1_7054	iEK1008.Rv1826	49.2	124	61	1	2	123	4	127	3.06e-37	122
lcl|AP019371.1_prot_BBH70370.1_7055	iLJ478.TM0211	39.4	363	205	7	1	352	1	359	1.81e-69	221
lcl|AP019371.1_prot_BBH70370.1_7055	iHN637.CLJU_RS11895	35.4	364	221	5	1	352	4	365	8.01e-69	219
lcl|AP019371.1_prot_BBH70370.1_7055	iYS854.USA300HOU_RS08205	36.2	356	211	6	1	344	5	356	2.16e-67	216
lcl|AP019371.1_prot_BBH70370.1_7055	iCN900.CD630_16570	35.5	363	219	6	1	351	4	363	1.07e-62	213
lcl|AP019371.1_prot_BBH70370.1_7055	iSynCJ816.SGL_RS12745	36.0	361	215	6	3	350	9	366	1.61e-62	203
lcl|AP019371.1_prot_BBH70370.1_7055	iPC815.YPO0907	38.6	365	199	9	2	350	3	358	7.39e-62	201
lcl|AP019371.1_prot_BBH70370.1_7055	iEK1008.Rv2211c	37.2	352	210	5	6	348	24	373	2.12e-61	201
lcl|AP019371.1_prot_BBH70371.1_7056	iAF987.Gmet_3085	27.1	306	214	5	549	847	152	455	1.30e-17	88.2
lcl|AP019371.1_prot_BBH70372.1_7057	iEK1008.Rv0132c	30.6	219	110	9	8	209	65	258	4.01e-07	50.1
lcl|AP019371.1_prot_BBH70375.1_7060	iAF987.Gmet_0043	27.0	408	245	8	330	726	28	393	1.89e-29	125
lcl|AP019371.1_prot_BBH70377.1_7062	iJN1463.PP_0552	27.7	358	232	6	3	337	9	362	5.96e-32	122
lcl|AP019371.1_prot_BBH70377.1_7062	iML1515.b3616	27.9	323	211	9	19	325	18	334	1.46e-28	112
lcl|AP019371.1_prot_BBH70377.1_7062	iSbBS512_1146.SbBS512_E4044	27.6	323	212	9	19	325	18	334	3.87e-28	111
lcl|AP019371.1_prot_BBH70377.1_7062	iSF_1195.SF3656	27.6	323	212	9	19	325	18	334	3.87e-28	111
lcl|AP019371.1_prot_BBH70377.1_7062	iSSON_1240.SSON_3788	27.6	323	212	9	19	325	18	334	5.35e-28	111
lcl|AP019371.1_prot_BBH70377.1_7062	iPC815.YPO0060	28.3	276	179	6	19	280	18	288	5.35e-28	111
lcl|AP019371.1_prot_BBH70377.1_7062	iYL1228.KPN_03961	27.6	323	212	9	19	325	18	334	7.40e-28	110
lcl|AP019371.1_prot_BBH70379.1_7064	iEK1008.Rv1400c	33.7	261	154	8	55	303	52	305	1.05e-23	98.6
lcl|AP019371.1_prot_BBH70380.1_7065	iEK1008.Rv2781c	46.8	327	171	1	4	327	12	338	1.31e-75	235
lcl|AP019371.1_prot_BBH70390.1_7075	iYO844.BSU24850	29.6	247	153	4	128	357	66	308	8.81e-22	94.4
lcl|AP019371.1_prot_BBH70390.1_7075	iNF517.LLMG_RS11535	28.8	250	160	5	123	357	68	314	9.05e-22	94.4
lcl|AP019371.1_prot_BBH70390.1_7075	iAF987.Gmet_1639	30.2	258	166	5	111	357	58	312	9.83e-20	88.6
lcl|AP019371.1_prot_BBH70392.1_7077	iCN718.ABAYE_RS12975	32.6	353	185	5	1	314	1	339	1.42e-50	171
lcl|AP019371.1_prot_BBH70392.1_7077	iML1515.b3001	34.6	321	196	8	1	312	13	328	3.02e-48	165
lcl|AP019371.1_prot_BBH70392.1_7077	iSF_1195.SF3047	35.5	307	185	7	1	299	13	314	3.02e-48	165
lcl|AP019371.1_prot_BBH70392.1_7077	iSSON_1240.SSON_3145	35.5	307	185	7	1	299	13	314	3.02e-48	165
lcl|AP019371.1_prot_BBH70392.1_7077	iSbBS512_1146.SbBS512_E3430	35.2	307	186	7	1	299	13	314	4.55e-47	162
lcl|AP019371.1_prot_BBH70396.1_7081	iEK1008.Rv2051c	54.3	234	105	2	9	240	611	844	1.71e-75	245
lcl|AP019371.1_prot_BBH70397.1_7082	iEK1008.Rv2051c	40.3	514	277	9	34	527	26	529	2.15e-91	298
lcl|AP019371.1_prot_BBH70403.1_7088	iCN900.CD630_04460	30.1	239	149	9	2	236	501	725	1.54e-19	87.0
lcl|AP019371.1_prot_BBH70404.1_7089	iCN900.CD630_04460	29.0	324	225	4	150	470	66	387	1.49e-26	113
lcl|AP019371.1_prot_BBH70405.1_7090	iYL1228.KPN_00792	40.0	70	34	1	2	63	5	74	8.74e-06	47.8
lcl|AP019371.1_prot_BBH70405.1_7090	iJN1463.PP_5030	46.6	58	25	3	10	64	15	69	8.67e-06	47.8
lcl|AP019371.1_prot_BBH70405.1_7090	iCN718.ABAYE_RS00945	39.7	58	29	2	10	64	15	69	1.08e-04	44.3
lcl|AP019371.1_prot_BBH70407.1_7092	iYO844.BSU19690	29.3	365	223	8	20	384	12	341	2.78e-37	141
lcl|AP019371.1_prot_BBH70407.1_7092	iAF692.Mbar_A0670	28.6	360	218	12	28	384	5	328	1.24e-33	130
lcl|AP019371.1_prot_BBH70409.1_7094	iSDY_1059.SDY_0829	28.6	234	151	7	33	252	10	241	3.64e-07	49.7
lcl|AP019371.1_prot_BBH70409.1_7094	iSF_1195.SF0727	36.8	125	75	3	33	153	10	134	4.90e-07	49.3
lcl|AP019371.1_prot_BBH70409.1_7094	iSbBS512_1146.SbBS512_E2575	34.9	126	76	3	33	153	10	134	1.61e-06	47.8
lcl|AP019371.1_prot_BBH70409.1_7094	iSSON_1240.SSON_0756	34.9	126	76	3	33	153	10	134	1.61e-06	47.8
lcl|AP019371.1_prot_BBH70409.1_7094	iML1515.b0777	35.2	125	77	3	33	153	10	134	1.28e-05	45.1
lcl|AP019371.1_prot_BBH70409.1_7094	iAF987.Gmet_0844	36.1	97	57	4	62	153	41	137	1.38e-05	45.1
lcl|AP019371.1_prot_BBH70415.1_7100	iYO844.BSU24150	42.9	375	210	4	9	380	4	377	5.90e-94	285
lcl|AP019371.1_prot_BBH70415.1_7100	iCN900.CD630_10540	42.4	368	208	4	15	379	11	377	1.17e-90	277
lcl|AP019371.1_prot_BBH70415.1_7100	iYO844.BSU37170	42.7	372	208	5	11	378	7	377	3.43e-87	268
lcl|AP019371.1_prot_BBH70415.1_7100	iYO844.BSU18260	41.8	378	209	5	9	379	6	379	7.93e-86	265
lcl|AP019371.1_prot_BBH70415.1_7100	iJN1463.PP_2216	41.1	377	216	5	6	378	1	375	4.84e-83	257
lcl|AP019371.1_prot_BBH70415.1_7100	iCHOv1.100774097	41.5	383	217	6	2	379	27	407	2.01e-82	257
lcl|AP019371.1_prot_BBH70416.1_7101	iJN1463.PP_1494	33.0	115	73	2	6	117	20	133	8.24e-09	54.3
lcl|AP019371.1_prot_BBH70416.1_7101	iAF987.Gmet_1919	27.5	109	78	1	4	112	3	110	9.32e-08	51.2
lcl|AP019371.1_prot_BBH70416.1_7101	iAF987.Gmet_0069	30.8	120	74	4	5	118	4	120	3.85e-07	49.3
lcl|AP019371.1_prot_BBH70418.1_7103	iCN900.CD630_19470	43.4	219	118	4	2	215	10	227	2.31e-53	171
lcl|AP019371.1_prot_BBH70418.1_7103	iJN1463.PP_4210	42.5	228	125	3	1	223	5	231	4.88e-49	169
lcl|AP019371.1_prot_BBH70418.1_7103	STM_v1_0.STM0247	39.3	229	133	3	1	224	1	228	1.02e-48	162
lcl|AP019371.1_prot_BBH70418.1_7103	iYL1228.KPN_00678	40.3	221	127	3	1	219	1	218	1.96e-49	161
lcl|AP019371.1_prot_BBH70418.1_7103	iPC815.YPO1073	38.4	229	135	3	1	224	1	228	5.64e-48	160
lcl|AP019371.1_prot_BBH70418.1_7103	iML1515.b0199	38.4	229	135	3	1	224	1	228	7.94e-48	160
lcl|AP019371.1_prot_BBH70418.1_7103	iYL1228.KPN_00213	38.9	229	134	3	1	224	1	228	7.94e-48	160
lcl|AP019371.1_prot_BBH70418.1_7103	iSDY_1059.SDY_0218	38.4	229	135	3	1	224	1	228	7.94e-48	160
lcl|AP019371.1_prot_BBH70418.1_7103	iSbBS512_1146.SbBS512_E0193	38.4	229	135	3	1	224	1	228	1.12e-47	159
lcl|AP019371.1_prot_BBH70418.1_7103	iSSON_1240.SSON_0213	38.4	229	135	3	1	224	1	228	1.12e-47	159
lcl|AP019371.1_prot_BBH70418.1_7103	iSF_1195.SF0629	40.2	224	129	3	1	222	1	221	4.40e-48	157
lcl|AP019371.1_prot_BBH70418.1_7103	iML1515.b0652	40.2	224	129	3	1	222	1	221	6.22e-48	157
lcl|AP019371.1_prot_BBH70418.1_7103	iSF_1195.SF0190	38.0	229	136	3	1	224	1	228	8.71e-47	157
lcl|AP019371.1_prot_BBH70418.1_7103	iSSON_1240.SSON_0606	40.2	224	129	3	1	222	1	221	6.22e-48	157
lcl|AP019371.1_prot_BBH70418.1_7103	iPC815.YPO2514	41.7	223	127	2	1	222	1	221	6.05e-48	157
lcl|AP019371.1_prot_BBH70418.1_7103	iYO844.BSU32750	38.1	223	132	3	1	218	1	222	1.65e-46	156
lcl|AP019371.1_prot_BBH70418.1_7103	iYL1228.KPN_00838	41.4	220	124	3	1	218	1	217	1.21e-47	156
lcl|AP019371.1_prot_BBH70421.1_7106	iAF987.Gmet_3085	42.0	464	260	5	548	1009	433	889	2.21e-99	333
lcl|AP019371.1_prot_BBH70421.1_7106	iAF987.Gmet_0957	42.4	436	242	5	560	993	181	609	4.10e-101	330
lcl|AP019371.1_prot_BBH70421.1_7106	iAF987.Gmet_0700	37.5	550	328	8	457	999	273	813	4.93e-97	325
lcl|AP019371.1_prot_BBH70421.1_7106	iAF987.Gmet_0782	41.2	444	250	5	553	993	279	714	7.31e-96	319
lcl|AP019371.1_prot_BBH70421.1_7106	iAF987.Gmet_0987	35.1	569	356	6	434	996	215	776	8.77e-92	310
lcl|AP019371.1_prot_BBH70421.1_7106	iAF987.Gmet_2629	40.3	449	259	6	555	1002	366	806	1.36e-88	301
lcl|AP019371.1_prot_BBH70424.1_7109	iEK1008.Rv3274c	26.1	383	232	13	8	367	19	373	3.25e-07	51.6
lcl|AP019371.1_prot_BBH70425.1_7110	iJN1463.PP_4670	41.6	154	83	3	324	470	247	400	7.12e-22	97.4
lcl|AP019371.1_prot_BBH70425.1_7110	iAF987.Gmet_0957	38.6	158	90	3	323	473	194	351	1.32e-19	91.7
lcl|AP019371.1_prot_BBH70425.1_7110	iAF987.Gmet_0782	32.3	220	127	5	264	473	249	456	2.67e-19	90.9
lcl|AP019371.1_prot_BBH70425.1_7110	iAF987.Gmet_3085	35.0	157	95	2	324	473	459	615	7.18e-19	89.7
lcl|AP019371.1_prot_BBH70425.1_7110	iAF987.Gmet_1706	34.0	188	113	4	305	482	126	312	2.41e-19	88.6
lcl|AP019371.1_prot_BBH70430.1_7115	iJN1463.PP_4670	40.7	189	108	3	333	517	221	409	3.78e-30	122
lcl|AP019371.1_prot_BBH70432.1_7117	iEK1008.Rv0577	29.6	125	67	3	10	132	149	254	9.89e-06	43.1
lcl|AP019371.1_prot_BBH70445.1_7130	iSDY_1059.SDY_2558	25.9	201	83	9	7	144	26	223	1.48e-06	48.9
lcl|AP019371.1_prot_BBH70445.1_7130	iSSON_1240.SSON_2454	25.9	201	83	9	7	144	26	223	1.48e-06	48.9
lcl|AP019371.1_prot_BBH70445.1_7130	iSF_1195.SF2430	25.4	201	84	9	7	144	26	223	2.60e-05	45.1
lcl|AP019371.1_prot_BBH70448.1_7133	iAF987.Gmet_3509	28.1	1032	676	22	8	984	9	1029	3.12e-77	273
lcl|AP019371.1_prot_BBH70449.1_7134	iAF987.Gmet_0069	29.6	115	81	0	5	119	5	119	2.33e-07	50.1
lcl|AP019371.1_prot_BBH70449.1_7134	iEK1008.Rv0386	47.3	55	29	0	158	212	1027	1081	1.15e-06	48.5
lcl|AP019371.1_prot_BBH70449.1_7134	iJN1463.PP_1494	30.4	115	79	1	5	119	20	133	1.95e-06	47.4
lcl|AP019371.1_prot_BBH70451.1_7136	iCN718.ABAYE_RS12975	23.5	328	204	6	7	301	16	329	1.52e-17	81.6
lcl|AP019371.1_prot_BBH70451.1_7136	iSbBS512_1146.SbBS512_E3430	29.0	283	161	10	32	296	54	314	1.99e-15	75.5
lcl|AP019371.1_prot_BBH70451.1_7136	iML1515.b3001	28.6	283	162	10	32	296	54	314	3.66e-15	74.7
lcl|AP019371.1_prot_BBH70451.1_7136	iSF_1195.SF3047	28.6	283	162	10	32	296	54	314	4.95e-15	74.3
lcl|AP019371.1_prot_BBH70451.1_7136	iSSON_1240.SSON_3145	28.6	283	162	10	32	296	54	314	4.95e-15	74.3
lcl|AP019371.1_prot_BBH70451.1_7136	iCHOv1.100751755	26.4	220	133	3	8	227	20	210	8.60e-15	73.6
lcl|AP019371.1_prot_BBH70454.1_7139	iYO844.BSU03070	29.9	402	273	5	13	410	20	416	5.80e-43	158
lcl|AP019371.1_prot_BBH70455.1_7140	iEK1008.Rv1564c	66.4	678	220	6	3	674	19	694	0.0	939
lcl|AP019371.1_prot_BBH70462.1_7147	iAF987.Gmet_0782	41.7	168	90	3	309	468	290	457	3.89e-26	111
lcl|AP019371.1_prot_BBH70462.1_7147	iJN1463.PP_3581	40.8	174	96	3	302	468	244	417	4.90e-26	111
lcl|AP019371.1_prot_BBH70462.1_7147	iAF987.Gmet_2629	41.5	176	93	4	301	467	366	540	1.86e-24	106
lcl|AP019371.1_prot_BBH70462.1_7147	iYL1228.KPN_02455	38.5	169	92	5	308	467	172	337	5.62e-24	104
lcl|AP019371.1_prot_BBH70462.1_7147	iAF987.Gmet_3085	42.5	167	81	7	314	468	453	616	2.01e-23	103
lcl|AP019371.1_prot_BBH70463.1_7148	iEK1008.Rv1844c	67.4	476	149	4	6	478	11	483	3.13e-226	630
lcl|AP019371.1_prot_BBH70465.1_7150	iAF987.Gmet_0957	42.5	449	244	9	307	747	172	614	8.08e-95	308
lcl|AP019371.1_prot_BBH70465.1_7150	iAF987.Gmet_0700	43.5	434	229	10	323	746	385	812	1.52e-87	293
lcl|AP019371.1_prot_BBH70465.1_7150	iAF987.Gmet_0782	41.4	432	236	8	323	744	292	716	5.51e-86	287
lcl|AP019371.1_prot_BBH70465.1_7150	iJN1463.PP_3581	38.9	460	268	7	294	747	227	679	3.22e-85	284
lcl|AP019371.1_prot_BBH70465.1_7150	iAF987.Gmet_3085	39.8	442	248	9	323	753	450	884	3.19e-83	283
lcl|AP019371.1_prot_BBH70466.1_7151	iEK1008.Rv3068c	68.1	551	167	4	1	547	1	546	3.98e-267	739
lcl|AP019371.1_prot_BBH70466.1_7151	iSynCJ816.SGL_RS17740	60.9	547	209	2	4	547	6	550	1.46e-239	669
lcl|AP019371.1_prot_BBH70471.1_7156	iEK1008.Rv0206c	42.9	732	349	13	10	680	25	748	2.02e-136	444
lcl|AP019371.1_prot_BBH70472.1_7157	iAF987.Gmet_1601	35.1	94	57	2	137	229	3	93	3.99e-07	50.8
lcl|AP019371.1_prot_BBH70472.1_7157	iAF987.Gmet_1694	33.0	91	59	1	136	226	2	90	7.39e-06	47.0
lcl|AP019371.1_prot_BBH70477.1_7162	iAM_Pc455.PCYB_113330	35.5	211	118	6	553	751	326	530	7.88e-26	115
lcl|AP019371.1_prot_BBH70480.1_7165	iCN900.CD630_16260	22.9	105	63	2	104	206	156	244	1.31e-04	43.5
lcl|AP019371.1_prot_BBH70480.1_7165	iSynCJ816.SGL_RS07575	39.6	53	30	1	151	201	165	217	2.98e-04	42.4
lcl|AP019371.1_prot_BBH70482.1_7167	iEK1008.Rv3518c	31.4	350	232	5	42	389	22	365	4.82e-39	144
lcl|AP019371.1_prot_BBH70482.1_7167	iEK1008.Rv3545c	31.2	321	209	7	99	415	116	428	1.46e-34	132
lcl|AP019371.1_prot_BBH70485.1_7170	iEK1008.Rv2320c	46.5	458	242	2	9	463	16	473	1.24e-123	369
lcl|AP019371.1_prot_BBH70485.1_7170	iHN637.CLJU_RS10530	46.1	438	233	3	24	461	21	455	3.37e-121	362
lcl|AP019371.1_prot_BBH70487.1_7172	iYS854.USA300HOU_RS06130	32.2	214	131	6	7	215	9	213	6.09e-24	102
lcl|AP019371.1_prot_BBH70489.1_7174	iMM1415.15478	31.5	203	118	5	3	205	139	320	8.38e-15	73.9
lcl|AP019371.1_prot_BBH70489.1_7174	iMM1415.54710	31.5	203	118	5	3	205	137	318	8.27e-15	73.9
lcl|AP019371.1_prot_BBH70489.1_7174	iMM1415.64580	29.4	214	120	8	3	204	594	788	3.62e-13	69.7
lcl|AP019371.1_prot_BBH70489.1_7174	iMM1415.83398	29.5	217	116	8	3	204	595	789	1.16e-12	68.2
lcl|AP019371.1_prot_BBH70489.1_7174	iMM1415.628779	30.4	204	119	6	3	205	190	371	8.34e-13	68.2
lcl|AP019371.1_prot_BBH70492.1_7177	iPC815.YPO3758	31.9	113	58	5	18	113	83	193	1.27e-04	41.6
lcl|AP019371.1_prot_BBH70497.1_7182	iML1515.b0914	28.1	467	322	4	80	538	100	560	7.19e-53	195
lcl|AP019371.1_prot_BBH70497.1_7182	iSbBS512_1146.SbBS512_E2410	28.1	467	322	4	80	538	100	560	7.19e-53	195
lcl|AP019371.1_prot_BBH70497.1_7182	iSDY_1059.SDY_2344	28.1	467	322	4	80	538	100	560	7.19e-53	195
lcl|AP019371.1_prot_BBH70497.1_7182	iSF_1195.SF0910	28.1	467	322	4	80	538	100	560	7.19e-53	195
lcl|AP019371.1_prot_BBH70497.1_7182	iSSON_1240.SSON_0916	28.1	467	322	4	80	538	100	560	7.19e-53	195
lcl|AP019371.1_prot_BBH70497.1_7182	STM_v1_0.STM0984	28.0	471	325	5	80	542	100	564	1.31e-52	194
lcl|AP019371.1_prot_BBH70497.1_7182	iPC815.YPO1395	28.5	466	321	5	80	538	100	560	3.50e-51	190
lcl|AP019371.1_prot_BBH70497.1_7182	iYL1228.KPN_00941	27.6	467	324	5	80	538	100	560	5.13e-50	187
lcl|AP019371.1_prot_BBH70498.1_7183	iEK1008.Rv0125	34.6	208	120	6	92	287	51	254	1.63e-17	81.3
lcl|AP019371.1_prot_BBH70504.1_7189	iAF987.Gmet_0843	28.5	277	170	7	1	269	1	257	5.63e-11	61.2
lcl|AP019371.1_prot_BBH70505.1_7190	iYL1228.KPN_01473	42.4	337	184	6	10	339	18	351	1.32e-81	251
lcl|AP019371.1_prot_BBH70505.1_7190	iJN1463.PP_3274	42.1	340	188	6	10	340	18	357	1.12e-80	249
lcl|AP019371.1_prot_BBH70505.1_7190	iML1515.b1392	41.8	337	186	6	10	339	18	351	1.19e-79	246
lcl|AP019371.1_prot_BBH70506.1_7191	iJN1463.PP_3275	45.1	162	81	2	3	163	23	177	1.45e-42	139
lcl|AP019371.1_prot_BBH70506.1_7191	iYL1228.KPN_01472	41.3	155	82	1	9	163	20	165	3.49e-38	127
lcl|AP019371.1_prot_BBH70507.1_7192	iML1515.b1390	42.0	250	142	2	42	290	1	248	2.25e-56	181
lcl|AP019371.1_prot_BBH70507.1_7192	iYL1228.KPN_01471	42.3	246	139	2	46	290	8	251	7.76e-55	177
lcl|AP019371.1_prot_BBH70507.1_7192	iJN1463.PP_3276	42.0	245	139	2	48	290	9	252	2.75e-49	163
lcl|AP019371.1_prot_BBH70508.1_7193	iML1515.b1389	61.1	90	35	0	5	94	6	95	1.09e-38	124
lcl|AP019371.1_prot_BBH70508.1_7193	iYL1228.KPN_01470	58.9	90	37	0	5	94	6	95	2.19e-38	123
lcl|AP019371.1_prot_BBH70508.1_7193	iJN1463.PP_3277	60.0	90	36	0	5	94	4	93	3.27e-35	115
lcl|AP019371.1_prot_BBH70509.1_7194	iYL1228.KPN_01469	68.6	296	93	0	4	299	7	302	1.60e-152	429
lcl|AP019371.1_prot_BBH70509.1_7194	iML1515.b1388	67.9	296	95	0	4	299	7	302	6.50e-152	427
lcl|AP019371.1_prot_BBH70509.1_7194	iJN1463.PP_3278	69.0	297	91	1	4	299	26	322	3.08e-150	424
lcl|AP019371.1_prot_BBH70510.1_7195	iSynCJ816.SGL_RS11170	30.5	164	97	5	198	351	635	791	8.72e-12	67.8
lcl|AP019371.1_prot_BBH70510.1_7195	iYO844.BSU37780	27.5	345	207	12	199	525	173	492	4.14e-11	65.1
lcl|AP019371.1_prot_BBH70513.1_7198	iYO844.BSU39700	45.4	339	181	3	4	338	3	341	5.06e-100	298
lcl|AP019371.1_prot_BBH70513.1_7198	iYL1228.KPN_04675	47.3	334	171	4	4	333	29	361	1.94e-96	290
lcl|AP019371.1_prot_BBH70515.1_7200	iNF517.LLMG_RS04060	33.5	239	155	2	2	240	3	237	1.29e-41	148
lcl|AP019371.1_prot_BBH70515.1_7200	iYO844.BSU35940	34.3	239	153	2	2	240	3	237	1.85e-39	142
lcl|AP019371.1_prot_BBH70515.1_7200	iPC815.YPO3964	32.9	240	156	2	1	240	6	240	8.23e-39	140
lcl|AP019371.1_prot_BBH70515.1_7200	iPC815.YPO3907	35.2	247	155	3	1	247	4	245	7.02e-37	135
lcl|AP019371.1_prot_BBH70516.1_7201	iYL1228.KPN_04155	30.1	316	199	5	12	321	19	318	1.18e-29	115
lcl|AP019371.1_prot_BBH70516.1_7201	iLJ478.TM0112	30.5	321	205	6	12	329	12	317	2.12e-29	114
lcl|AP019371.1_prot_BBH70516.1_7201	iCN900.CD630_15880	26.8	317	212	4	12	325	12	311	2.88e-29	114
lcl|AP019371.1_prot_BBH70516.1_7201	iML1515.b3750	29.7	316	200	5	12	321	19	318	2.25e-28	111
lcl|AP019371.1_prot_BBH70516.1_7201	STM_v1_0.STM3883	29.1	316	202	5	12	321	19	318	1.15e-27	109
lcl|AP019371.1_prot_BBH70516.1_7201	iHN637.CLJU_RS00625	27.0	318	217	3	12	329	21	323	1.17e-26	107
lcl|AP019371.1_prot_BBH70516.1_7201	iPC815.YPO4035	29.2	370	200	8	12	325	29	392	1.57e-25	105
lcl|AP019371.1_prot_BBH70517.1_7202	iLJ478.TM0114	26.6	248	165	8	54	289	44	286	1.30e-10	61.2
lcl|AP019371.1_prot_BBH70518.1_7203	iYO844.BSU39720	25.9	301	182	10	14	292	8	289	1.62e-19	86.3
lcl|AP019371.1_prot_BBH70519.1_7204	iCN718.ABAYE_RS06910	52.1	495	235	2	2	495	27	520	1.09e-181	519
lcl|AP019371.1_prot_BBH70519.1_7204	iJN1463.PP_0597	52.9	495	229	3	2	494	3	495	1.87e-181	517
lcl|AP019371.1_prot_BBH70519.1_7204	iYL1228.KPN_04670	51.5	495	235	3	2	491	3	497	6.56e-178	508
lcl|AP019371.1_prot_BBH70519.1_7204	STM_v1_0.STM4421	52.4	483	226	2	3	481	4	486	1.62e-173	497
lcl|AP019371.1_prot_BBH70519.1_7204	iEK1008.Rv0753c	53.0	491	219	3	3	481	5	495	1.25e-172	495
lcl|AP019371.1_prot_BBH70520.1_7205	iYL1228.KPN_04674	46.7	647	308	4	2	618	3	642	2.26e-181	528
lcl|AP019371.1_prot_BBH70521.1_7206	iYO844.BSU39750	37.0	254	148	7	24	273	23	268	5.50e-42	145
lcl|AP019371.1_prot_BBH70521.1_7206	iYL1228.KPN_04671	37.5	253	147	8	24	273	16	260	7.96e-41	142
lcl|AP019371.1_prot_BBH70521.1_7206	STM_v1_0.STM4420	36.5	255	147	9	24	273	18	262	5.42e-37	132
lcl|AP019371.1_prot_BBH70523.1_7208	iML1515.b2014	28.5	347	210	17	49	373	42	372	6.81e-10	60.8
lcl|AP019371.1_prot_BBH70523.1_7208	iEK1008.Rv2320c	21.5	382	264	10	55	417	67	431	1.26e-09	60.1
lcl|AP019371.1_prot_BBH70523.1_7208	iJN1463.PP_2802	25.8	438	250	16	13	419	6	399	1.11e-08	57.0
lcl|AP019371.1_prot_BBH70528.1_7213	iEK1008.Rv0386	45.8	59	32	0	818	876	1019	1077	1.06e-06	52.4
lcl|AP019371.1_prot_BBH70530.1_7215	iJN1463.PP_4210	36.5	406	236	9	3	400	263	654	7.84e-52	183
lcl|AP019371.1_prot_BBH70531.1_7216	iJN1463.PP_4210	49.8	235	115	2	1	232	1	235	5.53e-68	221
lcl|AP019371.1_prot_BBH70531.1_7216	iCN900.CD630_19470	46.1	219	117	1	6	223	10	228	1.79e-64	200
lcl|AP019371.1_prot_BBH70533.1_7218	iAF987.Gmet_0043	23.6	246	166	6	243	482	43	272	2.44e-06	49.7
lcl|AP019371.1_prot_BBH70534.1_7219	iAF987.Gmet_1706	30.5	177	118	3	20	193	2	176	1.15e-19	85.9
lcl|AP019371.1_prot_BBH70534.1_7219	iAF987.Gmet_2999	35.9	131	80	2	14	140	3	133	4.72e-17	79.0
lcl|AP019371.1_prot_BBH70538.1_7223	iEK1008.Rv0386	39.0	59	36	0	887	945	1020	1078	4.54e-04	43.9
lcl|AP019371.1_prot_BBH70540.1_7225	iEK1008.Rv3214	49.2	179	85	3	4	177	8	185	6.07e-51	162
lcl|AP019371.1_prot_BBH70543.1_7228	iAM_Pc455.PCYB_147430	25.4	169	113	6	25	181	77	244	5.06e-06	46.6
lcl|AP019371.1_prot_BBH70543.1_7228	iAM_Pv461.PVX_101390	26.4	148	97	5	45	181	278	424	3.53e-05	44.3
lcl|AP019371.1_prot_BBH70544.1_7229	iYL1228.KPN_02641	28.2	124	66	4	11	114	8	128	9.50e-05	41.6
lcl|AP019371.1_prot_BBH70544.1_7229	STM_v1_0.STM2276	26.0	123	70	3	11	114	8	128	2.33e-04	40.4
lcl|AP019371.1_prot_BBH70544.1_7229	iCN718.ABAYE_RS19010	26.7	135	66	4	1	114	1	123	3.09e-04	40.0
lcl|AP019371.1_prot_BBH70544.1_7229	iSbBS512_1146.SbBS512_E2607	27.8	126	70	3	9	114	4	128	3.13e-04	40.0
lcl|AP019371.1_prot_BBH70544.1_7229	iSF_1195.SF2312	27.8	126	70	3	9	114	4	128	3.13e-04	40.0
lcl|AP019371.1_prot_BBH70544.1_7229	iSSON_1240.SSON_2290	27.8	126	70	3	9	114	4	128	3.13e-04	40.0
lcl|AP019371.1_prot_BBH70545.1_7230	iCN900.CD630_36320	30.4	135	91	2	15	146	3	137	3.91e-16	72.0
lcl|AP019371.1_prot_BBH70548.1_7233	iML1515.b0543	50.0	100	50	0	3	102	4	103	1.89e-24	89.0
lcl|AP019371.1_prot_BBH70558.1_7243	iYS854.USA300HOU_RS06130	26.4	201	141	3	7	204	6	202	7.75e-13	70.9
lcl|AP019371.1_prot_BBH70562.1_7247	iJN1463.PP_2764	35.9	167	102	2	5	170	55	217	3.73e-23	92.4
lcl|AP019371.1_prot_BBH70564.1_7249	iAF987.Gmet_2349	28.7	585	378	13	3	566	1	567	1.69e-51	185
lcl|AP019371.1_prot_BBH70564.1_7249	iJN1463.PP_3466	29.1	546	370	7	12	546	19	558	3.08e-46	171
lcl|AP019371.1_prot_BBH70564.1_7249	iML1515.b0914	29.1	485	335	6	85	564	95	575	9.57e-46	169
lcl|AP019371.1_prot_BBH70564.1_7249	iSbBS512_1146.SbBS512_E2410	29.1	485	335	6	85	564	95	575	9.57e-46	169
lcl|AP019371.1_prot_BBH70564.1_7249	iSDY_1059.SDY_2344	29.1	485	335	6	85	564	95	575	9.57e-46	169
lcl|AP019371.1_prot_BBH70564.1_7249	iSF_1195.SF0910	29.1	485	335	6	85	564	95	575	1.31e-45	169
lcl|AP019371.1_prot_BBH70564.1_7249	iSSON_1240.SSON_0916	29.1	485	335	6	85	564	95	575	1.31e-45	169
lcl|AP019371.1_prot_BBH70564.1_7249	iPC815.YPO3144	27.6	572	398	8	4	566	9	573	1.83e-45	169
lcl|AP019371.1_prot_BBH70568.1_7253	iEK1008.Rv1288	28.3	145	83	5	33	171	192	321	8.66e-07	50.1
lcl|AP019371.1_prot_BBH70569.1_7254	iNF517.LLMG_RS11045	33.2	310	167	14	1	292	44	331	1.24e-23	100
lcl|AP019371.1_prot_BBH70572.1_7257	iEK1008.Rv0946c	61.2	544	204	2	5	542	9	551	5.48e-243	677
lcl|AP019371.1_prot_BBH70576.1_7261	iYO844.BSU35960	24.8	278	186	10	68	333	39	305	2.43e-13	69.3
lcl|AP019371.1_prot_BBH70577.1_7262	iCN900.CD630_34140	28.3	230	145	9	66	288	58	274	5.11e-17	82.4
lcl|AP019371.1_prot_BBH70578.1_7263	iEK1008.Rv2316	28.0	279	193	4	3	277	12	286	1.56e-26	104
lcl|AP019371.1_prot_BBH70578.1_7263	iCN900.CD630_34160	26.2	282	195	4	3	275	8	285	8.00e-26	102
lcl|AP019371.1_prot_BBH70578.1_7263	iEK1008.Rv2040c	28.4	278	188	6	2	270	11	286	5.03e-25	100
lcl|AP019371.1_prot_BBH70578.1_7263	iYO844.BSU30280	25.4	280	201	4	4	277	23	300	3.70e-23	95.9
lcl|AP019371.1_prot_BBH70579.1_7264	iEK1008.Rv2834c	34.8	224	142	3	47	270	56	275	4.25e-37	132
lcl|AP019371.1_prot_BBH70579.1_7264	iYS854.USA300HOU_RS01105	34.1	261	162	5	17	270	22	279	1.38e-35	128
lcl|AP019371.1_prot_BBH70579.1_7264	iSynCJ816.SGL_RS16650	27.9	283	182	5	3	269	21	297	2.13e-35	128
lcl|AP019371.1_prot_BBH70579.1_7264	iEK1008.Rv1237	32.3	257	165	3	20	270	21	274	2.92e-32	119
lcl|AP019371.1_prot_BBH70579.1_7264	iEK1008.Rv2317	33.5	224	142	3	50	269	54	274	4.09e-32	119
lcl|AP019371.1_prot_BBH70586.1_7271	iJN1463.PP_4213	28.9	318	206	6	78	383	145	454	4.92e-31	122
lcl|AP019371.1_prot_BBH70587.1_7272	iJN1463.PP_1229	25.1	255	152	7	7	242	14	248	2.61e-07	53.5
lcl|AP019371.1_prot_BBH70589.1_7274	iAF987.Gmet_0069	30.0	110	75	1	9	116	5	114	2.15e-07	50.1
lcl|AP019371.1_prot_BBH70591.1_7276	iEK1008.Rv2936	33.1	326	176	10	2	296	8	322	1.04e-31	120
lcl|AP019371.1_prot_BBH70591.1_7276	iYO844.BSU02750	35.6	225	134	5	1	215	1	224	1.40e-29	112
lcl|AP019371.1_prot_BBH70597.1_7282	iYL1228.KPN_03932	38.6	386	226	3	24	408	18	393	6.02e-75	238
lcl|AP019371.1_prot_BBH70597.1_7282	iML1515.b3568	37.6	388	231	3	22	408	16	393	1.03e-72	232
lcl|AP019371.1_prot_BBH70597.1_7282	iSbBS512_1146.SbBS512_E3954	37.6	388	231	3	22	408	16	393	1.03e-72	232
lcl|AP019371.1_prot_BBH70597.1_7282	iSF_1195.SF3612	37.6	388	231	3	22	408	16	393	1.03e-72	232
lcl|AP019371.1_prot_BBH70597.1_7282	iPC815.YPO4035	39.1	381	213	6	32	407	27	393	1.81e-70	226
lcl|AP019371.1_prot_BBH70598.1_7283	iML1515.b3567	47.9	499	255	3	10	507	4	498	1.48e-154	450
lcl|AP019371.1_prot_BBH70598.1_7283	iSbBS512_1146.SbBS512_E3955	47.7	499	256	3	10	507	4	498	2.96e-154	449
lcl|AP019371.1_prot_BBH70598.1_7283	iYL1228.KPN_03931	47.7	501	257	3	8	507	2	498	1.19e-153	448
lcl|AP019371.1_prot_BBH70598.1_7283	iSF_1195.SF3611	47.7	499	256	3	10	507	4	498	3.38e-153	447
lcl|AP019371.1_prot_BBH70598.1_7283	iPC815.YPO4036	45.9	499	265	3	10	507	4	498	1.17e-147	432
lcl|AP019371.1_prot_BBH70599.1_7284	iYL1228.KPN_03930	37.1	329	181	8	42	370	10	312	1.39e-59	194
lcl|AP019371.1_prot_BBH70599.1_7284	iML1515.b3566	37.7	329	179	8	42	370	28	330	6.39e-59	193
lcl|AP019371.1_prot_BBH70599.1_7284	iSF_1195.SF3610	37.7	329	179	8	42	370	28	330	6.39e-59	193
lcl|AP019371.1_prot_BBH70599.1_7284	iSbBS512_1146.SbBS512_E3956	36.8	329	175	8	42	370	40	335	9.50e-56	185
lcl|AP019371.1_prot_BBH70599.1_7284	iPC815.YPO4037	35.2	324	184	8	42	365	28	325	5.52e-53	178
lcl|AP019371.1_prot_BBH70600.1_7285	iCN900.CD630_21940	25.0	380	274	7	25	400	31	403	4.87e-26	108
lcl|AP019371.1_prot_BBH70600.1_7285	iAF987.Gmet_1639	27.9	312	209	6	83	386	9	312	7.03e-25	103
lcl|AP019371.1_prot_BBH70603.1_7288	iML1515.b3603	41.3	588	287	8	10	584	9	551	6.09e-122	370
lcl|AP019371.1_prot_BBH70603.1_7288	iSbBS512_1146.SbBS512_E4029	41.3	588	287	8	10	584	9	551	6.09e-122	370
lcl|AP019371.1_prot_BBH70603.1_7288	iSDY_1059.SDY_4036	41.3	588	287	8	10	584	9	551	6.09e-122	370
lcl|AP019371.1_prot_BBH70603.1_7288	iSSON_1240.SSON_3802	41.3	588	287	8	10	584	9	551	8.59e-122	370
lcl|AP019371.1_prot_BBH70603.1_7288	iSF_1195.SF3642	41.2	588	288	8	10	584	9	551	3.40e-121	369
lcl|AP019371.1_prot_BBH70603.1_7288	STM_v1_0.STM3692	40.1	588	294	7	10	584	9	551	7.54e-120	365
lcl|AP019371.1_prot_BBH70603.1_7288	iYO844.BSU34190	38.3	592	310	9	11	584	9	563	1.68e-118	362
lcl|AP019371.1_prot_BBH70603.1_7288	iJN1463.PP_4735	40.5	551	281	7	14	554	12	525	3.35e-116	356
lcl|AP019371.1_prot_BBH70603.1_7288	iML1515.b2975	38.5	576	302	7	14	574	12	550	3.13e-111	343
lcl|AP019371.1_prot_BBH70603.1_7288	iCN718.ABAYE_RS18850	36.9	594	324	7	1	584	1	553	3.97e-110	340
lcl|AP019371.1_prot_BBH70603.1_7288	iYL1228.KPN_03947	38.6	588	303	7	10	584	9	551	3.23e-108	335
lcl|AP019371.1_prot_BBH70604.1_7289	iCN900.CD630_20730	35.2	758	417	12	162	852	14	764	7.03e-123	388
lcl|AP019371.1_prot_BBH70604.1_7289	iCN900.CD630_20990	34.9	754	432	8	150	849	4	752	3.92e-121	383
lcl|AP019371.1_prot_BBH70604.1_7289	iCN900.CD630_20790	32.6	754	432	11	162	850	14	756	1.47e-112	361
lcl|AP019371.1_prot_BBH70605.1_7290	iHN637.CLJU_RS14760	37.6	109	66	2	56	164	62	168	1.30e-11	62.8
lcl|AP019371.1_prot_BBH70606.1_7291	iEK1008.Rv1623c	51.5	487	208	8	1	461	1	485	7.15e-164	471
lcl|AP019371.1_prot_BBH70606.1_7291	iYO844.BSU38760	49.4	443	223	1	1	442	1	443	1.82e-152	441
lcl|AP019371.1_prot_BBH70607.1_7292	iEK1008.Rv1622c	49.1	336	165	2	1	330	1	336	9.04e-107	315
lcl|AP019371.1_prot_BBH70608.1_7293	iAF987.Gmet_2634	41.5	532	299	6	8	527	13	544	6.03e-104	323
lcl|AP019371.1_prot_BBH70608.1_7293	iEK1008.Rv1621c	45.0	473	250	7	66	532	53	521	6.70e-104	322
lcl|AP019371.1_prot_BBH70609.1_7294	iAF987.Gmet_2633	38.2	516	302	6	22	526	22	531	6.94e-76	249
lcl|AP019371.1_prot_BBH70610.1_7295	iAF987.Gmet_0043	28.7	261	161	9	380	625	16	266	3.98e-13	72.0
lcl|AP019371.1_prot_BBH70615.1_7300	iAF987.Gmet_3085	41.1	190	95	6	311	488	440	624	7.53e-28	117
lcl|AP019371.1_prot_BBH70615.1_7300	iJN1463.PP_4670	40.6	170	94	5	318	481	237	405	6.52e-26	109
lcl|AP019371.1_prot_BBH70615.1_7300	iAF987.Gmet_0987	37.0	173	103	4	320	487	352	523	4.05e-24	105
lcl|AP019371.1_prot_BBH70617.1_7302	iSynCJ816.SGL_RS17200	28.4	680	422	13	5	633	10	675	1.31e-66	231
lcl|AP019371.1_prot_BBH70617.1_7302	iSynCJ816.SGL_RS10930	29.3	683	411	15	5	634	12	675	5.50e-63	221
lcl|AP019371.1_prot_BBH70617.1_7302	iEK1008.Rv0684	27.6	692	419	15	5	634	15	686	2.08e-60	214
lcl|AP019371.1_prot_BBH70620.1_7305	iJN1463.PP_1494	30.3	119	82	1	4	122	20	137	1.94e-08	53.1
lcl|AP019371.1_prot_BBH70620.1_7305	iEK1008.Rv0386	48.0	50	26	0	155	204	1027	1076	2.24e-07	50.4
lcl|AP019371.1_prot_BBH70622.1_7307	iEK1008.Rv3315c	55.6	124	55	0	4	127	1	124	4.95e-47	148
lcl|AP019371.1_prot_BBH70626.1_7311	iAF692.Mbar_A0818	45.7	659	334	9	35	681	181	827	4.94e-160	481
lcl|AP019371.1_prot_BBH70633.1_7318	iNF517.LLMG_RS11535	30.1	133	82	3	151	273	69	200	1.94e-09	58.2
lcl|AP019371.1_prot_BBH70633.1_7318	iYO844.BSU24850	25.7	245	149	7	148	361	64	306	2.57e-09	57.8
lcl|AP019371.1_prot_BBH70633.1_7318	iYS854.USA300HOU_RS08260	35.6	104	65	2	151	253	69	171	6.36e-08	53.5
lcl|AP019371.1_prot_BBH70642.1_7327	iML1515.b1967	27.7	130	89	2	84	210	136	263	1.27e-06	47.8
lcl|AP019371.1_prot_BBH70643.1_7328	iAF987.Gmet_0043	25.9	410	255	9	314	713	25	395	2.26e-24	108
lcl|AP019371.1_prot_BBH70653.1_7338	iLJ478.TM1469	34.8	187	117	3	83	267	6	189	2.99e-29	115
lcl|AP019371.1_prot_BBH70653.1_7338	iAF987.Gmet_1639	32.9	292	174	8	76	349	1	288	2.76e-25	104
lcl|AP019371.1_prot_BBH70654.1_7339	iYL1228.KPN_04203	38.2	516	304	8	152	659	141	649	1.60e-93	305
lcl|AP019371.1_prot_BBH70654.1_7339	iPC815.YPO1581	34.5	536	339	6	100	630	92	620	1.26e-91	300
lcl|AP019371.1_prot_BBH70662.1_7347	iJN1463.PP_1017	28.9	280	175	7	37	311	21	281	2.69e-24	99.4
lcl|AP019371.1_prot_BBH70663.1_7348	iCN900.CD630_34160	23.9	222	157	3	67	279	48	266	1.35e-17	80.9
lcl|AP019371.1_prot_BBH70663.1_7348	iEK1008.Rv2835c	29.8	225	144	5	7	221	3	223	1.95e-16	77.8
lcl|AP019371.1_prot_BBH70663.1_7348	iYO844.BSU28740	25.1	279	187	8	34	301	41	308	5.46e-16	76.6
lcl|AP019371.1_prot_BBH70663.1_7348	iJN1463.PP_1016	31.3	166	100	3	66	220	59	221	7.90e-15	73.2
lcl|AP019371.1_prot_BBH70664.1_7349	iLJ478.TM1469	36.8	201	109	4	145	329	64	262	6.24e-31	119
lcl|AP019371.1_prot_BBH70664.1_7349	iYO844.BSU24850	30.4	276	180	3	114	377	36	311	8.44e-28	111
lcl|AP019371.1_prot_BBH70665.1_7350	iMM1415.11605	26.4	295	142	10	94	371	87	323	2.20e-19	91.3
lcl|AP019371.1_prot_BBH70665.1_7350	iCHOv1.100752709	26.5	317	155	12	74	371	14	271	5.68e-19	89.4
lcl|AP019371.1_prot_BBH70665.1_7350	iMM1415.17939	27.7	296	137	12	94	371	71	307	5.03e-18	87.0
lcl|AP019371.1_prot_BBH70672.1_7357	iLJ478.TM1724	35.8	246	142	3	19	254	5	244	5.58e-35	125
lcl|AP019371.1_prot_BBH70672.1_7357	iCHOv1.100766065	36.6	243	144	3	19	255	6	244	1.25e-32	119
lcl|AP019371.1_prot_BBH70672.1_7357	iNF517.LLMG_RS08260	35.5	248	145	4	21	254	4	250	2.25e-31	116
lcl|AP019371.1_prot_BBH70673.1_7358	STM_v1_0.STM3697	26.9	391	213	9	9	395	45	366	4.61e-24	102
lcl|AP019371.1_prot_BBH70674.1_7359	iYL1228.KPN_04788	44.3	203	103	5	66	266	44	238	1.45e-48	161
lcl|AP019371.1_prot_BBH70674.1_7359	STM_v1_0.STM1101	42.3	208	110	5	61	266	218	417	1.11e-43	153
lcl|AP019371.1_prot_BBH70676.1_7361	iML1515.b1771	26.2	302	197	6	11	295	10	302	9.56e-18	82.0
lcl|AP019371.1_prot_BBH70677.1_7362	STM_v1_0.STM3697	35.6	317	202	2	33	348	63	378	3.91e-62	203
lcl|AP019371.1_prot_BBH70690.1_7375	iLJ478.TM0070	39.7	305	160	9	48	331	38	339	3.57e-64	210
lcl|AP019371.1_prot_BBH70691.1_7376	iAF987.Gmet_0043	29.3	249	165	6	283	523	26	271	7.30e-16	80.1
lcl|AP019371.1_prot_BBH70692.1_7377	iEK1008.Rv2463	31.1	367	208	14	4	330	6	367	9.82e-27	108
lcl|AP019371.1_prot_BBH70696.1_7381	iYS854.USA300HOU_RS00275	37.8	352	207	4	15	358	25	372	1.25e-68	219
lcl|AP019371.1_prot_BBH70696.1_7381	iPC815.YPO1502	35.7	367	223	7	2	358	5	368	7.11e-61	199
lcl|AP019371.1_prot_BBH70698.1_7383	iCHOv1.100773401	40.2	189	102	5	7	187	10	195	2.00e-26	104
lcl|AP019371.1_prot_BBH70698.1_7383	STM_v1_0.STM1195	33.5	182	121	0	3	184	6	187	2.97e-25	100
lcl|AP019371.1_prot_BBH70698.1_7383	iML1515.b1093	34.1	182	120	0	3	184	6	187	4.14e-25	99.8
lcl|AP019371.1_prot_BBH70698.1_7383	iYL1228.KPN_01091	33.5	182	121	0	3	184	6	187	4.14e-25	99.8
lcl|AP019371.1_prot_BBH70698.1_7383	iSbBS512_1146.SbBS512_E2231	34.1	182	120	0	3	184	6	187	4.14e-25	99.8
lcl|AP019371.1_prot_BBH70698.1_7383	iSDY_1059.SDY_2057	34.1	182	120	0	3	184	6	187	4.14e-25	99.8
lcl|AP019371.1_prot_BBH70698.1_7383	iSF_1195.SF1097	34.1	182	120	0	3	184	6	187	4.14e-25	99.8
lcl|AP019371.1_prot_BBH70698.1_7383	iSSON_1240.SSON_1113	34.1	182	120	0	3	184	6	187	4.14e-25	99.8
lcl|AP019371.1_prot_BBH70698.1_7383	iMM1415.235033	37.0	189	108	4	7	187	10	195	1.09e-23	97.4
lcl|AP019371.1_prot_BBH70698.1_7383	iCN900.CD630_26790	32.8	180	118	1	3	179	5	184	7.77e-24	96.7
lcl|AP019371.1_prot_BBH70698.1_7383	iSynCJ816.SGL_RS07245	33.2	187	121	2	2	184	6	192	1.22e-23	95.9
lcl|AP019371.1_prot_BBH70698.1_7383	iPC815.YPO1599	32.4	182	123	0	3	184	6	187	1.15e-23	95.9
lcl|AP019371.1_prot_BBH70698.1_7383	iHN637.CLJU_RS17225	34.4	186	118	1	3	184	9	194	1.80e-23	95.5
lcl|AP019371.1_prot_BBH70701.1_7386	iYS854.USA300HOU_RS13930	29.1	103	65	4	15	110	298	399	1.78e-04	43.1
lcl|AP019371.1_prot_BBH70701.1_7386	STM_v1_0.STM2232	36.2	58	34	2	21	77	274	329	3.13e-04	42.4
lcl|AP019371.1_prot_BBH70702.1_7387	iYS854.USA300HOU_RS13930	38.1	134	81	2	29	162	17	148	8.74e-22	90.5
lcl|AP019371.1_prot_BBH70703.1_7388	iEK1008.Rv0386	44.4	54	30	0	831	884	1027	1080	1.61e-05	48.5
lcl|AP019371.1_prot_BBH70705.1_7390	iJN1463.PP_1380	26.8	254	171	7	1	252	1	241	1.52e-13	68.6
lcl|AP019371.1_prot_BBH70705.1_7390	iJN1463.PP_0553	27.7	260	157	9	20	273	132	366	6.39e-12	64.7
lcl|AP019371.1_prot_BBH70714.1_7399	iEK1008.Rv3116	36.4	107	56	4	344	444	39	139	8.90e-07	51.6
lcl|AP019371.1_prot_BBH70714.1_7399	iAF987.Gmet_2855	32.7	98	64	2	348	444	31	127	1.85e-06	49.7
lcl|AP019371.1_prot_BBH70714.1_7399	iYS854.USA300HOU_RS12325	33.0	106	67	2	342	444	21	125	5.37e-06	48.9
lcl|AP019371.1_prot_BBH70714.1_7399	iCN900.CD630_17030	38.7	75	46	0	323	397	63	137	5.10e-06	48.5
lcl|AP019371.1_prot_BBH70714.1_7399	iEK1008.Rv3206c	34.6	107	58	4	344	444	40	140	1.93e-05	47.4
lcl|AP019371.1_prot_BBH70714.1_7399	STM_v1_0.STM4162	45.6	68	36	1	344	410	26	93	1.46e-05	47.0
lcl|AP019371.1_prot_BBH70726.1_7411	iYL1228.KPN_01091	29.4	252	163	3	7	258	5	241	2.65e-20	86.7
lcl|AP019371.1_prot_BBH70726.1_7411	iJN1463.PP_3073	32.0	266	160	9	3	259	1	254	6.27e-20	85.9
lcl|AP019371.1_prot_BBH70726.1_7411	iAM_Pv461.PVX_099555	30.6	258	159	4	7	260	59	300	8.24e-19	83.6
lcl|AP019371.1_prot_BBH70726.1_7411	iNF517.LLMG_RS08950	29.6	260	160	5	3	258	1	241	4.94e-19	83.2
lcl|AP019371.1_prot_BBH70726.1_7411	iML1515.b1093	27.7	256	170	3	3	258	1	241	6.95e-19	82.8
lcl|AP019371.1_prot_BBH70726.1_7411	iSbBS512_1146.SbBS512_E2231	27.7	256	170	3	3	258	1	241	6.95e-19	82.8
lcl|AP019371.1_prot_BBH70726.1_7411	iSF_1195.SF1097	27.7	256	170	3	3	258	1	241	6.95e-19	82.8
lcl|AP019371.1_prot_BBH70726.1_7411	iSSON_1240.SSON_1113	27.7	256	170	3	3	258	1	241	6.95e-19	82.8
lcl|AP019371.1_prot_BBH70726.1_7411	iAF987.Gmet_1531	30.6	258	156	6	5	257	4	243	1.05e-18	82.4
lcl|AP019371.1_prot_BBH70726.1_7411	iSDY_1059.SDY_2057	29.1	258	164	4	3	258	1	241	1.33e-18	82.0
lcl|AP019371.1_prot_BBH70726.1_7411	iPC815.YPO1599	28.2	252	166	4	7	258	5	241	1.33e-18	82.0
lcl|AP019371.1_prot_BBH70726.1_7411	iHN637.CLJU_RS20765	25.8	256	171	5	8	259	7	247	5.21e-18	80.5
lcl|AP019371.1_prot_BBH70726.1_7411	iAM_Pf480.PF3D7_0922900	28.2	255	163	4	8	258	61	299	1.07e-17	80.5
lcl|AP019371.1_prot_BBH70726.1_7411	STM_v1_0.STM1195	28.2	252	166	3	7	258	5	241	9.35e-18	79.7
lcl|AP019371.1_prot_BBH70726.1_7411	iLJ478.TM1169	30.7	261	149	8	1	258	1	232	1.15e-17	79.3
lcl|AP019371.1_prot_BBH70736.1_7421	iNF517.LLMG_RS11185	50.9	116	57	0	16	131	3	118	4.03e-33	112
lcl|AP019371.1_prot_BBH70753.1_7438	iJN1463.PP_1000	62.3	334	125	1	1	333	1	334	8.93e-147	416
lcl|AP019371.1_prot_BBH70753.1_7438	STM_v1_0.STM4465	62.0	334	125	2	1	333	1	333	4.94e-141	402
lcl|AP019371.1_prot_BBH70753.1_7438	iYL1228.KPN_04659	59.3	327	132	1	8	333	13	339	4.78e-133	382
lcl|AP019371.1_prot_BBH70753.1_7438	iPC815.YPO3446	59.6	327	131	1	8	333	7	333	3.28e-132	379
lcl|AP019371.1_prot_BBH70753.1_7438	iSF_1195.SF4235	58.5	328	135	1	7	333	6	333	1.00e-131	378
lcl|AP019371.1_prot_BBH70753.1_7438	iSSON_1240.SSON_4436	58.5	328	135	1	7	333	6	333	9.04e-132	378
lcl|AP019371.1_prot_BBH70753.1_7438	iML1515.b4254	58.2	328	136	1	7	333	6	333	7.36e-131	376
lcl|AP019371.1_prot_BBH70753.1_7438	iSbBS512_1146.SbBS512_E4829	57.9	328	137	1	7	333	6	333	1.04e-130	375
lcl|AP019371.1_prot_BBH70753.1_7438	iSDY_1059.SDY_4276	58.2	328	136	1	7	333	6	333	2.10e-130	375
lcl|AP019371.1_prot_BBH70754.1_7439	iJN1463.PP_1001	52.0	408	189	3	3	404	8	414	1.91e-145	419
lcl|AP019371.1_prot_BBH70755.1_7440	iSynCJ816.SGL_RS18255	56.9	299	128	1	3	301	11	308	1.99e-108	317
lcl|AP019371.1_prot_BBH70756.1_7441	iPC815.YPO1200	31.0	252	168	3	16	266	125	371	1.29e-27	112
lcl|AP019371.1_prot_BBH70756.1_7441	iML1515.b4115	29.9	298	190	7	16	309	127	409	2.20e-26	108
lcl|AP019371.1_prot_BBH70756.1_7441	iSbBS512_1146.SbBS512_E4612	29.9	298	190	7	16	309	127	409	2.20e-26	108
lcl|AP019371.1_prot_BBH70756.1_7441	iSF_1195.SF4108	29.9	298	190	7	16	309	127	409	2.20e-26	108
lcl|AP019371.1_prot_BBH70756.1_7441	iSSON_1240.SSON_4290	29.9	298	190	7	16	309	127	409	2.20e-26	108
lcl|AP019371.1_prot_BBH70756.1_7441	STM_v1_0.STM4294	31.6	247	161	4	22	266	133	373	5.62e-26	107
lcl|AP019371.1_prot_BBH70756.1_7441	iSDY_1059.SDY_4098	29.5	298	191	7	16	309	127	409	7.69e-26	107
lcl|AP019371.1_prot_BBH70768.1_7453	iEK1008.Rv0132c	28.3	173	89	7	26	172	59	222	1.21e-05	46.2
lcl|AP019371.1_prot_BBH70770.1_7455	iEK1008.Rv0132c	35.6	87	50	3	38	119	59	144	2.16e-04	42.4
lcl|AP019371.1_prot_BBH70770.1_7455	iEK1008.Rv0407	28.3	173	101	8	38	191	21	189	4.85e-04	41.2
lcl|AP019371.1_prot_BBH70772.1_7457	iYS854.USA300HOU_RS03500	40.7	248	147	0	6	253	4	251	1.75e-67	210
lcl|AP019371.1_prot_BBH70772.1_7457	STM_v1_0.STM0590	44.5	263	144	1	1	261	1	263	2.40e-67	209
lcl|AP019371.1_prot_BBH70772.1_7457	iYL1228.KPN_00606	43.0	256	146	0	6	261	8	263	1.36e-66	207
lcl|AP019371.1_prot_BBH70772.1_7457	iML1515.b0588	43.2	273	151	2	1	271	1	271	2.39e-66	207
lcl|AP019371.1_prot_BBH70772.1_7457	iSDY_1059.SDY_0519	43.2	273	151	2	1	271	1	271	2.39e-66	207
lcl|AP019371.1_prot_BBH70772.1_7457	iSF_1195.SF0502	43.2	273	151	2	1	271	1	271	2.39e-66	207
lcl|AP019371.1_prot_BBH70772.1_7457	iSynCJ816.SGL_RS01940	42.1	261	151	0	2	262	6	266	1.75e-65	205
lcl|AP019371.1_prot_BBH70772.1_7457	iSbBS512_1146.SbBS512_E0489	42.9	273	152	2	1	271	1	271	3.82e-65	204
lcl|AP019371.1_prot_BBH70772.1_7457	iSSON_1240.SSON_0539	42.9	273	152	2	1	271	1	271	3.82e-65	204
lcl|AP019371.1_prot_BBH70772.1_7457	iCN900.CD630_28750	38.7	243	149	0	11	253	9	251	4.39e-64	201
lcl|AP019371.1_prot_BBH70772.1_7457	iYO844.BSU07490	41.4	244	143	0	6	249	4	247	2.11e-63	199
lcl|AP019371.1_prot_BBH70772.1_7457	iYO844.BSU33290	39.5	248	150	0	6	253	4	251	1.30e-62	197
lcl|AP019371.1_prot_BBH70772.1_7457	iSSON_1240.SSON_4459	42.3	248	142	1	6	253	3	249	3.09e-60	191
lcl|AP019371.1_prot_BBH70772.1_7457	iML1515.b4287	42.3	248	142	1	6	253	3	249	4.37e-60	191
lcl|AP019371.1_prot_BBH70773.1_7458	iPC815.YPO3391	26.3	285	177	10	71	350	101	357	2.26e-16	79.0
lcl|AP019371.1_prot_BBH70774.1_7459	STM_v1_0.STM0194	33.8	618	388	10	76	689	82	682	8.28e-69	238
lcl|AP019371.1_prot_BBH70774.1_7459	iSbBS512_1146.SbBS512_E0145	33.5	623	383	12	76	689	57	657	4.94e-67	232
lcl|AP019371.1_prot_BBH70774.1_7459	iPC815.YPO3390	34.8	624	379	14	76	691	61	664	1.43e-66	231
lcl|AP019371.1_prot_BBH70774.1_7459	iSSON_1240.SSON_0165	33.4	623	384	12	76	689	57	657	6.62e-66	229
lcl|AP019371.1_prot_BBH70774.1_7459	iML1515.b0153	33.5	623	383	12	76	689	57	657	9.15e-66	229
lcl|AP019371.1_prot_BBH70774.1_7459	iSDY_1059.SDY_0169	33.4	623	384	12	76	689	57	657	9.15e-66	229
lcl|AP019371.1_prot_BBH70774.1_7459	iSF_1195.SF0145	33.4	623	384	12	76	689	57	657	1.26e-65	228
lcl|AP019371.1_prot_BBH70774.1_7459	iYL1228.KPN_00168	34.3	621	381	13	76	689	57	657	3.34e-65	227
lcl|AP019371.1_prot_BBH70775.1_7460	iAF987.Gmet_0843	27.9	262	154	10	11	244	12	266	2.52e-12	64.7
lcl|AP019371.1_prot_BBH70775.1_7460	iJN1463.PP_5004	27.4	241	153	7	21	243	30	266	2.75e-10	58.9
lcl|AP019371.1_prot_BBH70776.1_7461	iAT_PLT_636.412	34.1	138	84	5	20	153	34	168	1.87e-14	76.6
lcl|AP019371.1_prot_BBH70776.1_7461	iCHOv1.100753973	29.3	232	146	10	20	238	31	257	2.80e-14	75.9
lcl|AP019371.1_prot_BBH70776.1_7461	iMM1415.50917	30.0	220	137	9	20	227	28	242	1.13e-13	73.6
lcl|AP019371.1_prot_BBH70776.1_7461	iMM1415.11881	23.9	222	149	4	20	232	46	256	1.54e-13	73.6
lcl|AP019371.1_prot_BBH70776.1_7461	iCHOv1.100754567	31.1	228	114	11	20	221	21	231	7.88e-13	71.2
lcl|AP019371.1_prot_BBH70776.1_7461	iMM1415.11883	30.1	246	128	12	20	238	20	248	2.34e-12	69.7
lcl|AP019371.1_prot_BBH70777.1_7462	iYO844.BSU11640	28.8	306	178	9	10	289	7	298	1.55e-20	93.2
lcl|AP019371.1_prot_BBH70778.1_7463	iJN1463.PP_1765	27.0	141	88	3	50	176	46	185	3.45e-08	52.4
lcl|AP019371.1_prot_BBH70778.1_7463	iNF517.LLMG_RS03890	26.0	150	101	4	10	155	12	155	5.19e-08	52.0
lcl|AP019371.1_prot_BBH70778.1_7463	iJN1463.PP_0365	39.4	99	53	5	56	151	58	152	2.00e-07	50.4
lcl|AP019371.1_prot_BBH70778.1_7463	iSynCJ816.SGL_RS15350	31.4	102	67	2	55	153	75	176	2.94e-07	50.1
lcl|AP019371.1_prot_BBH70780.1_7465	iCN900.CD630_31950	31.1	848	452	21	6	764	2	806	2.44e-109	352
lcl|AP019371.1_prot_BBH70781.1_7466	iAF987.Gmet_1531	33.5	188	123	2	3	190	7	192	2.34e-20	87.8
lcl|AP019371.1_prot_BBH70781.1_7466	iSynCJ816.SGL_RS07245	31.0	187	127	2	2	187	6	191	5.95e-20	86.7
lcl|AP019371.1_prot_BBH70781.1_7466	iSynCJ816.SGL_RS12965	29.0	252	169	5	1	249	4	248	2.65e-19	85.1
lcl|AP019371.1_prot_BBH70781.1_7466	iLJ478.TM1724	30.0	190	132	1	3	192	6	194	7.70e-19	83.6
lcl|AP019371.1_prot_BBH70781.1_7466	iYL1228.KPN_02546	31.4	185	123	2	3	187	8	188	6.80e-18	80.9
lcl|AP019371.1_prot_BBH70781.1_7466	iYO844.BSU03930	30.5	190	125	4	3	188	8	194	1.26e-17	80.5
lcl|AP019371.1_prot_BBH70781.1_7466	iML1515.b1093	28.1	185	129	2	3	187	6	186	1.83e-17	79.7
lcl|AP019371.1_prot_BBH70781.1_7466	iMM904.YMR226C	33.3	195	119	6	3	189	14	205	2.60e-17	79.7
lcl|AP019371.1_prot_BBH70781.1_7466	iSbBS512_1146.SbBS512_E2231	28.1	185	129	2	3	187	6	186	1.83e-17	79.7
lcl|AP019371.1_prot_BBH70781.1_7466	iSF_1195.SF1097	28.1	185	129	2	3	187	6	186	1.83e-17	79.7
lcl|AP019371.1_prot_BBH70781.1_7466	iSSON_1240.SSON_1113	28.1	185	129	2	3	187	6	186	1.83e-17	79.7
lcl|AP019371.1_prot_BBH70781.1_7466	iCHOv1.100774578	30.7	189	125	3	5	188	35	222	7.47e-17	79.3
lcl|AP019371.1_prot_BBH70790.1_7475	iYO844.BSU40060	27.0	385	256	6	15	378	5	385	6.76e-32	127
lcl|AP019371.1_prot_BBH70792.1_7477	iEK1008.Rv1124	27.6	283	183	11	21	291	37	309	4.82e-16	76.6
lcl|AP019371.1_prot_BBH70792.1_7477	iEK1008.Rv3617	27.0	318	189	13	6	291	7	313	1.50e-14	72.4
lcl|AP019371.1_prot_BBH70799.1_7484	iML1515.b2480	40.0	140	80	3	6	142	7	145	1.31e-25	95.1
lcl|AP019371.1_prot_BBH70799.1_7484	iSbBS512_1146.SbBS512_E2852	40.0	140	80	3	6	142	7	145	1.31e-25	95.1
lcl|AP019371.1_prot_BBH70799.1_7484	iSDY_1059.SDY_2669	40.0	140	80	3	6	142	7	145	1.31e-25	95.1
lcl|AP019371.1_prot_BBH70799.1_7484	iSF_1195.SF2523	40.0	140	80	3	6	142	7	145	1.31e-25	95.1
lcl|AP019371.1_prot_BBH70799.1_7484	iSSON_1240.SSON_2561	40.0	140	80	3	6	142	7	145	1.31e-25	95.1
lcl|AP019371.1_prot_BBH70799.1_7484	iYL1228.KPN_02814	38.6	140	82	3	6	142	7	145	1.04e-24	92.8
lcl|AP019371.1_prot_BBH70799.1_7484	iPC815.YPO3064	39.3	140	81	3	6	142	8	146	1.07e-24	92.8
lcl|AP019371.1_prot_BBH70803.1_7488	iLJ478.TM1751	26.6	353	172	14	45	378	12	296	3.16e-23	100
lcl|AP019371.1_prot_BBH70805.1_7490	iAF987.Gmet_1188	32.8	58	38	1	170	226	11	68	1.59e-05	44.7
lcl|AP019371.1_prot_BBH70818.1_7503	iCHOv1.100773401	38.3	209	116	4	5	204	1	205	4.95e-28	109
lcl|AP019371.1_prot_BBH70818.1_7503	iMM1415.235033	38.9	198	110	4	5	194	1	195	7.54e-27	106
lcl|AP019371.1_prot_BBH70818.1_7503	iCHOv1.100772460	39.2	181	103	5	14	190	33	210	2.03e-25	102
lcl|AP019371.1_prot_BBH70818.1_7503	iCHOv1.100750866	38.3	193	104	5	11	192	5	193	6.69e-25	101
lcl|AP019371.1_prot_BBH70818.1_7503	iMM1415.19682	38.7	181	104	5	14	190	33	210	2.00e-24	99.8
lcl|AP019371.1_prot_BBH70822.1_7507	iAF987.Gmet_0069	31.9	119	77	2	3	117	5	123	1.73e-12	65.1
lcl|AP019371.1_prot_BBH70828.1_7513	iAT_PLT_636.4905	35.1	242	132	8	42	262	220	457	1.40e-26	109
lcl|AP019371.1_prot_BBH70828.1_7513	iMM1415.18195	35.1	242	132	8	42	262	220	457	1.40e-26	109
lcl|AP019371.1_prot_BBH70830.1_7515	iML1515.b1655	32.1	106	64	4	215	312	144	249	1.19e-10	60.8
lcl|AP019371.1_prot_BBH70833.1_7518	iEK1008.Rv1623c	43.6	489	237	11	1	466	1	473	4.34e-122	364
lcl|AP019371.1_prot_BBH70834.1_7519	iEK1008.Rv1622c	39.0	336	182	6	5	324	7	335	1.98e-58	191
lcl|AP019371.1_prot_BBH70834.1_7519	iYO844.BSU38750	35.0	331	193	3	5	320	8	331	2.14e-51	172
lcl|AP019371.1_prot_BBH70835.1_7520	iEK1008.Rv1620c	34.9	527	299	14	762	1255	24	539	6.52e-43	166
lcl|AP019371.1_prot_BBH70835.1_7520	iEK1008.Rv1621c	28.0	646	267	11	87	711	52	520	8.48e-41	158
lcl|AP019371.1_prot_BBH70835.1_7520	iAF987.Gmet_2633	33.7	483	294	11	810	1269	65	544	9.61e-39	152
lcl|AP019371.1_prot_BBH70846.1_7531	iSSON_1240.SSON_3785	25.7	338	202	10	10	303	11	343	1.60e-14	72.8
lcl|AP019371.1_prot_BBH70846.1_7531	iML1515.b3620	25.4	338	203	10	10	303	11	343	2.17e-14	72.4
lcl|AP019371.1_prot_BBH70846.1_7531	iSbBS512_1146.SbBS512_E4047	25.4	338	203	10	10	303	11	343	2.17e-14	72.4
lcl|AP019371.1_prot_BBH70846.1_7531	iSDY_1059.SDY_4052	25.4	338	203	10	10	303	11	343	2.17e-14	72.4
lcl|AP019371.1_prot_BBH70846.1_7531	iSF_1195.SF3660	25.4	338	203	10	10	303	11	343	2.17e-14	72.4
lcl|AP019371.1_prot_BBH70846.1_7531	STM_v1_0.STM3711	25.0	344	185	11	10	297	11	337	9.77e-14	70.5
lcl|AP019371.1_prot_BBH70846.1_7531	iYL1228.KPN_03964	25.4	338	203	10	10	303	11	343	4.46e-13	68.6
lcl|AP019371.1_prot_BBH70847.1_7532	iCN900.CD630_11820	29.3	222	134	7	5	205	10	229	2.47e-17	77.8
lcl|AP019371.1_prot_BBH70847.1_7532	iEK1008.Rv1483	28.0	214	143	6	4	208	18	229	4.60e-17	77.0
lcl|AP019371.1_prot_BBH70847.1_7532	iJN1463.PP_3073	30.3	198	124	6	5	189	9	205	6.99e-16	73.9
lcl|AP019371.1_prot_BBH70847.1_7532	iAF987.Gmet_1531	28.3	223	139	7	5	208	10	230	1.60e-14	70.1
lcl|AP019371.1_prot_BBH70847.1_7532	iYL1228.KPN_01091	25.7	222	144	6	5	208	9	227	1.50e-14	70.1
lcl|AP019371.1_prot_BBH70848.1_7533	iAF987.Gmet_0922	34.2	511	276	9	4	503	19	480	1.40e-56	196
lcl|AP019371.1_prot_BBH70848.1_7533	iJN1463.PP_4934	32.7	508	290	9	3	507	13	471	3.84e-51	181
lcl|AP019371.1_prot_BBH70849.1_7534	iIT341.HP0857	45.3	181	89	2	7	187	17	187	1.39e-43	144
lcl|AP019371.1_prot_BBH70849.1_7534	iAF987.Gmet_0920	44.3	167	93	0	22	188	21	187	4.71e-38	129
lcl|AP019371.1_prot_BBH70850.1_7535	iEK1008.Rv0486	35.6	407	243	9	2	395	46	446	2.66e-48	170
lcl|AP019371.1_prot_BBH70852.1_7537	iAF987.Gmet_0923	38.2	178	95	4	20	183	15	191	1.08e-22	95.5
lcl|AP019371.1_prot_BBH70852.1_7537	iSynCJ816.SGL_RS15280	38.5	130	76	1	20	145	18	147	1.64e-20	89.4
lcl|AP019371.1_prot_BBH70854.1_7539	iJN1463.PP_4944	34.1	581	295	18	15	531	2	558	7.74e-76	250
lcl|AP019371.1_prot_BBH70855.1_7540	iJN1463.PP_5278	34.3	484	278	12	8	462	24	496	1.19e-55	192
lcl|AP019371.1_prot_BBH70855.1_7540	iAF692.Mbar_A0503	33.6	458	284	7	23	462	20	475	2.08e-55	191
lcl|AP019371.1_prot_BBH70855.1_7540	iML1515.b1300	33.6	470	294	9	8	461	24	491	8.65e-53	184
lcl|AP019371.1_prot_BBH70855.1_7540	iSbBS512_1146.SbBS512_E1536	33.4	470	295	9	8	461	24	491	3.25e-52	183
lcl|AP019371.1_prot_BBH70855.1_7540	iSF_1195.SF1305	33.6	470	294	9	8	461	24	491	1.69e-51	181
lcl|AP019371.1_prot_BBH70855.1_7540	iLB1027_lipid.PHATRDRAFT_31599	34.7	415	245	6	25	422	16	421	1.46e-51	181
lcl|AP019371.1_prot_BBH70855.1_7540	iYL1228.KPN_01501	34.8	469	293	6	8	463	3	471	2.84e-51	180
lcl|AP019371.1_prot_BBH70855.1_7540	iPC815.YPO1290	32.5	471	299	8	8	461	24	492	1.80e-50	178
lcl|AP019371.1_prot_BBH70855.1_7540	iAF692.Mbar_A2387	31.5	486	301	11	1	462	2	479	2.27e-50	178
lcl|AP019371.1_prot_BBH70855.1_7540	iCHOv1.100768227	34.1	396	242	8	83	462	114	506	6.23e-50	177
lcl|AP019371.1_prot_BBH70855.1_7540	iAT_PLT_636.220	33.3	396	245	8	83	462	114	506	6.23e-50	177
lcl|AP019371.1_prot_BBH70855.1_7540	iMM1415.11669	32.9	477	296	11	8	464	43	515	9.79e-50	177
lcl|AP019371.1_prot_BBH70855.1_7540	iCN718.ABAYE_RS05595	33.1	474	298	7	1	461	6	473	6.12e-50	176
lcl|AP019371.1_prot_BBH70855.1_7540	iJN1463.PP_5063	32.8	475	296	10	8	462	11	482	1.11e-49	176
lcl|AP019371.1_prot_BBH70855.1_7540	iYO844.BSU19310	32.6	473	295	9	8	461	24	491	1.70e-49	176
lcl|AP019371.1_prot_BBH70855.1_7540	iCHOv1.100772225	35.0	371	223	7	109	464	51	418	3.87e-50	176
lcl|AP019371.1_prot_BBH70855.1_7540	iPC815.YPO1166	32.7	483	299	11	2	462	4	482	1.54e-49	176
lcl|AP019371.1_prot_BBH70855.1_7540	iYL1228.KPN_01018	34.0	470	292	10	8	461	25	492	2.40e-49	175
lcl|AP019371.1_prot_BBH70855.1_7540	iML1515.b0312	32.0	484	302	9	1	462	4	482	2.98e-49	175
lcl|AP019371.1_prot_BBH70855.1_7540	iMM1415.56847	33.6	396	244	8	83	462	114	506	4.45e-49	175
lcl|AP019371.1_prot_BBH70855.1_7540	iYL1228.KPN_00585	32.0	484	302	9	1	462	1	479	1.05e-48	173
lcl|AP019371.1_prot_BBH70856.1_7541	iEK1008.Rv3265c	30.6	216	115	6	28	209	24	238	2.42e-14	71.6
lcl|AP019371.1_prot_BBH70857.1_7542	iEK1008.Rv0132c	37.3	324	184	7	3	315	44	359	4.13e-54	180
lcl|AP019371.1_prot_BBH70857.1_7542	iEK1008.Rv0407	32.1	330	208	4	1	315	4	332	2.45e-53	177
lcl|AP019371.1_prot_BBH70861.1_7546	iEK1008.Rv1207	45.2	270	140	3	20	281	41	310	5.25e-63	201
lcl|AP019371.1_prot_BBH70861.1_7546	iAF987.Gmet_1889	44.0	268	146	3	13	276	18	285	4.17e-61	195
lcl|AP019371.1_prot_BBH70861.1_7546	iJN1463.PP_4717	40.7	268	155	3	11	275	13	279	8.48e-56	181
lcl|AP019371.1_prot_BBH70863.1_7548	iYO844.BSU03070	26.7	405	281	7	27	428	24	415	3.42e-41	153
lcl|AP019371.1_prot_BBH70866.1_7551	iAF692.Mbar_A0420	25.5	255	166	7	6	240	2	252	5.03e-11	61.6
lcl|AP019371.1_prot_BBH70873.1_7558	iJN1463.PP_3417	49.5	473	207	4	17	489	10	450	8.61e-138	404
lcl|AP019371.1_prot_BBH70874.1_7559	iJN1463.PP_2794	35.4	192	114	3	8	189	16	207	7.24e-19	82.0
lcl|AP019371.1_prot_BBH70877.1_7562	iML1515.b3883	28.8	295	187	4	1	287	2	281	6.70e-18	81.6
lcl|AP019371.1_prot_BBH70877.1_7562	iAF987.Gmet_2812	29.2	305	176	7	6	293	16	297	2.67e-16	77.4
lcl|AP019371.1_prot_BBH70878.1_7563	iCHOv1.100754792	38.2	670	328	14	2	594	365	1025	7.38e-137	425
lcl|AP019371.1_prot_BBH70880.1_7565	iHN637.CLJU_RS11730	45.4	421	229	1	10	430	12	431	4.55e-119	356
lcl|AP019371.1_prot_BBH70880.1_7565	iJN1463.PP_4290	45.5	424	227	3	9	430	13	434	5.24e-115	345
lcl|AP019371.1_prot_BBH70880.1_7565	iJN1463.PP_4643	45.4	432	232	2	2	430	6	436	1.55e-113	343
lcl|AP019371.1_prot_BBH70880.1_7565	iML1515.b2888	44.7	425	231	3	10	431	21	444	1.73e-112	340
lcl|AP019371.1_prot_BBH70880.1_7565	iCN900.CD630_31800	42.6	427	237	2	9	430	11	434	1.30e-109	332
lcl|AP019371.1_prot_BBH70880.1_7565	iYO844.BSU32430	43.8	413	227	2	22	430	11	422	2.83e-105	320
lcl|AP019371.1_prot_BBH70884.1_7569	iEK1008.Rv0646c	29.7	364	152	13	13	353	11	293	3.76e-22	94.7
lcl|AP019371.1_prot_BBH70887.1_7572	iYO844.BSU33180	25.7	296	159	11	2	280	59	310	1.51e-11	63.5
lcl|AP019371.1_prot_BBH70888.1_7573	iJN1463.PP_4677	51.0	49	20	2	104	151	90	135	1.36e-04	42.0
lcl|AP019371.1_prot_BBH70889.1_7574	iEK1008.Rv0162c	27.6	232	144	11	84	303	162	381	1.05e-04	43.1
lcl|AP019371.1_prot_BBH70891.1_7576	iLB1027_lipid.PHATRDRAFT_50356	41.1	95	52	2	382	476	329	419	4.57e-11	64.7
lcl|AP019371.1_prot_BBH70891.1_7576	iSynCJ816.SGL_RS12975	37.5	112	66	2	381	492	284	391	1.88e-09	59.3
lcl|AP019371.1_prot_BBH70891.1_7576	iEK1008.Rv3032	34.3	134	85	1	373	506	270	400	3.35e-09	58.5
lcl|AP019371.1_prot_BBH70894.1_7579	iAF692.Mbar_A0489	32.9	210	140	1	1	209	12	221	3.03e-31	114
lcl|AP019371.1_prot_BBH70895.1_7580	iAF987.Gmet_1626	45.1	215	106	3	8	221	195	398	2.21e-51	171
lcl|AP019371.1_prot_BBH70895.1_7580	iYO844.BSU23260	47.8	203	95	4	19	220	204	396	8.26e-51	169
lcl|AP019371.1_prot_BBH70895.1_7580	iEK1008.Rv1415	48.1	185	90	3	38	220	225	405	9.30e-48	162
lcl|AP019371.1_prot_BBH70895.1_7580	iNF517.LLMG_RS07700	47.3	184	88	2	39	221	223	398	1.48e-47	160
lcl|AP019371.1_prot_BBH70895.1_7580	iYL1228.KPN_01273	49.7	181	80	3	42	220	23	194	5.06e-49	159
lcl|AP019371.1_prot_BBH70895.1_7580	STM_v1_0.STM1711	50.3	181	79	3	42	220	23	194	4.49e-49	159
lcl|AP019371.1_prot_BBH70895.1_7580	iML1515.b1277	50.0	180	81	2	42	220	23	194	1.27e-48	157
lcl|AP019371.1_prot_BBH70895.1_7580	iSDY_1059.SDY_1353	50.0	180	81	2	42	220	23	194	1.27e-48	157
lcl|AP019371.1_prot_BBH70895.1_7580	iSF_1195.SF1281	50.0	180	81	2	42	220	23	194	1.27e-48	157
lcl|AP019371.1_prot_BBH70895.1_7580	iSSON_1240.SSON_1863	50.0	180	81	2	42	220	23	194	1.27e-48	157
lcl|AP019371.1_prot_BBH70895.1_7580	iHN637.CLJU_RS10830	43.5	186	96	3	38	222	222	399	9.22e-46	156
lcl|AP019371.1_prot_BBH70895.1_7580	iJN1463.PP_0522	47.2	197	88	4	28	220	10	194	9.40e-48	155
lcl|AP019371.1_prot_BBH70895.1_7580	iPC815.YPO2222	49.4	180	82	2	42	220	23	194	7.20e-48	155
lcl|AP019371.1_prot_BBH70895.1_7580	iSbBS512_1146.SbBS512_E1505	49.4	180	82	2	42	220	23	194	1.44e-47	155
lcl|AP019371.1_prot_BBH70895.1_7580	iLJ478.TM1826	47.8	184	86	2	38	221	207	380	3.84e-45	154
lcl|AP019371.1_prot_BBH70895.1_7580	iCN900.CD630_16980	51.3	150	72	1	74	222	247	396	6.49e-45	154
lcl|AP019371.1_prot_BBH70897.1_7582	iYS854.USA300HOU_RS07595	31.3	435	243	9	6	395	4	427	9.15e-53	189
lcl|AP019371.1_prot_BBH70901.1_7586	iLJ478.TM0272	55.5	902	360	15	2	887	4	880	1.48e-309	874
lcl|AP019371.1_prot_BBH70901.1_7586	iCN900.CD630_24100	50.9	898	400	10	2	886	4	873	3.76e-298	844
lcl|AP019371.1_prot_BBH70901.1_7586	iAF692.Mbar_A1396	50.9	897	409	9	2	886	3	880	4.91e-290	824
lcl|AP019371.1_prot_BBH70901.1_7586	iAF987.Gmet_2940	52.7	909	376	13	2	884	4	884	4.48e-287	816
lcl|AP019371.1_prot_BBH70901.1_7586	iHN637.CLJU_RS04010	50.6	899	401	15	2	886	5	874	1.59e-282	805
lcl|AP019371.1_prot_BBH70907.1_7592	iSynCJ816.SGL_RS13765	54.6	465	210	1	3	466	9	473	9.80e-179	509
lcl|AP019371.1_prot_BBH70907.1_7592	iJN1463.PP_3745	53.5	447	208	0	20	466	34	480	8.60e-164	472
lcl|AP019371.1_prot_BBH70907.1_7592	iML1515.b2979	52.4	456	217	0	11	466	25	480	2.10e-159	461
lcl|AP019371.1_prot_BBH70908.1_7593	iSynCJ816.SGL_RS03315	31.8	390	221	11	27	376	50	434	3.54e-38	141
lcl|AP019371.1_prot_BBH70909.1_7594	iSynCJ816.SGL_RS04800	47.0	445	229	3	16	453	16	460	2.93e-128	379
lcl|AP019371.1_prot_BBH70915.1_7600	iNF517.LLMG_RS09975	27.4	325	214	6	20	330	20	336	9.23e-33	124
lcl|AP019371.1_prot_BBH70915.1_7600	iJN1463.PP_3839	27.5	342	226	7	1	330	1	332	1.66e-32	123
lcl|AP019371.1_prot_BBH70915.1_7600	iML1515.b1478	27.9	315	207	6	28	330	26	332	2.30e-30	117
lcl|AP019371.1_prot_BBH70915.1_7600	STM_v1_0.STM1567	27.5	313	211	5	28	330	26	332	8.55e-30	115
lcl|AP019371.1_prot_BBH70915.1_7600	iYL1228.KPN_01853	27.3	315	209	6	28	330	26	332	2.28e-29	114
lcl|AP019371.1_prot_BBH70915.1_7600	iSDY_1059.SDY_1608	27.6	315	208	6	28	330	36	342	8.15e-29	114
lcl|AP019371.1_prot_BBH70915.1_7600	iSF_1195.SF1747	27.3	315	209	6	28	330	26	332	3.10e-28	111
lcl|AP019371.1_prot_BBH70920.1_7605	iAF692.Mbar_A2092	32.1	249	153	6	1	239	1	243	5.09e-31	114
lcl|AP019371.1_prot_BBH70921.1_7606	iML1515.b3566	33.9	316	190	8	51	360	28	330	9.34e-46	159
lcl|AP019371.1_prot_BBH70921.1_7606	iSF_1195.SF3610	33.7	312	196	7	51	360	28	330	9.34e-46	159
lcl|AP019371.1_prot_BBH70921.1_7606	iSbBS512_1146.SbBS512_E3956	33.4	311	191	7	51	360	40	335	4.27e-44	155
lcl|AP019371.1_prot_BBH70921.1_7606	iYL1228.KPN_03930	34.4	317	187	9	51	360	10	312	5.07e-43	151
lcl|AP019371.1_prot_BBH70921.1_7606	iPC815.YPO4037	32.9	313	197	8	51	360	28	330	3.30e-40	144
lcl|AP019371.1_prot_BBH70922.1_7607	iEK1008.Rv1237	34.1	264	162	5	28	289	21	274	1.46e-35	128
lcl|AP019371.1_prot_BBH70922.1_7607	iYS854.USA300HOU_RS01105	30.3	271	180	3	20	289	17	279	2.70e-32	120
lcl|AP019371.1_prot_BBH70923.1_7608	iEK1008.Rv1236	26.8	299	197	5	5	303	19	295	1.05e-18	84.3
lcl|AP019371.1_prot_BBH70923.1_7608	iEK1008.Rv2040c	31.6	193	113	3	113	301	109	286	2.49e-18	83.2
lcl|AP019371.1_prot_BBH70923.1_7608	iEK1008.Rv2316	27.5	305	191	6	9	308	7	286	1.06e-17	81.3
lcl|AP019371.1_prot_BBH70925.1_7610	iML1515.b2661	49.1	470	238	1	4	473	12	480	2.58e-154	447
lcl|AP019371.1_prot_BBH70925.1_7610	iSSON_1240.SSON_2805	48.9	470	239	1	4	473	12	480	2.58e-154	447
lcl|AP019371.1_prot_BBH70925.1_7610	STM_v1_0.STM2791	47.9	470	244	1	4	473	12	480	4.41e-150	436
lcl|AP019371.1_prot_BBH70925.1_7610	iJN1463.PP_0213	47.6	471	244	2	4	474	12	479	6.68e-149	433
lcl|AP019371.1_prot_BBH70925.1_7610	iYL1228.KPN_00256	47.9	470	244	1	4	473	12	480	1.43e-148	432
lcl|AP019371.1_prot_BBH70925.1_7610	iMM1415.214579	49.4	474	235	4	1	471	47	518	2.29e-144	423
lcl|AP019371.1_prot_BBH70925.1_7610	iAF987.Gmet_3395	46.3	473	253	1	1	473	10	481	5.21e-144	421
lcl|AP019371.1_prot_BBH70925.1_7610	iAT_PLT_636.7915	46.8	487	241	5	1	471	59	543	3.84e-138	408
lcl|AP019371.1_prot_BBH70925.1_7610	iCN718.ABAYE_RS11770	45.0	467	256	1	4	470	12	477	2.93e-138	406
lcl|AP019371.1_prot_BBH70926.1_7611	iEK1008.Rv2471	44.9	519	237	18	5	478	31	545	2.77e-128	383
lcl|AP019371.1_prot_BBH70927.1_7612	iPC815.YPO2167	46.0	50	27	0	12	61	10	59	3.14e-08	48.9
lcl|AP019371.1_prot_BBH70927.1_7612	STM_v1_0.STM1900	43.8	73	36	3	3	73	8	77	6.25e-08	48.5
lcl|AP019371.1_prot_BBH70927.1_7612	iML1515.b1134	40.3	62	34	2	1	61	1	60	9.07e-08	48.1
lcl|AP019371.1_prot_BBH70927.1_7612	STM_v1_0.STM1301	48.0	50	26	0	12	61	13	62	7.22e-08	48.1
lcl|AP019371.1_prot_BBH70927.1_7612	iSbBS512_1146.SbBS512_E1312	40.3	62	34	2	1	61	1	60	9.07e-08	48.1
lcl|AP019371.1_prot_BBH70927.1_7612	iSDY_1059.SDY_2018	40.3	62	34	2	1	61	1	60	9.07e-08	48.1
lcl|AP019371.1_prot_BBH70927.1_7612	iSF_1195.SF1153	40.3	62	34	2	1	61	1	60	9.07e-08	48.1
lcl|AP019371.1_prot_BBH70927.1_7612	iSSON_1240.SSON_1152	40.3	62	34	2	1	61	1	60	9.07e-08	48.1
lcl|AP019371.1_prot_BBH70927.1_7612	iYL1228.KPN_01142	43.3	60	31	2	1	59	1	58	1.24e-07	47.8
lcl|AP019371.1_prot_BBH70927.1_7612	iPC815.YPO2054	36.4	66	39	1	8	73	12	74	1.61e-07	47.4
lcl|AP019371.1_prot_BBH70927.1_7612	iYL1228.KPN_02379	29.1	134	72	5	5	127	8	129	2.23e-07	47.0
lcl|AP019371.1_prot_BBH70927.1_7612	iYL1228.KPN_01211	37.7	69	40	1	12	80	15	80	5.23e-07	45.8
lcl|AP019371.1_prot_BBH70927.1_7612	STM_v1_0.STM1235	41.7	60	32	2	1	59	1	58	6.47e-07	45.8
lcl|AP019371.1_prot_BBH70927.1_7612	iCHOv1.100769146	43.8	48	24	1	17	64	45	89	2.00e-06	44.7
lcl|AP019371.1_prot_BBH70927.1_7612	iMM1415.66401	43.8	48	24	1	17	64	26	70	1.59e-06	44.7
lcl|AP019371.1_prot_BBH70932.1_7617	iLJ478.TM0305	35.4	734	396	24	38	744	21	703	2.07e-117	373
lcl|AP019371.1_prot_BBH70933.1_7618	iYO844.BSU35580	40.6	453	241	5	2	452	3	429	3.42e-114	343
lcl|AP019371.1_prot_BBH70933.1_7618	iAF987.Gmet_1430	39.8	460	250	5	1	452	1	441	6.98e-111	334
lcl|AP019371.1_prot_BBH70933.1_7618	iCN900.CD630_27710	39.6	455	246	7	1	452	1	429	4.47e-104	316
lcl|AP019371.1_prot_BBH70934.1_7619	iSynCJ816.SGL_RS16640	37.6	404	240	7	68	467	26	421	1.62e-86	271
lcl|AP019371.1_prot_BBH70935.1_7620	iSynCJ816.SGL_RS16645	46.8	278	146	1	47	324	1	276	4.52e-84	254
lcl|AP019371.1_prot_BBH70936.1_7621	iSynCJ816.SGL_RS16650	52.8	269	120	4	38	301	31	297	1.84e-97	288
lcl|AP019371.1_prot_BBH70937.1_7622	iMM904.YLR011W	50.0	64	32	0	51	114	82	145	2.77e-13	64.3
lcl|AP019371.1_prot_BBH70938.1_7623	iYO844.BSU30420	45.7	223	117	1	3	221	1	223	7.66e-60	187
lcl|AP019371.1_prot_BBH70938.1_7623	iCN900.CD630_19470	42.6	216	124	0	4	219	10	225	2.08e-56	178
lcl|AP019371.1_prot_BBH70938.1_7623	iJN1463.PP_4210	44.0	218	120	2	3	219	5	221	4.62e-50	172
lcl|AP019371.1_prot_BBH70939.1_7624	iJN1463.PP_4210	45.3	212	108	4	39	247	20	226	1.20e-42	155
lcl|AP019371.1_prot_BBH70939.1_7624	iCN900.CD630_19470	39.4	213	124	2	33	242	15	225	3.07e-44	150
lcl|AP019371.1_prot_BBH70939.1_7624	iYO844.BSU30420	39.9	203	117	2	43	242	21	221	3.66e-43	147
lcl|AP019371.1_prot_BBH70939.1_7624	iYO844.BSU32750	35.5	217	133	4	35	247	9	222	9.11e-40	142
lcl|AP019371.1_prot_BBH70943.1_7628	iCN900.CD630_16140	32.3	220	146	1	9	225	39	258	3.81e-35	125
lcl|AP019371.1_prot_BBH70943.1_7628	iYO844.BSU02750	33.6	214	141	1	8	220	19	232	2.23e-32	118
lcl|AP019371.1_prot_BBH70946.1_7631	iAF987.Gmet_0043	30.5	105	68	1	257	356	161	265	2.32e-04	42.7
lcl|AP019371.1_prot_BBH70947.1_7632	iAF987.Gmet_1914	31.1	106	73	0	2	107	3	108	9.64e-09	54.3
lcl|AP019371.1_prot_BBH70947.1_7632	iAF987.Gmet_1919	30.5	118	81	1	3	119	5	122	6.81e-08	51.6
lcl|AP019371.1_prot_BBH70947.1_7632	iAF987.Gmet_1706	39.7	73	40	2	47	117	47	117	1.58e-07	50.4
lcl|AP019371.1_prot_BBH70949.1_7634	iYS854.USA300HOU_RS06130	32.6	261	163	7	31	282	9	265	3.82e-27	115
lcl|AP019371.1_prot_BBH70954.1_7639	STM_v1_0.STM1098	27.2	151	104	3	12	157	10	159	9.09e-09	51.6
lcl|AP019371.1_prot_BBH70954.1_7639	iCN718.ABAYE_RS15340	28.3	152	99	3	12	157	7	154	4.20e-08	49.7
lcl|AP019371.1_prot_BBH70954.1_7639	iSbBS512_1146.SbBS512_E4881	26.5	151	105	3	12	157	10	159	3.20e-07	47.4
lcl|AP019371.1_prot_BBH70954.1_7639	iSSON_1240.SSON_4488	26.5	151	105	3	12	157	10	159	3.20e-07	47.4
lcl|AP019371.1_prot_BBH70954.1_7639	iYL1228.KPN_04779	25.8	151	106	3	12	157	10	159	4.41e-07	47.0
lcl|AP019371.1_prot_BBH70962.1_7647	iEK1008.Rv3759c	41.1	309	170	7	3	307	8	308	1.18e-53	177
lcl|AP019371.1_prot_BBH70963.1_7648	iEK1008.Rv3756c	54.7	203	90	1	3	205	8	208	5.99e-56	177
lcl|AP019371.1_prot_BBH70964.1_7649	iEK1008.Rv3757c	47.2	195	103	0	19	213	18	212	5.47e-50	162
lcl|AP019371.1_prot_BBH70965.1_7650	iEK1008.Rv3758c	54.9	366	133	3	1	334	1	366	7.92e-126	365
lcl|AP019371.1_prot_BBH70966.1_7651	iYL1228.KPN_00796	29.2	487	312	8	12	468	11	494	1.13e-38	146
lcl|AP019371.1_prot_BBH70966.1_7651	iHN637.CLJU_RS10535	27.5	480	325	8	7	463	6	485	1.29e-36	140
lcl|AP019371.1_prot_BBH70966.1_7651	STM_v1_0.STM0791	28.5	484	318	8	12	468	11	493	2.95e-35	137
lcl|AP019371.1_prot_BBH70970.1_7655	iYO844.BSU39350	25.4	414	297	7	35	437	33	445	4.59e-25	108
lcl|AP019371.1_prot_BBH70970.1_7655	iYL1228.KPN_00796	27.5	436	283	6	24	436	24	449	6.64e-23	101
lcl|AP019371.1_prot_BBH70970.1_7655	STM_v1_0.STM0791	25.5	443	316	6	7	436	7	448	2.81e-22	99.8
lcl|AP019371.1_prot_BBH70970.1_7655	iYS854.USA300HOU_RS00040	26.3	433	281	11	33	439	32	452	8.87e-22	98.2
lcl|AP019371.1_prot_BBH70971.1_7656	iAF692.Mbar_A3192	35.5	310	180	7	28	330	24	320	1.04e-47	163
lcl|AP019371.1_prot_BBH70974.1_7659	iJN1463.PP_5273	30.4	404	255	14	12	407	9	394	3.83e-39	146
lcl|AP019371.1_prot_BBH70974.1_7659	iJN1463.PP_3146	30.8	403	257	12	5	401	2	388	2.71e-38	144
lcl|AP019371.1_prot_BBH70974.1_7659	iYL1228.KPN_01017	30.9	404	245	16	12	404	6	386	8.57e-37	139
lcl|AP019371.1_prot_BBH70974.1_7659	iML1515.b1301	31.9	417	224	18	12	404	6	386	4.00e-35	135
lcl|AP019371.1_prot_BBH70974.1_7659	iSSON_1240.SSON_1839	31.9	417	224	18	12	404	6	386	4.00e-35	135
lcl|AP019371.1_prot_BBH70974.1_7659	iSDY_1059.SDY_1943	31.9	417	224	18	12	404	6	386	7.57e-35	134
lcl|AP019371.1_prot_BBH70974.1_7659	iSbBS512_1146.SbBS512_E1537	31.7	417	225	18	12	404	6	386	1.04e-34	134
lcl|AP019371.1_prot_BBH70974.1_7659	iSF_1195.SF1306	31.3	412	233	16	12	404	6	386	1.43e-34	133
lcl|AP019371.1_prot_BBH70974.1_7659	iJN1463.PP_4548	33.9	384	226	13	28	402	30	394	3.10e-34	132
lcl|AP019371.1_prot_BBH70975.1_7660	iEK1008.Rv2581c	36.2	163	81	5	59	199	52	213	1.60e-22	90.5
lcl|AP019371.1_prot_BBH70975.1_7660	iCN900.CD630_27420	31.7	189	110	7	26	199	14	198	1.47e-22	90.1
lcl|AP019371.1_prot_BBH70976.1_7661	iEK1008.Rv2259	71.0	369	97	3	2	370	3	361	2.76e-180	504
lcl|AP019371.1_prot_BBH70979.1_7664	iEK1008.Rv2964	60.8	283	111	0	18	300	28	310	2.52e-122	352
lcl|AP019371.1_prot_BBH70980.1_7665	iAF987.Gmet_0043	25.0	256	175	5	350	589	12	266	2.32e-15	79.0
lcl|AP019371.1_prot_BBH70981.1_7666	iAF987.Gmet_2999	30.2	116	78	1	8	120	10	125	1.91e-13	68.2
lcl|AP019371.1_prot_BBH70981.1_7666	iAF987.Gmet_1706	32.5	120	76	2	7	123	2	119	2.98e-13	67.4
lcl|AP019371.1_prot_BBH70981.1_7666	iAF987.Gmet_0043	33.6	119	76	2	5	120	277	395	2.38e-11	62.4
lcl|AP019371.1_prot_BBH70982.1_7667	iEK1008.Rv2201	48.8	645	306	10	1	624	1	642	5.22e-189	548
lcl|AP019371.1_prot_BBH70982.1_7667	iYO844.BSU30540	45.0	627	335	6	1	624	1	620	1.28e-184	536
lcl|AP019371.1_prot_BBH70987.1_7672	iJN1463.PP_0553	27.4	223	134	6	4	205	116	331	1.17e-12	66.6
lcl|AP019371.1_prot_BBH70988.1_7673	iCN900.CD630_31950	32.4	829	440	20	5	739	4	806	1.83e-116	369
lcl|AP019371.1_prot_BBH70992.1_7677	iSynCJ816.SGL_RS05320	38.0	71	41	1	71	138	64	134	1.30e-07	49.3
lcl|AP019371.1_prot_BBH70992.1_7677	iSynCJ816.SGL_RS08610	35.6	73	45	2	69	139	30	102	3.19e-06	45.1
lcl|AP019371.1_prot_BBH70993.1_7678	iEK1008.Rv1826	56.5	131	50	2	2	125	4	134	4.33e-45	142
lcl|AP019371.1_prot_BBH70993.1_7678	iML1515.b2904	51.6	124	60	0	2	125	4	127	1.75e-43	138
lcl|AP019371.1_prot_BBH70993.1_7678	iSbBS512_1146.SbBS512_E3325	51.6	124	60	0	2	125	4	127	1.75e-43	138
lcl|AP019371.1_prot_BBH70993.1_7678	iSDY_1059.SDY_3177	51.6	124	60	0	2	125	4	127	1.75e-43	138
lcl|AP019371.1_prot_BBH70993.1_7678	iSF_1195.SF2890	51.6	124	60	0	2	125	4	127	1.75e-43	138
lcl|AP019371.1_prot_BBH70993.1_7678	iSSON_1240.SSON_3057	51.6	124	60	0	2	125	4	127	1.75e-43	138
lcl|AP019371.1_prot_BBH70993.1_7678	STM_v1_0.STM3054	50.8	124	61	0	2	125	4	127	7.08e-43	137
lcl|AP019371.1_prot_BBH70993.1_7678	iJN1463.PP_5193	50.8	122	59	1	2	123	4	124	1.80e-40	130
lcl|AP019371.1_prot_BBH70993.1_7678	iPC815.YPO0906	50.8	124	61	0	2	125	4	127	1.07e-39	129
lcl|AP019371.1_prot_BBH70993.1_7678	iYL1228.KPN_03340	48.4	124	64	0	2	125	4	127	1.56e-39	128
lcl|AP019371.1_prot_BBH70997.1_7682	iEK1008.Rv1822	39.9	183	110	0	11	193	6	188	8.88e-40	134
lcl|AP019371.1_prot_BBH71000.1_7685	iEK1008.Rv0958	63.3	461	165	2	13	473	3	459	5.70e-202	567
lcl|AP019371.1_prot_BBH71002.1_7687	iEK1008.Rv1155	55.1	136	59	1	6	139	6	141	3.03e-45	144
lcl|AP019371.1_prot_BBH71003.1_7688	iPC815.YPO2060	30.7	231	118	6	1	225	1	195	4.38e-19	86.7
lcl|AP019371.1_prot_BBH71007.1_7692	iEK1008.Rv1212c	54.9	397	164	5	15	408	1	385	7.69e-141	406
lcl|AP019371.1_prot_BBH71008.1_7693	iAF987.Gmet_3085	35.4	178	99	5	340	511	455	622	1.68e-19	92.0
lcl|AP019371.1_prot_BBH71008.1_7693	iJN1463.PP_3581	34.8	253	131	10	263	506	191	418	5.42e-18	87.0
lcl|AP019371.1_prot_BBH71008.1_7693	iAF987.Gmet_0782	36.7	180	97	5	340	513	297	465	3.08e-17	84.7
lcl|AP019371.1_prot_BBH71008.1_7693	iJN1463.PP_1761	37.1	178	99	6	339	512	391	559	3.37e-17	84.7
lcl|AP019371.1_prot_BBH71009.1_7694	iEK1008.Rv1213	59.1	401	158	2	5	405	7	401	2.18e-169	479
lcl|AP019371.1_prot_BBH71025.1_7710	iSynCJ816.SGL_RS06375	50.0	498	236	4	7	494	13	507	3.01e-173	497
lcl|AP019371.1_prot_BBH71025.1_7710	iEK1008.Rv1447c	50.5	493	231	5	11	494	24	512	1.24e-168	485
lcl|AP019371.1_prot_BBH71025.1_7710	iAF987.Gmet_2619	48.3	489	241	3	15	493	11	497	5.22e-162	468
lcl|AP019371.1_prot_BBH71025.1_7710	iLJ478.TM1155	47.9	482	238	4	15	494	24	494	2.99e-157	456
lcl|AP019371.1_prot_BBH71027.1_7712	iYO844.BSU24850	29.7	303	191	10	17	317	8	290	7.78e-25	102
lcl|AP019371.1_prot_BBH71027.1_7712	iLJ478.TM1469	27.6	283	181	7	15	294	6	267	1.11e-21	93.6
lcl|AP019371.1_prot_BBH71030.1_7715	iPC815.YPO4035	38.2	398	220	4	21	411	15	393	2.59e-72	231
lcl|AP019371.1_prot_BBH71030.1_7715	iYL1228.KPN_03932	37.8	397	226	4	16	411	16	392	3.03e-70	226
lcl|AP019371.1_prot_BBH71030.1_7715	iML1515.b3568	37.8	386	222	3	29	412	24	393	7.19e-68	220
lcl|AP019371.1_prot_BBH71030.1_7715	iSbBS512_1146.SbBS512_E3954	37.8	386	222	3	29	412	24	393	7.19e-68	220
lcl|AP019371.1_prot_BBH71030.1_7715	iSF_1195.SF3612	37.8	386	222	3	29	412	24	393	7.19e-68	220
lcl|AP019371.1_prot_BBH71031.1_7716	iML1515.b3567	48.8	506	257	2	5	509	4	508	1.43e-160	465
lcl|AP019371.1_prot_BBH71031.1_7716	iSbBS512_1146.SbBS512_E3955	48.6	506	258	2	5	509	4	508	1.43e-160	465
lcl|AP019371.1_prot_BBH71031.1_7716	iSF_1195.SF3611	48.6	506	258	2	5	509	4	508	1.16e-159	463
lcl|AP019371.1_prot_BBH71031.1_7716	iYL1228.KPN_03931	47.5	507	262	3	5	509	4	508	3.29e-159	462
lcl|AP019371.1_prot_BBH71031.1_7716	iPC815.YPO4036	44.9	506	277	2	5	509	4	508	3.43e-150	439
lcl|AP019371.1_prot_BBH71032.1_7717	iML1515.b3566	35.8	332	184	7	44	375	28	330	1.66e-52	177
lcl|AP019371.1_prot_BBH71032.1_7717	iSF_1195.SF3610	35.5	332	185	7	44	375	28	330	6.45e-52	175
lcl|AP019371.1_prot_BBH71032.1_7717	iYL1228.KPN_03930	35.2	332	186	7	44	375	10	312	1.12e-51	174
lcl|AP019371.1_prot_BBH71032.1_7717	iPC815.YPO4037	34.9	327	184	7	44	370	28	325	2.11e-49	169
lcl|AP019371.1_prot_BBH71032.1_7717	iSbBS512_1146.SbBS512_E3956	34.6	332	181	8	44	375	40	335	4.90e-48	165
lcl|AP019371.1_prot_BBH71033.1_7718	iPC815.YPO2253	55.2	493	217	3	5	493	8	500	7.17e-194	549
lcl|AP019371.1_prot_BBH71033.1_7718	iYL1228.KPN_00061	53.1	493	227	3	5	493	8	500	1.18e-187	533
lcl|AP019371.1_prot_BBH71033.1_7718	iSSON_1240.SSON_0068	52.3	493	231	3	5	493	8	500	2.07e-183	522
lcl|AP019371.1_prot_BBH71033.1_7718	iML1515.b0062	52.1	493	232	3	5	493	8	500	5.90e-183	521
lcl|AP019371.1_prot_BBH71033.1_7718	iSDY_1059.SDY_0089	52.1	493	232	3	5	493	8	500	1.19e-182	520
lcl|AP019371.1_prot_BBH71033.1_7718	iSbBS512_1146.SbBS512_E0054	52.1	493	232	3	5	493	8	500	6.78e-182	518
lcl|AP019371.1_prot_BBH71033.1_7718	STM_v1_0.STM0102	51.7	493	234	3	5	493	8	500	5.50e-181	516
lcl|AP019371.1_prot_BBH71033.1_7718	iYO844.BSU28800	52.5	491	229	2	5	493	8	496	9.64e-181	515
lcl|AP019371.1_prot_BBH71033.1_7718	iLJ478.TM0276	52.5	488	229	2	5	491	8	493	3.63e-178	509
lcl|AP019371.1_prot_BBH71034.1_7719	iML1515.b3751	29.6	142	92	4	144	280	106	244	1.73e-08	54.7
lcl|AP019371.1_prot_BBH71034.1_7719	iYL1228.KPN_04156	30.0	140	90	4	146	280	108	244	4.16e-08	53.5
lcl|AP019371.1_prot_BBH71034.1_7719	STM_v1_0.STM3884	30.0	140	90	4	146	280	108	244	4.16e-08	53.5
lcl|AP019371.1_prot_BBH71034.1_7719	iJN1463.PP_2454	25.6	176	116	6	160	324	140	311	3.51e-07	50.8
lcl|AP019371.1_prot_BBH71036.1_7721	iEK1008.Rv2074	58.5	118	48	1	15	132	17	133	2.19e-39	129
lcl|AP019371.1_prot_BBH71041.1_7726	iJN1463.PP_4670	43.3	171	85	3	171	331	242	410	2.13e-24	102
lcl|AP019371.1_prot_BBH71041.1_7726	iJN1463.PP_1761	43.1	160	84	3	173	325	393	552	9.11e-23	99.0
lcl|AP019371.1_prot_BBH71041.1_7726	iML1515.b1490	40.5	163	88	4	171	325	289	450	4.51e-21	93.2
lcl|AP019371.1_prot_BBH71041.1_7726	iJN1463.PP_1144	39.1	161	88	4	173	325	286	444	7.57e-21	93.2
lcl|AP019371.1_prot_BBH71042.1_7727	iJN1463.PP_2239	39.4	277	165	2	5	279	19	294	2.33e-50	167
lcl|AP019371.1_prot_BBH71042.1_7727	STM_v1_0.STM0832	41.3	269	153	3	2	267	15	281	6.53e-50	166
lcl|AP019371.1_prot_BBH71042.1_7727	iML1515.b0813	41.3	269	153	3	5	270	18	284	3.63e-49	164
lcl|AP019371.1_prot_BBH71042.1_7727	iSbBS512_1146.SbBS512_E2535	41.3	269	153	3	5	270	18	284	3.63e-49	164
lcl|AP019371.1_prot_BBH71042.1_7727	iSF_1195.SF0764	41.3	269	153	3	5	270	18	284	3.63e-49	164
lcl|AP019371.1_prot_BBH71042.1_7727	iSSON_1240.SSON_0793	41.3	269	153	3	5	270	18	284	3.63e-49	164
lcl|AP019371.1_prot_BBH71042.1_7727	iYL1228.KPN_00842	40.1	269	156	3	2	267	15	281	6.77e-46	155
lcl|AP019371.1_prot_BBH71043.1_7728	iJN1463.PP_4210	35.0	409	228	10	3	394	267	654	2.45e-51	181
lcl|AP019371.1_prot_BBH71044.1_7729	iJN1463.PP_4210	53.0	215	100	1	8	221	10	224	4.07e-68	220
lcl|AP019371.1_prot_BBH71045.1_7730	iJN1463.PP_5386	28.9	187	117	5	237	410	206	389	1.47e-08	56.2
lcl|AP019371.1_prot_BBH71053.1_7738	iAF987.Gmet_2999	30.8	117	80	1	558	674	6	121	3.30e-09	58.9
lcl|AP019371.1_prot_BBH71053.1_7738	iAF987.Gmet_0069	33.6	116	74	3	562	675	5	119	8.02e-09	57.4
lcl|AP019371.1_prot_BBH71053.1_7738	iAF987.Gmet_1914	32.4	108	70	2	562	669	4	108	3.17e-08	56.2
lcl|AP019371.1_prot_BBH71054.1_7739	iJN1463.PP_1494	28.5	130	74	4	4	130	20	133	9.71e-06	46.6
lcl|AP019371.1_prot_BBH71054.1_7739	iAF987.Gmet_1914	31.1	106	66	3	3	106	3	103	3.56e-04	42.0
lcl|AP019371.1_prot_BBH71055.1_7740	iAF987.Gmet_0043	32.2	245	144	8	418	642	24	266	2.39e-17	85.5
lcl|AP019371.1_prot_BBH71057.1_7742	iYO844.BSU30410	25.6	164	106	4	700	848	273	435	7.31e-05	45.8
lcl|AP019371.1_prot_BBH71058.1_7743	iCN900.CD630_19470	49.3	217	108	2	22	236	9	225	9.86e-65	201
lcl|AP019371.1_prot_BBH71060.1_7745	iEK1008.Rv0386	50.0	52	26	0	151	202	1027	1078	4.34e-09	55.5
lcl|AP019371.1_prot_BBH71061.1_7746	iEK1008.Rv2267c	24.6	248	139	9	11	215	80	322	3.01e-04	42.0
lcl|AP019371.1_prot_BBH71068.1_7753	iEK1008.Rv0467	71.4	423	112	2	11	428	9	427	1.94e-216	600
lcl|AP019371.1_prot_BBH71069.1_7754	iMM904.YNL117W	52.1	484	217	9	18	490	30	509	1.02e-165	481
lcl|AP019371.1_prot_BBH71069.1_7754	iMM904.YIR031C	48.3	516	250	8	17	521	29	538	8.60e-162	471
lcl|AP019371.1_prot_BBH71069.1_7754	iPC815.YPO3726	46.8	528	270	7	1	521	5	528	1.75e-158	462
lcl|AP019371.1_prot_BBH71069.1_7754	iML1515.b4014	46.8	524	270	5	4	521	9	529	1.46e-157	459
lcl|AP019371.1_prot_BBH71069.1_7754	iSbBS512_1146.SbBS512_E4508	46.6	524	271	5	4	521	9	529	5.85e-157	458
lcl|AP019371.1_prot_BBH71069.1_7754	iYL1228.KPN_04395	48.0	510	256	6	18	521	23	529	2.35e-156	456
lcl|AP019371.1_prot_BBH71069.1_7754	STM_v1_0.STM4183	45.8	524	275	5	4	521	9	529	9.42e-156	455
lcl|AP019371.1_prot_BBH71069.1_7754	iLB1027_lipid.PHATRDRAFT_54478	47.5	522	249	11	18	521	23	537	3.86e-149	439
lcl|AP019371.1_prot_BBH71069.1_7754	iSSON_1240.SSON_4186	48.6	473	234	5	4	470	9	478	7.16e-150	438
lcl|AP019371.1_prot_BBH71070.1_7755	iSynCJ816.SGL_RS08415	27.7	83	58	1	3	83	6	88	8.20e-05	40.0
lcl|AP019371.1_prot_BBH71070.1_7755	iCHOv1.100762703	38.5	52	32	0	40	91	1	52	4.56e-05	39.7
lcl|AP019371.1_prot_BBH71071.1_7756	iJN1463.PP_0365	36.9	122	65	3	43	156	59	176	7.21e-06	45.8
lcl|AP019371.1_prot_BBH71071.1_7756	iEK1008.Rv2952	37.8	98	57	3	65	158	104	201	4.18e-05	43.5
lcl|AP019371.1_prot_BBH71071.1_7756	iYS854.USA300HOU_RS07520	35.4	99	57	3	43	137	55	150	4.97e-05	43.1
lcl|AP019371.1_prot_BBH71071.1_7756	iNF517.LLMG_RS03890	34.6	104	57	3	41	137	51	150	1.65e-04	41.6
lcl|AP019371.1_prot_BBH71073.1_7758	iCHOv1.100753973	34.3	385	191	11	48	400	31	385	1.28e-50	179
lcl|AP019371.1_prot_BBH71073.1_7758	iMM1415.11881	30.3	475	242	15	48	451	46	502	3.94e-47	170
lcl|AP019371.1_prot_BBH71073.1_7758	iMM1415.11883	31.8	450	225	18	45	448	17	430	3.18e-44	161
lcl|AP019371.1_prot_BBH71076.1_7761	iYS854.USA300HOU_RS07240	30.0	130	89	2	87	215	75	203	5.16e-09	54.3
lcl|AP019371.1_prot_BBH71077.1_7762	iYS854.USA300HOU_RS07240	36.0	125	71	5	80	201	69	187	4.02e-09	54.3
lcl|AP019371.1_prot_BBH71079.1_7764	iAF987.Gmet_3085	39.6	455	224	8	322	766	460	873	1.68e-79	273
lcl|AP019371.1_prot_BBH71079.1_7764	iAF987.Gmet_0957	38.0	468	235	8	317	772	191	615	1.93e-78	265
lcl|AP019371.1_prot_BBH71079.1_7764	iAF987.Gmet_2629	35.3	507	265	10	282	771	341	801	1.74e-74	258
lcl|AP019371.1_prot_BBH71079.1_7764	iJN1463.PP_3581	35.7	488	267	7	302	782	243	690	3.54e-75	257
lcl|AP019371.1_prot_BBH71079.1_7764	iAF987.Gmet_0987	36.8	459	240	9	317	766	356	773	1.77e-71	249
lcl|AP019371.1_prot_BBH71079.1_7764	iAF987.Gmet_0782	36.6	462	237	7	317	766	297	714	6.82e-72	249
lcl|AP019371.1_prot_BBH71080.1_7765	iAT_PLT_636.4905	31.3	275	156	10	222	479	220	478	9.73e-29	119
lcl|AP019371.1_prot_BBH71080.1_7765	iMM1415.18195	31.3	275	156	10	222	479	220	478	9.73e-29	119
lcl|AP019371.1_prot_BBH71085.1_7770	iAF987.Gmet_0798	34.7	193	120	2	15	205	14	202	6.07e-26	99.4
lcl|AP019371.1_prot_BBH71085.1_7770	iAF692.Mbar_A2583	30.5	187	129	1	19	205	19	204	5.54e-23	91.7
lcl|AP019371.1_prot_BBH71088.1_7773	iPC815.YPO3014	35.1	111	62	3	123	233	112	212	8.13e-10	58.2
lcl|AP019371.1_prot_BBH71088.1_7773	iML1515.b2424	31.5	111	66	3	123	233	112	212	2.88e-08	53.5
lcl|AP019371.1_prot_BBH71088.1_7773	iSbBS512_1146.SbBS512_E2796	31.5	111	66	3	123	233	112	212	2.88e-08	53.5
lcl|AP019371.1_prot_BBH71088.1_7773	iSSON_1240.SSON_2513	31.5	111	66	3	123	233	112	212	2.88e-08	53.5
lcl|AP019371.1_prot_BBH71088.1_7773	iCN718.ABAYE_RS05150	25.8	271	178	5	31	294	20	274	5.20e-08	52.8
lcl|AP019371.1_prot_BBH71089.1_7774	iLJ478.TM1378	28.0	189	129	5	26	210	17	202	3.04e-06	47.0
lcl|AP019371.1_prot_BBH71089.1_7774	iML1515.b1443	31.4	185	114	8	33	210	29	207	7.65e-06	45.8
lcl|AP019371.1_prot_BBH71089.1_7774	iEK1008.Rv1858	31.3	198	111	7	29	208	13	203	1.03e-05	45.4
lcl|AP019371.1_prot_BBH71089.1_7774	iSSON_1240.SSON_1694	30.8	185	115	8	33	210	29	207	4.46e-05	43.5
lcl|AP019371.1_prot_BBH71089.1_7774	iEK1008.Rv2399c	29.8	131	84	2	141	264	151	280	6.38e-05	43.1
lcl|AP019371.1_prot_BBH71090.1_7775	iJN1463.PP_5137	46.9	305	157	2	3	302	7	311	9.50e-84	257
lcl|AP019371.1_prot_BBH71090.1_7775	iCN718.ABAYE_RS05140	46.8	299	150	4	4	295	1	297	4.98e-81	250
lcl|AP019371.1_prot_BBH71090.1_7775	iSSON_1240.SSON_2511	46.5	310	156	2	4	303	1	310	2.54e-78	243
lcl|AP019371.1_prot_BBH71090.1_7775	STM_v1_0.STM2441	46.5	310	156	2	4	303	1	310	7.16e-78	242
lcl|AP019371.1_prot_BBH71090.1_7775	iML1515.b2422	46.1	310	157	2	4	303	1	310	1.43e-77	241
lcl|AP019371.1_prot_BBH71090.1_7775	iSbBS512_1146.SbBS512_E2794	46.1	310	157	2	4	303	1	310	1.43e-77	241
lcl|AP019371.1_prot_BBH71090.1_7775	iSDY_1059.SDY_2618	46.1	310	157	2	4	303	1	310	1.43e-77	241
lcl|AP019371.1_prot_BBH71090.1_7775	iJN1463.PP_1722	44.4	311	158	3	6	314	4	301	2.76e-77	239
lcl|AP019371.1_prot_BBH71090.1_7775	iCN900.CD630_35300	50.2	235	115	1	6	238	4	238	4.15e-77	239
lcl|AP019371.1_prot_BBH71090.1_7775	iPC815.YPO3012	45.8	310	158	3	4	303	1	310	1.51e-76	239
lcl|AP019371.1_prot_BBH71090.1_7775	iYL1228.KPN_02770	45.2	310	160	2	4	303	1	310	2.20e-76	238
lcl|AP019371.1_prot_BBH71090.1_7775	iCN900.CD630_35270	49.8	235	116	1	6	238	4	238	4.67e-76	236
lcl|AP019371.1_prot_BBH71090.1_7775	iAF987.Gmet_1903	52.3	241	109	1	4	238	1	241	9.43e-76	236
lcl|AP019371.1_prot_BBH71090.1_7775	iSbBS512_1146.SbBS512_E1304	50.2	241	118	1	6	244	18	258	5.20e-75	235
lcl|AP019371.1_prot_BBH71090.1_7775	iSDY_1059.SDY_2026	50.2	241	118	1	6	244	18	258	5.20e-75	235
lcl|AP019371.1_prot_BBH71090.1_7775	iSSON_1240.SSON_1144	50.2	241	118	1	6	244	18	258	5.20e-75	235
lcl|AP019371.1_prot_BBH71090.1_7775	iML1515.b1126	50.2	241	118	1	6	244	18	258	7.34e-75	235
lcl|AP019371.1_prot_BBH71090.1_7775	iYL1228.KPN_01132	49.8	241	119	1	6	244	18	258	7.34e-75	235
lcl|AP019371.1_prot_BBH71090.1_7775	iEK1008.Rv2397c	51.2	246	117	2	1	244	1	245	3.37e-75	235
lcl|AP019371.1_prot_BBH71090.1_7775	iSF_1195.SF1128	50.2	241	118	1	6	244	18	258	7.34e-75	235
lcl|AP019371.1_prot_BBH71094.1_7779	iSynCJ816.SGL_RS01940	58.2	249	104	0	10	258	15	263	9.92e-107	309
lcl|AP019371.1_prot_BBH71094.1_7779	STM_v1_0.STM0590	54.7	256	116	0	3	258	6	261	4.16e-100	292
lcl|AP019371.1_prot_BBH71094.1_7779	iYL1228.KPN_00606	54.3	256	117	0	3	258	6	261	1.37e-98	288
lcl|AP019371.1_prot_BBH71094.1_7779	iML1515.b0588	53.1	256	120	0	3	258	6	261	2.31e-96	283
lcl|AP019371.1_prot_BBH71094.1_7779	iSDY_1059.SDY_0519	53.1	256	120	0	3	258	6	261	2.31e-96	283
lcl|AP019371.1_prot_BBH71094.1_7779	iSbBS512_1146.SbBS512_E0489	53.1	256	120	0	3	258	6	261	3.27e-96	283
lcl|AP019371.1_prot_BBH71094.1_7779	iYO844.BSU07490	53.9	254	117	0	4	257	3	256	3.93e-96	282
lcl|AP019371.1_prot_BBH71094.1_7779	iSF_1195.SF0502	52.7	256	121	0	3	258	6	261	1.87e-95	281
lcl|AP019371.1_prot_BBH71094.1_7779	iSSON_1240.SSON_0539	52.7	256	121	0	3	258	6	261	3.77e-95	280
lcl|AP019371.1_prot_BBH71095.1_7780	iSbBS512_1146.SbBS512_E0491	37.9	317	194	1	31	344	13	329	1.99e-60	196
lcl|AP019371.1_prot_BBH71095.1_7780	iML1515.b0589	37.9	317	194	1	31	344	13	329	3.96e-60	196
lcl|AP019371.1_prot_BBH71095.1_7780	iSDY_1059.SDY_0520	37.9	317	194	1	31	344	13	329	3.96e-60	196
lcl|AP019371.1_prot_BBH71095.1_7780	iSSON_1240.SSON_0540	37.9	317	194	1	31	344	13	329	3.96e-60	196
lcl|AP019371.1_prot_BBH71095.1_7780	iSF_1195.SF0503	37.9	317	194	1	31	344	13	329	6.14e-59	192
lcl|AP019371.1_prot_BBH71095.1_7780	iYL1228.KPN_00607	36.8	323	201	1	25	344	7	329	4.79e-58	190
lcl|AP019371.1_prot_BBH71095.1_7780	STM_v1_0.STM0591	38.7	323	195	1	25	344	6	328	2.01e-56	186
lcl|AP019371.1_prot_BBH71095.1_7780	iSynCJ816.SGL_RS01935	38.2	306	183	3	45	344	44	349	1.34e-55	184
lcl|AP019371.1_prot_BBH71096.1_7781	iSSON_1240.SSON_0541	47.7	323	166	3	10	331	8	328	1.26e-75	235
lcl|AP019371.1_prot_BBH71096.1_7781	iSF_1195.SF0504	47.0	330	172	3	3	331	5	332	2.01e-75	235
lcl|AP019371.1_prot_BBH71096.1_7781	iSbBS512_1146.SbBS512_E0492	47.7	323	166	3	10	331	8	328	3.57e-75	234
lcl|AP019371.1_prot_BBH71096.1_7781	iML1515.b0590	47.7	323	166	3	10	331	8	328	5.04e-75	234
lcl|AP019371.1_prot_BBH71096.1_7781	iSDY_1059.SDY_0521	47.7	323	166	3	10	331	8	328	5.04e-75	234
lcl|AP019371.1_prot_BBH71096.1_7781	iYL1228.KPN_00608	46.6	322	169	3	11	331	9	328	3.28e-73	229
lcl|AP019371.1_prot_BBH71096.1_7781	iSynCJ816.SGL_RS01930	46.4	304	161	2	27	330	38	339	8.29e-73	228
lcl|AP019371.1_prot_BBH71096.1_7781	STM_v1_0.STM0592	46.7	323	169	3	10	331	8	328	9.26e-73	228
lcl|AP019371.1_prot_BBH71097.1_7782	iSynCJ816.SGL_RS02030	29.3	239	153	8	46	279	46	273	8.11e-14	70.9
lcl|AP019371.1_prot_BBH71097.1_7782	iYS854.USA300HOU_RS00600	27.8	252	139	11	45	276	39	267	2.92e-12	66.2
lcl|AP019371.1_prot_BBH71099.1_7784	iYL1228.KPN_00608	47.7	323	160	6	13	331	10	327	4.72e-72	226
lcl|AP019371.1_prot_BBH71099.1_7784	STM_v1_0.STM0592	46.2	312	162	5	24	331	18	327	6.63e-69	218
lcl|AP019371.1_prot_BBH71099.1_7784	iSSON_1240.SSON_0541	45.9	314	160	6	24	331	18	327	9.09e-69	218
lcl|AP019371.1_prot_BBH71099.1_7784	iSbBS512_1146.SbBS512_E0492	45.9	314	160	6	24	331	18	327	2.56e-68	216
lcl|AP019371.1_prot_BBH71099.1_7784	iSDY_1059.SDY_0521	45.9	314	160	6	24	331	18	327	2.56e-68	216
lcl|AP019371.1_prot_BBH71099.1_7784	iSF_1195.SF0504	45.9	314	160	6	24	331	22	331	2.87e-68	216
lcl|AP019371.1_prot_BBH71099.1_7784	iML1515.b0590	45.9	314	160	6	24	331	18	327	3.61e-68	216
lcl|AP019371.1_prot_BBH71099.1_7784	iSynCJ816.SGL_RS01930	42.5	320	175	6	18	332	25	340	3.59e-64	206
lcl|AP019371.1_prot_BBH71100.1_7785	iYL1228.KPN_00607	42.2	313	167	4	37	341	22	328	3.16e-65	209
lcl|AP019371.1_prot_BBH71100.1_7785	iSDY_1059.SDY_0520	41.3	303	174	3	42	341	27	328	3.51e-64	206
lcl|AP019371.1_prot_BBH71100.1_7785	iSbBS512_1146.SbBS512_E0491	40.9	303	175	3	42	341	27	328	1.39e-63	204
lcl|AP019371.1_prot_BBH71100.1_7785	iSSON_1240.SSON_0540	40.9	303	175	3	42	341	27	328	2.76e-63	204
lcl|AP019371.1_prot_BBH71100.1_7785	iML1515.b0589	40.6	303	176	3	42	341	27	328	3.89e-63	203
lcl|AP019371.1_prot_BBH71100.1_7785	iSF_1195.SF0503	40.6	308	169	4	42	341	27	328	8.55e-62	200
lcl|AP019371.1_prot_BBH71100.1_7785	STM_v1_0.STM0591	40.8	309	179	3	36	341	20	327	1.17e-61	199
lcl|AP019371.1_prot_BBH71101.1_7786	iYL1228.KPN_00606	59.8	259	104	0	2	260	6	264	5.72e-109	315
lcl|AP019371.1_prot_BBH71101.1_7786	iSSON_1240.SSON_0539	58.7	259	107	0	1	259	5	263	7.26e-109	315
lcl|AP019371.1_prot_BBH71101.1_7786	iML1515.b0588	58.7	259	107	0	1	259	5	263	2.94e-108	313
lcl|AP019371.1_prot_BBH71101.1_7786	iSDY_1059.SDY_0519	58.7	259	107	0	1	259	5	263	2.94e-108	313
lcl|AP019371.1_prot_BBH71101.1_7786	iSbBS512_1146.SbBS512_E0489	58.3	259	108	0	1	259	5	263	2.40e-107	311
lcl|AP019371.1_prot_BBH71101.1_7786	iSF_1195.SF0502	58.3	259	108	0	1	259	5	263	2.40e-107	311
lcl|AP019371.1_prot_BBH71101.1_7786	STM_v1_0.STM0590	56.5	260	113	0	1	260	5	264	8.34e-104	302
lcl|AP019371.1_prot_BBH71101.1_7786	iSynCJ816.SGL_RS01940	57.0	251	108	0	9	259	15	265	6.87e-99	290
lcl|AP019371.1_prot_BBH71102.1_7787	STM_v1_0.STM0528	33.7	291	188	2	21	308	19	307	1.82e-41	147
lcl|AP019371.1_prot_BBH71102.1_7787	iML1515.b0517	31.7	312	208	2	21	329	19	328	2.65e-40	144
lcl|AP019371.1_prot_BBH71103.1_7788	iYO844.BSU36010	23.9	557	367	13	4	538	13	534	1.80e-24	107
lcl|AP019371.1_prot_BBH71105.1_7790	iCHOv1.100768751	41.6	418	216	5	6	395	51	468	4.08e-100	305
lcl|AP019371.1_prot_BBH71105.1_7790	iJN1463.PP_2910	41.2	388	227	1	8	395	6	392	5.15e-98	298
lcl|AP019371.1_prot_BBH71105.1_7790	iML1515.b2660	40.4	391	227	3	8	395	6	393	6.24e-95	290
lcl|AP019371.1_prot_BBH71106.1_7791	iAF692.Mbar_A2387	40.0	442	263	2	41	480	41	482	6.91e-96	298
lcl|AP019371.1_prot_BBH71109.1_7794	STM_v1_0.STM2050	32.0	103	69	1	28	130	226	327	6.35e-08	50.1
lcl|AP019371.1_prot_BBH71110.1_7795	iSynCJ816.SGL_RS04775	31.1	219	133	4	15	215	19	237	1.48e-18	82.4
lcl|AP019371.1_prot_BBH71111.1_7796	iCN900.CD630_11340	29.8	121	63	6	10	116	7	119	9.81e-05	38.9
lcl|AP019371.1_prot_BBH71112.1_7797	iYL1228.KPN_04788	30.5	259	161	8	1	253	1	246	4.62e-26	102
lcl|AP019371.1_prot_BBH71112.1_7797	STM_v1_0.STM1101	31.8	201	131	4	58	253	226	425	2.70e-24	100
lcl|AP019371.1_prot_BBH71113.1_7798	iYO844.BSU03910	43.4	459	254	3	13	466	2	459	8.62e-117	350
lcl|AP019371.1_prot_BBH71113.1_7798	iCN718.ABAYE_RS14730	41.7	463	267	2	4	463	15	477	4.21e-111	336
lcl|AP019371.1_prot_BBH71113.1_7798	iYL1228.KPN_00256	43.1	462	260	2	5	463	15	476	5.77e-111	336
lcl|AP019371.1_prot_BBH71113.1_7798	iML1515.b2661	42.0	462	265	2	5	463	15	476	3.64e-109	331
lcl|AP019371.1_prot_BBH71113.1_7798	iSSON_1240.SSON_2805	42.0	462	265	2	5	463	15	476	7.26e-109	330
lcl|AP019371.1_prot_BBH71113.1_7798	iAF987.Gmet_3395	41.3	463	269	2	4	463	15	477	6.12e-108	328
lcl|AP019371.1_prot_BBH71113.1_7798	iCN718.ABAYE_RS11770	40.8	463	271	2	4	463	14	476	8.91e-108	328
lcl|AP019371.1_prot_BBH71113.1_7798	iMM1415.214579	40.9	469	272	3	4	467	52	520	7.67e-107	327
lcl|AP019371.1_prot_BBH71113.1_7798	iJN1463.PP_0213	40.8	463	269	3	4	463	14	474	6.81e-106	323
lcl|AP019371.1_prot_BBH71113.1_7798	STM_v1_0.STM2791	41.0	463	270	2	4	463	14	476	9.04e-104	317
lcl|AP019371.1_prot_BBH71116.1_7801	iYO844.BSU35960	29.1	306	205	5	1	296	1	304	2.79e-32	121
lcl|AP019371.1_prot_BBH71116.1_7801	iNF517.LLMG_RS04070	30.2	265	181	4	39	301	59	321	4.20e-29	113
lcl|AP019371.1_prot_BBH71116.1_7801	STM_v1_0.STM3884	34.9	258	160	7	7	260	6	259	4.81e-29	112
lcl|AP019371.1_prot_BBH71116.1_7801	iML1515.b3751	34.9	258	160	7	7	260	6	259	1.30e-28	111
lcl|AP019371.1_prot_BBH71116.1_7801	iYL1228.KPN_04156	31.8	289	191	5	7	293	6	290	1.30e-28	111
lcl|AP019371.1_prot_BBH71117.1_7802	iYL1228.KPN_04155	41.4	297	167	3	23	314	23	317	1.77e-58	190
lcl|AP019371.1_prot_BBH71117.1_7802	iNF517.LLMG_RS04065	36.1	302	188	3	23	321	14	313	1.12e-57	188
lcl|AP019371.1_prot_BBH71117.1_7802	iML1515.b3750	41.1	297	168	3	23	314	23	317	3.89e-57	187
lcl|AP019371.1_prot_BBH71117.1_7802	iPC815.YPO2499	42.5	273	155	2	39	310	50	321	4.96e-57	187
lcl|AP019371.1_prot_BBH71117.1_7802	STM_v1_0.STM3883	40.4	297	170	3	23	314	23	317	3.35e-55	182
lcl|AP019371.1_prot_BBH71117.1_7802	iYO844.BSU35950	39.9	301	161	5	30	319	31	322	4.15e-53	176
lcl|AP019371.1_prot_BBH71117.1_7802	iCN900.CD630_03020	39.7	290	172	3	27	314	33	321	5.89e-52	174
lcl|AP019371.1_prot_BBH71118.1_7803	iPC815.YPO3964	36.6	500	299	4	1	490	6	497	5.14e-96	299
lcl|AP019371.1_prot_BBH71118.1_7803	iYO844.BSU35940	33.0	497	317	5	2	489	3	492	2.02e-91	286
lcl|AP019371.1_prot_BBH71118.1_7803	iLJ478.TM0956	33.0	500	321	6	1	487	12	510	1.41e-85	272
lcl|AP019371.1_prot_BBH71118.1_7803	iYL1228.KPN_04623	34.8	492	297	4	1	478	9	490	1.08e-85	272
lcl|AP019371.1_prot_BBH71118.1_7803	iPC815.YPO0958	33.8	488	313	2	2	483	6	489	8.12e-85	270
lcl|AP019371.1_prot_BBH71121.1_7806	iJN1463.PP_2513	46.8	346	168	7	1	337	11	349	8.71e-78	242
lcl|AP019371.1_prot_BBH71122.1_7807	iAF987.Gmet_0043	31.5	124	80	2	358	476	143	266	2.40e-06	49.7
lcl|AP019371.1_prot_BBH71123.1_7808	iAF987.Gmet_0069	36.8	125	71	3	3	121	5	127	8.46e-17	77.4
lcl|AP019371.1_prot_BBH71123.1_7808	iAF987.Gmet_1706	38.7	119	69	2	1	117	1	117	3.27e-16	75.9
lcl|AP019371.1_prot_BBH71123.1_7808	iAF987.Gmet_2999	33.3	123	80	1	3	123	10	132	5.04e-15	72.8
lcl|AP019371.1_prot_BBH71125.1_7810	iAF987.Gmet_3431	28.2	181	121	5	261	436	40	216	8.01e-11	62.4
lcl|AP019371.1_prot_BBH71131.1_7816	iLB1027_lipid.PHATRDRAFT_34317	30.1	103	56	2	1	87	49	151	9.80e-06	46.6
lcl|AP019371.1_prot_BBH71132.1_7817	iAF987.Gmet_2425	47.9	163	80	3	322	482	187	346	4.95e-32	125
lcl|AP019371.1_prot_BBH71132.1_7817	iAF987.Gmet_1298	45.7	164	87	2	319	480	181	344	1.76e-31	124
lcl|AP019371.1_prot_BBH71132.1_7817	iAF987.Gmet_0043	45.4	163	87	2	322	482	415	577	2.23e-28	118
lcl|AP019371.1_prot_BBH71132.1_7817	iAF987.Gmet_0069	43.9	171	79	3	319	480	139	301	1.84e-29	117
lcl|AP019371.1_prot_BBH71132.1_7817	iAF987.Gmet_2721	43.2	162	90	2	322	481	503	664	1.04e-27	116
lcl|AP019371.1_prot_BBH71132.1_7817	iJN1463.PP_1494	46.6	161	82	4	324	480	172	332	9.64e-29	115
lcl|AP019371.1_prot_BBH71132.1_7817	iAF987.Gmet_0773	43.8	160	89	1	322	480	157	316	9.66e-29	115
lcl|AP019371.1_prot_BBH71133.1_7818	iEK1008.Rv0386	41.8	419	211	11	254	653	189	593	2.91e-64	236
lcl|AP019371.1_prot_BBH71134.1_7819	iEK1008.Rv2936	50.3	312	146	3	23	328	7	315	2.60e-84	257
lcl|AP019371.1_prot_BBH71135.1_7820	iEK1008.Rv2937	22.7	277	190	7	15	272	7	278	8.98e-08	52.0
lcl|AP019371.1_prot_BBH71138.1_7823	iCN900.CD630_19470	42.7	220	124	1	8	225	9	228	3.00e-53	172
lcl|AP019371.1_prot_BBH71156.1_7841	iML1515.b1584	30.5	118	80	2	60	175	52	169	9.91e-11	57.8
lcl|AP019371.1_prot_BBH71156.1_7841	iYL1228.KPN_01583	29.7	118	81	2	60	175	52	169	6.92e-10	55.5
lcl|AP019371.1_prot_BBH71156.1_7841	STM_v1_0.STM1502	29.7	118	81	2	60	175	52	169	9.56e-10	55.1
lcl|AP019371.1_prot_BBH71163.1_7848	iAF987.Gmet_2721	35.2	193	114	3	108	292	474	663	1.11e-22	97.8
lcl|AP019371.1_prot_BBH71163.1_7848	iAF987.Gmet_0069	34.0	191	118	3	108	292	113	301	3.73e-22	94.0
lcl|AP019371.1_prot_BBH71163.1_7848	iJN1463.PP_1144	32.4	176	117	1	119	292	272	447	1.05e-20	92.0
lcl|AP019371.1_prot_BBH71163.1_7848	iAF987.Gmet_0043	36.9	160	94	2	139	292	417	575	1.66e-20	91.3
lcl|AP019371.1_prot_BBH71163.1_7848	iJN1463.PP_0129	37.0	173	95	3	128	292	476	642	5.88e-20	89.7
lcl|AP019371.1_prot_BBH71165.1_7850	iAF987.Gmet_2417	32.5	366	233	5	6	361	8	369	3.79e-48	168
lcl|AP019371.1_prot_BBH71166.1_7851	iYO844.BSU10270	40.2	528	282	8	2	515	1	508	3.08e-116	352
lcl|AP019371.1_prot_BBH71168.1_7853	iEK1008.Rv0411c	40.2	323	169	7	3	309	12	326	3.93e-71	223
lcl|AP019371.1_prot_BBH71170.1_7855	iSynCJ816.SGL_RS16190	26.4	303	174	12	163	431	5	292	1.99e-19	92.0
lcl|AP019371.1_prot_BBH71170.1_7855	iYS854.USA300HOU_RS06130	25.3	273	185	8	160	415	3	273	7.11e-18	87.8
lcl|AP019371.1_prot_BBH71173.1_7858	iSynCJ816.SGL_RS08610	45.1	51	27	1	130	179	25	75	2.55e-04	40.8
lcl|AP019371.1_prot_BBH71174.1_7859	iEK1008.Rv0386	26.7	345	204	14	86	403	190	512	1.44e-06	51.6
lcl|AP019371.1_prot_BBH71175.1_7860	iJN1463.PP_1380	25.2	242	167	6	1	240	1	230	9.84e-11	60.5
lcl|AP019371.1_prot_BBH71176.1_7861	STM_v1_0.STM0593	26.5	374	235	9	12	368	19	369	8.83e-08	53.5
lcl|AP019371.1_prot_BBH71176.1_7861	iYL1228.KPN_00609	27.2	372	235	10	12	368	19	369	8.48e-07	50.4
lcl|AP019371.1_prot_BBH71177.1_7862	iEK1008.Rv2701c	32.5	243	128	9	40	264	56	280	1.73e-13	68.6
lcl|AP019371.1_prot_BBH71177.1_7862	iJN1463.PP_0261	30.9	223	123	6	34	240	28	235	6.51e-13	66.6
lcl|AP019371.1_prot_BBH71179.1_7864	iEK1008.Rv2187	32.3	625	350	13	25	620	17	597	2.22e-90	291
lcl|AP019371.1_prot_BBH71179.1_7864	iEK1008.Rv1550	38.5	426	243	6	214	621	128	552	3.48e-81	266
lcl|AP019371.1_prot_BBH71184.1_7869	iSynCJ816.SGL_RS04365	35.7	84	52	2	143	225	109	191	3.12e-07	49.7
lcl|AP019371.1_prot_BBH71186.1_7871	iEK1008.Rv2252	42.3	300	159	3	6	299	14	305	6.20e-59	190
lcl|AP019371.1_prot_BBH71192.1_7877	iCN900.CD630_28320	22.9	292	192	9	26	309	38	304	1.63e-09	58.2
lcl|AP019371.1_prot_BBH71192.1_7877	iYL1228.KPN_04222	24.9	281	188	8	33	310	27	287	3.75e-09	56.6
lcl|AP019371.1_prot_BBH71194.1_7879	iCHOv1.100762102	38.8	206	118	4	12	212	57	259	2.60e-36	127
lcl|AP019371.1_prot_BBH71194.1_7879	iMM1415.69156	38.3	206	119	4	12	212	57	259	2.20e-34	122
lcl|AP019371.1_prot_BBH71203.1_7888	iAT_PLT_636.4905	43.3	201	94	5	239	432	220	407	4.68e-36	143
lcl|AP019371.1_prot_BBH71203.1_7888	iMM1415.18195	43.3	201	94	5	239	432	220	407	4.68e-36	143
lcl|AP019371.1_prot_BBH71209.1_7894	iJN1463.PP_1494	31.8	85	56	1	27	109	49	133	4.63e-04	40.0
lcl|AP019371.1_prot_BBH71211.1_7896	iML1515.b2293	34.5	197	117	4	5	197	7	195	5.52e-20	84.0
lcl|AP019371.1_prot_BBH71213.1_7898	iCN900.CD630_19470	48.4	221	112	1	10	228	8	228	2.17e-67	207
lcl|AP019371.1_prot_BBH71214.1_7899	iJN1463.PP_4210	27.6	203	136	5	649	845	457	654	2.02e-09	60.8
lcl|AP019371.1_prot_BBH71227.1_7912	iAF987.Gmet_0069	30.4	115	78	1	15	127	5	119	2.54e-06	47.0
lcl|AP019371.1_prot_BBH71230.1_7915	iJN1463.PP_1494	30.5	118	79	2	2	117	17	133	1.65e-07	50.4
lcl|AP019371.1_prot_BBH71230.1_7915	iAF987.Gmet_0069	32.2	118	76	2	4	118	4	120	5.19e-07	48.9
lcl|AP019371.1_prot_BBH71232.1_7917	iEK1008.Rv2130c	57.2	418	171	4	1	414	1	414	3.43e-162	462
lcl|AP019371.1_prot_BBH71235.1_7920	iSynCJ816.SGL_RS02245	29.0	214	135	6	4	205	227	435	1.65e-15	74.3
lcl|AP019371.1_prot_BBH71235.1_7920	iCN900.CD630_18140	26.9	208	141	4	3	205	4	205	2.55e-15	71.6
lcl|AP019371.1_prot_BBH71236.1_7921	iAF692.Mbar_A0254	29.5	329	199	10	11	325	1	310	3.47e-19	86.7
lcl|AP019371.1_prot_BBH71237.1_7922	iYL1228.KPN_02741	39.5	324	180	11	1	314	1	318	8.14e-46	157
lcl|AP019371.1_prot_BBH71237.1_7922	iYO844.BSU09530	32.4	296	186	4	1	290	1	288	7.72e-41	145
lcl|AP019371.1_prot_BBH71237.1_7922	iCN718.ABAYE_RS12975	32.9	353	195	9	1	319	1	345	4.39e-40	143
lcl|AP019371.1_prot_BBH71237.1_7922	iSF_1195.SF3047	34.0	332	201	9	1	322	13	336	8.05e-40	142
lcl|AP019371.1_prot_BBH71237.1_7922	iSSON_1240.SSON_3145	34.0	332	201	9	1	322	13	336	8.05e-40	142
lcl|AP019371.1_prot_BBH71240.1_7925	iCHOv1.100765707	25.1	434	268	13	10	432	13	400	3.09e-22	97.8
lcl|AP019371.1_prot_BBH71240.1_7925	iMM1415.109652	25.3	431	266	14	10	432	13	395	2.95e-22	97.8
lcl|AP019371.1_prot_BBH71244.1_7929	iCN900.CD630_20200	45.4	799	345	10	135	860	84	864	1.94e-214	629
lcl|AP019371.1_prot_BBH71257.1_7942	iMM904.YLR070C	32.2	115	73	2	166	278	172	283	2.56e-08	54.7
lcl|AP019371.1_prot_BBH71257.1_7942	iJN1463.PP_0552	36.4	110	65	3	156	264	172	277	8.22e-08	53.1
lcl|AP019371.1_prot_BBH71257.1_7942	iYO844.BSU06150	34.7	98	58	2	166	261	173	266	1.40e-06	49.3
lcl|AP019371.1_prot_BBH71258.1_7943	iAF692.Mbar_A1138	28.6	189	129	4	9	195	3	187	3.91e-14	71.6
lcl|AP019371.1_prot_BBH71258.1_7943	iAF987.Gmet_2352	29.9	134	93	1	9	142	6	138	8.53e-12	64.7
lcl|AP019371.1_prot_BBH71259.1_7944	iYS854.USA300HOU_RS13910	31.8	132	75	4	40	163	41	165	1.36e-06	49.3
lcl|AP019371.1_prot_BBH71260.1_7945	iAF692.Mbar_A3140	25.7	362	223	9	14	371	22	341	4.64e-23	99.8
lcl|AP019371.1_prot_BBH71271.1_7956	iSynCJ816.SGL_RS03425	50.8	63	24	2	42	97	306	368	6.06e-04	37.4
lcl|AP019371.1_prot_BBH71272.1_7957	iEK1008.Rv2848c	55.4	462	178	8	2	448	3	451	4.60e-147	426
lcl|AP019371.1_prot_BBH71273.1_7958	iEK1008.Rv2849c	65.2	207	64	2	1	199	1	207	2.17e-94	273
lcl|AP019371.1_prot_BBH71274.1_7959	iEK1008.Rv2850c	47.3	730	265	9	4	727	3	618	1.11e-167	496
lcl|AP019371.1_prot_BBH71275.1_7960	iJN1463.PP_4210	39.2	125	75	1	285	409	528	651	2.13e-14	74.7
lcl|AP019371.1_prot_BBH71276.1_7961	iJN1463.PP_4210	48.0	221	113	1	1	219	1	221	8.43e-56	187
lcl|AP019371.1_prot_BBH71282.1_7967	iYO844.BSU40060	39.7	489	286	8	4	489	5	487	3.93e-106	326
lcl|AP019371.1_prot_BBH71282.1_7967	iNF517.LLMG_RS12400	37.1	510	304	6	1	506	1	497	2.80e-96	300
lcl|AP019371.1_prot_BBH71282.1_7967	iYS854.USA300HOU_RS13575	36.1	488	307	5	1	486	1	485	9.29e-95	297
lcl|AP019371.1_prot_BBH71283.1_7968	iEK1008.Rv0896	67.3	422	138	0	6	427	10	431	7.50e-205	571
lcl|AP019371.1_prot_BBH71285.1_7970	iJN1463.PP_3581	40.1	471	266	5	289	750	220	683	9.08e-91	299
lcl|AP019371.1_prot_BBH71285.1_7970	iAF987.Gmet_0782	38.9	432	253	5	324	752	302	725	1.20e-88	295
lcl|AP019371.1_prot_BBH71285.1_7970	iAF987.Gmet_0957	38.4	453	263	7	303	747	171	615	1.24e-85	284
lcl|AP019371.1_prot_BBH71285.1_7970	iAF987.Gmet_3085	36.4	428	264	3	322	747	458	879	1.33e-82	282
lcl|AP019371.1_prot_BBH71289.1_7974	iAF987.Gmet_0549	30.2	116	81	0	96	211	683	798	1.21e-09	59.3
lcl|AP019371.1_prot_BBH71294.1_7979	iYS854.USA300HOU_RS12505	31.9	182	116	4	89	269	60	234	7.55e-21	91.3
lcl|AP019371.1_prot_BBH71295.1_7980	iAF987.Gmet_1706	38.5	65	40	0	2	66	3	67	5.16e-08	49.3
lcl|AP019371.1_prot_BBH71295.1_7980	iAF987.Gmet_0069	29.5	112	76	2	2	110	5	116	6.12e-07	46.2
lcl|AP019371.1_prot_BBH71296.1_7981	iAF987.Gmet_0043	31.0	113	75	3	607	716	153	265	1.62e-06	51.2
lcl|AP019371.1_prot_BBH71297.1_7982	iYS854.USA300HOU_RS14370	32.1	159	94	5	214	366	322	472	3.30e-11	64.3
lcl|AP019371.1_prot_BBH71301.1_7986	iEK1008.Rv2702	50.4	238	117	1	4	240	21	258	2.24e-76	232
lcl|AP019371.1_prot_BBH71302.1_7987	iEK1008.Rv1155	35.1	131	76	4	14	137	8	136	1.15e-17	74.3
lcl|AP019371.1_prot_BBH71307.1_7992	iEK1008.Rv1327c	55.2	674	272	9	1	648	14	683	3.59e-253	714
lcl|AP019371.1_prot_BBH71308.1_7993	iEK1008.Rv0126	84.4	596	80	3	2	584	5	600	0.0	1078
lcl|AP019371.1_prot_BBH71309.1_7994	iEK1008.Rv0127	65.2	445	143	4	3	437	11	453	4.84e-200	560
lcl|AP019371.1_prot_BBH71310.1_7995	iEK1008.Rv1326c	60.1	724	270	7	5	712	8	728	0.0	899
lcl|AP019371.1_prot_BBH71311.1_7996	iNF517.LLMG_RS04495	28.4	88	63	0	88	175	85	172	1.88e-08	51.2
lcl|AP019371.1_prot_BBH71311.1_7996	iYS854.USA300HOU_RS00270	30.7	88	61	0	88	175	76	163	2.13e-08	50.8
lcl|AP019371.1_prot_BBH71311.1_7996	STM_v1_0.STM1502	32.6	95	63	1	73	166	66	160	9.17e-07	46.6
lcl|AP019371.1_prot_BBH71313.1_7998	iEK1008.Rv0018c	49.6	238	119	1	1	238	4	240	4.37e-70	223
lcl|AP019371.1_prot_BBH71314.1_7999	iEK1008.Rv0386	31.7	145	84	4	179	314	945	1083	3.42e-06	48.5
lcl|AP019371.1_prot_BBH71315.1_8000	iHN637.CLJU_RS10465	43.8	80	41	3	645	722	475	552	3.19e-09	60.1
lcl|AP019371.1_prot_BBH71316.1_8001	iYS854.USA300HOU_RS06130	32.9	252	155	6	25	267	10	256	1.35e-30	126
lcl|AP019371.1_prot_BBH71320.1_8005	iYL1228.KPN_02905	30.4	79	46	2	50	128	41	110	4.12e-04	38.5
lcl|AP019371.1_prot_BBH71321.1_8006	iLJ478.TM0010	25.7	412	268	8	56	444	163	559	7.84e-32	128
lcl|AP019371.1_prot_BBH71321.1_8006	iAF987.Gmet_2080	25.2	436	284	8	37	444	158	579	1.65e-31	127
lcl|AP019371.1_prot_BBH71321.1_8006	iHN637.CLJU_RS03465	24.5	416	269	9	56	444	165	562	1.52e-30	124
lcl|AP019371.1_prot_BBH71321.1_8006	iCN900.CD630_34060	25.5	428	281	9	41	444	178	591	5.74e-30	123
lcl|AP019371.1_prot_BBH71321.1_8006	iLJ478.TM1425	25.5	428	270	8	56	455	194	600	3.38e-29	120
lcl|AP019371.1_prot_BBH71326.1_8011	iAF987.Gmet_0957	31.0	290	182	4	213	487	65	351	5.68e-34	135
lcl|AP019371.1_prot_BBH71326.1_8011	iAF987.Gmet_1706	41.2	187	107	1	301	487	121	304	1.26e-34	132
lcl|AP019371.1_prot_BBH71326.1_8011	iJN1463.PP_3581	42.6	162	90	2	327	487	257	416	1.50e-32	131
lcl|AP019371.1_prot_BBH71326.1_8011	iAF987.Gmet_3085	42.0	162	93	1	327	487	454	615	6.90e-32	129
lcl|AP019371.1_prot_BBH71326.1_8011	iAF987.Gmet_2629	43.2	162	92	0	327	488	380	541	2.05e-31	128
lcl|AP019371.1_prot_BBH71326.1_8011	iAF987.Gmet_0782	41.6	161	94	0	327	487	296	456	3.23e-31	127
lcl|AP019371.1_prot_BBH71326.1_8011	iAF987.Gmet_0700	36.4	236	125	4	277	487	314	549	6.63e-31	126
lcl|AP019371.1_prot_BBH71326.1_8011	iJN1463.PP_4670	43.8	160	89	1	327	485	242	401	1.18e-31	125
lcl|AP019371.1_prot_BBH71326.1_8011	iAF987.Gmet_0987	42.9	161	92	0	327	487	355	515	2.07e-30	125
lcl|AP019371.1_prot_BBH71328.1_8013	iAF987.Gmet_2075	38.9	386	222	5	5	379	9	391	1.24e-78	246
lcl|AP019371.1_prot_BBH71328.1_8013	iEK1008.Rv0400c	37.7	377	222	4	13	379	21	394	1.91e-78	246
lcl|AP019371.1_prot_BBH71329.1_8014	iAF987.Gmet_2942	58.4	286	119	0	11	296	1	286	3.60e-110	342
lcl|AP019371.1_prot_BBH71329.1_8014	iSynCJ816.SGL_RS14290	54.2	286	131	0	11	296	3	288	6.11e-105	328
lcl|AP019371.1_prot_BBH71329.1_8014	iCN900.CD630_24330	53.8	286	132	0	11	296	1	286	1.03e-102	322
lcl|AP019371.1_prot_BBH71329.1_8014	iCN718.ABAYE_RS02360	51.3	310	147	1	12	317	10	319	4.54e-101	319
lcl|AP019371.1_prot_BBH71329.1_8014	iJN1463.PP_0061	52.7	296	136	1	12	303	10	305	3.38e-100	317
lcl|AP019371.1_prot_BBH71329.1_8014	iSynCJ816.SGL_RS13565	34.0	721	402	17	318	981	4	707	2.68e-94	314
lcl|AP019371.1_prot_BBH71329.1_8014	iPC815.YPO4071	33.4	692	439	9	318	993	4	689	3.28e-94	313
lcl|AP019371.1_prot_BBH71329.1_8014	iAF987.Gmet_2941	33.7	691	434	8	318	992	2	684	5.88e-94	312
lcl|AP019371.1_prot_BBH71329.1_8014	iNF517.LLMG_RS07455	52.8	286	135	0	11	296	6	291	7.54e-98	310
lcl|AP019371.1_prot_BBH71332.1_8017	iCN718.ABAYE_RS04670	45.8	347	173	4	38	370	28	373	5.14e-96	290
lcl|AP019371.1_prot_BBH71334.1_8019	iEK1008.Rv0545c	60.9	386	128	3	1	385	8	371	2.43e-145	419
lcl|AP019371.1_prot_BBH71335.1_8020	iYL1228.KPN_00869	26.0	285	139	13	47	326	34	251	2.07e-11	65.9
lcl|AP019371.1_prot_BBH71336.1_8021	iYO844.BSU39720	30.3	145	75	3	158	280	138	278	8.97e-11	61.2
lcl|AP019371.1_prot_BBH71337.1_8022	iCHOv1.100759906	32.3	434	268	7	13	421	71	503	2.37e-64	214
lcl|AP019371.1_prot_BBH71337.1_8022	iEK1008.Rv1655	36.1	410	218	12	2	407	10	379	2.56e-63	209
lcl|AP019371.1_prot_BBH71337.1_8022	iMM1415.268782	32.9	425	233	8	36	409	97	520	1.32e-61	208
lcl|AP019371.1_prot_BBH71337.1_8022	iJN1463.PP_0214	35.4	429	258	10	2	423	7	423	3.69e-62	206
lcl|AP019371.1_prot_BBH71337.1_8022	iYL1228.KPN_03825	39.3	394	215	11	36	418	36	416	5.34e-60	201
lcl|AP019371.1_prot_BBH71337.1_8022	iYO844.BSU11220	35.7	406	224	9	19	422	8	378	3.25e-59	197
lcl|AP019371.1_prot_BBH71337.1_8022	iSSON_1240.SSON_2806	36.8	400	236	10	33	424	34	424	1.33e-57	194
lcl|AP019371.1_prot_BBH71338.1_8023	iAT_PLT_636.51166	24.6	305	188	8	102	366	75	377	6.66e-15	76.3
lcl|AP019371.1_prot_BBH71338.1_8023	iMM1415.23923	24.7	304	189	8	102	366	36	338	1.82e-14	74.7
lcl|AP019371.1_prot_BBH71338.1_8023	iAF692.Mbar_A3133	25.2	318	208	12	118	420	49	351	7.87e-13	69.3
lcl|AP019371.1_prot_BBH71339.1_8024	iAF987.Gmet_0710	39.4	284	157	3	10	279	8	290	5.44e-66	207
lcl|AP019371.1_prot_BBH71340.1_8025	iCN900.CD630_31780	44.5	463	250	6	1	462	1	457	3.37e-129	382
lcl|AP019371.1_prot_BBH71340.1_8025	iCN900.CD630_20830	42.7	466	252	10	1	462	1	455	3.26e-122	363
lcl|AP019371.1_prot_BBH71341.1_8026	iAF692.Mbar_A0254	27.5	334	226	7	1	327	1	325	3.63e-34	127
lcl|AP019371.1_prot_BBH71342.1_8027	iCN900.CD630_19800	24.6	195	141	3	72	266	65	253	4.71e-13	67.0
lcl|AP019371.1_prot_BBH71342.1_8027	iYO844.BSU08850	30.4	194	129	3	77	270	88	275	1.70e-11	62.8
lcl|AP019371.1_prot_BBH71343.1_8028	iAF987.Gmet_1899	47.5	223	115	1	4	226	7	227	8.46e-67	207
lcl|AP019371.1_prot_BBH71343.1_8028	iJN1463.PP_0209	50.7	213	102	2	6	217	11	221	6.20e-63	198
lcl|AP019371.1_prot_BBH71343.1_8028	iSynCJ816.SGL_RS16580	47.8	226	113	3	4	226	5	228	5.64e-57	192
lcl|AP019371.1_prot_BBH71343.1_8028	iSynCJ816.SGL_RS05565	46.0	226	119	2	6	231	5	227	3.08e-59	188
lcl|AP019371.1_prot_BBH71344.1_8029	iCN718.ABAYE_RS19055	29.8	248	165	5	2	245	17	259	1.06e-18	82.4
lcl|AP019371.1_prot_BBH71344.1_8029	iJN1463.PP_0239	33.9	192	120	4	5	192	13	201	1.34e-16	76.6
lcl|AP019371.1_prot_BBH71345.1_8030	iCN900.CD630_19790	24.2	244	164	6	41	278	42	270	1.90e-11	64.3
lcl|AP019371.1_prot_BBH71349.1_8034	iAF987.Gmet_3085	42.3	440	230	9	314	739	450	879	4.78e-79	271
lcl|AP019371.1_prot_BBH71349.1_8034	iAF987.Gmet_0957	41.1	435	233	9	317	738	189	613	8.11e-77	259
lcl|AP019371.1_prot_BBH71349.1_8034	iAF987.Gmet_0700	39.4	439	245	8	313	739	384	813	2.81e-75	259
lcl|AP019371.1_prot_BBH71349.1_8034	iAF987.Gmet_2629	38.2	435	249	6	317	740	379	804	7.49e-75	258
lcl|AP019371.1_prot_BBH71349.1_8034	iAF987.Gmet_0987	38.0	447	255	9	317	751	354	790	3.88e-71	248
lcl|AP019371.1_prot_BBH71349.1_8034	iAF987.Gmet_0782	38.4	435	246	10	312	734	291	715	2.87e-71	247
lcl|AP019371.1_prot_BBH71351.1_8036	iYS854.USA300HOU_RS06130	29.3	259	167	5	9	256	3	256	5.51e-25	107
lcl|AP019371.1_prot_BBH71352.1_8037	iYO844.BSU35960	29.8	205	128	8	87	280	50	249	8.58e-12	64.7
lcl|AP019371.1_prot_BBH71352.1_8037	iYL1228.KPN_04156	32.5	166	93	5	165	317	121	280	1.96e-11	63.5
lcl|AP019371.1_prot_BBH71352.1_8037	STM_v1_0.STM3884	30.4	181	100	7	165	326	121	294	1.57e-10	60.8
lcl|AP019371.1_prot_BBH71352.1_8037	iML1515.b3751	30.5	167	95	6	165	317	121	280	2.11e-10	60.5
lcl|AP019371.1_prot_BBH71354.1_8039	iEK1008.Rv1436	55.8	337	139	5	1	328	3	338	8.58e-120	348
lcl|AP019371.1_prot_BBH71354.1_8039	iYO844.BSU33940	54.8	323	143	2	1	320	3	325	6.55e-116	338
lcl|AP019371.1_prot_BBH71354.1_8039	iAF987.Gmet_1946	52.4	328	153	2	1	325	3	330	9.35e-115	335
lcl|AP019371.1_prot_BBH71354.1_8039	iYO844.BSU29020	51.5	326	155	2	1	323	3	328	1.78e-109	322
lcl|AP019371.1_prot_BBH71354.1_8039	iHN637.CLJU_RS19275	51.1	325	154	3	1	320	2	326	8.63e-109	320
lcl|AP019371.1_prot_BBH71354.1_8039	iJN1463.PP_1009	54.1	333	145	4	1	328	3	332	3.03e-106	313
lcl|AP019371.1_prot_BBH71355.1_8040	iML1515.b3751	26.0	246	157	7	64	296	29	262	9.28e-10	58.5
lcl|AP019371.1_prot_BBH71355.1_8040	STM_v1_0.STM3884	27.3	245	155	7	64	296	29	262	9.28e-10	58.5
lcl|AP019371.1_prot_BBH71355.1_8040	iYL1228.KPN_04156	25.9	224	151	5	64	281	29	243	5.41e-09	56.2
lcl|AP019371.1_prot_BBH71357.1_8042	iJN1463.PP_2545	36.5	85	51	2	44	128	44	125	3.47e-06	47.0
lcl|AP019371.1_prot_BBH71360.1_8045	iEK1008.Rv1187	64.9	536	185	2	3	536	7	541	6.14e-243	677
lcl|AP019371.1_prot_BBH71361.1_8046	iSynCJ816.SGL_RS07665	46.6	232	124	0	2	233	4	235	9.04e-69	211
lcl|AP019371.1_prot_BBH71362.1_8047	iSynCJ816.SGL_RS14000	49.4	251	122	2	3	248	15	265	1.98e-74	227
lcl|AP019371.1_prot_BBH71363.1_8048	iSynCJ816.SGL_RS12165	35.8	371	166	11	11	319	9	369	1.16e-51	174
lcl|AP019371.1_prot_BBH71364.1_8049	iSynCJ816.SGL_RS11390	32.0	281	190	1	138	418	3	282	1.73e-39	142
lcl|AP019371.1_prot_BBH71365.1_8050	iSynCJ816.SGL_RS14915	29.5	387	247	10	44	409	63	444	6.43e-24	102
lcl|AP019371.1_prot_BBH71370.1_8055	iAF692.Mbar_A1138	29.2	120	81	2	4	123	3	118	2.27e-06	48.5
lcl|AP019371.1_prot_BBH71371.1_8056	iYL1228.KPN_01587	38.7	476	266	13	14	468	10	480	1.37e-80	258
lcl|AP019371.1_prot_BBH71371.1_8056	STM_v1_0.STM3136	37.4	462	266	9	28	468	26	485	2.66e-77	249
lcl|AP019371.1_prot_BBH71371.1_8056	iML1515.b4323	36.9	480	276	11	11	468	9	483	1.01e-75	245
lcl|AP019371.1_prot_BBH71371.1_8056	iSSON_1240.SSON_4478	36.9	480	276	11	11	468	9	483	1.01e-75	245
lcl|AP019371.1_prot_BBH71371.1_8056	iSbBS512_1146.SbBS512_E4791	36.9	480	276	11	11	468	9	483	1.42e-75	244
lcl|AP019371.1_prot_BBH71371.1_8056	iSF_1195.SF4197	36.5	480	278	11	11	468	9	483	4.23e-74	241
lcl|AP019371.1_prot_BBH71372.1_8057	iLJ478.TM0064	32.2	453	288	8	13	461	12	449	1.98e-74	240
lcl|AP019371.1_prot_BBH71373.1_8058	STM_v1_0.STM4425	29.6	199	122	5	11	208	7	188	4.23e-14	72.8
lcl|AP019371.1_prot_BBH71373.1_8058	iYL1228.KPN_04675	33.1	148	86	4	67	212	82	218	1.23e-13	71.6
lcl|AP019371.1_prot_BBH71373.1_8058	iYL1228.KPN_00507	28.6	210	132	4	7	216	4	195	1.01e-13	71.6
lcl|AP019371.1_prot_BBH71373.1_8058	STM_v1_0.STM4433	27.2	151	101	2	68	216	56	199	1.09e-12	68.6
lcl|AP019371.1_prot_BBH71375.1_8060	iYO844.BSU06970	26.6	398	284	4	28	420	21	415	7.47e-41	150
lcl|AP019371.1_prot_BBH71376.1_8061	iYO844.BSU06980	48.5	297	149	2	31	326	16	309	2.38e-104	307
lcl|AP019371.1_prot_BBH71377.1_8062	iYO844.BSU06990	44.6	267	138	5	10	272	36	296	7.59e-73	224
lcl|AP019371.1_prot_BBH71379.1_8064	iJN1463.PP_2514	36.8	163	98	3	11	172	33	191	2.88e-23	92.8
lcl|AP019371.1_prot_BBH71381.1_8066	iYL1228.KPN_03021	37.4	182	112	2	9	189	5	185	5.38e-33	116
lcl|AP019371.1_prot_BBH71381.1_8066	iSF_1195.SF2717	35.7	182	115	2	9	189	5	185	2.37e-31	112
lcl|AP019371.1_prot_BBH71381.1_8066	iML1515.b2690	35.2	182	116	2	9	189	5	185	6.65e-31	111
lcl|AP019371.1_prot_BBH71381.1_8066	iSDY_1059.SDY_2887	35.7	182	115	2	9	189	5	185	6.65e-31	111
lcl|AP019371.1_prot_BBH71381.1_8066	iSSON_1240.SSON_2834	35.2	182	116	2	9	189	5	185	6.65e-31	111
lcl|AP019371.1_prot_BBH71381.1_8066	STM_v1_0.STM2820	36.3	182	114	2	9	189	5	185	3.71e-30	109
lcl|AP019371.1_prot_BBH71381.1_8066	iSbBS512_1146.SbBS512_E3186	35.2	182	115	3	9	189	5	184	2.83e-29	107
lcl|AP019371.1_prot_BBH71387.1_8072	iEK1008.Rv3802c	29.6	162	81	5	36	170	72	227	3.98e-07	49.3
lcl|AP019371.1_prot_BBH71392.1_8077	iML1515.b1199	41.1	197	116	0	10	206	9	205	1.18e-39	134
lcl|AP019371.1_prot_BBH71392.1_8077	iSbBS512_1146.SbBS512_E1358	41.1	197	116	0	10	206	9	205	1.18e-39	134
lcl|AP019371.1_prot_BBH71392.1_8077	iSF_1195.SF1202	41.1	197	116	0	10	206	9	205	1.67e-39	134
lcl|AP019371.1_prot_BBH71392.1_8077	iYL1228.KPN_03496	41.1	197	116	0	10	206	9	205	1.33e-38	132
lcl|AP019371.1_prot_BBH71392.1_8077	iNF517.LLMG_RS01350	44.2	199	95	3	10	208	8	190	8.06e-39	132
lcl|AP019371.1_prot_BBH71393.1_8078	iYL1228.KPN_03495	52.4	355	143	1	1	329	1	355	6.14e-117	341
lcl|AP019371.1_prot_BBH71393.1_8078	iSF_1195.SF1203	51.5	355	146	1	1	329	11	365	1.72e-116	340
lcl|AP019371.1_prot_BBH71393.1_8078	iSbBS512_1146.SbBS512_E1359	51.5	355	146	1	1	329	1	355	3.81e-116	340
lcl|AP019371.1_prot_BBH71393.1_8078	iML1515.b1200	51.5	355	146	1	1	329	1	355	3.51e-116	339
lcl|AP019371.1_prot_BBH71394.1_8079	iML1515.b1198	40.2	117	63	3	3	112	1	117	4.45e-14	67.0
lcl|AP019371.1_prot_BBH71394.1_8079	iSbBS512_1146.SbBS512_E1357	40.2	117	63	3	3	112	1	117	4.45e-14	67.0
lcl|AP019371.1_prot_BBH71394.1_8079	iSF_1195.SF1201	40.2	117	63	3	3	112	1	117	4.45e-14	67.0
lcl|AP019371.1_prot_BBH71394.1_8079	iYL1228.KPN_03497	39.5	124	67	4	3	118	1	124	2.10e-13	65.1
lcl|AP019371.1_prot_BBH71394.1_8079	iNF517.LLMG_RS01355	34.5	113	72	2	5	117	4	114	1.65e-14	64.7
lcl|AP019371.1_prot_BBH71395.1_8080	iML1515.b2415	41.5	65	38	0	6	70	5	69	1.38e-11	54.7
lcl|AP019371.1_prot_BBH71395.1_8080	STM_v1_0.STM2431	41.5	65	38	0	6	70	5	69	1.38e-11	54.7
lcl|AP019371.1_prot_BBH71395.1_8080	iSbBS512_1146.SbBS512_E2765	41.5	65	38	0	6	70	5	69	1.38e-11	54.7
lcl|AP019371.1_prot_BBH71395.1_8080	iSDY_1059.SDY_2612	41.5	65	38	0	6	70	5	69	1.38e-11	54.7
lcl|AP019371.1_prot_BBH71395.1_8080	iSF_1195.SF2470	41.5	65	38	0	6	70	5	69	1.38e-11	54.7
lcl|AP019371.1_prot_BBH71395.1_8080	iSSON_1240.SSON_2504	41.5	65	38	0	6	70	5	69	1.38e-11	54.7
lcl|AP019371.1_prot_BBH71395.1_8080	iYL1228.KPN_02762	41.5	65	38	0	6	70	5	69	2.78e-11	53.9
lcl|AP019371.1_prot_BBH71395.1_8080	iPC815.YPO2993	40.0	65	39	0	6	70	5	69	5.56e-11	53.1
lcl|AP019371.1_prot_BBH71396.1_8081	iLJ478.TM0070	40.3	293	156	7	51	326	45	335	1.13e-60	201
lcl|AP019371.1_prot_BBH71397.1_8082	iEK1008.Rv2524c	51.1	47	20	1	189	232	1223	1269	3.30e-07	51.2
lcl|AP019371.1_prot_BBH71397.1_8082	iEK1008.Rv3538	26.5	196	123	7	62	242	47	236	3.93e-06	47.0
lcl|AP019371.1_prot_BBH71398.1_8083	iCN718.ABAYE_RS07935	54.8	467	186	6	1	446	1	463	8.85e-148	428
lcl|AP019371.1_prot_BBH71399.1_8084	iCN718.ABAYE_RS07930	70.4	426	120	3	4	425	99	522	3.31e-201	565
lcl|AP019371.1_prot_BBH71399.1_8084	iEK1008.Rv0243	69.5	429	120	4	5	424	13	439	1.54e-196	550
lcl|AP019371.1_prot_BBH71400.1_8085	iYO844.BSU37170	40.4	401	203	10	7	398	5	378	2.16e-76	241
lcl|AP019371.1_prot_BBH71400.1_8085	iCN900.CD630_10540	40.4	396	207	10	5	394	1	373	1.13e-72	231
lcl|AP019371.1_prot_BBH71400.1_8085	iCHOv1.100774097	38.4	393	218	8	5	394	32	403	6.27e-71	228
lcl|AP019371.1_prot_BBH71400.1_8085	iYO844.BSU24150	38.8	400	217	10	5	399	1	377	5.03e-71	227
lcl|AP019371.1_prot_BBH71400.1_8085	iJN1463.PP_2216	39.4	393	212	9	7	395	3	373	6.34e-71	227
lcl|AP019371.1_prot_BBH71400.1_8085	iAF987.Gmet_1715	37.6	394	220	9	6	395	4	375	5.54e-70	224
lcl|AP019371.1_prot_BBH71400.1_8085	iMM1415.11409	37.7	393	221	8	5	394	32	403	4.51e-67	218
lcl|AP019371.1_prot_BBH71401.1_8086	iEK1008.Rv1427c	43.1	522	276	4	11	512	12	532	1.50e-128	384
lcl|AP019371.1_prot_BBH71401.1_8086	iEK1008.Rv0270	41.6	488	258	4	48	509	71	557	3.55e-118	358
lcl|AP019371.1_prot_BBH71402.1_8087	iSynCJ816.SGL_RS07245	39.3	244	143	3	9	251	7	246	1.20e-39	137
lcl|AP019371.1_prot_BBH71402.1_8087	iYO844.BSU15910	36.1	244	155	1	8	251	4	246	1.39e-37	132
lcl|AP019371.1_prot_BBH71402.1_8087	iAF987.Gmet_1601	40.4	245	140	4	9	251	6	246	1.08e-36	130
lcl|AP019371.1_prot_BBH71402.1_8087	iHN637.CLJU_RS20765	38.8	245	145	3	9	251	7	248	4.79e-35	125
lcl|AP019371.1_prot_BBH71405.1_8090	iSynCJ816.SGL_RS18325	24.6	236	146	4	6	220	16	240	1.02e-11	65.9
lcl|AP019371.1_prot_BBH71405.1_8090	iLJ478.TM0869	32.4	139	92	2	3	139	15	153	1.70e-11	65.1
lcl|AP019371.1_prot_BBH71407.1_8092	iNF517.LLMG_RS11240	34.3	268	158	5	48	307	56	313	3.52e-37	134
lcl|AP019371.1_prot_BBH71408.1_8093	iEK1008.Rv1635c	24.3	383	270	6	21	386	59	438	4.64e-19	89.7
lcl|AP019371.1_prot_BBH71411.1_8096	iHN637.CLJU_RS00605	23.2	293	163	9	227	505	44	288	2.58e-11	66.6
lcl|AP019371.1_prot_BBH71413.1_8098	iML1515.b1489	27.9	129	89	3	25	152	17	142	3.89e-06	48.9
lcl|AP019371.1_prot_BBH71413.1_8098	iSbBS512_1146.SbBS512_E1752	27.9	129	89	3	25	152	25	150	3.90e-06	48.9
lcl|AP019371.1_prot_BBH71413.1_8098	iSSON_1240.SSON_1635	27.9	129	89	3	25	152	25	150	3.90e-06	48.9
lcl|AP019371.1_prot_BBH71414.1_8099	iJN1463.PP_3581	36.6	423	259	5	131	545	259	680	7.20e-66	226
lcl|AP019371.1_prot_BBH71414.1_8099	iAF987.Gmet_2629	34.9	416	262	5	138	545	389	803	2.53e-61	216
lcl|AP019371.1_prot_BBH71414.1_8099	iAF987.Gmet_0957	34.5	432	260	6	130	545	191	615	6.44e-62	214
lcl|AP019371.1_prot_BBH71414.1_8099	iAF987.Gmet_0700	35.6	416	260	5	138	545	398	813	6.06e-60	212
lcl|AP019371.1_prot_BBH71414.1_8099	iAF987.Gmet_0987	36.1	421	251	6	138	545	364	779	8.56e-60	211
lcl|AP019371.1_prot_BBH71414.1_8099	iJN1463.PP_0914	34.9	410	259	4	138	539	263	672	3.20e-60	211
lcl|AP019371.1_prot_BBH71414.1_8099	iAF987.Gmet_0782	34.5	417	263	5	138	545	305	720	1.46e-58	207
lcl|AP019371.1_prot_BBH71415.1_8100	iCN718.ABAYE_RS13085	38.7	475	282	7	6	474	26	497	2.20e-109	333
lcl|AP019371.1_prot_BBH71415.1_8100	iCN718.ABAYE_RS13050	37.2	479	284	9	6	474	25	496	2.69e-100	310
lcl|AP019371.1_prot_BBH71416.1_8101	iEK1008.Rv3409c	58.2	567	217	7	1	547	1	567	2.77e-223	629
lcl|AP019371.1_prot_BBH71417.1_8102	iJN1463.PP_0553	30.3	241	143	6	6	239	126	348	3.11e-12	65.5
lcl|AP019371.1_prot_BBH71419.1_8104	STM_v1_0.STM1221	38.5	244	132	8	9	247	36	266	7.80e-40	138
lcl|AP019371.1_prot_BBH71420.1_8105	iEK1008.Rv3089	34.2	524	295	12	9	516	6	495	8.94e-80	258
lcl|AP019371.1_prot_BBH71420.1_8105	iEK1008.Rv0166	37.1	515	291	13	12	515	34	526	4.51e-79	257
lcl|AP019371.1_prot_BBH71420.1_8105	iYO844.BSU10270	31.9	539	293	9	14	517	11	510	8.83e-79	255
lcl|AP019371.1_prot_BBH71420.1_8105	iYO844.BSU30790	33.0	512	301	8	8	516	7	479	8.67e-79	254
lcl|AP019371.1_prot_BBH71421.1_8106	iJN1463.PP_4817	50.4	135	66	1	11	144	9	143	9.66e-40	130
lcl|AP019371.1_prot_BBH71423.1_8108	iEK1008.Rv3502c	41.3	283	134	7	2	267	17	284	8.50e-43	149
lcl|AP019371.1_prot_BBH71423.1_8108	iAF987.Gmet_1601	37.9	253	141	6	1	248	1	242	2.76e-39	137
lcl|AP019371.1_prot_BBH71425.1_8110	iSynCJ816.SGL_RS07160	29.0	449	283	8	17	438	13	452	5.27e-39	147
lcl|AP019371.1_prot_BBH71425.1_8110	iAF987.Gmet_0075	30.6	487	298	13	1	458	1	476	1.95e-38	145
lcl|AP019371.1_prot_BBH71425.1_8110	iNF517.LLMG_RS00935	28.7	484	305	10	1	456	1	472	2.53e-37	142
lcl|AP019371.1_prot_BBH71425.1_8110	iAF692.Mbar_A0883	30.3	412	253	9	69	455	59	461	2.75e-36	139
lcl|AP019371.1_prot_BBH71425.1_8110	iJN1463.PP_0931	29.6	459	288	8	7	439	5	454	7.24e-35	135
lcl|AP019371.1_prot_BBH71425.1_8110	iYL1228.KPN_01770	29.9	475	291	14	1	456	1	452	1.07e-34	134
lcl|AP019371.1_prot_BBH71425.1_8110	iEK1008.Rv1263	39.2	237	127	5	17	253	20	239	6.84e-34	132
lcl|AP019371.1_prot_BBH71429.1_8114	iEK1008.Rv1281c	45.9	242	118	4	8	238	367	606	1.79e-46	162
lcl|AP019371.1_prot_BBH71429.1_8114	iYS854.USA300HOU_RS04905	37.6	255	142	3	1	238	6	260	8.38e-48	160
lcl|AP019371.1_prot_BBH71429.1_8114	STM_v1_0.STM0848	43.6	234	114	3	17	236	339	568	7.25e-45	158
lcl|AP019371.1_prot_BBH71429.1_8114	iPC815.YPO3999	44.0	232	118	3	17	237	58	288	9.69e-47	158
lcl|AP019371.1_prot_BBH71429.1_8114	STM_v1_0.STM3626	42.9	231	122	2	17	237	37	267	1.65e-46	157
lcl|AP019371.1_prot_BBH71429.1_8114	iSDY_1059.SDY_4563	42.4	231	123	2	17	237	37	267	1.54e-46	157
lcl|AP019371.1_prot_BBH71429.1_8114	iSDY_1059.SDY_0758	43.3	240	124	3	8	236	319	557	1.72e-44	157
lcl|AP019371.1_prot_BBH71429.1_8114	iSF_1195.SF3575	42.4	231	123	2	17	237	37	267	1.54e-46	157
lcl|AP019371.1_prot_BBH71429.1_8114	iSSON_1240.SSON_3850	42.4	231	123	2	17	237	37	267	1.54e-46	157
lcl|AP019371.1_prot_BBH71429.1_8114	iML1515.b0829	42.9	240	125	3	8	236	330	568	7.03e-44	155
lcl|AP019371.1_prot_BBH71429.1_8114	iYL1228.KPN_03895	42.4	231	123	2	17	237	37	267	6.48e-46	155
lcl|AP019371.1_prot_BBH71429.1_8114	iSbBS512_1146.SbBS512_E2519	42.9	240	125	3	8	236	330	568	7.03e-44	155
lcl|AP019371.1_prot_BBH71429.1_8114	iSSON_1240.SSON_0811	42.9	240	125	3	8	236	319	557	6.32e-44	155
lcl|AP019371.1_prot_BBH71429.1_8114	iJN1463.PP_0878	44.3	230	118	2	17	236	29	258	6.37e-46	155
lcl|AP019371.1_prot_BBH71429.1_8114	iLJ478.TM1063	43.8	267	119	9	2	238	3	268	1.00e-45	155
lcl|AP019371.1_prot_BBH71429.1_8114	iML1515.b3540	42.0	231	124	2	17	237	37	267	1.19e-45	155
lcl|AP019371.1_prot_BBH71429.1_8114	iYL1228.KPN_00862	41.4	261	122	4	2	236	310	565	1.30e-43	155
lcl|AP019371.1_prot_BBH71429.1_8114	STM_v1_0.STM1742	42.0	262	128	3	1	238	10	271	1.68e-45	154
lcl|AP019371.1_prot_BBH71429.1_8114	iLJ478.TM1750	39.5	253	139	3	2	240	13	265	2.05e-45	154
lcl|AP019371.1_prot_BBH71429.1_8114	iSF_1195.SF0779	42.5	240	126	3	8	236	319	557	6.13e-43	153
lcl|AP019371.1_prot_BBH71429.1_8114	iYL1228.KPN_02193	40.8	262	131	4	1	238	10	271	1.30e-44	152
lcl|AP019371.1_prot_BBH71429.1_8114	iLJ478.TM0057	43.5	262	123	6	2	238	3	264	1.43e-44	152
lcl|AP019371.1_prot_BBH71429.1_8114	iML1515.b1247	41.2	262	130	3	1	238	10	271	2.57e-44	151
lcl|AP019371.1_prot_BBH71429.1_8114	iSDY_1059.SDY_1305	41.2	262	130	3	1	238	10	271	2.57e-44	151
lcl|AP019371.1_prot_BBH71429.1_8114	iSF_1195.SF1248	41.2	262	130	3	1	238	10	271	2.57e-44	151
lcl|AP019371.1_prot_BBH71429.1_8114	iSSON_1240.SSON_1933	40.8	262	131	3	1	238	10	271	3.62e-44	151
lcl|AP019371.1_prot_BBH71429.1_8114	iSbBS512_1146.SbBS512_E1416	41.2	262	130	3	1	238	10	271	5.09e-44	150
lcl|AP019371.1_prot_BBH71429.1_8114	iML1515.b2180	43.7	229	117	4	16	233	300	527	3.31e-41	147
lcl|AP019371.1_prot_BBH71429.1_8114	iYS854.USA300HOU_RS13355	38.1	244	137	4	2	232	1	243	1.32e-43	147
lcl|AP019371.1_prot_BBH71429.1_8114	iYS854.USA300HOU_RS01050	40.4	230	126	3	17	235	296	525	6.45e-41	146
lcl|AP019371.1_prot_BBH71430.1_8115	STM_v1_0.STM1743	38.1	299	180	2	5	298	17	315	4.14e-62	200
lcl|AP019371.1_prot_BBH71430.1_8115	iJN1463.PP_0879	39.9	311	182	3	5	310	3	313	5.74e-62	199
lcl|AP019371.1_prot_BBH71430.1_8115	iYL1228.KPN_02194	38.5	299	179	2	5	298	19	317	1.23e-61	199
lcl|AP019371.1_prot_BBH71430.1_8115	iEK1008.Rv1281c	42.2	306	168	5	4	301	3	307	7.42e-59	198
lcl|AP019371.1_prot_BBH71430.1_8115	iSDY_1059.SDY_1304	38.1	299	180	2	5	298	19	317	9.66e-61	196
lcl|AP019371.1_prot_BBH71430.1_8115	iSF_1195.SF1247	38.1	299	180	2	5	298	19	317	9.66e-61	196
lcl|AP019371.1_prot_BBH71430.1_8115	iSSON_1240.SSON_1934	38.1	299	180	2	5	298	19	317	9.66e-61	196
lcl|AP019371.1_prot_BBH71430.1_8115	iML1515.b1246	38.1	299	180	2	5	298	19	317	1.36e-60	196
lcl|AP019371.1_prot_BBH71430.1_8115	iML1515.b1484	38.8	317	186	4	1	310	1	316	1.06e-60	196
lcl|AP019371.1_prot_BBH71430.1_8115	iSbBS512_1146.SbBS512_E1415	38.1	299	180	2	5	298	19	317	1.36e-60	196
lcl|AP019371.1_prot_BBH71430.1_8115	iLJ478.TM1749	40.1	287	169	3	31	314	34	320	9.52e-61	196
lcl|AP019371.1_prot_BBH71430.1_8115	iSSON_1240.SSON_1640	38.8	317	186	4	1	310	1	316	2.11e-60	195
lcl|AP019371.1_prot_BBH71430.1_8115	iSbBS512_1146.SbBS512_E1747	38.8	317	186	4	1	310	1	316	4.21e-60	194
lcl|AP019371.1_prot_BBH71430.1_8115	iPC815.YPO4000	39.7	290	173	2	24	311	26	315	6.22e-59	191
lcl|AP019371.1_prot_BBH71430.1_8115	iYO844.BSU12950	40.4	270	158	2	21	287	24	293	1.24e-57	188
lcl|AP019371.1_prot_BBH71430.1_8115	iYL1228.KPN_03896	38.5	291	176	3	24	311	26	316	1.71e-55	182
lcl|AP019371.1_prot_BBH71430.1_8115	iML1515.b3541	39.1	279	168	2	24	300	26	304	2.40e-55	182
lcl|AP019371.1_prot_BBH71430.1_8115	STM_v1_0.STM3627	38.7	279	169	2	24	300	26	304	2.40e-55	182
lcl|AP019371.1_prot_BBH71430.1_8115	iSF_1195.SF3576	39.1	279	168	2	24	300	26	304	2.40e-55	182
lcl|AP019371.1_prot_BBH71430.1_8115	iSSON_1240.SSON_3849	39.1	279	168	2	24	300	26	304	6.72e-55	181
lcl|AP019371.1_prot_BBH71431.1_8116	iML1515.b1485	37.4	222	139	0	23	244	37	258	1.62e-43	149
lcl|AP019371.1_prot_BBH71431.1_8116	iSSON_1240.SSON_1639	37.4	222	139	0	23	244	37	258	2.28e-43	149
lcl|AP019371.1_prot_BBH71431.1_8116	iSbBS512_1146.SbBS512_E1748	37.8	222	134	1	23	244	37	254	4.43e-42	145
lcl|AP019371.1_prot_BBH71431.1_8116	iYL1228.KPN_00865	37.0	246	153	2	28	272	35	279	1.27e-39	139
lcl|AP019371.1_prot_BBH71431.1_8116	iSbBS512_1146.SbBS512_E2516	36.6	246	154	2	28	272	49	293	1.90e-38	136
lcl|AP019371.1_prot_BBH71431.1_8116	iSSON_1240.SSON_0814	36.6	246	154	2	28	272	49	293	1.90e-38	136
lcl|AP019371.1_prot_BBH71431.1_8116	iML1515.b0832	36.2	246	155	2	28	272	49	293	2.66e-38	136
lcl|AP019371.1_prot_BBH71432.1_8117	iML1515.b0831	34.5	307	194	3	1	306	1	301	8.93e-44	151
lcl|AP019371.1_prot_BBH71432.1_8117	iSDY_1059.SDY_0756	34.5	307	194	3	1	306	1	301	8.93e-44	151
lcl|AP019371.1_prot_BBH71432.1_8117	STM_v1_0.STM1745	36.1	310	190	4	1	308	1	304	1.25e-43	151
lcl|AP019371.1_prot_BBH71432.1_8117	iSSON_1240.SSON_0813	34.5	307	194	3	1	306	1	301	1.25e-43	151
lcl|AP019371.1_prot_BBH71432.1_8117	iYL1228.KPN_02196	34.8	310	194	4	1	308	1	304	6.84e-43	149
lcl|AP019371.1_prot_BBH71432.1_8117	STM_v1_0.STM0850	33.6	307	197	3	1	306	1	301	6.84e-43	149
lcl|AP019371.1_prot_BBH71432.1_8117	iSF_1195.SF0781	34.2	307	195	3	1	306	1	301	6.84e-43	149
lcl|AP019371.1_prot_BBH71432.1_8117	iSbBS512_1146.SbBS512_E2517	34.2	307	195	3	1	306	1	301	1.35e-42	148
lcl|AP019371.1_prot_BBH71432.1_8117	iYL1228.KPN_00864	33.6	307	197	3	1	306	1	301	1.89e-42	148
lcl|AP019371.1_prot_BBH71432.1_8117	iML1515.b1244	35.2	310	193	4	1	308	1	304	3.73e-42	147
lcl|AP019371.1_prot_BBH71432.1_8117	iSbBS512_1146.SbBS512_E1413	35.2	310	193	4	1	308	1	304	3.73e-42	147
lcl|AP019371.1_prot_BBH71432.1_8117	iSDY_1059.SDY_1302	35.2	310	193	4	1	308	1	304	3.73e-42	147
lcl|AP019371.1_prot_BBH71432.1_8117	iSF_1195.SF1245	35.2	310	193	4	1	308	1	304	3.73e-42	147
lcl|AP019371.1_prot_BBH71432.1_8117	iSSON_1240.SSON_1936	34.8	310	194	4	1	308	1	304	1.44e-41	145
lcl|AP019371.1_prot_BBH71432.1_8117	iYL1228.KPN_03851	36.3	311	190	3	1	308	1	306	1.01e-39	141
lcl|AP019371.1_prot_BBH71432.1_8117	iSF_1195.SF3495	35.7	311	192	3	1	308	1	306	1.06e-38	138
lcl|AP019371.1_prot_BBH71432.1_8117	iSDY_1059.SDY_3632	36.0	311	191	4	1	308	1	306	2.08e-38	137
lcl|AP019371.1_prot_BBH71432.1_8117	iML1515.b3477	36.0	311	191	4	1	308	1	306	2.92e-38	137
lcl|AP019371.1_prot_BBH71432.1_8117	iSbBS512_1146.SbBS512_E3844	36.0	311	191	4	1	308	1	306	2.92e-38	137
lcl|AP019371.1_prot_BBH71432.1_8117	iSSON_1240.SSON_3715	36.0	311	191	4	1	308	1	306	2.92e-38	137
lcl|AP019371.1_prot_BBH71433.1_8118	iYL1228.KPN_01310	28.8	299	197	4	55	338	45	342	4.66e-22	99.4
lcl|AP019371.1_prot_BBH71433.1_8118	iYL1228.KPN_02197	28.7	303	193	10	55	337	48	347	3.53e-20	93.6
lcl|AP019371.1_prot_BBH71433.1_8118	iML1515.b1329	29.2	301	193	6	55	338	44	341	1.08e-19	92.0
lcl|AP019371.1_prot_BBH71433.1_8118	iSbBS512_1146.SbBS512_E1569	29.2	301	193	6	55	338	44	341	1.08e-19	92.0
lcl|AP019371.1_prot_BBH71433.1_8118	iSSON_1240.SSON_1804	29.2	301	193	6	55	338	51	348	1.47e-19	91.7
lcl|AP019371.1_prot_BBH71433.1_8118	iSF_1195.SF1841	28.9	301	194	6	55	338	51	348	6.11e-19	89.7
lcl|AP019371.1_prot_BBH71434.1_8119	iAF987.Gmet_0957	39.5	425	250	7	302	722	191	612	3.66e-79	265
lcl|AP019371.1_prot_BBH71434.1_8119	iAF987.Gmet_0700	39.2	434	258	6	302	732	390	820	1.34e-76	263
lcl|AP019371.1_prot_BBH71434.1_8119	iAF987.Gmet_2629	40.0	422	244	6	302	719	381	797	6.59e-75	258
lcl|AP019371.1_prot_BBH71434.1_8119	iAF987.Gmet_3085	37.5	443	263	6	302	732	455	895	2.07e-73	255
lcl|AP019371.1_prot_BBH71434.1_8119	iAF987.Gmet_0782	38.0	432	260	7	302	729	297	724	7.37e-73	251
lcl|AP019371.1_prot_BBH71434.1_8119	iJN1463.PP_1144	36.9	474	270	7	279	729	245	712	2.33e-69	241
lcl|AP019371.1_prot_BBH71434.1_8119	iJN1463.PP_3581	38.7	432	256	6	302	729	258	684	5.85e-69	239
lcl|AP019371.1_prot_BBH71435.1_8120	iMM904.YMR088C	25.2	301	193	10	30	314	51	335	3.01e-11	65.5
lcl|AP019371.1_prot_BBH71438.1_8123	iCN718.ABAYE_RS18875	39.6	424	239	6	147	557	149	568	6.62e-79	261
lcl|AP019371.1_prot_BBH71438.1_8123	iJN1463.PP_1805	37.4	447	245	8	145	560	185	627	1.44e-72	246
lcl|AP019371.1_prot_BBH71441.1_8126	iLJ478.TM0954	48.1	258	130	3	15	271	19	273	1.27e-87	262
lcl|AP019371.1_prot_BBH71442.1_8127	iLJ478.TM0953	35.3	303	186	5	1	297	5	303	9.11e-45	154
lcl|AP019371.1_prot_BBH71442.1_8127	iCN900.CD630_34590	32.5	308	202	3	2	305	7	312	1.18e-41	146
lcl|AP019371.1_prot_BBH71442.1_8127	iHN637.CLJU_RS01500	31.3	304	198	6	2	298	8	307	1.34e-39	140
lcl|AP019371.1_prot_BBH71443.1_8128	iAF987.Gmet_2351	36.9	363	222	3	5	364	3	361	9.43e-68	217
lcl|AP019371.1_prot_BBH71444.1_8129	iSbBS512_1146.SbBS512_E4050	26.0	219	135	7	2	216	4	199	1.08e-13	70.5
lcl|AP019371.1_prot_BBH71444.1_8129	iSSON_1240.SSON_3782	26.0	219	135	7	2	216	4	199	1.08e-13	70.5
lcl|AP019371.1_prot_BBH71444.1_8129	iML1515.b1022	27.1	214	141	7	4	212	75	278	2.51e-11	63.9
lcl|AP019371.1_prot_BBH71445.1_8130	STM_v1_0.STM2297	35.9	145	88	2	14	154	67	210	6.65e-22	95.1
lcl|AP019371.1_prot_BBH71445.1_8130	iYL1228.KPN_03847	35.9	145	88	2	14	154	50	193	3.75e-19	87.0
lcl|AP019371.1_prot_BBH71445.1_8130	iML1515.b2253	33.8	145	91	2	14	154	61	204	1.03e-18	85.9
lcl|AP019371.1_prot_BBH71445.1_8130	iSF_1195.SF2332	33.8	145	91	2	14	154	50	193	9.40e-19	85.9
lcl|AP019371.1_prot_BBH71445.1_8130	iSSON_1240.SSON_2314	33.8	145	91	2	14	154	72	215	1.11e-18	85.9
lcl|AP019371.1_prot_BBH71446.1_8131	STM_v1_0.STM2082	36.9	206	96	6	222	411	279	466	6.01e-26	109
lcl|AP019371.1_prot_BBH71446.1_8131	iML1515.b2047	44.1	143	75	3	222	360	273	414	9.40e-24	102
lcl|AP019371.1_prot_BBH71448.1_8133	iJN1463.PP_4936	25.4	264	173	6	79	336	72	317	4.57e-06	48.1
lcl|AP019371.1_prot_BBH71454.1_8139	iAF987.Gmet_1821	39.8	251	138	4	42	290	67	306	3.55e-40	142
lcl|AP019371.1_prot_BBH71455.1_8140	iAF987.Gmet_1822	33.7	273	175	4	7	274	10	281	4.81e-37	132
lcl|AP019371.1_prot_BBH71456.1_8141	iAF987.Gmet_1819	42.4	243	119	3	13	234	1	243	1.19e-55	177
lcl|AP019371.1_prot_BBH71456.1_8141	iJN1463.PP_4863	44.7	235	113	3	13	231	5	238	1.03e-54	175
lcl|AP019371.1_prot_BBH71456.1_8141	iLJ478.TM1139	43.7	238	115	5	10	229	1	237	3.84e-52	168
lcl|AP019371.1_prot_BBH71456.1_8141	iJN1463.PP_1137	42.3	234	118	3	13	230	1	233	1.82e-51	166
lcl|AP019371.1_prot_BBH71456.1_8141	iYL1228.KPN_03816	43.0	228	113	3	19	230	11	237	7.34e-49	160
lcl|AP019371.1_prot_BBH71456.1_8141	STM_v1_0.STM3560	43.0	228	113	3	19	230	11	237	7.34e-49	160
lcl|AP019371.1_prot_BBH71457.1_8142	iAF987.Gmet_1820	46.6	247	132	0	3	249	2	248	3.88e-67	208
lcl|AP019371.1_prot_BBH71457.1_8142	iJN1463.PP_1138	42.7	248	141	1	3	249	6	253	1.21e-61	194
lcl|AP019371.1_prot_BBH71458.1_8143	iAF987.Gmet_1823	29.8	339	230	7	26	359	27	362	7.99e-34	129
lcl|AP019371.1_prot_BBH71464.1_8149	iEK1008.Rv1854c	56.2	434	182	3	2	432	14	442	4.38e-161	462
lcl|AP019371.1_prot_BBH71464.1_8149	iEK1008.Rv0392c	55.3	438	186	4	2	434	14	446	1.47e-158	456
lcl|AP019371.1_prot_BBH71465.1_8150	iPC815.YPO2176	38.3	193	107	5	26	213	3	188	1.13e-36	127
lcl|AP019371.1_prot_BBH71467.1_8152	iSDY_1059.SDY_1025	33.4	580	375	6	11	582	3	579	2.07e-81	277
lcl|AP019371.1_prot_BBH71467.1_8152	STM_v1_0.STM2774	33.1	583	370	6	15	585	7	581	3.84e-81	276
lcl|AP019371.1_prot_BBH71467.1_8152	iYL1228.KPN_00941	32.7	563	374	5	23	581	14	575	3.40e-84	273
lcl|AP019371.1_prot_BBH71467.1_8152	iAF987.Gmet_2349	34.9	502	324	3	79	578	62	562	2.75e-83	271
lcl|AP019371.1_prot_BBH71467.1_8152	iPC815.YPO1395	33.6	563	369	5	23	581	14	575	5.32e-82	268
lcl|AP019371.1_prot_BBH71467.1_8152	STM_v1_0.STM0984	31.6	563	380	5	23	581	14	575	3.16e-79	260
lcl|AP019371.1_prot_BBH71467.1_8152	iSF_1195.SF0910	32.1	563	377	5	23	581	14	575	3.16e-79	260
lcl|AP019371.1_prot_BBH71467.1_8152	iSSON_1240.SSON_0916	32.1	563	377	5	23	581	14	575	3.16e-79	260
lcl|AP019371.1_prot_BBH71467.1_8152	iML1515.b0914	32.1	563	377	5	23	581	14	575	4.42e-79	260
lcl|AP019371.1_prot_BBH71467.1_8152	iSbBS512_1146.SbBS512_E2410	32.1	563	377	5	23	581	14	575	4.42e-79	260
lcl|AP019371.1_prot_BBH71467.1_8152	iSDY_1059.SDY_2344	32.1	563	377	5	23	581	14	575	4.42e-79	260
lcl|AP019371.1_prot_BBH71467.1_8152	iJN1463.PP_4935	35.2	511	313	8	78	579	85	586	5.46e-77	255
lcl|AP019371.1_prot_BBH71468.1_8153	STM_v1_0.STM2774	35.6	564	354	6	77	636	643	1201	6.60e-87	295
lcl|AP019371.1_prot_BBH71468.1_8153	iSDY_1059.SDY_1025	35.2	580	369	5	60	636	623	1198	7.05e-84	286
lcl|AP019371.1_prot_BBH71469.1_8154	iSynCJ816.SGL_RS12260	25.4	181	106	4	19	179	51	222	1.95e-06	48.5
lcl|AP019371.1_prot_BBH71472.1_8157	iHN637.CLJU_RS19980	32.5	283	173	8	2	270	6	284	2.71e-28	109
lcl|AP019371.1_prot_BBH71473.1_8158	iYO844.BSU18260	46.3	382	200	4	1	380	1	379	1.83e-100	302
lcl|AP019371.1_prot_BBH71473.1_8158	iCN900.CD630_10540	44.4	378	202	5	6	380	5	377	4.41e-98	296
lcl|AP019371.1_prot_BBH71473.1_8158	iYO844.BSU24150	44.1	379	208	3	5	382	3	378	3.73e-94	286
lcl|AP019371.1_prot_BBH71473.1_8158	iAF987.Gmet_1715	41.1	382	221	3	1	381	1	379	3.73e-94	286
lcl|AP019371.1_prot_BBH71473.1_8158	iJN1463.PP_2216	41.0	376	218	3	5	379	3	375	1.19e-91	280
lcl|AP019371.1_prot_BBH71473.1_8158	iCN900.CD630_03990	43.3	374	208	3	8	380	6	376	8.03e-90	275
lcl|AP019371.1_prot_BBH71475.1_8160	iEK1008.Rv3540c	35.7	359	198	10	5	337	7	358	4.72e-42	150
lcl|AP019371.1_prot_BBH71475.1_8160	iAF692.Mbar_A0550	31.9	389	220	13	1	357	1	376	2.03e-37	138
lcl|AP019371.1_prot_BBH71480.1_8165	iML1515.b2371	30.3	353	237	5	3	354	9	353	1.30e-58	195
lcl|AP019371.1_prot_BBH71481.1_8166	iAF692.Mbar_A0254	25.3	293	185	9	19	297	20	292	6.87e-13	68.2
lcl|AP019371.1_prot_BBH71482.1_8167	iJN1463.PP_4552	23.8	143	98	4	6	147	9	141	5.72e-06	43.5
lcl|AP019371.1_prot_BBH71485.1_8170	iEK1008.Rv3567c	34.3	178	106	3	3	175	5	176	9.51e-29	109
lcl|AP019371.1_prot_BBH71485.1_8170	iSynCJ816.SGL_RS13365	35.5	155	99	1	3	156	2	156	5.27e-25	98.6
lcl|AP019371.1_prot_BBH71486.1_8171	iEK1008.Rv1679	27.2	379	241	10	24	399	6	352	6.18e-20	90.5
lcl|AP019371.1_prot_BBH71486.1_8171	iYO844.BSU04520	27.4	365	231	10	36	397	28	361	3.49e-17	82.4
lcl|AP019371.1_prot_BBH71487.1_8172	iYS854.USA300HOU_RS11455	29.8	466	292	10	2	451	5	451	1.84e-44	162
lcl|AP019371.1_prot_BBH71487.1_8172	iPC815.YPO1166	31.7	486	299	13	6	470	11	484	4.56e-44	161
lcl|AP019371.1_prot_BBH71487.1_8172	iEK1008.Rv2858c	34.3	426	251	8	57	470	44	452	4.61e-43	157
lcl|AP019371.1_prot_BBH71487.1_8172	iEK1008.Rv0223c	30.9	489	302	11	6	473	13	486	7.98e-43	157
lcl|AP019371.1_prot_BBH71487.1_8172	iML1515.b2661	31.3	464	291	10	5	452	14	465	1.40e-42	157
lcl|AP019371.1_prot_BBH71487.1_8172	iYL1228.KPN_00585	30.8	480	311	9	6	470	8	481	4.01e-42	155
lcl|AP019371.1_prot_BBH71487.1_8172	iAF692.Mbar_A2387	32.2	484	294	14	6	468	9	479	4.41e-42	155
lcl|AP019371.1_prot_BBH71487.1_8172	iYL1228.KPN_04787	31.5	467	291	10	23	470	23	479	3.88e-41	153
lcl|AP019371.1_prot_BBH71487.1_8172	iYL1228.KPN_00256	31.0	464	292	13	5	452	14	465	6.72e-41	152
lcl|AP019371.1_prot_BBH71487.1_8172	iJN1463.PP_5063	32.0	487	299	13	6	471	11	486	7.61e-41	152
lcl|AP019371.1_prot_BBH71487.1_8172	iSSON_1240.SSON_2805	30.5	463	296	10	5	452	14	465	6.72e-41	152
lcl|AP019371.1_prot_BBH71487.1_8172	iSbBS512_1146.SbBS512_E4889	31.5	467	291	10	23	470	23	479	1.02e-40	152
lcl|AP019371.1_prot_BBH71487.1_8172	STM_v1_0.STM1102	31.3	467	292	10	23	470	23	479	1.40e-40	151
lcl|AP019371.1_prot_BBH71487.1_8172	iML1515.b0312	32.5	424	263	7	60	468	67	482	1.99e-40	151
lcl|AP019371.1_prot_BBH71487.1_8172	iSSON_1240.SSON_1693	32.4	460	288	10	23	468	23	473	1.55e-40	151
lcl|AP019371.1_prot_BBH71487.1_8172	iML1515.b1444	32.4	460	288	10	23	468	23	473	4.07e-40	150
lcl|AP019371.1_prot_BBH71487.1_8172	iJN1463.PP_0213	30.5	463	292	13	6	452	15	463	4.47e-40	150
lcl|AP019371.1_prot_BBH71487.1_8172	iSF_1195.SF1774	32.5	446	278	10	37	468	37	473	4.07e-40	150
lcl|AP019371.1_prot_BBH71487.1_8172	iSF_1195.SF4383	31.3	467	292	10	23	470	23	479	2.50e-39	148
lcl|AP019371.1_prot_BBH71487.1_8172	iCN718.ABAYE_RS05595	30.3	458	293	11	13	457	19	463	3.96e-39	147
lcl|AP019371.1_prot_BBH71487.1_8172	iCN718.ABAYE_RS11785	30.5	420	265	9	61	465	66	473	6.62e-39	147
lcl|AP019371.1_prot_BBH71487.1_8172	STM_v1_0.STM2791	30.8	465	290	11	6	452	15	465	5.98e-39	147
lcl|AP019371.1_prot_BBH71487.1_8172	iSSON_1240.SSON_4498	31.0	467	293	10	23	470	23	479	6.53e-39	147
lcl|AP019371.1_prot_BBH71487.1_8172	iYO844.BSU31060	30.3	429	271	9	43	456	47	462	1.27e-38	146
lcl|AP019371.1_prot_BBH71487.1_8172	iYL1228.KPN_01501	32.0	413	245	12	54	446	52	448	9.59e-39	146
lcl|AP019371.1_prot_BBH71487.1_8172	STM_v1_0.STM1597	31.8	465	284	11	23	468	30	480	1.53e-38	145
lcl|AP019371.1_prot_BBH71488.1_8173	iYO844.BSU24120	40.0	240	140	4	3	242	15	250	4.01e-44	151
lcl|AP019371.1_prot_BBH71488.1_8173	iAF987.Gmet_1122	39.7	242	141	4	20	259	25	263	3.18e-39	139
lcl|AP019371.1_prot_BBH71489.1_8174	iSSON_1240.SSON_0297	27.4	328	195	8	3	308	17	323	1.91e-17	83.6
lcl|AP019371.1_prot_BBH71489.1_8174	iML1515.b0347	27.8	331	190	10	3	308	17	323	8.20e-17	81.6
lcl|AP019371.1_prot_BBH71489.1_8174	iYL1228.KPN_02122	27.5	324	200	10	3	308	17	323	1.12e-15	78.2
lcl|AP019371.1_prot_BBH71490.1_8175	iYL1228.KPN_01455	35.6	452	265	12	12	442	46	492	9.53e-63	211
lcl|AP019371.1_prot_BBH71490.1_8175	iCN718.ABAYE_RS05595	33.8	438	271	8	20	446	43	472	1.84e-58	199
lcl|AP019371.1_prot_BBH71490.1_8175	iML1515.b1385	34.2	465	265	12	6	442	41	492	8.25e-58	198
lcl|AP019371.1_prot_BBH71494.1_8179	iJN1463.PP_0382	27.8	245	153	8	17	257	14	238	3.06e-12	66.6
lcl|AP019371.1_prot_BBH71494.1_8179	iLB1027_lipid.PHATRDRAFT_15536	27.5	287	161	11	2	257	15	285	2.98e-10	61.2
lcl|AP019371.1_prot_BBH71497.1_8182	iJN1463.PP_3736	26.6	349	212	12	3	328	4	331	1.48e-28	114
lcl|AP019371.1_prot_BBH71500.1_8185	iNF517.LLMG_RS08950	33.0	188	110	4	4	180	8	190	5.68e-21	88.2
lcl|AP019371.1_prot_BBH71500.1_8185	iJN1463.PP_2794	36.4	187	99	6	6	180	18	196	2.61e-20	86.7
lcl|AP019371.1_prot_BBH71500.1_8185	iJN1463.PP_3164	31.0	242	147	6	3	235	9	239	6.75e-20	85.5
lcl|AP019371.1_prot_BBH71500.1_8185	iCN900.CD630_11820	29.4	245	146	9	3	225	8	247	3.24e-19	83.6
lcl|AP019371.1_prot_BBH71500.1_8185	iCN900.CD630_25770	29.5	200	124	6	4	191	6	200	4.20e-19	83.2
lcl|AP019371.1_prot_BBH71500.1_8185	iLJ478.TM1724	30.4	191	114	4	3	180	7	191	4.27e-19	83.2
lcl|AP019371.1_prot_BBH71500.1_8185	iYO844.BSU15910	30.2	202	124	6	5	192	8	206	1.14e-18	82.0
lcl|AP019371.1_prot_BBH71500.1_8185	iEK1008.Rv1350	32.2	180	112	3	5	176	11	188	1.16e-18	82.0
lcl|AP019371.1_prot_BBH71500.1_8185	iHN637.CLJU_RS17225	27.7	242	138	7	3	216	10	242	3.22e-18	80.9
lcl|AP019371.1_prot_BBH71502.1_8187	iJN1463.PP_3942	26.5	253	156	9	10	244	6	246	1.76e-11	62.0
lcl|AP019371.1_prot_BBH71504.1_8189	iAF987.Gmet_1820	41.0	249	143	2	664	909	1	248	1.92e-53	186
lcl|AP019371.1_prot_BBH71504.1_8189	iPC815.YPO3805	40.0	250	147	1	663	909	5	254	1.83e-51	181
lcl|AP019371.1_prot_BBH71504.1_8189	iYL1228.KPN_03817	37.7	252	154	1	661	909	2	253	1.79e-48	172
lcl|AP019371.1_prot_BBH71504.1_8189	STM_v1_0.STM3561	38.1	252	153	1	661	909	2	253	1.79e-48	172
lcl|AP019371.1_prot_BBH71504.1_8189	iSSON_1240.SSON_3693	38.2	254	150	3	661	909	2	253	5.53e-47	168
lcl|AP019371.1_prot_BBH71504.1_8189	iML1515.b3455	38.2	254	150	3	661	909	2	253	7.55e-47	167
lcl|AP019371.1_prot_BBH71504.1_8189	iJN1463.PP_1138	35.3	249	158	1	664	909	5	253	7.55e-47	167
lcl|AP019371.1_prot_BBH71504.1_8189	iSbBS512_1146.SbBS512_E3867	38.2	254	150	3	661	909	2	253	7.55e-47	167
lcl|AP019371.1_prot_BBH71504.1_8189	iSF_1195.SF3473	38.2	254	150	3	661	909	2	253	7.55e-47	167
lcl|AP019371.1_prot_BBH71505.1_8190	iLJ478.TM1139	37.8	238	145	3	3	239	2	237	2.68e-42	143
lcl|AP019371.1_prot_BBH71505.1_8190	iYL1228.KPN_03816	36.0	236	147	3	6	240	5	237	2.00e-41	141
lcl|AP019371.1_prot_BBH71505.1_8190	iJN1463.PP_1137	34.7	236	150	3	6	240	1	233	1.80e-41	141
lcl|AP019371.1_prot_BBH71505.1_8190	iJN1463.PP_4863	37.1	237	145	3	6	241	5	238	1.62e-40	139
lcl|AP019371.1_prot_BBH71505.1_8190	iAF987.Gmet_1819	36.3	234	144	3	6	234	1	234	1.14e-39	137
lcl|AP019371.1_prot_BBH71505.1_8190	STM_v1_0.STM3560	35.2	236	149	3	6	240	5	237	4.87e-39	135
lcl|AP019371.1_prot_BBH71505.1_8190	iML1515.b3454	34.3	239	149	4	5	240	4	237	5.37e-38	132
lcl|AP019371.1_prot_BBH71505.1_8190	iSbBS512_1146.SbBS512_E3868	34.3	239	149	4	5	240	8	241	5.95e-38	132
lcl|AP019371.1_prot_BBH71505.1_8190	iSF_1195.SF3472	34.3	239	149	4	5	240	4	237	5.37e-38	132
lcl|AP019371.1_prot_BBH71505.1_8190	iSSON_1240.SSON_3692	34.3	239	149	4	5	240	8	241	5.95e-38	132
lcl|AP019371.1_prot_BBH71505.1_8190	iPC815.YPO3804	34.9	238	147	4	6	240	1	233	4.83e-38	132
lcl|AP019371.1_prot_BBH71505.1_8190	iSDY_1059.SDY_3603	34.3	239	149	4	5	240	8	241	2.34e-37	130
lcl|AP019371.1_prot_BBH71505.1_8190	iSynCJ816.SGL_RS07665	36.1	238	147	3	3	239	2	235	3.21e-37	130
lcl|AP019371.1_prot_BBH71510.1_8195	iEK1008.Rv1130	26.1	295	190	9	65	345	104	384	1.90e-04	43.5
lcl|AP019371.1_prot_BBH71512.1_8197	iML1515.b2371	30.9	353	235	4	7	357	9	354	1.52e-50	174
lcl|AP019371.1_prot_BBH71512.1_8197	iAF987.Gmet_1522	28.7	408	279	6	1	397	2	408	2.53e-44	158
lcl|AP019371.1_prot_BBH71513.1_8198	iHN637.CLJU_RS07520	27.4	471	298	15	5	464	3	440	2.20e-49	174
lcl|AP019371.1_prot_BBH71513.1_8198	iML1515.b2873	31.5	486	280	17	6	473	3	453	3.63e-46	166
lcl|AP019371.1_prot_BBH71513.1_8198	iCN900.CD630_20830	26.2	485	304	15	7	473	4	452	3.27e-45	163
lcl|AP019371.1_prot_BBH71513.1_8198	iML1515.b0512	29.4	479	298	16	4	473	3	450	1.14e-44	162
lcl|AP019371.1_prot_BBH71513.1_8198	STM_v1_0.STM0523	29.1	478	301	16	4	473	3	450	1.14e-44	162
lcl|AP019371.1_prot_BBH71513.1_8198	iCN900.CD630_31780	26.1	487	306	16	6	473	3	454	3.65e-44	160
lcl|AP019371.1_prot_BBH71513.1_8198	iYO844.BSU15500	28.1	469	274	14	7	460	4	424	1.34e-43	158
lcl|AP019371.1_prot_BBH71520.1_8205	iJN1463.PP_3941	44.8	194	107	0	12	205	15	208	1.18e-48	157
lcl|AP019371.1_prot_BBH71521.1_8206	iML1515.b2371	33.5	379	240	5	3	378	8	377	1.09e-60	200
lcl|AP019371.1_prot_BBH71521.1_8206	iSDY_1059.SDY_2572	30.0	420	267	5	1	397	1	416	5.12e-55	186
lcl|AP019371.1_prot_BBH71521.1_8206	iML1515.b2374	29.8	420	268	5	1	397	1	416	1.97e-54	185
lcl|AP019371.1_prot_BBH71521.1_8206	iSF_1195.SF2441	29.8	420	268	5	1	397	1	416	1.97e-54	185
lcl|AP019371.1_prot_BBH71521.1_8206	iSbBS512_1146.SbBS512_E2743	29.8	420	268	5	1	397	1	416	2.76e-54	184
lcl|AP019371.1_prot_BBH71521.1_8206	iSSON_1240.SSON_2465	29.5	420	269	5	1	397	1	416	2.91e-53	182
lcl|AP019371.1_prot_BBH71522.1_8207	iAF987.Gmet_3293	44.0	282	151	3	1	279	7	284	4.20e-60	193
lcl|AP019371.1_prot_BBH71522.1_8207	iJN1463.PP_3540	42.6	282	155	3	1	279	7	284	1.52e-54	179
lcl|AP019371.1_prot_BBH71522.1_8207	iMM1415.208982	41.0	266	152	2	1	264	48	310	1.36e-53	177
lcl|AP019371.1_prot_BBH71522.1_8207	iMM1415.15356	40.2	266	154	2	1	264	33	295	1.70e-53	177
lcl|AP019371.1_prot_BBH71523.1_8208	iEK1008.Rv0166	34.1	490	298	8	23	490	40	526	1.04e-72	239
lcl|AP019371.1_prot_BBH71523.1_8208	iYO844.BSU10270	32.2	515	297	9	15	490	7	508	3.76e-68	226
lcl|AP019371.1_prot_BBH71523.1_8208	iEK1008.Rv3089	35.3	476	283	12	32	490	27	494	6.14e-67	223
lcl|AP019371.1_prot_BBH71523.1_8208	iJN1463.PP_2795	34.3	505	290	11	23	490	34	533	6.90e-64	216
lcl|AP019371.1_prot_BBH71525.1_8210	iMM1415.11430	31.8	554	352	8	101	652	102	631	1.42e-72	246
lcl|AP019371.1_prot_BBH71525.1_8210	iCHOv1.100689199	31.7	555	351	11	101	652	102	631	1.41e-70	241
lcl|AP019371.1_prot_BBH71525.1_8210	iMM1415.80911	32.9	572	348	13	82	637	104	655	1.77e-70	241
lcl|AP019371.1_prot_BBH71525.1_8210	iCHOv1.100767060	41.4	360	202	6	88	440	212	569	1.92e-67	235
lcl|AP019371.1_prot_BBH71525.1_8210	iCHOv1.100766043	31.0	561	347	9	89	637	106	638	1.33e-65	228
lcl|AP019371.1_prot_BBH71525.1_8210	iMM1415.93732	32.8	509	315	8	135	637	151	638	3.39e-64	224
lcl|AP019371.1_prot_BBH71529.1_8214	iYO844.BSU34130	35.8	517	310	10	23	523	19	529	5.97e-103	328
lcl|AP019371.1_prot_BBH71529.1_8214	iLJ478.TM1195	34.2	564	344	9	22	567	2	556	2.98e-99	317
lcl|AP019371.1_prot_BBH71530.1_8215	iHN637.CLJU_RS00965	26.3	240	145	8	155	378	141	364	4.02e-14	73.6
lcl|AP019371.1_prot_BBH71531.1_8216	iYO844.BSU28730	34.4	276	171	7	26	299	13	280	1.77e-39	139
lcl|AP019371.1_prot_BBH71532.1_8217	iEK1008.Rv2040c	30.2	281	193	3	3	281	7	286	1.24e-36	132
lcl|AP019371.1_prot_BBH71533.1_8218	iML1515.b3751	56.5	46	17	1	226	271	202	244	1.32e-05	45.8
lcl|AP019371.1_prot_BBH71533.1_8218	iYL1228.KPN_04156	56.5	46	17	1	226	271	202	244	1.32e-05	45.8
lcl|AP019371.1_prot_BBH71533.1_8218	STM_v1_0.STM3884	56.5	46	17	1	226	271	202	244	1.76e-05	45.4
lcl|AP019371.1_prot_BBH71533.1_8218	iYO844.BSU35960	30.6	180	102	8	136	302	118	287	3.23e-05	44.7
lcl|AP019371.1_prot_BBH71539.1_8224	iEK1008.Rv0751c	30.8	143	81	3	1	132	1	136	1.35e-04	42.0
lcl|AP019371.1_prot_BBH71540.1_8225	iJN1463.PP_2515	51.5	239	114	2	4	241	21	258	7.60e-79	237
lcl|AP019371.1_prot_BBH71541.1_8226	iJN1463.PP_2514	51.4	222	108	0	5	226	10	231	1.07e-70	215
lcl|AP019371.1_prot_BBH71542.1_8227	iJN1463.PP_2513	54.3	346	140	5	3	332	6	349	1.27e-110	326
lcl|AP019371.1_prot_BBH71545.1_8230	iEK1008.Rv3670	32.5	123	75	4	1	123	33	147	3.13e-08	53.1
lcl|AP019371.1_prot_BBH71545.1_8230	iJN1463.PP_0553	32.1	131	76	5	5	131	117	238	8.33e-08	52.0
lcl|AP019371.1_prot_BBH71545.1_8230	iEK1008.Rv1938	39.8	83	47	2	24	106	28	107	3.54e-07	50.1
lcl|AP019371.1_prot_BBH71550.1_8235	iYO844.BSU32500	31.5	200	117	8	5	188	8	203	1.11e-14	68.9
lcl|AP019371.1_prot_BBH71552.1_8237	iEK1008.Rv0373c	81.0	784	149	0	14	797	16	799	0.0	1301
lcl|AP019371.1_prot_BBH71553.1_8238	iEK1008.Rv0374c	73.2	153	40	1	1	152	1	153	1.62e-82	239
lcl|AP019371.1_prot_BBH71554.1_8239	iEK1008.Rv0375c	64.3	277	94	2	15	287	1	276	2.63e-118	340
lcl|AP019371.1_prot_BBH71555.1_8240	iYO844.BSU32510	27.0	318	214	6	17	329	17	321	2.01e-19	87.4
lcl|AP019371.1_prot_BBH71557.1_8242	iYO844.BSU33510	38.6	70	38	2	6	72	1	68	3.42e-09	47.8
lcl|AP019371.1_prot_BBH71559.1_8244	iEK1008.Rv0103c	50.3	743	344	9	1	725	14	749	1.85e-210	610
lcl|AP019371.1_prot_BBH71559.1_8244	iEK1008.Rv0092	49.5	741	345	7	1	725	13	740	8.16e-206	598
lcl|AP019371.1_prot_BBH71560.1_8245	iSynCJ816.SGL_RS10925	60.1	401	151	3	1	395	1	398	2.37e-166	471
lcl|AP019371.1_prot_BBH71561.1_8246	iYL1228.KPN_04157	33.2	289	172	4	4	272	9	296	1.73e-28	110
lcl|AP019371.1_prot_BBH71561.1_8246	STM_v1_0.STM3885	30.9	291	180	4	2	272	6	295	6.42e-26	103
lcl|AP019371.1_prot_BBH71561.1_8246	iSF_1195.SF3835	30.8	289	179	4	4	272	13	300	6.98e-26	103
lcl|AP019371.1_prot_BBH71561.1_8246	iML1515.b3752	30.8	289	179	4	4	272	8	295	8.92e-26	103
lcl|AP019371.1_prot_BBH71561.1_8246	iSbBS512_1146.SbBS512_E4167	30.8	289	179	4	4	272	8	295	8.92e-26	103
lcl|AP019371.1_prot_BBH71561.1_8246	iSSON_1240.SSON_3922	30.8	289	179	4	4	272	8	295	8.92e-26	103
lcl|AP019371.1_prot_BBH71561.1_8246	iSDY_1059.SDY_3995	29.5	288	184	2	4	272	8	295	3.31e-25	101
lcl|AP019371.1_prot_BBH71564.1_8249	iEK1008.Rv0386	42.9	63	36	0	147	209	1019	1081	1.66e-08	53.9
lcl|AP019371.1_prot_BBH71564.1_8249	iJN1463.PP_1494	34.0	103	67	1	4	106	20	121	1.53e-08	53.5
lcl|AP019371.1_prot_BBH71564.1_8249	iAF987.Gmet_0069	27.0	152	111	0	4	155	5	156	6.48e-08	51.6
lcl|AP019371.1_prot_BBH71566.1_8251	iYO844.BSU02750	32.7	220	141	4	13	226	21	239	1.12e-31	116
lcl|AP019371.1_prot_BBH71566.1_8251	iJN1463.PP_2668	35.2	230	139	6	13	235	19	245	3.76e-28	107
lcl|AP019371.1_prot_BBH71566.1_8251	iEK1008.Rv2936	34.1	205	126	3	13	210	25	227	2.62e-27	106
lcl|AP019371.1_prot_BBH71569.1_8254	iAF987.Gmet_1264	33.3	69	43	1	43	111	17	82	2.37e-04	41.6
lcl|AP019371.1_prot_BBH71569.1_8254	iIT341.HP1071	34.8	66	40	2	46	111	10	72	9.22e-04	39.7
lcl|AP019371.1_prot_BBH71570.1_8255	iMM1415.100043684	38.3	465	245	15	43	478	30	481	1.49e-75	252
lcl|AP019371.1_prot_BBH71570.1_8255	iCHOv1.100767001	36.0	464	257	13	43	478	30	481	5.85e-72	243
lcl|AP019371.1_prot_BBH71570.1_8255	iMM1415.11722	36.7	466	254	16	43	478	30	484	2.37e-68	233
lcl|AP019371.1_prot_BBH71572.1_8257	iEK1008.Rv3302c	61.2	556	216	0	4	559	18	573	2.81e-228	642
lcl|AP019371.1_prot_BBH71573.1_8258	iEK1008.Rv3696c	76.7	503	117	0	2	504	14	516	4.24e-290	794
lcl|AP019371.1_prot_BBH71574.1_8259	iPC815.YPO0091	46.3	257	123	6	13	258	12	264	1.10e-59	191
lcl|AP019371.1_prot_BBH71574.1_8259	iYL1228.KPN_03485	44.2	260	130	6	10	258	7	262	1.42e-59	190
lcl|AP019371.1_prot_BBH71574.1_8259	iSDY_1059.SDY_3817	44.0	257	129	7	13	258	10	262	4.28e-59	189
lcl|AP019371.1_prot_BBH71574.1_8259	iML1515.b3927	44.0	257	129	7	13	258	10	262	6.04e-59	189
lcl|AP019371.1_prot_BBH71574.1_8259	iSSON_1240.SSON_4096	44.0	257	129	7	13	258	10	262	6.04e-59	189
lcl|AP019371.1_prot_BBH71574.1_8259	iYL1228.KPN_04010	44.4	257	128	7	13	258	10	262	1.28e-58	188
lcl|AP019371.1_prot_BBH71574.1_8259	iHN637.CLJU_RS05835	42.5	259	135	5	13	261	8	262	1.13e-58	187
lcl|AP019371.1_prot_BBH71574.1_8259	iSbBS512_1146.SbBS512_E4409	44.0	257	129	7	13	258	10	262	2.41e-58	187
lcl|AP019371.1_prot_BBH71574.1_8259	iJN1463.PP_1076	43.4	267	136	7	1	256	1	263	3.60e-58	187
lcl|AP019371.1_prot_BBH71574.1_8259	STM_v1_0.STM4087	44.7	257	127	7	13	258	10	262	6.78e-58	186
lcl|AP019371.1_prot_BBH71574.1_8259	STM_v1_0.STM2037	41.8	256	134	6	12	256	7	258	1.17e-54	177
lcl|AP019371.1_prot_BBH71574.1_8259	iSSON_1240.SSON_2057	40.6	256	137	6	12	256	7	258	1.35e-54	177
lcl|AP019371.1_prot_BBH71574.1_8259	iCHOv1.100758981	43.2	257	131	8	13	261	24	273	3.18e-52	172
lcl|AP019371.1_prot_BBH71576.1_8261	iEK1008.Rv3696c	54.7	499	217	3	5	494	16	514	8.59e-190	539
lcl|AP019371.1_prot_BBH71576.1_8261	iLJ478.TM1430	52.1	476	224	3	4	476	2	476	9.03e-171	489
lcl|AP019371.1_prot_BBH71582.1_8267	iAM_Pf480.PF3D7_1136900	26.3	278	157	10	133	391	727	975	4.88e-07	53.5
lcl|AP019371.1_prot_BBH71582.1_8267	iAM_Pb448.PBANKA_091170	26.8	298	174	12	133	412	678	949	9.52e-06	49.3
lcl|AP019371.1_prot_BBH71582.1_8267	iAM_Pc455.PCYB_094280	27.0	278	155	10	133	391	706	954	1.64e-05	48.5
lcl|AP019371.1_prot_BBH71582.1_8267	iAM_Pv461.PVX_092460	27.0	278	155	10	133	391	861	1109	1.68e-05	48.5
lcl|AP019371.1_prot_BBH71585.1_8270	iAF987.Gmet_2351	34.1	343	210	7	33	370	34	365	1.13e-49	170
lcl|AP019371.1_prot_BBH71585.1_8270	iAF987.Gmet_0886	32.0	378	230	7	9	366	9	379	4.01e-47	164
lcl|AP019371.1_prot_BBH71585.1_8270	iSSON_1240.SSON_2314	30.4	375	236	7	9	366	19	385	3.46e-44	156
lcl|AP019371.1_prot_BBH71585.1_8270	iSF_1195.SF2332	30.7	361	225	7	23	366	11	363	4.20e-44	155
lcl|AP019371.1_prot_BBH71585.1_8270	STM_v1_0.STM2297	31.3	374	232	7	9	365	14	379	1.18e-43	155
lcl|AP019371.1_prot_BBH71585.1_8270	iML1515.b2253	30.1	375	237	7	9	366	8	374	1.46e-43	154
lcl|AP019371.1_prot_BBH71592.1_8277	iYS854.USA300HOU_RS12480	21.5	367	213	12	1	327	1	332	1.38e-07	52.8
lcl|AP019371.1_prot_BBH71592.1_8277	iJN1463.PP_5199	24.1	232	131	10	101	316	135	337	5.82e-06	47.8
lcl|AP019371.1_prot_BBH71595.1_8280	iJN1463.PP_0920	40.4	203	89	4	2	174	3	203	3.76e-30	117
lcl|AP019371.1_prot_BBH71595.1_8280	iJN1463.PP_3173	32.4	361	186	12	1	319	1	345	1.74e-28	112
lcl|AP019371.1_prot_BBH71597.1_8282	iJN1463.PP_0328	64.3	409	128	4	1	407	1	393	8.46e-183	513
lcl|AP019371.1_prot_BBH71599.1_8284	iEK1008.Rv0134	28.2	277	175	7	17	277	32	300	3.87e-11	62.0
lcl|AP019371.1_prot_BBH71599.1_8284	iCHOv1.100757328	36.9	103	62	2	16	115	254	356	1.73e-09	57.8
lcl|AP019371.1_prot_BBH71603.1_8288	STM_v1_0.STM2082	44.3	176	89	2	26	192	298	473	2.33e-39	140
lcl|AP019371.1_prot_BBH71604.1_8289	iLJ478.TM0583	46.7	407	212	5	5	408	15	419	2.96e-118	351
lcl|AP019371.1_prot_BBH71604.1_8289	iHN637.CLJU_RS16810	42.9	406	227	5	5	408	21	423	1.44e-111	334
lcl|AP019371.1_prot_BBH71605.1_8290	iJN1463.PP_1805	34.8	557	316	12	56	570	79	630	2.77e-80	267
lcl|AP019371.1_prot_BBH71605.1_8290	iCN718.ABAYE_RS18875	38.2	414	241	5	151	553	148	557	3.64e-80	265
lcl|AP019371.1_prot_BBH71606.1_8291	iJN1463.PP_4943	31.8	236	141	7	64	288	76	302	7.38e-14	72.0
lcl|AP019371.1_prot_BBH71606.1_8291	iEK1008.Rv0486	32.8	235	136	10	71	286	141	372	1.05e-12	68.9
lcl|AP019371.1_prot_BBH71606.1_8291	iEK1008.Rv2188c	32.0	241	142	8	63	284	71	308	1.89e-12	67.8
lcl|AP019371.1_prot_BBH71613.1_8298	iEK1008.Rv3203	39.2	79	42	3	44	120	9	83	2.14e-04	41.2
lcl|AP019371.1_prot_BBH71613.1_8298	iCHOv1.100769391	20.8	245	143	7	45	259	104	327	5.46e-04	40.4
lcl|AP019371.1_prot_BBH71617.1_8302	iYO844.BSU03070	24.0	488	364	4	25	509	20	503	1.44e-49	177
lcl|AP019371.1_prot_BBH71619.1_8304	iEK1008.Rv0684	44.0	666	312	9	2	606	12	677	8.56e-173	507
lcl|AP019371.1_prot_BBH71619.1_8304	iSynCJ816.SGL_RS10930	44.3	659	312	10	2	606	9	666	2.83e-171	503
lcl|AP019371.1_prot_BBH71619.1_8304	iSynCJ816.SGL_RS17200	42.6	662	322	9	2	606	7	667	1.19e-159	473
lcl|AP019371.1_prot_BBH71621.1_8306	iAF987.Gmet_0844	35.6	87	48	2	79	159	76	160	1.29e-04	42.0
lcl|AP019371.1_prot_BBH71622.1_8307	iCHOv1.100769146	45.3	53	25	3	55	104	33	84	2.03e-05	42.7
lcl|AP019371.1_prot_BBH71622.1_8307	iML1515.b1134	29.5	112	69	4	62	169	14	119	1.75e-05	42.7
lcl|AP019371.1_prot_BBH71622.1_8307	iSDY_1059.SDY_2018	29.5	112	69	4	62	169	14	119	1.75e-05	42.7
lcl|AP019371.1_prot_BBH71622.1_8307	iSF_1195.SF1153	29.5	112	69	4	62	169	14	119	1.75e-05	42.7
lcl|AP019371.1_prot_BBH71622.1_8307	iMM1415.66401	31.7	82	51	3	77	156	38	116	2.23e-05	42.4
lcl|AP019371.1_prot_BBH71622.1_8307	iSbBS512_1146.SbBS512_E1312	29.5	112	69	4	62	169	14	119	2.40e-05	42.4
lcl|AP019371.1_prot_BBH71622.1_8307	iSSON_1240.SSON_1152	29.5	112	69	4	62	169	14	119	2.40e-05	42.4
lcl|AP019371.1_prot_BBH71622.1_8307	iYL1228.KPN_01211	26.9	134	85	5	52	180	6	131	3.72e-05	41.6
lcl|AP019371.1_prot_BBH71622.1_8307	STM_v1_0.STM1301	31.9	113	56	4	74	179	30	128	9.58e-05	40.4
lcl|AP019371.1_prot_BBH71622.1_8307	STM_v1_0.STM1235	29.1	110	72	3	62	169	14	119	4.00e-04	38.9
lcl|AP019371.1_prot_BBH71624.1_8309	iLJ478.TM1724	39.5	243	125	5	24	244	2	244	4.82e-40	138
lcl|AP019371.1_prot_BBH71627.1_8312	iLB1027_lipid.PHATRDRAFT_9984	30.4	115	68	4	43	147	52	164	4.45e-06	46.6
lcl|AP019371.1_prot_BBH71628.1_8313	iAF987.Gmet_2619	36.7	488	257	14	1	441	9	491	1.24e-78	252
lcl|AP019371.1_prot_BBH71628.1_8313	iSynCJ816.SGL_RS06375	35.7	479	255	13	6	438	24	495	2.21e-74	241
lcl|AP019371.1_prot_BBH71629.1_8314	iAF987.Gmet_1919	28.6	133	93	1	4	136	5	135	2.69e-07	50.1
lcl|AP019371.1_prot_BBH71629.1_8314	iAF987.Gmet_1914	28.2	131	92	2	1	131	1	129	4.14e-07	49.7
lcl|AP019371.1_prot_BBH71631.1_8316	iEK1008.Rv2443	65.2	431	149	1	5	434	14	444	2.45e-178	507
lcl|AP019371.1_prot_BBH71632.1_8317	iLB1027_lipid.PHATRDRAFT_51708	27.8	335	215	12	92	412	1	322	8.31e-14	72.4
lcl|AP019371.1_prot_BBH71632.1_8317	iCHOv1.100763379	26.6	394	179	12	81	386	23	394	1.52e-13	72.0
lcl|AP019371.1_prot_BBH71633.1_8318	iCHOv1.100751624	26.1	199	102	8	94	270	92	267	3.98e-07	50.1
lcl|AP019371.1_prot_BBH71633.1_8318	iCHOv1.100751913	25.9	197	105	6	94	270	92	267	5.34e-07	49.7
lcl|AP019371.1_prot_BBH71633.1_8318	iMM1415.54200	25.0	192	112	6	94	268	148	324	4.32e-06	47.4
lcl|AP019371.1_prot_BBH71633.1_8318	iMM1415.20859	25.9	170	93	5	118	270	115	268	9.96e-06	45.8
lcl|AP019371.1_prot_BBH71634.1_8319	iEK1008.Rv2936	47.0	317	159	3	2	314	4	315	2.71e-84	257
lcl|AP019371.1_prot_BBH71635.1_8320	iEK1008.Rv2938	25.2	234	173	2	14	246	36	268	2.70e-23	95.1
lcl|AP019371.1_prot_BBH71645.1_8330	iYO844.BSU31100	36.6	437	270	5	8	444	16	445	3.38e-82	259
lcl|AP019371.1_prot_BBH71645.1_8330	iSynCJ816.SGL_RS09315	37.0	443	270	2	9	444	4	444	1.88e-77	247
lcl|AP019371.1_prot_BBH71645.1_8330	iCN900.CD630_06960	34.2	447	283	4	6	444	15	458	4.57e-75	241
lcl|AP019371.1_prot_BBH71646.1_8331	iYS854.USA300HOU_RS05420	40.2	204	121	1	10	212	2	205	8.53e-49	159
lcl|AP019371.1_prot_BBH71646.1_8331	iYO844.BSU14510	38.9	208	126	1	14	220	6	213	3.97e-47	154
lcl|AP019371.1_prot_BBH71646.1_8331	iYO844.BSU31090	35.6	208	133	1	14	220	10	217	5.82e-44	146
lcl|AP019371.1_prot_BBH71646.1_8331	iCN900.CD630_06970	38.4	211	129	1	15	224	6	216	5.99e-44	146
lcl|AP019371.1_prot_BBH71647.1_8332	iEK1008.Rv0386	38.0	442	243	6	281	714	190	608	1.54e-59	222
lcl|AP019371.1_prot_BBH71652.1_8337	iMM904.YML059C	28.1	199	119	4	8	191	1368	1557	3.84e-12	66.2
lcl|AP019371.1_prot_BBH71655.1_8340	iYL1228.KPN_03756	31.3	112	72	3	98	208	113	220	1.84e-04	41.2
lcl|AP019371.1_prot_BBH71655.1_8340	iCHOv1.100764540	31.3	83	54	1	104	186	116	195	4.39e-04	40.0
lcl|AP019371.1_prot_BBH71656.1_8341	iYO844.BSU35660	36.8	378	203	14	1	357	1	363	1.70e-47	165
lcl|AP019371.1_prot_BBH71656.1_8341	iAF987.Gmet_1504	37.1	321	182	7	11	315	8	324	3.47e-47	164
lcl|AP019371.1_prot_BBH71656.1_8341	iSynCJ816.SGL_RS15665	35.5	375	212	13	1	357	3	365	1.58e-44	157
lcl|AP019371.1_prot_BBH71656.1_8341	iAF987.Gmet_1489	35.4	381	202	11	10	359	4	371	5.46e-44	156
lcl|AP019371.1_prot_BBH71656.1_8341	iYS854.USA300HOU_RS00875	36.3	397	200	16	4	372	2	373	3.95e-43	154
lcl|AP019371.1_prot_BBH71656.1_8341	iJN1463.PP_1811	35.1	388	198	9	5	358	4	371	1.46e-42	152
lcl|AP019371.1_prot_BBH71658.1_8343	iSynCJ816.SGL_RS10570	35.2	267	165	3	74	337	108	369	3.32e-38	144
lcl|AP019371.1_prot_BBH71661.1_8346	iJN1463.PP_4243	24.8	3232	1898	104	1	2993	9	2942	1.72e-119	427
lcl|AP019371.1_prot_BBH71666.1_8351	iCN718.ABAYE_RS12975	33.5	346	190	8	1	312	1	340	3.33e-44	154
lcl|AP019371.1_prot_BBH71666.1_8351	iYO844.BSU09530	34.9	295	169	6	1	285	1	282	9.96e-41	145
lcl|AP019371.1_prot_BBH71666.1_8351	iYL1228.KPN_02741	35.3	292	173	8	1	283	1	285	1.45e-40	144
lcl|AP019371.1_prot_BBH71666.1_8351	iML1515.b3001	31.5	336	197	10	1	316	13	335	5.51e-39	140
lcl|AP019371.1_prot_BBH71666.1_8351	iSbBS512_1146.SbBS512_E3430	31.5	336	197	10	1	316	13	335	7.69e-39	140
lcl|AP019371.1_prot_BBH71666.1_8351	iSF_1195.SF3047	31.5	336	197	10	1	316	13	335	7.69e-39	140
lcl|AP019371.1_prot_BBH71666.1_8351	iSSON_1240.SSON_3145	31.5	336	197	10	1	316	13	335	7.69e-39	140
lcl|AP019371.1_prot_BBH71672.1_8357	iNF517.LLMG_RS09975	47.0	313	159	4	26	334	27	336	2.61e-90	273
lcl|AP019371.1_prot_BBH71672.1_8357	iJN1463.PP_3839	44.0	336	182	5	1	334	1	332	1.35e-86	263
lcl|AP019371.1_prot_BBH71672.1_8357	iYL1228.KPN_01853	44.3	336	181	5	1	334	1	332	3.83e-86	262
lcl|AP019371.1_prot_BBH71672.1_8357	iML1515.b1478	43.8	336	183	5	1	334	1	332	2.79e-83	255
lcl|AP019371.1_prot_BBH71672.1_8357	STM_v1_0.STM1567	43.8	336	183	5	1	334	1	332	2.79e-83	255
lcl|AP019371.1_prot_BBH71672.1_8357	iSDY_1059.SDY_1608	43.2	336	185	5	1	334	11	342	1.28e-82	254
lcl|AP019371.1_prot_BBH71672.1_8357	iSF_1195.SF1747	42.6	336	187	5	1	334	1	332	7.13e-81	249
lcl|AP019371.1_prot_BBH71673.1_8358	iCN900.CD630_07590	63.0	740	273	1	1	739	1	740	0.0	953
lcl|AP019371.1_prot_BBH71673.1_8358	iYS854.USA300HOU_RS01150	61.7	737	280	2	3	738	11	746	0.0	933
lcl|AP019371.1_prot_BBH71673.1_8358	iML1515.b0903	60.6	746	283	4	3	737	11	756	0.0	896
lcl|AP019371.1_prot_BBH71673.1_8358	iSSON_1240.SSON_0904	60.6	746	283	4	3	737	11	756	0.0	896
lcl|AP019371.1_prot_BBH71673.1_8358	iSbBS512_1146.SbBS512_E2425	60.5	746	284	4	3	737	11	756	0.0	895
lcl|AP019371.1_prot_BBH71673.1_8358	iPC815.YPO1383	60.5	747	284	4	2	737	10	756	0.0	894
lcl|AP019371.1_prot_BBH71673.1_8358	iSDY_1059.SDY_2358	60.3	746	285	4	3	737	11	756	0.0	894
lcl|AP019371.1_prot_BBH71673.1_8358	iSF_1195.SF0898	60.3	746	285	4	3	737	11	756	0.0	893
lcl|AP019371.1_prot_BBH71673.1_8358	iYL1228.KPN_00931	60.6	746	283	4	3	737	11	756	2.90e-319	887
lcl|AP019371.1_prot_BBH71673.1_8358	STM_v1_0.STM0973	60.6	746	283	4	3	737	11	756	8.71e-319	886
lcl|AP019371.1_prot_BBH71673.1_8358	iSF_1195.SF3154	60.2	746	286	4	3	737	15	760	3.67e-316	880
lcl|AP019371.1_prot_BBH71673.1_8358	iML1515.b3114	60.2	746	286	4	3	737	15	760	5.20e-316	879
lcl|AP019371.1_prot_BBH71673.1_8358	iSSON_1240.SSON_3271	60.2	746	286	4	3	737	15	760	5.20e-316	879
lcl|AP019371.1_prot_BBH71673.1_8358	iSbBS512_1146.SbBS512_E3243	60.1	746	287	4	3	737	15	760	7.37e-316	879
lcl|AP019371.1_prot_BBH71673.1_8358	iSDY_1059.SDY_3306	60.1	746	287	4	3	737	15	760	6.00e-315	877
lcl|AP019371.1_prot_BBH71673.1_8358	STM_v1_0.STM3241	59.8	747	289	4	2	737	14	760	4.88e-314	874
lcl|AP019371.1_prot_BBH71674.1_8359	iPC815.YPO1381	39.8	244	144	2	1	242	1	243	7.72e-63	196
lcl|AP019371.1_prot_BBH71674.1_8359	STM_v1_0.STM0970	38.8	242	145	2	3	242	33	273	1.08e-61	194
lcl|AP019371.1_prot_BBH71674.1_8359	iYL1228.KPN_00930	39.3	242	144	2	3	242	5	245	6.60e-62	194
lcl|AP019371.1_prot_BBH71674.1_8359	iML1515.b0902	38.8	242	145	2	3	242	5	245	9.34e-62	193
lcl|AP019371.1_prot_BBH71674.1_8359	iSbBS512_1146.SbBS512_E2426	38.8	242	145	2	3	242	14	254	1.23e-61	193
lcl|AP019371.1_prot_BBH71674.1_8359	iSDY_1059.SDY_2359	38.8	242	145	2	3	242	5	245	9.34e-62	193
lcl|AP019371.1_prot_BBH71674.1_8359	iSF_1195.SF0897	38.8	242	145	2	3	242	5	245	9.34e-62	193
lcl|AP019371.1_prot_BBH71674.1_8359	iSSON_1240.SSON_0903	38.8	242	145	2	3	242	5	245	9.34e-62	193
lcl|AP019371.1_prot_BBH71676.1_8361	iYL1228.KPN_00756	21.8	234	159	6	66	295	65	278	3.13e-04	41.6
lcl|AP019371.1_prot_BBH71682.1_8367	iAF987.Gmet_2329	37.5	320	185	7	1	307	1	318	2.33e-52	174
lcl|AP019371.1_prot_BBH71682.1_8367	iNF517.LLMG_RS11200	32.3	325	205	7	1	313	1	322	1.66e-48	164
lcl|AP019371.1_prot_BBH71682.1_8367	iYO844.BSU38860	36.6	331	181	11	1	307	1	326	4.51e-48	164
lcl|AP019371.1_prot_BBH71682.1_8367	iCN900.CD630_27140	33.5	331	191	8	1	307	1	326	1.19e-47	162
lcl|AP019371.1_prot_BBH71688.1_8373	iML1515.b3590	30.5	632	363	18	3	589	2	602	9.84e-53	190
lcl|AP019371.1_prot_BBH71688.1_8373	iCN900.CD630_24930	32.8	366	220	5	3	354	5	358	6.37e-49	179
lcl|AP019371.1_prot_BBH71689.1_8374	iAF987.Gmet_0061	36.8	467	223	9	30	463	34	461	2.84e-68	224
lcl|AP019371.1_prot_BBH71689.1_8374	iJN1463.PP_0493	36.3	482	225	11	7	445	12	454	2.39e-65	217
lcl|AP019371.1_prot_BBH71689.1_8374	iYL1228.KPN_03939	36.4	478	228	9	7	447	12	450	1.96e-63	212
lcl|AP019371.1_prot_BBH71689.1_8374	iPC815.YPO4054	35.1	481	234	10	5	447	10	450	2.19e-61	206
lcl|AP019371.1_prot_BBH71689.1_8374	STM_v1_0.STM3683	37.0	411	193	8	64	447	80	451	2.35e-60	204
lcl|AP019371.1_prot_BBH71689.1_8374	iSbBS512_1146.SbBS512_E4006	36.6	415	197	7	64	451	80	455	2.35e-60	204
lcl|AP019371.1_prot_BBH71689.1_8374	iSF_1195.SF3629	36.6	415	197	7	64	451	80	455	2.35e-60	204
lcl|AP019371.1_prot_BBH71689.1_8374	iSSON_1240.SSON_3817	36.6	415	197	7	64	451	80	455	4.59e-60	203
lcl|AP019371.1_prot_BBH71689.1_8374	iSDY_1059.SDY_4212	36.4	415	198	7	64	451	80	455	8.99e-60	202
lcl|AP019371.1_prot_BBH71690.1_8375	iJN1463.PP_0823	47.8	324	157	6	3	319	5	323	3.88e-84	257
lcl|AP019371.1_prot_BBH71690.1_8375	iPC815.YPO2164	44.4	331	173	6	3	329	6	329	4.39e-84	257
lcl|AP019371.1_prot_BBH71690.1_8375	iML1515.b1764	45.5	341	164	7	2	325	5	340	8.52e-84	256
lcl|AP019371.1_prot_BBH71690.1_8375	iSbBS512_1146.SbBS512_E2019	45.5	341	164	7	2	325	5	340	8.52e-84	256
lcl|AP019371.1_prot_BBH71690.1_8375	iSDY_1059.SDY_1509	45.5	341	164	7	2	325	5	340	8.52e-84	256
lcl|AP019371.1_prot_BBH71690.1_8375	iSF_1195.SF1459	45.5	341	164	7	2	325	5	340	1.70e-83	256
lcl|AP019371.1_prot_BBH71690.1_8375	iSSON_1240.SSON_1391	45.2	341	165	7	2	325	5	340	1.36e-82	253
lcl|AP019371.1_prot_BBH71690.1_8375	iAF987.Gmet_2907	46.4	308	157	3	3	306	2	305	2.46e-79	245
lcl|AP019371.1_prot_BBH71690.1_8375	iYL1228.KPN_01207	44.2	342	169	7	1	325	4	340	2.77e-79	245
lcl|AP019371.1_prot_BBH71690.1_8375	STM_v1_0.STM1297	43.9	342	170	7	1	325	4	340	7.83e-79	244
lcl|AP019371.1_prot_BBH71691.1_8376	iML1515.b4388	26.8	138	100	1	68	204	179	316	1.60e-09	56.2
lcl|AP019371.1_prot_BBH71691.1_8376	iSbBS512_1146.SbBS512_E4935	26.8	138	100	1	68	204	179	316	1.60e-09	56.2
lcl|AP019371.1_prot_BBH71691.1_8376	iSDY_1059.SDY_4649	26.8	138	100	1	68	204	179	316	1.60e-09	56.2
lcl|AP019371.1_prot_BBH71691.1_8376	iSF_1195.SF4420	26.8	138	100	1	68	204	179	316	1.60e-09	56.2
lcl|AP019371.1_prot_BBH71691.1_8376	iSSON_1240.SSON_4538	26.8	138	100	1	68	204	179	316	1.60e-09	56.2
lcl|AP019371.1_prot_BBH71691.1_8376	iCN718.ABAYE_RS01030	25.6	203	141	3	3	200	197	394	2.53e-09	55.8
lcl|AP019371.1_prot_BBH71694.1_8379	iYO844.BSU24080	36.8	323	196	4	2	321	11	328	2.02e-51	174
lcl|AP019371.1_prot_BBH71694.1_8379	iJN1463.PP_4617	41.4	314	168	5	16	324	23	325	2.14e-51	173
lcl|AP019371.1_prot_BBH71697.1_8382	iLJ478.TM1724	36.3	248	143	3	3	241	2	243	1.02e-33	121
lcl|AP019371.1_prot_BBH71697.1_8382	iJN1463.PP_2794	38.2	251	130	6	4	241	11	249	1.77e-33	121
lcl|AP019371.1_prot_BBH71697.1_8382	iHN637.CLJU_RS17225	35.7	249	142	6	4	241	6	247	5.03e-31	114
lcl|AP019371.1_prot_BBH71697.1_8382	iNF517.LLMG_RS08260	33.6	247	152	4	7	241	3	249	2.92e-30	112
lcl|AP019371.1_prot_BBH71697.1_8382	iEK1008.Rv1928c	37.5	251	138	7	3	241	8	251	6.01e-30	112
lcl|AP019371.1_prot_BBH71697.1_8382	iYO844.BSU15910	33.9	251	146	7	3	241	1	243	2.66e-29	110
lcl|AP019371.1_prot_BBH71700.1_8385	iPC815.YPO4057	39.5	256	124	10	2	245	13	249	4.72e-55	180
lcl|AP019371.1_prot_BBH71700.1_8385	iYL1228.KPN_01866	39.9	248	132	7	5	246	12	248	6.03e-55	179
lcl|AP019371.1_prot_BBH71700.1_8385	iML1515.b1475	42.0	224	113	7	30	246	35	248	1.20e-54	178
lcl|AP019371.1_prot_BBH71700.1_8385	iSF_1195.SF1750	42.0	224	113	7	30	246	35	248	1.20e-54	178
lcl|AP019371.1_prot_BBH71700.1_8385	iSSON_1240.SSON_1649	42.4	224	112	7	30	246	35	248	1.20e-54	178
lcl|AP019371.1_prot_BBH71700.1_8385	iJN1463.PP_0490	39.5	258	122	11	30	271	30	269	6.13e-54	177
lcl|AP019371.1_prot_BBH71700.1_8385	STM_v1_0.STM1569	38.2	249	135	8	5	246	12	248	5.30e-53	174
lcl|AP019371.1_prot_BBH71700.1_8385	STM_v1_0.STM4036	37.1	275	143	10	17	273	16	278	5.43e-51	169
lcl|AP019371.1_prot_BBH71700.1_8385	iML1515.b3893	37.4	265	138	10	10	260	17	267	1.52e-50	167
lcl|AP019371.1_prot_BBH71700.1_8385	iSF_1195.SF3969	37.4	265	138	10	10	260	17	267	1.52e-50	167
lcl|AP019371.1_prot_BBH71700.1_8385	iSSON_1240.SSON_4062	37.4	265	138	10	10	260	17	267	1.52e-50	167
lcl|AP019371.1_prot_BBH71700.1_8385	iYL1228.KPN_04189	37.1	267	130	11	17	260	16	267	3.02e-50	167
lcl|AP019371.1_prot_BBH71701.1_8386	iAF987.Gmet_1059	39.5	1059	553	17	14	1042	6	1006	1.56e-236	698
lcl|AP019371.1_prot_BBH71701.1_8386	iJN1463.PP_0489	37.8	1020	546	23	48	1033	48	1013	3.04e-230	682
lcl|AP019371.1_prot_BBH71701.1_8386	iML1515.b3894	39.6	1020	529	22	45	1033	44	1007	2.00e-229	680
lcl|AP019371.1_prot_BBH71701.1_8386	STM_v1_0.STM1570	38.9	1022	540	18	48	1040	47	1013	7.66e-229	678
lcl|AP019371.1_prot_BBH71701.1_8386	iML1515.b1474	38.6	1028	535	23	48	1040	47	1013	7.44e-226	671
lcl|AP019371.1_prot_BBH71701.1_8386	iSSON_1240.SSON_1650	38.7	1024	540	20	48	1040	47	1013	2.09e-225	669
lcl|AP019371.1_prot_BBH71701.1_8386	STM_v1_0.STM4037	38.0	1041	551	21	25	1033	29	1007	4.28e-225	669
lcl|AP019371.1_prot_BBH71701.1_8386	iSF_1195.SF1751	38.5	1024	542	20	48	1040	47	1013	1.64e-224	667
lcl|AP019371.1_prot_BBH71708.1_8393	iSF_1195.SF0727	31.5	111	71	1	99	209	47	152	4.40e-08	52.8
lcl|AP019371.1_prot_BBH71708.1_8393	iSbBS512_1146.SbBS512_E2575	30.6	111	72	1	99	209	47	152	1.08e-07	51.6
lcl|AP019371.1_prot_BBH71708.1_8393	iSSON_1240.SSON_0756	30.6	111	72	1	99	209	47	152	1.08e-07	51.6
lcl|AP019371.1_prot_BBH71708.1_8393	iNF517.LLMG_RS03890	32.4	105	63	2	99	195	52	156	1.88e-07	50.8
lcl|AP019371.1_prot_BBH71708.1_8393	iJN1463.PP_5011	33.6	113	65	3	90	192	63	175	2.13e-06	47.8
lcl|AP019371.1_prot_BBH71711.1_8396	iYS854.USA300HOU_RS05595	43.3	104	58	1	73	176	60	162	2.03e-17	80.9
lcl|AP019371.1_prot_BBH71717.1_8402	iML1515.b1012	28.5	172	115	3	70	234	85	255	5.73e-11	62.4
lcl|AP019371.1_prot_BBH71717.1_8402	iSDY_1059.SDY_0987	27.9	172	116	3	70	234	85	255	2.48e-10	60.5
lcl|AP019371.1_prot_BBH71717.1_8402	iSF_1195.SF1015	27.9	172	116	3	70	234	85	255	2.48e-10	60.5
lcl|AP019371.1_prot_BBH71717.1_8402	iAF692.Mbar_A0420	25.2	226	149	4	19	242	17	224	3.91e-10	59.7
lcl|AP019371.1_prot_BBH71723.1_8408	iNF517.LLMG_RS09975	33.8	340	201	9	14	347	15	336	9.19e-50	169
lcl|AP019371.1_prot_BBH71723.1_8408	iML1515.b1478	35.1	328	187	10	26	347	25	332	6.84e-48	164
lcl|AP019371.1_prot_BBH71723.1_8408	STM_v1_0.STM1567	35.4	328	186	10	26	347	25	332	3.72e-47	162
lcl|AP019371.1_prot_BBH71723.1_8408	iSDY_1059.SDY_1608	34.6	327	188	10	27	347	36	342	1.82e-46	161
lcl|AP019371.1_prot_BBH71723.1_8408	iYL1228.KPN_01853	34.8	328	188	10	26	347	25	332	5.56e-46	159
lcl|AP019371.1_prot_BBH71723.1_8408	iSF_1195.SF1747	34.1	328	190	10	26	347	25	332	2.15e-45	157
lcl|AP019371.1_prot_BBH71723.1_8408	iJN1463.PP_3839	33.5	328	192	10	26	347	25	332	3.20e-44	154
lcl|AP019371.1_prot_BBH71736.1_8421	iYS854.USA300HOU_RS06130	29.0	214	131	5	3	196	5	217	8.17e-22	94.0
lcl|AP019371.1_prot_BBH71740.1_8425	iYL1228.KPN_00874	27.4	321	176	11	38	306	49	364	5.16e-11	63.9
lcl|AP019371.1_prot_BBH71740.1_8425	iPC815.YPO4048	31.9	141	90	4	39	175	50	188	1.61e-10	62.4
lcl|AP019371.1_prot_BBH71740.1_8425	STM_v1_0.STM0866	30.3	145	97	3	40	181	51	194	2.76e-09	58.5
lcl|AP019371.1_prot_BBH71741.1_8426	iJN1463.PP_2545	26.8	127	85	4	12	131	19	144	7.70e-04	39.7
lcl|AP019371.1_prot_BBH71743.1_8428	iJN1463.PP_1494	33.1	118	78	1	6	123	22	138	6.20e-12	63.5
lcl|AP019371.1_prot_BBH71744.1_8429	iML1515.b0123	33.1	490	258	8	32	458	34	516	7.78e-73	238
lcl|AP019371.1_prot_BBH71744.1_8429	iSSON_1240.SSON_0131	33.1	490	258	8	32	458	34	516	1.53e-72	238
lcl|AP019371.1_prot_BBH71744.1_8429	iSbBS512_1146.SbBS512_E0116	32.9	490	259	8	32	458	47	529	1.13e-71	236
lcl|AP019371.1_prot_BBH71744.1_8429	iSF_1195.SF0119	32.7	490	260	8	32	458	34	516	8.81e-71	233
lcl|AP019371.1_prot_BBH71744.1_8429	iSDY_1059.SDY_0030	32.7	490	260	8	32	458	34	516	1.23e-70	233
lcl|AP019371.1_prot_BBH71744.1_8429	STM_v1_0.STM0168	32.0	510	257	9	32	458	34	536	8.79e-67	223
lcl|AP019371.1_prot_BBH71744.1_8429	iYL1228.KPN_00131	32.8	506	254	10	32	458	34	532	1.72e-64	217
lcl|AP019371.1_prot_BBH71747.1_8432	iPC815.YPO4048	28.1	192	118	5	54	226	50	240	3.02e-10	61.6
lcl|AP019371.1_prot_BBH71747.1_8432	iML1515.b0842	26.9	167	115	4	32	195	31	193	6.83e-09	57.4
lcl|AP019371.1_prot_BBH71747.1_8432	iYL1228.KPN_00874	26.9	167	115	4	32	195	31	193	9.07e-09	57.0
lcl|AP019371.1_prot_BBH71747.1_8432	iSF_1195.SF0795	26.9	167	115	4	32	195	31	193	9.02e-09	57.0
lcl|AP019371.1_prot_BBH71752.1_8437	iLJ478.TM0156	35.4	421	196	11	44	414	21	415	3.40e-49	172
lcl|AP019371.1_prot_BBH71752.1_8437	iYO844.BSU05740	31.5	447	213	11	29	410	27	445	1.66e-46	166
lcl|AP019371.1_prot_BBH71753.1_8438	iML1515.b3566	35.2	318	189	6	38	353	28	330	2.68e-47	162
lcl|AP019371.1_prot_BBH71753.1_8438	iSF_1195.SF3610	35.2	318	189	6	38	353	28	330	2.68e-47	162
lcl|AP019371.1_prot_BBH71753.1_8438	iPC815.YPO4037	35.2	318	189	6	38	353	28	330	5.41e-47	162
lcl|AP019371.1_prot_BBH71753.1_8438	iSbBS512_1146.SbBS512_E3956	34.4	317	186	6	38	353	40	335	1.64e-46	160
lcl|AP019371.1_prot_BBH71753.1_8438	iYL1228.KPN_03930	34.6	318	191	6	38	353	10	312	5.40e-45	156
lcl|AP019371.1_prot_BBH71758.1_8443	iEK1008.Rv3097c	32.9	173	78	4	70	228	235	383	6.85e-17	79.7
lcl|AP019371.1_prot_BBH71761.1_8446	iPC815.YPO3806	27.9	337	212	8	317	628	75	405	1.39e-11	66.6
lcl|AP019371.1_prot_BBH71761.1_8446	iJN1463.PP_1139	25.5	310	197	7	355	644	121	416	7.31e-11	64.3
lcl|AP019371.1_prot_BBH71761.1_8446	iML1515.b3456	26.5	302	199	6	354	637	118	414	4.05e-10	62.0
lcl|AP019371.1_prot_BBH71761.1_8446	STM_v1_0.STM3562	26.5	302	199	6	354	637	118	414	4.05e-10	62.0
lcl|AP019371.1_prot_BBH71761.1_8446	iYL1228.KPN_03818	26.5	302	199	6	354	637	118	414	5.37e-10	61.6
lcl|AP019371.1_prot_BBH71761.1_8446	iSF_1195.SF3474	26.5	302	199	6	354	637	118	414	5.37e-10	61.6
lcl|AP019371.1_prot_BBH71761.1_8446	iSbBS512_1146.SbBS512_E3866	26.2	302	200	6	354	637	118	414	1.25e-09	60.5
lcl|AP019371.1_prot_BBH71761.1_8446	iSSON_1240.SSON_3694	26.2	302	200	6	354	637	118	414	1.25e-09	60.5
lcl|AP019371.1_prot_BBH71761.1_8446	iSDY_1059.SDY_3605	26.2	302	200	6	354	637	118	414	1.65e-09	60.1
lcl|AP019371.1_prot_BBH71762.1_8447	iAF987.Gmet_1820	39.0	249	142	3	4	243	1	248	1.76e-50	165
lcl|AP019371.1_prot_BBH71762.1_8447	iLJ478.TM1138	38.6	272	137	5	3	245	10	280	7.09e-49	162
lcl|AP019371.1_prot_BBH71762.1_8447	iPC815.YPO3805	36.8	250	149	3	3	243	5	254	1.13e-46	155
lcl|AP019371.1_prot_BBH71762.1_8447	iJN1463.PP_1138	37.3	249	147	4	4	243	5	253	1.97e-44	149
lcl|AP019371.1_prot_BBH71763.1_8448	iJN1463.PP_1137	43.0	235	122	5	4	228	1	233	4.03e-45	150
lcl|AP019371.1_prot_BBH71763.1_8448	STM_v1_0.STM3560	40.4	235	128	4	4	228	5	237	3.16e-42	142
lcl|AP019371.1_prot_BBH71763.1_8448	iYL1228.KPN_03816	40.0	235	129	5	4	228	5	237	6.29e-42	142
lcl|AP019371.1_prot_BBH71763.1_8448	iPC815.YPO3804	39.4	236	129	6	4	228	1	233	6.29e-41	139
lcl|AP019371.1_prot_BBH71763.1_8448	iSF_1195.SF3472	39.1	235	131	5	4	228	5	237	2.77e-40	137
lcl|AP019371.1_prot_BBH71763.1_8448	iJN1463.PP_4863	37.4	235	135	4	4	228	5	237	4.01e-40	137
lcl|AP019371.1_prot_BBH71763.1_8448	iML1515.b3454	39.1	235	131	5	4	228	5	237	1.10e-39	136
lcl|AP019371.1_prot_BBH71763.1_8448	iSbBS512_1146.SbBS512_E3868	39.1	235	131	5	4	228	9	241	1.22e-39	136
lcl|AP019371.1_prot_BBH71763.1_8448	iSSON_1240.SSON_3692	39.1	235	131	5	4	228	9	241	1.22e-39	136
lcl|AP019371.1_prot_BBH71763.1_8448	iLJ478.TM1139	38.9	239	132	5	1	227	1	237	1.16e-39	136
lcl|AP019371.1_prot_BBH71764.1_8449	iYS854.USA300HOU_RS07520	32.7	171	97	5	10	166	13	179	2.23e-13	66.2
lcl|AP019371.1_prot_BBH71764.1_8449	iAF987.Gmet_1167	29.4	153	95	4	1	140	24	176	1.34e-12	64.3
lcl|AP019371.1_prot_BBH71764.1_8449	iAF987.Gmet_0844	46.2	93	47	1	45	134	45	137	9.74e-12	62.0
lcl|AP019371.1_prot_BBH71764.1_8449	iJN1463.PP_5011	34.0	147	84	3	7	140	29	175	4.24e-11	60.1
lcl|AP019371.1_prot_BBH71766.1_8451	iYL1228.KPN_02122	29.4	347	209	11	3	326	17	350	1.88e-17	84.0
lcl|AP019371.1_prot_BBH71766.1_8451	iML1515.b0347	27.1	351	212	9	3	326	17	350	1.42e-16	81.3
lcl|AP019371.1_prot_BBH71766.1_8451	iSSON_1240.SSON_0297	26.8	351	213	9	3	326	17	350	8.00e-16	79.0
lcl|AP019371.1_prot_BBH71769.1_8454	iSynCJ816.SGL_RS14865	38.1	252	149	3	2	252	5	250	3.68e-51	167
lcl|AP019371.1_prot_BBH71769.1_8454	iSynCJ816.SGL_RS16015	36.8	250	156	2	4	252	24	272	1.04e-49	164
lcl|AP019371.1_prot_BBH71772.1_8457	iYS854.USA300HOU_RS03930	40.9	491	273	10	1	477	14	501	8.79e-111	336
lcl|AP019371.1_prot_BBH71774.1_8459	iLJ478.TM1227	29.3	225	123	5	29	230	23	234	5.94e-18	87.8
lcl|AP019371.1_prot_BBH71775.1_8460	iLJ478.TM1624	32.0	685	447	8	6	676	5	684	3.79e-114	364
lcl|AP019371.1_prot_BBH71775.1_8460	iMM1415.110173	34.0	671	382	16	7	622	25	689	1.04e-109	355
lcl|AP019371.1_prot_BBH71776.1_8461	iYO844.BSU30290	30.5	256	169	4	19	270	25	275	4.05e-33	121
lcl|AP019371.1_prot_BBH71776.1_8461	iYO844.BSU34140	30.6	268	182	4	6	270	16	282	2.00e-30	114
lcl|AP019371.1_prot_BBH71776.1_8461	STM_v1_0.STM4227	29.9	284	178	5	5	270	15	295	3.64e-30	114
lcl|AP019371.1_prot_BBH71776.1_8461	iML1515.b4032	30.0	283	179	4	5	270	15	295	9.91e-30	113
lcl|AP019371.1_prot_BBH71776.1_8461	iSF_1195.SF4173	30.0	283	179	4	5	270	15	295	9.91e-30	113
lcl|AP019371.1_prot_BBH71776.1_8461	iSSON_1240.SSON_4210	29.7	283	180	4	5	270	15	295	7.32e-29	110
lcl|AP019371.1_prot_BBH71776.1_8461	iYS854.USA300HOU_RS01105	30.4	214	147	2	59	270	65	278	7.30e-29	110
lcl|AP019371.1_prot_BBH71777.1_8462	iEK1008.Rv2040c	31.6	288	184	7	16	293	3	287	4.12e-39	139
lcl|AP019371.1_prot_BBH71777.1_8462	iEK1008.Rv2835c	30.3	294	197	5	10	298	11	301	1.71e-38	137
lcl|AP019371.1_prot_BBH71777.1_8462	iYO844.BSU06980	32.1	280	180	7	15	287	15	291	2.90e-37	134
lcl|AP019371.1_prot_BBH71780.1_8465	iAF987.Gmet_1639	37.3	169	100	2	159	322	99	266	1.45e-21	94.0
lcl|AP019371.1_prot_BBH71780.1_8465	iYO844.BSU24850	26.5	306	200	6	84	369	8	308	6.84e-19	86.3
lcl|AP019371.1_prot_BBH71788.1_8473	STM_v1_0.STM2961	35.8	419	238	7	2	390	8	425	6.03e-71	229
lcl|AP019371.1_prot_BBH71788.1_8473	iYL1228.KPN_03131	35.1	416	233	7	8	390	3	414	8.97e-71	228
lcl|AP019371.1_prot_BBH71788.1_8473	iML1515.b2788	34.4	419	244	6	2	390	8	425	1.30e-69	226
lcl|AP019371.1_prot_BBH71788.1_8473	iSF_1195.SF2801	34.1	419	245	6	2	390	8	425	1.82e-69	225
lcl|AP019371.1_prot_BBH71788.1_8473	iSSON_1240.SSON_2945	34.1	419	245	6	2	390	8	425	2.56e-69	225
lcl|AP019371.1_prot_BBH71788.1_8473	iJN1463.PP_4757	34.9	418	240	7	2	389	12	427	1.60e-67	220
lcl|AP019371.1_prot_BBH71789.1_8474	iJN1463.PP_3599	40.8	292	168	2	4	294	12	299	2.52e-66	209
lcl|AP019371.1_prot_BBH71789.1_8474	iYO844.BSU02460	37.7	292	177	2	5	295	10	297	7.35e-64	203
lcl|AP019371.1_prot_BBH71790.1_8475	iEK1008.Rv2834c	30.1	266	173	5	24	283	17	275	1.03e-33	123
lcl|AP019371.1_prot_BBH71790.1_8475	iCN900.CD630_34150	27.9	251	170	5	20	266	27	270	8.00e-30	113
lcl|AP019371.1_prot_BBH71791.1_8476	iEK1008.Rv2040c	30.2	291	199	3	26	313	3	292	3.13e-38	137
lcl|AP019371.1_prot_BBH71793.1_8478	iJN1463.PP_1171	37.8	259	153	5	11	263	8	264	9.50e-42	144
lcl|AP019371.1_prot_BBH71794.1_8479	iJN1463.PP_1256	45.3	435	217	6	10	424	66	499	1.55e-101	311
lcl|AP019371.1_prot_BBH71798.1_8483	iEK1008.Rv1912c	32.6	344	195	11	1	319	1	332	1.04e-23	99.0
lcl|AP019371.1_prot_BBH71798.1_8483	iEK1008.Rv3777	30.0	327	200	8	13	321	13	328	4.43e-22	94.4
lcl|AP019371.1_prot_BBH71799.1_8484	iEK1008.Rv0386	43.5	69	36	1	286	354	1019	1084	6.21e-09	57.4
lcl|AP019371.1_prot_BBH71800.1_8485	iJN1463.PP_3944	31.3	358	196	9	2	310	6	362	9.37e-31	119
lcl|AP019371.1_prot_BBH71801.1_8486	iAF692.Mbar_A0211	35.6	320	182	9	7	307	16	330	7.51e-45	160
lcl|AP019371.1_prot_BBH71801.1_8486	iAF987.Gmet_1825	36.3	325	172	13	8	307	16	330	2.06e-44	159
lcl|AP019371.1_prot_BBH71801.1_8486	iAF987.Gmet_1818	32.2	369	209	13	7	342	15	375	2.00e-41	151
lcl|AP019371.1_prot_BBH71802.1_8487	iAF692.Mbar_A0921	39.3	242	142	4	96	335	137	375	6.78e-44	154
lcl|AP019371.1_prot_BBH71803.1_8488	iAF692.Mbar_A0753	39.4	251	152	0	5	255	5	255	2.12e-51	168
lcl|AP019371.1_prot_BBH71803.1_8488	iAF692.Mbar_A0920	37.7	252	157	0	8	259	5	256	3.08e-50	165
lcl|AP019371.1_prot_BBH71804.1_8489	iEK1008.Rv0386	46.2	65	35	0	830	894	1019	1083	9.47e-06	49.3
lcl|AP019371.1_prot_BBH71805.1_8490	iYL1228.KPN_02122	38.4	86	50	2	273	355	263	348	6.05e-06	48.5
lcl|AP019371.1_prot_BBH71810.1_8495	iHN637.CLJU_RS16730	27.0	690	413	22	6	676	6	623	6.62e-38	151
lcl|AP019371.1_prot_BBH71810.1_8495	iAF987.Gmet_0354	27.8	776	398	29	6	678	17	733	2.36e-35	144
lcl|AP019371.1_prot_BBH71818.1_8503	iEK1008.Rv0533c	47.9	326	150	3	12	317	8	333	4.12e-80	246
lcl|AP019371.1_prot_BBH71819.1_8504	iYO844.BSU34660	25.1	514	365	7	1	507	12	512	4.39e-34	135
lcl|AP019371.1_prot_BBH71819.1_8504	iJN1463.PP_0075	28.5	509	336	11	2	503	20	507	1.85e-33	133
lcl|AP019371.1_prot_BBH71819.1_8504	iNF517.LLMG_RS00350	25.1	549	362	15	2	532	19	536	2.86e-31	127
lcl|AP019371.1_prot_BBH71819.1_8504	iSynCJ816.SGL_RS15380	27.4	521	336	11	7	503	23	525	2.14e-29	121
lcl|AP019371.1_prot_BBH71822.1_8507	iAM_Pb448.PBANKA_110710	24.0	317	191	8	236	510	281	589	1.37e-09	62.0
lcl|AP019371.1_prot_BBH71825.1_8510	iAF987.Gmet_1624	36.5	85	46	2	100	176	273	357	7.13e-05	42.0
lcl|AP019371.1_prot_BBH71841.1_8526	iYS854.USA300HOU_RS06130	31.5	273	180	6	1	272	1	267	1.65e-36	138
lcl|AP019371.1_prot_BBH71846.1_8531	iYS854.USA300HOU_RS06130	32.7	205	130	5	9	210	10	209	7.46e-24	102
lcl|AP019371.1_prot_BBH71854.1_8539	iEK1008.Rv0386	47.4	57	27	1	156	209	1027	1083	1.61e-04	42.0
lcl|AP019371.1_prot_BBH71881.1_8566	iML1515.b0830	25.1	342	230	12	72	398	62	392	6.08e-19	89.4
lcl|AP019371.1_prot_BBH71881.1_8566	STM_v1_0.STM0849	25.7	327	221	11	72	385	62	379	1.44e-18	88.2
lcl|AP019371.1_prot_BBH71881.1_8566	iSbBS512_1146.SbBS512_E2518	25.3	340	232	11	72	398	62	392	1.44e-18	88.2
lcl|AP019371.1_prot_BBH71881.1_8566	iSDY_1059.SDY_0757	25.3	340	232	11	72	398	62	392	1.44e-18	88.2
lcl|AP019371.1_prot_BBH71881.1_8566	iSF_1195.SF0780	24.9	342	231	12	72	398	62	392	1.91e-18	87.8
lcl|AP019371.1_prot_BBH71881.1_8566	iSSON_1240.SSON_0812	24.9	342	231	12	72	398	62	392	1.91e-18	87.8
lcl|AP019371.1_prot_BBH71881.1_8566	iYL1228.KPN_00863	24.2	442	302	15	72	489	62	494	8.03e-18	85.9
