lcl|CP015118.1_prot_ARN23654.1_17	iCN900.CD630_09270	36.3	168	100	5	6	168	7	172	3.14e-22	96.7
lcl|CP015118.1_prot_ARN18451.1_28	iSynCJ816.SGL_RS17200	31.3	691	452	9	9	682	5	689	3.48e-100	322
lcl|CP015118.1_prot_ARN18451.1_28	iSynCJ816.SGL_RS10930	31.8	679	441	9	9	672	7	678	1.35e-97	315
lcl|CP015118.1_prot_ARN18451.1_28	iEK1008.Rv0684	30.6	686	448	11	9	672	10	689	2.53e-96	311
lcl|CP015118.1_prot_ARN18451.1_28	iSynCJ816.SGL_RS15140	31.8	683	410	15	12	670	9	659	6.62e-95	307
lcl|CP015118.1_prot_ARN18453.1_30	iCN718.ABAYE_RS03640	52.5	219	93	3	1	217	1	210	1.97e-82	244
lcl|CP015118.1_prot_ARN18453.1_30	iMM904.YBL064C	56.1	214	90	2	3	215	49	259	1.25e-79	238
lcl|CP015118.1_prot_ARN18454.1_31	STM_v1_0.STM3857	39.1	340	196	5	9	346	15	345	1.58e-71	226
lcl|CP015118.1_prot_ARN18454.1_31	iYL1228.KPN_04133	39.7	340	194	5	9	346	15	345	4.45e-71	224
lcl|CP015118.1_prot_ARN18454.1_31	iPC815.YPO4117	38.7	341	200	5	9	344	7	343	7.01e-70	221
lcl|CP015118.1_prot_ARN18454.1_31	iSSON_1240.SSON_3906	39.3	341	194	6	9	346	15	345	7.80e-69	219
lcl|CP015118.1_prot_ARN18454.1_31	iML1515.b3728	39.0	341	195	6	9	346	15	345	1.10e-68	218
lcl|CP015118.1_prot_ARN18454.1_31	iSbBS512_1146.SbBS512_E4200	39.0	341	195	6	9	346	15	345	1.10e-68	218
lcl|CP015118.1_prot_ARN18454.1_31	iSF_1195.SF3727	39.0	341	195	6	9	346	15	345	1.10e-68	218
lcl|CP015118.1_prot_ARN18454.1_31	iSDY_1059.SDY_4022	38.4	341	197	6	9	346	15	345	1.36e-66	213
lcl|CP015118.1_prot_ARN18456.1_33	iEK1008.Rv1200	39.3	430	238	8	17	437	2	417	9.95e-94	289
lcl|CP015118.1_prot_ARN18458.1_35	iAF987.Gmet_2559	32.9	167	111	1	233	399	359	524	1.13e-12	69.7
lcl|CP015118.1_prot_ARN18460.1_37	iYL1228.KPN_02061	34.9	261	154	5	441	696	3	252	1.30e-27	112
lcl|CP015118.1_prot_ARN18460.1_37	iYL1228.KPN_03040	31.9	260	174	2	439	698	1	257	7.42e-26	107
lcl|CP015118.1_prot_ARN18460.1_37	iEK1008.Rv1928c	31.4	261	155	5	440	696	11	251	3.60e-24	102
lcl|CP015118.1_prot_ARN18460.1_37	iSbBS512_1146.SbBS512_E3172	31.2	260	176	2	439	698	1	257	5.31e-24	101
lcl|CP015118.1_prot_ARN18460.1_37	iML1515.b2705	31.2	260	176	2	439	698	1	257	9.76e-24	100
lcl|CP015118.1_prot_ARN18460.1_37	iSDY_1059.SDY_2902	31.2	260	176	2	439	698	1	257	9.76e-24	100
lcl|CP015118.1_prot_ARN18460.1_37	iSF_1195.SF2728	31.7	262	172	4	439	698	1	257	9.76e-24	100
lcl|CP015118.1_prot_ARN18461.1_38	iLJ478.TM1071	41.3	380	211	3	37	411	2	374	5.34e-98	298
lcl|CP015118.1_prot_ARN18462.1_39	iML1515.b1516	34.4	288	182	6	24	309	26	308	1.10e-49	168
lcl|CP015118.1_prot_ARN18463.1_40	iYO844.BSU35940	40.5	499	287	2	10	508	3	491	6.71e-126	377
lcl|CP015118.1_prot_ARN18463.1_40	iLJ478.TM0115	42.1	484	270	3	10	490	15	491	3.49e-124	373
lcl|CP015118.1_prot_ARN18463.1_40	iLJ478.TM0956	39.9	504	289	4	10	506	13	509	8.57e-123	370
lcl|CP015118.1_prot_ARN18463.1_40	iML1515.b3749	41.3	499	283	3	10	508	5	493	1.73e-122	368
lcl|CP015118.1_prot_ARN18463.1_40	STM_v1_0.STM3882	41.6	500	280	4	10	508	5	493	1.73e-122	368
lcl|CP015118.1_prot_ARN18463.1_40	iYL1228.KPN_04154	41.1	499	284	3	10	508	5	493	2.75e-121	365
lcl|CP015118.1_prot_ARN18463.1_40	iPC815.YPO3964	39.5	504	293	4	8	510	5	497	6.54e-115	349
lcl|CP015118.1_prot_ARN18463.1_40	iNF517.LLMG_RS04060	37.2	500	301	4	10	508	3	490	2.60e-113	344
lcl|CP015118.1_prot_ARN18463.1_40	iHN637.CLJU_RS00620	37.5	499	304	3	10	508	6	496	2.84e-111	339
lcl|CP015118.1_prot_ARN18464.1_41	iNF517.LLMG_RS04065	37.5	296	182	2	14	309	14	306	6.36e-49	166
lcl|CP015118.1_prot_ARN18464.1_41	iYL1228.KPN_04155	37.9	301	176	5	14	309	23	317	6.48e-47	160
lcl|CP015118.1_prot_ARN18464.1_41	iML1515.b3750	37.5	301	177	5	14	309	23	317	4.96e-46	158
lcl|CP015118.1_prot_ARN18464.1_41	STM_v1_0.STM3883	36.0	311	181	6	10	309	14	317	1.05e-44	155
lcl|CP015118.1_prot_ARN18464.1_41	iPC815.YPO2499	35.4	302	176	5	15	309	36	325	2.56e-44	154
lcl|CP015118.1_prot_ARN18464.1_41	iLJ478.TM0955	35.4	305	182	3	12	307	23	321	1.99e-43	152
lcl|CP015118.1_prot_ARN18464.1_41	iYL1228.KPN_02586	35.8	318	186	6	8	309	13	328	4.38e-43	151
lcl|CP015118.1_prot_ARN18465.1_42	iPC815.YPO2499	35.4	311	184	5	7	309	23	324	4.97e-49	166
lcl|CP015118.1_prot_ARN18465.1_42	iML1515.b1515	35.2	304	183	3	7	304	7	302	2.42e-45	156
lcl|CP015118.1_prot_ARN18465.1_42	iSF_1195.SF1585	35.2	304	183	3	7	304	7	302	2.42e-45	156
lcl|CP015118.1_prot_ARN18467.1_44	STM_v1_0.STM2977	26.3	278	184	7	1	263	1	272	1.02e-08	57.0
lcl|CP015118.1_prot_ARN18469.1_46	iHN637.CLJU_RS08975	25.7	144	103	3	65	204	47	190	2.76e-05	45.8
lcl|CP015118.1_prot_ARN18469.1_46	iJN1463.PP_3740	31.3	128	85	2	58	183	51	177	4.50e-04	42.0
lcl|CP015118.1_prot_ARN18471.1_48	iJN1463.PP_3382	39.9	398	210	7	46	423	29	417	5.64e-91	281
lcl|CP015118.1_prot_ARN18471.1_48	iJN1463.PP_3948	40.4	371	195	10	45	404	805	1160	5.29e-78	262
lcl|CP015118.1_prot_ARN18472.1_49	iAM_Pf480.PF3D7_1430900	31.3	83	57	0	95	177	85	167	1.35e-07	48.9
lcl|CP015118.1_prot_ARN18472.1_49	iAM_Pc455.PCYB_132780	31.3	83	57	0	95	177	85	167	1.86e-07	48.5
lcl|CP015118.1_prot_ARN18472.1_49	iAM_Pv461.PVX_084995	31.3	83	57	0	95	177	85	167	1.86e-07	48.5
lcl|CP015118.1_prot_ARN18472.1_49	iAM_Pb448.PBANKA_101380	30.1	83	58	0	95	177	85	167	3.52e-07	47.8
lcl|CP015118.1_prot_ARN18473.1_50	iJN1463.PP_0104	26.2	477	262	23	3	435	30	460	1.06e-21	98.2
lcl|CP015118.1_prot_ARN18473.1_50	iSynCJ816.SGL_RS05545	24.8	440	281	14	42	461	65	474	1.14e-20	95.1
lcl|CP015118.1_prot_ARN18473.1_50	iCN718.ABAYE_RS07350	23.9	427	258	16	42	435	97	489	4.49e-19	90.5
lcl|CP015118.1_prot_ARN18473.1_50	iMM904.Q0045	29.9	224	129	8	246	469	277	472	1.04e-18	89.0
lcl|CP015118.1_prot_ARN18474.1_51	iIT341.HP1227	34.3	67	42	2	95	159	25	91	2.13e-04	39.3
lcl|CP015118.1_prot_ARN18476.1_54	iNF517.LLMG_RS05835	29.5	224	143	7	81	293	91	310	5.24e-18	82.4
lcl|CP015118.1_prot_ARN18476.1_54	iJN1463.PP_3190	32.2	230	149	6	76	299	84	312	1.15e-16	78.6
lcl|CP015118.1_prot_ARN18476.1_54	iAF692.Mbar_A3192	27.7	289	188	8	26	297	27	311	3.23e-16	77.4
lcl|CP015118.1_prot_ARN18477.1_55	iPC815.YPO2147	33.3	435	272	8	1	430	1	422	3.48e-56	191
lcl|CP015118.1_prot_ARN18477.1_55	iJN1463.PP_5270	32.8	408	261	7	1	407	1	396	5.11e-55	188
lcl|CP015118.1_prot_ARN18477.1_55	iJN1463.PP_4434	31.2	414	272	7	1	413	1	402	9.55e-55	187
lcl|CP015118.1_prot_ARN18477.1_55	STM_v1_0.STM1803	32.2	422	272	7	1	421	1	409	9.55e-55	187
lcl|CP015118.1_prot_ARN18477.1_55	iML1515.b1189	31.5	422	275	7	1	421	1	409	2.02e-52	181
lcl|CP015118.1_prot_ARN18477.1_55	iSSON_1240.SSON_1181	31.5	422	275	7	1	421	1	409	2.02e-52	181
lcl|CP015118.1_prot_ARN18477.1_55	iYL1228.KPN_02309	31.5	422	275	7	1	421	1	409	3.95e-52	180
lcl|CP015118.1_prot_ARN18477.1_55	iSDY_1059.SDY_1226	31.5	422	275	7	1	421	1	409	3.95e-52	180
lcl|CP015118.1_prot_ARN18477.1_55	iSbBS512_1146.SbBS512_E1347	31.3	422	276	7	1	421	1	409	7.70e-52	179
lcl|CP015118.1_prot_ARN18477.1_55	iSF_1195.SF1178	31.0	422	277	7	1	421	1	409	7.96e-51	177
lcl|CP015118.1_prot_ARN18477.1_55	iCN718.ABAYE_RS18740	31.8	409	261	9	1	406	1	394	4.64e-50	174
lcl|CP015118.1_prot_ARN18478.1_56	STM_v1_0.STM0665	50.6	269	132	1	26	293	37	305	3.97e-87	262
lcl|CP015118.1_prot_ARN18478.1_56	iJN1463.PP_1071	49.7	302	141	4	4	295	1	301	7.47e-87	261
lcl|CP015118.1_prot_ARN18478.1_56	iSF_1195.SF0626	49.1	285	142	2	12	293	15	299	3.75e-86	259
lcl|CP015118.1_prot_ARN18478.1_56	iSSON_1240.SSON_0609	48.8	285	143	2	12	293	15	299	6.06e-85	256
lcl|CP015118.1_prot_ARN18478.1_56	iML1515.b0655	48.4	285	144	2	12	293	15	299	1.72e-84	255
lcl|CP015118.1_prot_ARN18478.1_56	iYL1228.KPN_00681	48.9	276	140	1	19	293	40	315	9.19e-83	251
lcl|CP015118.1_prot_ARN18478.1_56	iPC815.YPO2615	46.3	268	143	1	27	293	35	302	1.81e-79	243
lcl|CP015118.1_prot_A4W93_00285_57	iCN900.CD630_31820	28.2	529	326	9	44	525	4	525	3.44e-58	201
lcl|CP015118.1_prot_ARN18480.1_59	iJN1463.PP_3941	31.8	198	116	7	27	221	26	207	1.84e-13	66.6
lcl|CP015118.1_prot_ARN18482.1_61	iYL1228.KPN_04624	26.1	230	145	9	71	292	38	250	3.39e-05	45.1
lcl|CP015118.1_prot_ARN18482.1_61	iML1515.b4230	24.3	292	187	11	82	359	49	320	5.99e-05	44.3
lcl|CP015118.1_prot_ARN18482.1_61	iSbBS512_1146.SbBS512_E4854	24.4	291	188	10	82	359	49	320	1.06e-04	43.5
lcl|CP015118.1_prot_ARN18482.1_61	iSSON_1240.SSON_4411	24.3	292	187	11	82	359	49	320	1.06e-04	43.5
lcl|CP015118.1_prot_ARN18482.1_61	iSF_1195.SF4261	23.6	292	189	11	82	359	49	320	1.40e-04	43.1
lcl|CP015118.1_prot_ARN18483.1_62	iHN637.CLJU_RS00620	32.7	486	311	8	5	486	6	479	1.74e-69	230
lcl|CP015118.1_prot_ARN18483.1_62	iPC815.YPO0958	32.3	501	323	7	4	500	5	493	2.43e-69	229
lcl|CP015118.1_prot_ARN18483.1_62	iLJ478.TM0956	34.4	486	311	6	5	486	13	494	8.38e-69	229
lcl|CP015118.1_prot_ARN18483.1_62	iPC815.YPO3964	34.3	490	304	10	5	490	7	482	2.33e-67	224
lcl|CP015118.1_prot_ARN18483.1_62	iYL1228.KPN_04154	32.3	511	316	10	1	501	1	491	3.96e-67	224
lcl|CP015118.1_prot_ARN18483.1_62	iYO844.BSU35940	31.4	503	314	11	5	496	3	485	4.59e-67	223
lcl|CP015118.1_prot_ARN18483.1_62	iML1515.b1900	33.1	513	302	11	5	500	8	496	5.94e-67	223
lcl|CP015118.1_prot_ARN18483.1_62	iSbBS512_1146.SbBS512_E1024	33.6	506	309	11	5	500	8	496	5.94e-67	223
lcl|CP015118.1_prot_ARN18483.1_62	iSDY_1059.SDY_1121	33.1	513	302	11	5	500	8	496	5.94e-67	223
lcl|CP015118.1_prot_ARN18483.1_62	iSSON_1240.SSON_1218	33.3	501	317	10	5	500	8	496	1.63e-66	222
lcl|CP015118.1_prot_ARN18483.1_62	iML1515.b3749	32.2	506	323	8	1	501	1	491	2.12e-66	222
lcl|CP015118.1_prot_ARN18483.1_62	STM_v1_0.STM3882	31.9	504	327	8	1	501	1	491	4.15e-66	221
lcl|CP015118.1_prot_ARN18483.1_62	iLJ478.TM0115	31.7	504	324	9	5	500	15	506	1.82e-64	217
lcl|CP015118.1_prot_ARN18483.1_62	iPC815.YPO2256	32.7	520	297	11	5	501	20	509	1.95e-64	217
lcl|CP015118.1_prot_ARN18483.1_62	iML1515.b4087	30.0	510	335	7	5	500	6	507	7.76e-64	215
lcl|CP015118.1_prot_ARN18483.1_62	iCN900.CD630_03010	30.0	484	320	7	5	483	6	475	7.14e-62	210
lcl|CP015118.1_prot_ARN18483.1_62	iNF517.LLMG_RS04060	31.9	492	298	10	5	483	3	470	2.12e-61	208
lcl|CP015118.1_prot_ARN18485.1_64	iCN718.ABAYE_RS01170	28.2	131	74	4	7	123	6	130	6.59e-05	40.8
lcl|CP015118.1_prot_ARN18485.1_64	iJN1463.PP_4288	31.6	136	61	5	7	123	4	126	6.59e-05	40.8
lcl|CP015118.1_prot_ARN18487.1_67	iLB1027_lipid.PHATRDRAFT_45605	28.4	352	192	15	5	319	2	330	4.42e-22	94.7
lcl|CP015118.1_prot_ARN18488.1_68	iJN1463.PP_0597	59.3	481	193	3	27	504	16	496	2.69e-203	573
lcl|CP015118.1_prot_ARN18488.1_68	iCN718.ABAYE_RS06910	54.8	504	225	3	3	504	18	520	1.73e-200	567
lcl|CP015118.1_prot_ARN18488.1_68	iEK1008.Rv0753c	56.2	507	210	3	10	504	2	508	2.49e-192	546
lcl|CP015118.1_prot_ARN18488.1_68	iYL1228.KPN_04670	53.9	495	224	2	14	504	5	499	5.97e-191	542
lcl|CP015118.1_prot_ARN18488.1_68	STM_v1_0.STM4421	54.6	496	221	2	13	504	4	499	1.38e-189	538
lcl|CP015118.1_prot_ARN18492.1_72	iJN1463.PP_1803	28.5	312	182	12	1	283	15	314	3.96e-10	60.1
lcl|CP015118.1_prot_ARN18499.1_79	iSynCJ816.SGL_RS02635	27.6	214	108	11	29	219	62	251	4.67e-05	43.9
lcl|CP015118.1_prot_ARN23657.1_80	iSynCJ816.SGL_RS10130	25.8	275	189	5	54	326	76	337	2.50e-25	104
lcl|CP015118.1_prot_ARN18502.1_84	iJN1463.PP_0542	54.5	246	107	3	6	246	7	252	1.71e-75	230
lcl|CP015118.1_prot_ARN18503.1_85	iJN1463.PP_0543	70.0	444	128	2	7	449	8	447	5.72e-225	625
lcl|CP015118.1_prot_ARN18503.1_85	iCN718.ABAYE_RS07675	67.7	437	137	1	1	437	1	433	2.04e-217	606
lcl|CP015118.1_prot_ARN18504.1_86	iJN1463.PP_0544	39.6	419	234	11	2	414	26	431	1.73e-69	228
lcl|CP015118.1_prot_ARN18506.1_88	iJN1463.PP_0227	32.5	249	155	6	18	257	15	259	1.43e-25	101
lcl|CP015118.1_prot_ARN18507.1_89	iJN1463.PP_0226	37.5	200	125	0	1	200	1	200	1.13e-32	117
lcl|CP015118.1_prot_ARN18507.1_89	iYS854.USA300HOU_RS09930	33.7	199	131	1	17	214	282	480	3.31e-30	115
lcl|CP015118.1_prot_ARN18507.1_89	iCN900.CD630_07510	31.5	200	130	1	17	209	16	215	1.45e-30	112
lcl|CP015118.1_prot_ARN18507.1_89	STM_v1_0.STM0829	34.1	208	135	1	4	209	3	210	6.91e-30	110
lcl|CP015118.1_prot_ARN18507.1_89	iSynCJ816.SGL_RS07090	34.8	201	125	1	16	210	310	510	4.80e-27	107
lcl|CP015118.1_prot_ARN18507.1_89	iML1515.b0810	33.7	208	136	1	4	209	3	210	2.08e-28	106
lcl|CP015118.1_prot_ARN18507.1_89	iYL1228.KPN_00839	33.2	208	137	1	4	209	3	210	2.08e-28	106
lcl|CP015118.1_prot_ARN18507.1_89	iSDY_1059.SDY_0786	33.7	208	136	1	4	209	3	210	2.08e-28	106
lcl|CP015118.1_prot_ARN18507.1_89	iSF_1195.SF0761	33.7	208	136	1	4	209	3	210	2.08e-28	106
lcl|CP015118.1_prot_ARN18507.1_89	iSSON_1240.SSON_0790	33.7	208	136	1	4	209	3	210	2.08e-28	106
lcl|CP015118.1_prot_ARN18507.1_89	iSbBS512_1146.SbBS512_E2538	33.2	208	137	1	4	209	3	210	2.93e-28	105
lcl|CP015118.1_prot_ARN18508.1_90	iJN1463.PP_0226	36.0	203	130	0	13	215	16	218	1.12e-38	132
lcl|CP015118.1_prot_ARN18508.1_90	iSynCJ816.SGL_RS07090	38.0	213	126	2	3	209	300	512	5.30e-34	126
lcl|CP015118.1_prot_ARN18508.1_90	iCN900.CD630_07510	35.1	208	128	1	12	212	14	221	6.52e-35	123
lcl|CP015118.1_prot_ARN18509.1_91	iNF517.LLMG_RS09720	54.8	239	107	1	20	258	7	244	3.49e-82	246
lcl|CP015118.1_prot_ARN18509.1_91	iJN1463.PP_0225	55.0	242	104	1	19	255	1	242	1.17e-81	245
lcl|CP015118.1_prot_ARN18509.1_91	iYS854.USA300HOU_RS09925	53.8	240	110	1	19	258	3	241	5.55e-80	240
lcl|CP015118.1_prot_ARN18509.1_91	iCN900.CD630_07520	51.7	240	115	1	19	258	1	239	2.41e-78	236
lcl|CP015118.1_prot_ARN18509.1_91	iJN1463.PP_3597	50.8	246	120	1	13	258	14	258	6.50e-78	236
lcl|CP015118.1_prot_ARN18509.1_91	iNF517.LLMG_RS09915	52.9	240	112	1	19	258	5	243	7.81e-78	235
lcl|CP015118.1_prot_ARN18509.1_91	iYS854.USA300HOU_RS13040	49.0	241	123	0	19	259	1	241	1.52e-77	234
lcl|CP015118.1_prot_ARN18509.1_91	STM_v1_0.STM0828	52.5	240	113	1	19	258	1	239	1.95e-77	234
lcl|CP015118.1_prot_ARN18509.1_91	iYL1228.KPN_00838	52.1	240	114	1	19	258	1	239	3.92e-77	233
lcl|CP015118.1_prot_ARN18509.1_91	iSbBS512_1146.SbBS512_E2684	53.4	247	104	2	20	255	6	252	6.77e-77	233
lcl|CP015118.1_prot_ARN18509.1_91	iSF_1195.SF2382	53.4	247	104	2	20	255	6	252	6.77e-77	233
lcl|CP015118.1_prot_ARN18509.1_91	iSSON_1240.SSON_2364	53.4	247	104	2	20	255	6	252	6.77e-77	233
lcl|CP015118.1_prot_ARN18509.1_91	iYO844.BSU27430	49.6	240	120	1	19	258	1	239	8.40e-77	232
lcl|CP015118.1_prot_ARN18509.1_91	iSDY_1059.SDY_2505	53.0	247	105	2	20	255	6	252	1.92e-76	232
lcl|CP015118.1_prot_ARN18509.1_91	iML1515.b2306	53.0	247	105	2	20	255	6	252	2.73e-76	231
lcl|CP015118.1_prot_ARN18509.1_91	iJN1463.PP_0283	49.0	253	118	3	15	257	4	255	5.47e-76	231
lcl|CP015118.1_prot_ARN18509.1_91	STM_v1_0.STM2351	52.6	247	106	2	20	255	7	253	5.65e-76	231
lcl|CP015118.1_prot_ARN18509.1_91	iYL1228.KPN_02696	52.6	247	106	2	20	255	6	252	1.56e-75	229
lcl|CP015118.1_prot_ARN18509.1_91	iJN1463.PP_1300	49.6	250	125	1	9	258	4	252	1.41e-75	229
lcl|CP015118.1_prot_ARN18509.1_91	iSDY_1059.SDY_0787	51.7	240	115	1	19	258	1	239	9.03e-76	229
lcl|CP015118.1_prot_ARN18509.1_91	iSSON_1240.SSON_0789	51.7	240	115	1	19	258	1	239	1.28e-75	229
lcl|CP015118.1_prot_ARN18509.1_91	iML1515.b0809	51.7	240	115	1	19	258	1	239	1.81e-75	229
lcl|CP015118.1_prot_ARN18509.1_91	iSbBS512_1146.SbBS512_E2539	51.7	240	115	1	19	258	1	239	1.81e-75	229
lcl|CP015118.1_prot_ARN18509.1_91	iML1515.b1917	53.1	241	108	1	20	255	4	244	3.54e-75	228
lcl|CP015118.1_prot_ARN18509.1_91	iSF_1195.SF0760	51.7	240	115	1	19	258	1	239	3.64e-75	228
lcl|CP015118.1_prot_ARN18509.1_91	iYO844.BSU03590	49.4	243	120	1	19	258	1	243	6.45e-75	228
lcl|CP015118.1_prot_ARN18509.1_91	iJN1463.PP_4425	51.8	251	110	2	19	258	1	251	2.37e-74	226
lcl|CP015118.1_prot_ARN18509.1_91	iPC815.YPO2777	52.4	248	107	3	20	256	14	261	6.51e-74	226
lcl|CP015118.1_prot_ARN18509.1_91	iJN1463.PP_4483	49.4	247	115	2	20	256	4	250	9.23e-74	225
lcl|CP015118.1_prot_ARN18509.1_91	iSynCJ816.SGL_RS08035	50.8	244	118	1	19	260	8	251	2.46e-73	224
lcl|CP015118.1_prot_ARN18509.1_91	iYO844.BSU23960	48.3	240	123	1	19	258	1	239	6.77e-73	222
lcl|CP015118.1_prot_ARN18511.1_93	iJN1463.PP_2008	68.0	675	213	2	2	673	19	693	0.0	904
lcl|CP015118.1_prot_ARN18513.1_95	iJN1463.PP_3074	40.3	477	247	6	7	474	7	454	5.74e-87	274
lcl|CP015118.1_prot_ARN18516.1_98	iJN1463.PP_4310	26.4	216	157	1	4	217	3	218	1.14e-09	56.2
lcl|CP015118.1_prot_ARN18518.1_100	iCN718.ABAYE_RS11415	31.3	240	161	2	25	261	40	278	5.19e-30	113
lcl|CP015118.1_prot_ARN18518.1_100	iNF517.LLMG_RS02805	32.4	250	155	7	11	249	14	260	1.62e-26	103
lcl|CP015118.1_prot_ARN18519.1_101	iYS854.USA300HOU_RS01685	22.1	217	141	6	7	214	3	200	2.14e-04	41.6
lcl|CP015118.1_prot_ARN18520.1_102	iCHOv1.100769832	41.6	101	56	1	2	102	31	128	7.09e-22	84.0
lcl|CP015118.1_prot_ARN18523.1_105	iML1515.b3544	26.7	520	336	18	41	533	32	533	1.66e-30	124
lcl|CP015118.1_prot_ARN18523.1_105	STM_v1_0.STM3630	25.9	518	343	16	41	533	32	533	1.66e-30	124
lcl|CP015118.1_prot_ARN18523.1_105	iSDY_1059.SDY_4567	26.7	520	336	18	41	533	32	533	1.66e-30	124
lcl|CP015118.1_prot_ARN18523.1_105	iSF_1195.SF3579	26.7	520	336	18	41	533	32	533	1.66e-30	124
lcl|CP015118.1_prot_ARN18523.1_105	iYL1228.KPN_03899	27.0	503	333	16	41	523	23	511	5.11e-30	123
lcl|CP015118.1_prot_ARN18523.1_105	iSSON_1240.SSON_3846	26.5	520	337	18	41	533	32	533	5.50e-30	123
lcl|CP015118.1_prot_ARN18523.1_105	iYL1228.KPN_00863	28.9	422	261	15	79	489	70	463	1.00e-27	116
lcl|CP015118.1_prot_ARN18523.1_105	iYL1228.KPN_03850	28.5	379	237	11	57	419	48	408	1.95e-27	115
lcl|CP015118.1_prot_ARN18524.1_106	iYL1228.KPN_00864	36.2	315	188	3	1	314	1	303	1.11e-57	187
lcl|CP015118.1_prot_ARN18524.1_106	iML1515.b0831	36.5	315	187	3	1	314	1	303	3.12e-57	186
lcl|CP015118.1_prot_ARN18524.1_106	iSDY_1059.SDY_0756	36.5	315	187	3	1	314	1	303	3.12e-57	186
lcl|CP015118.1_prot_ARN18524.1_106	iSSON_1240.SSON_0813	36.5	315	187	3	1	314	1	303	3.12e-57	186
lcl|CP015118.1_prot_ARN18524.1_106	iSF_1195.SF0781	36.5	315	187	3	1	314	1	303	6.19e-57	186
lcl|CP015118.1_prot_ARN18524.1_106	STM_v1_0.STM0850	35.9	315	189	3	1	314	1	303	2.45e-56	184
lcl|CP015118.1_prot_ARN18524.1_106	iSbBS512_1146.SbBS512_E2517	36.2	315	188	3	1	314	1	303	4.86e-56	183
lcl|CP015118.1_prot_ARN18524.1_106	iYL1228.KPN_03851	35.6	323	186	5	1	316	1	308	1.20e-55	182
lcl|CP015118.1_prot_ARN18524.1_106	iSDY_1059.SDY_3632	35.3	320	191	5	1	316	1	308	1.20e-55	182
lcl|CP015118.1_prot_ARN18524.1_106	iSF_1195.SF3495	34.7	320	193	5	1	316	1	308	9.41e-55	180
lcl|CP015118.1_prot_ARN18524.1_106	iJN1463.PP_0881	34.3	341	188	5	1	314	1	332	2.38e-54	180
lcl|CP015118.1_prot_ARN18524.1_106	iML1515.b3477	34.7	320	193	5	1	316	1	308	1.87e-54	179
lcl|CP015118.1_prot_ARN18524.1_106	iSbBS512_1146.SbBS512_E3844	34.7	320	193	5	1	316	1	308	1.87e-54	179
lcl|CP015118.1_prot_ARN18524.1_106	iSSON_1240.SSON_3715	34.7	320	193	5	1	316	1	308	1.87e-54	179
lcl|CP015118.1_prot_ARN18524.1_106	iJN1463.PP_3343	35.9	320	183	4	1	313	1	305	4.36e-52	173
lcl|CP015118.1_prot_ARN18525.1_107	iYL1228.KPN_00865	40.4	272	162	0	18	289	13	284	2.23e-64	203
lcl|CP015118.1_prot_ARN18525.1_107	iJN1463.PP_0880	43.3	282	151	4	13	289	24	301	1.37e-61	197
lcl|CP015118.1_prot_ARN18525.1_107	iSbBS512_1146.SbBS512_E2516	38.5	275	169	0	15	289	24	298	4.74e-61	195
lcl|CP015118.1_prot_ARN18525.1_107	iSSON_1240.SSON_0814	38.5	275	169	0	15	289	24	298	4.74e-61	195
lcl|CP015118.1_prot_ARN18525.1_107	iML1515.b0832	38.2	275	170	0	15	289	24	298	6.69e-61	195
lcl|CP015118.1_prot_ARN18525.1_107	iSDY_1059.SDY_0755	37.8	275	171	0	15	289	24	298	1.06e-59	192
lcl|CP015118.1_prot_ARN18525.1_107	iJN1463.PP_3344	43.8	265	147	2	25	289	13	275	3.16e-59	190
lcl|CP015118.1_prot_ARN18525.1_107	iML1515.b1485	37.0	265	166	1	25	289	27	290	1.61e-57	186
lcl|CP015118.1_prot_ARN18525.1_107	iSF_1195.SF0782	37.1	275	173	0	15	289	24	298	1.86e-57	186
lcl|CP015118.1_prot_ARN18525.1_107	iSSON_1240.SSON_1639	37.0	265	166	1	25	289	27	290	3.21e-57	185
lcl|CP015118.1_prot_ARN18526.1_108	iLJ478.TM1063	49.7	334	147	9	17	332	3	333	6.24e-99	295
lcl|CP015118.1_prot_ARN18526.1_108	iLJ478.TM0057	47.7	329	157	7	17	332	3	329	4.20e-96	288
lcl|CP015118.1_prot_ARN18526.1_108	iLJ478.TM1750	44.4	322	172	5	9	327	4	321	5.88e-91	274
lcl|CP015118.1_prot_ARN18526.1_108	iYL1228.KPN_02193	48.6	315	145	5	17	318	11	321	4.04e-90	272
lcl|CP015118.1_prot_ARN18526.1_108	STM_v1_0.STM3626	46.5	316	163	4	15	326	10	323	2.52e-89	270
lcl|CP015118.1_prot_ARN18526.1_108	iYL1228.KPN_03895	45.7	315	166	3	7	317	2	315	5.05e-89	270
lcl|CP015118.1_prot_ARN18526.1_108	iSSON_1240.SSON_3850	46.6	307	159	3	15	317	10	315	1.30e-88	268
lcl|CP015118.1_prot_ARN18526.1_108	iSDY_1059.SDY_4563	46.6	307	159	3	15	317	10	315	1.84e-88	268
lcl|CP015118.1_prot_ARN18526.1_108	iML1515.b3540	46.6	307	159	3	15	317	10	315	2.61e-88	268
lcl|CP015118.1_prot_ARN18526.1_108	iSF_1195.SF3575	46.6	307	159	3	15	317	10	315	2.61e-88	268
lcl|CP015118.1_prot_ARN18527.1_109	iSSON_1240.SSON_1640	44.4	322	174	4	3	320	2	322	1.19e-87	265
lcl|CP015118.1_prot_ARN18527.1_109	iML1515.b1484	44.4	322	174	4	3	320	2	322	1.68e-87	265
lcl|CP015118.1_prot_ARN18527.1_109	iSbBS512_1146.SbBS512_E1747	44.4	322	174	4	3	320	2	322	3.83e-86	261
lcl|CP015118.1_prot_ARN18527.1_109	iYO844.BSU12950	45.3	316	170	3	6	318	4	319	3.82e-85	259
lcl|CP015118.1_prot_ARN18527.1_109	iLJ478.TM1749	46.0	302	162	1	6	306	4	305	2.48e-83	254
lcl|CP015118.1_prot_ARN18527.1_109	iYL1228.KPN_00862	50.9	277	127	4	3	270	9	285	6.82e-79	251
lcl|CP015118.1_prot_ARN18527.1_109	iLJ478.TM1064	45.9	294	154	3	4	292	2	295	7.19e-82	251
lcl|CP015118.1_prot_ARN18527.1_109	iSDY_1059.SDY_1304	44.4	315	173	2	6	319	19	332	1.68e-81	250
lcl|CP015118.1_prot_ARN18527.1_109	iSF_1195.SF1247	44.4	315	173	2	6	319	19	332	1.68e-81	250
lcl|CP015118.1_prot_ARN18527.1_109	iSSON_1240.SSON_1934	44.4	315	173	2	6	319	19	332	1.68e-81	250
lcl|CP015118.1_prot_ARN18527.1_109	iYL1228.KPN_02194	44.1	315	174	2	6	319	19	332	3.35e-81	249
lcl|CP015118.1_prot_ARN18527.1_109	iSbBS512_1146.SbBS512_E1415	44.1	315	174	2	6	319	19	332	9.49e-81	248
lcl|CP015118.1_prot_ARN18527.1_109	iLJ478.TM0058	46.1	308	158	4	6	305	4	311	2.24e-80	247
lcl|CP015118.1_prot_ARN18527.1_109	iEK1008.Rv1281c	47.2	309	153	5	4	306	2	306	4.84e-77	246
lcl|CP015118.1_prot_ARN18527.1_109	STM_v1_0.STM1743	44.4	315	173	2	6	319	17	330	5.05e-80	246
lcl|CP015118.1_prot_ARN18527.1_109	iJN1463.PP_0879	43.6	314	177	0	6	319	3	316	4.80e-80	246
lcl|CP015118.1_prot_ARN18527.1_109	iML1515.b1246	43.8	315	175	2	6	319	19	332	2.15e-79	244
lcl|CP015118.1_prot_ARN18528.1_111	iEK1008.Rv0773c	37.4	529	310	11	3	529	2	511	1.90e-95	299
lcl|CP015118.1_prot_ARN23660.1_112	iYO844.BSU19350	23.0	187	134	5	13	193	17	199	9.79e-06	46.2
lcl|CP015118.1_prot_ARN18530.1_114	iSbBS512_1146.SbBS512_E2829	59.9	753	301	1	15	766	2	754	8.76e-314	875
lcl|CP015118.1_prot_ARN18530.1_114	iML1515.b2463	59.9	753	301	1	15	766	2	754	1.76e-313	874
lcl|CP015118.1_prot_ARN18530.1_114	iSF_1195.SF2505	60.0	753	300	1	15	766	2	754	2.50e-313	874
lcl|CP015118.1_prot_ARN18530.1_114	iSDY_1059.SDY_2645	59.9	753	301	1	15	766	2	754	3.54e-313	873
lcl|CP015118.1_prot_ARN18530.1_114	iSSON_1240.SSON_2543	59.9	753	301	1	15	766	2	754	3.54e-313	873
lcl|CP015118.1_prot_ARN18530.1_114	iPC815.YPO3034	58.8	759	310	2	15	770	2	760	5.05e-311	868
lcl|CP015118.1_prot_ARN18530.1_114	STM_v1_0.STM2472	59.1	753	307	1	15	766	2	754	7.69e-310	865
lcl|CP015118.1_prot_ARN18530.1_114	iYL1228.KPN_02797	59.0	753	308	1	15	766	2	754	2.19e-309	863
lcl|CP015118.1_prot_ARN18530.1_114	iCN718.ABAYE_RS06135	57.8	752	312	3	15	765	3	750	5.62e-309	862
lcl|CP015118.1_prot_ARN18531.1_115	STM_v1_0.STM2205	34.5	322	199	5	1	322	1	310	2.50e-39	140
lcl|CP015118.1_prot_ARN18531.1_115	iSSON_1240.SSON_2224	34.8	322	198	5	1	322	1	310	3.50e-39	140
lcl|CP015118.1_prot_ARN18531.1_115	iML1515.b2168	34.2	322	200	5	1	322	1	310	6.87e-39	139
lcl|CP015118.1_prot_ARN18531.1_115	iSDY_1059.SDY_2316	34.2	322	200	5	1	322	1	310	6.87e-39	139
lcl|CP015118.1_prot_ARN18531.1_115	iSF_1195.SF2253	34.2	322	200	5	1	322	1	310	6.87e-39	139
lcl|CP015118.1_prot_ARN18531.1_115	iSbBS512_1146.SbBS512_E0795	34.2	322	200	5	1	322	1	310	9.61e-39	139
lcl|CP015118.1_prot_ARN18531.1_115	iJN1463.PP_0794	36.6	273	159	4	7	278	6	265	1.44e-38	138
lcl|CP015118.1_prot_ARN18531.1_115	iPC815.YPO1299	33.5	325	198	4	1	322	1	310	5.16e-38	137
lcl|CP015118.1_prot_ARN18531.1_115	iYL1228.KPN_02599	33.5	322	202	5	1	322	1	310	7.22e-38	136
lcl|CP015118.1_prot_ARN18532.1_116	iPC815.YPO1610	60.7	267	105	0	5	271	5	271	2.91e-112	324
lcl|CP015118.1_prot_ARN18532.1_116	STM_v1_0.STM3859	60.1	271	108	0	1	271	1	271	9.62e-111	320
lcl|CP015118.1_prot_ARN18532.1_116	iJN1463.PP_3768	61.8	272	104	0	1	272	1	272	4.39e-107	311
lcl|CP015118.1_prot_ARN18539.1_124	iAF987.Gmet_0043	24.4	386	253	9	318	691	45	403	3.02e-15	79.0
lcl|CP015118.1_prot_ARN18544.1_129	iCN718.ABAYE_RS03665	48.8	389	191	6	13	400	19	400	5.23e-121	357
lcl|CP015118.1_prot_ARN23661.1_131	iAF987.Gmet_2999	37.5	80	50	0	25	104	44	123	2.32e-10	55.8
lcl|CP015118.1_prot_ARN18549.1_135	iJN1463.PP_1638	61.0	259	99	2	1	257	1	259	5.32e-115	330
lcl|CP015118.1_prot_ARN18550.1_136	iJN1463.PP_1384	47.8	460	225	5	19	465	15	472	2.38e-123	367
lcl|CP015118.1_prot_ARN18551.1_137	iML1515.b3266	55.6	1034	455	3	1	1030	1	1034	0.0	1094
lcl|CP015118.1_prot_ARN18551.1_137	STM_v1_0.STM3391	55.3	1032	457	3	1	1028	1	1032	0.0	1093
lcl|CP015118.1_prot_ARN18551.1_137	iYL1228.KPN_03673	56.1	1032	448	4	1	1028	1	1031	0.0	1092
lcl|CP015118.1_prot_ARN18551.1_137	iML1515.b0462	53.7	1048	479	5	1	1043	1	1047	0.0	1060
lcl|CP015118.1_prot_ARN18551.1_137	iJN1463.PP_1385	53.5	1038	479	3	1	1035	1	1037	0.0	1038
lcl|CP015118.1_prot_ARN18551.1_137	iML1515.b2470	53.8	1031	472	3	1	1028	1	1030	0.0	1036
lcl|CP015118.1_prot_ARN18551.1_137	iSF_1195.SF2512	53.7	1031	473	3	1	1028	1	1030	0.0	1036
lcl|CP015118.1_prot_ARN18551.1_137	iSSON_1240.SSON_2550	53.8	1031	472	3	1	1028	1	1030	0.0	1036
lcl|CP015118.1_prot_ARN18551.1_137	iSDY_1059.SDY_2654	53.7	1031	473	3	1	1028	1	1030	0.0	1035
lcl|CP015118.1_prot_ARN18552.1_138	iML1515.b0463	50.3	344	168	3	40	382	33	374	4.75e-100	303
lcl|CP015118.1_prot_ARN18552.1_138	iSSON_1240.SSON_0450	50.0	344	169	3	40	382	33	374	1.34e-99	301
lcl|CP015118.1_prot_ARN18552.1_138	iSF_1195.SF0408	50.3	344	168	3	40	382	33	374	1.90e-99	301
lcl|CP015118.1_prot_ARN18552.1_138	iSDY_1059.SDY_0456	50.0	344	169	3	40	382	33	374	3.80e-99	300
lcl|CP015118.1_prot_ARN18552.1_138	iPC815.YPO3132	46.0	374	188	5	15	382	10	375	6.50e-94	287
lcl|CP015118.1_prot_ARN18552.1_138	iJN1463.PP_1386	45.5	380	182	6	17	395	15	370	1.66e-91	280
lcl|CP015118.1_prot_ARN18552.1_138	STM_v1_0.STM3390	46.6	339	178	3	45	382	37	373	4.82e-91	279
lcl|CP015118.1_prot_ARN18554.1_140	iEK1008.Rv3701c	43.2	303	162	6	25	319	20	320	1.67e-65	208
lcl|CP015118.1_prot_ARN23662.1_141	iEK1008.Rv3703c	32.7	443	216	15	10	395	7	424	3.47e-42	152
lcl|CP015118.1_prot_ARN18555.1_142	iML1515.b2913	64.1	409	144	2	4	410	3	410	1.65e-182	513
lcl|CP015118.1_prot_ARN18555.1_142	iSF_1195.SF2898	64.1	409	144	2	4	410	3	410	1.65e-182	513
lcl|CP015118.1_prot_ARN18555.1_142	iSSON_1240.SSON_3065	64.1	409	144	2	4	410	3	410	1.65e-182	513
lcl|CP015118.1_prot_ARN18555.1_142	iJN1463.PP_5155	64.4	407	145	0	4	410	3	409	9.13e-182	511
lcl|CP015118.1_prot_ARN18555.1_142	iSDY_1059.SDY_3169	63.8	409	145	2	4	410	3	410	9.46e-182	511
lcl|CP015118.1_prot_ARN18555.1_142	iSbBS512_1146.SbBS512_E3333	63.8	409	145	2	4	410	3	410	1.34e-181	511
lcl|CP015118.1_prot_ARN18555.1_142	iYL1228.KPN_03348	63.1	409	148	2	4	410	3	410	2.20e-180	508
lcl|CP015118.1_prot_ARN18555.1_142	STM_v1_0.STM3062	63.7	410	144	3	4	410	3	410	2.55e-179	505
lcl|CP015118.1_prot_ARN18555.1_142	iPC815.YPO0914	62.5	411	150	3	4	410	3	413	1.78e-175	495
lcl|CP015118.1_prot_ARN18555.1_142	iCN718.ABAYE_RS02190	60.5	410	162	0	1	410	1	410	3.03e-173	489
lcl|CP015118.1_prot_ARN18556.1_143	iEK1008.Rv0132c	32.4	179	97	6	25	186	57	228	2.76e-10	60.5
lcl|CP015118.1_prot_ARN23663.1_144	iJN1463.PP_0350	37.8	711	401	18	32	719	118	810	1.59e-140	431
lcl|CP015118.1_prot_ARN23663.1_144	iYL1228.KPN_00165	38.3	710	391	17	37	719	46	735	1.88e-138	424
lcl|CP015118.1_prot_ARN23663.1_144	iSSON_1240.SSON_0162	37.9	700	391	18	43	719	51	729	7.51e-136	417
lcl|CP015118.1_prot_ARN23663.1_144	iSbBS512_1146.SbBS512_E0142	38.2	688	381	18	55	719	63	729	1.06e-135	416
lcl|CP015118.1_prot_ARN23663.1_144	iML1515.b0150	38.6	710	390	19	43	719	51	747	3.45e-135	416
lcl|CP015118.1_prot_ARN23663.1_144	STM_v1_0.STM0191	37.6	699	394	16	43	719	51	729	4.15e-135	415
lcl|CP015118.1_prot_ARN23663.1_144	iSF_1195.SF0142	38.5	710	391	19	43	719	51	747	1.35e-134	414
lcl|CP015118.1_prot_ARN23663.1_144	iSDY_1059.SDY_0166	38.3	710	392	19	43	719	51	747	7.47e-134	412
lcl|CP015118.1_prot_ARN23663.1_144	iJN1463.PP_0160	36.4	687	407	11	50	719	155	828	6.26e-129	402
lcl|CP015118.1_prot_ARN23663.1_144	STM_v1_0.STM0364	36.1	670	397	13	61	717	49	700	1.11e-126	392
lcl|CP015118.1_prot_ARN18560.1_148	iYO844.BSU19230	33.3	204	126	4	3	196	4	207	1.83e-28	105
lcl|CP015118.1_prot_ARN23664.1_152	iML1515.b2470	26.9	1056	688	28	3	1004	1	1026	7.07e-82	287
lcl|CP015118.1_prot_ARN23664.1_152	iSSON_1240.SSON_2550	26.9	1056	688	28	3	1004	1	1026	7.07e-82	287
lcl|CP015118.1_prot_ARN23664.1_152	iSDY_1059.SDY_2654	27.0	1056	687	28	3	1004	1	1026	1.79e-81	286
lcl|CP015118.1_prot_ARN23664.1_152	iSF_1195.SF2512	26.8	1056	689	28	3	1004	1	1026	4.54e-81	285
lcl|CP015118.1_prot_ARN23664.1_152	iJN1463.PP_3426	26.5	1064	707	23	1	1010	1	1043	1.29e-79	281
lcl|CP015118.1_prot_ARN18563.1_153	iJN1463.PP_2409	30.3	277	171	10	81	346	122	387	4.05e-11	63.5
lcl|CP015118.1_prot_ARN18563.1_153	iAF987.Gmet_1548	30.9	181	119	5	178	354	235	413	6.23e-11	63.2
lcl|CP015118.1_prot_ARN18563.1_153	iYL1228.KPN_03672	26.5	325	199	9	50	346	45	357	2.84e-09	57.8
lcl|CP015118.1_prot_ARN18564.1_154	iJN1463.PP_3427	30.4	474	301	9	4	462	5	464	8.66e-34	132
lcl|CP015118.1_prot_ARN18564.1_154	iJN1463.PP_4211	29.1	440	294	8	33	460	30	463	5.98e-31	124
lcl|CP015118.1_prot_ARN18569.1_160	iEK1008.Rv1739c	31.1	534	351	4	13	544	20	538	5.77e-54	192
lcl|CP015118.1_prot_ARN18569.1_160	iJN1463.PP_1407	30.9	540	351	6	10	545	13	534	1.76e-53	191
lcl|CP015118.1_prot_ARN18569.1_160	iJN1463.PP_0718	28.8	548	336	11	10	536	19	533	3.89e-49	179
lcl|CP015118.1_prot_ARN18575.1_166	iJN1463.PP_1761	39.0	246	150	0	15	260	42	287	2.27e-41	160
lcl|CP015118.1_prot_ARN18576.1_167	iYL1228.KPN_00862	46.8	573	268	11	19	573	12	565	2.25e-150	446
lcl|CP015118.1_prot_ARN18576.1_167	STM_v1_0.STM0848	46.4	571	276	10	19	573	12	568	4.05e-149	442
lcl|CP015118.1_prot_ARN18576.1_167	iSDY_1059.SDY_0758	45.7	576	273	10	19	573	1	557	8.14e-149	441
lcl|CP015118.1_prot_ARN18576.1_167	iSSON_1240.SSON_0811	45.9	577	270	9	19	573	1	557	8.14e-149	441
lcl|CP015118.1_prot_ARN18576.1_167	iML1515.b0829	45.9	577	270	9	19	573	12	568	2.28e-148	441
lcl|CP015118.1_prot_ARN18576.1_167	iJN1463.PP_4150	47.5	558	252	7	19	571	6	527	1.95e-149	440
lcl|CP015118.1_prot_ARN18576.1_167	iSF_1195.SF0779	45.5	576	274	10	19	573	1	557	5.17e-147	437
lcl|CP015118.1_prot_ARN18576.1_167	iSbBS512_1146.SbBS512_E2519	45.6	577	272	9	19	573	12	568	4.09e-146	435
lcl|CP015118.1_prot_ARN18576.1_167	iML1515.b2180	46.3	555	261	6	19	569	5	526	1.25e-140	417
lcl|CP015118.1_prot_ARN18577.1_168	iYO844.BSU12940	34.1	220	145	0	116	335	100	319	2.90e-40	143
lcl|CP015118.1_prot_ARN18577.1_168	iYS854.USA300HOU_RS04895	28.5	337	204	5	6	335	49	355	6.83e-38	138
lcl|CP015118.1_prot_ARN18577.1_168	iLJ478.TM0059	33.2	247	159	1	92	332	113	359	1.10e-36	135
lcl|CP015118.1_prot_ARN18577.1_168	iLJ478.TM1065	32.9	246	159	1	93	332	118	363	6.33e-36	133
lcl|CP015118.1_prot_ARN18578.1_169	STM_v1_0.STM0850	36.2	309	191	3	1	309	1	303	2.96e-56	184
lcl|CP015118.1_prot_ARN18578.1_169	iYL1228.KPN_00864	35.6	309	193	3	1	309	1	303	3.28e-55	181
lcl|CP015118.1_prot_ARN18578.1_169	iML1515.b0831	35.0	309	195	3	1	309	1	303	1.01e-53	177
lcl|CP015118.1_prot_ARN18578.1_169	iSDY_1059.SDY_0756	35.0	309	195	3	1	309	1	303	1.01e-53	177
lcl|CP015118.1_prot_ARN18578.1_169	iSF_1195.SF0781	36.4	313	185	7	1	309	1	303	1.01e-53	177
lcl|CP015118.1_prot_ARN18578.1_169	iSSON_1240.SSON_0813	35.0	309	195	3	1	309	1	303	1.43e-53	177
lcl|CP015118.1_prot_ARN18578.1_169	iSbBS512_1146.SbBS512_E2517	34.0	312	194	2	1	309	1	303	2.83e-53	176
lcl|CP015118.1_prot_ARN18578.1_169	iML1515.b3543	33.9	336	194	4	1	309	1	335	3.41e-49	166
lcl|CP015118.1_prot_ARN18578.1_169	iSDY_1059.SDY_4566	33.9	336	194	4	1	309	1	335	3.41e-49	166
lcl|CP015118.1_prot_ARN18578.1_169	iSSON_1240.SSON_3847	33.9	336	194	4	1	309	1	335	3.41e-49	166
lcl|CP015118.1_prot_ARN18578.1_169	iSF_1195.SF3578	33.9	336	194	4	1	309	1	335	4.79e-49	166
lcl|CP015118.1_prot_ARN18579.1_170	STM_v1_0.STM3630	22.3	503	312	16	89	578	83	519	1.40e-19	92.0
lcl|CP015118.1_prot_ARN18579.1_170	iML1515.b1243	23.6	513	307	22	81	578	82	524	3.11e-17	84.7
lcl|CP015118.1_prot_ARN18579.1_170	iSSON_1240.SSON_1937	22.8	513	311	20	81	578	82	524	4.12e-17	84.3
lcl|CP015118.1_prot_ARN18579.1_170	iSF_1195.SF1244	22.8	513	311	20	81	578	82	524	5.46e-17	84.0
lcl|CP015118.1_prot_ARN18580.1_171	iJN1463.PP_5069	47.4	133	69	1	3	135	7	138	1.14e-45	145
lcl|CP015118.1_prot_ARN18582.1_173	iEK1008.Rv3567c	34.2	158	99	3	9	163	2	157	1.89e-27	101
lcl|CP015118.1_prot_ARN18583.1_174	iYL1228.KPN_01309	33.5	203	115	7	77	268	40	233	6.81e-15	72.0
lcl|CP015118.1_prot_ARN18583.1_174	iSF_1195.SF1332	31.5	219	136	8	59	268	20	233	2.39e-13	67.8
lcl|CP015118.1_prot_ARN18583.1_174	STM_v1_0.STM1680	31.5	232	125	11	51	268	22	233	3.27e-13	67.4
lcl|CP015118.1_prot_ARN18583.1_174	iML1515.b1326	31.1	219	137	8	59	268	20	233	8.35e-13	66.2
lcl|CP015118.1_prot_ARN18583.1_174	iSSON_1240.SSON_1812	31.1	219	137	8	59	268	20	233	8.35e-13	66.2
lcl|CP015118.1_prot_ARN18583.1_174	iSDY_1059.SDY_1404	31.6	196	122	7	80	268	63	253	1.43e-12	65.9
lcl|CP015118.1_prot_ARN23666.1_175	STM_v1_0.STM0444	41.6	512	182	5	13	524	13	407	6.16e-110	336
lcl|CP015118.1_prot_ARN23666.1_175	iML1515.b0433	40.0	517	193	5	13	529	13	412	2.65e-105	324
lcl|CP015118.1_prot_ARN23666.1_175	iYL1228.KPN_00395	41.0	510	184	6	15	524	15	407	2.65e-105	324
lcl|CP015118.1_prot_ARN23666.1_175	iSbBS512_1146.SbBS512_E0355	40.0	517	193	5	13	529	13	412	2.65e-105	324
lcl|CP015118.1_prot_ARN23666.1_175	iSDY_1059.SDY_0300	40.0	517	193	5	13	529	13	412	2.65e-105	324
lcl|CP015118.1_prot_ARN23666.1_175	iSF_1195.SF0377	40.0	517	193	5	13	529	13	412	2.65e-105	324
lcl|CP015118.1_prot_ARN23666.1_175	iSSON_1240.SSON_0416	40.0	517	193	5	13	529	13	412	2.65e-105	324
lcl|CP015118.1_prot_ARN23666.1_175	iPC815.YPO3162	40.3	509	187	8	16	524	16	407	8.48e-104	320
lcl|CP015118.1_prot_ARN18584.1_176	iAF987.Gmet_1238	29.3	181	106	5	125	298	87	252	3.83e-19	84.7
lcl|CP015118.1_prot_ARN18587.1_179	iCN900.CD630_27420	33.8	198	127	3	13	210	11	204	4.67e-32	115
lcl|CP015118.1_prot_ARN18587.1_179	iEK1008.Rv2581c	34.4	212	120	8	16	212	14	221	1.29e-29	109
lcl|CP015118.1_prot_ARN18588.1_180	iAF692.Mbar_A2345	41.5	135	60	6	1	130	56	176	6.73e-23	94.7
lcl|CP015118.1_prot_ARN18593.1_186	iJN1463.PP_0115	55.7	705	290	7	113	813	23	709	8.33e-263	745
lcl|CP015118.1_prot_ARN18593.1_186	iCN718.ABAYE_RS11495	51.9	690	311	7	122	807	32	704	3.13e-242	692
lcl|CP015118.1_prot_ARN18593.1_186	iML1515.b1732	53.4	697	307	9	115	806	61	744	1.06e-237	682
lcl|CP015118.1_prot_ARN18593.1_186	iSF_1195.SF1496	53.2	697	308	9	115	806	61	744	1.06e-237	682
lcl|CP015118.1_prot_ARN18593.1_186	iSSON_1240.SSON_1426	53.4	697	307	9	115	806	61	744	1.50e-237	682
lcl|CP015118.1_prot_ARN18593.1_186	iYL1228.KPN_01236	52.4	694	316	6	116	806	61	743	6.64e-236	678
lcl|CP015118.1_prot_ARN18594.1_187	iML1515.b2700	39.9	143	78	3	8	147	17	154	6.83e-24	91.7
lcl|CP015118.1_prot_ARN23667.1_189	iML1515.b2700	39.2	143	79	3	3	142	26	163	2.66e-22	87.0
lcl|CP015118.1_prot_ARN18598.1_192	iSynCJ816.SGL_RS08475	47.6	231	117	4	5	235	1	227	1.10e-68	215
lcl|CP015118.1_prot_ARN18598.1_192	iCN718.ABAYE_RS09945	44.3	230	124	2	5	234	1	226	4.80e-64	203
lcl|CP015118.1_prot_ARN18600.1_194	iEK1008.Rv3409c	25.2	559	297	18	59	538	8	524	7.36e-21	95.9
lcl|CP015118.1_prot_ARN18605.1_199	iAF987.Gmet_0043	25.6	262	166	9	204	449	19	267	1.35e-05	47.8
lcl|CP015118.1_prot_ARN18613.1_207	iJN1463.PP_0808	65.8	392	133	1	1	392	1	391	9.15e-183	512
lcl|CP015118.1_prot_ARN18618.1_212	iAF987.Gmet_0043	42.3	142	72	4	5	139	437	575	7.76e-19	87.4
lcl|CP015118.1_prot_ARN18618.1_212	iJN1463.PP_1494	33.5	212	131	4	112	318	111	317	8.06e-19	85.9
lcl|CP015118.1_prot_ARN18618.1_212	iAF987.Gmet_2629	36.9	157	95	3	3	156	406	561	5.54e-18	85.1
lcl|CP015118.1_prot_ARN18618.1_212	iAF987.Gmet_1298	32.7	199	124	4	142	335	152	345	4.46e-18	84.0
lcl|CP015118.1_prot_ARN18618.1_212	iJN1463.PP_1144	30.1	183	123	3	3	181	310	491	3.19e-16	79.7
lcl|CP015118.1_prot_ARN18618.1_212	iJN1463.PP_0129	38.8	129	70	3	16	139	518	642	5.25e-16	79.0
lcl|CP015118.1_prot_ARN18620.1_214	iYL1228.KPN_03983	54.4	215	93	3	9	222	3	213	4.42e-75	225
lcl|CP015118.1_prot_ARN18620.1_214	STM_v1_0.STM3733	54.4	215	93	3	9	222	3	213	4.42e-75	225
lcl|CP015118.1_prot_ARN18620.1_214	iML1515.b3642	54.0	215	94	3	9	222	3	213	2.06e-73	221
lcl|CP015118.1_prot_ARN18620.1_214	iSbBS512_1146.SbBS512_E4067	54.4	215	93	3	9	222	3	213	2.06e-73	221
lcl|CP015118.1_prot_ARN18620.1_214	iSDY_1059.SDY_4073	54.0	215	94	3	9	222	3	213	5.88e-73	220
lcl|CP015118.1_prot_ARN18620.1_214	iSF_1195.SF3681	54.2	212	92	3	12	222	6	213	1.18e-72	219
lcl|CP015118.1_prot_ARN18620.1_214	iSSON_1240.SSON_3764	53.0	215	96	3	9	222	3	213	4.78e-72	218
lcl|CP015118.1_prot_ARN18620.1_214	iPC815.YPO0045	52.8	212	95	3	12	222	6	213	5.87e-71	215
lcl|CP015118.1_prot_ARN18620.1_214	iJN1463.PP_5291	53.5	215	95	3	9	222	3	213	4.47e-70	213
lcl|CP015118.1_prot_ARN18622.1_216	iCN718.ABAYE_RS04045	57.1	482	200	4	6	480	8	489	7.09e-185	525
lcl|CP015118.1_prot_ARN18622.1_216	iJN1463.PP_0930	56.9	478	196	5	11	479	3	479	2.88e-182	518
lcl|CP015118.1_prot_ARN18622.1_216	iAF987.Gmet_0073	56.1	476	201	4	11	479	3	477	4.10e-179	510
lcl|CP015118.1_prot_ARN18623.1_217	iJN1463.PP_0931	59.2	493	190	3	5	496	1	483	2.32e-198	560
lcl|CP015118.1_prot_ARN18623.1_217	iCN718.ABAYE_RS04050	55.9	490	205	4	4	491	3	483	5.34e-177	506
lcl|CP015118.1_prot_ARN18624.1_218	iJN1463.PP_0932	48.5	99	47	1	1	99	8	102	3.02e-22	82.8
lcl|CP015118.1_prot_ARN18625.1_219	STM_v1_0.STM0659	22.4	343	227	8	13	329	8	337	7.73e-08	53.5
lcl|CP015118.1_prot_ARN18625.1_219	iML1515.b0650	23.5	238	162	6	106	332	112	340	2.40e-07	52.0
lcl|CP015118.1_prot_ARN18625.1_219	iSbBS512_1146.SbBS512_E0599	23.5	238	162	6	106	332	112	340	2.40e-07	52.0
lcl|CP015118.1_prot_ARN18625.1_219	iSSON_1240.SSON_0604	23.5	238	162	6	106	332	112	340	3.18e-07	51.6
lcl|CP015118.1_prot_ARN18628.1_222	iJN1463.PP_4807	41.5	619	337	7	4	614	7	608	7.58e-159	472
lcl|CP015118.1_prot_ARN18628.1_222	iPC815.YPO2604	40.5	617	348	8	5	615	9	612	2.01e-153	458
lcl|CP015118.1_prot_ARN18628.1_222	iJN1463.PP_3741	40.5	618	346	8	4	614	7	609	5.59e-150	449
lcl|CP015118.1_prot_ARN18628.1_222	iSbBS512_1146.SbBS512_E0616	40.3	618	351	7	5	615	8	614	4.70e-149	447
lcl|CP015118.1_prot_ARN18628.1_222	iSDY_1059.SDY_0557	40.3	618	351	7	5	615	8	614	4.70e-149	447
lcl|CP015118.1_prot_ARN18628.1_222	iSSON_1240.SSON_0589	40.3	618	351	7	5	615	8	614	6.63e-149	447
lcl|CP015118.1_prot_ARN18628.1_222	iML1515.b0635	40.3	618	351	7	5	615	8	614	9.36e-149	446
lcl|CP015118.1_prot_ARN18628.1_222	iSF_1195.SF0646	40.1	618	352	7	5	615	8	614	1.86e-148	446
lcl|CP015118.1_prot_ARN18628.1_222	STM_v1_0.STM0640	39.6	618	355	7	5	615	8	614	1.16e-146	441
lcl|CP015118.1_prot_ARN18628.1_222	iYL1228.KPN_00667	39.6	627	343	8	5	615	8	614	2.32e-146	440
lcl|CP015118.1_prot_ARN18629.1_223	iML1515.b0089	30.1	379	235	6	21	385	44	406	3.09e-40	147
lcl|CP015118.1_prot_ARN23668.1_225	iAF987.Gmet_0043	34.8	115	61	5	365	474	161	266	3.48e-07	52.4
lcl|CP015118.1_prot_ARN18631.1_226	iAF987.Gmet_1914	35.1	111	72	0	2	112	3	113	6.52e-16	75.5
lcl|CP015118.1_prot_ARN18631.1_226	iAF987.Gmet_0069	35.0	123	75	3	3	120	5	127	1.66e-15	73.6
lcl|CP015118.1_prot_ARN18634.1_229	iYO844.BSU16090	62.8	382	142	0	1	382	1	382	4.52e-170	479
lcl|CP015118.1_prot_ARN18634.1_229	iYS854.USA300HOU_RS06265	59.8	386	155	0	1	386	1	386	1.23e-158	451
lcl|CP015118.1_prot_ARN18634.1_229	iAF987.Gmet_2261	59.0	385	158	0	1	385	1	385	1.08e-156	446
lcl|CP015118.1_prot_ARN18634.1_229	iAF987.Gmet_2069	58.2	385	161	0	1	385	1	385	1.14e-151	433
lcl|CP015118.1_prot_ARN18635.1_230	iAF987.Gmet_0730	61.7	290	102	2	1	290	1	281	2.54e-126	361
lcl|CP015118.1_prot_ARN18635.1_230	iAF987.Gmet_2260	62.1	293	101	3	1	293	1	283	1.03e-125	360
lcl|CP015118.1_prot_ARN18635.1_230	iAF987.Gmet_2068	62.1	293	101	3	1	293	1	283	1.23e-125	360
lcl|CP015118.1_prot_ARN18635.1_230	iYO844.BSU16100	62.5	293	101	2	1	293	1	284	8.09e-125	358
lcl|CP015118.1_prot_ARN18635.1_230	iYS854.USA300HOU_RS06270	60.1	293	108	2	1	293	1	284	4.43e-120	346
lcl|CP015118.1_prot_ARN18635.1_230	iCN718.ABAYE_RS04455	55.6	297	125	2	1	297	1	290	4.00e-112	325
lcl|CP015118.1_prot_ARN18637.1_232	iYS854.USA300HOU_RS06130	33.2	268	170	5	120	383	9	271	3.72e-42	157
lcl|CP015118.1_prot_ARN18638.1_233	iEK1008.Rv0018c	40.7	248	129	5	1	245	6	238	3.94e-42	150
lcl|CP015118.1_prot_ARN18639.1_234	iSynCJ816.SGL_RS08610	35.1	74	46	2	24	95	30	103	2.66e-06	47.0
lcl|CP015118.1_prot_ARN18640.1_235	iMM904.YGL248W	36.8	57	33	1	51	107	126	179	6.87e-07	49.3
lcl|CP015118.1_prot_ARN18645.1_241	iJN1463.PP_1292	57.9	152	63	1	9	160	2	152	9.13e-52	162
lcl|CP015118.1_prot_ARN18645.1_241	iML1515.b0783	55.2	154	69	0	7	160	2	155	2.48e-50	158
lcl|CP015118.1_prot_ARN18645.1_241	iSbBS512_1146.SbBS512_E2569	55.2	154	69	0	7	160	2	155	2.48e-50	158
lcl|CP015118.1_prot_ARN18645.1_241	iSDY_1059.SDY_0823	55.2	154	69	0	7	160	2	155	2.48e-50	158
lcl|CP015118.1_prot_ARN18645.1_241	iSF_1195.SF0733	55.2	154	69	0	7	160	2	155	2.48e-50	158
lcl|CP015118.1_prot_ARN18645.1_241	iSSON_1240.SSON_0762	54.5	154	70	0	7	160	2	155	1.00e-49	157
lcl|CP015118.1_prot_ARN18645.1_241	iAF987.Gmet_1037	53.3	152	71	0	9	160	3	154	1.59e-48	154
lcl|CP015118.1_prot_ARN18645.1_241	iEK1008.Rv3111	56.7	150	64	1	9	158	8	156	4.33e-48	153
lcl|CP015118.1_prot_ARN18646.1_242	iAF987.Gmet_1238	36.1	219	118	5	57	275	38	234	8.20e-29	114
lcl|CP015118.1_prot_ARN18648.1_244	STM_v1_0.STM2531	37.2	527	286	15	54	558	67	570	4.46e-63	223
lcl|CP015118.1_prot_ARN18648.1_244	iML1515.b2519	34.8	610	342	21	54	630	67	653	6.04e-63	223
lcl|CP015118.1_prot_ARN18648.1_244	iSbBS512_1146.SbBS512_E2894	34.9	610	341	21	54	630	67	653	8.30e-63	223
lcl|CP015118.1_prot_ARN18648.1_244	iSSON_1240.SSON_2601	36.2	511	295	13	54	550	67	560	1.44e-61	219
lcl|CP015118.1_prot_ARN18648.1_244	iYL1228.KPN_02849	36.6	516	286	13	54	550	67	560	3.59e-60	215
lcl|CP015118.1_prot_ARN18648.1_244	iJN1463.PP_0572	32.0	731	367	22	57	679	74	782	2.68e-59	213
lcl|CP015118.1_prot_ARN18648.1_244	iSF_1195.SF2565	35.9	501	290	13	64	550	11	494	7.84e-58	207
lcl|CP015118.1_prot_ARN18649.1_245	iJN1463.PP_0817	82.8	401	68	1	1	400	1	401	1.34e-249	682
lcl|CP015118.1_prot_ARN18649.1_245	iML1515.b2379	83.5	393	65	0	6	398	7	399	2.26e-248	679
lcl|CP015118.1_prot_ARN18649.1_245	iSSON_1240.SSON_2470	83.2	393	66	0	6	398	7	399	9.19e-248	678
lcl|CP015118.1_prot_ARN18649.1_245	iSF_1195.SF2445	83.5	393	65	0	6	398	7	399	1.30e-247	677
lcl|CP015118.1_prot_ARN18649.1_245	iSDY_1059.SDY_2577	83.2	393	66	0	6	398	7	399	5.31e-247	676
lcl|CP015118.1_prot_ARN18649.1_245	iSbBS512_1146.SbBS512_E2748	83.0	393	67	0	6	398	7	399	2.16e-246	674
lcl|CP015118.1_prot_ARN18652.1_248	iJN1463.PP_5306	32.4	188	120	2	25	212	101	281	3.13e-21	90.5
lcl|CP015118.1_prot_ARN18653.1_249	iPC815.YPO0683	33.8	133	88	0	1	133	1	133	1.36e-17	73.6
lcl|CP015118.1_prot_ARN18653.1_249	iYL1228.KPN_03425	34.1	135	89	0	1	135	1	135	3.64e-17	72.4
lcl|CP015118.1_prot_ARN18653.1_249	STM_v1_0.STM3158	33.6	137	87	2	1	135	1	135	8.70e-15	66.2
lcl|CP015118.1_prot_ARN18656.1_253	iSSON_1240.SSON_0162	35.0	734	431	23	16	726	19	729	4.11e-106	339
lcl|CP015118.1_prot_ARN18656.1_253	iSbBS512_1146.SbBS512_E0142	34.6	734	434	23	16	726	19	729	6.40e-104	333
lcl|CP015118.1_prot_ARN18656.1_253	STM_v1_0.STM0191	34.0	733	440	22	16	726	19	729	2.46e-103	332
lcl|CP015118.1_prot_ARN18656.1_253	iYL1228.KPN_00165	34.6	758	408	29	16	726	19	735	8.17e-102	328
lcl|CP015118.1_prot_ARN18658.1_255	iJN1463.PP_0350	35.4	707	401	16	39	703	118	810	3.62e-124	388
lcl|CP015118.1_prot_ARN18658.1_255	iSF_1195.SF0142	33.2	747	445	17	2	703	10	747	1.59e-118	372
lcl|CP015118.1_prot_ARN18658.1_255	iML1515.b0150	33.1	747	446	17	2	703	10	747	2.23e-118	371
lcl|CP015118.1_prot_ARN18658.1_255	iSDY_1059.SDY_0166	32.9	747	447	17	2	703	10	747	4.73e-117	368
lcl|CP015118.1_prot_ARN18658.1_255	iSSON_1240.SSON_0162	32.8	741	438	18	2	703	10	729	2.98e-117	368
lcl|CP015118.1_prot_ARN18658.1_255	STM_v1_0.STM0191	33.4	731	425	19	14	703	20	729	2.28e-116	365
lcl|CP015118.1_prot_ARN18658.1_255	iSbBS512_1146.SbBS512_E0142	32.7	741	439	18	2	703	10	729	2.28e-116	365
lcl|CP015118.1_prot_ARN18658.1_255	iYL1228.KPN_00165	33.7	753	421	21	2	703	10	735	9.07e-113	356
lcl|CP015118.1_prot_ARN18662.1_259	iIS312.TCDM_03631	25.5	263	170	7	52	293	139	396	9.80e-12	65.9
lcl|CP015118.1_prot_ARN18663.1_260	iJN1463.PP_0860	46.6	479	195	5	34	455	375	849	3.94e-126	385
lcl|CP015118.1_prot_ARN18665.1_262	iYL1228.KPN_01250	43.2	745	366	13	49	765	46	761	2.65e-188	555
lcl|CP015118.1_prot_ARN18665.1_262	iML1515.b0805	40.3	786	407	15	12	765	5	760	6.44e-180	533
lcl|CP015118.1_prot_ARN18666.1_263	iJN1463.PP_4211	36.2	461	277	8	22	472	16	469	1.19e-69	229
lcl|CP015118.1_prot_ARN18667.1_264	iJN1463.PP_4210	50.8	653	307	7	21	661	4	654	5.31e-199	574
lcl|CP015118.1_prot_ARN18668.1_265	iJN1463.PP_4209	50.2	313	133	2	33	325	26	335	7.01e-70	229
lcl|CP015118.1_prot_ARN23671.1_267	iAF987.Gmet_1706	27.9	190	119	5	4	185	2	181	1.09e-13	68.6
lcl|CP015118.1_prot_ARN23671.1_267	iAF987.Gmet_1919	30.8	120	82	1	1	119	1	120	1.45e-12	65.5
lcl|CP015118.1_prot_ARN23671.1_267	iAF987.Gmet_2999	25.7	206	133	4	5	206	10	199	5.09e-12	63.9
lcl|CP015118.1_prot_ARN23671.1_267	iAF987.Gmet_1914	29.9	107	74	1	3	108	2	108	1.49e-11	62.8
lcl|CP015118.1_prot_ARN18671.1_269	iAF987.Gmet_0043	25.4	338	227	5	551	881	25	344	8.44e-23	103
lcl|CP015118.1_prot_ARN23672.1_272	iCN900.CD630_31950	33.5	968	449	20	16	953	4	806	1.46e-156	481
lcl|CP015118.1_prot_ARN18679.1_278	iEK1008.Rv3569c	30.9	272	164	8	64	323	30	289	1.02e-23	100
lcl|CP015118.1_prot_ARN18679.1_278	iJN1463.PP_5004	29.3	300	177	11	52	341	9	283	2.69e-20	90.5
lcl|CP015118.1_prot_ARN18682.1_282	iYS854.USA300HOU_RS07595	29.2	438	254	13	20	415	5	428	1.08e-43	162
lcl|CP015118.1_prot_ARN18690.1_291	iSynCJ816.SGL_RS13525	23.2	401	208	12	126	514	78	390	1.34e-16	81.6
lcl|CP015118.1_prot_ARN18690.1_291	iMM1415.13433	26.8	422	237	22	126	515	1281	1662	1.20e-15	80.1
lcl|CP015118.1_prot_ARN18698.1_299	iYS854.USA300HOU_RS11455	45.1	463	253	1	9	470	8	470	3.14e-129	382
lcl|CP015118.1_prot_ARN18700.1_301	iEK1008.Rv0134	35.3	119	67	2	60	178	27	135	4.66e-12	65.5
lcl|CP015118.1_prot_ARN18703.1_304	iHN637.CLJU_RS14760	34.4	160	99	2	9	162	9	168	4.40e-22	92.4
lcl|CP015118.1_prot_ARN18703.1_304	iAF987.Gmet_2134	31.5	279	178	8	3	271	8	283	1.89e-20	88.2
lcl|CP015118.1_prot_ARN23674.1_305	iCN900.CD630_31770	33.4	895	515	19	17	896	4	832	2.00e-129	410
lcl|CP015118.1_prot_ARN23674.1_305	iHN637.CLJU_RS11760	32.8	899	523	22	17	900	4	836	3.38e-117	378
lcl|CP015118.1_prot_ARN18705.1_307	iYO844.BSU19580	31.0	465	302	6	7	467	10	459	9.59e-62	209
lcl|CP015118.1_prot_ARN23675.1_309	iAF987.Gmet_1914	28.0	125	87	2	10	134	4	125	1.01e-06	48.1
lcl|CP015118.1_prot_ARN18709.1_312	iYS854.USA300HOU_RS06130	27.7	173	99	8	61	220	125	284	1.65e-07	55.8
lcl|CP015118.1_prot_ARN23676.1_313	iCHOv1.100758590	35.8	416	239	8	36	429	37	446	1.69e-73	237
lcl|CP015118.1_prot_ARN18711.1_315	iJN1463.PP_1257	84.9	311	47	0	1	311	1	311	3.91e-187	517
lcl|CP015118.1_prot_ARN18711.1_315	iCN718.ABAYE_RS12040	84.5	309	48	0	4	312	3	311	1.37e-186	515
lcl|CP015118.1_prot_ARN18712.1_316	STM_v1_0.STM3673	28.1	303	208	6	29	325	24	322	3.41e-26	105
lcl|CP015118.1_prot_ARN18712.1_316	iJN1463.PP_1169	24.8	326	235	4	1	325	1	317	1.44e-23	98.6
lcl|CP015118.1_prot_ARN18713.1_317	iML1515.b3578	35.7	375	239	2	13	387	16	388	4.81e-72	232
lcl|CP015118.1_prot_ARN18713.1_317	STM_v1_0.STM3672	34.9	378	238	3	13	387	16	388	1.13e-69	226
lcl|CP015118.1_prot_ARN18713.1_317	iJN1463.PP_1167	33.3	415	272	3	7	419	10	421	2.30e-69	225
lcl|CP015118.1_prot_ARN18714.1_318	STM_v1_0.STM3671	37.6	93	57	1	28	119	3	95	1.09e-07	49.3
lcl|CP015118.1_prot_ARN18715.1_319	iJN1463.PP_1256	63.7	523	186	4	4	525	3	522	6.21e-210	592
lcl|CP015118.1_prot_ARN18716.1_321	iJN1463.PP_2590	41.8	696	381	11	140	826	90	770	4.70e-155	471
lcl|CP015118.1_prot_ARN18719.1_324	iML1515.b2293	46.7	182	93	2	15	192	7	188	3.21e-44	146
lcl|CP015118.1_prot_ARN18720.1_325	STM_v1_0.STM1221	45.9	231	117	6	7	230	40	269	1.65e-50	165
lcl|CP015118.1_prot_ARN18721.1_326	iAF987.Gmet_0957	45.2	431	234	2	415	843	185	615	1.93e-115	365
lcl|CP015118.1_prot_ARN18721.1_326	iAF987.Gmet_3085	31.9	846	501	20	25	847	90	883	1.83e-108	354
lcl|CP015118.1_prot_ARN18721.1_326	iAF987.Gmet_2629	44.6	435	239	2	415	848	375	808	2.11e-108	352
lcl|CP015118.1_prot_ARN18721.1_326	iSSON_1240.SSON_1635	31.5	820	496	13	39	850	41	802	8.10e-108	350
lcl|CP015118.1_prot_ARN18721.1_326	iML1515.b1489	31.5	820	496	13	39	850	33	794	1.83e-107	348
lcl|CP015118.1_prot_ARN18721.1_326	iSbBS512_1146.SbBS512_E1752	31.3	820	497	13	39	850	41	802	8.33e-107	347
lcl|CP015118.1_prot_ARN18721.1_326	iAF987.Gmet_0700	44.3	429	238	1	415	842	384	812	2.24e-105	343
lcl|CP015118.1_prot_ARN18721.1_326	iAF987.Gmet_0987	40.3	442	263	1	408	848	343	784	4.90e-102	334
lcl|CP015118.1_prot_ARN18721.1_326	iAF987.Gmet_0782	43.0	440	244	2	415	850	291	727	3.52e-102	333
lcl|CP015118.1_prot_ARN18721.1_326	iJN1463.PP_3581	41.4	457	266	1	396	850	231	687	9.55e-102	330
lcl|CP015118.1_prot_ARN18723.1_328	iEK1008.Rv3526	28.4	232	123	11	19	231	15	222	1.05e-12	68.9
lcl|CP015118.1_prot_ARN23678.1_329	iJN1463.PP_4399	34.1	387	240	9	90	472	32	407	1.87e-53	184
lcl|CP015118.1_prot_ARN23678.1_329	iAF692.Mbar_A0666	30.4	471	279	12	20	477	12	446	1.55e-51	180
lcl|CP015118.1_prot_ARN23678.1_329	iEK1008.Rv2860c	29.1	464	307	11	17	476	10	455	7.24e-47	168
lcl|CP015118.1_prot_ARN23678.1_329	iLJ478.TM0943	32.0	388	226	11	107	477	73	439	7.05e-47	167
lcl|CP015118.1_prot_ARN18724.1_330	iMM904.YPL252C	43.0	100	55	2	4	103	63	160	3.22e-18	74.7
lcl|CP015118.1_prot_ARN18725.1_331	iML1515.b2542	34.5	409	257	7	1	408	1	399	1.71e-57	193
lcl|CP015118.1_prot_ARN18725.1_331	iSSON_1240.SSON_2624	34.0	409	259	7	1	408	1	399	1.82e-56	190
lcl|CP015118.1_prot_ARN18726.1_332	iAF692.Mbar_A3252	27.6	398	235	9	45	432	50	404	2.98e-25	107
lcl|CP015118.1_prot_ARN18727.1_333	iAF987.Gmet_1601	34.7	262	147	4	3	259	1	243	1.56e-38	134
lcl|CP015118.1_prot_ARN18727.1_333	iLJ478.TM1724	34.8	256	151	4	5	259	3	243	6.12e-38	133
lcl|CP015118.1_prot_ARN18727.1_333	iHN637.CLJU_RS20765	34.0	253	152	4	8	259	7	245	2.52e-37	131
lcl|CP015118.1_prot_ARN18727.1_333	iCN900.CD630_11820	32.8	259	157	5	3	259	2	245	5.11e-37	130
lcl|CP015118.1_prot_ARN18727.1_333	iCN718.ABAYE_RS09790	34.1	261	164	4	5	262	5	260	3.78e-36	129
lcl|CP015118.1_prot_ARN18727.1_333	iEK1008.Rv1350	35.9	256	147	5	5	259	5	244	5.28e-36	128
lcl|CP015118.1_prot_ARN18727.1_333	iCN900.CD630_25770	32.4	259	156	6	5	260	1	243	2.76e-35	126
lcl|CP015118.1_prot_ARN18727.1_333	iCN900.CD630_26790	31.4	261	171	4	5	262	2	257	2.91e-34	124
lcl|CP015118.1_prot_ARN18727.1_333	iNF517.LLMG_RS08950	32.2	255	156	5	5	259	3	240	2.02e-34	124
lcl|CP015118.1_prot_ARN18727.1_333	iYO844.BSU15910	31.1	257	160	5	5	259	2	243	6.03e-34	122
lcl|CP015118.1_prot_ARN18729.1_335	iYL1228.KPN_02554	39.8	88	40	5	914	996	275	354	1.47e-04	45.4
lcl|CP015118.1_prot_ARN18730.1_336	iAF692.Mbar_A3345	28.0	525	336	13	15	521	754	1254	7.65e-46	172
lcl|CP015118.1_prot_ARN18730.1_336	iMM1415.75475	29.0	563	337	19	3	529	765	1300	1.14e-44	169
lcl|CP015118.1_prot_ARN18730.1_336	iEK1008.Rv0266c	30.2	523	328	15	15	521	698	1199	1.57e-43	166
lcl|CP015118.1_prot_ARN18730.1_336	iAT_PLT_636.26873	29.0	555	332	18	10	529	829	1356	4.39e-42	161
lcl|CP015118.1_prot_ARN18730.1_336	iCHOv1.100752451	28.6	563	339	19	3	529	821	1356	4.68e-41	158
lcl|CP015118.1_prot_ARN18730.1_336	iIS312.TCDM_02419	29.1	495	316	14	10	487	762	1238	1.11e-40	157
lcl|CP015118.1_prot_ARN18731.1_337	iJN1463.PP_3515	34.8	706	426	13	8	694	2	692	2.26e-106	338
lcl|CP015118.1_prot_ARN18732.1_338	iLB1027_lipid.PHATRDRAFT_45605	25.2	337	202	13	22	320	3	327	7.18e-16	77.0
lcl|CP015118.1_prot_ARN18733.1_339	iCN900.CD630_19790	26.2	233	160	7	44	268	46	274	4.66e-15	74.7
lcl|CP015118.1_prot_ARN18734.1_340	iJN1463.PP_0209	47.3	222	115	1	18	239	25	244	3.77e-65	204
lcl|CP015118.1_prot_ARN18734.1_340	iSynCJ816.SGL_RS16580	43.6	241	129	5	4	239	5	243	6.35e-55	187
lcl|CP015118.1_prot_ARN18735.1_341	iCN900.CD630_19800	27.7	238	171	1	10	246	11	248	4.00e-20	86.3
lcl|CP015118.1_prot_ARN18736.1_342	iCN900.CD630_19800	28.3	226	158	2	49	274	25	246	2.34e-22	92.8
lcl|CP015118.1_prot_ARN18737.1_343	iAF987.Gmet_1601	36.0	253	150	3	4	256	3	243	1.50e-33	121
lcl|CP015118.1_prot_ARN18737.1_343	iYL1228.KPN_02061	30.3	251	173	2	7	256	3	252	5.98e-31	115
lcl|CP015118.1_prot_ARN18737.1_343	iCN718.ABAYE_RS09965	32.5	255	168	3	4	256	5	257	9.38e-31	114
lcl|CP015118.1_prot_ARN18738.1_344	iML1515.b3008	46.2	394	199	5	9	394	7	395	1.86e-117	347
lcl|CP015118.1_prot_ARN18738.1_344	iSF_1195.SF3053	45.9	394	200	5	9	394	7	395	5.27e-117	345
lcl|CP015118.1_prot_ARN18738.1_344	iSSON_1240.SSON_3151	46.2	394	199	5	9	394	7	395	5.27e-117	345
lcl|CP015118.1_prot_ARN18738.1_344	iSbBS512_1146.SbBS512_E3435	46.2	394	199	5	9	394	7	395	1.06e-116	345
lcl|CP015118.1_prot_ARN18738.1_344	iSDY_1059.SDY_3065	45.7	392	204	4	9	394	7	395	4.25e-116	343
lcl|CP015118.1_prot_ARN18738.1_344	iYL1228.KPN_03428	44.9	392	207	4	9	394	7	395	1.11e-113	337
lcl|CP015118.1_prot_ARN18738.1_344	STM_v1_0.STM3161	43.9	392	211	4	9	394	7	395	2.03e-111	331
lcl|CP015118.1_prot_ARN18739.1_345	iYO844.BSU19310	52.1	484	223	5	12	493	15	491	2.17e-164	474
lcl|CP015118.1_prot_ARN18739.1_345	iJN1463.PP_3463	47.9	495	244	6	5	493	9	495	6.62e-151	439
lcl|CP015118.1_prot_ARN18741.1_347	iJN1463.PP_5306	36.0	75	48	0	106	180	206	280	2.33e-06	46.6
lcl|CP015118.1_prot_ARN18741.1_347	iML1515.b3006	36.7	79	50	0	102	180	122	200	3.42e-06	45.8
lcl|CP015118.1_prot_ARN18741.1_347	iYL1228.KPN_03426	35.0	80	52	0	102	181	117	196	3.33e-06	45.8
lcl|CP015118.1_prot_ARN18741.1_347	iSbBS512_1146.SbBS512_E3434	36.7	79	50	0	102	180	122	200	3.42e-06	45.8
lcl|CP015118.1_prot_ARN18741.1_347	iSDY_1059.SDY_3067	36.7	79	50	0	102	180	122	200	3.42e-06	45.8
lcl|CP015118.1_prot_ARN18741.1_347	iSF_1195.SF3051	36.7	79	50	0	102	180	122	200	3.42e-06	45.8
lcl|CP015118.1_prot_ARN18741.1_347	iSSON_1240.SSON_3149	36.7	79	50	0	102	180	122	200	3.42e-06	45.8
lcl|CP015118.1_prot_ARN18741.1_347	STM_v1_0.STM3159	36.0	75	48	0	106	180	126	200	8.49e-06	44.7
lcl|CP015118.1_prot_ARN18741.1_347	iPC815.YPO0682	31.6	76	52	0	105	180	234	309	2.67e-05	43.5
lcl|CP015118.1_prot_ARN18742.1_348	iYL1228.KPN_03425	30.1	113	73	4	14	124	18	126	2.32e-07	46.6
lcl|CP015118.1_prot_ARN18743.1_349	iJN1463.PP_5308	32.4	74	46	2	24	96	167	237	7.95e-05	39.3
lcl|CP015118.1_prot_ARN18745.1_351	iCHOv1.100774732	26.2	229	155	6	10	227	61	286	9.60e-14	70.1
lcl|CP015118.1_prot_ARN18746.1_352	iHN637.CLJU_RS20765	33.5	263	150	6	9	266	6	248	1.10e-31	117
lcl|CP015118.1_prot_ARN18746.1_352	iCN718.ABAYE_RS09790	32.0	253	168	3	11	263	9	257	2.92e-31	116
lcl|CP015118.1_prot_ARN18746.1_352	iYO844.BSU15910	34.6	257	149	7	12	266	7	246	8.00e-31	114
lcl|CP015118.1_prot_ARN18746.1_352	iAF987.Gmet_1601	34.6	254	150	4	11	264	7	244	6.06e-30	112
lcl|CP015118.1_prot_ARN18746.1_352	iCN718.ABAYE_RS09965	33.6	256	164	4	11	265	9	259	1.66e-29	111
lcl|CP015118.1_prot_ARN18746.1_352	iYS854.USA300HOU_RS06185	35.7	255	145	7	12	264	5	242	6.11e-29	109
lcl|CP015118.1_prot_ARN18746.1_352	iCN900.CD630_26790	29.2	253	175	3	11	263	6	254	1.70e-27	106
lcl|CP015118.1_prot_ARN18747.1_353	iAF692.Mbar_A3252	30.1	442	270	7	21	460	22	426	6.80e-50	176
lcl|CP015118.1_prot_ARN23679.1_356	iCN900.CD630_19800	23.5	238	182	0	4	241	9	246	1.41e-25	100
lcl|CP015118.1_prot_ARN23679.1_356	iCN900.CD630_19040	27.9	229	163	1	15	241	32	260	1.26e-24	98.6
lcl|CP015118.1_prot_ARN23679.1_356	iCN718.ABAYE_RS19055	25.5	243	179	1	7	247	17	259	2.45e-22	92.4
lcl|CP015118.1_prot_ARN23679.1_356	iYO844.BSU08850	28.3	230	161	2	21	247	42	270	4.10e-22	92.0
lcl|CP015118.1_prot_ARN23679.1_356	iYL1228.KPN_00313	25.0	252	182	1	3	247	19	270	7.78e-22	91.3
lcl|CP015118.1_prot_ARN23679.1_356	iSSON_1240.SSON_0345	26.2	252	179	2	3	247	19	270	1.08e-21	90.9
lcl|CP015118.1_prot_ARN18750.1_357	iJN1463.PP_0209	44.5	245	126	2	6	248	11	247	1.57e-61	195
lcl|CP015118.1_prot_ARN18750.1_357	iML1515.b0366	37.3	263	150	3	5	262	1	253	4.99e-56	180
lcl|CP015118.1_prot_ARN18750.1_357	iSSON_1240.SSON_0344	37.3	263	150	3	5	262	1	253	4.99e-56	180
lcl|CP015118.1_prot_ARN18750.1_357	iSbBS512_1146.SbBS512_E0279	37.3	263	150	3	5	262	1	253	9.96e-56	179
lcl|CP015118.1_prot_ARN18750.1_357	iYL1228.KPN_00312	39.3	229	129	2	5	233	1	219	3.97e-55	178
lcl|CP015118.1_prot_ARN18750.1_357	iSF_1195.SF0252	36.9	263	151	3	5	262	1	253	5.61e-55	177
lcl|CP015118.1_prot_ARN18752.1_359	iHN637.CLJU_RS07520	36.5	452	281	4	4	450	2	452	5.72e-85	268
lcl|CP015118.1_prot_ARN18752.1_359	iHN637.CLJU_RS07515	34.1	452	278	8	1	438	1	446	4.48e-77	248
lcl|CP015118.1_prot_ARN18753.1_360	iNF517.LLMG_RS08950	35.9	262	147	6	3	262	1	243	6.32e-44	148
lcl|CP015118.1_prot_ARN18753.1_360	iHN637.CLJU_RS20765	37.2	258	143	5	8	262	7	248	4.45e-42	144
lcl|CP015118.1_prot_ARN18753.1_360	iAF987.Gmet_1601	34.4	262	154	4	3	262	1	246	5.94e-42	143
lcl|CP015118.1_prot_ARN18753.1_360	iLJ478.TM1724	36.0	261	145	6	3	259	1	243	5.11e-40	138
lcl|CP015118.1_prot_ARN18753.1_360	iCN718.ABAYE_RS09790	35.2	261	160	5	4	260	3	258	1.06e-39	138
lcl|CP015118.1_prot_ARN18753.1_360	iCN900.CD630_11820	33.3	264	155	6	3	262	2	248	4.30e-39	136
lcl|CP015118.1_prot_ARN18754.1_361	iCN900.CD630_19790	31.0	268	159	9	27	282	42	295	1.01e-19	88.2
lcl|CP015118.1_prot_ARN18755.1_362	iML1515.b1011	34.1	232	136	2	36	261	4	224	1.39e-33	121
lcl|CP015118.1_prot_ARN18755.1_362	iSSON_1240.SSON_1030	34.1	232	136	2	36	261	18	238	1.97e-33	121
lcl|CP015118.1_prot_ARN18755.1_362	iSF_1195.SF1014	33.2	232	138	2	36	261	18	238	8.16e-32	117
lcl|CP015118.1_prot_ARN18756.1_363	iCN900.CD630_19790	23.1	312	215	9	28	331	42	336	3.76e-09	57.0
lcl|CP015118.1_prot_ARN18759.1_366	iCN718.ABAYE_RS14020	27.3	176	111	6	56	221	146	314	1.46e-05	45.1
lcl|CP015118.1_prot_ARN18759.1_366	iYL1228.KPN_01542	24.0	246	163	7	4	235	14	249	4.97e-05	43.1
lcl|CP015118.1_prot_ARN18759.1_366	iJN1463.PP_0553	25.6	250	155	8	3	236	133	367	6.53e-05	43.1
lcl|CP015118.1_prot_ARN18760.1_367	iJN1463.PP_2998	29.5	332	201	7	3	326	2	308	1.78e-24	100
lcl|CP015118.1_prot_ARN18765.1_372	iEK1008.Rv0672	47.4	542	277	5	5	545	4	538	2.19e-158	462
lcl|CP015118.1_prot_ARN18774.1_381	iYL1228.KPN_02061	40.2	251	136	3	6	242	2	252	1.55e-42	144
lcl|CP015118.1_prot_ARN18774.1_381	iYO844.BSU15910	39.7	242	143	2	4	242	2	243	2.62e-41	141
lcl|CP015118.1_prot_ARN18774.1_381	iLJ478.TM1724	37.9	243	147	3	3	242	2	243	2.06e-40	139
lcl|CP015118.1_prot_ARN18774.1_381	iCN900.CD630_11820	38.0	245	149	2	1	242	1	245	2.70e-38	133
lcl|CP015118.1_prot_ARN18774.1_381	iYS854.USA300HOU_RS06185	37.7	239	146	2	7	242	3	241	2.37e-38	133
lcl|CP015118.1_prot_ARN18774.1_381	iCN718.ABAYE_RS09965	36.7	256	148	4	1	242	2	257	2.01e-37	131
lcl|CP015118.1_prot_ARN18774.1_381	iHN637.CLJU_RS20765	38.4	245	148	2	1	242	1	245	2.05e-37	131
lcl|CP015118.1_prot_ARN18780.1_387	iCN718.ABAYE_RS07665	46.5	228	121	1	2	229	9	235	3.47e-61	191
lcl|CP015118.1_prot_ARN18783.1_390	iAF987.Gmet_1823	23.3	339	247	5	35	365	28	361	3.68e-15	75.9
lcl|CP015118.1_prot_ARN18783.1_390	iJN1463.PP_4867	30.1	206	142	2	12	215	5	210	1.24e-13	71.2
lcl|CP015118.1_prot_ARN18784.1_391	iJN1463.PP_4841	26.8	396	253	14	6	372	7	394	2.48e-17	82.8
lcl|CP015118.1_prot_ARN18785.1_392	iJN1463.PP_4842	33.9	310	179	5	6	306	199	491	1.13e-38	142
lcl|CP015118.1_prot_ARN18786.1_393	STM_v1_0.STM3562	28.2	326	207	4	14	316	89	410	6.77e-31	120
lcl|CP015118.1_prot_ARN18786.1_393	iYL1228.KPN_03818	28.2	326	207	4	14	316	89	410	2.46e-30	118
lcl|CP015118.1_prot_ARN18786.1_393	iPC815.YPO3806	27.6	326	209	4	14	316	89	410	3.53e-30	118
lcl|CP015118.1_prot_ARN18786.1_393	iJN1463.PP_1139	29.1	313	198	4	26	316	101	411	8.19e-30	117
lcl|CP015118.1_prot_ARN18786.1_393	iSF_1195.SF3474	27.6	326	209	4	14	316	89	410	1.70e-29	116
lcl|CP015118.1_prot_ARN18786.1_393	iSDY_1059.SDY_3605	27.6	326	209	4	14	316	89	410	3.23e-29	115
lcl|CP015118.1_prot_ARN18786.1_393	iML1515.b3456	27.6	326	209	4	14	316	89	410	4.45e-29	115
lcl|CP015118.1_prot_ARN18786.1_393	iSbBS512_1146.SbBS512_E3866	27.6	326	209	4	14	316	89	410	4.45e-29	115
lcl|CP015118.1_prot_ARN18786.1_393	iSSON_1240.SSON_3694	27.3	326	210	4	14	316	89	410	1.16e-28	114
lcl|CP015118.1_prot_ARN18787.1_394	iLJ478.TM1138	41.1	270	133	4	5	248	11	280	9.77e-56	179
lcl|CP015118.1_prot_ARN18787.1_394	iSynCJ816.SGL_RS14000	40.2	251	144	2	3	247	16	266	1.91e-54	176
lcl|CP015118.1_prot_ARN18787.1_394	iYL1228.KPN_03817	40.2	254	145	3	1	247	1	254	2.71e-54	175
lcl|CP015118.1_prot_ARN18787.1_394	STM_v1_0.STM3561	40.2	254	145	3	1	247	1	254	5.41e-54	174
lcl|CP015118.1_prot_ARN18787.1_394	iSSON_1240.SSON_3693	39.4	254	147	3	1	247	1	254	6.08e-53	171
lcl|CP015118.1_prot_ARN18787.1_394	iML1515.b3455	39.4	254	147	3	1	247	1	254	8.60e-53	171
lcl|CP015118.1_prot_ARN18787.1_394	iSbBS512_1146.SbBS512_E3867	39.4	254	147	3	1	247	1	254	8.60e-53	171
lcl|CP015118.1_prot_ARN18787.1_394	iSF_1195.SF3473	39.4	254	147	3	1	247	1	254	8.60e-53	171
lcl|CP015118.1_prot_ARN18787.1_394	iSDY_1059.SDY_3604	39.0	254	148	3	1	247	1	254	2.43e-52	170
lcl|CP015118.1_prot_ARN18787.1_394	iJN1463.PP_1138	39.4	254	147	3	1	247	1	254	6.84e-52	169
lcl|CP015118.1_prot_ARN18788.1_395	iLJ478.TM1139	44.0	241	128	2	1	237	1	238	2.23e-62	194
lcl|CP015118.1_prot_ARN18788.1_395	iJN1463.PP_1137	42.1	233	133	2	5	236	1	232	1.01e-56	180
lcl|CP015118.1_prot_ARN18788.1_395	iAF987.Gmet_1819	41.6	238	133	2	5	236	1	238	1.23e-55	177
lcl|CP015118.1_prot_ARN18794.1_401	iJN1463.PP_1384	32.8	476	305	6	8	481	4	466	2.62e-54	189
lcl|CP015118.1_prot_ARN18794.1_401	iSSON_1240.SSON_0523	30.2	474	308	6	10	481	6	458	2.32e-51	180
lcl|CP015118.1_prot_ARN18794.1_401	iYL1228.KPN_04739	31.3	486	295	9	6	481	39	495	9.34e-51	179
lcl|CP015118.1_prot_ARN18794.1_401	iSF_1195.SF0473	30.0	474	309	6	10	481	6	458	1.21e-50	178
lcl|CP015118.1_prot_ARN18794.1_401	iML1515.b0572	30.0	473	308	6	10	480	6	457	1.58e-50	178
lcl|CP015118.1_prot_ARN18795.1_402	iJN1463.PP_3426	66.4	1050	350	3	1	1048	1	1049	0.0	1324
lcl|CP015118.1_prot_ARN18796.1_403	iJN1463.PP_3425	45.5	367	192	5	17	379	12	374	3.93e-92	282
lcl|CP015118.1_prot_ARN18797.1_404	iEK1008.Rv1400c	35.9	223	130	8	24	236	63	282	2.03e-24	100
lcl|CP015118.1_prot_ARN18797.1_404	iEK1008.Rv1399c	33.8	240	148	8	6	236	44	281	1.40e-23	97.8
lcl|CP015118.1_prot_ARN18797.1_404	iEK1008.Rv2970c	34.7	222	136	3	23	235	115	336	1.41e-22	95.9
lcl|CP015118.1_prot_ARN23680.1_406	iMM904.YML059C	29.0	207	121	3	30	236	1371	1551	1.84e-14	77.4
lcl|CP015118.1_prot_ARN18801.1_409	iJN1463.PP_3382	39.9	393	224	6	44	427	28	417	1.85e-86	269
lcl|CP015118.1_prot_A4W93_02055_411	iAF987.Gmet_0957	40.7	457	252	5	318	769	173	615	5.74e-101	324
lcl|CP015118.1_prot_A4W93_02055_411	iJN1463.PP_3581	40.8	436	251	5	337	770	251	681	1.66e-96	314
lcl|CP015118.1_prot_A4W93_02055_411	iAF987.Gmet_3085	40.6	433	250	5	342	771	453	881	5.21e-94	313
lcl|CP015118.1_prot_A4W93_02055_411	iAF987.Gmet_2629	40.3	432	251	5	342	771	379	805	1.04e-93	310
lcl|CP015118.1_prot_A4W93_02055_411	iJN1463.PP_0914	38.9	471	275	5	311	772	215	681	1.32e-91	301
lcl|CP015118.1_prot_A4W93_02055_411	iAF987.Gmet_0987	40.4	438	246	7	342	771	354	784	1.17e-89	298
lcl|CP015118.1_prot_A4W93_02055_411	iAF987.Gmet_0700	40.2	425	248	4	342	764	388	808	7.41e-88	294
lcl|CP015118.1_prot_ARN18804.1_414	iAF692.Mbar_A2320	28.0	211	113	10	7	211	37	214	1.38e-07	52.0
lcl|CP015118.1_prot_ARN18805.1_415	iML1515.b1134	31.5	146	94	2	5	150	2	141	1.00e-15	69.7
lcl|CP015118.1_prot_ARN18805.1_415	iSDY_1059.SDY_2018	31.5	146	94	2	5	150	2	141	1.00e-15	69.7
lcl|CP015118.1_prot_ARN18805.1_415	iSF_1195.SF1153	31.5	146	94	2	5	150	2	141	1.00e-15	69.7
lcl|CP015118.1_prot_ARN18805.1_415	iSSON_1240.SSON_1152	32.7	147	91	3	5	150	2	141	1.00e-15	69.7
lcl|CP015118.1_prot_ARN18805.1_415	STM_v1_0.STM1235	34.0	147	89	4	5	150	2	141	3.89e-15	68.2
lcl|CP015118.1_prot_ARN18805.1_415	iSbBS512_1146.SbBS512_E1312	32.0	147	92	3	5	150	2	141	1.51e-14	66.6
lcl|CP015118.1_prot_ARN18805.1_415	iYL1228.KPN_01142	31.1	148	96	2	5	152	2	143	5.69e-14	65.1
lcl|CP015118.1_prot_ARN18806.1_416	iJN1463.PP_0156	69.5	370	113	0	1	370	1	370	3.36e-170	479
lcl|CP015118.1_prot_ARN18807.1_417	iPC815.YPO3403	57.1	112	48	0	4	115	3	114	1.18e-39	128
lcl|CP015118.1_prot_ARN18807.1_417	STM_v1_0.STM0180	52.1	117	56	0	4	120	3	119	1.36e-38	125
lcl|CP015118.1_prot_ARN18807.1_417	iML1515.b0131	51.3	117	57	0	4	120	3	119	6.39e-37	121
lcl|CP015118.1_prot_ARN18807.1_417	iSbBS512_1146.SbBS512_E0124	51.3	117	57	0	4	120	3	119	6.39e-37	121
lcl|CP015118.1_prot_ARN18807.1_417	iSDY_1059.SDY_0041	51.3	117	57	0	4	120	3	119	6.39e-37	121
lcl|CP015118.1_prot_ARN18807.1_417	iSF_1195.SF0128	51.3	117	57	0	4	120	3	119	6.39e-37	121
lcl|CP015118.1_prot_ARN18807.1_417	iSSON_1240.SSON_0139	51.3	117	57	0	4	120	3	119	6.39e-37	121
lcl|CP015118.1_prot_ARN18807.1_417	iYL1228.KPN_00139	53.1	113	53	0	4	116	3	115	1.29e-36	120
lcl|CP015118.1_prot_ARN18807.1_417	iCN718.ABAYE_RS14875	47.3	110	58	0	6	115	5	114	2.11e-35	117
lcl|CP015118.1_prot_ARN18807.1_417	iYO844.BSU22410	52.2	115	55	0	4	118	3	117	8.79e-35	116
lcl|CP015118.1_prot_ARN18808.1_418	iCN718.ABAYE_RS15920	58.2	98	29	1	13	98	7	104	6.58e-28	97.4
lcl|CP015118.1_prot_ARN18809.1_419	iJN1463.PP_0155	78.4	481	98	4	1	478	1	478	1.22e-249	689
lcl|CP015118.1_prot_ARN18810.1_420	iCN718.ABAYE_RS18250	55.0	556	248	2	1	554	1	556	1.30e-217	614
lcl|CP015118.1_prot_ARN18810.1_420	iML1515.b1805	53.1	556	255	4	1	555	1	551	1.74e-203	578
lcl|CP015118.1_prot_ARN18810.1_420	iSDY_1059.SDY_1709	53.1	556	255	4	1	555	1	551	1.74e-203	578
lcl|CP015118.1_prot_ARN18810.1_420	iSF_1195.SF1423	52.9	556	256	4	1	555	23	573	1.06e-202	577
lcl|CP015118.1_prot_ARN18810.1_420	iSbBS512_1146.SbBS512_E2065	52.9	556	256	4	1	555	1	551	7.03e-203	577
lcl|CP015118.1_prot_ARN18810.1_420	iSSON_1240.SSON_1356	52.9	556	256	4	1	555	1	551	1.41e-202	576
lcl|CP015118.1_prot_ARN18810.1_420	iYL1228.KPN_02322	52.7	556	257	4	1	555	12	562	1.92e-200	571
lcl|CP015118.1_prot_ARN18810.1_420	STM_v1_0.STM1818	52.7	556	257	4	1	555	1	551	6.10e-199	566
lcl|CP015118.1_prot_ARN18810.1_420	iPC815.YPO2074	52.3	556	259	4	1	555	1	551	2.55e-198	565
lcl|CP015118.1_prot_ARN18813.1_424	iAF987.Gmet_0043	29.5	149	97	5	310	451	114	261	2.11e-05	46.6
lcl|CP015118.1_prot_ARN18817.1_428	iML1515.b3201	57.4	244	99	1	7	250	3	241	1.02e-94	277
lcl|CP015118.1_prot_ARN18817.1_428	iSbBS512_1146.SbBS512_E3569	57.4	244	99	1	7	250	3	241	1.02e-94	277
lcl|CP015118.1_prot_ARN18817.1_428	iSDY_1059.SDY_3382	57.4	244	99	1	7	250	3	241	1.02e-94	277
lcl|CP015118.1_prot_ARN18817.1_428	iSF_1195.SF3241	57.4	244	99	1	7	250	3	241	1.02e-94	277
lcl|CP015118.1_prot_ARN18817.1_428	iSSON_1240.SSON_3349	57.4	244	99	1	7	250	3	241	1.02e-94	277
lcl|CP015118.1_prot_ARN18817.1_428	iAF987.Gmet_1282	58.3	252	97	3	1	250	1	246	3.25e-92	271
lcl|CP015118.1_prot_ARN18817.1_428	iJN1463.PP_0953	57.8	244	98	1	7	250	3	241	1.04e-89	265
lcl|CP015118.1_prot_ARN18818.1_429	iML1515.b3200	29.1	165	101	5	18	182	18	166	7.01e-10	55.8
lcl|CP015118.1_prot_ARN18818.1_429	iSbBS512_1146.SbBS512_E3570	29.1	165	101	5	18	182	18	166	7.01e-10	55.8
lcl|CP015118.1_prot_ARN18818.1_429	iSDY_1059.SDY_3381	29.1	165	101	5	18	182	18	166	7.01e-10	55.8
lcl|CP015118.1_prot_ARN18818.1_429	iSF_1195.SF3240	29.1	165	101	5	18	182	18	166	7.01e-10	55.8
lcl|CP015118.1_prot_ARN18818.1_429	iSSON_1240.SSON_3348	29.1	165	101	5	18	182	18	166	7.01e-10	55.8
lcl|CP015118.1_prot_ARN18818.1_429	iJN1463.PP_0954	25.8	155	103	5	31	184	28	171	2.02e-08	51.6
lcl|CP015118.1_prot_ARN18819.1_430	iJN1463.PP_0127	40.9	186	109	1	27	211	22	207	2.06e-47	154
lcl|CP015118.1_prot_ARN18821.1_432	iAF987.Gmet_1434	55.0	533	236	3	30	561	40	569	1.23e-201	574
lcl|CP015118.1_prot_ARN18822.1_433	iYS854.USA300HOU_RS06130	29.5	271	180	5	24	291	9	271	1.72e-29	121
lcl|CP015118.1_prot_ARN18825.1_436	iPC815.YPO3726	50.9	505	236	8	27	523	28	528	3.16e-168	486
lcl|CP015118.1_prot_ARN18825.1_436	iMM904.YNL117W	50.6	514	242	8	22	526	31	541	5.29e-167	484
lcl|CP015118.1_prot_ARN18825.1_436	iMM904.YIR031C	50.2	514	244	8	22	526	31	541	2.43e-165	479
lcl|CP015118.1_prot_ARN18825.1_436	iLB1027_lipid.PHATRDRAFT_54478	49.3	531	255	7	9	526	11	540	4.71e-165	479
lcl|CP015118.1_prot_ARN18825.1_436	iYL1228.KPN_04395	49.6	510	249	4	20	523	22	529	6.90e-165	478
lcl|CP015118.1_prot_ARN18825.1_436	iML1515.b4014	48.6	510	254	4	20	523	22	529	9.00e-163	472
lcl|CP015118.1_prot_ARN18825.1_436	iSbBS512_1146.SbBS512_E4508	48.4	510	255	4	20	523	22	529	1.03e-161	469
lcl|CP015118.1_prot_ARN18825.1_436	STM_v1_0.STM4183	48.8	512	250	7	20	523	22	529	2.91e-161	468
lcl|CP015118.1_prot_ARN18825.1_436	iSSON_1240.SSON_4186	49.9	461	228	3	20	479	22	480	4.09e-153	446
lcl|CP015118.1_prot_ARN18827.1_438	iAF692.Mbar_A3422	28.2	323	201	11	13	325	6	307	2.65e-17	82.8
lcl|CP015118.1_prot_ARN18828.1_439	iYO844.BSU03070	24.1	411	300	4	26	432	14	416	4.61e-34	134
lcl|CP015118.1_prot_ARN18831.1_442	iJN1463.PP_3947	49.3	150	72	3	1	149	5	151	5.05e-45	144
lcl|CP015118.1_prot_ARN18832.1_443	iJN1463.PP_3948	28.1	776	466	17	14	754	17	735	3.10e-54	202
lcl|CP015118.1_prot_ARN18834.1_445	iAF987.Gmet_0043	26.4	367	241	10	427	783	41	388	4.52e-17	85.1
lcl|CP015118.1_prot_ARN18835.1_447	iAF692.Mbar_A1150	32.7	272	178	3	5	273	2	271	2.76e-39	139
lcl|CP015118.1_prot_ARN18835.1_447	iCN718.ABAYE_RS00850	31.4	274	184	3	3	273	6	278	1.95e-36	131
lcl|CP015118.1_prot_ARN18835.1_447	iPC815.YPO3062	32.4	290	190	4	5	289	2	290	3.49e-36	130
lcl|CP015118.1_prot_ARN18837.1_449	iAF987.Gmet_0043	24.3	387	266	10	668	1047	21	387	4.71e-19	92.0
lcl|CP015118.1_prot_ARN18838.1_450	iHN637.CLJU_RS17585	36.4	250	131	9	18	248	16	256	4.73e-32	119
lcl|CP015118.1_prot_ARN18838.1_450	iEK1008.Rv1385	36.2	257	143	10	7	251	6	253	2.08e-28	109
lcl|CP015118.1_prot_ARN18839.1_451	iCN718.ABAYE_RS05650	63.9	457	159	4	3	455	1	455	6.23e-202	566
lcl|CP015118.1_prot_ARN18839.1_451	iJN1463.PP_4016	60.5	456	179	1	1	455	1	456	2.98e-196	551
lcl|CP015118.1_prot_ARN18839.1_451	iPC815.YPO1636	60.4	449	176	2	1	448	1	448	4.22e-196	551
lcl|CP015118.1_prot_ARN18839.1_451	iYL1228.KPN_01139	60.4	449	176	2	1	448	1	448	1.61e-193	545
lcl|CP015118.1_prot_ARN18839.1_451	iSbBS512_1146.SbBS512_E1309	60.1	449	177	2	1	448	1	448	1.86e-192	542
lcl|CP015118.1_prot_ARN18839.1_451	iSSON_1240.SSON_1149	60.1	449	177	2	1	448	1	448	1.86e-192	542
lcl|CP015118.1_prot_ARN18839.1_451	iML1515.b1131	60.1	449	177	2	1	448	1	448	2.64e-192	541
lcl|CP015118.1_prot_ARN18839.1_451	iSF_1195.SF1150	60.1	449	177	2	1	448	1	448	3.74e-192	541
lcl|CP015118.1_prot_ARN18839.1_451	iSDY_1059.SDY_2021	59.7	449	179	2	1	448	1	448	1.07e-191	540
lcl|CP015118.1_prot_ARN18839.1_451	STM_v1_0.STM1232	59.5	452	181	2	1	451	1	451	2.15e-191	539
lcl|CP015118.1_prot_ARN18840.1_452	iYS854.USA300HOU_RS11405	59.8	209	84	0	1	209	1	209	7.90e-86	252
lcl|CP015118.1_prot_ARN18840.1_452	iCN900.CD630_34790	57.4	209	89	0	1	209	1	209	3.20e-85	250
lcl|CP015118.1_prot_ARN18840.1_452	iYO844.BSU36890	56.9	209	90	0	1	209	1	209	1.50e-83	246
lcl|CP015118.1_prot_ARN18840.1_452	iNF517.LLMG_RS10940	56.4	211	90	1	1	209	1	211	3.75e-82	243
lcl|CP015118.1_prot_ARN18840.1_452	iHN637.CLJU_RS01135	56.0	209	92	0	1	209	1	209	3.31e-80	238
lcl|CP015118.1_prot_ARN18841.1_453	iYL1228.KPN_03751	46.4	403	215	1	10	411	9	411	2.61e-121	359
lcl|CP015118.1_prot_ARN18841.1_453	iML1515.b0337	45.3	413	224	2	15	426	14	425	1.11e-119	355
lcl|CP015118.1_prot_ARN18841.1_453	STM_v1_0.STM3334	46.8	395	209	1	24	417	22	416	8.63e-119	352
lcl|CP015118.1_prot_ARN18841.1_453	iPC815.YPO0162	47.4	380	199	1	47	426	56	434	3.82e-117	348
lcl|CP015118.1_prot_ARN18841.1_453	iHN637.CLJU_RS09420	41.1	411	240	2	10	419	3	412	1.15e-112	337
lcl|CP015118.1_prot_ARN18842.1_454	iAF987.Gmet_1238	34.4	163	94	5	186	344	82	235	7.42e-16	76.3
lcl|CP015118.1_prot_ARN18843.1_455	iJN1463.PP_4619	29.8	205	125	8	8	204	10	203	3.24e-09	54.3
lcl|CP015118.1_prot_ARN18843.1_455	iMM1415.14874	25.8	155	101	5	14	161	19	166	7.85e-08	50.4
lcl|CP015118.1_prot_ARN18843.1_455	iCHOv1.100764455	25.2	155	102	5	14	161	66	213	4.54e-07	48.9
lcl|CP015118.1_prot_ARN23684.1_457	iYS854.USA300HOU_RS13340	37.5	488	265	7	54	503	31	516	5.49e-93	293
lcl|CP015118.1_prot_ARN18847.1_461	iIT341.HP0294	73.1	338	90	1	1	338	1	337	2.10e-189	525
lcl|CP015118.1_prot_ARN18848.1_462	iJN1463.PP_2439	79.1	187	39	0	1	187	1	187	4.18e-112	317
lcl|CP015118.1_prot_ARN18849.1_463	iJN1463.PP_2440	73.5	520	136	1	1	518	1	520	1.17e-270	745
lcl|CP015118.1_prot_ARN18851.1_465	iAF987.Gmet_0957	52.1	436	205	2	423	854	184	619	2.72e-143	437
lcl|CP015118.1_prot_ARN18851.1_465	iAF987.Gmet_3085	51.5	437	208	2	428	860	453	889	2.96e-139	436
lcl|CP015118.1_prot_ARN18851.1_465	iAF987.Gmet_0987	50.2	444	218	1	423	863	349	792	9.12e-139	431
lcl|CP015118.1_prot_ARN18851.1_465	iAF987.Gmet_2629	49.7	437	216	2	423	856	374	809	1.83e-134	421
lcl|CP015118.1_prot_ARN18851.1_465	iAF987.Gmet_0782	48.3	439	224	1	423	858	290	728	1.07e-133	416
lcl|CP015118.1_prot_ARN23688.1_470	iJN1463.PP_3588	28.1	366	249	8	11	374	16	369	1.18e-30	120
lcl|CP015118.1_prot_ARN18855.1_472	iMM904.YGL202W	33.3	120	75	2	164	278	135	254	9.81e-08	53.9
lcl|CP015118.1_prot_ARN18857.1_474	iSynCJ816.SGL_RS16150	67.6	315	100	1	6	318	6	320	3.21e-158	446
lcl|CP015118.1_prot_ARN23690.1_477	iAF692.Mbar_A0131	33.5	313	197	4	1	302	3	315	3.25e-47	161
lcl|CP015118.1_prot_ARN18859.1_478	iSynCJ816.SGL_RS12975	26.5	393	246	15	13	390	32	396	4.76e-16	79.0
lcl|CP015118.1_prot_ARN18859.1_478	iEK1008.Rv2610c	29.6	345	190	15	13	339	1	310	4.39e-14	72.8
lcl|CP015118.1_prot_ARN18861.1_480	iYO844.BSU26640	28.0	404	228	12	8	409	2	344	3.72e-39	143
lcl|CP015118.1_prot_ARN18863.1_482	iJN1463.PP_4971	39.1	389	185	11	19	385	23	381	2.06e-75	238
lcl|CP015118.1_prot_ARN18866.1_485	iPC815.YPO0155	69.6	224	63	1	7	230	4	222	4.21e-109	312
lcl|CP015118.1_prot_ARN18866.1_485	iJN1463.PP_0415	69.2	224	64	1	7	230	4	222	6.71e-108	309
lcl|CP015118.1_prot_ARN18866.1_485	iCN718.ABAYE_RS15510	68.0	225	67	1	7	231	5	224	8.94e-107	306
lcl|CP015118.1_prot_ARN18866.1_485	iYL1228.KPN_03757	67.3	223	68	1	7	229	4	221	7.66e-105	301
lcl|CP015118.1_prot_ARN18866.1_485	STM_v1_0.STM3483	67.3	223	68	1	7	229	4	221	1.54e-104	301
lcl|CP015118.1_prot_ARN18866.1_485	iML1515.b3386	67.3	223	68	1	7	229	4	221	4.41e-104	300
lcl|CP015118.1_prot_ARN18866.1_485	iSbBS512_1146.SbBS512_E3763	67.3	223	68	1	7	229	4	221	4.41e-104	300
lcl|CP015118.1_prot_ARN18866.1_485	iSF_1195.SF3404	67.3	223	68	1	7	229	4	221	4.41e-104	300
lcl|CP015118.1_prot_ARN18866.1_485	iSSON_1240.SSON_3517	67.3	223	68	1	7	229	4	221	4.41e-104	300
lcl|CP015118.1_prot_ARN18866.1_485	iSDY_1059.SDY_3693	66.8	223	69	1	7	229	4	221	7.27e-103	296
lcl|CP015118.1_prot_ARN18866.1_485	iLB1027_lipid.PHATRDRAFT_53935	63.9	227	73	2	7	229	39	260	7.47e-99	288
lcl|CP015118.1_prot_ARN23692.1_488	iYO844.BSU29470	42.0	395	216	9	11	397	4	393	3.23e-90	277
lcl|CP015118.1_prot_ARN23692.1_488	iYL1228.KPN_03222	41.9	396	212	8	12	397	5	392	9.37e-86	266
lcl|CP015118.1_prot_ARN23692.1_488	STM_v1_0.STM2057	41.9	396	212	8	12	397	5	392	4.15e-84	262
lcl|CP015118.1_prot_ARN23692.1_488	iAF692.Mbar_A1820	39.6	402	224	9	12	400	3	398	9.28e-84	261
lcl|CP015118.1_prot_ARN23692.1_488	iYS854.USA300HOU_RS09075	40.4	401	207	9	11	392	4	391	7.36e-84	261
lcl|CP015118.1_prot_ARN23692.1_488	iCN900.CD630_11750	38.8	400	227	8	12	398	3	397	1.09e-82	258
lcl|CP015118.1_prot_ARN23692.1_488	iHN637.CLJU_RS06265	36.8	400	235	10	12	399	3	396	2.42e-81	254
lcl|CP015118.1_prot_ARN18868.1_490	iLJ478.TM1130	43.3	293	164	2	13	305	4	294	1.45e-67	213
lcl|CP015118.1_prot_ARN18868.1_490	iAF987.Gmet_2098	40.7	297	171	2	12	304	5	300	1.78e-64	205
lcl|CP015118.1_prot_ARN18869.1_491	iJN1463.PP_1478	50.3	358	176	2	1	357	1	357	5.56e-112	330
lcl|CP015118.1_prot_ARN18870.1_492	iCN718.ABAYE_RS17405	33.6	217	142	1	1	215	1	217	6.37e-36	125
lcl|CP015118.1_prot_ARN18870.1_492	iJN1463.PP_0416	34.9	212	125	2	15	218	19	225	4.32e-35	125
lcl|CP015118.1_prot_ARN18870.1_492	iPC815.YPO0156	35.4	192	122	1	15	204	13	204	6.44e-35	123
lcl|CP015118.1_prot_ARN18870.1_492	STM_v1_0.STM3482	36.2	229	123	4	15	220	13	241	5.81e-34	121
lcl|CP015118.1_prot_ARN18870.1_492	iSbBS512_1146.SbBS512_E3762	35.1	211	112	2	15	203	13	220	1.62e-33	120
lcl|CP015118.1_prot_ARN18870.1_492	iSF_1195.SF3403	34.6	208	117	2	15	203	13	220	4.50e-33	119
lcl|CP015118.1_prot_ARN18870.1_492	iML1515.b3385	36.5	208	113	3	15	203	13	220	6.32e-33	119
lcl|CP015118.1_prot_ARN18870.1_492	iSSON_1240.SSON_3516	36.5	208	113	3	15	203	13	220	6.32e-33	119
lcl|CP015118.1_prot_ARN18870.1_492	iSDY_1059.SDY_3694	34.6	208	117	2	15	203	13	220	8.89e-33	118
lcl|CP015118.1_prot_ARN18870.1_492	iYL1228.KPN_03756	33.5	227	125	3	15	218	13	236	5.39e-31	114
lcl|CP015118.1_prot_ARN18872.1_494	iJN1463.PP_0417	55.2	500	204	6	2	492	1	489	4.15e-186	529
lcl|CP015118.1_prot_ARN18873.1_495	iAF987.Gmet_2496	63.4	194	66	1	1	194	1	189	5.44e-83	243
lcl|CP015118.1_prot_ARN18873.1_495	iCN718.ABAYE_RS06050	57.7	196	73	3	1	191	1	191	5.46e-77	228
lcl|CP015118.1_prot_ARN18873.1_495	iJN1463.PP_0420	59.0	200	72	3	1	195	1	195	9.90e-76	225
lcl|CP015118.1_prot_ARN18873.1_495	iCN900.CD630_14450	55.7	194	81	1	1	194	1	189	2.56e-75	224
lcl|CP015118.1_prot_ARN18873.1_495	STM_v1_0.STM3469	56.3	190	78	1	1	190	1	185	4.10e-75	223
lcl|CP015118.1_prot_ARN18873.1_495	iSDY_1059.SDY_3522	59.2	191	73	1	1	191	1	186	5.81e-75	223
lcl|CP015118.1_prot_ARN18873.1_495	iML1515.b3360	58.6	191	74	1	1	191	1	186	1.66e-74	222
lcl|CP015118.1_prot_ARN18873.1_495	iSbBS512_1146.SbBS512_E3736	58.6	191	74	1	1	191	1	186	1.66e-74	222
lcl|CP015118.1_prot_ARN18873.1_495	iSF_1195.SF3379	58.6	191	74	1	1	191	1	186	2.36e-74	221
lcl|CP015118.1_prot_ARN18873.1_495	iSSON_1240.SSON_3491	58.6	191	74	1	1	191	1	186	2.36e-74	221
lcl|CP015118.1_prot_ARN18873.1_495	iPC815.YPO0169	58.2	194	72	2	1	190	1	189	2.19e-73	219
lcl|CP015118.1_prot_ARN18874.1_496	iJN1463.PP_0421	47.7	331	169	1	8	334	6	336	7.95e-97	290
lcl|CP015118.1_prot_ARN18874.1_496	iCN718.ABAYE_RS06035	44.1	349	186	3	1	342	1	347	2.92e-94	284
lcl|CP015118.1_prot_ARN18874.1_496	iAF987.Gmet_2495	42.9	347	185	1	7	340	4	350	8.06e-89	270
lcl|CP015118.1_prot_ARN18875.1_497	iJN1463.PP_0422	57.9	259	108	1	4	261	6	264	2.81e-96	283
lcl|CP015118.1_prot_ARN18877.1_500	iSynCJ816.SGL_RS10925	74.0	400	97	3	1	395	1	398	1.02e-212	588
lcl|CP015118.1_prot_ARN18889.1_512	iEK1008.Rv0684	58.0	703	279	6	1	695	1	695	1.86e-287	803
lcl|CP015118.1_prot_ARN18889.1_512	iSynCJ816.SGL_RS10930	57.7	695	283	5	1	695	1	684	1.15e-283	793
lcl|CP015118.1_prot_ARN18889.1_512	iSynCJ816.SGL_RS17200	54.3	691	304	5	7	695	5	685	1.57e-262	739
lcl|CP015118.1_prot_ARN18890.1_513	iSynCJ816.SGL_RS10925	74.0	400	97	3	1	395	1	398	1.02e-212	588
lcl|CP015118.1_prot_ARN18901.1_525	iAM_Pf480.PF3D7_0729200	29.2	120	80	3	28	143	87	205	1.11e-15	71.6
lcl|CP015118.1_prot_ARN18901.1_525	iAM_Pc455.PCYB_022410	28.7	115	80	2	30	143	89	202	5.51e-15	69.7
lcl|CP015118.1_prot_ARN18901.1_525	iAM_Pb448.PBANKA_021330	27.0	115	82	2	30	143	97	210	6.00e-14	67.0
lcl|CP015118.1_prot_ARN18901.1_525	iAM_Pv461.PVX_081760	27.8	115	81	2	30	143	89	202	7.56e-14	66.6
lcl|CP015118.1_prot_ARN18901.1_525	iMM904.YLR109W	33.1	151	86	8	4	143	5	151	8.10e-14	65.5
lcl|CP015118.1_prot_ARN18919.1_543	iEK1008.Rv2936	34.9	218	140	1	8	223	10	227	5.39e-42	147
lcl|CP015118.1_prot_ARN18919.1_543	iYO844.BSU02750	35.9	217	138	1	21	236	21	237	1.95e-41	143
lcl|CP015118.1_prot_ARN18919.1_543	iML1515.b2129	34.7	242	151	4	5	241	1	240	1.48e-38	137
lcl|CP015118.1_prot_ARN18919.1_543	iSbBS512_1146.SbBS512_E0844	34.7	242	151	4	5	241	1	240	1.48e-38	137
lcl|CP015118.1_prot_ARN18919.1_543	iSF_1195.SF2214	34.7	242	151	4	5	241	1	240	5.69e-38	136
lcl|CP015118.1_prot_ARN18919.1_543	iSSON_1240.SSON_2186	34.3	242	152	4	5	241	1	240	2.19e-37	134
lcl|CP015118.1_prot_ARN18919.1_543	iYL1228.KPN_00838	32.7	226	146	3	5	225	1	225	1.16e-37	133
lcl|CP015118.1_prot_ARN18919.1_543	STM_v1_0.STM2163	34.5	235	150	4	5	236	1	234	7.01e-37	133
lcl|CP015118.1_prot_ARN18919.1_543	iCN900.CD630_09000	32.8	241	153	5	5	238	1	239	4.81e-36	132
lcl|CP015118.1_prot_ARN18920.1_544	iJN1463.PP_2667	26.4	201	132	6	34	222	26	222	7.81e-09	54.7
lcl|CP015118.1_prot_ARN18921.1_545	iHN637.CLJU_RS03010	57.6	33	14	0	35	67	214	246	1.20e-05	42.7
lcl|CP015118.1_prot_ARN18931.1_556	iYO844.BSU15720	43.7	151	79	3	1	149	1	147	4.27e-34	117
lcl|CP015118.1_prot_ARN18932.1_557	iJN1463.PP_0067	53.8	305	131	2	1	303	1	297	1.34e-101	300
lcl|CP015118.1_prot_ARN18935.1_560	iSbBS512_1146.SbBS512_E3194	27.2	232	148	8	7	227	9	230	1.06e-04	42.0
lcl|CP015118.1_prot_ARN18935.1_560	iSDY_1059.SDY_2877	27.2	232	148	8	7	227	9	230	1.06e-04	42.0
lcl|CP015118.1_prot_ARN18935.1_560	iSSON_1240.SSON_2826	27.4	226	143	8	13	227	15	230	1.42e-04	41.6
lcl|CP015118.1_prot_ARN18935.1_560	iML1515.b2682	27.0	226	144	8	13	227	15	230	1.91e-04	41.2
lcl|CP015118.1_prot_ARN18935.1_560	iSF_1195.SF2709	27.0	226	144	8	13	227	15	230	4.62e-04	40.0
lcl|CP015118.1_prot_ARN18937.1_562	iJN1463.PP_4963	65.8	395	125	3	1	395	1	385	1.98e-167	473
lcl|CP015118.1_prot_ARN18937.1_562	iML1515.b2926	62.8	395	137	3	1	395	1	385	1.49e-152	436
lcl|CP015118.1_prot_ARN18937.1_562	iSDY_1059.SDY_3156	62.8	395	137	3	1	395	1	385	1.49e-152	436
lcl|CP015118.1_prot_ARN18937.1_562	iSF_1195.SF2911	62.8	395	137	3	1	395	1	385	1.49e-152	436
lcl|CP015118.1_prot_ARN18937.1_562	iSbBS512_1146.SbBS512_E3351	62.5	395	138	3	1	395	1	385	4.24e-152	434
lcl|CP015118.1_prot_ARN18937.1_562	iSSON_1240.SSON_3078	62.5	395	138	3	1	395	1	385	2.43e-151	432
lcl|CP015118.1_prot_ARN18937.1_562	STM_v1_0.STM3069	62.3	395	139	3	1	395	1	385	3.45e-151	432
lcl|CP015118.1_prot_ARN18937.1_562	iCN718.ABAYE_RS10675	60.7	405	139	4	1	395	1	395	3.00e-149	427
lcl|CP015118.1_prot_ARN18938.1_563	iML1515.b1854	50.9	475	224	4	3	472	6	476	5.87e-145	423
lcl|CP015118.1_prot_ARN18938.1_563	iSbBS512_1146.SbBS512_E2130	50.9	475	224	4	3	472	6	476	5.87e-145	423
lcl|CP015118.1_prot_ARN18938.1_563	iSF_1195.SF1864	50.9	475	224	4	3	472	6	476	5.87e-145	423
lcl|CP015118.1_prot_ARN18938.1_563	iSSON_1240.SSON_1294	50.9	475	224	4	3	472	6	476	5.87e-145	423
lcl|CP015118.1_prot_ARN18938.1_563	iSDY_1059.SDY_1141	50.7	475	225	4	3	472	6	476	2.36e-144	421
lcl|CP015118.1_prot_ARN18938.1_563	iYL1228.KPN_02369	50.7	475	225	4	3	472	6	476	3.34e-144	421
lcl|CP015118.1_prot_ARN18938.1_563	STM_v1_0.STM1888	50.7	475	225	4	3	472	6	476	4.73e-144	421
lcl|CP015118.1_prot_ARN18938.1_563	iJN1463.PP_1362	49.8	482	228	7	3	476	4	479	6.15e-143	418
lcl|CP015118.1_prot_ARN18941.1_566	iJN1463.PP_4960	70.9	354	103	0	1	354	1	354	4.04e-181	505
lcl|CP015118.1_prot_ARN18941.1_566	iCN718.ABAYE_RS10665	67.7	344	111	0	1	344	1	344	1.85e-170	478
lcl|CP015118.1_prot_ARN18941.1_566	iSynCJ816.SGL_RS13385	66.5	352	118	0	1	352	1	352	6.74e-167	469
lcl|CP015118.1_prot_ARN18942.1_567	iAF987.Gmet_0916	54.1	303	126	6	1	301	1	292	2.99e-108	316
lcl|CP015118.1_prot_ARN23697.1_569	iJN1463.PP_0510	31.7	312	182	4	2	313	10	290	4.34e-39	139
lcl|CP015118.1_prot_ARN18944.1_570	iYL1228.KPN_00478	62.5	144	54	0	1	144	14	157	4.97e-54	167
lcl|CP015118.1_prot_ARN18944.1_570	iSF_1195.SF0454	62.5	144	54	0	1	144	14	157	1.00e-53	167
lcl|CP015118.1_prot_ARN18944.1_570	iML1515.b0523	62.5	144	54	0	1	144	14	157	2.01e-53	166
lcl|CP015118.1_prot_ARN18944.1_570	iSbBS512_1146.SbBS512_E0451	62.5	144	54	0	1	144	14	157	2.01e-53	166
lcl|CP015118.1_prot_ARN18944.1_570	iYO844.BSU06420	63.3	139	51	0	1	139	9	147	2.29e-53	166
lcl|CP015118.1_prot_ARN18944.1_570	iPC815.YPO3076	61.1	144	56	0	1	144	19	162	4.73e-53	165
lcl|CP015118.1_prot_ARN18944.1_570	iSDY_1059.SDY_0275	61.8	144	55	0	1	144	14	157	1.16e-52	164
lcl|CP015118.1_prot_ARN18944.1_570	iSSON_1240.SSON_0495	61.8	144	55	0	1	144	14	157	6.63e-52	162
lcl|CP015118.1_prot_ARN18944.1_570	iJN1463.PP_5336	61.1	144	56	0	1	144	9	152	1.11e-51	161
lcl|CP015118.1_prot_ARN18944.1_570	iNF517.LLMG_RS05085	57.1	154	66	0	1	154	8	161	2.09e-51	160
lcl|CP015118.1_prot_ARN18944.1_570	STM_v1_0.STM0534	60.4	144	57	0	1	144	14	157	7.65e-51	159
lcl|CP015118.1_prot_ARN18944.1_570	iCN718.ABAYE_RS19210	59.7	144	58	0	1	144	16	159	3.68e-49	155
lcl|CP015118.1_prot_ARN18944.1_570	iEK1008.Rv3275c	58.2	153	62	1	1	153	14	164	8.36e-49	154
lcl|CP015118.1_prot_ARN18945.1_571	iYO844.BSU06430	39.6	364	208	4	1	363	1	353	4.06e-76	240
lcl|CP015118.1_prot_ARN18945.1_571	iYS854.USA300HOU_RS05305	38.6	360	203	7	10	365	9	354	4.94e-69	221
lcl|CP015118.1_prot_ARN18948.1_574	iJN1463.PP_2098	38.8	436	249	10	28	452	13	441	3.80e-82	261
lcl|CP015118.1_prot_ARN18952.1_578	iAF987.Gmet_3085	36.1	696	426	9	107	790	189	877	1.81e-131	413
lcl|CP015118.1_prot_ARN18952.1_578	iAF987.Gmet_0987	41.2	582	327	5	216	790	204	777	1.23e-125	395
lcl|CP015118.1_prot_ARN18952.1_578	iAF987.Gmet_0782	41.6	519	294	3	277	792	208	720	1.06e-125	393
lcl|CP015118.1_prot_ARN18952.1_578	iAF987.Gmet_0700	40.1	541	319	4	258	793	274	814	2.09e-122	387
lcl|CP015118.1_prot_ARN18952.1_578	iAF987.Gmet_0957	45.3	435	237	1	359	792	181	615	1.24e-121	379
lcl|CP015118.1_prot_ARN18953.1_579	iCN718.ABAYE_RS00995	52.6	458	213	1	1	458	1	454	1.93e-155	448
lcl|CP015118.1_prot_ARN18953.1_579	iJN1463.PP_5411	54.7	459	202	3	1	458	1	454	8.04e-155	446
lcl|CP015118.1_prot_ARN18953.1_579	iML1515.b3730	50.9	456	220	1	2	457	5	456	7.59e-148	429
lcl|CP015118.1_prot_ARN18953.1_579	iSDY_1059.SDY_4018	50.9	456	220	1	2	457	5	456	7.59e-148	429
lcl|CP015118.1_prot_ARN18953.1_579	iSF_1195.SF3810	50.9	456	220	1	2	457	5	456	1.07e-147	428
lcl|CP015118.1_prot_ARN18953.1_579	iSSON_1240.SSON_3889	50.7	456	221	1	2	457	5	456	3.06e-147	427
lcl|CP015118.1_prot_ARN18953.1_579	iSbBS512_1146.SbBS512_E4191	50.9	456	220	1	2	457	5	456	4.33e-147	427
lcl|CP015118.1_prot_ARN18953.1_579	iPC815.YPO4119	49.8	456	225	1	2	457	5	456	3.23e-144	419
lcl|CP015118.1_prot_ARN18953.1_579	STM_v1_0.STM3862	50.0	456	224	1	2	457	5	456	2.61e-143	417
lcl|CP015118.1_prot_ARN18953.1_579	iYL1228.KPN_04135	50.1	455	223	1	3	457	1	451	4.09e-141	411
lcl|CP015118.1_prot_ARN18955.1_582	iML1515.b0159	22.5	275	135	6	34	307	2	199	2.74e-09	56.6
lcl|CP015118.1_prot_ARN18955.1_582	iSbBS512_1146.SbBS512_E0151	22.5	275	135	6	34	307	2	199	2.74e-09	56.6
lcl|CP015118.1_prot_ARN18955.1_582	iSDY_1059.SDY_0175	22.5	275	135	6	34	307	2	199	2.74e-09	56.6
lcl|CP015118.1_prot_ARN18955.1_582	iSF_1195.SF0151	22.5	275	135	6	34	307	2	199	2.74e-09	56.6
lcl|CP015118.1_prot_ARN18955.1_582	iSSON_1240.SSON_0171	22.5	275	135	6	34	307	2	199	2.74e-09	56.6
lcl|CP015118.1_prot_ARN18955.1_582	iHN637.CLJU_RS05255	31.5	92	63	0	35	126	3	94	3.62e-09	56.2
lcl|CP015118.1_prot_ARN18955.1_582	iYS854.USA300HOU_RS08520	22.4	277	137	6	35	310	2	201	4.78e-09	55.8
lcl|CP015118.1_prot_ARN18955.1_582	iYO844.BSU27270	31.1	90	62	0	34	123	2	91	8.97e-09	55.1
lcl|CP015118.1_prot_ARN18955.1_582	iEK1008.Rv0091	24.1	291	163	6	35	322	5	240	1.51e-08	54.7
lcl|CP015118.1_prot_ARN18955.1_582	STM_v1_0.STM0207	22.2	275	136	6	34	307	2	199	2.22e-08	53.9
lcl|CP015118.1_prot_ARN18955.1_582	iNF517.LLMG_RS10345	32.6	95	64	0	34	128	2	96	6.87e-08	52.4
lcl|CP015118.1_prot_ARN18955.1_582	iCN900.CD630_26110	29.2	89	63	0	35	123	4	92	1.32e-07	51.6
lcl|CP015118.1_prot_ARN18957.1_584	STM_v1_0.STM3206	26.2	107	78	1	16	122	5	110	5.70e-07	45.1
lcl|CP015118.1_prot_ARN18957.1_584	iEK1008.Rv3607c	30.6	98	67	1	15	112	4	100	1.90e-05	41.2
lcl|CP015118.1_prot_ARN18958.1_585	iSynCJ816.SGL_RS07840	34.0	247	154	4	3	243	4	247	8.19e-34	122
lcl|CP015118.1_prot_ARN18967.1_596	iJN1463.PP_2998	31.0	316	184	9	12	315	3	296	3.73e-21	91.7
lcl|CP015118.1_prot_ARN18968.1_597	iJN1463.PP_1382	57.0	165	71	0	1	165	1	165	3.02e-57	177
lcl|CP015118.1_prot_ARN18969.1_598	iLB1027_lipid.PHATRDRAFT_3046	30.3	261	174	5	15	274	42	295	7.25e-19	84.7
lcl|CP015118.1_prot_ARN18969.1_598	iYO844.BSU19350	24.4	266	190	5	11	274	40	296	4.60e-17	79.7
lcl|CP015118.1_prot_ARN18971.1_600	iCHOv1.100764455	26.9	186	124	6	3	187	55	229	4.44e-11	61.2
lcl|CP015118.1_prot_ARN18972.1_601	iAT_PLT_636.4704	33.2	298	185	6	6	294	58	350	4.38e-38	138
lcl|CP015118.1_prot_ARN18972.1_601	iMM1415.66108	33.8	299	176	9	6	292	58	346	4.38e-38	138
lcl|CP015118.1_prot_ARN18972.1_601	iCHOv1.100773563	32.7	297	188	5	6	294	58	350	8.53e-38	137
lcl|CP015118.1_prot_ARN18973.1_602	iJN1463.PP_2130	29.1	626	392	15	44	650	51	643	1.67e-57	206
lcl|CP015118.1_prot_ARN18974.1_603	iCN900.CD630_34560	39.4	71	40	2	107	176	117	185	1.62e-10	57.0
lcl|CP015118.1_prot_ARN18974.1_603	iYS854.USA300HOU_RS08275	40.0	60	32	2	107	166	115	170	1.40e-10	57.0
lcl|CP015118.1_prot_ARN18974.1_603	iNF517.LLMG_RS00960	28.2	131	72	5	41	163	46	162	4.88e-09	52.8
lcl|CP015118.1_prot_ARN23701.1_605	iSynCJ816.SGL_RS04360	31.1	190	108	6	9	187	6	183	8.08e-15	68.9
lcl|CP015118.1_prot_ARN18977.1_607	iCN718.ABAYE_RS06150	59.7	263	106	0	1	263	1	263	4.01e-105	306
lcl|CP015118.1_prot_ARN18977.1_607	iJN1463.PP_4977	58.2	273	112	2	1	271	15	287	1.54e-101	298
lcl|CP015118.1_prot_ARN18979.1_609	iAF987.Gmet_1294	76.0	463	106	2	13	475	19	476	2.26e-253	698
lcl|CP015118.1_prot_ARN18982.1_613	iAF987.Gmet_0043	26.1	395	264	7	351	739	16	388	5.96e-25	109
lcl|CP015118.1_prot_ARN18983.1_614	iAF987.Gmet_1290	63.7	391	135	2	4	393	5	389	6.45e-173	487
lcl|CP015118.1_prot_ARN18983.1_614	iYL1228.KPN_03375	64.9	390	126	4	6	394	5	384	4.16e-170	480
lcl|CP015118.1_prot_ARN18983.1_614	STM_v1_0.STM3090	65.1	390	125	4	6	394	5	384	4.16e-170	480
lcl|CP015118.1_prot_ARN18983.1_614	iML1515.b2942	64.6	390	127	4	6	394	5	384	9.69e-169	476
lcl|CP015118.1_prot_ARN18983.1_614	iSDY_1059.SDY_3130	64.6	390	127	4	6	394	5	384	9.69e-169	476
lcl|CP015118.1_prot_ARN18983.1_614	iSF_1195.SF2933	64.6	390	127	4	6	394	5	384	9.69e-169	476
lcl|CP015118.1_prot_ARN18983.1_614	iSSON_1240.SSON_3096	64.6	390	127	4	6	394	5	384	9.69e-169	476
lcl|CP015118.1_prot_ARN18983.1_614	iPC815.YPO0931	65.1	390	125	4	6	394	5	384	1.95e-168	476
lcl|CP015118.1_prot_ARN18983.1_614	iSbBS512_1146.SbBS512_E3374	64.4	390	128	4	6	394	5	384	7.90e-168	474
lcl|CP015118.1_prot_ARN18983.1_614	iJN1463.PP_4967	62.6	404	132	4	1	393	1	396	1.52e-163	464
lcl|CP015118.1_prot_ARN18983.1_614	iCN718.ABAYE_RS10800	62.9	391	134	4	6	393	6	388	1.88e-162	461
lcl|CP015118.1_prot_ARN18983.1_614	iYO844.BSU30550	59.6	394	142	5	6	388	7	394	2.52e-158	451
lcl|CP015118.1_prot_ARN18983.1_614	iIT341.HP0197	59.2	390	149	3	1	389	1	381	8.08e-156	444
lcl|CP015118.1_prot_ARN18983.1_614	iHN637.CLJU_RS01260	58.1	391	150	4	6	388	4	388	1.63e-154	441
lcl|CP015118.1_prot_ARN18983.1_614	iCN900.CD630_01300	57.5	393	151	4	6	388	5	391	5.72e-154	439
lcl|CP015118.1_prot_ARN18984.1_615	iJN1463.PP_0063	27.8	281	192	5	1	274	9	285	7.97e-27	105
lcl|CP015118.1_prot_ARN18984.1_615	iCN718.ABAYE_RS04940	34.0	212	133	5	65	275	73	278	2.33e-26	105
lcl|CP015118.1_prot_ARN18985.1_616	iJN1463.PP_1735	37.3	287	176	2	7	291	22	306	1.83e-65	207
lcl|CP015118.1_prot_ARN18986.1_617	iJN1463.PP_5228	58.7	286	106	3	1	284	12	287	1.61e-108	315
lcl|CP015118.1_prot_ARN18986.1_617	iCN718.ABAYE_RS04830	54.7	287	116	5	1	284	1	276	2.20e-97	287
lcl|CP015118.1_prot_ARN18991.1_622	iAF987.Gmet_0069	37.1	175	107	2	207	379	130	303	4.58e-26	106
lcl|CP015118.1_prot_ARN18991.1_622	iSbBS512_1146.SbBS512_E0302	31.7	278	153	9	112	375	106	360	1.27e-24	103
lcl|CP015118.1_prot_ARN18991.1_622	iAF987.Gmet_0043	39.9	173	100	3	208	377	404	575	1.38e-23	102
lcl|CP015118.1_prot_ARN18991.1_622	iML1515.b1490	34.8	187	119	3	195	379	270	455	1.10e-23	101
lcl|CP015118.1_prot_ARN18991.1_622	iML1515.b1341	35.1	188	118	2	190	377	224	407	7.28e-24	101
lcl|CP015118.1_prot_ARN18991.1_622	iSDY_1059.SDY_0358	30.9	278	155	9	112	375	111	365	4.75e-24	101
lcl|CP015118.1_prot_ARN18991.1_622	iJN1463.PP_0129	33.2	190	125	2	192	380	457	645	4.03e-22	97.8
lcl|CP015118.1_prot_ARN18991.1_622	iML1515.b1535	38.0	158	95	2	218	375	128	282	5.20e-23	97.4
lcl|CP015118.1_prot_ARN18991.1_622	iAF987.Gmet_2425	40.3	159	90	3	221	377	189	344	3.02e-22	96.3
lcl|CP015118.1_prot_ARN18993.1_624	iJN1463.PP_5409	56.9	640	241	7	1	634	1	611	1.07e-229	650
lcl|CP015118.1_prot_ARN18993.1_624	iPC815.YPO4118	51.3	641	273	9	1	634	1	609	2.68e-204	585
lcl|CP015118.1_prot_ARN18996.1_627	iAF987.Gmet_0043	25.6	398	262	7	511	898	25	398	3.11e-30	126
lcl|CP015118.1_prot_ARN19000.1_631	iSSON_1240.SSON_4398	39.6	681	342	23	49	714	21	647	5.28e-135	412
lcl|CP015118.1_prot_ARN19000.1_631	iYL1228.KPN_04607	42.1	624	288	21	49	654	21	589	1.48e-134	410
lcl|CP015118.1_prot_ARN19000.1_631	iML1515.b4213	39.7	678	346	22	49	714	21	647	2.08e-134	410
lcl|CP015118.1_prot_ARN19000.1_631	iSF_1195.SF4273	39.5	678	347	22	49	714	21	647	2.93e-134	410
lcl|CP015118.1_prot_ARN19000.1_631	STM_v1_0.STM4403	39.7	682	340	24	49	714	21	647	2.78e-131	402
lcl|CP015118.1_prot_ARN19000.1_631	iSDY_1059.SDY_4383	39.1	678	350	21	49	714	23	649	2.94e-131	402
lcl|CP015118.1_prot_ARN19000.1_631	iPC815.YPO3530	41.7	614	283	20	49	643	29	586	1.21e-128	395
lcl|CP015118.1_prot_ARN19000.1_631	iYO844.BSU07840	37.4	626	332	17	39	653	30	606	1.43e-115	379
lcl|CP015118.1_prot_ARN19004.1_635	iAF987.Gmet_3011	28.9	284	197	5	18	299	7	287	2.99e-21	90.9
lcl|CP015118.1_prot_A4W93_03210_637	iEK1008.Rv0134	36.8	57	34	2	5	59	10	66	7.96e-04	38.9
lcl|CP015118.1_prot_ARN19006.1_638	iSDY_1059.SDY_0513	24.8	335	202	13	32	329	35	356	1.90e-06	49.7
lcl|CP015118.1_prot_ARN19006.1_638	iSbBS512_1146.SbBS512_E0486	24.8	335	202	13	32	329	61	382	2.68e-06	49.3
lcl|CP015118.1_prot_ARN19006.1_638	iSSON_1240.SSON_0535	24.5	335	203	12	32	329	35	356	7.79e-06	47.8
lcl|CP015118.1_prot_ARN19006.1_638	iSF_1195.SF0497	24.8	335	202	13	32	329	61	382	1.09e-05	47.4
lcl|CP015118.1_prot_ARN19013.1_645	iJN1463.PP_1494	47.8	180	83	2	273	451	166	335	7.67e-40	146
lcl|CP015118.1_prot_ARN19015.1_648	iJN1463.PP_2239	47.4	270	142	0	12	281	16	285	6.48e-74	228
lcl|CP015118.1_prot_ARN19015.1_648	STM_v1_0.STM0832	45.4	269	147	0	13	281	16	284	1.37e-67	211
lcl|CP015118.1_prot_ARN19015.1_648	iML1515.b0813	45.0	269	148	0	13	281	16	284	5.49e-67	210
lcl|CP015118.1_prot_ARN19015.1_648	iSbBS512_1146.SbBS512_E2535	45.0	269	148	0	13	281	16	284	5.49e-67	210
lcl|CP015118.1_prot_ARN19015.1_648	iSSON_1240.SSON_0793	45.0	269	148	0	13	281	16	284	5.49e-67	210
lcl|CP015118.1_prot_ARN19015.1_648	iSF_1195.SF0764	44.6	269	149	0	13	281	16	284	4.38e-66	207
lcl|CP015118.1_prot_ARN19020.1_653	iYS854.USA300HOU_RS03755	24.0	362	261	7	1	358	1	352	1.83e-23	100
lcl|CP015118.1_prot_ARN19027.1_661	iJN1463.PP_0365	37.7	106	61	3	34	136	48	151	7.30e-10	57.8
lcl|CP015118.1_prot_ARN19028.1_662	iYO844.BSU09530	25.6	309	180	8	15	302	13	292	2.22e-20	89.7
lcl|CP015118.1_prot_ARN19028.1_662	iSSON_1240.SSON_1381	30.4	289	151	13	44	325	36	281	2.21e-20	89.0
lcl|CP015118.1_prot_ARN19028.1_662	iML1515.b1781	29.8	289	153	13	44	325	36	281	5.29e-19	85.1
lcl|CP015118.1_prot_ARN19028.1_662	iML1515.b1771	25.7	338	186	14	6	309	4	310	1.23e-18	84.7
lcl|CP015118.1_prot_ARN19028.1_662	iYL1228.KPN_01195	33.1	242	117	12	44	282	46	245	1.56e-18	84.0
lcl|CP015118.1_prot_ARN19028.1_662	iHN637.CLJU_RS08755	27.6	286	157	9	37	322	26	261	6.23e-18	82.0
lcl|CP015118.1_prot_ARN19028.1_662	iSDY_1059.SDY_1486	30.1	289	151	14	44	325	36	280	1.66e-17	80.9
lcl|CP015118.1_prot_ARN19029.1_663	iNF517.LLMG_RS08550	32.9	228	147	1	56	277	267	494	1.22e-31	127
lcl|CP015118.1_prot_ARN19029.1_663	iYO844.BSU33720	39.4	193	116	1	298	490	12	203	2.26e-31	120
lcl|CP015118.1_prot_ARN19029.1_663	iYO844.BSU33700	40.5	185	108	2	307	490	24	207	3.92e-31	119
lcl|CP015118.1_prot_ARN19029.1_663	iYO844.BSU33800	39.5	185	110	2	307	490	24	207	4.23e-31	119
lcl|CP015118.1_prot_ARN19029.1_663	iYS854.USA300HOU_RS03905	40.8	174	102	1	307	480	21	193	4.18e-29	119
lcl|CP015118.1_prot_ARN19034.1_668	iYS854.USA300HOU_RS08985	34.2	187	112	2	203	378	176	362	3.21e-22	96.7
lcl|CP015118.1_prot_ARN19034.1_668	iYO844.BSU29140	34.9	186	110	2	203	377	175	360	7.90e-20	89.7
lcl|CP015118.1_prot_ARN19035.1_669	iJN1463.PP_1418	24.7	275	179	10	51	304	49	316	3.21e-07	50.8
lcl|CP015118.1_prot_ARN19036.1_670	iJN1463.PP_3376	36.9	293	166	7	31	311	29	314	1.14e-41	146
lcl|CP015118.1_prot_ARN19041.1_675	iCN718.ABAYE_RS11680	77.4	319	72	0	1	319	1	319	3.19e-179	498
lcl|CP015118.1_prot_ARN19042.1_676	iAF987.Gmet_2224	37.2	261	161	1	7	267	2	259	1.89e-52	171
lcl|CP015118.1_prot_ARN19044.1_678	iCN718.ABAYE_RS14225	42.3	260	147	2	13	272	6	262	2.36e-60	191
lcl|CP015118.1_prot_ARN23705.1_681	iCN718.ABAYE_RS15890	40.7	214	121	2	15	228	9	216	1.78e-47	158
lcl|CP015118.1_prot_ARN19046.1_682	iEK1008.Rv2045c	47.7	214	104	5	198	406	20	230	4.21e-42	159
lcl|CP015118.1_prot_ARN19046.1_682	iMM1415.11423	40.6	244	126	5	192	421	37	275	6.31e-40	154
lcl|CP015118.1_prot_ARN19046.1_682	iCHOv1.100770679	40.7	231	118	5	192	408	37	262	2.10e-38	149
lcl|CP015118.1_prot_ARN19046.1_682	iCHOv1.100767789	41.0	229	111	5	195	407	34	254	1.30e-37	147
lcl|CP015118.1_prot_ARN19046.1_682	iCHOv1.100756666	39.0	241	120	7	191	412	29	261	9.02e-37	144
lcl|CP015118.1_prot_ARN19046.1_682	iMM1415.436059	33.3	300	170	8	209	487	51	341	1.67e-36	144
lcl|CP015118.1_prot_ARN19047.1_684	iMM1415.436059	42.2	206	98	5	217	409	57	254	4.10e-37	145
lcl|CP015118.1_prot_ARN19047.1_684	iMM1415.11423	38.1	236	115	5	194	409	37	261	5.74e-36	143
lcl|CP015118.1_prot_ARN19047.1_684	iCHOv1.100756666	39.7	209	99	5	217	409	58	255	1.11e-35	141
lcl|CP015118.1_prot_ARN19047.1_684	iCHOv1.100767789	39.0	228	121	4	197	411	34	256	3.11e-35	140
lcl|CP015118.1_prot_ARN19047.1_684	iCHOv1.100770679	37.0	246	122	6	194	417	37	271	2.57e-34	137
lcl|CP015118.1_prot_ARN19047.1_684	iEK1008.Rv2045c	40.9	242	132	7	191	425	10	247	4.41e-34	136
lcl|CP015118.1_prot_ARN19049.1_686	iCHOv1.100771266	24.6	244	160	7	54	284	59	291	2.36e-13	69.7
lcl|CP015118.1_prot_ARN19050.1_687	iJN1463.PP_2514	58.7	223	92	0	5	227	9	231	2.35e-84	250
lcl|CP015118.1_prot_ARN19051.1_688	iJN1463.PP_2518	65.9	417	141	1	1	417	1	416	2.24e-206	575
lcl|CP015118.1_prot_ARN23706.1_689	iCN718.ABAYE_RS15395	33.5	155	97	3	35	183	72	226	4.81e-15	71.6
lcl|CP015118.1_prot_ARN23707.1_690	iJN1463.PP_1418	24.8	246	169	8	11	246	8	247	8.15e-06	46.6
lcl|CP015118.1_prot_ARN19053.1_692	iJN1463.PP_1418	28.1	235	149	9	24	245	21	248	4.94e-12	65.5
lcl|CP015118.1_prot_ARN19055.1_694	iAF987.Gmet_1122	28.0	157	100	6	38	186	39	190	7.77e-10	58.2
lcl|CP015118.1_prot_ARN19059.1_698	iAF987.Gmet_1919	22.2	117	86	2	7	123	4	115	5.17e-05	43.1
lcl|CP015118.1_prot_ARN19059.1_698	iAF987.Gmet_1914	27.6	116	79	3	8	122	4	115	1.04e-04	42.4
lcl|CP015118.1_prot_ARN19059.1_698	iEK1008.Rv0386	37.5	56	35	0	165	220	1026	1081	7.11e-04	40.0
lcl|CP015118.1_prot_ARN19062.1_701	iHN637.CLJU_RS18460	29.2	281	168	8	4	266	6	273	1.10e-26	104
lcl|CP015118.1_prot_ARN19062.1_701	iCN900.CD630_34030	27.4	266	171	7	3	262	5	254	9.51e-27	104
lcl|CP015118.1_prot_ARN19062.1_701	iYO844.BSU27200	27.8	277	172	8	1	267	1	259	4.51e-25	100
lcl|CP015118.1_prot_ARN19063.1_702	iYS854.USA300HOU_RS06130	28.4	264	182	4	270	530	8	267	6.82e-28	118
lcl|CP015118.1_prot_ARN19068.1_710	iJN1463.PP_2998	36.4	302	182	6	21	312	2	303	3.87e-42	147
lcl|CP015118.1_prot_ARN19068.1_710	STM_v1_0.STM2573	32.2	304	196	5	21	314	2	305	1.87e-39	140
lcl|CP015118.1_prot_ARN19069.1_711	iAF987.Gmet_0987	33.3	165	110	0	148	312	351	515	6.66e-20	90.1
lcl|CP015118.1_prot_ARN19069.1_711	iJN1463.PP_4670	28.0	239	161	5	69	305	167	396	3.95e-19	87.0
lcl|CP015118.1_prot_ARN19069.1_711	iAF987.Gmet_2629	28.9	204	141	1	117	316	341	544	9.79e-19	86.7
lcl|CP015118.1_prot_ARN19069.1_711	iJN1463.PP_3581	36.3	146	92	1	160	305	265	409	1.76e-17	82.8
lcl|CP015118.1_prot_ARN19078.1_721	iML1515.b3032	32.1	212	143	1	3	214	17	227	3.65e-29	110
lcl|CP015118.1_prot_ARN19080.1_723	iCN900.CD630_34150	35.9	234	147	1	39	269	53	286	6.78e-53	173
lcl|CP015118.1_prot_ARN19081.1_724	iLJ478.TM1121	33.4	287	182	4	10	290	19	302	1.40e-45	155
lcl|CP015118.1_prot_ARN19081.1_724	iEK1008.Rv2316	31.5	286	191	2	5	289	6	287	7.30e-42	145
lcl|CP015118.1_prot_ARN19081.1_724	iCN900.CD630_34160	27.5	284	200	4	11	290	8	289	2.78e-41	144
lcl|CP015118.1_prot_ARN19081.1_724	iCN900.CD630_25490	29.2	277	194	1	12	286	24	300	4.39e-40	141
lcl|CP015118.1_prot_ARN19082.1_725	iLJ478.TM1120	29.7	424	275	9	18	422	12	431	4.46e-54	185
lcl|CP015118.1_prot_ARN19083.1_726	STM_v1_0.STM3554	44.5	348	163	4	1	318	1	348	3.28e-85	260
lcl|CP015118.1_prot_ARN19083.1_726	iPC815.YPO3712	43.1	353	166	3	1	318	1	353	1.24e-82	254
lcl|CP015118.1_prot_ARN19083.1_726	iEK1008.Rv1238	48.9	284	125	5	1	264	1	284	1.59e-80	249
lcl|CP015118.1_prot_ARN19083.1_726	iML1515.b3450	42.8	348	169	4	1	318	1	348	1.07e-80	248
lcl|CP015118.1_prot_ARN19083.1_726	iSbBS512_1146.SbBS512_E3873	42.5	348	170	4	1	318	1	348	3.03e-80	247
lcl|CP015118.1_prot_ARN19083.1_726	iYL1228.KPN_03810	43.1	348	168	4	1	318	1	348	4.29e-80	247
lcl|CP015118.1_prot_ARN19083.1_726	STM_v1_0.STM4230	42.5	353	168	3	1	318	1	353	1.78e-79	246
lcl|CP015118.1_prot_ARN19083.1_726	iYL1228.KPN_04424	42.5	353	168	3	1	318	1	353	2.51e-79	245
lcl|CP015118.1_prot_ARN19083.1_726	iEK1008.Rv2038c	43.8	338	160	5	1	308	1	338	2.50e-79	245
lcl|CP015118.1_prot_ARN19083.1_726	iML1515.b4035	42.5	355	167	4	1	318	1	355	1.06e-78	244
lcl|CP015118.1_prot_ARN19083.1_726	iSF_1195.SF4170	42.5	355	167	4	1	318	1	355	1.06e-78	244
lcl|CP015118.1_prot_ARN19083.1_726	iSSON_1240.SSON_4213	42.5	355	167	4	1	318	1	355	1.06e-78	244
lcl|CP015118.1_prot_ARN19083.1_726	iPC815.YPO3793	42.1	347	172	4	1	318	1	347	9.96e-79	243
lcl|CP015118.1_prot_ARN19083.1_726	iCN900.CD630_34170	43.3	319	168	5	1	308	1	317	6.14e-77	239
lcl|CP015118.1_prot_ARN19083.1_726	iJN1463.PP_1018	40.4	359	175	5	1	320	1	359	1.10e-75	236
lcl|CP015118.1_prot_ARN19083.1_726	iLJ478.TM0421	51.4	243	118	0	1	243	1	243	3.01e-75	234
lcl|CP015118.1_prot_ARN19085.1_728	iJN1463.PP_1494	26.3	114	79	3	9	119	21	132	1.04e-04	42.0
lcl|CP015118.1_prot_ARN19091.1_734	iSynCJ816.SGL_RS16190	25.4	232	144	6	17	240	6	216	1.37e-12	69.3
lcl|CP015118.1_prot_ARN19092.1_735	iAF987.Gmet_0043	26.8	384	235	13	338	708	37	387	6.23e-21	97.1
lcl|CP015118.1_prot_ARN19094.1_737	iCN718.ABAYE_RS00890	26.9	197	138	3	4	195	3	198	1.56e-17	77.0
lcl|CP015118.1_prot_A4W93_03720_739	iCN718.ABAYE_RS03975	20.0	404	277	14	5	388	2	379	1.39e-06	50.8
lcl|CP015118.1_prot_ARN19099.1_743	iAF987.Gmet_0078	34.9	479	257	9	17	461	5	462	3.08e-72	238
lcl|CP015118.1_prot_ARN19100.1_744	iLJ478.TM0356	42.3	284	161	2	51	333	36	317	2.32e-64	208
lcl|CP015118.1_prot_ARN19100.1_744	iAF987.Gmet_3072	38.6	324	190	5	11	333	3	318	5.20e-59	194
lcl|CP015118.1_prot_ARN19100.1_744	iHN637.CLJU_RS07395	39.0	292	174	2	43	333	31	319	1.74e-56	188
lcl|CP015118.1_prot_ARN19101.1_745	iCHOv1.100768929	29.1	203	115	5	3	199	6	185	7.05e-18	78.2
lcl|CP015118.1_prot_ARN19101.1_745	iMM1415.233016	29.1	203	115	5	3	199	6	185	9.82e-18	77.8
lcl|CP015118.1_prot_ARN19101.1_745	iAT_PLT_636.645	29.6	199	119	4	3	199	6	185	2.65e-17	76.6
lcl|CP015118.1_prot_ARN19101.1_745	iLB1027_lipid.PHATRDRAFT_42659	28.4	215	117	5	3	198	45	241	1.40e-14	70.5
lcl|CP015118.1_prot_ARN19104.1_748	iSynCJ816.SGL_RS08600	30.8	331	215	6	19	339	12	338	8.00e-34	130
lcl|CP015118.1_prot_ARN19104.1_748	iMM904.YIL074C	33.4	296	182	5	40	320	89	384	1.08e-32	126
lcl|CP015118.1_prot_ARN19104.1_748	iMM904.YER081W	33.4	296	182	5	40	320	89	384	1.48e-32	125
lcl|CP015118.1_prot_ARN19104.1_748	iYO844.BSU23070	32.7	278	181	4	47	319	36	312	6.69e-32	124
lcl|CP015118.1_prot_ARN19104.1_748	iCHOv1.100774394	33.5	281	177	6	45	318	41	318	1.34e-31	124
lcl|CP015118.1_prot_ARN19104.1_748	iMM1415.236539	33.5	281	177	6	45	318	41	318	1.34e-31	124
lcl|CP015118.1_prot_ARN19104.1_748	iYS854.USA300HOU_RS09145	31.3	281	187	4	44	319	38	317	1.66e-30	120
lcl|CP015118.1_prot_ARN19104.1_748	iEK1008.Rv2996c	32.2	301	195	5	22	317	17	313	2.18e-30	120
lcl|CP015118.1_prot_ARN19104.1_748	iAF692.Mbar_A1431	29.3	283	194	4	45	322	34	315	2.57e-29	117
lcl|CP015118.1_prot_ARN23711.1_750	iJN1463.PP_1167	31.8	425	279	7	192	611	5	423	1.89e-57	199
lcl|CP015118.1_prot_ARN23711.1_750	STM_v1_0.STM3672	33.3	411	263	7	199	604	11	415	6.91e-56	194
lcl|CP015118.1_prot_ARN23711.1_750	iML1515.b3578	33.2	410	265	6	199	604	11	415	1.33e-55	194
lcl|CP015118.1_prot_ARN19106.1_751	iML1515.b3579	30.6	304	206	3	33	336	27	325	1.47e-39	142
lcl|CP015118.1_prot_ARN19106.1_751	STM_v1_0.STM3673	31.2	260	176	2	33	292	27	283	8.15e-38	137
lcl|CP015118.1_prot_ARN19106.1_751	iJN1463.PP_1169	34.2	240	153	4	61	298	53	289	1.43e-37	136
lcl|CP015118.1_prot_ARN23712.1_754	iPC815.YPO3964	35.1	499	308	6	3	499	14	498	2.50e-84	269
lcl|CP015118.1_prot_ARN23712.1_754	iYO844.BSU35940	32.4	497	318	4	3	496	10	491	1.33e-83	266
lcl|CP015118.1_prot_ARN23712.1_754	iSF_1195.SF3611	34.4	482	298	7	3	476	12	483	1.03e-80	259
lcl|CP015118.1_prot_ARN23712.1_754	iSbBS512_1146.SbBS512_E3955	34.6	482	297	7	3	476	12	483	2.04e-80	259
lcl|CP015118.1_prot_ARN23712.1_754	iML1515.b3567	34.6	482	297	7	3	476	12	483	4.02e-80	258
lcl|CP015118.1_prot_ARN23712.1_754	iYL1228.KPN_03931	35.1	485	291	8	3	476	12	483	1.81e-77	251
lcl|CP015118.1_prot_ARN23712.1_754	iLJ478.TM0956	33.3	481	303	6	3	475	20	490	2.32e-77	251
lcl|CP015118.1_prot_ARN23712.1_754	iML1515.b4485	35.3	485	296	6	1	481	15	485	4.14e-75	244
lcl|CP015118.1_prot_ARN23712.1_754	iNF517.LLMG_RS04060	31.6	481	310	4	1	478	8	472	4.75e-75	244
lcl|CP015118.1_prot_ARN23712.1_754	iSSON_1240.SSON_4410	35.3	485	296	6	1	481	15	485	2.25e-74	243
lcl|CP015118.1_prot_ARN23712.1_754	iPC815.YPO4036	33.6	485	298	8	3	476	12	483	4.05e-74	242
lcl|CP015118.1_prot_ARN19110.1_756	iML1515.b1011	38.0	221	128	4	40	256	6	221	2.76e-41	141
lcl|CP015118.1_prot_ARN19110.1_756	iSSON_1240.SSON_1030	38.0	221	128	4	40	256	20	235	4.03e-41	141
lcl|CP015118.1_prot_ARN19110.1_756	iSF_1195.SF1014	37.6	221	129	4	40	256	20	235	1.24e-39	137
lcl|CP015118.1_prot_ARN19111.1_757	iCN718.ABAYE_RS08820	32.8	381	197	9	35	390	15	361	6.03e-43	153
lcl|CP015118.1_prot_ARN19114.1_760	iSF_1195.SF0574	26.4	607	373	20	7	564	7	588	5.32e-32	130
lcl|CP015118.1_prot_ARN19114.1_760	iEK1008.Rv1552	25.3	585	358	18	9	542	6	562	9.32e-32	129
lcl|CP015118.1_prot_ARN19114.1_760	iSbBS512_1146.SbBS512_E0642	26.2	607	374	20	7	564	7	588	2.35e-31	128
lcl|CP015118.1_prot_ARN19114.1_760	iML1515.b0723	26.2	607	374	20	7	564	7	588	5.73e-31	127
lcl|CP015118.1_prot_ARN19114.1_760	STM_v1_0.STM0734	26.0	607	375	19	7	564	7	588	5.73e-31	127
lcl|CP015118.1_prot_ARN19114.1_760	iSSON_1240.SSON_0674	26.2	607	374	20	7	564	7	588	5.73e-31	127
lcl|CP015118.1_prot_ARN19114.1_760	iSDY_1059.SDY_0661	26.2	607	374	20	7	564	7	588	1.03e-30	126
lcl|CP015118.1_prot_ARN19114.1_760	iYL1228.KPN_00730	25.9	607	376	19	7	564	7	588	2.51e-30	125
lcl|CP015118.1_prot_ARN19114.1_760	iJN1463.PP_4191	24.9	603	384	18	9	564	10	590	2.54e-30	125
lcl|CP015118.1_prot_ARN19114.1_760	iSynCJ816.SGL_RS06730	24.7	571	369	16	7	537	3	552	2.57e-28	119
lcl|CP015118.1_prot_ARN19115.1_761	iIT341.HP0588	37.1	70	35	2	10	73	7	73	5.77e-08	45.8
lcl|CP015118.1_prot_ARN19116.1_762	iJN1463.PP_0207	72.5	459	125	1	4	461	2	460	2.83e-237	657
lcl|CP015118.1_prot_ARN19117.1_763	iJN1463.PP_0208	61.3	256	99	0	19	274	2	257	1.75e-106	309
lcl|CP015118.1_prot_ARN19118.1_764	iJN1463.PP_0209	68.4	266	83	1	3	268	9	273	2.91e-127	362
lcl|CP015118.1_prot_ARN19126.1_773	iML1515.b2371	34.0	347	225	3	5	349	11	355	2.79e-61	201
lcl|CP015118.1_prot_ARN19127.1_774	iCN718.ABAYE_RS11835	45.1	306	167	1	9	314	8	312	2.53e-93	279
lcl|CP015118.1_prot_ARN19129.1_776	iJN1463.PP_0762	47.5	295	151	2	9	302	15	306	6.82e-77	237
lcl|CP015118.1_prot_ARN19130.1_777	iJN1463.PP_1418	26.9	249	171	6	3	243	2	247	8.86e-12	64.7
lcl|CP015118.1_prot_ARN19131.1_778	iYS854.USA300HOU_RS09300	23.5	497	299	18	39	528	11	433	3.29e-13	71.6
lcl|CP015118.1_prot_ARN19131.1_778	iHN637.CLJU_RS08540	24.3	445	269	16	115	555	73	453	2.33e-12	68.9
lcl|CP015118.1_prot_ARN19132.1_779	iYO844.BSU04000	47.2	354	181	5	1	353	3	351	8.13e-113	332
lcl|CP015118.1_prot_ARN19132.1_779	iSbBS512_1146.SbBS512_E2058	49.0	357	173	5	1	350	2	356	2.91e-112	331
lcl|CP015118.1_prot_ARN19132.1_779	iML1515.b1800	48.7	357	174	5	1	350	2	356	3.33e-111	328
lcl|CP015118.1_prot_ARN19132.1_779	iSSON_1240.SSON_1361	48.7	357	174	5	1	350	2	356	3.33e-111	328
lcl|CP015118.1_prot_ARN19132.1_779	iYL1228.KPN_01015	48.5	357	173	6	2	350	3	356	6.67e-111	327
lcl|CP015118.1_prot_ARN19132.1_779	iSDY_1059.SDY_1701	48.5	357	175	5	1	350	2	356	1.90e-110	326
lcl|CP015118.1_prot_ARN19132.1_779	iPC815.YPO2496	47.0	355	179	5	2	349	7	359	2.19e-102	306
lcl|CP015118.1_prot_ARN19132.1_779	iCN718.ABAYE_RS14760	44.4	365	194	5	2	359	3	365	1.46e-101	304
lcl|CP015118.1_prot_ARN23714.1_782	iJN1463.PP_3173	47.2	362	183	5	5	360	3	362	8.95e-104	309
lcl|CP015118.1_prot_ARN23714.1_782	iJN1463.PP_0920	47.8	356	176	4	5	360	4	349	9.85e-102	303
lcl|CP015118.1_prot_ARN23714.1_782	iJN1463.PP_2486	44.2	369	189	9	5	359	6	371	1.03e-96	291
lcl|CP015118.1_prot_ARN19134.1_783	iAF987.Gmet_1601	43.9	246	133	4	5	250	3	243	8.50e-49	160
lcl|CP015118.1_prot_ARN19134.1_783	iEK1008.Rv1928c	40.4	250	142	4	5	252	9	253	1.07e-45	153
lcl|CP015118.1_prot_ARN19134.1_783	iYS854.USA300HOU_RS06185	42.4	245	133	7	8	250	3	241	7.93e-46	153
lcl|CP015118.1_prot_ARN19134.1_783	iLJ478.TM1724	37.7	247	149	4	4	250	2	243	2.36e-45	152
lcl|CP015118.1_prot_ARN19134.1_783	iAF987.Gmet_1531	39.0	246	144	5	5	250	4	243	2.84e-44	149
lcl|CP015118.1_prot_ARN19134.1_783	iYO844.BSU15910	39.0	249	142	7	5	250	2	243	2.06e-43	147
lcl|CP015118.1_prot_ARN19137.1_786	iAM_Pc455.PCYB_022410	33.7	175	100	3	10	168	58	232	2.75e-33	120
lcl|CP015118.1_prot_ARN19137.1_786	iAM_Pv461.PVX_081760	33.1	175	101	3	10	168	58	232	7.63e-33	119
lcl|CP015118.1_prot_ARN19137.1_786	iAM_Pf480.PF3D7_0729200	31.8	176	103	3	10	168	60	235	4.49e-32	117
lcl|CP015118.1_prot_ARN19137.1_786	iAM_Pb448.PBANKA_021330	32.9	149	95	2	25	168	92	240	1.21e-28	108
lcl|CP015118.1_prot_ARN19141.1_790	iML1515.b3867	49.3	448	226	1	6	453	10	456	3.79e-142	414
lcl|CP015118.1_prot_ARN19141.1_790	iSbBS512_1146.SbBS512_E4342	49.3	448	226	1	6	453	10	456	3.79e-142	414
lcl|CP015118.1_prot_ARN19141.1_790	iSSON_1240.SSON_4039	49.3	448	226	1	6	453	12	458	4.05e-142	414
lcl|CP015118.1_prot_ARN19141.1_790	iYL1228.KPN_04175	49.3	448	226	1	6	453	10	456	7.60e-142	413
lcl|CP015118.1_prot_ARN19141.1_790	iSDY_1059.SDY_3876	49.1	448	227	1	6	453	12	458	3.27e-141	412
lcl|CP015118.1_prot_ARN19141.1_790	iSF_1195.SF3937	49.1	448	227	1	6	453	10	456	8.69e-141	410
lcl|CP015118.1_prot_ARN19141.1_790	STM_v1_0.STM4004	49.6	448	225	1	6	453	10	456	1.74e-140	410
lcl|CP015118.1_prot_ARN19141.1_790	iJN1463.PP_4264	49.9	447	219	3	11	453	14	459	4.41e-139	406
lcl|CP015118.1_prot_ARN19143.1_792	iEK1008.Rv0092	34.4	727	436	10	47	741	20	737	3.94e-95	311
lcl|CP015118.1_prot_ARN19143.1_792	iYO844.BSU33500	31.8	736	455	10	42	741	74	798	7.24e-91	301
lcl|CP015118.1_prot_ARN19143.1_792	iEK1008.Rv0103c	33.7	742	429	15	47	741	21	746	3.74e-88	293
lcl|CP015118.1_prot_ARN19145.1_794	iJN1463.PP_4250	73.5	460	122	0	17	476	9	468	4.06e-267	733
lcl|CP015118.1_prot_ARN19145.1_794	iJN1463.PP_4255	68.7	453	142	0	17	469	10	462	8.77e-254	699
lcl|CP015118.1_prot_ARN19146.1_795	iJN1463.PP_4251	69.5	197	60	0	13	209	3	199	1.21e-97	281
lcl|CP015118.1_prot_ARN19146.1_795	iJN1463.PP_4256	66.0	197	67	0	13	209	3	199	1.34e-94	274
lcl|CP015118.1_prot_ARN19147.1_796	iJN1463.PP_4257	30.0	50	35	0	1	50	1	50	1.06e-05	37.7
lcl|CP015118.1_prot_ARN19148.1_797	iJN1463.PP_4253	42.6	305	161	9	9	301	5	307	1.77e-72	225
lcl|CP015118.1_prot_ARN19148.1_797	iJN1463.PP_4258	41.5	318	156	10	9	299	5	319	2.02e-71	223
lcl|CP015118.1_prot_ARN19153.1_802	STM_v1_0.STM4465	31.2	109	75	0	15	123	24	132	1.69e-06	45.8
lcl|CP015118.1_prot_ARN19153.1_802	iPC815.YPO3446	29.1	110	78	0	14	123	22	131	7.79e-06	43.9
lcl|CP015118.1_prot_ARN19154.1_804	iML1515.b1489	30.1	113	74	1	11	123	16	123	1.65e-09	60.8
lcl|CP015118.1_prot_ARN19154.1_804	iSbBS512_1146.SbBS512_E1752	30.1	113	74	1	11	123	24	131	1.66e-09	60.8
lcl|CP015118.1_prot_ARN19154.1_804	iSSON_1240.SSON_1635	30.1	113	74	1	11	123	24	131	1.66e-09	60.8
lcl|CP015118.1_prot_ARN19155.1_805	iAF987.Gmet_2999	33.6	119	76	2	3	118	7	125	4.41e-15	73.2
lcl|CP015118.1_prot_ARN19155.1_805	iAF987.Gmet_0069	37.6	117	68	2	8	119	7	123	5.41e-14	69.7
lcl|CP015118.1_prot_ARN19155.1_805	iAF987.Gmet_1706	36.1	119	67	3	9	122	6	120	6.82e-13	66.6
lcl|CP015118.1_prot_ARN19156.1_806	iLJ478.TM1835	34.5	505	280	13	8	507	13	471	5.27e-89	280
lcl|CP015118.1_prot_ARN19160.1_810	iML1515.b1985	26.4	432	313	4	16	442	45	476	1.10e-39	149
lcl|CP015118.1_prot_ARN23716.1_814	iJN1463.PP_1403	43.4	738	362	11	1	698	41	762	4.05e-178	526
lcl|CP015118.1_prot_ARN23716.1_814	iYL1228.KPN_02568	41.1	733	384	7	1	698	45	764	1.70e-171	509
lcl|CP015118.1_prot_ARN23716.1_814	iSDY_1059.SDY_2156	39.8	733	393	7	1	698	45	764	9.29e-165	492
lcl|CP015118.1_prot_ARN23716.1_814	iML1515.b2132	39.7	733	394	7	1	698	45	764	3.68e-164	491
lcl|CP015118.1_prot_ARN23716.1_814	iSF_1195.SF2217	39.6	733	395	7	1	698	45	764	1.46e-163	489
lcl|CP015118.1_prot_ARN23716.1_814	iSSON_1240.SSON_2189	39.6	733	395	7	1	698	45	764	2.06e-163	489
lcl|CP015118.1_prot_ARN23716.1_814	iSbBS512_1146.SbBS512_E0841	39.6	733	395	7	1	698	45	764	2.91e-163	488
lcl|CP015118.1_prot_ARN19164.1_815	iAF987.Gmet_1914	34.3	99	62	3	643	741	4	99	2.80e-08	56.6
lcl|CP015118.1_prot_ARN23718.1_819	STM_v1_0.STM4229	42.6	387	197	3	1	387	36	397	1.30e-101	306
lcl|CP015118.1_prot_ARN23718.1_819	iML1515.b4034	41.6	387	201	3	1	387	33	394	1.51e-99	301
lcl|CP015118.1_prot_ARN23718.1_819	iYL1228.KPN_04423	41.6	387	201	3	1	387	33	394	3.02e-99	300
lcl|CP015118.1_prot_ARN23718.1_819	iSF_1195.SF4171	41.3	387	202	3	1	387	33	394	6.03e-99	300
lcl|CP015118.1_prot_ARN23718.1_819	iSSON_1240.SSON_4212	41.3	387	202	3	1	387	33	394	1.21e-98	299
lcl|CP015118.1_prot_ARN23718.1_819	iPC815.YPO3714	40.6	387	205	3	1	387	40	401	3.37e-97	295
lcl|CP015118.1_prot_ARN23719.1_820	iLJ478.TM1845	28.6	702	368	22	171	860	216	796	1.96e-65	235
lcl|CP015118.1_prot_ARN19167.1_821	iAF987.Gmet_1823	24.5	184	133	4	29	209	24	204	9.80e-10	59.3
lcl|CP015118.1_prot_ARN19168.1_822	iYL1228.KPN_01492	68.8	420	131	0	9	428	4	423	4.58e-221	612
lcl|CP015118.1_prot_ARN19168.1_822	iCN718.ABAYE_RS02275	66.7	420	139	1	9	428	4	422	8.39e-212	588
lcl|CP015118.1_prot_ARN23720.1_823	iJN1463.PP_2453	61.6	352	132	2	13	363	13	362	6.43e-144	411
lcl|CP015118.1_prot_ARN23720.1_823	iCN718.ABAYE_RS11115	61.9	331	123	2	36	363	25	355	5.57e-136	391
lcl|CP015118.1_prot_ARN23721.1_824	iJN1463.PP_4843	31.0	342	189	10	10	306	14	353	1.63e-27	109
lcl|CP015118.1_prot_ARN23721.1_824	iSynCJ816.SGL_RS06015	29.9	308	183	8	34	312	66	369	1.82e-24	102
lcl|CP015118.1_prot_ARN19169.1_825	iJN1463.PP_4842	33.6	295	179	8	13	294	200	490	3.79e-34	129
lcl|CP015118.1_prot_ARN19170.1_826	iLJ478.TM1135	25.1	315	220	9	35	342	21	326	3.31e-07	51.6
lcl|CP015118.1_prot_ARN19171.1_827	iJN1463.PP_4863	41.1	236	136	1	1	233	1	236	6.97e-52	167
lcl|CP015118.1_prot_ARN19171.1_827	iJN1463.PP_1137	39.0	231	138	1	6	233	2	232	4.34e-49	160
lcl|CP015118.1_prot_ARN19171.1_827	iLJ478.TM1139	39.9	238	139	1	1	234	1	238	7.28e-49	160
lcl|CP015118.1_prot_ARN19171.1_827	iAF987.Gmet_1819	38.8	237	136	2	6	233	2	238	1.62e-46	154
lcl|CP015118.1_prot_ARN19171.1_827	iJN1463.PP_4845	41.9	215	117	3	6	214	2	214	1.07e-46	154
lcl|CP015118.1_prot_ARN19172.1_828	iSynCJ816.SGL_RS14000	40.7	253	140	3	3	247	17	267	1.74e-53	173
lcl|CP015118.1_prot_ARN19172.1_828	iJN1463.PP_1138	40.2	254	139	3	4	247	5	255	9.80e-53	171
lcl|CP015118.1_prot_ARN19172.1_828	iLJ478.TM1138	38.2	262	136	3	10	245	17	278	2.47e-51	168
lcl|CP015118.1_prot_ARN19172.1_828	iPC815.YPO3805	40.5	252	137	3	4	245	6	254	3.89e-49	162
lcl|CP015118.1_prot_ARN19172.1_828	iYL1228.KPN_03817	39.8	254	140	4	4	247	5	255	5.49e-49	161
lcl|CP015118.1_prot_ARN19172.1_828	iSSON_1240.SSON_3693	39.4	254	141	4	4	247	5	255	2.18e-48	160
lcl|CP015118.1_prot_ARN19172.1_828	iML1515.b3455	39.4	254	141	4	4	247	5	255	3.08e-48	159
lcl|CP015118.1_prot_ARN19172.1_828	iSbBS512_1146.SbBS512_E3867	39.4	254	141	4	4	247	5	255	3.08e-48	159
lcl|CP015118.1_prot_ARN19172.1_828	iSF_1195.SF3473	39.4	254	141	4	4	247	5	255	3.08e-48	159
lcl|CP015118.1_prot_ARN19172.1_828	iAF987.Gmet_1820	36.3	248	152	2	4	245	1	248	3.78e-48	159
lcl|CP015118.1_prot_ARN19172.1_828	iSynCJ816.SGL_RS13090	37.3	244	151	1	4	247	5	246	8.33e-47	159
lcl|CP015118.1_prot_ARN19172.1_828	STM_v1_0.STM3561	39.4	254	141	4	4	247	5	255	6.13e-48	159
lcl|CP015118.1_prot_ARN19172.1_828	iSDY_1059.SDY_3604	39.0	254	142	4	4	247	5	255	8.65e-48	158
lcl|CP015118.1_prot_ARN19175.1_831	iYL1228.KPN_04096	45.4	194	106	0	16	209	8	201	7.14e-47	153
lcl|CP015118.1_prot_ARN19175.1_831	iML1515.b4477	44.8	194	107	0	16	209	8	201	5.72e-46	150
lcl|CP015118.1_prot_ARN19176.1_832	iSF_1195.SF3770	37.3	241	132	6	9	243	6	233	1.87e-34	126
lcl|CP015118.1_prot_ARN19176.1_832	iYL1228.KPN_04097	38.4	237	135	6	9	243	6	233	3.66e-34	125
lcl|CP015118.1_prot_ARN19176.1_832	iSSON_1240.SSON_3644	37.3	241	132	6	9	243	6	233	3.66e-34	125
lcl|CP015118.1_prot_ARN19176.1_832	iML1515.b3693	37.3	241	132	6	9	243	6	233	5.11e-34	125
lcl|CP015118.1_prot_ARN19176.1_832	STM_v1_0.STM3829	37.1	237	138	6	9	243	6	233	5.11e-34	125
lcl|CP015118.1_prot_ARN19178.1_834	iYO844.BSU07810	29.8	516	275	19	67	504	9	515	3.69e-56	197
lcl|CP015118.1_prot_ARN19178.1_834	iEK1008.Rv0126	32.2	512	259	16	61	498	35	532	1.03e-55	197
lcl|CP015118.1_prot_ARN19178.1_834	iYL1228.KPN_04651	31.8	487	246	16	63	474	4	479	8.17e-56	196
lcl|CP015118.1_prot_ARN19178.1_834	iYS854.USA300HOU_RS08055	29.4	520	259	15	67	498	6	505	1.09e-55	196
lcl|CP015118.1_prot_ARN19178.1_834	iNF517.LLMG_RS03845	29.7	461	251	15	74	471	16	466	2.50e-55	194
lcl|CP015118.1_prot_ARN19178.1_834	STM_v1_0.STM4453	30.9	495	251	17	63	477	3	486	1.93e-51	184
lcl|CP015118.1_prot_ARN19178.1_834	iNF517.LLMG_RS03830	29.1	491	280	12	67	498	6	487	7.00e-51	182
lcl|CP015118.1_prot_ARN19178.1_834	iJN1463.PP_4059	30.7	463	264	13	64	471	14	474	5.00e-49	182
lcl|CP015118.1_prot_ARN19178.1_834	iYO844.BSU34560	29.0	513	278	16	67	498	5	512	2.24e-50	181
lcl|CP015118.1_prot_ARN19178.1_834	iPC815.YPO3696	31.4	491	237	15	67	474	8	481	2.67e-49	178
lcl|CP015118.1_prot_ARN19178.1_834	iSF_1195.SF4251	30.9	495	254	17	63	481	4	486	4.76e-49	177
lcl|CP015118.1_prot_ARN19178.1_834	iSSON_1240.SSON_4420	30.9	495	254	17	63	481	4	486	4.76e-49	177
lcl|CP015118.1_prot_ARN19179.1_835	iCN718.ABAYE_RS12975	25.9	355	207	8	1	319	1	335	9.19e-20	88.2
lcl|CP015118.1_prot_ARN19181.1_837	iJN1463.PP_1018	54.8	372	150	6	1	358	1	368	1.31e-129	376
lcl|CP015118.1_prot_ARN23722.1_838	iJN1463.PP_1017	59.9	287	106	1	9	295	4	281	6.59e-119	342
lcl|CP015118.1_prot_ARN19182.1_839	iJN1463.PP_1016	63.1	282	104	0	16	297	19	300	4.58e-132	376
lcl|CP015118.1_prot_ARN19183.1_840	iJN1463.PP_1015	53.7	421	179	4	5	418	15	426	1.68e-147	425
lcl|CP015118.1_prot_ARN19184.1_841	iLJ478.TM0076	29.7	464	248	15	73	520	1	402	7.08e-31	129
lcl|CP015118.1_prot_ARN23723.1_842	iAF987.Gmet_0043	32.5	117	58	4	368	467	146	258	3.44e-07	52.4
lcl|CP015118.1_prot_ARN19185.1_843	iAF987.Gmet_0069	35.3	119	73	2	7	121	5	123	2.96e-13	67.4
lcl|CP015118.1_prot_ARN19185.1_843	iAF987.Gmet_1914	27.2	169	116	2	6	174	3	164	8.39e-13	66.6
lcl|CP015118.1_prot_ARN19185.1_843	iAF987.Gmet_1919	24.8	153	113	1	7	159	5	155	5.57e-12	63.9
lcl|CP015118.1_prot_ARN23724.1_844	iIT341.HP1103	44.3	327	172	4	9	325	5	331	1.88e-73	238
lcl|CP015118.1_prot_ARN23725.1_845	iML1515.b3571	47.2	504	200	9	38	515	188	651	1.44e-153	456
lcl|CP015118.1_prot_ARN23725.1_845	iSF_1195.SF3615	46.5	527	212	11	38	537	188	671	4.05e-153	455
lcl|CP015118.1_prot_ARN23725.1_845	iSbBS512_1146.SbBS512_E3951	46.3	527	213	11	38	537	188	671	3.22e-152	452
lcl|CP015118.1_prot_ARN23725.1_845	iPC815.YPO4080	45.7	534	211	12	38	535	190	680	2.83e-150	448
lcl|CP015118.1_prot_ARN23725.1_845	iYL1228.KPN_03935	46.2	524	215	12	38	535	188	670	4.18e-150	447
lcl|CP015118.1_prot_ARN23725.1_845	STM_v1_0.STM3664	46.2	504	205	9	38	515	187	650	3.50e-148	442
lcl|CP015118.1_prot_ARN19187.1_847	iPC815.YPO3716	62.5	296	111	0	1	296	1	296	6.94e-132	375
lcl|CP015118.1_prot_ARN19187.1_847	iML1515.b4032	62.2	296	112	0	1	296	1	296	4.62e-130	371
lcl|CP015118.1_prot_ARN19187.1_847	iSF_1195.SF4173	62.2	296	112	0	1	296	1	296	4.62e-130	371
lcl|CP015118.1_prot_ARN19187.1_847	iSSON_1240.SSON_4210	62.2	296	112	0	1	296	1	296	6.56e-130	370
lcl|CP015118.1_prot_ARN19187.1_847	STM_v1_0.STM4227	61.5	296	114	0	1	296	1	296	5.36e-129	368
lcl|CP015118.1_prot_ARN19187.1_847	iYL1228.KPN_04421	61.8	296	113	0	1	296	1	296	1.08e-128	367
lcl|CP015118.1_prot_ARN23726.1_848	iML1515.b4033	51.7	487	223	4	21	500	29	510	4.06e-167	482
lcl|CP015118.1_prot_ARN23726.1_848	iSF_1195.SF4172	51.5	487	224	4	21	500	29	510	1.32e-165	478
lcl|CP015118.1_prot_ARN23726.1_848	iPC815.YPO3715	50.2	488	232	6	21	500	37	521	7.68e-165	476
lcl|CP015118.1_prot_ARN23726.1_848	iSSON_1240.SSON_4211	50.9	487	227	4	21	500	29	510	1.22e-163	473
lcl|CP015118.1_prot_ARN23726.1_848	STM_v1_0.STM4228	50.9	487	227	5	21	500	29	510	1.60e-161	468
lcl|CP015118.1_prot_ARN23726.1_848	iYL1228.KPN_04422	51.5	487	224	6	21	500	29	510	3.20e-161	467
lcl|CP015118.1_prot_ARN19188.1_849	iYL1228.KPN_04423	50.3	368	182	1	31	398	29	395	1.71e-129	377
lcl|CP015118.1_prot_ARN19188.1_849	STM_v1_0.STM4229	50.5	368	181	1	31	398	32	398	1.08e-128	375
lcl|CP015118.1_prot_ARN19188.1_849	iML1515.b4034	50.3	368	182	1	31	398	29	395	1.39e-128	375
lcl|CP015118.1_prot_ARN19188.1_849	iSF_1195.SF4171	50.0	368	183	1	31	398	29	395	5.58e-128	374
lcl|CP015118.1_prot_ARN19188.1_849	iSSON_1240.SSON_4212	50.0	368	183	1	31	398	29	395	1.12e-127	373
lcl|CP015118.1_prot_ARN19188.1_849	iPC815.YPO3714	49.7	368	184	1	31	398	36	402	2.00e-127	372
lcl|CP015118.1_prot_ARN19189.1_850	iYL1228.KPN_04424	56.4	358	151	2	1	354	1	357	5.27e-136	391
lcl|CP015118.1_prot_ARN19189.1_850	STM_v1_0.STM4230	55.9	358	153	2	1	354	1	357	6.99e-134	386
lcl|CP015118.1_prot_ARN19189.1_850	iPC815.YPO3712	56.1	358	152	2	1	354	1	357	1.14e-132	383
lcl|CP015118.1_prot_ARN19189.1_850	iML1515.b4035	55.6	360	153	3	1	354	1	359	6.99e-132	381
lcl|CP015118.1_prot_ARN19189.1_850	iSSON_1240.SSON_4213	55.6	360	153	3	1	354	1	359	6.99e-132	381
lcl|CP015118.1_prot_ARN19189.1_850	iSF_1195.SF4170	55.3	360	154	3	1	354	1	359	5.68e-131	379
lcl|CP015118.1_prot_ARN19189.1_850	STM_v1_0.STM3554	54.1	353	156	5	1	351	1	349	1.21e-121	354
lcl|CP015118.1_prot_ARN19190.1_851	iEK1008.Rv2471	39.5	521	273	14	16	520	31	525	3.70e-113	347
lcl|CP015118.1_prot_ARN19190.1_851	iYO844.BSU34560	35.4	537	286	15	14	511	2	516	3.29e-101	316
lcl|CP015118.1_prot_ARN19191.1_852	iPC815.YPO3711	33.6	431	253	13	13	427	10	423	1.48e-58	197
lcl|CP015118.1_prot_ARN19191.1_852	iYL1228.KPN_04425	33.3	439	255	15	8	427	10	429	5.48e-55	187
lcl|CP015118.1_prot_ARN19191.1_852	STM_v1_0.STM4231	32.9	462	249	16	8	427	10	452	5.25e-52	180
lcl|CP015118.1_prot_ARN19192.1_853	iIT341.HP1103	45.2	325	167	4	12	327	6	328	1.47e-72	227
lcl|CP015118.1_prot_ARN19192.1_853	iPC815.YPO2977	43.0	307	172	3	16	322	6	309	1.26e-70	222
lcl|CP015118.1_prot_ARN19192.1_853	iSSON_1240.SSON_2480	42.5	306	173	3	16	321	6	308	6.69e-70	220
lcl|CP015118.1_prot_ARN19192.1_853	iML1515.b2388	42.2	306	174	3	16	321	6	308	2.66e-69	218
lcl|CP015118.1_prot_ARN19192.1_853	iSbBS512_1146.SbBS512_E2757	42.2	306	174	3	16	321	6	308	2.66e-69	218
lcl|CP015118.1_prot_ARN19192.1_853	iSF_1195.SF2454	42.2	306	174	3	16	321	6	308	5.31e-69	218
lcl|CP015118.1_prot_ARN19192.1_853	iSDY_1059.SDY_2587	42.6	296	168	2	16	311	6	299	1.06e-68	217
lcl|CP015118.1_prot_ARN19192.1_853	iYL1228.KPN_02738	42.2	306	174	3	16	321	6	308	3.34e-67	213
lcl|CP015118.1_prot_ARN19192.1_853	STM_v1_0.STM2403	41.2	306	177	3	16	321	6	308	3.34e-67	213
lcl|CP015118.1_prot_ARN19192.1_853	iJN1463.PP_1011	42.8	304	167	4	16	316	5	304	1.97e-65	208
lcl|CP015118.1_prot_ARN19194.1_855	iYS854.USA300HOU_RS01685	22.5	236	170	5	34	267	17	241	1.71e-14	71.6
lcl|CP015118.1_prot_ARN19194.1_855	iAF987.Gmet_1278	34.8	138	87	2	142	276	36	173	1.49e-12	66.6
lcl|CP015118.1_prot_ARN19195.1_856	iJN1463.PP_1023	41.9	217	121	2	23	239	31	242	2.13e-37	130
lcl|CP015118.1_prot_ARN19196.1_857	iCN718.ABAYE_RS16325	61.9	603	227	2	4	604	5	606	1.61e-258	723
lcl|CP015118.1_prot_ARN19196.1_857	iJN1463.PP_1010	59.2	601	244	1	3	603	1	600	1.31e-245	689
lcl|CP015118.1_prot_ARN19196.1_857	iPC815.YPO2533	57.0	623	244	4	1	601	1	621	1.70e-235	664
lcl|CP015118.1_prot_ARN19196.1_857	iML1515.b1851	58.1	599	249	2	3	600	1	598	1.28e-234	661
lcl|CP015118.1_prot_ARN19196.1_857	iSF_1195.SF1861	58.1	599	249	2	3	600	1	598	2.58e-234	660
lcl|CP015118.1_prot_ARN19196.1_857	iSbBS512_1146.SbBS512_E2126	57.9	599	250	2	3	600	1	598	1.04e-233	659
lcl|CP015118.1_prot_ARN19196.1_857	iSDY_1059.SDY_1137	57.6	599	252	2	3	600	1	598	8.47e-233	657
lcl|CP015118.1_prot_ARN19196.1_857	iSSON_1240.SSON_1297	57.8	599	251	2	3	600	1	598	4.85e-232	655
lcl|CP015118.1_prot_ARN19196.1_857	STM_v1_0.STM1885	57.9	599	250	2	3	600	1	598	6.88e-232	654
lcl|CP015118.1_prot_ARN19196.1_857	iYL1228.KPN_02366	58.0	593	247	2	9	600	3	594	4.85e-231	652
lcl|CP015118.1_prot_ARN19197.1_858	iPC815.YPO2067	51.5	198	96	0	5	202	10	207	1.70e-63	195
lcl|CP015118.1_prot_ARN19197.1_858	iCN718.ABAYE_RS16320	51.0	204	100	0	2	205	3	206	1.80e-61	190
lcl|CP015118.1_prot_ARN19197.1_858	iYL1228.KPN_02365	50.5	198	97	1	6	202	11	208	5.17e-60	186
lcl|CP015118.1_prot_ARN19197.1_858	STM_v1_0.STM1884	49.7	197	99	0	6	202	11	207	1.47e-59	185
lcl|CP015118.1_prot_ARN19197.1_858	iML1515.b1850	49.0	198	101	0	5	202	10	207	2.95e-59	184
lcl|CP015118.1_prot_ARN19197.1_858	iSbBS512_1146.SbBS512_E2125	49.0	198	101	0	5	202	10	207	2.95e-59	184
lcl|CP015118.1_prot_ARN19197.1_858	iSF_1195.SF1860	49.0	198	101	0	5	202	10	207	2.95e-59	184
lcl|CP015118.1_prot_ARN19197.1_858	iSSON_1240.SSON_1298	49.0	198	101	0	5	202	10	207	2.95e-59	184
lcl|CP015118.1_prot_ARN19197.1_858	iSDY_1059.SDY_1136	49.0	198	101	0	5	202	10	207	1.19e-58	183
lcl|CP015118.1_prot_ARN19197.1_858	iIT341.HP1099	46.5	202	108	0	5	206	7	208	5.82e-58	181
lcl|CP015118.1_prot_ARN19198.1_859	iJN1463.PP_5351	52.5	482	221	5	8	487	9	484	9.27e-159	459
lcl|CP015118.1_prot_ARN19198.1_859	iYL1228.KPN_02367	47.1	488	251	4	5	488	5	489	7.40e-157	454
lcl|CP015118.1_prot_ARN19198.1_859	iML1515.b1852	47.5	488	249	4	5	488	5	489	1.20e-155	451
lcl|CP015118.1_prot_ARN19198.1_859	iSbBS512_1146.SbBS512_E2127	47.5	488	249	4	5	488	5	489	1.20e-155	451
lcl|CP015118.1_prot_ARN19198.1_859	iSDY_1059.SDY_1138	47.5	488	249	4	5	488	5	489	1.20e-155	451
lcl|CP015118.1_prot_ARN19198.1_859	iSSON_1240.SSON_1296	47.5	488	249	4	5	488	5	489	1.20e-155	451
lcl|CP015118.1_prot_ARN19198.1_859	iSF_1195.SF1862	47.5	488	249	4	5	488	5	489	1.70e-155	451
lcl|CP015118.1_prot_ARN19198.1_859	iJN1463.PP_1022	49.4	480	240	3	8	486	8	485	2.25e-155	450
lcl|CP015118.1_prot_ARN19198.1_859	STM_v1_0.STM1886	47.1	488	251	4	5	488	5	489	3.41e-155	450
lcl|CP015118.1_prot_ARN19198.1_859	iPC815.YPO2066	47.2	479	250	3	12	488	12	489	1.65e-150	438
lcl|CP015118.1_prot_ARN19199.1_860	iAF987.Gmet_0798	41.6	202	118	0	6	207	5	206	6.36e-49	158
lcl|CP015118.1_prot_ARN19199.1_860	iAF692.Mbar_A2583	42.6	202	115	1	7	207	7	208	3.07e-47	154
lcl|CP015118.1_prot_ARN19204.1_865	iEK1008.Rv0125	31.9	323	184	11	48	359	54	351	1.83e-26	107
lcl|CP015118.1_prot_A4W93_04365_868	iAF987.Gmet_2629	43.8	169	92	2	416	584	380	545	1.38e-29	124
lcl|CP015118.1_prot_A4W93_04365_868	iAF987.Gmet_0957	45.2	166	87	3	416	580	190	352	1.52e-29	123
lcl|CP015118.1_prot_A4W93_04365_868	iAF987.Gmet_1706	37.2	199	117	3	387	585	120	310	6.14e-31	122
lcl|CP015118.1_prot_A4W93_04365_868	iAF987.Gmet_3085	43.4	182	93	4	401	580	443	616	2.67e-28	120
lcl|CP015118.1_prot_A4W93_04365_868	iAF987.Gmet_0987	41.2	182	95	3	406	584	348	520	4.12e-28	119
lcl|CP015118.1_prot_A4W93_04365_868	iAF987.Gmet_0782	40.6	165	95	1	416	580	296	457	3.68e-27	116
lcl|CP015118.1_prot_A4W93_04365_868	iAF987.Gmet_0700	40.8	169	95	2	416	583	389	553	3.09e-26	113
lcl|CP015118.1_prot_A4W93_04365_868	iJN1463.PP_4670	42.1	178	94	5	405	581	236	405	8.48e-27	112
lcl|CP015118.1_prot_A4W93_04365_868	iJN1463.PP_3581	37.8	196	117	3	386	580	226	417	4.43e-26	112
lcl|CP015118.1_prot_ARN19207.1_869	iJN1463.PP_1418	26.8	235	159	7	16	240	16	247	5.38e-10	59.3
lcl|CP015118.1_prot_ARN19207.1_869	STM_v1_0.STM2786	27.0	185	113	6	61	240	79	246	3.11e-09	57.0
lcl|CP015118.1_prot_ARN19208.1_870	iJN1463.PP_4757	75.2	443	107	1	2	444	9	448	3.95e-253	695
lcl|CP015118.1_prot_ARN19208.1_870	iYL1228.KPN_03130	73.0	444	116	2	2	444	6	446	6.39e-247	679
lcl|CP015118.1_prot_ARN19208.1_870	STM_v1_0.STM2960	72.7	444	117	2	2	444	6	446	6.39e-247	679
lcl|CP015118.1_prot_ARN19208.1_870	iML1515.b2787	71.8	444	121	2	2	444	6	446	1.29e-246	678
lcl|CP015118.1_prot_ARN19208.1_870	iSF_1195.SF2800	71.6	444	122	2	2	444	6	446	1.05e-245	676
lcl|CP015118.1_prot_ARN19208.1_870	iSbBS512_1146.SbBS512_E3086	71.6	444	122	2	2	444	6	446	4.28e-245	674
lcl|CP015118.1_prot_ARN19208.1_870	iSSON_1240.SSON_2944	71.4	444	123	2	2	444	6	446	1.00e-243	671
lcl|CP015118.1_prot_ARN19208.1_870	iHN637.CLJU_RS13895	70.0	443	130	1	2	444	10	449	1.59e-236	653
lcl|CP015118.1_prot_ARN19208.1_870	iYO844.BSU02490	69.2	441	133	2	4	444	18	455	5.10e-232	642
lcl|CP015118.1_prot_ARN23727.1_875	iAM_Pc455.PCYB_113330	36.8	185	102	7	362	536	338	517	1.54e-21	100
lcl|CP015118.1_prot_ARN19213.1_876	iLJ478.TM1724	40.8	250	141	4	3	251	1	244	6.84e-47	156
lcl|CP015118.1_prot_ARN19213.1_876	iAF987.Gmet_1601	40.0	250	143	3	3	251	1	244	4.72e-44	149
lcl|CP015118.1_prot_ARN19214.1_877	iEK1008.Rv0684	50.3	678	322	5	6	668	13	690	2.65e-238	677
lcl|CP015118.1_prot_ARN19214.1_877	iSynCJ816.SGL_RS17200	49.9	679	324	2	7	672	9	684	5.47e-226	645
lcl|CP015118.1_prot_ARN19214.1_877	iSynCJ816.SGL_RS10930	49.3	675	333	3	6	672	10	683	5.32e-220	630
lcl|CP015118.1_prot_ARN19218.1_882	iAF987.Gmet_0043	27.4	390	240	10	267	644	20	378	1.02e-22	102
lcl|CP015118.1_prot_ARN19220.1_884	iAF987.Gmet_2349	36.1	576	352	4	158	728	6	570	1.20e-108	342
lcl|CP015118.1_prot_ARN19220.1_884	iJN1463.PP_4935	41.8	526	273	9	220	728	84	593	8.33e-102	325
lcl|CP015118.1_prot_ARN19221.1_885	iSynCJ816.SGL_RS08660	36.5	732	432	12	15	726	9	727	1.04e-134	419
lcl|CP015118.1_prot_ARN19222.1_886	iSynCJ816.SGL_RS08660	40.2	873	496	12	1	851	1	869	1.79e-194	578
lcl|CP015118.1_prot_A4W93_04470_889	iLJ478.TM1063	53.4	328	142	4	15	333	3	328	6.55e-114	333
lcl|CP015118.1_prot_A4W93_04470_889	iYL1228.KPN_02193	53.4	320	145	3	15	332	11	328	6.86e-112	328
lcl|CP015118.1_prot_A4W93_04470_889	STM_v1_0.STM1742	53.8	320	144	3	15	332	11	328	6.86e-112	328
lcl|CP015118.1_prot_A4W93_04470_889	iSbBS512_1146.SbBS512_E1416	53.8	320	144	3	15	332	11	328	1.38e-111	327
lcl|CP015118.1_prot_A4W93_04470_889	iSF_1195.SF1248	53.8	320	144	3	15	332	11	328	1.38e-111	327
lcl|CP015118.1_prot_A4W93_04470_889	iML1515.b1247	54.7	309	137	2	15	321	11	318	2.77e-111	326
lcl|CP015118.1_prot_A4W93_04470_889	iSDY_1059.SDY_1305	53.8	320	144	3	15	332	11	328	2.77e-111	326
lcl|CP015118.1_prot_A4W93_04470_889	iSSON_1240.SSON_1933	53.4	320	145	3	15	332	11	328	2.77e-111	326
lcl|CP015118.1_prot_A4W93_04470_889	iLJ478.TM0057	51.4	327	148	6	14	333	2	324	6.34e-111	325
lcl|CP015118.1_prot_A4W93_04470_889	iLJ478.TM1750	50.6	320	148	3	15	334	13	322	2.42e-108	318
lcl|CP015118.1_prot_ARN19225.1_890	iLJ478.TM1064	52.9	323	144	5	5	323	4	322	1.65e-102	303
lcl|CP015118.1_prot_ARN19225.1_890	iYO844.BSU12950	52.3	308	146	1	3	310	2	308	3.66e-102	303
lcl|CP015118.1_prot_ARN19225.1_890	iLJ478.TM1749	49.1	318	157	3	5	322	4	316	5.88e-101	299
lcl|CP015118.1_prot_ARN19225.1_890	STM_v1_0.STM3627	51.8	307	146	2	5	311	3	307	1.30e-100	298
lcl|CP015118.1_prot_ARN19225.1_890	iSSON_1240.SSON_3849	51.1	307	148	2	5	311	3	307	3.70e-100	297
lcl|CP015118.1_prot_ARN19225.1_890	iYS854.USA300HOU_RS04900	52.8	299	141	0	1	299	1	299	1.51e-99	297
lcl|CP015118.1_prot_ARN19225.1_890	iML1515.b3541	51.1	307	148	2	5	311	3	307	1.49e-99	296
lcl|CP015118.1_prot_ARN19225.1_890	iSF_1195.SF3576	51.1	307	148	2	5	311	3	307	1.49e-99	296
lcl|CP015118.1_prot_ARN19225.1_890	iSDY_1059.SDY_4564	50.5	307	150	2	5	311	3	307	1.20e-98	293
lcl|CP015118.1_prot_ARN19225.1_890	iPC815.YPO4000	50.5	309	151	2	5	313	3	309	2.34e-98	293
lcl|CP015118.1_prot_ARN19225.1_890	iYL1228.KPN_03896	49.8	309	153	2	5	313	3	309	6.86e-98	291
lcl|CP015118.1_prot_ARN19225.1_890	iEK1008.Rv1281c	50.8	321	152	3	4	323	3	318	1.35e-93	290
lcl|CP015118.1_prot_ARN19225.1_890	iYL1228.KPN_02194	48.4	322	159	4	5	326	19	333	1.08e-96	289
lcl|CP015118.1_prot_ARN19225.1_890	STM_v1_0.STM1743	49.1	322	157	4	5	326	17	331	2.04e-96	288
lcl|CP015118.1_prot_ARN19225.1_890	iSDY_1059.SDY_1304	48.1	324	161	4	3	326	17	333	3.07e-96	288
lcl|CP015118.1_prot_ARN19225.1_890	iSF_1195.SF1247	48.1	324	161	4	3	326	17	333	3.07e-96	288
lcl|CP015118.1_prot_ARN19225.1_890	iSSON_1240.SSON_1934	48.4	322	159	4	5	326	19	333	4.35e-96	287
lcl|CP015118.1_prot_ARN19225.1_890	iJN1463.PP_0879	51.4	319	148	4	5	323	3	314	3.81e-96	287
lcl|CP015118.1_prot_ARN19225.1_890	iSbBS512_1146.SbBS512_E1415	48.1	324	161	4	3	326	17	333	2.48e-95	285
lcl|CP015118.1_prot_ARN19225.1_890	iML1515.b1246	47.8	324	162	4	3	326	17	333	9.96e-95	284
lcl|CP015118.1_prot_ARN19225.1_890	iLJ478.TM0058	49.4	328	154	7	3	323	2	324	1.52e-92	278
lcl|CP015118.1_prot_ARN19226.1_891	STM_v1_0.STM3630	25.4	461	297	12	98	530	78	519	5.04e-30	123
lcl|CP015118.1_prot_ARN19226.1_891	iPC815.YPO4003	24.7	494	325	13	65	530	45	519	9.89e-29	119
lcl|CP015118.1_prot_ARN19226.1_891	iYL1228.KPN_03899	24.9	461	299	12	98	530	69	510	1.24e-28	119
lcl|CP015118.1_prot_ARN19226.1_891	STM_v1_0.STM0849	24.8	444	293	10	94	522	71	488	1.20e-27	116
lcl|CP015118.1_prot_ARN19226.1_891	iYL1228.KPN_00863	24.1	444	296	10	94	522	71	488	2.18e-27	115
lcl|CP015118.1_prot_ARN19226.1_891	iJN1463.PP_0884	25.8	445	285	15	93	510	68	494	2.47e-27	115
lcl|CP015118.1_prot_ARN19226.1_891	iML1515.b3544	24.1	494	328	12	65	530	45	519	4.60e-27	114
lcl|CP015118.1_prot_ARN19226.1_891	iSDY_1059.SDY_4567	23.9	494	329	12	65	530	45	519	8.28e-27	114
lcl|CP015118.1_prot_ARN19226.1_891	iSF_1195.SF3579	23.9	494	329	12	65	530	45	519	8.28e-27	114
lcl|CP015118.1_prot_ARN19226.1_891	iSSON_1240.SSON_3846	24.4	463	303	12	65	499	45	488	1.49e-26	113
lcl|CP015118.1_prot_ARN19226.1_891	iSDY_1059.SDY_0757	23.9	444	297	10	94	522	71	488	3.08e-26	112
lcl|CP015118.1_prot_ARN19226.1_891	iSbBS512_1146.SbBS512_E2518	23.9	444	297	10	94	522	71	488	5.54e-26	111
lcl|CP015118.1_prot_ARN19226.1_891	iSF_1195.SF0780	23.9	444	297	10	94	522	71	488	5.54e-26	111
lcl|CP015118.1_prot_ARN19226.1_891	iSSON_1240.SSON_0812	23.9	444	297	10	94	522	71	488	5.54e-26	111
lcl|CP015118.1_prot_ARN19227.1_892	iSSON_1240.SSON_1639	37.0	273	171	1	35	307	26	297	1.39e-53	176
lcl|CP015118.1_prot_ARN19227.1_892	iYL1228.KPN_00865	36.3	281	177	2	26	305	10	289	2.16e-53	176
lcl|CP015118.1_prot_ARN19227.1_892	iML1515.b1485	36.6	273	172	1	35	307	26	297	1.54e-52	174
lcl|CP015118.1_prot_ARN19227.1_892	iJN1463.PP_0880	34.9	272	169	3	42	306	37	307	2.83e-52	173
lcl|CP015118.1_prot_ARN19227.1_892	iYO844.BSU12940	35.7	272	173	2	34	304	49	319	1.67e-50	169
lcl|CP015118.1_prot_ARN19227.1_892	iSbBS512_1146.SbBS512_E1748	36.3	273	169	2	35	307	26	293	3.32e-50	167
lcl|CP015118.1_prot_ARN19227.1_892	iLJ478.TM1748	33.2	274	182	1	29	302	13	285	4.09e-50	167
lcl|CP015118.1_prot_ARN19227.1_892	iSbBS512_1146.SbBS512_E2516	35.8	282	171	4	29	305	27	303	6.50e-49	164
lcl|CP015118.1_prot_ARN19227.1_892	iSSON_1240.SSON_0814	35.8	282	171	4	29	305	27	303	6.50e-49	164
lcl|CP015118.1_prot_ARN19227.1_892	iML1515.b0832	35.5	282	172	4	29	305	27	303	9.15e-49	164
lcl|CP015118.1_prot_ARN19227.1_892	iSDY_1059.SDY_0755	35.5	282	172	4	29	305	27	303	3.59e-48	162
lcl|CP015118.1_prot_ARN19227.1_892	iSF_1195.SF0782	34.2	278	181	2	29	305	27	303	3.91e-47	160
lcl|CP015118.1_prot_ARN19227.1_892	STM_v1_0.STM0851	34.5	278	180	2	29	305	27	303	7.74e-47	159
lcl|CP015118.1_prot_ARN19228.1_893	iML1515.b3543	42.5	339	169	5	1	316	1	336	8.69e-78	240
lcl|CP015118.1_prot_ARN19228.1_893	STM_v1_0.STM3629	42.5	339	169	5	1	316	1	336	8.69e-78	240
lcl|CP015118.1_prot_ARN19228.1_893	iSDY_1059.SDY_4566	42.5	339	169	5	1	316	1	336	8.69e-78	240
lcl|CP015118.1_prot_ARN19228.1_893	iSSON_1240.SSON_3847	42.5	339	169	5	1	316	1	336	8.69e-78	240
lcl|CP015118.1_prot_ARN19228.1_893	iSF_1195.SF3578	42.5	339	169	5	1	316	1	336	1.23e-77	240
lcl|CP015118.1_prot_ARN19228.1_893	iYL1228.KPN_03898	40.7	339	175	4	1	316	1	336	2.49e-74	231
lcl|CP015118.1_prot_ARN19228.1_893	iJN1463.PP_0881	40.5	336	177	4	1	316	1	333	4.07e-69	218
lcl|CP015118.1_prot_ARN19229.1_894	iJN1463.PP_2437	64.5	408	136	4	1	408	6	404	3.40e-178	502
lcl|CP015118.1_prot_ARN19229.1_894	iMM1415.71985	59.3	386	153	2	19	404	164	545	1.48e-157	455
lcl|CP015118.1_prot_ARN19230.1_895	iMM1415.15488	45.7	276	140	5	3	272	5	276	1.66e-60	204
lcl|CP015118.1_prot_ARN19230.1_895	iCHOv1.103161104	46.0	276	139	5	3	272	5	276	3.97e-61	204
lcl|CP015118.1_prot_ARN19230.1_895	iMM904.YKR009C	46.9	277	140	4	2	273	4	278	2.04e-59	203
lcl|CP015118.1_prot_ARN19231.1_896	iML1515.b1619	40.2	249	138	5	7	252	9	249	1.18e-41	142
lcl|CP015118.1_prot_ARN19231.1_896	STM_v1_0.STM4483	34.1	255	165	3	1	255	1	252	4.52e-41	141
lcl|CP015118.1_prot_ARN19231.1_896	iSSON_1240.SSON_4451	34.9	255	163	3	1	255	1	252	1.26e-40	140
lcl|CP015118.1_prot_ARN19231.1_896	iML1515.b4266	34.9	255	163	3	1	255	1	252	1.78e-40	139
lcl|CP015118.1_prot_ARN19231.1_896	iEK1008.Rv1928c	34.6	260	149	6	4	254	6	253	2.19e-38	134
lcl|CP015118.1_prot_ARN19231.1_896	iCN900.CD630_25770	35.2	247	154	4	10	255	4	245	9.38e-38	132
lcl|CP015118.1_prot_ARN19232.1_897	iEK1008.Rv3560c	36.8	400	225	8	1	392	1	380	2.29e-71	228
lcl|CP015118.1_prot_ARN19232.1_897	iEK1008.Rv1934c	39.1	361	200	5	48	392	44	400	2.09e-64	211
lcl|CP015118.1_prot_ARN19233.1_898	iAF987.Gmet_2198	33.5	379	235	6	1	368	1	373	7.13e-52	176
lcl|CP015118.1_prot_ARN19234.1_899	iYO844.BSU28560	33.5	537	312	15	62	577	41	553	2.35e-76	252
lcl|CP015118.1_prot_ARN19234.1_899	iAF987.Gmet_2692	32.6	552	316	15	58	577	15	542	1.14e-73	244
lcl|CP015118.1_prot_ARN19234.1_899	iEK1008.Rv0166	33.2	512	314	7	61	571	42	526	3.62e-70	235
lcl|CP015118.1_prot_ARN19234.1_899	iYO844.BSU30790	32.7	513	284	13	64	571	22	478	1.01e-70	235
lcl|CP015118.1_prot_ARN19234.1_899	iYO844.BSU18250	31.3	520	319	11	71	572	38	537	1.71e-69	233
lcl|CP015118.1_prot_ARN19234.1_899	iEK1008.Rv3089	32.8	509	302	12	68	574	27	497	8.17e-70	233
lcl|CP015118.1_prot_ARN19234.1_899	iJN1463.PP_4063	33.5	529	315	12	70	579	45	555	3.05e-69	233
lcl|CP015118.1_prot_ARN19234.1_899	iYO844.BSU10270	30.3	515	332	9	66	576	22	513	3.95e-69	231
lcl|CP015118.1_prot_ARN19234.1_899	iEK1008.Rv3561	35.0	520	294	10	62	573	23	506	9.34e-69	230
lcl|CP015118.1_prot_A4W93_04525_900	iEK1008.Rv1124	31.0	126	79	4	41	161	22	144	1.26e-05	45.8
lcl|CP015118.1_prot_ARN19236.1_902	iLJ478.TM1135	27.0	363	226	13	30	378	21	358	2.09e-18	85.5
lcl|CP015118.1_prot_ARN19236.1_902	iJN1463.PP_1141	27.4	318	204	10	21	327	17	318	1.04e-16	80.5
lcl|CP015118.1_prot_ARN19237.1_903	iLJ478.TM1135	26.6	364	230	12	28	378	19	358	1.85e-19	88.6
lcl|CP015118.1_prot_ARN19237.1_903	iJN1463.PP_1141	27.3	315	202	10	25	328	21	319	7.71e-17	80.9
lcl|CP015118.1_prot_ARN19238.1_904	iLJ478.TM1139	49.6	234	117	1	1	234	5	237	9.43e-79	236
lcl|CP015118.1_prot_ARN19238.1_904	iAF987.Gmet_1819	50.8	238	113	2	1	234	1	238	4.00e-77	232
lcl|CP015118.1_prot_ARN19238.1_904	iJN1463.PP_1137	49.1	234	117	1	1	234	1	232	5.89e-76	229
lcl|CP015118.1_prot_ARN19238.1_904	iYL1228.KPN_03816	49.6	234	116	1	1	234	5	236	3.83e-75	227
lcl|CP015118.1_prot_ARN19238.1_904	STM_v1_0.STM3560	48.3	234	119	1	1	234	5	236	1.78e-73	223
lcl|CP015118.1_prot_ARN19238.1_904	iSbBS512_1146.SbBS512_E3868	48.3	234	119	1	1	234	9	240	8.15e-73	221
lcl|CP015118.1_prot_ARN19238.1_904	iML1515.b3454	47.9	234	120	1	1	234	5	236	2.89e-72	219
lcl|CP015118.1_prot_ARN19238.1_904	iSSON_1240.SSON_3692	47.9	234	120	1	1	234	9	240	3.29e-72	219
lcl|CP015118.1_prot_ARN19238.1_904	iSF_1195.SF3472	47.9	234	120	1	1	234	5	236	4.10e-72	219
lcl|CP015118.1_prot_ARN19238.1_904	iSDY_1059.SDY_3603	47.4	234	121	1	1	234	9	240	3.77e-71	217
lcl|CP015118.1_prot_ARN19238.1_904	iPC815.YPO3804	48.3	234	119	1	1	234	1	232	1.67e-70	215
lcl|CP015118.1_prot_ARN19239.1_905	iAF987.Gmet_1820	44.2	251	134	2	1	248	1	248	1.39e-70	216
lcl|CP015118.1_prot_ARN19239.1_905	iJN1463.PP_1138	42.2	249	143	1	1	248	5	253	1.11e-65	204
lcl|CP015118.1_prot_ARN19239.1_905	iLJ478.TM1138	39.9	271	141	4	1	250	11	280	7.54e-65	203
lcl|CP015118.1_prot_ARN19239.1_905	STM_v1_0.STM3561	41.8	249	144	1	1	248	5	253	7.17e-64	199
lcl|CP015118.1_prot_ARN19239.1_905	iPC815.YPO3805	43.0	249	141	1	1	248	6	254	1.01e-63	199
lcl|CP015118.1_prot_ARN19239.1_905	iYL1228.KPN_03817	41.4	249	145	1	1	248	5	253	2.03e-63	198
lcl|CP015118.1_prot_ARN19239.1_905	iSSON_1240.SSON_3693	40.6	249	147	1	1	248	5	253	4.62e-62	195
lcl|CP015118.1_prot_ARN19240.1_906	iAF987.Gmet_1821	32.9	295	197	1	8	302	13	306	1.02e-45	158
lcl|CP015118.1_prot_ARN19240.1_906	iJN1463.PP_4865	29.9	311	195	4	13	302	112	420	4.25e-39	143
lcl|CP015118.1_prot_ARN19241.1_907	iYL1228.KPN_03819	37.9	298	165	5	7	287	8	302	2.38e-52	173
lcl|CP015118.1_prot_ARN19241.1_907	iML1515.b3457	37.2	298	167	5	7	287	8	302	1.46e-50	168
lcl|CP015118.1_prot_ARN19241.1_907	iSbBS512_1146.SbBS512_E3865	37.2	298	167	5	7	287	8	302	1.46e-50	168
lcl|CP015118.1_prot_ARN19241.1_907	iSF_1195.SF3475	37.2	298	167	5	7	287	8	302	1.46e-50	168
lcl|CP015118.1_prot_ARN19241.1_907	iSSON_1240.SSON_3695	37.2	298	167	5	7	287	8	302	1.46e-50	168
lcl|CP015118.1_prot_ARN19241.1_907	STM_v1_0.STM3563	37.2	298	167	5	7	287	8	302	4.07e-50	167
lcl|CP015118.1_prot_ARN19241.1_907	iJN1463.PP_1140	37.5	304	170	5	1	287	1	301	5.59e-50	167
lcl|CP015118.1_prot_ARN19241.1_907	iJN1463.PP_4866	40.1	297	159	7	7	287	5	298	2.86e-49	165
lcl|CP015118.1_prot_ARN19241.1_907	iPC815.YPO3807	38.3	298	164	6	7	287	8	302	8.87e-49	164
lcl|CP015118.1_prot_ARN19241.1_907	iSynCJ816.SGL_RS11390	38.0	284	172	3	9	290	5	286	1.39e-48	162
lcl|CP015118.1_prot_ARN19241.1_907	iAF987.Gmet_1822	33.6	286	187	2	5	288	5	289	5.76e-46	156
lcl|CP015118.1_prot_ARN19242.1_908	iJN1463.PP_4202	76.3	249	59	0	1	249	1	249	7.95e-122	346
lcl|CP015118.1_prot_ARN19243.1_909	iJN1463.PP_4201	70.6	306	89	1	1	306	1	305	1.03e-135	386
lcl|CP015118.1_prot_ARN19244.1_910	iCN718.ABAYE_RS18215	30.7	199	130	6	14	209	23	216	1.41e-17	79.3
lcl|CP015118.1_prot_ARN19245.1_911	iML1515.b1033	36.9	268	157	4	15	274	15	278	3.91e-50	168
lcl|CP015118.1_prot_ARN19245.1_911	iSSON_1240.SSON_1042	36.9	268	157	4	15	274	28	291	5.46e-50	168
lcl|CP015118.1_prot_ARN19245.1_911	iSbBS512_1146.SbBS512_E2296	36.9	268	157	4	15	274	15	278	7.74e-50	167
lcl|CP015118.1_prot_ARN19245.1_911	iSDY_1059.SDY_1004	36.6	268	158	4	15	274	28	291	3.01e-49	166
lcl|CP015118.1_prot_ARN19245.1_911	STM_v1_0.STM1135	36.8	266	160	3	15	274	15	278	4.66e-48	162
lcl|CP015118.1_prot_ARN19245.1_911	iYL1228.KPN_01056	39.2	222	129	1	59	274	57	278	1.82e-47	161
lcl|CP015118.1_prot_ARN19247.1_913	iYO844.BSU10270	29.5	512	317	9	20	500	11	509	1.34e-59	204
lcl|CP015118.1_prot_ARN19247.1_913	iEK1008.Rv3089	30.4	503	325	11	15	503	7	498	8.29e-57	196
lcl|CP015118.1_prot_ARN19247.1_913	iEK1008.Rv0270	30.4	527	303	12	9	499	60	558	9.40e-56	195
lcl|CP015118.1_prot_ARN19247.1_913	iYO844.BSU28560	29.6	538	320	13	12	501	26	552	1.75e-52	186
lcl|CP015118.1_prot_ARN19248.1_914	iSynCJ816.SGL_RS05875	34.9	86	40	4	21	98	35	112	2.09e-06	42.7
lcl|CP015118.1_prot_ARN19249.1_915	iCHOv1.100768542	30.6	346	214	12	73	401	208	544	4.76e-33	129
lcl|CP015118.1_prot_ARN19249.1_915	iAT_PLT_636.6821	31.9	345	209	14	73	400	215	550	1.75e-32	128
lcl|CP015118.1_prot_ARN19249.1_915	iMM1415.211389	31.5	346	211	12	73	401	209	545	1.67e-32	128
lcl|CP015118.1_prot_ARN19249.1_915	iLB1027_lipid.PHATRDRAFT_44482	30.4	388	214	20	52	398	226	598	2.73e-29	119
lcl|CP015118.1_prot_ARN23729.1_920	iJN1463.PP_1418	25.9	294	207	6	30	313	32	324	5.06e-18	82.8
lcl|CP015118.1_prot_ARN19254.1_921	iYO844.BSU28560	33.4	566	339	11	6	553	8	553	2.84e-91	290
lcl|CP015118.1_prot_ARN19254.1_921	iYO844.BSU10270	34.9	530	322	13	23	551	2	509	1.69e-86	276
lcl|CP015118.1_prot_ARN19255.1_922	iJN1463.PP_2437	67.7	406	126	2	1	406	6	406	3.54e-201	560
lcl|CP015118.1_prot_ARN19256.1_923	iMM1415.102632	40.8	365	202	5	3	359	2	360	9.31e-86	275
lcl|CP015118.1_prot_ARN19256.1_923	iCHOv1.100763073	41.3	349	191	5	19	359	18	360	7.34e-84	270
lcl|CP015118.1_prot_ARN19257.1_924	iML1515.b2842	40.6	254	143	4	3	254	2	249	1.17e-48	160
lcl|CP015118.1_prot_ARN19257.1_924	iCN900.CD630_11820	36.8	250	152	5	6	254	1	245	1.17e-47	158
lcl|CP015118.1_prot_ARN19257.1_924	iHN637.CLJU_RS17225	35.3	249	157	2	9	257	6	250	6.56e-44	148
lcl|CP015118.1_prot_ARN19257.1_924	iYO844.BSU22140	37.8	259	134	6	7	254	8	250	2.89e-43	147
lcl|CP015118.1_prot_ARN19257.1_924	iSDY_1059.SDY_2057	34.9	255	146	4	10	258	4	244	2.21e-43	147
lcl|CP015118.1_prot_ARN19257.1_924	iML1515.b1093	34.9	255	146	4	10	258	4	244	6.18e-43	145
lcl|CP015118.1_prot_ARN19257.1_924	iSbBS512_1146.SbBS512_E2231	34.9	255	146	4	10	258	4	244	6.18e-43	145
lcl|CP015118.1_prot_ARN19257.1_924	iSF_1195.SF1097	34.9	255	146	4	10	258	4	244	6.18e-43	145
lcl|CP015118.1_prot_ARN19257.1_924	iSSON_1240.SSON_1113	34.9	255	146	4	10	258	4	244	6.18e-43	145
lcl|CP015118.1_prot_ARN19257.1_924	iPC815.YPO2539	35.8	254	156	4	3	254	1	249	8.08e-43	145
lcl|CP015118.1_prot_ARN19257.1_924	iAM_Pv461.PVX_099555	34.8	247	156	3	10	256	58	299	3.66e-42	145
lcl|CP015118.1_prot_ARN19258.1_925	iJN1463.PP_2051	55.7	393	172	1	1	391	1	393	9.20e-137	395
lcl|CP015118.1_prot_ARN19259.1_926	iCHOv1.100754698	42.1	708	371	13	14	695	10	704	2.92e-164	489
lcl|CP015118.1_prot_ARN19259.1_926	iMM1415.74147	41.6	704	376	10	14	695	10	700	1.45e-163	487
lcl|CP015118.1_prot_ARN19260.1_927	iEK1008.Rv1934c	35.9	412	245	6	1	406	1	399	1.14e-71	230
lcl|CP015118.1_prot_ARN19261.1_928	iAF987.Gmet_2198	30.5	370	254	2	1	369	1	368	1.50e-47	165
lcl|CP015118.1_prot_ARN19262.1_929	iAF987.Gmet_2211	37.9	596	337	5	4	575	5	591	2.51e-119	366
lcl|CP015118.1_prot_ARN19262.1_929	iJN1463.PP_0368	38.9	552	325	5	52	599	54	597	6.31e-116	357
lcl|CP015118.1_prot_ARN19262.1_929	iJN1463.PP_2048	39.0	564	318	9	34	588	33	579	3.95e-107	334
lcl|CP015118.1_prot_A4W93_04685_932	iHN637.CLJU_RS19350	38.6	101	59	2	80	178	78	177	1.57e-13	65.5
lcl|CP015118.1_prot_ARN19269.1_937	iCN718.ABAYE_RS11660	51.8	500	235	3	9	502	8	507	4.10e-169	486
lcl|CP015118.1_prot_ARN19270.1_938	iEK1008.Rv1934c	36.8	408	243	6	1	402	1	399	6.16e-70	225
lcl|CP015118.1_prot_ARN19270.1_938	iEK1008.Rv3504	34.6	416	237	13	1	402	1	395	2.45e-62	205
lcl|CP015118.1_prot_ARN19271.1_939	iAF987.Gmet_2198	30.2	377	254	2	1	370	1	375	1.62e-46	162
lcl|CP015118.1_prot_ARN23730.1_940	iJN1463.PP_0626	54.7	435	189	5	3	436	4	431	4.90e-152	437
lcl|CP015118.1_prot_ARN23730.1_940	iML1515.b1109	50.0	436	212	4	1	436	5	434	1.60e-138	403
lcl|CP015118.1_prot_ARN23730.1_940	iSF_1195.SF1113	50.0	436	212	4	1	436	5	434	2.27e-138	403
lcl|CP015118.1_prot_ARN23730.1_940	STM_v1_0.STM1211	49.5	436	214	4	1	436	5	434	6.44e-138	402
lcl|CP015118.1_prot_ARN23730.1_940	iSSON_1240.SSON_1129	49.8	436	213	4	1	436	5	434	6.44e-138	402
lcl|CP015118.1_prot_ARN23730.1_940	iSDY_1059.SDY_2041	49.8	436	213	4	1	436	5	434	9.13e-138	401
lcl|CP015118.1_prot_ARN23730.1_940	iSbBS512_1146.SbBS512_E2214	50.0	436	212	4	1	436	5	434	1.29e-137	401
lcl|CP015118.1_prot_ARN19276.1_945	iJN1463.PP_3253	24.5	363	266	3	11	365	4	366	2.60e-23	99.4
lcl|CP015118.1_prot_ARN19277.1_946	iCN900.CD630_06570	25.9	197	136	5	40	228	6	200	1.16e-05	47.0
lcl|CP015118.1_prot_ARN19278.1_947	iCHOv1.100754792	38.2	684	348	13	4	624	365	1036	2.07e-140	435
lcl|CP015118.1_prot_ARN19285.1_955	iYS854.USA300HOU_RS04660	40.4	104	62	0	19	122	4	107	1.57e-24	90.1
lcl|CP015118.1_prot_ARN19287.1_957	iJN1463.PP_0434	49.3	379	173	5	4	382	3	362	4.28e-107	318
lcl|CP015118.1_prot_ARN19287.1_957	iYL1228.KPN_01978	45.8	378	188	6	5	382	6	366	6.81e-98	295
lcl|CP015118.1_prot_ARN23732.1_958	iML1515.b1856	28.5	358	232	7	87	442	102	437	1.11e-30	122
lcl|CP015118.1_prot_ARN19288.1_959	iJN1463.PP_0436	56.6	399	167	3	26	422	4	398	2.44e-153	439
lcl|CP015118.1_prot_ARN19288.1_959	iAF987.Gmet_1182	56.5	398	168	4	26	418	3	400	3.98e-143	413
lcl|CP015118.1_prot_ARN19288.1_959	iCN718.ABAYE_RS00620	51.4	399	185	3	28	421	9	403	1.89e-136	396
lcl|CP015118.1_prot_ARN19291.1_962	iJN1463.PP_1418	22.9	245	180	6	1	238	5	247	3.31e-05	44.7
lcl|CP015118.1_prot_ARN19294.1_965	iEK1008.Rv2936	41.2	216	123	3	3	216	7	220	1.45e-41	146
lcl|CP015118.1_prot_ARN19296.1_968	iAF987.Gmet_0382	59.7	419	166	1	1	419	1	416	5.90e-170	482
lcl|CP015118.1_prot_ARN19296.1_968	iPC815.YPO3569	57.5	421	174	3	1	419	1	418	4.17e-156	447
lcl|CP015118.1_prot_ARN19296.1_968	iCN718.ABAYE_RS15605	58.6	420	169	3	1	418	1	417	1.57e-155	445
lcl|CP015118.1_prot_ARN19296.1_968	iYL1228.KPN_03599	55.8	421	180	3	1	419	1	417	4.64e-155	444
lcl|CP015118.1_prot_ARN19296.1_968	iML1515.b3189	56.5	421	177	3	1	419	1	417	1.07e-153	441
lcl|CP015118.1_prot_ARN19296.1_968	iSF_1195.SF3229	56.5	421	177	3	1	419	1	417	1.07e-153	441
lcl|CP015118.1_prot_ARN19296.1_968	iSSON_1240.SSON_3337	56.5	421	177	3	1	419	1	417	1.07e-153	441
lcl|CP015118.1_prot_ARN19296.1_968	STM_v1_0.STM3307	56.1	421	179	3	1	419	1	417	4.34e-153	439
lcl|CP015118.1_prot_ARN19296.1_968	iSbBS512_1146.SbBS512_E3581	56.3	421	178	3	1	419	1	417	4.34e-153	439
lcl|CP015118.1_prot_ARN19296.1_968	iSDY_1059.SDY_3370	56.1	421	179	3	1	419	1	417	1.24e-152	438
lcl|CP015118.1_prot_ARN19296.1_968	iJN1463.PP_0964	56.8	421	177	3	1	418	1	419	3.77e-152	437
lcl|CP015118.1_prot_ARN23734.1_969	iJN1463.PP_0965	57.6	210	84	1	1	210	1	205	2.93e-77	230
lcl|CP015118.1_prot_ARN23734.1_969	iCN718.ABAYE_RS15600	55.5	209	88	1	2	210	21	224	2.16e-73	221
lcl|CP015118.1_prot_ARN19297.1_970	iJN1463.PP_0966	64.6	435	151	1	1	435	3	434	1.63e-195	548
lcl|CP015118.1_prot_ARN19298.1_971	iLB1027_lipid.PHATRDRAFT_38891	35.5	338	202	10	32	360	40	370	1.24e-45	159
lcl|CP015118.1_prot_ARN19298.1_971	iCN900.CD630_15490	30.3	350	234	6	14	360	4	346	2.77e-45	158
lcl|CP015118.1_prot_ARN19299.1_972	iJN1463.PP_0289	71.3	195	56	0	4	198	16	210	2.09e-97	281
lcl|CP015118.1_prot_ARN19299.1_972	iCN718.ABAYE_RS01785	70.8	195	57	0	4	198	3	197	3.83e-97	280
lcl|CP015118.1_prot_ARN23735.1_973	iJN1463.PP_0290	47.3	203	101	3	1	202	11	208	1.81e-59	185
lcl|CP015118.1_prot_ARN23735.1_973	iCN718.ABAYE_RS01780	45.9	205	98	4	1	203	11	204	3.36e-58	181
lcl|CP015118.1_prot_ARN19300.1_974	iJN1463.PP_0292	58.1	246	102	1	1	246	1	245	5.84e-99	288
lcl|CP015118.1_prot_ARN19300.1_974	iCN718.ABAYE_RS01765	56.4	243	103	2	1	243	1	240	1.47e-96	282
lcl|CP015118.1_prot_ARN19300.1_974	iAF987.Gmet_0388	55.3	237	104	1	1	237	1	235	2.71e-92	271
lcl|CP015118.1_prot_ARN19301.1_975	iJN1463.PP_0293	71.7	254	69	1	2	252	3	256	1.86e-125	356
lcl|CP015118.1_prot_ARN19301.1_975	iCN718.ABAYE_RS01735	67.1	252	82	1	1	252	1	251	1.20e-120	343
lcl|CP015118.1_prot_ARN19301.1_975	iAF987.Gmet_0389	67.1	252	83	0	1	252	1	252	1.01e-119	341
lcl|CP015118.1_prot_ARN19302.1_976	iCN718.ABAYE_RS13845	42.7	185	91	4	1	179	5	180	5.98e-39	131
lcl|CP015118.1_prot_ARN23736.1_977	iJN1463.PP_5123	56.2	146	64	0	1	146	13	158	3.38e-52	162
lcl|CP015118.1_prot_ARN23736.1_977	iCN718.ABAYE_RS14785	52.8	144	68	0	1	144	15	158	7.86e-49	154
lcl|CP015118.1_prot_ARN19303.1_978	iJN1463.PP_1625	54.3	35	9	1	7	34	38	72	1.36e-04	37.4
lcl|CP015118.1_prot_ARN19309.1_984	iJN1463.PP_0722	65.3	308	107	0	6	313	5	312	5.15e-149	421
lcl|CP015118.1_prot_ARN19309.1_984	iCN718.ABAYE_RS14860	65.6	311	106	1	4	313	3	313	9.42e-148	417
lcl|CP015118.1_prot_ARN19309.1_984	iPC815.YPO2013	63.6	308	111	1	7	313	6	313	2.55e-140	399
lcl|CP015118.1_prot_ARN19309.1_984	iSF_1195.SF1210	63.6	308	111	1	7	313	6	313	3.62e-140	398
lcl|CP015118.1_prot_ARN19309.1_984	iML1515.b1207	63.6	308	111	1	7	313	6	313	5.14e-140	398
lcl|CP015118.1_prot_ARN19309.1_984	iYL1228.KPN_02238	64.3	308	109	1	7	313	3	310	4.63e-140	398
lcl|CP015118.1_prot_ARN19309.1_984	STM_v1_0.STM1780	63.6	308	111	1	7	313	6	313	5.14e-140	398
lcl|CP015118.1_prot_ARN19309.1_984	iSDY_1059.SDY_1256	63.6	308	111	1	7	313	6	313	5.14e-140	398
lcl|CP015118.1_prot_ARN19309.1_984	iSSON_1240.SSON_1971	63.6	308	111	1	7	313	6	313	5.14e-140	398
lcl|CP015118.1_prot_ARN19309.1_984	iSbBS512_1146.SbBS512_E1371	63.3	308	112	1	7	313	6	313	1.47e-139	397
lcl|CP015118.1_prot_ARN19310.1_985	iJN1463.PP_0723	49.0	243	113	3	11	252	8	240	3.20e-66	208
lcl|CP015118.1_prot_ARN19310.1_985	iYL1228.KPN_02237	42.8	290	146	7	6	287	2	279	3.34e-59	190
lcl|CP015118.1_prot_ARN19317.1_995	iJN1463.PP_2012	39.7	287	171	1	4	288	22	308	2.23e-64	204
lcl|CP015118.1_prot_ARN19317.1_995	iCN718.ABAYE_RS06435	37.0	284	178	1	5	287	8	291	6.03e-58	187
lcl|CP015118.1_prot_ARN19317.1_995	STM_v1_0.STM2683	36.1	288	183	1	1	287	1	288	4.54e-58	187
lcl|CP015118.1_prot_ARN19317.1_995	iPC815.YPO1106	36.5	285	180	1	4	287	5	289	1.32e-57	186
lcl|CP015118.1_prot_ARN19335.1_1013	iCN900.CD630_02510	48.8	424	214	3	8	431	17	437	8.65e-117	348
lcl|CP015118.1_prot_ARN19350.1_1028	iAF987.Gmet_3177	31.1	557	340	13	1	532	5	542	7.53e-78	263
lcl|CP015118.1_prot_ARN19357.1_1035	iAF987.Gmet_1706	33.6	119	76	2	3	121	2	117	1.82e-13	68.2
lcl|CP015118.1_prot_ARN19357.1_1035	iAF987.Gmet_0069	31.4	137	89	3	4	137	5	139	1.49e-12	65.5
lcl|CP015118.1_prot_ARN19358.1_1036	iEK1008.Rv2435c	42.9	49	28	0	114	162	465	513	2.25e-06	49.3
lcl|CP015118.1_prot_ARN19360.1_1038	iSSON_1240.SSON_0162	35.5	699	394	15	62	724	52	729	1.92e-117	369
lcl|CP015118.1_prot_ARN19360.1_1038	iSbBS512_1146.SbBS512_E0142	35.4	695	392	15	66	724	56	729	1.05e-116	367
lcl|CP015118.1_prot_ARN19360.1_1038	STM_v1_0.STM0191	35.2	699	396	15	62	724	52	729	1.47e-116	367
lcl|CP015118.1_prot_ARN19360.1_1038	iSF_1195.SF0142	34.6	710	403	16	62	724	52	747	3.24e-111	353
lcl|CP015118.1_prot_ARN19360.1_1038	iML1515.b0150	34.6	713	399	17	62	724	52	747	6.36e-111	352
lcl|CP015118.1_prot_ARN19360.1_1038	iSDY_1059.SDY_0166	34.5	713	400	17	62	724	52	747	6.75e-110	350
lcl|CP015118.1_prot_ARN19360.1_1038	iYL1228.KPN_00165	34.8	704	397	16	62	724	53	735	8.38e-107	341
lcl|CP015118.1_prot_ARN19360.1_1038	iJN1463.PP_0350	32.1	725	456	15	28	724	94	810	1.00e-104	338
lcl|CP015118.1_prot_ARN19364.1_1042	STM_v1_0.STM3697	66.8	373	124	0	12	384	26	398	8.48e-185	517
lcl|CP015118.1_prot_ARN19370.1_1049	iAF987.Gmet_2999	37.3	126	74	2	11	131	8	133	3.94e-18	82.0
lcl|CP015118.1_prot_ARN19370.1_1049	iAF987.Gmet_0069	35.6	132	64	3	13	131	5	128	9.24e-18	80.5
lcl|CP015118.1_prot_ARN19370.1_1049	iAF987.Gmet_1919	32.8	122	81	1	10	130	2	123	1.37e-15	74.7
lcl|CP015118.1_prot_ARN19371.1_1050	iJN1463.PP_4405	29.3	123	84	2	82	203	25	145	2.27e-10	62.0
lcl|CP015118.1_prot_ARN19371.1_1050	iAF987.Gmet_0043	25.1	343	210	12	239	564	75	387	6.10e-10	61.6
lcl|CP015118.1_prot_ARN19373.1_1052	iCHOv1.100751291	35.1	188	117	3	9	192	53	239	3.34e-23	95.9
lcl|CP015118.1_prot_ARN19373.1_1052	iJN1463.PP_4862	36.7	188	114	4	8	192	4	189	1.76e-21	90.1
lcl|CP015118.1_prot_ARN19373.1_1052	iLB1027_lipid.PHATRDRAFT_25360	32.4	188	123	3	9	192	58	245	9.31e-20	86.7
lcl|CP015118.1_prot_ARN19376.1_1055	iJN1463.PP_3533	59.4	340	131	4	1	339	1	334	5.13e-129	373
lcl|CP015118.1_prot_ARN19378.1_1057	iEK1008.Rv0386	38.9	347	197	4	128	473	196	528	1.42e-54	205
lcl|CP015118.1_prot_ARN19380.1_1059	iAF987.Gmet_0069	42.5	120	62	3	23	136	5	123	2.29e-18	82.4
lcl|CP015118.1_prot_ARN19380.1_1059	iAF987.Gmet_2999	33.9	127	81	1	21	144	8	134	3.14e-17	79.7
lcl|CP015118.1_prot_ARN19382.1_1061	iAF987.Gmet_0043	26.0	385	230	14	285	647	21	372	3.67e-11	65.9
lcl|CP015118.1_prot_ARN19383.1_1062	iEK1008.Rv0386	38.5	395	217	7	134	522	190	564	1.30e-55	209
lcl|CP015118.1_prot_ARN19384.1_1063	iEK1008.Rv0386	36.1	341	186	3	133	454	190	517	1.30e-40	155
lcl|CP015118.1_prot_ARN19385.1_1064	iEK1008.Rv0386	40.0	60	36	0	139	198	1025	1084	9.70e-04	39.7
lcl|CP015118.1_prot_ARN19386.1_1065	iML1515.b3579	29.6	253	176	2	56	307	51	302	4.07e-34	127
lcl|CP015118.1_prot_ARN19386.1_1065	STM_v1_0.STM3673	28.6	238	164	2	56	293	51	282	2.13e-33	125
lcl|CP015118.1_prot_ARN19389.1_1068	iYS854.USA300HOU_RS11805	22.9	280	208	4	30	305	14	289	4.83e-11	64.3
lcl|CP015118.1_prot_ARN19391.1_1070	iYL1228.KPN_00792	36.1	97	49	5	1	89	1	92	1.09e-04	44.7
lcl|CP015118.1_prot_ARN19393.1_1073	iAF987.Gmet_0843	27.7	267	171	6	22	279	14	267	1.34e-11	63.2
lcl|CP015118.1_prot_ARN19394.1_1074	iSSON_1240.SSON_1030	32.1	193	116	5	11	191	32	221	5.68e-17	76.3
lcl|CP015118.1_prot_ARN19394.1_1074	iML1515.b1011	32.1	193	116	5	11	191	18	207	1.23e-16	75.1
lcl|CP015118.1_prot_ARN19394.1_1074	iSF_1195.SF1014	31.1	193	118	5	11	191	32	221	2.06e-15	72.0
lcl|CP015118.1_prot_ARN19397.1_1077	iEK1008.Rv1349	38.9	226	133	3	351	573	331	554	3.49e-35	139
lcl|CP015118.1_prot_ARN19397.1_1077	iAF987.Gmet_2349	40.2	219	118	4	369	580	350	562	1.46e-34	137
lcl|CP015118.1_prot_ARN19397.1_1077	STM_v1_0.STM2774	37.1	245	139	6	352	586	341	580	1.23e-33	137
lcl|CP015118.1_prot_ARN19397.1_1077	iSDY_1059.SDY_1025	36.7	245	141	5	352	586	341	581	1.23e-33	137
lcl|CP015118.1_prot_ARN19397.1_1077	iAF987.Gmet_2634	32.6	383	234	11	209	583	200	566	2.97e-33	134
lcl|CP015118.1_prot_ARN19397.1_1077	iJN1463.PP_4935	34.0	256	163	3	334	585	337	590	2.22e-32	131
lcl|CP015118.1_prot_ARN19397.1_1077	STM_v1_0.STM0984	29.7	316	205	6	275	581	266	573	1.53e-31	129
lcl|CP015118.1_prot_ARN19399.1_1079	iLB1027_lipid.PHATRDRAFT_16944	29.9	442	277	15	18	439	5	433	4.40e-43	156
lcl|CP015118.1_prot_ARN19399.1_1079	iMM904.YPR033C	28.4	444	262	13	18	417	60	491	4.83e-38	144
lcl|CP015118.1_prot_ARN19400.1_1080	iJN1463.PP_3537	60.9	389	151	1	8	395	2	390	1.69e-170	481
lcl|CP015118.1_prot_ARN19401.1_1082	iJN1463.PP_4656	44.2	226	123	2	6	228	11	236	2.47e-62	194
lcl|CP015118.1_prot_ARN19402.1_1083	iJN1463.PP_4655	31.3	201	100	9	4	167	2	201	1.12e-14	68.2
lcl|CP015118.1_prot_ARN19403.1_1084	iJN1463.PP_1379	43.3	439	244	3	1	438	1	435	9.24e-96	295
lcl|CP015118.1_prot_ARN19404.1_1085	iJN1463.PP_1380	37.5	240	144	3	175	411	24	260	2.13e-40	144
lcl|CP015118.1_prot_ARN19404.1_1085	iYL1228.KPN_01542	38.4	245	143	5	169	412	12	249	6.65e-39	140
lcl|CP015118.1_prot_ARN19405.1_1086	iJN1463.PP_3951	69.5	226	69	0	1	226	1	226	1.90e-111	318
lcl|CP015118.1_prot_ARN19405.1_1086	iYL1228.KPN_01538	67.1	225	74	0	1	225	1	225	1.47e-105	303
lcl|CP015118.1_prot_ARN19406.1_1087	iYL1228.KPN_01539	67.3	208	68	0	5	212	3	210	3.14e-100	289
lcl|CP015118.1_prot_ARN19406.1_1087	iJN1463.PP_3952	65.1	209	72	1	3	211	4	211	1.31e-93	272
lcl|CP015118.1_prot_ARN19409.1_1092	iAF987.Gmet_0987	38.3	588	350	6	145	732	203	777	3.20e-112	358
lcl|CP015118.1_prot_ARN19409.1_1092	iAF987.Gmet_0957	44.5	436	240	2	300	734	181	615	1.01e-113	357
lcl|CP015118.1_prot_ARN19409.1_1092	iAF987.Gmet_2629	43.1	443	246	3	289	729	360	798	7.48e-108	347
lcl|CP015118.1_prot_ARN19409.1_1092	iAF987.Gmet_3085	39.6	570	311	10	189	743	335	886	3.41e-106	345
lcl|CP015118.1_prot_ARN19409.1_1092	iAF987.Gmet_0782	43.7	437	241	4	300	734	287	720	1.64e-105	338
lcl|CP015118.1_prot_ARN19409.1_1092	iAF987.Gmet_0700	41.4	471	266	3	269	735	350	814	4.39e-104	337
lcl|CP015118.1_prot_ARN19413.1_1096	iLJ478.TM1724	32.2	255	160	3	23	274	2	246	9.92e-27	104
lcl|CP015118.1_prot_ARN19413.1_1096	iAF987.Gmet_1601	31.3	252	160	3	24	272	3	244	7.49e-25	99.4
lcl|CP015118.1_prot_ARN19413.1_1096	iAF987.Gmet_1531	30.7	254	162	4	24	274	4	246	7.96e-25	99.4
lcl|CP015118.1_prot_ARN19415.1_1098	iSbBS512_1146.SbBS512_E3135	45.0	260	139	2	1	258	1	258	1.88e-72	222
lcl|CP015118.1_prot_ARN19415.1_1098	iJN1463.PP_4298	44.1	261	142	2	1	259	1	259	1.14e-71	220
lcl|CP015118.1_prot_ARN19415.1_1098	STM_v1_0.STM0518	41.9	260	147	2	1	258	1	258	4.70e-65	203
lcl|CP015118.1_prot_ARN23744.1_1099	iCHOv1.100772070	41.1	302	159	7	7	290	47	347	7.06e-61	197
lcl|CP015118.1_prot_ARN23744.1_1099	iCHOv1.100755966	39.0	300	164	6	9	290	251	549	6.59e-52	178
lcl|CP015118.1_prot_ARN19417.1_1101	iAF987.Gmet_1706	36.2	116	72	2	12	126	3	117	1.41e-14	71.6
lcl|CP015118.1_prot_ARN19417.1_1101	iAF987.Gmet_1919	32.3	124	84	0	10	133	3	126	2.97e-12	65.1
lcl|CP015118.1_prot_ARN19418.1_1102	iAF987.Gmet_1706	32.3	65	44	0	395	459	2	66	6.88e-05	44.7
lcl|CP015118.1_prot_ARN19419.1_1103	iML1515.b2552	30.2	126	79	3	6	126	7	128	1.26e-11	60.5
lcl|CP015118.1_prot_ARN19419.1_1103	iSbBS512_1146.SbBS512_E2917	30.2	126	79	3	6	126	7	128	1.26e-11	60.5
lcl|CP015118.1_prot_ARN19419.1_1103	iSDY_1059.SDY_2742	30.2	126	79	3	6	126	7	128	1.26e-11	60.5
lcl|CP015118.1_prot_ARN19419.1_1103	iSF_1195.SF2599	30.2	126	79	3	6	126	7	128	1.26e-11	60.5
lcl|CP015118.1_prot_ARN19419.1_1103	iSSON_1240.SSON_2635	30.2	126	79	3	6	126	7	128	1.26e-11	60.5
lcl|CP015118.1_prot_ARN19419.1_1103	iYL1228.KPN_02877	30.2	126	79	3	6	126	7	128	3.18e-11	59.3
lcl|CP015118.1_prot_ARN19419.1_1103	STM_v1_0.STM2556	30.2	126	79	3	6	126	7	128	4.33e-11	58.9
lcl|CP015118.1_prot_ARN19421.1_1105	iJN1463.PP_0169	67.6	278	90	0	12	289	21	298	3.08e-139	394
lcl|CP015118.1_prot_ARN23745.1_1106	iYS854.USA300HOU_RS12370	24.0	346	217	11	47	375	50	366	8.26e-13	68.9
lcl|CP015118.1_prot_ARN23745.1_1106	iHN637.CLJU_RS19410	23.3	343	230	11	45	374	39	361	2.61e-11	64.3
lcl|CP015118.1_prot_ARN19422.1_1107	iPC815.YPO1073	55.7	219	95	2	15	233	1	217	2.61e-69	217
lcl|CP015118.1_prot_ARN19422.1_1107	iSbBS512_1146.SbBS512_E0193	55.7	219	95	2	15	233	1	217	3.69e-69	217
lcl|CP015118.1_prot_ARN19422.1_1107	iSSON_1240.SSON_0213	55.7	219	95	2	15	233	1	217	3.69e-69	217
lcl|CP015118.1_prot_ARN19422.1_1107	iML1515.b0199	55.3	219	96	2	15	233	1	217	5.22e-69	216
lcl|CP015118.1_prot_ARN19422.1_1107	iSDY_1059.SDY_0218	55.7	219	95	2	15	233	1	217	5.22e-69	216
lcl|CP015118.1_prot_ARN19422.1_1107	iYL1228.KPN_00213	55.3	219	96	2	15	233	1	217	1.47e-68	215
lcl|CP015118.1_prot_ARN19422.1_1107	iJN1463.PP_0114	52.2	228	102	2	15	236	1	227	2.34e-68	214
lcl|CP015118.1_prot_ARN19422.1_1107	STM_v1_0.STM0247	55.3	219	96	2	15	233	1	217	2.94e-68	214
lcl|CP015118.1_prot_ARN19422.1_1107	iSF_1195.SF0190	55.3	219	96	2	15	233	1	217	2.94e-68	214
lcl|CP015118.1_prot_ARN19422.1_1107	iYO844.BSU32750	52.5	221	103	2	15	235	1	219	1.56e-67	213
lcl|CP015118.1_prot_ARN19422.1_1107	iCN900.CD630_14890	48.4	221	108	2	15	235	1	215	1.41e-63	202
lcl|CP015118.1_prot_ARN19422.1_1107	iIT341.HP1576	54.7	203	91	1	33	235	16	217	1.05e-61	197
lcl|CP015118.1_prot_ARN19423.1_1108	iJN1463.PP_0113	51.9	210	101	0	14	223	14	223	1.67e-62	194
lcl|CP015118.1_prot_ARN19423.1_1108	iJN1463.PP_0219	49.3	203	103	0	21	223	12	214	4.55e-55	174
lcl|CP015118.1_prot_ARN19424.1_1109	STM_v1_0.STM0245	41.5	260	145	3	8	261	7	265	4.76e-53	173
lcl|CP015118.1_prot_ARN19424.1_1109	iCN900.CD630_14910	38.5	239	142	3	26	263	25	259	3.00e-52	171
lcl|CP015118.1_prot_ARN19424.1_1109	iML1515.b0197	40.4	260	148	3	8	261	7	265	1.18e-50	167
lcl|CP015118.1_prot_ARN19424.1_1109	iSbBS512_1146.SbBS512_E0191	40.4	260	148	3	8	261	7	265	1.18e-50	167
lcl|CP015118.1_prot_ARN19424.1_1109	iSF_1195.SF0188	40.4	260	148	3	8	261	7	265	1.18e-50	167
lcl|CP015118.1_prot_ARN19424.1_1109	iSSON_1240.SSON_0211	40.4	260	148	3	8	261	7	265	1.18e-50	167
lcl|CP015118.1_prot_ARN19424.1_1109	iSDY_1059.SDY_0216	40.0	260	149	3	8	261	7	265	3.31e-50	166
lcl|CP015118.1_prot_ARN19424.1_1109	iYL1228.KPN_00211	40.0	260	149	3	8	261	7	265	4.67e-50	165
lcl|CP015118.1_prot_ARN19424.1_1109	iJN1463.PP_0112	38.8	250	150	3	15	263	5	252	9.63e-49	161
lcl|CP015118.1_prot_ARN19425.1_1110	iJN1463.PP_3219	26.7	348	209	15	66	411	39	342	5.37e-15	75.9
lcl|CP015118.1_prot_ARN19425.1_1110	iYO844.BSU08860	25.8	329	186	10	77	394	44	325	1.05e-13	72.0
lcl|CP015118.1_prot_ARN19426.1_1111	iJN1463.PP_0237	49.8	311	153	3	2	311	3	311	1.04e-95	285
lcl|CP015118.1_prot_ARN19427.1_1112	iSDY_1059.SDY_0216	49.2	236	117	2	23	255	33	268	8.35e-73	223
lcl|CP015118.1_prot_ARN19427.1_1112	iML1515.b0197	49.2	236	117	2	23	255	33	268	1.18e-72	223
lcl|CP015118.1_prot_ARN19427.1_1112	iSbBS512_1146.SbBS512_E0191	49.2	236	117	2	23	255	33	268	2.37e-72	222
lcl|CP015118.1_prot_ARN19427.1_1112	iSF_1195.SF0188	49.2	236	117	2	23	255	33	268	2.37e-72	222
lcl|CP015118.1_prot_ARN19427.1_1112	iSSON_1240.SSON_0211	49.2	236	117	2	23	255	33	268	2.37e-72	222
lcl|CP015118.1_prot_ARN19427.1_1112	STM_v1_0.STM0245	47.9	257	126	3	7	255	12	268	3.36e-72	221
lcl|CP015118.1_prot_ARN19427.1_1112	iYL1228.KPN_00211	48.3	236	119	2	23	255	33	268	3.08e-70	216
lcl|CP015118.1_prot_ARN19427.1_1112	iJN1463.PP_0112	44.6	258	141	2	1	258	1	256	4.63e-66	205
lcl|CP015118.1_prot_ARN19437.1_1125	iJN1463.PP_1679	33.3	336	217	5	5	336	7	339	5.07e-39	141
lcl|CP015118.1_prot_ARN19438.1_1126	iSynCJ816.SGL_RS06140	64.0	505	176	3	26	524	4	508	1.28e-230	644
lcl|CP015118.1_prot_ARN19438.1_1126	iJN1463.PP_5149	58.1	499	207	1	27	523	5	503	6.60e-208	586
lcl|CP015118.1_prot_ARN19440.1_1128	iJN1463.PP_0427	50.5	206	101	1	1	205	10	215	3.61e-60	187
lcl|CP015118.1_prot_ARN19440.1_1128	iCN718.ABAYE_RS07530	50.3	197	94	3	9	203	15	209	1.02e-53	170
lcl|CP015118.1_prot_ARN19442.1_1130	iYL1228.KPN_00864	40.9	320	172	2	1	319	1	304	4.23e-66	209
lcl|CP015118.1_prot_ARN19442.1_1130	iML1515.b0831	42.4	321	166	4	1	319	1	304	1.19e-65	208
lcl|CP015118.1_prot_ARN19442.1_1130	iSDY_1059.SDY_0756	42.4	321	166	4	1	319	1	304	1.19e-65	208
lcl|CP015118.1_prot_ARN19442.1_1130	iSSON_1240.SSON_0813	42.4	321	166	4	1	319	1	304	1.68e-65	208
lcl|CP015118.1_prot_ARN19442.1_1130	iJN1463.PP_0881	40.5	333	184	4	1	319	1	333	2.23e-64	206
lcl|CP015118.1_prot_ARN19442.1_1130	iSF_1195.SF0781	42.1	318	165	4	4	319	4	304	1.33e-64	206
lcl|CP015118.1_prot_ARN19442.1_1130	iSbBS512_1146.SbBS512_E2517	42.1	321	167	4	1	319	1	304	1.88e-64	205
lcl|CP015118.1_prot_ARN19442.1_1130	iYL1228.KPN_03898	40.8	336	182	6	1	319	1	336	9.60e-64	204
lcl|CP015118.1_prot_ARN19442.1_1130	STM_v1_0.STM0850	40.5	321	172	4	1	319	1	304	5.92e-63	201
lcl|CP015118.1_prot_ARN19442.1_1130	STM_v1_0.STM3629	40.2	336	184	6	1	319	1	336	2.35e-61	198
lcl|CP015118.1_prot_ARN19442.1_1130	iML1515.b3543	39.9	336	185	6	1	319	1	336	4.67e-61	197
lcl|CP015118.1_prot_ARN19442.1_1130	iSDY_1059.SDY_4566	39.9	336	185	6	1	319	1	336	4.67e-61	197
lcl|CP015118.1_prot_ARN19442.1_1130	iSSON_1240.SSON_3847	39.9	336	185	6	1	319	1	336	4.67e-61	197
lcl|CP015118.1_prot_ARN19442.1_1130	iML1515.b1486	38.7	323	184	3	15	323	17	339	6.76e-61	197
lcl|CP015118.1_prot_ARN19442.1_1130	iSSON_1240.SSON_1638	38.7	323	184	3	15	323	17	339	6.76e-61	197
lcl|CP015118.1_prot_ARN19442.1_1130	iSF_1195.SF3578	39.6	336	186	6	1	319	1	336	1.84e-60	196
lcl|CP015118.1_prot_ARN19442.1_1130	iSDY_1059.SDY_3632	38.2	330	183	4	1	325	1	314	1.60e-58	190
lcl|CP015118.1_prot_ARN19442.1_1130	iML1515.b3477	37.9	330	184	4	1	325	1	314	4.48e-58	189
lcl|CP015118.1_prot_ARN19442.1_1130	iSbBS512_1146.SbBS512_E3844	37.9	330	184	4	1	325	1	314	4.48e-58	189
lcl|CP015118.1_prot_ARN19442.1_1130	iSSON_1240.SSON_3715	37.9	330	184	4	1	325	1	314	4.48e-58	189
lcl|CP015118.1_prot_ARN23749.1_1131	iJN1463.PP_0880	36.0	289	170	4	14	301	31	305	1.23e-44	153
lcl|CP015118.1_prot_ARN23749.1_1131	iSDY_1059.SDY_4565	41.8	287	152	5	16	301	27	299	1.41e-44	153
lcl|CP015118.1_prot_ARN23749.1_1131	iYL1228.KPN_03897	39.9	286	159	3	16	301	27	299	1.98e-44	152
lcl|CP015118.1_prot_ARN23749.1_1131	iSSON_1240.SSON_3848	41.1	287	154	5	16	301	27	299	3.02e-43	149
lcl|CP015118.1_prot_ARN23749.1_1131	iML1515.b3542	41.1	287	154	5	16	301	27	299	4.24e-43	149
lcl|CP015118.1_prot_ARN23749.1_1131	iSF_1195.SF3577	41.1	287	154	5	16	301	27	299	4.24e-43	149
lcl|CP015118.1_prot_ARN23749.1_1131	STM_v1_0.STM3628	40.4	287	156	5	16	301	27	299	1.65e-42	147
lcl|CP015118.1_prot_ARN23749.1_1131	iPC815.YPO4001	40.1	287	157	4	16	301	27	299	3.26e-42	147
lcl|CP015118.1_prot_ARN23749.1_1131	iJN1463.PP_3344	38.1	289	150	6	15	298	12	276	3.32e-40	141
lcl|CP015118.1_prot_ARN19443.1_1132	iJN1463.PP_0879	48.7	316	155	2	5	317	3	314	2.31e-94	282
lcl|CP015118.1_prot_ARN19443.1_1132	iLJ478.TM1064	47.0	328	166	5	5	324	4	331	1.81e-93	280
lcl|CP015118.1_prot_ARN19443.1_1132	iYL1228.KPN_02194	47.9	313	162	1	5	317	19	330	2.42e-92	278
lcl|CP015118.1_prot_ARN19443.1_1132	STM_v1_0.STM1743	48.6	311	158	2	5	314	17	326	2.59e-91	275
lcl|CP015118.1_prot_ARN19443.1_1132	iSDY_1059.SDY_1304	49.0	300	152	1	5	304	19	317	2.76e-91	275
lcl|CP015118.1_prot_ARN19443.1_1132	iSF_1195.SF1247	49.0	300	152	1	5	304	19	317	2.76e-91	275
lcl|CP015118.1_prot_ARN19443.1_1132	iSSON_1240.SSON_1934	49.0	300	152	1	5	304	19	317	2.76e-91	275
lcl|CP015118.1_prot_ARN19443.1_1132	iSbBS512_1146.SbBS512_E1415	48.7	300	153	1	5	304	19	317	1.57e-90	273
lcl|CP015118.1_prot_ARN19443.1_1132	iML1515.b3541	45.0	313	171	1	5	316	3	315	1.62e-90	273
lcl|CP015118.1_prot_ARN19443.1_1132	iSF_1195.SF3576	45.0	313	171	1	5	316	3	315	1.62e-90	273
lcl|CP015118.1_prot_ARN19443.1_1132	iYO844.BSU12950	47.8	318	164	2	6	321	5	322	2.95e-90	272
lcl|CP015118.1_prot_ARN19443.1_1132	iSSON_1240.SSON_3849	45.0	313	171	1	5	316	3	315	4.59e-90	271
lcl|CP015118.1_prot_ARN19443.1_1132	iML1515.b1246	48.3	300	154	1	5	304	19	317	3.57e-89	270
lcl|CP015118.1_prot_ARN19443.1_1132	iSDY_1059.SDY_4564	45.4	302	165	0	5	306	3	304	1.05e-88	268
lcl|CP015118.1_prot_ARN19443.1_1132	iPC815.YPO4000	43.6	312	176	0	5	316	3	314	1.16e-87	265
lcl|CP015118.1_prot_ARN19443.1_1132	STM_v1_0.STM3627	45.0	302	166	0	5	306	3	304	2.39e-87	265
lcl|CP015118.1_prot_ARN19443.1_1132	iYL1228.KPN_03896	43.5	313	176	1	5	316	3	315	3.38e-87	264
lcl|CP015118.1_prot_ARN19443.1_1132	iLJ478.TM1749	45.7	315	170	1	5	318	4	318	1.23e-86	263
lcl|CP015118.1_prot_ARN19443.1_1132	iML1515.b1484	44.8	324	175	3	1	321	1	323	1.28e-84	258
lcl|CP015118.1_prot_ARN19443.1_1132	iEK1008.Rv1281c	46.1	317	167	4	3	316	2	317	1.44e-80	256
lcl|CP015118.1_prot_ARN19443.1_1132	iSbBS512_1146.SbBS512_E1747	44.8	324	175	3	1	321	1	323	2.90e-83	254
lcl|CP015118.1_prot_ARN19444.1_1133	iJN1463.PP_0878	51.7	292	129	4	34	315	27	316	1.13e-91	275
lcl|CP015118.1_prot_ARN19444.1_1133	iLJ478.TM0057	48.2	330	144	8	5	315	3	324	7.53e-91	274
lcl|CP015118.1_prot_ARN19444.1_1133	iLJ478.TM1063	47.0	330	152	5	5	315	3	328	1.66e-90	273
lcl|CP015118.1_prot_ARN19444.1_1133	STM_v1_0.STM3626	46.8	327	156	6	1	317	8	326	2.07e-90	273
lcl|CP015118.1_prot_ARN19444.1_1133	iPC815.YPO3999	47.2	326	150	7	4	317	32	347	1.13e-89	271
lcl|CP015118.1_prot_ARN19444.1_1133	iSSON_1240.SSON_3850	46.5	327	157	6	1	317	8	326	3.03e-89	270
lcl|CP015118.1_prot_ARN19444.1_1133	iML1515.b3540	46.5	327	157	6	1	317	8	326	4.29e-89	269
lcl|CP015118.1_prot_ARN19444.1_1133	iSF_1195.SF3575	46.9	324	154	6	4	317	11	326	1.22e-88	268
lcl|CP015118.1_prot_ARN19444.1_1133	iYL1228.KPN_03895	46.6	324	155	6	4	317	11	326	5.37e-88	266
lcl|CP015118.1_prot_ARN19444.1_1133	iSDY_1059.SDY_4563	46.2	327	158	6	1	317	8	326	9.79e-88	266
lcl|CP015118.1_prot_ARN19444.1_1133	iLJ478.TM1750	43.8	329	161	4	4	321	12	327	2.97e-85	259
lcl|CP015118.1_prot_ARN19444.1_1133	iML1515.b1247	45.0	311	156	4	5	303	11	318	3.26e-83	254
lcl|CP015118.1_prot_ARN19444.1_1133	iSbBS512_1146.SbBS512_E1416	45.0	311	156	4	5	303	11	318	3.26e-83	254
lcl|CP015118.1_prot_ARN19444.1_1133	iSF_1195.SF1248	45.0	311	156	4	5	303	11	318	3.26e-83	254
lcl|CP015118.1_prot_ARN19444.1_1133	iSDY_1059.SDY_1305	45.0	311	156	4	5	303	11	318	4.61e-83	254
lcl|CP015118.1_prot_ARN19444.1_1133	iSSON_1240.SSON_1933	45.0	311	156	4	5	303	11	318	6.52e-83	253
lcl|CP015118.1_prot_ARN19444.1_1133	iYL1228.KPN_02193	44.3	314	154	4	5	303	11	318	5.23e-82	251
lcl|CP015118.1_prot_ARN19445.1_1134	iJN1463.PP_5227	58.7	414	167	2	16	429	6	415	1.19e-164	469
lcl|CP015118.1_prot_ARN19445.1_1134	iCN718.ABAYE_RS04825	55.5	409	179	1	21	429	10	415	7.17e-159	454
lcl|CP015118.1_prot_ARN19447.1_1136	iSDY_1059.SDY_3938	37.0	108	65	2	10	116	1	106	1.85e-24	89.4
lcl|CP015118.1_prot_ARN19447.1_1136	iSSON_1240.SSON_3980	37.0	108	65	2	10	116	1	106	1.85e-24	89.4
lcl|CP015118.1_prot_ARN19447.1_1136	iSbBS512_1146.SbBS512_E4266	37.0	108	65	2	10	116	1	106	2.62e-24	89.0
lcl|CP015118.1_prot_ARN19447.1_1136	iSF_1195.SF3880	36.1	108	66	2	10	116	1	106	8.54e-23	85.1
lcl|CP015118.1_prot_ARN19448.1_1137	iJN1463.PP_5084	37.7	769	414	9	29	749	10	761	1.86e-174	522
lcl|CP015118.1_prot_ARN19448.1_1137	iPC815.YPO0145	38.7	790	392	13	49	749	15	801	2.72e-170	512
lcl|CP015118.1_prot_ARN19448.1_1137	STM_v1_0.STM3493	38.3	773	389	11	61	748	39	808	2.61e-169	510
lcl|CP015118.1_prot_ARN19448.1_1137	iML1515.b3396	38.2	774	388	12	61	748	31	800	4.55e-168	506
lcl|CP015118.1_prot_ARN19448.1_1137	iSSON_1240.SSON_3527	38.2	774	388	12	61	748	39	808	5.72e-168	506
lcl|CP015118.1_prot_ARN19448.1_1137	iSDY_1059.SDY_3682	38.1	774	389	12	61	748	39	808	2.26e-167	505
lcl|CP015118.1_prot_ARN19448.1_1137	iSbBS512_1146.SbBS512_E3773	38.1	774	389	12	61	748	31	800	5.02e-167	504
lcl|CP015118.1_prot_ARN19448.1_1137	iSF_1195.SF3414	38.1	774	389	12	61	748	31	800	1.41e-166	503
lcl|CP015118.1_prot_ARN19448.1_1137	iYL1228.KPN_03767	37.8	756	383	10	78	748	1	754	1.45e-163	493
lcl|CP015118.1_prot_ARN19448.1_1137	iAF987.Gmet_0354	39.7	725	382	15	60	739	50	764	5.75e-163	493
lcl|CP015118.1_prot_ARN19454.1_1144	iJN1463.PP_5079	48.1	162	83	1	4	164	2	163	1.29e-41	137
lcl|CP015118.1_prot_ARN19454.1_1144	iCN718.ABAYE_RS02010	47.5	162	83	2	5	165	20	180	1.09e-38	130
lcl|CP015118.1_prot_ARN19455.1_1145	iJN1463.PP_5078	58.9	343	138	2	6	347	1	341	3.81e-129	374
lcl|CP015118.1_prot_ARN19455.1_1145	iSSON_1240.SSON_3520	56.4	344	149	1	6	348	1	344	1.30e-126	367
lcl|CP015118.1_prot_ARN19455.1_1145	iML1515.b3389	56.1	344	150	1	6	348	1	344	3.69e-126	366
lcl|CP015118.1_prot_ARN19455.1_1145	iSbBS512_1146.SbBS512_E3766	56.1	344	150	1	6	348	1	344	2.11e-125	364
lcl|CP015118.1_prot_ARN19455.1_1145	iSDY_1059.SDY_3690	55.8	344	151	1	6	348	1	344	2.11e-125	364
lcl|CP015118.1_prot_ARN19455.1_1145	iSF_1195.SF3407	55.8	344	151	1	6	348	1	344	4.24e-125	363
lcl|CP015118.1_prot_ARN19455.1_1145	iYL1228.KPN_03760	54.1	357	162	2	6	360	1	357	2.10e-123	359
lcl|CP015118.1_prot_ARN19455.1_1145	iPC815.YPO0152	55.3	347	149	4	6	348	1	345	1.97e-123	359
lcl|CP015118.1_prot_ARN19455.1_1145	STM_v1_0.STM3486	55.2	344	153	1	6	348	1	344	1.12e-122	357
lcl|CP015118.1_prot_ARN19455.1_1145	iCN718.ABAYE_RS02015	53.2	361	166	2	6	364	1	360	1.04e-117	345
lcl|CP015118.1_prot_ARN19456.1_1146	iAF987.Gmet_1762	47.5	375	179	5	2	369	15	378	8.82e-105	313
lcl|CP015118.1_prot_ARN19458.1_1148	iSynCJ816.SGL_RS04160	52.6	1548	677	13	21	1564	32	1526	0.0	1568
lcl|CP015118.1_prot_ARN19458.1_1148	iHN637.CLJU_RS08530	54.3	1544	643	15	19	1554	10	1499	0.0	1566
lcl|CP015118.1_prot_ARN19458.1_1148	iEK1008.Rv3859c	50.8	1569	698	19	21	1570	7	1520	0.0	1468
lcl|CP015118.1_prot_ARN19458.1_1148	iYO844.BSU18450	50.0	1549	699	20	21	1564	11	1488	0.0	1436
lcl|CP015118.1_prot_ARN19459.1_1149	iHN637.CLJU_RS08535	52.4	496	209	8	1	490	1	475	2.95e-179	511
lcl|CP015118.1_prot_ARN19459.1_1149	iEK1008.Rv3858c	52.6	498	208	6	1	491	1	477	2.30e-176	504
lcl|CP015118.1_prot_ARN19459.1_1149	iSynCJ816.SGL_RS02895	48.7	513	222	10	1	491	1	494	2.21e-160	463
lcl|CP015118.1_prot_ARN19467.1_1157	iJN1463.PP_0958	58.8	257	106	0	16	272	9	265	3.68e-104	303
lcl|CP015118.1_prot_ARN19468.1_1158	iJN1463.PP_0959	57.6	243	101	2	17	258	22	263	2.44e-84	252
lcl|CP015118.1_prot_ARN19469.1_1159	iJN1463.PP_0960	47.5	160	77	2	1	153	1	160	1.13e-38	129
lcl|CP015118.1_prot_ARN19470.1_1160	iSF_1195.SF2424	35.4	206	121	6	42	240	28	228	3.48e-28	108
lcl|CP015118.1_prot_ARN19470.1_1160	iSbBS512_1146.SbBS512_E2729	35.4	206	121	6	42	240	28	228	4.87e-28	107
lcl|CP015118.1_prot_ARN19470.1_1160	iSDY_1059.SDY_2550	35.4	206	121	6	42	240	28	228	4.87e-28	107
lcl|CP015118.1_prot_ARN19470.1_1160	iSSON_1240.SSON_2403	35.4	206	121	6	42	240	28	228	4.87e-28	107
lcl|CP015118.1_prot_ARN19470.1_1160	STM_v1_0.STM2392	35.4	206	121	6	42	240	28	228	9.50e-28	107
lcl|CP015118.1_prot_ARN19473.1_1163	iJN1463.PP_5351	48.3	476	241	5	4	477	11	483	1.38e-148	432
lcl|CP015118.1_prot_ARN19473.1_1163	iJN1463.PP_1022	45.1	479	247	7	8	477	14	485	1.87e-136	402
lcl|CP015118.1_prot_ARN19473.1_1163	iPC815.YPO2066	43.8	482	262	6	4	479	11	489	2.07e-133	394
lcl|CP015118.1_prot_ARN19474.1_1164	iAT_PLT_636.6888	58.9	316	119	4	4	312	15	326	7.63e-115	335
lcl|CP015118.1_prot_ARN19474.1_1164	iJN1463.PP_2168	58.8	311	119	3	2	312	3	304	1.90e-113	330
lcl|CP015118.1_prot_ARN19474.1_1164	iMM1415.21351	57.0	316	125	3	4	312	15	326	1.01e-112	329
lcl|CP015118.1_prot_ARN19474.1_1164	iCHOv1.100689344	57.0	316	125	3	4	312	15	326	2.03e-112	328
lcl|CP015118.1_prot_ARN19474.1_1164	iMM904.YLR354C	58.3	324	116	6	2	313	14	330	1.09e-111	327
lcl|CP015118.1_prot_ARN19474.1_1164	iYL1228.KPN_01126	54.9	319	132	3	1	313	2	314	6.41e-109	319
lcl|CP015118.1_prot_ARN19474.1_1164	iPC815.YPO0463	54.5	323	129	4	2	315	3	316	7.37e-108	316
lcl|CP015118.1_prot_ARN19474.1_1164	iSynCJ816.SGL_RS03080	53.9	321	133	4	2	313	4	318	1.15e-106	316
lcl|CP015118.1_prot_ARN19474.1_1164	iYL1228.KPN_02798	54.5	319	131	4	1	312	1	312	2.49e-106	312
lcl|CP015118.1_prot_ARN19474.1_1164	STM_v1_0.STM0007	53.4	320	137	3	2	315	3	316	2.24e-104	307
lcl|CP015118.1_prot_ARN19474.1_1164	iSbBS512_1146.SbBS512_E0008	52.5	320	140	3	2	315	3	316	3.18e-104	307
lcl|CP015118.1_prot_ARN19474.1_1164	iSDY_1059.SDY_0008	52.8	320	139	3	2	315	3	316	3.18e-104	307
lcl|CP015118.1_prot_ARN19474.1_1164	iML1515.b0008	52.5	320	140	3	2	315	3	316	4.51e-104	306
lcl|CP015118.1_prot_ARN19474.1_1164	iSF_1195.SF0009	52.5	320	140	3	2	315	3	316	4.51e-104	306
lcl|CP015118.1_prot_ARN19474.1_1164	iSSON_1240.SSON_0009	52.5	320	140	3	2	315	3	316	4.51e-104	306
lcl|CP015118.1_prot_ARN19474.1_1164	iYL1228.KPN_00008	52.8	320	139	3	2	315	3	316	6.39e-104	306
lcl|CP015118.1_prot_ARN19474.1_1164	STM_v1_0.STM2473	53.0	319	136	5	1	312	1	312	1.42e-102	303
lcl|CP015118.1_prot_ARN19474.1_1164	iML1515.b2464	53.3	321	132	5	1	312	1	312	2.86e-102	302
lcl|CP015118.1_prot_ARN19475.1_1165	iPC815.YPO3718	48.9	542	254	10	8	530	8	545	5.43e-164	476
lcl|CP015118.1_prot_ARN19475.1_1165	iEK1008.Rv0946c	49.2	545	244	10	9	530	12	546	1.67e-161	470
lcl|CP015118.1_prot_ARN19475.1_1165	iYL1228.KPN_04413	47.9	541	261	9	8	530	8	545	1.90e-159	464
lcl|CP015118.1_prot_ARN19475.1_1165	iML1515.b4025	47.4	542	262	10	8	530	8	545	1.53e-158	462
lcl|CP015118.1_prot_ARN19475.1_1165	iSbBS512_1146.SbBS512_E4530	47.4	542	262	10	8	530	8	545	1.53e-158	462
lcl|CP015118.1_prot_ARN19475.1_1165	iSDY_1059.SDY_4226	47.4	542	262	10	8	530	8	545	1.53e-158	462
lcl|CP015118.1_prot_ARN19475.1_1165	iSSON_1240.SSON_4203	47.4	542	262	10	8	530	8	545	1.53e-158	462
lcl|CP015118.1_prot_ARN19475.1_1165	iSF_1195.SF4180	47.2	542	263	10	8	530	8	545	4.33e-158	461
lcl|CP015118.1_prot_ARN19475.1_1165	STM_v1_0.STM4221	47.0	543	263	9	8	530	8	545	2.46e-157	459
lcl|CP015118.1_prot_ARN19475.1_1165	iJN1463.PP_4701	46.4	537	271	6	11	531	15	550	4.10e-157	459
lcl|CP015118.1_prot_ARN19475.1_1165	iLB1027_lipid.PHATRDRAFT_23924	46.3	544	259	9	11	526	9	547	2.33e-156	457
lcl|CP015118.1_prot_ARN19475.1_1165	iIT341.HP1166	46.9	537	262	9	10	527	6	538	3.96e-155	453
lcl|CP015118.1_prot_ARN19475.1_1165	iCHOv1.100689468	47.8	531	249	10	25	530	23	550	1.71e-154	452
lcl|CP015118.1_prot_ARN19475.1_1165	iMM1415.14751	46.9	548	263	10	8	530	6	550	1.37e-153	450
lcl|CP015118.1_prot_ARN19475.1_1165	iAT_PLT_636.2821	46.7	548	264	10	8	530	45	589	3.80e-152	447
lcl|CP015118.1_prot_ARN19475.1_1165	iJN1463.PP_1808	47.3	505	250	5	11	500	15	518	9.68e-153	447
lcl|CP015118.1_prot_ARN19475.1_1165	iMM904.YBR196C	47.1	544	255	10	11	530	17	551	8.03e-149	437
lcl|CP015118.1_prot_ARN19475.1_1165	iIS312.TCDM_05039	44.2	548	272	9	11	527	56	600	4.47e-145	430
lcl|CP015118.1_prot_ARN19476.1_1166	iEK1008.Rv3565	39.5	375	222	3	10	383	11	381	1.62e-82	257
lcl|CP015118.1_prot_ARN19476.1_1166	iAF692.Mbar_A1546	39.3	379	224	3	10	388	17	389	1.86e-77	244
lcl|CP015118.1_prot_ARN19480.1_1170	iJN1463.PP_0368	55.4	599	262	2	1	596	1	597	2.28e-241	677
lcl|CP015118.1_prot_ARN19482.1_1172	iYO844.BSU32840	36.4	815	464	11	5	794	4	789	2.92e-144	443
lcl|CP015118.1_prot_ARN19483.1_1173	iYS854.USA300HOU_RS01190	50.6	397	189	6	5	398	1	393	1.86e-117	347
lcl|CP015118.1_prot_ARN19483.1_1173	iYO844.BSU32830	48.7	394	195	5	5	396	1	389	2.20e-115	341
lcl|CP015118.1_prot_ARN19484.1_1174	iCN718.ABAYE_RS11685	41.1	241	142	0	11	251	24	264	1.50e-55	179
lcl|CP015118.1_prot_ARN19484.1_1174	iCN718.ABAYE_RS05085	42.0	250	138	3	10	255	20	266	1.55e-54	176
lcl|CP015118.1_prot_ARN23751.1_1176	iAF987.Gmet_0769	34.5	110	71	1	29	138	12	120	1.43e-14	65.9
lcl|CP015118.1_prot_ARN19486.1_1177	STM_v1_0.STM0984	34.9	585	361	9	24	601	8	579	1.64e-90	291
lcl|CP015118.1_prot_ARN19486.1_1177	iSF_1195.SF0910	35.6	587	354	10	24	601	8	579	6.35e-90	290
lcl|CP015118.1_prot_ARN19486.1_1177	iML1515.b0914	35.6	587	354	10	24	601	8	579	8.90e-90	289
lcl|CP015118.1_prot_ARN19486.1_1177	iSbBS512_1146.SbBS512_E2410	35.6	587	354	10	24	601	8	579	8.90e-90	289
lcl|CP015118.1_prot_ARN19486.1_1177	iSDY_1059.SDY_2344	35.6	587	354	10	24	601	8	579	8.90e-90	289
lcl|CP015118.1_prot_ARN19486.1_1177	iSSON_1240.SSON_0916	35.6	587	354	10	24	601	8	579	8.90e-90	289
lcl|CP015118.1_prot_ARN19486.1_1177	iPC815.YPO1395	35.1	587	357	10	24	601	8	579	3.43e-89	288
lcl|CP015118.1_prot_ARN19486.1_1177	iYL1228.KPN_00941	34.8	587	359	10	24	601	8	579	4.81e-89	287
lcl|CP015118.1_prot_ARN23752.1_1179	iCN718.ABAYE_RS10985	52.6	268	126	1	14	281	28	294	1.86e-91	273
lcl|CP015118.1_prot_ARN19488.1_1180	iJN1463.PP_1070	42.4	257	127	4	1	247	1	246	9.43e-64	199
lcl|CP015118.1_prot_ARN19488.1_1180	STM_v1_0.STM0664	37.9	256	138	2	1	246	1	245	4.76e-58	184
lcl|CP015118.1_prot_ARN19488.1_1180	iSF_1195.SF0627	37.6	255	138	2	1	245	1	244	4.76e-58	184
lcl|CP015118.1_prot_ARN19488.1_1180	iPC815.YPO2614	38.3	256	137	3	1	246	1	245	4.76e-58	184
lcl|CP015118.1_prot_ARN19488.1_1180	iYL1228.KPN_00680	38.0	255	137	2	1	245	1	244	6.73e-58	184
lcl|CP015118.1_prot_ARN19488.1_1180	iSSON_1240.SSON_0608	37.3	255	139	2	1	245	1	244	1.35e-57	183
lcl|CP015118.1_prot_ARN19488.1_1180	iML1515.b0654	37.3	255	139	2	1	245	1	244	1.91e-57	182
lcl|CP015118.1_prot_ARN19489.1_1181	iJN1463.PP_1069	49.3	207	99	1	19	219	17	223	7.54e-58	182
lcl|CP015118.1_prot_ARN19489.1_1181	iCN718.ABAYE_RS10975	48.9	225	109	2	3	221	1	225	1.29e-56	179
lcl|CP015118.1_prot_ARN19489.1_1181	iPC815.YPO2613	49.5	208	98	1	16	216	15	222	4.06e-55	175
lcl|CP015118.1_prot_ARN19489.1_1181	STM_v1_0.STM0663	48.6	208	100	1	16	216	15	222	6.54e-54	172
lcl|CP015118.1_prot_ARN19489.1_1181	iML1515.b0653	47.6	208	102	1	16	216	15	222	1.85e-53	171
lcl|CP015118.1_prot_ARN19489.1_1181	iSSON_1240.SSON_0607	47.6	208	102	1	16	216	15	222	1.85e-53	171
lcl|CP015118.1_prot_ARN19489.1_1181	iYL1228.KPN_00679	48.6	208	100	1	16	216	15	222	2.62e-53	170
lcl|CP015118.1_prot_ARN19489.1_1181	iSF_1195.SF0628	47.1	208	103	1	16	216	15	222	5.25e-53	169
lcl|CP015118.1_prot_ARN19490.1_1182	iJN1463.PP_1068	77.5	244	55	0	1	244	13	256	5.01e-137	385
lcl|CP015118.1_prot_ARN19490.1_1182	iCN718.ABAYE_RS10970	78.4	241	52	0	1	241	3	243	7.35e-137	384
lcl|CP015118.1_prot_ARN19490.1_1182	iML1515.b0652	75.6	242	57	1	1	242	1	240	2.00e-128	362
lcl|CP015118.1_prot_ARN19490.1_1182	iSSON_1240.SSON_0606	75.6	242	57	1	1	242	1	240	2.00e-128	362
lcl|CP015118.1_prot_ARN19490.1_1182	iSF_1195.SF0629	75.2	242	58	1	1	242	1	240	3.30e-127	359
lcl|CP015118.1_prot_ARN19490.1_1182	iYL1228.KPN_00678	73.6	242	62	1	1	242	1	240	1.91e-126	357
lcl|CP015118.1_prot_ARN19490.1_1182	iPC815.YPO2612	73.1	242	63	1	1	242	2	241	1.32e-124	353
lcl|CP015118.1_prot_ARN19495.1_1187	iSynCJ816.SGL_RS12080	63.5	340	122	2	13	351	4	342	6.26e-151	428
lcl|CP015118.1_prot_ARN19500.1_1193	iYO844.BSU32830	44.7	389	202	1	1	376	1	389	3.35e-101	304
lcl|CP015118.1_prot_ARN19500.1_1193	iAF987.Gmet_2058	45.8	402	191	6	1	378	1	399	1.10e-98	298
lcl|CP015118.1_prot_ARN19500.1_1193	iYL1228.KPN_01540	46.9	403	186	10	1	378	2	401	1.70e-95	290
lcl|CP015118.1_prot_ARN19500.1_1193	iML1515.b1397	46.5	402	190	8	1	378	1	401	1.92e-94	287
lcl|CP015118.1_prot_ARN19500.1_1193	iYL1228.KPN_01478	46.5	402	190	7	1	378	1	401	1.53e-93	285
lcl|CP015118.1_prot_ARN19500.1_1193	iEK1008.Rv1074c	42.2	403	205	4	1	376	1	402	3.45e-93	284
lcl|CP015118.1_prot_ARN19500.1_1193	iPC815.YPO3767	44.8	386	202	6	1	376	1	385	3.19e-92	281
lcl|CP015118.1_prot_ARN19500.1_1193	iJN1463.PP_2137	44.5	384	202	6	5	378	9	391	1.02e-91	280
lcl|CP015118.1_prot_ARN19500.1_1193	iJN1463.PP_3280	46.8	400	182	8	4	376	9	404	9.00e-91	278
lcl|CP015118.1_prot_ARN19500.1_1193	iYS854.USA300HOU_RS01190	42.0	393	213	3	1	378	1	393	3.54e-90	276
lcl|CP015118.1_prot_ARN19500.1_1193	iCN718.ABAYE_RS17250	45.0	382	201	4	5	378	10	390	4.43e-90	276
lcl|CP015118.1_prot_ARN19500.1_1193	iJN1463.PP_1377	44.5	382	189	6	20	378	19	400	8.46e-90	275
lcl|CP015118.1_prot_ARN19501.1_1194	iML1515.b4337	26.0	308	219	5	30	333	28	330	7.95e-21	93.2
lcl|CP015118.1_prot_ARN19501.1_1194	iPC815.YPO4048	30.0	220	151	2	32	249	34	252	1.07e-20	92.8
lcl|CP015118.1_prot_ARN23754.1_1195	iMM1415.12354	28.8	257	140	9	36	253	7	259	2.30e-24	97.8
lcl|CP015118.1_prot_ARN23754.1_1195	iMM1415.12350	29.8	258	135	11	36	253	5	256	8.19e-22	90.9
lcl|CP015118.1_prot_ARN23754.1_1195	iMM1415.12352	29.7	266	133	9	42	253	22	287	1.07e-20	88.6
lcl|CP015118.1_prot_ARN19502.1_1196	iCN718.ABAYE_RS04225	70.5	390	115	0	6	395	2	391	3.40e-204	567
lcl|CP015118.1_prot_ARN19502.1_1196	iJN1463.PP_2106	70.2	393	116	1	1	393	8	399	5.84e-195	544
lcl|CP015118.1_prot_ARN19507.1_1201	iLB1027_lipid.PHATRDRAFT_45451	71.3	335	94	1	3	335	5	339	2.98e-191	530
lcl|CP015118.1_prot_ARN19508.1_1202	iSSON_1240.SSON_1030	31.3	230	140	6	5	228	18	235	5.16e-27	103
lcl|CP015118.1_prot_ARN19508.1_1202	iML1515.b1011	31.3	230	140	6	5	228	4	221	1.05e-26	102
lcl|CP015118.1_prot_ARN19508.1_1202	iSF_1195.SF1014	30.4	230	142	6	5	228	18	235	2.09e-25	99.4
lcl|CP015118.1_prot_ARN19509.1_1203	iYL1228.KPN_04154	34.3	505	300	10	22	515	10	493	4.84e-70	232
lcl|CP015118.1_prot_ARN19509.1_1203	STM_v1_0.STM3882	33.9	502	306	9	22	515	10	493	2.60e-69	230
lcl|CP015118.1_prot_ARN19509.1_1203	iPC815.YPO0958	32.0	488	312	8	16	498	5	477	3.47e-69	229
lcl|CP015118.1_prot_ARN19509.1_1203	iML1515.b3749	33.9	505	302	10	22	515	10	493	1.40e-68	228
lcl|CP015118.1_prot_ARN19509.1_1203	STM_v1_0.STM2189	30.8	506	328	8	11	509	8	498	3.38e-66	222
lcl|CP015118.1_prot_ARN19509.1_1203	iML1515.b2149	31.3	505	325	8	12	509	9	498	6.60e-66	221
lcl|CP015118.1_prot_ARN19509.1_1203	iSF_1195.SF2234	31.3	505	325	8	12	509	9	498	6.60e-66	221
lcl|CP015118.1_prot_ARN19509.1_1203	iSSON_1240.SSON_2205	31.3	505	325	8	12	509	9	498	6.60e-66	221
lcl|CP015118.1_prot_ARN19509.1_1203	iYO844.BSU35940	30.5	502	325	7	15	509	1	485	1.33e-65	220
lcl|CP015118.1_prot_ARN19509.1_1203	iYL1228.KPN_04623	33.5	504	313	10	17	511	10	500	1.63e-64	217
lcl|CP015118.1_prot_ARN19509.1_1203	iYL1228.KPN_02587	30.5	495	322	8	22	509	4	483	9.89e-64	215
lcl|CP015118.1_prot_ARN19509.1_1203	iLJ478.TM0956	31.2	490	321	8	17	498	13	494	2.03e-63	215
lcl|CP015118.1_prot_ARN19509.1_1203	iPC815.YPO1508	30.4	504	321	11	17	509	14	498	1.03e-62	213
lcl|CP015118.1_prot_ARN19509.1_1203	iNF517.LLMG_RS04060	30.2	486	318	8	15	495	1	470	1.05e-62	212
lcl|CP015118.1_prot_ARN19509.1_1203	iLJ478.TM0115	31.0	493	308	10	22	500	20	494	1.96e-62	212
lcl|CP015118.1_prot_ARN19509.1_1203	iPC815.YPO2256	32.0	493	294	10	24	500	27	494	4.17e-61	209
lcl|CP015118.1_prot_ARN19510.1_1204	iSSON_1240.SSON_1030	32.0	206	122	2	1	195	15	213	4.74e-28	105
lcl|CP015118.1_prot_ARN19510.1_1204	iML1515.b1011	31.6	206	123	2	1	195	1	199	1.35e-27	104
lcl|CP015118.1_prot_ARN19510.1_1204	iSF_1195.SF1014	31.6	206	123	2	1	195	15	213	1.39e-26	102
lcl|CP015118.1_prot_ARN23755.1_1206	iCN900.CD630_32700	39.0	136	76	2	24	154	5	138	1.11e-16	73.9
lcl|CP015118.1_prot_ARN19512.1_1207	iYS854.USA300HOU_RS06130	33.6	265	166	5	9	269	9	267	2.71e-37	144
lcl|CP015118.1_prot_ARN23756.1_1212	iYL1228.KPN_01770	55.5	454	200	1	6	459	10	461	1.45e-158	456
lcl|CP015118.1_prot_ARN19518.1_1214	iLJ478.TM1376	37.9	211	124	2	23	228	3	211	9.31e-47	159
lcl|CP015118.1_prot_ARN19518.1_1214	iCN718.ABAYE_RS05140	38.2	212	120	3	26	228	3	212	1.30e-46	159
lcl|CP015118.1_prot_ARN19518.1_1214	iJN1463.PP_0209	34.8	230	146	2	42	269	31	258	5.02e-46	155
lcl|CP015118.1_prot_ARN19518.1_1214	iCN900.CD630_23610	32.7	226	144	3	26	245	3	226	1.15e-45	153
lcl|CP015118.1_prot_ARN19518.1_1214	iJN1463.PP_1722	37.0	208	124	2	26	228	4	209	2.42e-44	152
lcl|CP015118.1_prot_ARN19518.1_1214	iML1515.b0366	36.6	243	137	5	26	257	2	238	2.06e-44	150
lcl|CP015118.1_prot_ARN19518.1_1214	iYL1228.KPN_00312	35.5	242	139	5	26	256	2	237	2.06e-44	150
lcl|CP015118.1_prot_ARN19518.1_1214	iSSON_1240.SSON_0344	36.6	243	137	5	26	257	2	238	2.06e-44	150
lcl|CP015118.1_prot_ARN19518.1_1214	iSbBS512_1146.SbBS512_E0279	36.6	243	137	5	26	257	2	238	2.90e-44	150
lcl|CP015118.1_prot_ARN19518.1_1214	iSF_1195.SF0252	36.2	243	138	5	26	257	2	238	1.14e-43	148
lcl|CP015118.1_prot_ARN19518.1_1214	iHN637.CLJU_RS10680	36.9	206	123	2	26	226	10	213	7.65e-42	147
lcl|CP015118.1_prot_ARN19518.1_1214	iYO844.BSU08830	37.1	229	134	4	42	268	23	243	6.35e-43	146
lcl|CP015118.1_prot_ARN19518.1_1214	iSDY_1059.SDY_0504	36.2	243	138	5	26	257	2	238	6.35e-43	146
lcl|CP015118.1_prot_ARN19518.1_1214	iCN900.CD630_35300	35.1	208	128	2	26	228	4	209	1.61e-41	145
lcl|CP015118.1_prot_ARN19518.1_1214	iJN1463.PP_5168	36.8	212	123	3	26	228	3	212	1.54e-41	145
lcl|CP015118.1_prot_ARN19518.1_1214	iSynCJ816.SGL_RS17160	34.9	235	143	3	26	252	3	235	3.82e-41	144
lcl|CP015118.1_prot_ARN19518.1_1214	iAF987.Gmet_1903	37.3	212	122	3	26	228	3	212	5.80e-41	144
lcl|CP015118.1_prot_ARN19519.1_1215	iCN718.ABAYE_RS19055	29.4	245	172	1	27	271	18	261	4.94e-32	118
lcl|CP015118.1_prot_ARN19520.1_1216	iSynCJ816.SGL_RS05575	31.5	165	105	4	34	196	49	207	1.57e-08	55.1
lcl|CP015118.1_prot_ARN19521.1_1217	iCN718.ABAYE_RS12205	46.3	596	301	8	7	600	7	585	8.73e-149	442
lcl|CP015118.1_prot_ARN19523.1_1219	iSF_1195.SF1012	24.1	216	122	6	63	238	22	235	1.64e-06	48.5
lcl|CP015118.1_prot_ARN19525.1_1221	iYL1228.KPN_03791	32.3	93	60	2	206	298	7	96	3.53e-07	47.8
lcl|CP015118.1_prot_ARN19525.1_1221	iNF517.LLMG_RS09290	19.4	191	146	2	2	187	3	190	4.18e-06	46.6
lcl|CP015118.1_prot_ARN19527.1_1223	iCHOv1.100773401	45.2	188	90	6	11	189	10	193	1.50e-32	121
lcl|CP015118.1_prot_ARN19527.1_1223	iMM1415.235033	42.3	189	94	5	11	189	10	193	1.23e-31	119
lcl|CP015118.1_prot_ARN19527.1_1223	STM_v1_0.STM1511	40.9	203	115	3	11	211	5	204	2.10e-31	116
lcl|CP015118.1_prot_ARN19527.1_1223	iAF987.Gmet_1601	41.4	186	106	1	6	188	5	190	5.52e-31	115
lcl|CP015118.1_prot_ARN19527.1_1223	iYL1228.KPN_01590	38.3	214	123	4	11	222	5	211	2.27e-30	114
lcl|CP015118.1_prot_ARN19527.1_1223	iSDY_1059.SDY_1586	39.7	189	109	3	11	197	5	190	1.19e-29	112
lcl|CP015118.1_prot_ARN19527.1_1223	iSF_1195.SF1556	39.7	189	109	3	11	197	5	190	1.67e-29	111
lcl|CP015118.1_prot_ARN19527.1_1223	iML1515.b1539	39.7	189	109	3	11	197	5	190	2.34e-29	111
lcl|CP015118.1_prot_ARN19527.1_1223	iSSON_1240.SSON_1589	39.7	189	109	3	11	197	5	190	2.34e-29	111
lcl|CP015118.1_prot_ARN19527.1_1223	iSbBS512_1146.SbBS512_E1701	39.7	189	109	3	11	197	5	190	8.95e-29	109
lcl|CP015118.1_prot_ARN19530.1_1226	iNF517.LLMG_RS08455	37.9	309	182	7	9	310	5	310	5.08e-54	178
lcl|CP015118.1_prot_ARN19532.1_1228	iJN1463.PP_1331	39.3	568	331	8	32	592	10	570	7.01e-129	390
lcl|CP015118.1_prot_ARN19532.1_1228	STM_v1_0.STM0122	37.4	553	331	5	33	578	22	566	8.84e-122	372
lcl|CP015118.1_prot_ARN19532.1_1228	iYL1228.KPN_00088	37.6	553	330	6	33	578	22	566	3.50e-121	370
lcl|CP015118.1_prot_ARN19532.1_1228	iSF_1195.SF0081	36.9	553	334	5	33	578	22	566	3.87e-120	367
lcl|CP015118.1_prot_ARN19532.1_1228	iML1515.b0084	36.7	553	335	5	33	578	22	566	3.04e-119	365
lcl|CP015118.1_prot_ARN19532.1_1228	iSbBS512_1146.SbBS512_E0077	36.7	553	335	5	33	578	22	566	3.04e-119	365
lcl|CP015118.1_prot_ARN19532.1_1228	iSDY_1059.SDY_0114	36.7	553	335	5	33	578	22	566	3.04e-119	365
lcl|CP015118.1_prot_ARN19532.1_1228	iSSON_1240.SSON_0092	36.7	553	335	5	33	578	22	566	8.52e-119	364
lcl|CP015118.1_prot_ARN19533.1_1229	iJN1463.PP_1332	43.6	486	257	4	18	497	15	489	2.41e-113	343
lcl|CP015118.1_prot_ARN19534.1_1230	iJN1463.PP_1333	41.8	459	242	10	3	452	5	447	8.59e-90	280
lcl|CP015118.1_prot_ARN19534.1_1230	iYL1228.KPN_00090	42.1	454	246	8	4	452	5	446	2.81e-83	263
lcl|CP015118.1_prot_ARN19534.1_1230	iSDY_1059.SDY_0116	40.9	455	252	8	3	452	4	446	1.45e-79	254
lcl|CP015118.1_prot_ARN19534.1_1230	iSbBS512_1146.SbBS512_E0079	40.9	455	252	8	3	452	4	446	2.04e-79	253
lcl|CP015118.1_prot_ARN19534.1_1230	iSSON_1240.SSON_0094	40.9	455	252	8	3	452	4	446	2.04e-79	253
lcl|CP015118.1_prot_ARN19534.1_1230	iML1515.b0086	40.9	455	252	8	3	452	4	446	4.04e-79	253
lcl|CP015118.1_prot_ARN19535.1_1231	iJN1463.PP_1334	60.1	393	124	6	1	393	1	360	1.48e-159	452
lcl|CP015118.1_prot_ARN19536.1_1232	iJN1463.PP_1335	34.3	577	232	9	10	586	13	442	9.13e-83	266
lcl|CP015118.1_prot_ARN19536.1_1232	iCN718.ABAYE_RS17535	32.1	588	245	11	10	593	10	447	1.15e-72	239
lcl|CP015118.1_prot_ARN19537.1_1233	iML1515.b0089	43.1	367	200	6	45	410	44	402	3.76e-94	288
lcl|CP015118.1_prot_ARN19538.1_1234	iYL1228.KPN_00094	44.2	351	188	4	4	353	6	349	2.14e-79	246
lcl|CP015118.1_prot_ARN19538.1_1234	iCN718.ABAYE_RS01275	42.1	359	199	5	4	356	10	365	3.95e-79	246
lcl|CP015118.1_prot_ARN19538.1_1234	STM_v1_0.STM0128	44.1	354	190	4	4	356	6	352	2.94e-79	246
lcl|CP015118.1_prot_ARN19538.1_1234	iJN1463.PP_1337	43.2	354	187	4	4	351	6	351	4.67e-79	246
lcl|CP015118.1_prot_ARN19538.1_1234	iML1515.b0090	43.5	354	192	4	4	356	6	352	1.65e-78	244
lcl|CP015118.1_prot_ARN19538.1_1234	iSDY_1059.SDY_0120	43.6	353	191	4	4	355	6	351	1.65e-78	244
lcl|CP015118.1_prot_ARN19538.1_1234	iSSON_1240.SSON_0098	43.6	353	191	4	4	355	6	351	2.33e-78	244
lcl|CP015118.1_prot_ARN19538.1_1234	iPC815.YPO0555	43.2	352	192	4	3	353	5	349	2.40e-78	244
lcl|CP015118.1_prot_ARN19538.1_1234	iSbBS512_1146.SbBS512_E0083	43.6	353	191	4	4	355	6	351	3.30e-78	243
lcl|CP015118.1_prot_ARN19538.1_1234	iSF_1195.SF0087	43.6	353	191	4	4	355	6	351	4.66e-78	243
lcl|CP015118.1_prot_ARN19539.1_1235	iJN1463.PP_1338	56.9	459	193	3	5	463	16	469	4.31e-179	509
lcl|CP015118.1_prot_ARN19539.1_1235	iCN718.ABAYE_RS01280	55.5	454	196	4	5	457	22	470	1.52e-169	485
lcl|CP015118.1_prot_ARN19539.1_1235	STM_v1_0.STM0129	53.9	464	206	3	5	464	19	478	8.32e-169	484
lcl|CP015118.1_prot_ARN19539.1_1235	iSDY_1059.SDY_0121	52.8	464	211	3	5	464	19	478	5.08e-165	474
lcl|CP015118.1_prot_ARN19539.1_1235	iSSON_1240.SSON_0099	53.0	464	210	3	5	464	19	478	2.90e-164	472
lcl|CP015118.1_prot_ARN19539.1_1235	iSbBS512_1146.SbBS512_E0084	53.0	464	210	3	5	464	19	478	4.11e-164	472
lcl|CP015118.1_prot_ARN19539.1_1235	iSF_1195.SF0088	53.0	464	210	3	5	464	19	478	4.11e-164	472
lcl|CP015118.1_prot_ARN19539.1_1235	iPC815.YPO0556	52.5	463	212	3	5	463	19	477	4.11e-164	472
lcl|CP015118.1_prot_ARN19539.1_1235	iML1515.b0091	52.8	464	211	3	5	464	19	478	5.83e-164	471
lcl|CP015118.1_prot_ARN19539.1_1235	iYL1228.KPN_00095	52.6	464	212	3	5	464	19	478	2.35e-163	470
lcl|CP015118.1_prot_ARN19540.1_1236	STM_v1_0.STM0130	50.3	308	137	4	12	312	4	302	1.26e-99	295
lcl|CP015118.1_prot_ARN19540.1_1236	iSDY_1059.SDY_0122	49.7	308	139	4	12	312	4	302	2.90e-98	291
lcl|CP015118.1_prot_ARN19540.1_1236	iML1515.b0092	49.7	308	139	4	12	312	4	302	5.83e-98	291
lcl|CP015118.1_prot_ARN19540.1_1236	iSbBS512_1146.SbBS512_E0085	49.7	308	139	4	12	312	4	302	5.83e-98	291
lcl|CP015118.1_prot_ARN19540.1_1236	iSSON_1240.SSON_0100	49.7	308	139	4	12	312	4	302	5.83e-98	291
lcl|CP015118.1_prot_ARN19540.1_1236	iYL1228.KPN_00096	50.3	304	143	3	12	312	4	302	1.66e-97	290
lcl|CP015118.1_prot_ARN19540.1_1236	iSF_1195.SF0089	49.4	308	140	4	12	312	4	302	2.35e-97	289
lcl|CP015118.1_prot_ARN19540.1_1236	iPC815.YPO0557	49.7	304	145	3	12	312	4	302	1.24e-94	282
lcl|CP015118.1_prot_ARN19540.1_1236	iJN1463.PP_1339	48.2	313	153	4	1	313	8	311	2.72e-91	274
lcl|CP015118.1_prot_ARN23757.1_1240	iPC815.YPO0561	54.7	309	131	3	1	309	1	300	4.62e-117	339
lcl|CP015118.1_prot_ARN23757.1_1240	STM_v1_0.STM0134	53.1	309	136	3	1	309	1	300	2.96e-115	334
lcl|CP015118.1_prot_ARN23757.1_1240	iYL1228.KPN_00100	53.8	301	132	2	1	301	1	294	8.43e-115	333
lcl|CP015118.1_prot_ARN23757.1_1240	iML1515.b0096	52.8	309	137	3	1	309	1	300	1.20e-114	333
lcl|CP015118.1_prot_ARN23757.1_1240	iSDY_1059.SDY_0126	52.8	309	137	3	1	309	1	300	1.20e-114	333
lcl|CP015118.1_prot_ARN23757.1_1240	iSF_1195.SF0093	52.8	309	137	3	1	309	1	300	1.20e-114	333
lcl|CP015118.1_prot_ARN23757.1_1240	iSSON_1240.SSON_0104	52.8	309	137	3	1	309	1	300	1.20e-114	333
lcl|CP015118.1_prot_ARN23757.1_1240	iSbBS512_1146.SbBS512_E0090	52.4	309	138	3	1	309	1	300	9.72e-114	330
lcl|CP015118.1_prot_ARN23757.1_1240	iJN1463.PP_1343	54.5	301	129	2	1	301	1	293	2.11e-112	327
lcl|CP015118.1_prot_ARN19546.1_1244	iML1515.b2049	53.8	480	203	6	9	479	8	477	1.17e-168	483
lcl|CP015118.1_prot_ARN19546.1_1244	iSbBS512_1146.SbBS512_E1183	53.7	479	205	5	9	479	8	477	1.66e-168	483
lcl|CP015118.1_prot_ARN19546.1_1244	iSF_1195.SF2112	53.7	479	205	5	9	479	8	477	3.33e-168	482
lcl|CP015118.1_prot_ARN19546.1_1244	iSSON_1240.SSON_2102	53.4	479	206	5	9	479	8	477	6.70e-168	481
lcl|CP015118.1_prot_ARN19546.1_1244	iJN1463.PP_1277	51.9	478	217	3	7	480	2	470	2.78e-166	478
lcl|CP015118.1_prot_ARN19546.1_1244	iPC815.YPO3099	49.5	473	228	3	5	475	2	465	5.30e-155	448
lcl|CP015118.1_prot_ARN19547.1_1245	iSynCJ816.SGL_RS11220	48.3	346	179	0	3	348	2	347	3.00e-127	370
lcl|CP015118.1_prot_ARN19551.1_1249	iCN718.ABAYE_RS13035	62.5	328	122	1	17	344	6	332	3.38e-147	418
lcl|CP015118.1_prot_ARN19555.1_1253	iYO844.BSU35940	34.8	492	308	4	2	487	1	485	1.57e-93	293
lcl|CP015118.1_prot_ARN19555.1_1253	iHN637.CLJU_RS00620	33.4	503	310	6	4	493	6	496	9.70e-86	273
lcl|CP015118.1_prot_ARN19555.1_1253	iML1515.b2149	34.2	497	302	8	4	487	14	498	2.31e-85	272
lcl|CP015118.1_prot_ARN19555.1_1253	iSF_1195.SF2234	34.2	497	302	8	4	487	14	498	2.31e-85	272
lcl|CP015118.1_prot_ARN19555.1_1253	iSSON_1240.SSON_2205	34.2	497	302	8	4	487	14	498	2.31e-85	272
lcl|CP015118.1_prot_ARN19555.1_1253	iPC815.YPO1508	33.8	494	308	7	4	487	14	498	3.25e-85	271
lcl|CP015118.1_prot_ARN19555.1_1253	STM_v1_0.STM2189	34.2	497	302	8	4	487	14	498	6.98e-84	268
lcl|CP015118.1_prot_ARN19555.1_1253	iLJ478.TM0956	32.5	493	324	3	4	487	13	505	3.02e-83	267
lcl|CP015118.1_prot_ARN19555.1_1253	iYL1228.KPN_04154	34.2	491	302	6	4	484	5	484	9.31e-83	265
lcl|CP015118.1_prot_ARN19555.1_1253	iNF517.LLMG_RS04060	33.0	503	313	7	2	493	1	490	1.45e-82	264
lcl|CP015118.1_prot_ARN19555.1_1253	iLJ478.TM0115	32.3	504	320	7	4	493	15	511	3.02e-82	264
lcl|CP015118.1_prot_ARN19556.1_1254	iJN1463.PP_4281	45.9	431	229	2	8	435	5	434	4.74e-115	343
lcl|CP015118.1_prot_ARN19556.1_1254	iCN718.ABAYE_RS19255	44.2	428	236	2	11	435	10	437	1.94e-110	332
lcl|CP015118.1_prot_ARN19556.1_1254	iML1515.b2883	42.5	424	241	1	9	429	9	432	1.31e-107	325
lcl|CP015118.1_prot_ARN19556.1_1254	iYL1228.KPN_01791	43.7	423	235	1	10	429	7	429	6.05e-105	318
lcl|CP015118.1_prot_ARN19557.1_1255	iCN718.ABAYE_RS06010	51.0	504	220	8	1	491	1	490	9.12e-158	457
lcl|CP015118.1_prot_ARN19558.1_1256	iCN718.ABAYE_RS06015	54.0	784	347	9	1	778	1	776	1.01e-276	782
lcl|CP015118.1_prot_ARN19558.1_1256	iJN1463.PP_4279	53.3	768	343	7	12	774	18	774	5.89e-265	753
lcl|CP015118.1_prot_ARN19562.1_1260	iAF987.Gmet_0304	37.3	954	519	15	7	926	23	931	3.85e-179	542
lcl|CP015118.1_prot_ARN19563.1_1261	iCN718.ABAYE_RS17455	52.4	307	138	4	7	311	3	303	1.71e-89	269
lcl|CP015118.1_prot_ARN19563.1_1261	iYL1228.KPN_04304	52.1	305	140	3	8	311	6	305	3.13e-89	268
lcl|CP015118.1_prot_ARN19563.1_1261	iJN1463.PP_0186	51.8	307	142	3	4	309	2	303	2.52e-88	266
lcl|CP015118.1_prot_ARN19563.1_1261	iPC815.YPO3849	52.1	303	139	3	10	311	8	305	3.57e-88	266
lcl|CP015118.1_prot_ARN19563.1_1261	iSF_1195.SF3877	51.2	299	140	3	8	305	6	299	3.28e-86	261
lcl|CP015118.1_prot_ARN19563.1_1261	iML1515.b3805	50.8	299	141	3	8	305	6	299	9.30e-86	259
lcl|CP015118.1_prot_ARN19563.1_1261	iSbBS512_1146.SbBS512_E4264	50.8	299	141	3	8	305	13	306	1.64e-85	259
lcl|CP015118.1_prot_ARN19563.1_1261	iSSON_1240.SSON_3977	50.8	299	141	3	8	305	13	306	1.64e-85	259
lcl|CP015118.1_prot_ARN19563.1_1261	iSDY_1059.SDY_3941	50.5	299	142	3	8	305	13	306	6.58e-85	258
lcl|CP015118.1_prot_ARN19563.1_1261	STM_v1_0.STM3938	54.6	262	118	1	8	268	11	272	2.48e-84	256
lcl|CP015118.1_prot_ARN19564.1_1262	iJN1463.PP_0187	33.3	252	137	12	2	240	5	238	1.72e-10	59.3
lcl|CP015118.1_prot_ARN19565.1_1263	iYL1228.KPN_04302	26.2	202	128	3	162	359	161	345	1.77e-11	64.7
lcl|CP015118.1_prot_ARN19565.1_1263	iSbBS512_1146.SbBS512_E4262	26.8	205	127	4	162	362	160	345	1.92e-11	64.7
lcl|CP015118.1_prot_ARN19565.1_1263	iSF_1195.SF3875	26.8	205	127	4	162	362	160	345	1.83e-11	64.7
lcl|CP015118.1_prot_ARN19565.1_1263	iSSON_1240.SSON_3975	26.8	205	127	4	162	362	160	345	1.83e-11	64.7
lcl|CP015118.1_prot_ARN19565.1_1263	iSDY_1059.SDY_3943	26.9	201	132	3	162	362	160	345	2.36e-11	64.3
lcl|CP015118.1_prot_ARN19565.1_1263	STM_v1_0.STM3936	26.6	207	139	2	162	368	160	353	4.14e-11	63.5
lcl|CP015118.1_prot_ARN19565.1_1263	iPC815.YPO3851	26.8	183	113	3	161	339	158	323	1.67e-10	61.6
lcl|CP015118.1_prot_ARN19571.1_1269	iAF987.Gmet_1823	22.9	354	238	11	20	350	19	360	2.76e-17	82.0
lcl|CP015118.1_prot_ARN19575.1_1273	STM_v1_0.STM3694	79.6	378	77	0	1	378	1	378	1.71e-222	612
lcl|CP015118.1_prot_ARN19575.1_1273	iML1515.b3605	79.6	377	77	0	1	377	1	377	5.68e-221	608
lcl|CP015118.1_prot_ARN19575.1_1273	iSbBS512_1146.SbBS512_E4031	79.6	377	77	0	1	377	1	377	5.68e-221	608
lcl|CP015118.1_prot_ARN19575.1_1273	iSF_1195.SF3644	79.6	377	77	0	1	377	1	377	5.68e-221	608
lcl|CP015118.1_prot_ARN19575.1_1273	iSSON_1240.SSON_3800	79.6	377	77	0	1	377	1	377	5.68e-221	608
lcl|CP015118.1_prot_ARN19575.1_1273	iSDY_1059.SDY_4038	79.3	377	78	0	1	377	1	377	1.63e-220	607
lcl|CP015118.1_prot_ARN19575.1_1273	iCN718.ABAYE_RS18840	77.2	377	86	0	1	377	1	377	1.30e-216	597
lcl|CP015118.1_prot_ARN19575.1_1273	iYL1228.KPN_03949	77.7	377	84	0	1	377	1	377	1.12e-215	595
lcl|CP015118.1_prot_ARN19575.1_1273	iJN1463.PP_4736	78.3	378	82	0	1	378	1	378	6.98e-216	595
lcl|CP015118.1_prot_ARN19575.1_1273	iPC815.YPO1569	74.5	380	96	1	1	379	1	380	5.75e-208	575
lcl|CP015118.1_prot_ARN19582.1_1280	iJN1463.PP_2048	32.0	565	342	10	37	588	34	569	2.25e-67	229
lcl|CP015118.1_prot_ARN19582.1_1280	iJN1463.PP_0368	32.3	557	335	14	39	585	50	574	5.36e-65	223
lcl|CP015118.1_prot_ARN19582.1_1280	iAF987.Gmet_2211	30.4	552	353	10	5	550	11	537	6.89e-63	218
lcl|CP015118.1_prot_ARN19582.1_1280	iAF987.Gmet_2270	30.6	553	348	13	7	550	13	538	3.46e-61	213
lcl|CP015118.1_prot_ARN19583.1_1281	iJN1463.PP_3755	39.1	64	39	0	6	69	25	88	3.15e-04	37.0
lcl|CP015118.1_prot_ARN19584.1_1282	iCN718.ABAYE_RS18250	48.7	558	264	5	6	547	5	556	1.39e-174	504
lcl|CP015118.1_prot_ARN19584.1_1282	iML1515.b1805	46.9	557	274	6	6	549	5	552	1.30e-159	466
lcl|CP015118.1_prot_ARN19584.1_1282	iSbBS512_1146.SbBS512_E2065	46.9	557	274	6	6	549	5	552	1.30e-159	466
lcl|CP015118.1_prot_ARN19584.1_1282	iSDY_1059.SDY_1709	46.9	557	274	6	6	549	5	552	1.30e-159	466
lcl|CP015118.1_prot_ARN19584.1_1282	iSF_1195.SF1423	46.9	557	274	6	6	549	27	574	2.65e-159	466
lcl|CP015118.1_prot_ARN19584.1_1282	iSSON_1240.SSON_1356	46.5	557	276	6	6	549	5	552	2.96e-158	463
lcl|CP015118.1_prot_ARN19584.1_1282	STM_v1_0.STM1818	46.5	557	276	6	6	549	5	552	6.73e-157	459
lcl|CP015118.1_prot_ARN19584.1_1282	iYL1228.KPN_02322	46.2	561	272	6	6	549	16	563	5.44e-156	457
lcl|CP015118.1_prot_ARN19584.1_1282	iJN1463.PP_4550	46.0	559	282	6	6	548	6	560	2.23e-155	456
lcl|CP015118.1_prot_ARN19585.1_1284	STM_v1_0.STM2977	23.6	275	190	8	8	269	7	274	1.69e-08	56.2
lcl|CP015118.1_prot_ARN19585.1_1284	iYL1228.KPN_03154	23.5	285	178	11	8	269	7	274	3.92e-08	55.1
lcl|CP015118.1_prot_ARN19585.1_1284	iHN637.CLJU_RS05675	21.8	257	161	9	10	240	7	249	9.01e-07	50.8
lcl|CP015118.1_prot_ARN19586.1_1285	iLJ478.TM1071	38.3	386	230	2	36	418	2	382	1.86e-92	283
lcl|CP015118.1_prot_ARN19587.1_1286	iYL1228.KPN_03040	29.7	259	180	1	435	693	1	257	2.11e-24	102
lcl|CP015118.1_prot_ARN19587.1_1286	iSbBS512_1146.SbBS512_E3172	29.7	259	180	1	435	693	1	257	3.88e-24	102
lcl|CP015118.1_prot_ARN19587.1_1286	iCN718.ABAYE_RS09790	32.3	260	171	4	432	691	3	257	5.48e-24	101
lcl|CP015118.1_prot_ARN19587.1_1286	iML1515.b2705	29.7	259	180	1	435	693	1	257	7.13e-24	101
lcl|CP015118.1_prot_ARN19587.1_1286	iSDY_1059.SDY_2902	29.7	259	180	1	435	693	1	257	7.13e-24	101
lcl|CP015118.1_prot_ARN19587.1_1286	iSF_1195.SF2728	30.1	259	179	2	435	693	1	257	9.67e-24	100
lcl|CP015118.1_prot_ARN19587.1_1286	iCN900.CD630_26790	32.2	255	168	4	437	691	5	254	4.94e-22	95.9
lcl|CP015118.1_prot_ARN19587.1_1286	iEK1008.Rv1928c	30.5	259	159	4	436	691	11	251	6.30e-22	95.5
lcl|CP015118.1_prot_ARN19587.1_1286	STM_v1_0.STM2835	28.6	259	183	1	435	693	1	257	1.70e-21	94.4
lcl|CP015118.1_prot_ARN19587.1_1286	iYO844.BSU32000	30.0	260	175	6	432	691	4	256	3.24e-21	93.6
lcl|CP015118.1_prot_ARN19587.1_1286	iAF987.Gmet_1601	33.5	257	152	6	436	691	5	243	2.40e-21	93.6
lcl|CP015118.1_prot_ARN19592.1_1291	iJN1463.PP_1006	30.9	136	82	3	63	188	132	265	5.15e-08	56.2
lcl|CP015118.1_prot_ARN19592.1_1291	iYL1228.KPN_02593	31.9	135	70	5	64	184	12	138	5.38e-07	52.8
lcl|CP015118.1_prot_ARN19592.1_1291	STM_v1_0.STM2199	28.8	146	82	4	64	195	31	168	5.47e-07	52.8
lcl|CP015118.1_prot_ARN19592.1_1291	iML1515.b2155	28.8	146	82	4	64	195	31	168	1.64e-06	51.2
lcl|CP015118.1_prot_ARN19592.1_1291	iSSON_1240.SSON_2211	28.8	146	82	4	64	195	31	168	1.64e-06	51.2
lcl|CP015118.1_prot_ARN19597.1_1296	iML1515.b2430	25.1	359	217	10	28	362	66	396	3.11e-18	85.5
lcl|CP015118.1_prot_ARN19598.1_1297	iLJ478.TM1724	37.8	241	148	2	7	246	4	243	1.02e-42	145
lcl|CP015118.1_prot_ARN19599.1_1298	iYL1228.KPN_04788	42.4	177	102	0	71	247	44	220	6.85e-41	141
lcl|CP015118.1_prot_ARN19599.1_1298	STM_v1_0.STM1101	37.2	231	128	2	34	247	169	399	1.11e-38	140
lcl|CP015118.1_prot_ARN19599.1_1298	iCHOv1.100766004	37.8	180	108	2	72	248	16	194	7.37e-38	132
lcl|CP015118.1_prot_ARN19599.1_1298	iSbBS512_1146.SbBS512_E4890	40.7	177	105	0	71	247	223	399	8.25e-35	129
lcl|CP015118.1_prot_ARN19599.1_1298	iSF_1195.SF4384	40.7	177	105	0	71	247	223	399	8.25e-35	129
lcl|CP015118.1_prot_ARN19599.1_1298	iSSON_1240.SSON_4499	40.7	177	105	0	71	247	223	399	8.25e-35	129
lcl|CP015118.1_prot_ARN19600.1_1299	iCN718.ABAYE_RS08940	74.9	581	136	2	5	582	4	577	0.0	905
lcl|CP015118.1_prot_ARN19601.1_1300	iNF517.LLMG_RS01005	28.4	483	253	20	4	413	8	470	1.51e-37	142
lcl|CP015118.1_prot_ARN19604.1_1303	iJN1463.PP_3073	30.3	254	166	3	10	254	2	253	8.01e-30	112
lcl|CP015118.1_prot_ARN19604.1_1303	iYS854.USA300HOU_RS06185	31.6	244	158	5	14	253	3	241	1.27e-28	108
lcl|CP015118.1_prot_ARN19604.1_1303	iCN900.CD630_25770	32.2	245	157	6	14	254	4	243	3.57e-28	107
lcl|CP015118.1_prot_ARN19604.1_1303	iAF987.Gmet_1531	30.6	245	163	3	11	253	4	243	3.90e-28	107
lcl|CP015118.1_prot_ARN19604.1_1303	iAT_PLT_636.51181	34.3	245	150	5	11	254	5	239	2.52e-27	105
lcl|CP015118.1_prot_ARN19604.1_1303	iNF517.LLMG_RS08950	33.3	243	151	4	14	253	6	240	2.57e-27	105
lcl|CP015118.1_prot_ARN19604.1_1303	iLJ478.TM1724	32.0	247	158	5	11	253	3	243	5.37e-27	104
lcl|CP015118.1_prot_ARN19604.1_1303	iCN900.CD630_26790	29.2	250	167	2	16	255	7	256	1.35e-26	103
lcl|CP015118.1_prot_ARN19604.1_1303	iCHOv1.100769825	33.1	245	155	3	11	254	5	241	2.75e-26	102
lcl|CP015118.1_prot_ARN19604.1_1303	iCN718.ABAYE_RS09790	29.8	255	169	1	11	255	5	259	1.48e-25	100
lcl|CP015118.1_prot_ARN19606.1_1305	iYL1228.KPN_03425	29.3	123	86	1	18	140	15	136	4.79e-11	56.6
lcl|CP015118.1_prot_ARN19606.1_1305	STM_v1_0.STM3158	30.1	123	85	1	18	140	15	136	6.71e-11	56.2
lcl|CP015118.1_prot_ARN19606.1_1305	iML1515.b3005	30.1	123	85	1	18	140	15	136	9.39e-11	55.8
lcl|CP015118.1_prot_ARN19606.1_1305	iSbBS512_1146.SbBS512_E3433	30.1	123	85	1	18	140	15	136	9.39e-11	55.8
lcl|CP015118.1_prot_ARN19606.1_1305	iSF_1195.SF3050	30.1	123	85	1	18	140	15	136	9.39e-11	55.8
lcl|CP015118.1_prot_ARN19606.1_1305	iSSON_1240.SSON_3148	30.1	123	85	1	18	140	15	136	9.39e-11	55.8
lcl|CP015118.1_prot_ARN19606.1_1305	iSDY_1059.SDY_3068	30.1	123	85	1	18	140	15	136	1.84e-10	55.1
lcl|CP015118.1_prot_ARN19606.1_1305	iPC815.YPO0683	28.3	138	92	3	7	140	2	136	2.67e-10	54.7
lcl|CP015118.1_prot_ARN19607.1_1306	iPC815.YPO0683	33.3	144	89	5	1	142	3	141	9.91e-15	66.2
lcl|CP015118.1_prot_ARN19607.1_1306	iSDY_1059.SDY_3068	31.1	119	81	1	19	137	18	135	2.03e-13	62.8
lcl|CP015118.1_prot_ARN19607.1_1306	iML1515.b3005	30.3	119	82	1	19	137	18	135	3.06e-12	59.7
lcl|CP015118.1_prot_ARN19607.1_1306	iSbBS512_1146.SbBS512_E3433	30.3	119	82	1	19	137	18	135	3.06e-12	59.7
lcl|CP015118.1_prot_ARN19607.1_1306	iSF_1195.SF3050	30.3	119	82	1	19	137	18	135	3.06e-12	59.7
lcl|CP015118.1_prot_ARN19607.1_1306	iSSON_1240.SSON_3148	30.3	119	82	1	19	137	18	135	3.06e-12	59.7
lcl|CP015118.1_prot_ARN19608.1_1307	iJN1463.PP_5306	30.9	207	139	2	59	264	93	296	8.72e-23	95.1
lcl|CP015118.1_prot_ARN19608.1_1307	STM_v1_0.STM3159	30.9	188	125	2	66	249	15	201	3.34e-20	86.7
lcl|CP015118.1_prot_ARN19608.1_1307	iPC815.YPO0682	28.0	211	137	3	48	249	106	310	1.45e-19	86.7
lcl|CP015118.1_prot_ARN19608.1_1307	iML1515.b3006	31.7	189	122	3	66	249	15	201	6.42e-20	85.9
lcl|CP015118.1_prot_ARN19608.1_1307	iYL1228.KPN_03426	31.6	187	123	2	66	248	10	195	5.77e-20	85.9
lcl|CP015118.1_prot_ARN19608.1_1307	iSDY_1059.SDY_3067	31.7	189	122	3	66	249	15	201	6.42e-20	85.9
lcl|CP015118.1_prot_ARN19608.1_1307	iSSON_1240.SSON_3149	31.7	189	122	3	66	249	15	201	6.42e-20	85.9
lcl|CP015118.1_prot_ARN19609.1_1308	iAF987.Gmet_2999	30.4	112	76	2	3	112	10	121	4.30e-08	52.4
lcl|CP015118.1_prot_ARN19609.1_1308	iAF987.Gmet_1914	29.2	106	75	0	2	107	3	108	8.79e-08	51.6
lcl|CP015118.1_prot_ARN19609.1_1308	iAF987.Gmet_0069	33.8	77	49	1	39	113	43	119	3.14e-07	49.7
lcl|CP015118.1_prot_ARN19609.1_1308	iAF987.Gmet_1706	26.0	131	96	1	1	130	1	131	1.42e-06	47.8
lcl|CP015118.1_prot_ARN19612.1_1311	iSDY_1059.SDY_1050	36.0	211	116	6	180	373	348	556	1.88e-24	104
lcl|CP015118.1_prot_ARN19612.1_1311	iSbBS512_1146.SbBS512_E1077	35.5	211	117	6	180	373	348	556	1.13e-23	102
lcl|CP015118.1_prot_ARN19612.1_1311	iAF987.Gmet_0069	38.8	160	91	3	210	363	136	294	6.37e-24	100
lcl|CP015118.1_prot_ARN19612.1_1311	iAF987.Gmet_1298	34.4	192	117	3	178	363	149	337	3.92e-23	99.0
lcl|CP015118.1_prot_ARN19612.1_1311	iJN1463.PP_4405	41.2	153	84	3	216	365	176	325	7.56e-23	97.8
lcl|CP015118.1_prot_ARN19612.1_1311	iML1515.b1341	35.8	173	93	5	203	363	234	400	2.11e-21	94.7
lcl|CP015118.1_prot_ARN19618.1_1317	iPC815.YPO2193	32.5	83	52	3	18	100	168	246	3.06e-07	46.2
lcl|CP015118.1_prot_ARN19622.1_1321	iEK1008.Rv3569c	36.2	257	153	4	24	272	34	287	2.65e-48	161
lcl|CP015118.1_prot_ARN19624.1_1323	iYL1228.KPN_02121	25.5	310	169	8	12	272	10	306	1.45e-16	77.8
lcl|CP015118.1_prot_ARN19624.1_1323	iML1515.b0348	23.5	298	170	6	23	272	19	306	3.27e-15	73.9
lcl|CP015118.1_prot_ARN19624.1_1323	iSSON_1240.SSON_0295	23.5	298	170	6	23	272	19	306	3.27e-15	73.9
lcl|CP015118.1_prot_ARN19625.1_1324	iML1515.b2540	33.0	100	66	1	4	103	3	101	1.97e-17	71.2
lcl|CP015118.1_prot_ARN19625.1_1324	iSSON_1240.SSON_2622	33.0	100	66	1	4	103	3	101	1.97e-17	71.2
lcl|CP015118.1_prot_ARN23759.1_1325	iML1515.b2538	42.3	437	234	7	14	436	8	440	1.38e-114	343
lcl|CP015118.1_prot_ARN23759.1_1325	iSSON_1240.SSON_2620	42.3	437	234	7	14	436	8	440	1.38e-114	343
lcl|CP015118.1_prot_ARN19626.1_1326	iML1515.b2539	32.7	165	110	1	13	176	5	169	4.31e-28	102
lcl|CP015118.1_prot_ARN19626.1_1326	iSSON_1240.SSON_2621	32.1	165	111	1	13	176	5	169	6.77e-27	99.8
lcl|CP015118.1_prot_ARN19627.1_1327	iML1515.b2541	46.4	261	138	2	4	264	4	262	8.41e-69	213
lcl|CP015118.1_prot_ARN19627.1_1327	iSF_1195.SF2588	46.4	261	138	2	4	264	4	262	8.41e-69	213
lcl|CP015118.1_prot_ARN19627.1_1327	iSSON_1240.SSON_2623	46.7	261	137	2	4	264	4	262	8.41e-69	213
lcl|CP015118.1_prot_ARN19628.1_1328	iEK1008.Rv0021c	28.5	302	185	8	24	306	16	305	1.47e-19	87.4
lcl|CP015118.1_prot_ARN19628.1_1328	iLJ478.TM0800	25.9	290	203	4	24	309	16	297	2.23e-18	84.0
lcl|CP015118.1_prot_ARN19628.1_1328	iCN900.CD630_11800	25.9	228	161	2	24	251	13	232	3.44e-17	80.5
lcl|CP015118.1_prot_ARN19629.1_1329	iML1515.b0350	47.6	250	131	0	7	256	6	255	6.33e-78	236
lcl|CP015118.1_prot_ARN19629.1_1329	iSSON_1240.SSON_0329	47.6	250	131	0	7	256	8	257	1.35e-77	235
lcl|CP015118.1_prot_ARN19629.1_1329	iYL1228.KPN_02119	47.0	251	133	0	11	261	10	260	2.69e-74	227
lcl|CP015118.1_prot_ARN19630.1_1330	iAF987.Gmet_1823	29.5	390	256	5	1	381	1	380	3.57e-44	156
lcl|CP015118.1_prot_ARN19631.1_1331	iJN1463.PP_3356	41.0	566	303	6	48	590	56	613	3.63e-133	402
lcl|CP015118.1_prot_ARN19631.1_1331	iCN718.ABAYE_RS13165	38.8	565	322	6	46	590	48	608	2.22e-124	380
lcl|CP015118.1_prot_ARN19632.1_1332	iML1515.b0351	75.2	310	75	2	1	310	1	308	4.11e-164	459
lcl|CP015118.1_prot_ARN19632.1_1332	iSSON_1240.SSON_0330	75.2	310	75	2	1	310	1	308	4.11e-164	459
lcl|CP015118.1_prot_ARN19632.1_1332	iYL1228.KPN_02118	76.3	308	72	1	3	310	2	308	1.12e-161	452
lcl|CP015118.1_prot_ARN19633.1_1333	iML1515.b0352	82.0	333	60	0	1	333	1	333	2.92e-202	557
lcl|CP015118.1_prot_ARN19633.1_1333	iSSON_1240.SSON_0331	82.0	333	60	0	1	333	1	333	2.92e-202	557
lcl|CP015118.1_prot_ARN19633.1_1333	iYL1228.KPN_02117	80.7	337	65	0	1	337	1	337	1.59e-197	545
lcl|CP015118.1_prot_ARN19634.1_1334	STM_v1_0.STM2093	36.7	324	201	4	8	331	5	324	1.18e-64	207
lcl|CP015118.1_prot_ARN19635.1_1335	iAF987.Gmet_1822	28.8	337	171	6	12	345	13	283	5.42e-29	113
lcl|CP015118.1_prot_ARN19636.1_1336	iAF987.Gmet_1820	40.7	248	145	1	369	614	1	248	1.62e-58	196
lcl|CP015118.1_prot_ARN19636.1_1336	iLJ478.TM1138	41.6	269	133	3	369	614	11	278	4.47e-58	196
lcl|CP015118.1_prot_ARN19636.1_1336	iPC815.YPO3805	44.0	252	138	2	366	614	3	254	1.39e-57	194
lcl|CP015118.1_prot_ARN19636.1_1336	iSSON_1240.SSON_3693	41.8	249	142	2	369	614	5	253	2.93e-54	185
lcl|CP015118.1_prot_ARN19636.1_1336	iML1515.b3455	41.8	249	142	2	369	614	5	253	4.08e-54	184
lcl|CP015118.1_prot_ARN19636.1_1336	iSbBS512_1146.SbBS512_E3867	41.8	249	142	2	369	614	5	253	4.08e-54	184
lcl|CP015118.1_prot_ARN19636.1_1336	iSF_1195.SF3473	41.8	249	142	2	369	614	5	253	4.08e-54	184
lcl|CP015118.1_prot_ARN19636.1_1336	iYL1228.KPN_03817	41.8	249	142	2	369	614	5	253	5.68e-54	184
lcl|CP015118.1_prot_ARN19636.1_1336	STM_v1_0.STM3561	41.4	249	143	2	369	614	5	253	1.10e-53	183
lcl|CP015118.1_prot_ARN19636.1_1336	iSDY_1059.SDY_3604	41.4	249	143	2	369	614	5	253	1.10e-53	183
lcl|CP015118.1_prot_ARN19637.1_1337	iLJ478.TM1139	51.3	240	111	3	13	251	5	239	2.59e-68	210
lcl|CP015118.1_prot_ARN19637.1_1337	iAF987.Gmet_1819	47.7	241	119	3	13	249	1	238	7.60e-67	207
lcl|CP015118.1_prot_ARN19637.1_1337	iPC815.YPO3804	47.7	237	119	2	13	249	1	232	2.80e-66	205
lcl|CP015118.1_prot_ARN19637.1_1337	STM_v1_0.STM3560	47.3	241	120	3	10	249	2	236	6.36e-66	204
lcl|CP015118.1_prot_ARN19637.1_1337	iJN1463.PP_1137	45.6	237	124	2	13	249	1	232	3.19e-65	202
lcl|CP015118.1_prot_ARN19637.1_1337	iYL1228.KPN_03816	46.1	241	123	3	10	249	2	236	2.06e-64	200
lcl|CP015118.1_prot_ARN19637.1_1337	iML1515.b3454	46.5	243	119	3	10	249	2	236	1.17e-63	198
lcl|CP015118.1_prot_ARN19637.1_1337	iSbBS512_1146.SbBS512_E3868	46.5	243	119	3	10	249	6	240	1.32e-63	198
lcl|CP015118.1_prot_ARN19637.1_1337	iSSON_1240.SSON_3692	46.5	243	119	3	10	249	6	240	1.32e-63	198
lcl|CP015118.1_prot_ARN19637.1_1337	iSF_1195.SF3472	46.5	243	119	3	10	249	2	236	2.35e-63	197
lcl|CP015118.1_prot_ARN19637.1_1337	iSDY_1059.SDY_3603	46.1	243	120	3	10	249	6	240	1.51e-62	196
lcl|CP015118.1_prot_ARN19637.1_1337	iJN1463.PP_4863	45.8	238	124	2	12	249	4	236	1.78e-60	190
lcl|CP015118.1_prot_ARN19638.1_1338	iML1515.b1686	48.9	137	69	1	2	138	1	136	5.68e-41	133
lcl|CP015118.1_prot_ARN19638.1_1338	iML1515.b0597	46.0	137	73	1	2	138	1	136	7.26e-37	122
lcl|CP015118.1_prot_ARN19641.1_1341	iAF692.Mbar_A2079	44.9	49	27	0	17	65	9	57	8.59e-07	44.3
lcl|CP015118.1_prot_ARN23762.1_1348	iPC815.YPO2616	30.8	107	70	3	387	492	387	490	5.15e-04	43.1
lcl|CP015118.1_prot_ARN19649.1_1352	iJN1463.PP_2437	63.8	409	138	2	1	409	6	404	3.37e-191	536
lcl|CP015118.1_prot_ARN23763.1_1353	STM_v1_0.STM3884	25.4	303	176	12	39	318	10	285	7.38e-07	49.7
lcl|CP015118.1_prot_ARN23763.1_1353	iML1515.b3751	25.7	303	175	12	39	318	10	285	3.14e-06	47.8
lcl|CP015118.1_prot_ARN23763.1_1353	iYL1228.KPN_04156	23.4	290	190	11	39	314	10	281	3.14e-06	47.8
lcl|CP015118.1_prot_ARN19650.1_1354	iYO844.BSU35960	35.8	271	163	7	27	294	36	298	3.89e-41	144
lcl|CP015118.1_prot_ARN19651.1_1355	iYO844.BSU35940	39.6	490	294	2	8	495	2	491	9.74e-120	360
lcl|CP015118.1_prot_ARN19651.1_1355	iML1515.b4087	41.4	493	268	6	7	481	4	493	5.79e-114	346
lcl|CP015118.1_prot_ARN19651.1_1355	iPC815.YPO3964	40.1	494	290	3	7	496	5	496	4.20e-113	343
lcl|CP015118.1_prot_ARN19651.1_1355	iNF517.LLMG_RS04060	37.0	489	307	1	8	495	2	490	6.57e-108	330
lcl|CP015118.1_prot_ARN19651.1_1355	iML1515.b3749	38.7	491	295	3	9	495	5	493	2.41e-107	328
lcl|CP015118.1_prot_ARN19651.1_1355	STM_v1_0.STM3882	38.6	492	294	4	9	495	5	493	3.41e-107	328
lcl|CP015118.1_prot_ARN19651.1_1355	iLJ478.TM0956	38.2	497	295	4	9	493	13	509	3.62e-106	326
lcl|CP015118.1_prot_ARN19652.1_1356	iYL1228.KPN_04155	44.9	312	166	4	16	322	9	319	8.60e-75	232
lcl|CP015118.1_prot_ARN19652.1_1356	iML1515.b3750	44.3	316	170	4	12	322	5	319	2.43e-74	231
lcl|CP015118.1_prot_ARN19652.1_1356	STM_v1_0.STM3883	43.9	312	169	4	16	322	9	319	1.09e-72	227
lcl|CP015118.1_prot_ARN19653.1_1358	iAF692.Mbar_A1138	24.6	199	114	5	51	246	49	214	5.25e-11	62.8
lcl|CP015118.1_prot_ARN19662.1_1367	iJN1463.PP_5120	53.4	461	212	2	15	473	16	475	1.58e-157	455
lcl|CP015118.1_prot_ARN19663.1_1368	iMM1415.218865	42.4	538	295	6	2	529	42	574	9.33e-130	390
lcl|CP015118.1_prot_ARN19663.1_1368	iCHOv1.100772204	42.0	540	294	7	2	529	45	577	1.44e-129	390
lcl|CP015118.1_prot_ARN19663.1_1368	iJN1463.PP_5064	40.5	546	292	13	2	529	4	534	5.02e-118	359
lcl|CP015118.1_prot_ARN19663.1_1368	iML1515.b0311	39.3	537	313	9	1	529	1	532	9.53e-116	353
lcl|CP015118.1_prot_ARN19665.1_1370	iML1515.b1805	46.3	553	276	6	6	544	5	550	1.40e-163	476
lcl|CP015118.1_prot_ARN19665.1_1370	iSDY_1059.SDY_1709	46.3	553	276	6	6	544	5	550	1.40e-163	476
lcl|CP015118.1_prot_ARN19665.1_1370	iSF_1195.SF1423	46.3	553	276	6	6	544	27	572	2.87e-163	476
lcl|CP015118.1_prot_ARN19665.1_1370	iSbBS512_1146.SbBS512_E2065	46.1	553	277	6	6	544	5	550	5.64e-163	474
lcl|CP015118.1_prot_ARN19665.1_1370	iSSON_1240.SSON_1356	46.3	553	276	6	6	544	5	550	7.98e-163	474
lcl|CP015118.1_prot_ARN19665.1_1370	iYL1228.KPN_02322	46.5	553	275	6	6	544	16	561	1.62e-162	474
lcl|CP015118.1_prot_ARN19665.1_1370	STM_v1_0.STM1818	45.9	553	278	6	6	544	5	550	2.58e-161	470
lcl|CP015118.1_prot_ARN19665.1_1370	iPC815.YPO2074	45.9	556	280	6	3	544	2	550	2.66e-161	470
lcl|CP015118.1_prot_ARN19665.1_1370	iCN718.ABAYE_RS18250	44.9	557	290	6	3	544	2	556	1.84e-155	455
lcl|CP015118.1_prot_ARN19665.1_1370	iJN1463.PP_4549	44.1	556	295	5	1	544	1	552	4.47e-155	454
lcl|CP015118.1_prot_ARN19665.1_1370	iJN1463.PP_4550	44.4	552	287	6	11	544	10	559	8.12e-155	454
lcl|CP015118.1_prot_ARN19667.1_1373	iYL1228.KPN_02455	32.0	231	155	2	42	271	364	593	7.83e-27	109
lcl|CP015118.1_prot_ARN19667.1_1373	iJN1463.PP_1144	32.0	247	162	3	43	284	472	717	1.99e-25	105
lcl|CP015118.1_prot_ARN19667.1_1373	iAF987.Gmet_0782	31.5	251	165	4	36	280	477	726	1.64e-24	102
lcl|CP015118.1_prot_ARN19667.1_1373	iAF987.Gmet_3085	32.1	252	159	6	36	279	636	883	5.92e-24	101
lcl|CP015118.1_prot_ARN19667.1_1373	iAF987.Gmet_0700	31.2	247	148	4	36	269	570	807	1.92e-23	99.8
lcl|CP015118.1_prot_ARN19668.1_1374	iJN1463.PP_0129	41.8	189	101	5	56	237	456	642	4.51e-26	105
lcl|CP015118.1_prot_ARN19668.1_1374	iSDY_1059.SDY_1050	34.1	185	113	3	68	243	374	558	2.13e-24	100
lcl|CP015118.1_prot_ARN19668.1_1374	iSbBS512_1146.SbBS512_E1077	33.5	185	114	3	68	243	374	558	1.84e-23	98.2
lcl|CP015118.1_prot_ARN19673.1_1379	iPC815.YPO2692	62.4	567	204	3	1	566	1	559	7.52e-235	658
lcl|CP015118.1_prot_ARN19673.1_1379	iYL1228.KPN_00717	62.9	563	200	3	1	562	1	555	9.01e-233	653
lcl|CP015118.1_prot_ARN19673.1_1379	iML1515.b0698	61.0	564	211	3	1	563	1	556	2.59e-229	644
lcl|CP015118.1_prot_ARN19673.1_1379	STM_v1_0.STM0706	61.1	563	210	3	1	562	1	555	2.26e-228	642
lcl|CP015118.1_prot_ARN19673.1_1379	iSSON_1240.SSON_0649	60.9	568	205	5	1	563	1	556	6.02e-228	640
lcl|CP015118.1_prot_ARN19674.1_1380	iPC815.YPO2691	74.4	700	162	1	1	700	1	683	0.0	951
lcl|CP015118.1_prot_ARN19674.1_1380	iYL1228.KPN_00716	72.8	701	168	2	1	701	1	678	0.0	927
lcl|CP015118.1_prot_ARN19674.1_1380	iSSON_1240.SSON_0648	71.9	700	174	2	1	700	1	677	0.0	918
lcl|CP015118.1_prot_ARN19674.1_1380	iML1515.b0697	71.9	700	174	2	1	700	1	677	0.0	916
lcl|CP015118.1_prot_ARN19674.1_1380	STM_v1_0.STM0705	71.5	705	178	2	1	705	1	682	0.0	915
lcl|CP015118.1_prot_ARN19675.1_1381	iPC815.YPO2690	53.0	183	86	0	5	187	4	186	2.77e-56	176
lcl|CP015118.1_prot_ARN19675.1_1381	iAF987.Gmet_2435	50.8	185	88	2	5	188	4	186	2.40e-52	166
lcl|CP015118.1_prot_ARN19675.1_1381	iML1515.b0696	50.0	184	92	0	5	188	4	187	4.57e-50	160
lcl|CP015118.1_prot_ARN19675.1_1381	iSSON_1240.SSON_0647	48.9	184	94	0	5	188	4	187	6.47e-50	160
lcl|CP015118.1_prot_ARN19675.1_1381	iYL1228.KPN_00715	52.2	184	88	0	4	187	3	186	1.34e-49	159
lcl|CP015118.1_prot_ARN19676.1_1382	iSynCJ816.SGL_RS08885	41.7	326	185	2	24	349	20	340	6.58e-70	236
lcl|CP015118.1_prot_ARN19677.1_1383	iAF987.Gmet_2999	33.9	124	79	1	3	123	5	128	6.37e-13	66.6
lcl|CP015118.1_prot_ARN19677.1_1383	iAF987.Gmet_1919	31.6	117	79	1	8	123	5	121	1.53e-12	65.5
lcl|CP015118.1_prot_ARN19677.1_1383	iJN1463.PP_1494	35.4	130	78	3	2	126	14	142	1.96e-12	65.1
lcl|CP015118.1_prot_ARN19677.1_1383	iAF987.Gmet_0069	39.7	78	44	1	49	123	48	125	6.05e-12	63.5
lcl|CP015118.1_prot_ARN23766.1_1385	iAF987.Gmet_2727	38.0	100	61	1	217	316	295	393	1.84e-13	70.1
lcl|CP015118.1_prot_ARN19680.1_1387	iJN1463.PP_4757	37.4	438	236	11	7	418	13	438	2.13e-74	239
lcl|CP015118.1_prot_ARN19680.1_1387	iSF_1195.SF2801	36.2	437	244	12	7	418	9	435	4.00e-74	238
lcl|CP015118.1_prot_ARN19680.1_1387	STM_v1_0.STM2961	35.9	435	248	10	7	418	9	435	3.10e-73	236
lcl|CP015118.1_prot_ARN19680.1_1387	iYO844.BSU02490	37.3	432	231	11	6	410	19	437	5.52e-73	235
lcl|CP015118.1_prot_ARN19680.1_1387	iSSON_1240.SSON_2945	35.6	435	249	10	7	418	9	435	4.37e-73	235
lcl|CP015118.1_prot_ARN19680.1_1387	iML1515.b2788	35.2	435	251	10	7	418	9	435	4.75e-72	233
lcl|CP015118.1_prot_ARN19680.1_1387	iYL1228.KPN_03131	36.1	432	245	10	10	418	1	424	3.56e-72	233
lcl|CP015118.1_prot_ARN19680.1_1387	iYL1228.KPN_03130	36.7	439	239	12	7	418	10	436	1.02e-70	229
lcl|CP015118.1_prot_ARN19680.1_1387	STM_v1_0.STM2960	36.9	439	238	12	7	418	10	436	2.19e-69	226
lcl|CP015118.1_prot_ARN19680.1_1387	iML1515.b2787	36.2	439	241	12	7	418	10	436	1.82e-67	221
lcl|CP015118.1_prot_ARN19680.1_1387	iSF_1195.SF2800	36.2	439	241	12	7	418	10	436	1.82e-67	221
lcl|CP015118.1_prot_ARN19680.1_1387	iHN637.CLJU_RS13895	33.2	443	258	10	7	422	14	445	5.44e-67	219
lcl|CP015118.1_prot_ARN19680.1_1387	iSSON_1240.SSON_2944	36.0	439	242	12	7	418	10	436	7.62e-66	216
lcl|CP015118.1_prot_ARN19680.1_1387	iSbBS512_1146.SbBS512_E3086	35.8	439	243	12	7	418	10	436	1.50e-65	216
lcl|CP015118.1_prot_ARN19681.1_1388	iJN1463.PP_1169	39.8	314	184	4	6	316	12	323	9.12e-68	214
lcl|CP015118.1_prot_ARN19682.1_1390	iJN1463.PP_1167	43.4	426	238	2	1	426	1	423	1.62e-110	331
lcl|CP015118.1_prot_ARN19683.1_1391	STM_v1_0.STM3249	35.9	248	155	3	3	248	7	252	4.04e-43	146
lcl|CP015118.1_prot_ARN19683.1_1391	iSDY_1059.SDY_3320	35.5	248	156	3	3	248	7	252	1.59e-42	145
lcl|CP015118.1_prot_ARN19683.1_1391	iSbBS512_1146.SbBS512_E3232	35.1	248	157	3	3	248	8	253	9.08e-42	143
lcl|CP015118.1_prot_ARN19683.1_1391	iML1515.b3126	35.1	248	157	3	3	248	7	252	2.47e-41	142
lcl|CP015118.1_prot_ARN19683.1_1391	iSSON_1240.SSON_3281	34.7	248	158	3	3	248	7	252	3.48e-41	141
lcl|CP015118.1_prot_ARN19683.1_1391	iYL1228.KPN_03538	34.3	248	159	3	3	248	7	252	9.73e-41	140
lcl|CP015118.1_prot_ARN19683.1_1391	STM_v1_0.STM1106	34.1	249	159	3	4	249	3	249	5.00e-39	136
lcl|CP015118.1_prot_ARN19683.1_1391	iYL1228.KPN_04783	34.5	249	158	3	4	249	3	249	1.46e-38	135
lcl|CP015118.1_prot_ARN19683.1_1391	iSF_1195.SF4379	33.3	249	161	3	4	249	3	249	1.67e-37	132
lcl|CP015118.1_prot_ARN19683.1_1391	iSbBS512_1146.SbBS512_E4885	33.3	252	163	3	4	252	3	252	2.08e-37	132
lcl|CP015118.1_prot_ARN23768.1_1393	iML1515.b0465	38.1	197	120	2	526	721	845	1040	3.09e-30	128
lcl|CP015118.1_prot_ARN23768.1_1393	iML1515.b4159	30.1	246	172	0	526	771	833	1078	1.36e-27	119
lcl|CP015118.1_prot_ARN19686.1_1395	iJN1463.PP_0112	63.6	264	87	3	1	263	1	256	5.11e-109	315
lcl|CP015118.1_prot_ARN23769.1_1397	iYL1228.KPN_00758	59.1	345	140	1	23	367	6	349	1.39e-139	400
lcl|CP015118.1_prot_ARN23769.1_1397	iML1515.b0754	58.3	345	143	1	23	367	6	349	3.22e-138	397
lcl|CP015118.1_prot_ARN23769.1_1397	iSbBS512_1146.SbBS512_E0675	58.3	345	143	1	23	367	6	349	3.22e-138	397
lcl|CP015118.1_prot_ARN23769.1_1397	iSDY_1059.SDY_0701	58.3	345	143	1	23	367	6	349	3.22e-138	397
lcl|CP015118.1_prot_ARN23769.1_1397	STM_v1_0.STM0760	58.3	345	143	1	23	367	6	349	1.85e-137	395
lcl|CP015118.1_prot_ARN23769.1_1397	iSF_1195.SF0550	58.0	345	144	1	23	367	6	349	2.62e-137	394
lcl|CP015118.1_prot_ARN23769.1_1397	iSSON_1240.SSON_0706	58.0	345	144	1	23	367	6	349	2.62e-137	394
lcl|CP015118.1_prot_ARN19689.1_1399	iJN1463.PP_4201	69.2	308	94	1	1	308	1	307	1.97e-133	380
lcl|CP015118.1_prot_ARN23770.1_1400	iJN1463.PP_4202	76.3	249	59	0	1	249	1	249	1.60e-121	345
lcl|CP015118.1_prot_ARN19690.1_1401	iEK1008.Rv1934c	36.3	399	227	7	9	392	11	397	5.35e-65	212
lcl|CP015118.1_prot_ARN19690.1_1401	iEK1008.Rv3560c	36.7	390	221	9	10	392	7	377	3.11e-64	209
lcl|CP015118.1_prot_ARN19691.1_1402	iAF987.Gmet_2198	30.1	369	243	7	5	361	3	368	1.65e-33	127
lcl|CP015118.1_prot_ARN19693.1_1404	iEK1008.Rv0222	44.5	256	137	3	4	259	11	261	4.09e-55	177
lcl|CP015118.1_prot_ARN19694.1_1405	iJN1463.PP_2793	69.4	382	116	1	1	381	1	382	2.98e-193	538
lcl|CP015118.1_prot_ARN19695.1_1406	iJN1463.PP_2794	61.8	249	91	1	5	253	11	255	1.05e-93	275
lcl|CP015118.1_prot_ARN19696.1_1407	iEK1008.Rv0386	49.2	59	29	1	820	877	1026	1084	3.16e-04	44.3
lcl|CP015118.1_prot_ARN19700.1_1411	iEK1008.Rv0206c	33.9	59	38	1	677	734	239	297	2.04e-04	44.7
lcl|CP015118.1_prot_ARN19704.1_1416	iCN718.ABAYE_RS05595	44.0	466	260	1	5	469	10	475	2.02e-130	385
lcl|CP015118.1_prot_ARN19707.1_1419	iPC815.YPO1502	37.4	374	223	8	1	367	2	371	3.15e-61	201
lcl|CP015118.1_prot_ARN19707.1_1419	iAT_PLT_636.125	35.7	356	220	6	14	364	22	373	6.97e-59	195
lcl|CP015118.1_prot_ARN19707.1_1419	iJN1463.PP_1616	37.0	359	214	8	16	366	17	371	7.36e-57	189
lcl|CP015118.1_prot_ARN19707.1_1419	STM_v1_0.STM1627	36.9	374	223	9	1	366	1	369	4.13e-56	187
lcl|CP015118.1_prot_ARN19707.1_1419	iYL1228.KPN_01952	36.9	374	223	9	1	366	1	369	1.14e-55	186
lcl|CP015118.1_prot_ARN19707.1_1419	iAT_PLT_636.124	34.6	356	224	6	14	364	22	373	2.43e-55	186
lcl|CP015118.1_prot_ARN19707.1_1419	iYS854.USA300HOU_RS00275	33.9	387	222	7	1	366	1	374	6.72e-55	184
lcl|CP015118.1_prot_ARN19708.1_1420	iEK1008.Rv1143	52.5	358	169	1	1	357	1	358	4.02e-130	377
lcl|CP015118.1_prot_ARN19709.1_1421	iAF987.Gmet_2246	35.5	515	321	7	1	509	1	510	6.03e-95	297
lcl|CP015118.1_prot_ARN19709.1_1421	iEK1008.Rv0166	36.0	505	304	8	14	511	39	531	4.61e-94	296
lcl|CP015118.1_prot_ARN19710.1_1422	iEK1008.Rv2724c	50.9	383	184	4	2	382	4	384	7.29e-124	362
lcl|CP015118.1_prot_ARN19710.1_1422	iCN718.ABAYE_RS02695	48.8	373	189	2	11	382	19	390	8.81e-121	354
lcl|CP015118.1_prot_ARN19710.1_1422	iCN718.ABAYE_RS13170	48.5	375	188	3	11	382	4	376	1.85e-117	345
lcl|CP015118.1_prot_ARN19710.1_1422	iCN718.ABAYE_RS06455	48.3	375	189	3	11	382	5	377	1.28e-115	341
lcl|CP015118.1_prot_ARN19710.1_1422	iCHOv1.100759026	49.1	371	184	4	15	382	45	413	1.16e-114	340
lcl|CP015118.1_prot_A4W93_07175_1423	iCHOv1.100772204	45.3	537	276	8	2	525	46	577	8.02e-139	413
lcl|CP015118.1_prot_A4W93_07175_1423	iMM1415.218865	44.6	534	284	6	2	525	43	574	1.16e-137	410
lcl|CP015118.1_prot_A4W93_07175_1423	iML1515.b0311	41.5	542	287	11	2	525	3	532	1.25e-126	380
lcl|CP015118.1_prot_ARN19712.1_1425	iJN1463.PP_1418	30.7	114	73	2	145	252	134	247	3.54e-06	47.8
lcl|CP015118.1_prot_ARN19716.1_1430	iAF987.Gmet_0773	29.4	136	89	2	164	292	175	310	4.74e-08	53.1
lcl|CP015118.1_prot_ARN19716.1_1430	iML1515.b1490	26.8	142	98	2	137	274	288	427	1.14e-07	52.4
lcl|CP015118.1_prot_ARN23772.1_1431	iYL1228.KPN_02593	26.4	299	173	14	535	810	365	639	2.80e-13	73.2
lcl|CP015118.1_prot_ARN19717.1_1432	iYO844.BSU19800	38.7	328	184	7	301	613	37	362	4.13e-62	210
lcl|CP015118.1_prot_ARN19721.1_1437	iEK1008.Rv0386	50.0	60	29	1	837	895	1025	1084	2.14e-05	48.1
lcl|CP015118.1_prot_ARN19722.1_1438	iAF987.Gmet_2197	51.6	399	193	0	2	400	3	401	3.87e-140	405
lcl|CP015118.1_prot_ARN19722.1_1438	iEK1008.Rv0859	50.5	400	195	3	4	401	5	403	7.98e-135	391
lcl|CP015118.1_prot_ARN19722.1_1438	iCN718.ABAYE_RS03690	48.4	401	207	0	1	401	1	401	1.21e-133	388
lcl|CP015118.1_prot_ARN19723.1_1439	iAF987.Gmet_2196	44.1	195	107	2	92	285	85	278	1.41e-45	155
lcl|CP015118.1_prot_ARN19723.1_1439	iEK1008.Rv0860	34.4	305	183	7	1	291	1	302	3.31e-42	154
lcl|CP015118.1_prot_ARN19723.1_1439	iCN718.ABAYE_RS03685	34.1	279	174	5	3	280	11	280	7.30e-38	141
lcl|CP015118.1_prot_ARN19724.1_1440	iCN718.ABAYE_RS11680	56.4	314	135	2	1	313	1	313	3.65e-116	338
lcl|CP015118.1_prot_ARN19725.1_1441	iJN1463.PP_2136	49.2	718	354	2	1	713	2	713	9.59e-227	649
lcl|CP015118.1_prot_ARN19725.1_1441	iCN718.ABAYE_RS17245	48.1	713	369	1	4	715	5	717	5.62e-221	635
lcl|CP015118.1_prot_ARN19725.1_1441	iYL1228.KPN_04340	47.7	708	367	3	1	707	2	707	2.79e-208	603
lcl|CP015118.1_prot_ARN19725.1_1441	iSF_1195.SF3922	47.6	708	368	3	1	707	2	707	2.79e-208	603
lcl|CP015118.1_prot_ARN19725.1_1441	iSbBS512_1146.SbBS512_E4316	47.7	708	367	3	1	707	2	707	3.94e-208	602
lcl|CP015118.1_prot_ARN19725.1_1441	iML1515.b3846	47.6	708	368	3	1	707	2	707	4.48e-207	600
lcl|CP015118.1_prot_ARN19725.1_1441	iSSON_1240.SSON_4019	47.6	708	368	3	1	707	2	707	4.48e-207	600
lcl|CP015118.1_prot_ARN19725.1_1441	iSDY_1059.SDY_3899	47.3	708	370	3	1	707	2	707	8.96e-207	599
lcl|CP015118.1_prot_ARN19725.1_1441	iPC815.YPO3766	47.2	709	369	4	1	707	2	707	2.54e-206	598
lcl|CP015118.1_prot_ARN19725.1_1441	STM_v1_0.STM3983	47.5	708	369	3	1	707	2	707	4.08e-205	595
lcl|CP015118.1_prot_ARN19726.1_1442	iMM1415.15108	50.2	253	120	2	9	259	13	261	3.74e-72	221
lcl|CP015118.1_prot_ARN19726.1_1442	iCHOv1.100757689	50.2	253	120	2	9	259	13	261	3.01e-71	219
lcl|CP015118.1_prot_ARN19726.1_1442	iEK1008.Rv1144	50.8	254	112	5	9	260	8	250	2.44e-70	216
lcl|CP015118.1_prot_ARN19726.1_1442	iJN1463.PP_2214	47.4	253	125	2	10	260	9	255	1.20e-66	207
lcl|CP015118.1_prot_ARN19726.1_1442	iAT_PLT_636.3028	49.4	253	113	3	9	259	13	252	1.00e-64	202
lcl|CP015118.1_prot_ARN19727.1_1443	iEK1008.Rv3556c	53.6	394	173	3	1	392	1	386	7.52e-134	388
lcl|CP015118.1_prot_ARN19728.1_1444	iYL1228.KPN_01475	45.1	257	133	4	11	265	10	260	8.55e-60	190
lcl|CP015118.1_prot_ARN19728.1_1444	iJN1463.PP_3283	41.4	268	151	3	1	267	1	263	1.99e-58	186
lcl|CP015118.1_prot_ARN19728.1_1444	iML1515.b1394	44.5	256	134	4	11	264	10	259	3.85e-58	186
lcl|CP015118.1_prot_ARN19728.1_1444	iCN718.ABAYE_RS11945	38.4	263	158	2	5	267	5	263	8.94e-54	174
lcl|CP015118.1_prot_ARN19729.1_1445	iMM1415.102632	37.7	313	187	3	6	310	18	330	6.10e-59	202
lcl|CP015118.1_prot_ARN19729.1_1445	iCHOv1.100763073	38.1	315	183	5	6	310	18	330	8.44e-59	201
lcl|CP015118.1_prot_ARN19730.1_1446	iML1515.b2374	29.3	406	257	8	4	385	2	401	6.06e-46	162
lcl|CP015118.1_prot_ARN19730.1_1446	iSF_1195.SF2441	29.3	406	257	8	4	385	2	401	6.06e-46	162
lcl|CP015118.1_prot_ARN19730.1_1446	iSbBS512_1146.SbBS512_E2743	29.3	406	257	8	4	385	2	401	8.46e-46	162
lcl|CP015118.1_prot_ARN19730.1_1446	iSDY_1059.SDY_2572	29.1	406	258	8	4	385	2	401	1.65e-45	161
lcl|CP015118.1_prot_ARN19730.1_1446	iSSON_1240.SSON_2465	29.1	406	258	8	4	385	2	401	8.68e-45	159
lcl|CP015118.1_prot_ARN19731.1_1447	iEK1008.Rv1070c	65.0	260	87	3	1	259	1	257	1.74e-106	308
lcl|CP015118.1_prot_ARN19731.1_1447	iJN1463.PP_2217	59.8	259	102	2	1	259	1	257	9.69e-99	288
lcl|CP015118.1_prot_ARN19731.1_1447	iLB1027_lipid.PHATRDRAFT_55192	59.8	254	100	2	6	259	18	269	1.67e-97	286
lcl|CP015118.1_prot_ARN19734.1_1450	iJN1463.PP_3427	35.6	486	287	7	4	486	1	463	2.74e-65	218
lcl|CP015118.1_prot_ARN19735.1_1451	iML1515.b3241	38.1	281	172	2	13	292	6	285	2.84e-50	168
lcl|CP015118.1_prot_ARN19737.1_1453	iML1515.b3240	25.4	535	335	15	13	517	13	513	2.47e-23	104
lcl|CP015118.1_prot_ARN19741.1_1457	iCN900.CD630_16140	30.7	244	165	3	6	247	4	245	1.06e-37	135
lcl|CP015118.1_prot_ARN19741.1_1457	iYO844.BSU02750	31.1	212	145	1	33	244	14	224	3.06e-34	125
lcl|CP015118.1_prot_ARN19747.1_1463	iJN1463.PP_4755	22.7	692	451	23	61	730	166	795	9.38e-17	84.3
lcl|CP015118.1_prot_ARN19747.1_1463	iJN1463.PP_1006	28.5	260	161	8	44	283	124	378	8.98e-16	81.3
lcl|CP015118.1_prot_A4W93_07380_1464	iEK1008.Rv0386	43.3	60	34	0	138	197	1025	1084	1.98e-05	44.3
lcl|CP015118.1_prot_ARN19748.1_1465	iEK1008.Rv0386	34.7	487	276	13	121	586	188	653	5.18e-54	203
lcl|CP015118.1_prot_ARN19749.1_1466	iAF692.Mbar_A3252	31.3	457	279	12	6	460	4	427	2.95e-51	179
lcl|CP015118.1_prot_ARN19750.1_1467	iJN1463.PP_0237	46.8	312	161	4	9	319	6	313	2.88e-83	254
lcl|CP015118.1_prot_ARN19751.1_1468	iPC815.YPO2899	29.3	232	144	6	6	225	2	225	8.72e-17	77.4
lcl|CP015118.1_prot_ARN19751.1_1468	iSbBS512_1146.SbBS512_E2908	27.6	239	153	4	6	232	2	232	4.30e-16	75.5
lcl|CP015118.1_prot_ARN19751.1_1468	iYO844.BSU14670	25.0	204	143	3	38	235	38	237	7.93e-16	74.7
lcl|CP015118.1_prot_ARN19751.1_1468	iML1515.b2533	27.2	239	154	4	6	232	2	232	1.54e-15	73.9
lcl|CP015118.1_prot_ARN19751.1_1468	iSF_1195.SF2580	27.2	239	154	4	6	232	2	232	1.54e-15	73.9
lcl|CP015118.1_prot_ARN19751.1_1468	iSDY_1059.SDY_2729	26.8	239	155	4	6	232	2	232	2.11e-15	73.6
lcl|CP015118.1_prot_ARN19751.1_1468	iJN1463.PP_0838	29.1	237	143	5	13	232	9	237	3.07e-15	73.2
lcl|CP015118.1_prot_ARN19751.1_1468	iLJ478.TM1415	27.9	215	122	5	32	232	2	197	2.48e-15	72.8
lcl|CP015118.1_prot_ARN19751.1_1468	STM_v1_0.STM2546	26.8	239	155	4	6	232	2	232	7.48e-15	72.0
lcl|CP015118.1_prot_ARN19751.1_1468	iSSON_1240.SSON_2615	26.8	239	155	4	6	232	2	232	1.93e-14	70.9
lcl|CP015118.1_prot_ARN19751.1_1468	iYL1228.KPN_02865	26.8	231	149	4	6	224	2	224	4.95e-14	69.7
lcl|CP015118.1_prot_ARN19751.1_1468	iLB1027_lipid.PHATRDRAFT_29004	27.1	214	141	2	42	240	136	349	1.05e-13	69.7
lcl|CP015118.1_prot_ARN19752.1_1470	iYL1228.KPN_02851	32.1	131	64	6	60	173	88	210	1.96e-05	46.2
lcl|CP015118.1_prot_ARN19752.1_1470	iEK1008.Rv2291	27.3	209	103	8	6	172	9	210	8.17e-05	44.3
lcl|CP015118.1_prot_ARN19752.1_1470	STM_v1_0.STM2533	33.1	133	62	6	58	172	85	208	1.89e-04	43.1
lcl|CP015118.1_prot_ARN19753.1_1471	iJN1463.PP_3736	28.6	294	168	12	2	265	24	305	9.85e-20	87.8
lcl|CP015118.1_prot_ARN19755.1_1473	iML1515.b3070	37.4	246	144	5	10	249	10	251	3.28e-39	136
lcl|CP015118.1_prot_ARN19756.1_1474	iAF987.Gmet_1914	43.3	157	88	1	169	324	296	452	9.61e-31	120
lcl|CP015118.1_prot_ARN19756.1_1474	iAF987.Gmet_1298	40.8	169	98	2	158	324	176	344	3.00e-31	120
lcl|CP015118.1_prot_ARN19756.1_1474	iAF987.Gmet_0069	40.4	193	96	4	135	324	125	301	2.84e-29	114
lcl|CP015118.1_prot_ARN19756.1_1474	iAF987.Gmet_0987	28.7	324	197	8	4	324	227	519	1.64e-27	112
lcl|CP015118.1_prot_ARN19756.1_1474	iAF987.Gmet_0043	42.0	162	92	1	165	324	414	575	1.59e-27	112
lcl|CP015118.1_prot_ARN19756.1_1474	iAF987.Gmet_3085	33.6	226	128	3	98	322	413	617	1.93e-26	109
lcl|CP015118.1_prot_ARN19756.1_1474	iAF987.Gmet_0700	27.0	307	189	5	19	322	277	551	1.85e-26	109
lcl|CP015118.1_prot_ARN19759.1_1478	iAF987.Gmet_0078	33.3	418	271	5	44	456	49	463	5.08e-56	194
lcl|CP015118.1_prot_ARN19761.1_1480	iCHOv1.100751291	35.1	188	117	2	8	191	53	239	6.64e-26	103
lcl|CP015118.1_prot_ARN19761.1_1480	iLB1027_lipid.PHATRDRAFT_25360	35.8	190	118	3	6	191	56	245	2.22e-24	99.4
lcl|CP015118.1_prot_ARN19761.1_1480	iSynCJ816.SGL_RS12965	38.1	189	114	3	6	191	6	194	3.66e-24	97.4
lcl|CP015118.1_prot_ARN19762.1_1481	iML1515.b3253	50.6	326	157	2	4	327	1	324	2.06e-99	295
lcl|CP015118.1_prot_ARN23776.1_1485	iYL1228.KPN_01056	45.2	303	159	2	11	307	11	312	6.09e-85	257
lcl|CP015118.1_prot_ARN23776.1_1485	STM_v1_0.STM1135	45.2	303	151	4	15	307	15	312	3.61e-81	248
lcl|CP015118.1_prot_ARN23776.1_1485	iML1515.b1033	44.1	299	160	2	15	307	15	312	1.64e-79	243
lcl|CP015118.1_prot_ARN23776.1_1485	iSSON_1240.SSON_1042	44.1	299	160	2	15	307	28	325	2.45e-79	243
lcl|CP015118.1_prot_ARN23776.1_1485	iSbBS512_1146.SbBS512_E2296	44.1	299	160	2	15	307	15	312	9.32e-79	241
lcl|CP015118.1_prot_ARN23776.1_1485	iSDY_1059.SDY_1004	44.1	299	160	2	15	307	28	325	3.92e-78	240
lcl|CP015118.1_prot_ARN19768.1_1488	iYO844.BSU15910	37.1	248	145	4	10	255	8	246	3.77e-37	130
lcl|CP015118.1_prot_ARN19768.1_1488	iYS854.USA300HOU_RS06185	35.9	248	148	4	10	255	6	244	6.48e-34	122
lcl|CP015118.1_prot_ARN19769.1_1489	iAF987.Gmet_1627	39.7	141	82	1	13	153	15	152	2.68e-22	86.7
lcl|CP015118.1_prot_ARN19774.1_1494	iYO844.BSU18800	38.8	245	148	1	32	276	56	298	1.77e-45	155
lcl|CP015118.1_prot_ARN19775.1_1495	iAF987.Gmet_0043	24.8	387	262	12	184	556	18	389	8.37e-17	84.0
lcl|CP015118.1_prot_ARN23777.1_1499	iMM1415.64705	32.9	70	45	1	6	75	3	70	6.57e-04	42.4
lcl|CP015118.1_prot_ARN19779.1_1500	STM_v1_0.STM0665	46.3	285	147	3	12	290	21	305	8.58e-83	251
lcl|CP015118.1_prot_ARN19779.1_1500	iJN1463.PP_1071	46.6	277	145	2	20	293	26	302	1.14e-82	251
lcl|CP015118.1_prot_ARN19779.1_1500	iYL1228.KPN_00681	45.1	286	150	2	12	290	30	315	4.70e-82	249
lcl|CP015118.1_prot_ARN19779.1_1500	iSF_1195.SF0626	45.3	287	151	2	10	290	13	299	2.86e-82	249
lcl|CP015118.1_prot_ARN19779.1_1500	iSSON_1240.SSON_0609	44.9	287	152	2	10	290	13	299	4.61e-81	246
lcl|CP015118.1_prot_ARN19779.1_1500	iML1515.b0655	44.9	287	152	2	10	290	13	299	6.52e-81	246
lcl|CP015118.1_prot_ARN19779.1_1500	iPC815.YPO2615	45.2	270	147	1	22	290	33	302	1.49e-77	238
lcl|CP015118.1_prot_ARN19794.1_1515	iAF987.Gmet_0069	44.9	178	93	3	462	637	131	305	2.89e-37	140
lcl|CP015118.1_prot_ARN19794.1_1515	iJN1463.PP_1494	41.8	184	105	1	455	636	152	335	5.72e-36	137
lcl|CP015118.1_prot_ARN19794.1_1515	iAF987.Gmet_2721	41.6	185	98	5	455	635	487	665	4.82e-31	128
lcl|CP015118.1_prot_ARN19794.1_1515	iAF987.Gmet_2425	44.2	165	89	2	469	633	183	344	4.95e-32	127
lcl|CP015118.1_prot_ARN19795.1_1516	iAF987.Gmet_0069	46.0	174	93	1	455	628	131	303	5.14e-37	140
lcl|CP015118.1_prot_ARN19795.1_1516	iJN1463.PP_1494	50.6	176	81	4	458	629	162	335	3.56e-35	135
lcl|CP015118.1_prot_ARN19799.1_1520	iAF987.Gmet_3275	32.5	265	179	0	110	374	159	423	1.94e-39	146
lcl|CP015118.1_prot_ARN19799.1_1520	iAF987.Gmet_2714	36.2	221	138	2	99	318	90	308	5.46e-40	144
lcl|CP015118.1_prot_ARN19799.1_1520	iAF987.Gmet_2559	39.8	181	99	3	147	322	356	531	7.03e-34	132
lcl|CP015118.1_prot_ARN23778.1_1521	iYL1228.KPN_03899	26.5	502	315	17	7	478	4	481	1.91e-34	135
lcl|CP015118.1_prot_ARN23778.1_1521	iML1515.b3544	26.5	502	315	17	7	478	13	490	9.77e-34	134
lcl|CP015118.1_prot_ARN23778.1_1521	iSDY_1059.SDY_4567	26.5	502	315	17	7	478	13	490	9.77e-34	134
lcl|CP015118.1_prot_ARN23778.1_1521	iSF_1195.SF3579	26.5	502	315	17	7	478	13	490	9.77e-34	134
lcl|CP015118.1_prot_ARN23778.1_1521	iSSON_1240.SSON_3846	26.5	502	315	17	7	478	13	490	9.77e-34	134
lcl|CP015118.1_prot_ARN23778.1_1521	iPC815.YPO4003	25.6	508	324	16	7	485	15	497	2.36e-31	127
lcl|CP015118.1_prot_ARN23778.1_1521	STM_v1_0.STM3630	26.3	502	316	17	7	478	13	490	5.85e-31	125
lcl|CP015118.1_prot_ARN19800.1_1522	iSynCJ816.SGL_RS14915	28.2	330	210	7	31	338	65	389	7.88e-25	104
lcl|CP015118.1_prot_ARN19800.1_1522	iJN1463.PP_4867	32.5	240	151	6	14	246	11	246	1.91e-22	97.1
lcl|CP015118.1_prot_ARN19801.1_1523	iSynCJ816.SGL_RS11390	30.7	280	180	3	13	290	15	282	1.11e-29	113
lcl|CP015118.1_prot_ARN19802.1_1524	iSynCJ816.SGL_RS12165	30.2	361	178	3	4	290	5	365	1.44e-41	147
lcl|CP015118.1_prot_ARN19803.1_1525	iSynCJ816.SGL_RS14000	40.7	248	145	1	8	253	18	265	1.44e-55	179
lcl|CP015118.1_prot_ARN19804.1_1526	iJN1463.PP_1137	43.5	237	129	4	1	236	1	233	2.37e-58	184
lcl|CP015118.1_prot_ARN19804.1_1526	iSynCJ816.SGL_RS07665	44.7	235	127	3	1	235	4	235	9.41e-57	180
lcl|CP015118.1_prot_ARN19804.1_1526	iAF987.Gmet_1819	41.7	240	133	3	1	235	1	238	3.28e-56	179
lcl|CP015118.1_prot_ARN19804.1_1526	iLJ478.TM1139	41.6	226	129	3	11	235	14	237	3.66e-56	179
lcl|CP015118.1_prot_ARN19804.1_1526	iYL1228.KPN_03816	41.5	236	135	3	1	236	5	237	6.26e-54	173
lcl|CP015118.1_prot_ARN19804.1_1526	STM_v1_0.STM3560	40.7	236	137	3	1	236	5	237	1.77e-53	172
lcl|CP015118.1_prot_ARN19804.1_1526	iML1515.b3454	41.1	236	136	3	1	236	5	237	2.50e-53	171
lcl|CP015118.1_prot_ARN19804.1_1526	iSbBS512_1146.SbBS512_E3868	41.1	236	136	3	1	236	9	241	2.82e-53	171
lcl|CP015118.1_prot_ARN19804.1_1526	iSSON_1240.SSON_3692	41.1	236	136	3	1	236	9	241	2.82e-53	171
lcl|CP015118.1_prot_ARN19804.1_1526	iPC815.YPO3804	40.3	236	138	3	1	236	1	233	4.45e-53	171
lcl|CP015118.1_prot_ARN19804.1_1526	iSDY_1059.SDY_3603	40.7	236	137	3	1	236	9	241	3.18e-52	169
lcl|CP015118.1_prot_ARN19804.1_1526	iSF_1195.SF3472	40.7	236	137	3	1	236	5	237	2.83e-52	169
lcl|CP015118.1_prot_ARN19805.1_1527	iCN718.ABAYE_RS15715	44.9	267	146	1	1	267	5	270	5.94e-63	198
lcl|CP015118.1_prot_ARN19805.1_1527	iJN1463.PP_5095	45.2	261	142	1	5	264	6	266	1.53e-56	182
lcl|CP015118.1_prot_ARN19806.1_1528	iYL1228.KPN_01041	46.1	989	442	18	65	985	154	1119	2.84e-245	729
lcl|CP015118.1_prot_ARN19806.1_1528	iJN1463.PP_4947	47.0	981	432	16	65	980	146	1103	6.20e-245	728
lcl|CP015118.1_prot_ARN19806.1_1528	iPC815.YPO1851	46.3	988	442	19	65	985	149	1114	1.45e-244	727
lcl|CP015118.1_prot_ARN19806.1_1528	iSSON_1240.SSON_1034	46.3	989	440	19	65	985	148	1113	2.08e-243	724
lcl|CP015118.1_prot_ARN19806.1_1528	iML1515.b1014	46.3	989	440	19	65	985	148	1113	4.13e-243	723
lcl|CP015118.1_prot_ARN19806.1_1528	iSbBS512_1146.SbBS512_E2304	46.2	989	441	19	65	985	148	1113	9.05e-242	719
lcl|CP015118.1_prot_ARN19806.1_1528	iCN718.ABAYE_RS10755	44.5	986	454	18	65	980	84	1046	2.11e-237	706
lcl|CP015118.1_prot_ARN19811.1_1534	iML1515.b3589	58.0	383	160	1	1	383	1	382	1.13e-152	435
lcl|CP015118.1_prot_ARN19811.1_1534	iSbBS512_1146.SbBS512_E4004	57.7	383	161	1	1	383	1	382	2.28e-152	434
lcl|CP015118.1_prot_ARN19811.1_1534	iSF_1195.SF3627	57.4	383	162	1	1	383	1	382	3.73e-151	431
lcl|CP015118.1_prot_ARN19811.1_1534	iCN718.ABAYE_RS07700	53.5	381	176	1	3	383	10	389	2.42e-136	394
lcl|CP015118.1_prot_ARN19812.1_1535	iML1515.b0047	51.1	597	287	4	10	606	9	600	1.17e-177	518
lcl|CP015118.1_prot_ARN19812.1_1535	iSbBS512_1146.SbBS512_E0041	51.1	597	287	4	10	606	9	600	1.17e-177	518
lcl|CP015118.1_prot_ARN19812.1_1535	iSF_1195.SF0044	50.9	597	288	4	10	606	9	600	2.35e-177	517
lcl|CP015118.1_prot_ARN19812.1_1535	STM_v1_0.STM0086	49.7	616	302	6	10	622	9	619	1.88e-176	514
lcl|CP015118.1_prot_ARN19812.1_1535	iSSON_1240.SSON_0055	50.8	597	289	4	10	606	9	600	2.66e-176	514
lcl|CP015118.1_prot_ARN19812.1_1535	iYL1228.KPN_00044	51.6	554	264	3	10	563	9	558	7.09e-174	508
lcl|CP015118.1_prot_ARN19813.1_1536	iML1515.b0046	46.4	168	88	1	19	186	2	167	4.57e-53	168
lcl|CP015118.1_prot_ARN19815.1_1538	iJN1463.PP_4817	53.5	142	64	2	7	146	6	147	4.80e-42	136
lcl|CP015118.1_prot_ARN19816.1_1539	iAF987.Gmet_0069	28.8	104	71	2	3	104	5	107	7.81e-05	42.7
lcl|CP015118.1_prot_ARN23780.1_1540	iAF987.Gmet_0043	27.0	237	159	5	217	443	36	268	3.65e-14	75.1
lcl|CP015118.1_prot_ARN19819.1_1543	iJN1463.PP_4700	51.1	280	130	4	1	275	1	278	3.17e-76	233
lcl|CP015118.1_prot_ARN19819.1_1543	iCN718.ABAYE_RS15830	47.9	282	135	6	1	276	1	276	5.89e-70	217
lcl|CP015118.1_prot_ARN19819.1_1543	iPC815.YPO3402	45.9	279	144	3	1	274	1	277	1.77e-69	216
lcl|CP015118.1_prot_ARN19820.1_1544	iJN1463.PP_4699	52.7	256	119	2	13	267	4	258	1.08e-86	259
lcl|CP015118.1_prot_ARN19820.1_1544	iAF987.Gmet_1642	48.0	256	132	1	14	268	6	261	5.08e-80	242
lcl|CP015118.1_prot_ARN19820.1_1544	iYL1228.KPN_00141	45.9	257	137	2	11	267	2	256	9.49e-77	233
lcl|CP015118.1_prot_ARN23781.1_1545	STM_v1_0.STM0794	63.0	305	113	0	17	321	6	310	9.52e-137	391
lcl|CP015118.1_prot_ARN23781.1_1545	iPC815.YPO1151	62.8	304	113	0	18	321	7	310	2.14e-135	387
lcl|CP015118.1_prot_ARN23781.1_1545	iSbBS512_1146.SbBS512_E2577	61.6	305	117	0	17	321	6	310	7.30e-134	384
lcl|CP015118.1_prot_ARN23781.1_1545	iML1515.b0775	61.3	305	118	0	17	321	6	310	5.94e-133	381
lcl|CP015118.1_prot_ARN23781.1_1545	iSSON_1240.SSON_0754	61.3	305	118	0	17	321	6	310	5.94e-133	381
lcl|CP015118.1_prot_ARN23781.1_1545	iSDY_1059.SDY_0831	61.0	305	119	0	17	321	6	310	2.41e-132	380
lcl|CP015118.1_prot_ARN23781.1_1545	iSF_1195.SF0724	61.0	305	119	0	17	321	6	310	2.41e-132	380
lcl|CP015118.1_prot_ARN23781.1_1545	iYL1228.KPN_00800	61.8	296	113	0	26	321	7	302	6.96e-130	373
lcl|CP015118.1_prot_ARN23781.1_1545	iCN718.ABAYE_RS10850	59.3	305	124	0	18	322	7	311	2.76e-127	366
lcl|CP015118.1_prot_ARN23781.1_1545	iJN1463.PP_0362	58.2	304	127	0	18	321	13	316	6.03e-127	366
lcl|CP015118.1_prot_ARN19824.1_1549	iYL1228.KPN_00909	64.7	224	76	1	6	226	7	230	3.96e-98	285
lcl|CP015118.1_prot_ARN19824.1_1549	iML1515.b0875	64.7	224	76	1	6	226	7	230	1.31e-96	281
lcl|CP015118.1_prot_ARN19824.1_1549	iSF_1195.SF0832	64.7	224	76	1	6	226	7	230	1.31e-96	281
lcl|CP015118.1_prot_ARN19824.1_1549	iSbBS512_1146.SbBS512_E2456	64.3	224	77	1	6	226	7	230	2.16e-95	278
lcl|CP015118.1_prot_ARN19824.1_1549	iJN1463.PP_4282	65.9	226	74	2	2	225	5	229	5.95e-95	276
lcl|CP015118.1_prot_ARN19824.1_1549	iSynCJ816.SGL_RS08525	60.9	235	79	3	1	222	1	235	2.91e-87	258
lcl|CP015118.1_prot_ARN19825.1_1550	iCN718.ABAYE_RS10985	39.8	241	143	2	28	267	27	266	1.44e-54	179
lcl|CP015118.1_prot_ARN19825.1_1550	iJN1463.PP_1071	39.6	288	163	5	14	291	14	300	1.44e-53	176
lcl|CP015118.1_prot_ARN19825.1_1550	iPC815.YPO2615	38.1	270	160	2	29	291	34	303	1.40e-53	176
lcl|CP015118.1_prot_ARN19825.1_1550	iYL1228.KPN_00681	38.5	270	159	2	29	291	47	316	3.38e-51	171
lcl|CP015118.1_prot_ARN19825.1_1550	iSF_1195.SF0626	37.5	275	165	2	24	291	26	300	3.13e-51	170
lcl|CP015118.1_prot_ARN19825.1_1550	iSSON_1240.SSON_0609	37.1	275	166	2	24	291	26	300	4.84e-50	167
lcl|CP015118.1_prot_ARN19825.1_1550	iML1515.b0655	36.7	275	167	2	24	291	26	300	2.68e-49	165
lcl|CP015118.1_prot_ARN19825.1_1550	STM_v1_0.STM0665	36.7	275	167	2	24	291	32	306	3.13e-49	165
lcl|CP015118.1_prot_ARN19827.1_1552	iYO844.BSU34660	41.7	540	284	6	17	546	2	520	1.27e-120	365
lcl|CP015118.1_prot_ARN19828.1_1553	iCN718.ABAYE_RS15110	51.3	702	301	8	3	680	2	686	1.91e-241	684
lcl|CP015118.1_prot_ARN19828.1_1553	iYL1228.KPN_02560	51.1	693	308	12	1	681	4	677	1.78e-239	679
lcl|CP015118.1_prot_ARN19828.1_1553	iSF_1195.SF2179	51.1	693	308	12	1	681	4	677	1.02e-238	677
lcl|CP015118.1_prot_ARN19828.1_1553	iSbBS512_1146.SbBS512_E0856	51.1	695	305	13	1	681	4	677	2.04e-238	676
lcl|CP015118.1_prot_ARN19828.1_1553	iPC815.YPO1522	51.1	691	309	12	1	681	4	675	5.43e-238	675
lcl|CP015118.1_prot_ARN19828.1_1553	iSSON_1240.SSON_2163	50.9	693	309	12	1	681	4	677	8.24e-238	675
lcl|CP015118.1_prot_ARN19828.1_1553	STM_v1_0.STM2155	51.4	693	306	13	1	681	4	677	1.65e-237	674
lcl|CP015118.1_prot_ARN19828.1_1553	iSDY_1059.SDY_2181	50.8	693	310	12	1	681	4	677	3.32e-237	673
lcl|CP015118.1_prot_ARN19828.1_1553	iJN1463.PP_1097	50.9	694	307	13	3	681	5	679	9.38e-235	667
lcl|CP015118.1_prot_ARN19831.1_1556	iJN1463.PP_1382	46.2	169	89	1	5	173	2	168	1.24e-49	157
lcl|CP015118.1_prot_ARN19832.1_1557	iJN1463.PP_0551	36.5	222	138	3	189	410	376	594	9.85e-30	121
lcl|CP015118.1_prot_A4W93_07855_1559	iCHOv1.100751791	41.7	139	80	1	7	145	19	156	1.32e-34	118
lcl|CP015118.1_prot_A4W93_07855_1559	iMM1415.320685	41.0	139	81	1	7	145	19	156	3.73e-34	117
lcl|CP015118.1_prot_ARN19835.1_1561	iEK1008.Rv1106c	38.5	65	40	0	2	66	16	80	5.67e-06	45.8
lcl|CP015118.1_prot_ARN19842.1_1569	iJN1463.PP_1625	52.6	97	44	1	1	97	1	95	1.13e-35	117
lcl|CP015118.1_prot_ARN19843.1_1570	iSbBS512_1146.SbBS512_E3762	28.5	137	87	4	76	202	75	210	1.24e-05	44.7
lcl|CP015118.1_prot_ARN19843.1_1570	iML1515.b3385	27.7	137	88	3	76	202	75	210	1.68e-05	44.3
lcl|CP015118.1_prot_ARN19843.1_1570	iSDY_1059.SDY_3694	27.7	137	88	3	76	202	75	210	1.68e-05	44.3
lcl|CP015118.1_prot_ARN19843.1_1570	iSF_1195.SF3403	27.7	137	88	3	76	202	75	210	1.68e-05	44.3
lcl|CP015118.1_prot_ARN19843.1_1570	iSSON_1240.SSON_3516	27.7	137	88	3	76	202	75	210	1.68e-05	44.3
lcl|CP015118.1_prot_ARN19843.1_1570	iYL1228.KPN_03756	26.5	113	82	1	90	202	100	211	7.44e-05	42.4
lcl|CP015118.1_prot_ARN19844.1_1571	iEK1008.Rv3703c	28.4	162	82	5	91	224	269	424	1.74e-09	56.6
lcl|CP015118.1_prot_ARN19846.1_1573	iSynCJ816.SGL_RS15515	21.6	171	131	3	130	299	151	319	1.54e-05	45.8
lcl|CP015118.1_prot_ARN19847.1_1574	iEK1008.Rv2435c	38.5	52	32	0	189	240	462	513	2.93e-04	43.1
lcl|CP015118.1_prot_ARN19848.1_1575	iAF987.Gmet_0069	27.3	128	83	1	6	133	3	120	7.89e-10	55.5
lcl|CP015118.1_prot_ARN19848.1_1575	iAF987.Gmet_2999	33.3	81	53	1	47	126	36	116	4.01e-09	53.5
lcl|CP015118.1_prot_ARN19849.1_1576	iAF987.Gmet_1917	33.0	267	163	4	6	264	5	263	2.30e-31	126
lcl|CP015118.1_prot_ARN19850.1_1577	iYL1228.KPN_03112	62.6	163	61	0	13	175	15	177	1.73e-68	207
lcl|CP015118.1_prot_ARN19850.1_1577	iML1515.b2750	62.0	163	62	0	13	175	15	177	6.56e-66	201
lcl|CP015118.1_prot_ARN19850.1_1577	iSDY_1059.SDY_2949	62.0	163	62	0	13	175	15	177	6.56e-66	201
lcl|CP015118.1_prot_ARN19850.1_1577	iSSON_1240.SSON_2898	62.0	163	62	0	13	175	15	177	6.56e-66	201
lcl|CP015118.1_prot_ARN19850.1_1577	iSF_1195.SF2773	61.3	163	63	0	13	175	15	177	5.33e-65	198
lcl|CP015118.1_prot_ARN19850.1_1577	iSbBS512_1146.SbBS512_E3124	61.3	163	63	0	13	175	15	177	1.52e-64	197
lcl|CP015118.1_prot_ARN19850.1_1577	iPC815.YPO3364	56.5	177	76	1	13	189	27	202	2.22e-64	197
lcl|CP015118.1_prot_ARN19850.1_1577	STM_v1_0.STM2933	53.8	182	83	1	13	194	15	195	4.99e-63	193
lcl|CP015118.1_prot_ARN19851.1_1578	iJN1463.PP_4619	26.3	137	94	3	14	144	14	149	1.27e-04	41.2
lcl|CP015118.1_prot_ARN19853.1_1580	iAF987.Gmet_0798	39.0	200	120	1	8	207	7	204	2.74e-37	128
lcl|CP015118.1_prot_ARN19853.1_1580	iAF692.Mbar_A2583	47.3	146	76	1	10	155	10	154	2.89e-37	128
lcl|CP015118.1_prot_ARN19855.1_1582	iJN1463.PP_3581	33.5	424	273	6	219	635	263	684	4.65e-54	196
lcl|CP015118.1_prot_ARN19855.1_1582	iAF987.Gmet_0782	33.7	395	250	5	222	607	305	696	1.96e-53	195
lcl|CP015118.1_prot_ARN19855.1_1582	iAF987.Gmet_2629	32.6	389	257	3	222	605	389	777	1.78e-51	190
lcl|CP015118.1_prot_ARN19855.1_1582	iAF987.Gmet_0987	32.8	393	252	5	222	605	364	753	1.66e-50	187
lcl|CP015118.1_prot_ARN19855.1_1582	iAF987.Gmet_3085	34.9	355	219	5	219	564	460	811	2.75e-49	184
lcl|CP015118.1_prot_ARN19855.1_1582	iAF987.Gmet_0957	30.4	448	300	6	196	636	178	620	9.05e-50	183
lcl|CP015118.1_prot_ARN19856.1_1583	iJN1463.PP_1015	45.9	392	205	3	17	401	30	421	7.08e-125	367
lcl|CP015118.1_prot_ARN23783.1_1584	iSF_1195.SF3615	25.2	361	206	14	319	642	185	518	4.69e-18	89.0
lcl|CP015118.1_prot_ARN23783.1_1584	iML1515.b3571	25.7	315	178	12	319	604	185	472	8.15e-18	88.2
lcl|CP015118.1_prot_ARN23783.1_1584	iSbBS512_1146.SbBS512_E3951	24.7	361	208	14	319	642	185	518	4.27e-17	85.9
lcl|CP015118.1_prot_ARN23783.1_1584	iAF987.Gmet_0833	24.7	604	299	31	322	875	28	525	3.49e-16	82.8
lcl|CP015118.1_prot_ARN23783.1_1584	iYL1228.KPN_03935	25.1	339	180	14	315	615	181	483	3.88e-16	82.8
lcl|CP015118.1_prot_ARN23783.1_1584	iPC815.YPO4080	24.5	372	185	17	324	642	192	520	1.19e-15	81.3
lcl|CP015118.1_prot_ARN23783.1_1584	STM_v1_0.STM3664	24.0	334	168	13	315	604	180	471	2.02e-15	80.5
lcl|CP015118.1_prot_ARN19860.1_1588	iYL1228.KPN_00986	34.3	201	99	8	7	176	3	201	1.84e-15	72.4
lcl|CP015118.1_prot_ARN19860.1_1588	iML1515.b0957	36.1	191	99	9	7	176	3	191	8.47e-15	70.5
lcl|CP015118.1_prot_ARN19860.1_1588	iSbBS512_1146.SbBS512_E2359	36.1	191	99	9	7	176	3	191	8.47e-15	70.5
lcl|CP015118.1_prot_ARN19860.1_1588	iSSON_1240.SSON_0961	36.1	191	99	9	7	176	3	191	8.47e-15	70.5
lcl|CP015118.1_prot_ARN19860.1_1588	iSF_1195.SF0957	34.5	194	102	8	7	176	3	195	7.69e-14	67.8
lcl|CP015118.1_prot_ARN19860.1_1588	iSDY_1059.SDY_0930	34.0	194	103	8	7	176	3	195	2.70e-13	66.2
lcl|CP015118.1_prot_ARN19862.1_1590	iAF987.Gmet_1914	32.1	109	72	1	538	646	2	108	1.25e-04	44.7
lcl|CP015118.1_prot_ARN19863.1_1591	iAF987.Gmet_0069	38.6	127	73	2	9	130	5	131	2.33e-18	82.0
lcl|CP015118.1_prot_ARN19865.1_1594	iAF987.Gmet_1736	42.5	252	136	3	1	248	1	247	2.58e-53	179
lcl|CP015118.1_prot_ARN19876.1_1607	iJN1463.PP_1416	40.0	487	285	5	2	484	1	484	8.13e-107	327
lcl|CP015118.1_prot_ARN19876.1_1607	STM_v1_0.STM2788	37.5	480	295	4	7	483	6	483	1.09e-100	311
lcl|CP015118.1_prot_ARN19878.1_1609	STM_v1_0.STM2916	42.3	213	112	3	7	218	10	212	3.42e-44	147
lcl|CP015118.1_prot_ARN19878.1_1609	iYL1228.KPN_01603	42.7	211	110	3	8	217	6	206	1.15e-43	145
lcl|CP015118.1_prot_ARN19878.1_1609	iML1515.b2738	42.5	212	111	3	7	217	10	211	1.93e-43	145
lcl|CP015118.1_prot_ARN19878.1_1609	iSbBS512_1146.SbBS512_E3136	42.5	212	111	3	7	217	10	211	1.93e-43	145
lcl|CP015118.1_prot_ARN19878.1_1609	iSSON_1240.SSON_2886	42.5	212	111	3	7	217	10	211	1.93e-43	145
lcl|CP015118.1_prot_ARN19883.1_1615	iAF987.Gmet_1706	33.3	123	77	2	13	132	2	122	7.41e-13	66.6
lcl|CP015118.1_prot_ARN19884.1_1616	iAF987.Gmet_0043	28.4	109	67	3	277	374	162	270	1.06e-04	43.9
lcl|CP015118.1_prot_ARN19886.1_1619	iPC815.YPO0058	53.0	328	131	5	3	328	2	308	1.81e-110	323
lcl|CP015118.1_prot_ARN19886.1_1619	iYL1228.KPN_03963	52.1	328	134	5	3	328	2	308	1.19e-108	318
lcl|CP015118.1_prot_ARN19886.1_1619	iML1515.b3619	52.4	328	133	5	3	328	2	308	2.40e-108	318
lcl|CP015118.1_prot_ARN19886.1_1619	iSDY_1059.SDY_4051	52.4	328	133	5	3	328	2	308	2.40e-108	318
lcl|CP015118.1_prot_ARN19886.1_1619	iSbBS512_1146.SbBS512_E4046	52.4	328	133	5	3	328	2	308	4.82e-108	317
lcl|CP015118.1_prot_ARN19886.1_1619	iSF_1195.SF3659	52.4	328	133	5	3	328	2	308	4.82e-108	317
lcl|CP015118.1_prot_ARN19886.1_1619	iSSON_1240.SSON_3786	52.4	328	133	5	3	328	2	308	4.82e-108	317
lcl|CP015118.1_prot_ARN19886.1_1619	STM_v1_0.STM3710	51.5	328	136	5	3	328	2	308	3.91e-107	315
lcl|CP015118.1_prot_ARN19887.1_1620	iML1515.b3052	50.8	301	141	3	16	312	11	308	3.13e-85	264
lcl|CP015118.1_prot_ARN19887.1_1620	iSbBS512_1146.SbBS512_E3483	50.8	301	141	3	16	312	11	308	3.13e-85	264
lcl|CP015118.1_prot_ARN19887.1_1620	iSDY_1059.SDY_3235	50.8	301	141	3	16	312	11	308	3.13e-85	264
lcl|CP015118.1_prot_ARN19887.1_1620	iSF_1195.SF3093	50.7	298	146	1	16	312	11	308	3.13e-85	264
lcl|CP015118.1_prot_ARN19887.1_1620	iSSON_1240.SSON_3189	50.8	301	141	3	16	312	11	308	6.23e-85	263
lcl|CP015118.1_prot_ARN19887.1_1620	STM_v1_0.STM3200	51.2	301	140	3	16	312	11	308	1.24e-84	262
lcl|CP015118.1_prot_ARN19887.1_1620	iJN1463.PP_4934	50.2	309	146	4	8	312	3	307	1.57e-84	262
lcl|CP015118.1_prot_ARN19887.1_1620	iPC815.YPO0654	50.7	298	146	1	16	312	11	308	1.50e-82	257
lcl|CP015118.1_prot_ARN19890.1_1624	iHN637.CLJU_RS10465	32.3	341	223	5	13	347	295	633	9.30e-59	206
lcl|CP015118.1_prot_ARN19891.1_1625	iYL1228.KPN_00936	54.7	439	174	8	7	442	4	420	2.17e-137	409
lcl|CP015118.1_prot_ARN19891.1_1625	STM_v1_0.STM0978	54.9	439	173	8	7	442	4	420	6.90e-136	405
lcl|CP015118.1_prot_ARN19891.1_1625	iPC815.YPO1390	54.9	437	172	8	7	440	5	419	7.13e-136	405
lcl|CP015118.1_prot_ARN19891.1_1625	iSF_1195.SF0903	53.0	445	184	8	7	448	4	426	5.49e-135	402
lcl|CP015118.1_prot_ARN19891.1_1625	iML1515.b0908	53.0	445	184	8	7	448	4	426	1.10e-134	402
lcl|CP015118.1_prot_ARN19891.1_1625	iSbBS512_1146.SbBS512_E2420	53.0	445	184	8	7	448	4	426	1.10e-134	402
lcl|CP015118.1_prot_ARN19891.1_1625	iSSON_1240.SSON_0909	53.0	445	184	8	7	448	4	426	1.10e-134	402
lcl|CP015118.1_prot_ARN19891.1_1625	iSDY_1059.SDY_2353	53.5	439	179	8	7	442	4	420	1.98e-134	401
lcl|CP015118.1_prot_ARN19892.1_1626	iJN1463.PP_1770	39.6	283	171	0	1	283	12	294	2.32e-61	206
lcl|CP015118.1_prot_ARN19892.1_1626	iCN718.ABAYE_RS06470	37.3	292	181	2	1	290	5	296	4.23e-56	192
lcl|CP015118.1_prot_ARN19892.1_1626	iAF987.Gmet_0863	36.2	279	176	2	3	280	5	282	1.55e-58	188
lcl|CP015118.1_prot_ARN19893.1_1627	iJN1463.PP_1769	47.4	363	181	4	11	367	8	366	1.33e-105	314
lcl|CP015118.1_prot_ARN19893.1_1627	iCN718.ABAYE_RS06465	45.2	356	188	4	15	367	17	368	4.50e-96	290
lcl|CP015118.1_prot_ARN19894.1_1628	iJN1463.PP_1768	53.7	367	160	3	3	368	4	361	2.05e-131	380
lcl|CP015118.1_prot_ARN19894.1_1628	iPC815.YPO1389	53.1	373	158	7	1	368	1	361	2.71e-124	362
lcl|CP015118.1_prot_ARN19894.1_1628	iML1515.b0907	52.2	370	167	4	1	368	1	362	2.61e-122	357
lcl|CP015118.1_prot_ARN19894.1_1628	iSDY_1059.SDY_2354	52.2	370	167	4	1	368	1	362	3.70e-122	356
lcl|CP015118.1_prot_ARN19894.1_1628	iSF_1195.SF0902	52.2	370	167	4	1	368	1	362	3.70e-122	356
lcl|CP015118.1_prot_ARN19894.1_1628	iSSON_1240.SSON_0908	52.2	370	167	4	1	368	1	362	3.70e-122	356
lcl|CP015118.1_prot_ARN19894.1_1628	iYL1228.KPN_00935	51.4	370	170	4	1	368	1	362	5.24e-122	356
lcl|CP015118.1_prot_ARN19894.1_1628	iSbBS512_1146.SbBS512_E2421	52.2	370	167	4	1	368	1	362	1.05e-121	355
lcl|CP015118.1_prot_ARN19894.1_1628	STM_v1_0.STM0977	51.4	370	170	4	1	368	1	362	4.25e-121	353
lcl|CP015118.1_prot_ARN19894.1_1628	iCN718.ABAYE_RS04905	50.3	368	171	4	3	368	2	359	1.02e-118	347
lcl|CP015118.1_prot_ARN19897.1_1631	iSF_1195.SF0957	40.4	141	72	3	87	215	201	341	4.06e-21	89.4
lcl|CP015118.1_prot_ARN19897.1_1631	iML1515.b0957	39.5	124	64	2	103	215	216	339	6.76e-19	83.2
lcl|CP015118.1_prot_ARN19897.1_1631	iSbBS512_1146.SbBS512_E2359	39.5	124	64	2	103	215	216	339	6.76e-19	83.2
lcl|CP015118.1_prot_ARN19897.1_1631	iSDY_1059.SDY_0930	39.5	124	64	2	103	215	220	343	6.99e-19	83.2
lcl|CP015118.1_prot_ARN19897.1_1631	iSSON_1240.SSON_0961	39.5	124	64	2	103	215	216	339	6.76e-19	83.2
lcl|CP015118.1_prot_ARN19897.1_1631	iYL1228.KPN_00986	38.8	121	63	2	103	212	226	346	3.59e-18	81.3
lcl|CP015118.1_prot_ARN19898.1_1632	iJN1463.PP_1765	61.9	231	87	1	1	231	1	230	1.83e-105	303
lcl|CP015118.1_prot_ARN19898.1_1632	iCN718.ABAYE_RS19010	61.9	226	85	1	3	227	5	230	1.18e-102	296
lcl|CP015118.1_prot_ARN19899.1_1633	iJN1463.PP_1764	42.3	213	123	0	6	218	3	215	8.17e-55	174
lcl|CP015118.1_prot_ARN19904.1_1638	iJN1463.PP_0112	30.7	251	172	1	7	257	4	252	2.70e-28	108
lcl|CP015118.1_prot_ARN19905.1_1639	iEK1008.Rv3703c	30.3	254	104	13	96	322	190	397	9.37e-12	65.5
lcl|CP015118.1_prot_ARN19906.1_1640	iMM1415.11881	24.2	633	264	23	48	634	44	506	2.24e-29	122
lcl|CP015118.1_prot_ARN19907.1_1641	iJN1463.PP_0145	50.2	532	265	0	1	532	1	532	2.02e-163	476
lcl|CP015118.1_prot_ARN19907.1_1641	iML1515.b4020	48.2	533	275	1	1	533	1	532	4.80e-154	451
lcl|CP015118.1_prot_ARN19908.1_1642	iML1515.b1341	39.7	179	91	5	215	381	237	410	4.10e-27	111
lcl|CP015118.1_prot_ARN19908.1_1642	iJN1463.PP_4405	45.2	166	78	4	221	376	166	328	1.83e-27	110
lcl|CP015118.1_prot_ARN19908.1_1642	iAF987.Gmet_0069	37.4	179	103	3	214	383	128	306	1.26e-26	108
lcl|CP015118.1_prot_ARN19908.1_1642	iSbBS512_1146.SbBS512_E0302	38.4	177	102	3	212	381	189	365	1.01e-25	106
lcl|CP015118.1_prot_ARN19908.1_1642	iSDY_1059.SDY_0358	38.4	177	102	3	212	381	194	370	1.08e-25	106
lcl|CP015118.1_prot_ARN19908.1_1642	iAF987.Gmet_1706	37.9	169	95	5	217	376	139	306	4.50e-24	101
lcl|CP015118.1_prot_ARN19911.1_1645	iMM1415.319945	27.4	230	140	9	4	233	19	221	2.60e-10	60.1
lcl|CP015118.1_prot_ARN19911.1_1645	iCHOv1.100774575	25.7	241	132	7	4	234	17	220	2.72e-09	57.0
lcl|CP015118.1_prot_ARN19911.1_1645	iLB1027_lipid.PHATRDRAFT_12894	31.7	104	67	1	4	107	259	358	2.42e-09	57.0
lcl|CP015118.1_prot_ARN19912.1_1646	iCN718.ABAYE_RS06065	71.9	466	128	2	8	471	5	469	7.40e-254	699
lcl|CP015118.1_prot_ARN19912.1_1646	iPC815.YPO0024	64.9	464	163	0	8	471	6	469	5.40e-235	651
lcl|CP015118.1_prot_ARN19912.1_1646	iJN1463.PP_5046	65.4	471	158	2	1	470	1	467	1.49e-234	650
lcl|CP015118.1_prot_ARN19912.1_1646	iYL1228.KPN_04178	65.7	461	158	0	11	471	1	461	4.68e-234	648
lcl|CP015118.1_prot_ARN19912.1_1646	iML1515.b3870	65.5	464	160	0	8	471	6	469	1.26e-233	647
lcl|CP015118.1_prot_ARN19912.1_1646	iSbBS512_1146.SbBS512_E4346	65.5	464	160	0	8	471	6	469	1.26e-233	647
lcl|CP015118.1_prot_ARN19912.1_1646	iSDY_1059.SDY_3873	65.5	464	160	0	8	471	6	469	1.26e-233	647
lcl|CP015118.1_prot_ARN19912.1_1646	iSF_1195.SF3940	65.5	464	160	0	8	471	6	469	1.26e-233	647
lcl|CP015118.1_prot_ARN19912.1_1646	iSSON_1240.SSON_4042	65.5	464	160	0	8	471	6	469	1.26e-233	647
lcl|CP015118.1_prot_ARN19912.1_1646	STM_v1_0.STM4007	65.5	464	160	0	8	471	6	469	5.12e-233	646
lcl|CP015118.1_prot_ARN19914.1_1648	iAF987.Gmet_0043	36.5	85	46	3	285	363	184	266	8.01e-06	47.4
lcl|CP015118.1_prot_ARN19915.1_1649	iAF987.Gmet_1914	36.2	105	67	0	1	105	1	105	4.65e-13	70.9
lcl|CP015118.1_prot_ARN19915.1_1649	iAF987.Gmet_3476	33.9	118	76	2	4	119	12	129	1.01e-12	69.7
lcl|CP015118.1_prot_ARN19915.1_1649	iAF987.Gmet_1919	33.0	115	77	0	4	118	5	119	1.56e-12	68.6
lcl|CP015118.1_prot_A4W93_08320_1651	iSynCJ816.SGL_RS03840	47.0	149	76	1	13	161	8	153	1.33e-39	132
lcl|CP015118.1_prot_A4W93_08320_1651	iYO844.BSU15600	50.3	143	70	1	13	155	29	170	3.76e-38	129
lcl|CP015118.1_prot_A4W93_08320_1651	iCHOv1.100762413	47.3	150	78	1	13	161	55	204	1.98e-34	126
lcl|CP015118.1_prot_A4W93_08320_1651	iAT_PLT_636.9061	47.3	150	78	1	13	161	55	204	1.98e-34	126
lcl|CP015118.1_prot_A4W93_08320_1651	iMM1415.23971	47.3	150	78	1	13	161	55	204	1.98e-34	126
lcl|CP015118.1_prot_A4W93_08320_1651	iCHOv1.100764888	45.3	161	83	2	13	168	217	377	1.75e-33	124
lcl|CP015118.1_prot_A4W93_08320_1651	iAT_PLT_636.9060	46.0	161	82	2	13	168	45	205	1.30e-33	124
lcl|CP015118.1_prot_A4W93_08320_1651	iMM1415.23972	46.5	144	76	1	13	155	44	187	4.60e-33	122
lcl|CP015118.1_prot_ARN19918.1_1653	iLJ478.TM1724	27.0	222	140	5	13	227	8	214	3.10e-07	49.7
lcl|CP015118.1_prot_ARN19918.1_1653	iSF_1195.SF1556	29.2	178	124	2	14	190	4	180	5.71e-07	48.9
lcl|CP015118.1_prot_ARN19918.1_1653	iYL1228.KPN_02546	28.8	191	131	3	15	203	12	199	1.82e-06	47.4
lcl|CP015118.1_prot_ARN19918.1_1653	iYS854.USA300HOU_RS06185	29.1	158	99	3	14	163	6	158	4.51e-06	46.2
lcl|CP015118.1_prot_ARN19918.1_1653	iML1515.b0493	28.1	185	106	5	14	181	19	193	9.14e-06	45.4
lcl|CP015118.1_prot_ARN19919.1_1654	iEK1008.Rv2763c	48.1	162	77	3	3	162	2	158	3.18e-40	132
lcl|CP015118.1_prot_ARN19920.1_1655	iYL1228.KPN_03236	73.2	257	69	0	1	257	8	264	5.73e-146	408
lcl|CP015118.1_prot_ARN19920.1_1655	iML1515.b2827	71.6	257	73	0	1	257	8	264	1.91e-144	404
lcl|CP015118.1_prot_ARN19920.1_1655	iSSON_1240.SSON_2984	71.6	257	73	0	1	257	8	264	1.91e-144	404
lcl|CP015118.1_prot_ARN19920.1_1655	iSF_1195.SF2837	71.2	257	74	0	1	257	8	264	2.71e-144	404
lcl|CP015118.1_prot_ARN19920.1_1655	iSDY_1059.SDY_3044	71.6	257	73	0	1	257	8	264	3.85e-144	404
lcl|CP015118.1_prot_ARN19920.1_1655	STM_v1_0.STM3001	71.6	257	73	0	1	257	8	264	1.57e-143	402
lcl|CP015118.1_prot_ARN19920.1_1655	iSbBS512_1146.SbBS512_E3035	71.2	257	74	0	1	257	8	264	3.16e-143	401
lcl|CP015118.1_prot_ARN19920.1_1655	iEK1008.Rv2764c	71.6	257	72	1	1	257	8	263	9.68e-140	392
lcl|CP015118.1_prot_ARN19920.1_1655	iPC815.YPO0783	67.3	257	84	0	1	257	8	264	4.52e-136	383
lcl|CP015118.1_prot_ARN19921.1_1656	iAF987.Gmet_2727	37.9	103	64	0	113	215	293	395	3.76e-16	75.9
lcl|CP015118.1_prot_ARN19921.1_1656	iML1515.b0957	38.5	117	61	3	111	216	219	335	9.07e-15	71.6
lcl|CP015118.1_prot_ARN19921.1_1656	iSbBS512_1146.SbBS512_E2359	38.5	117	61	3	111	216	219	335	9.07e-15	71.6
lcl|CP015118.1_prot_ARN19921.1_1656	iSDY_1059.SDY_0930	38.5	117	61	3	111	216	223	339	9.26e-15	71.6
lcl|CP015118.1_prot_ARN19921.1_1656	iSF_1195.SF0957	38.5	117	61	3	111	216	221	337	9.16e-15	71.6
lcl|CP015118.1_prot_ARN19921.1_1656	iSSON_1240.SSON_0961	38.5	117	61	3	111	216	219	335	9.07e-15	71.6
lcl|CP015118.1_prot_ARN19921.1_1656	iYL1228.KPN_00986	36.8	117	63	3	111	216	229	345	3.29e-14	70.1
lcl|CP015118.1_prot_ARN19922.1_1657	iAF987.Gmet_2349	38.7	520	306	6	79	594	60	570	1.46e-95	303
lcl|CP015118.1_prot_ARN23789.1_1659	iJN1463.PP_4211	30.6	418	285	2	62	476	48	463	2.19e-40	150
lcl|CP015118.1_prot_ARN19924.1_1660	iML1515.b3241	21.2	297	166	7	47	338	38	271	6.98e-09	56.6
lcl|CP015118.1_prot_ARN19925.1_1661	iYO844.BSU03070	29.8	483	319	9	24	496	16	488	9.75e-52	183
lcl|CP015118.1_prot_ARN19927.1_1663	iCN900.CD630_36640	26.5	359	256	5	95	448	14	369	2.61e-40	149
lcl|CP015118.1_prot_ARN19932.1_1668	iJN1463.PP_4670	36.1	180	111	4	371	549	247	423	1.09e-19	91.3
lcl|CP015118.1_prot_ARN19932.1_1668	iAF987.Gmet_3085	31.2	170	113	3	371	539	459	625	4.05e-17	84.7
lcl|CP015118.1_prot_ARN19932.1_1668	iAF987.Gmet_1706	32.1	168	109	4	373	539	151	314	6.08e-18	84.7
lcl|CP015118.1_prot_ARN19934.1_1670	iAM_Pc455.PCYB_113330	34.0	203	122	5	445	638	337	536	1.20e-26	117
lcl|CP015118.1_prot_ARN19935.1_1671	iCN900.CD630_09000	23.1	143	86	2	227	369	249	367	1.23e-07	52.8
lcl|CP015118.1_prot_ARN19935.1_1671	iYO844.BSU29700	30.1	133	79	3	232	364	6	124	2.11e-07	50.8
lcl|CP015118.1_prot_ARN19935.1_1671	iEK1008.Rv3411c	44.6	56	30	1	228	282	184	239	8.45e-07	50.4
lcl|CP015118.1_prot_ARN19935.1_1671	iLJ478.TM1347	23.7	135	81	3	236	370	92	204	8.05e-07	50.4
lcl|CP015118.1_prot_ARN19935.1_1671	iYS854.USA300HOU_RS13270	26.6	128	70	3	237	364	258	361	2.98e-06	48.5
lcl|CP015118.1_prot_ARN19944.1_1680	iLJ478.TM1724	35.7	252	151	4	4	252	2	245	3.06e-39	136
lcl|CP015118.1_prot_ARN19947.1_1684	iAF987.Gmet_1991	26.4	144	101	3	217	356	193	335	2.18e-06	50.4
lcl|CP015118.1_prot_ARN19947.1_1684	iAF987.Gmet_0069	34.6	104	55	3	499	597	39	134	3.63e-06	48.9
lcl|CP015118.1_prot_ARN19949.1_1686	iPC815.YPO3364	52.2	180	79	2	32	211	38	210	4.42e-55	174
lcl|CP015118.1_prot_ARN19949.1_1686	iML1515.b2750	54.2	155	71	0	32	186	26	180	3.50e-54	171
lcl|CP015118.1_prot_ARN19949.1_1686	iSbBS512_1146.SbBS512_E3124	54.2	155	71	0	32	186	26	180	3.50e-54	171
lcl|CP015118.1_prot_ARN19949.1_1686	iSDY_1059.SDY_2949	54.2	155	71	0	32	186	26	180	3.50e-54	171
lcl|CP015118.1_prot_ARN19949.1_1686	iSSON_1240.SSON_2898	54.2	155	71	0	32	186	26	180	3.50e-54	171
lcl|CP015118.1_prot_ARN19949.1_1686	iYL1228.KPN_03112	54.2	155	71	0	32	186	26	180	1.41e-53	170
lcl|CP015118.1_prot_ARN19949.1_1686	iSF_1195.SF2773	53.5	155	72	0	32	186	26	180	2.82e-53	169
lcl|CP015118.1_prot_ARN19949.1_1686	STM_v1_0.STM2933	54.2	155	71	0	32	186	26	180	1.13e-52	167
lcl|CP015118.1_prot_ARN19952.1_1689	iPC815.YPO3831	37.0	208	127	4	1	207	1	205	3.89e-40	135
lcl|CP015118.1_prot_ARN19952.1_1689	iML1515.b3824	34.6	208	134	2	1	208	1	206	1.73e-38	131
lcl|CP015118.1_prot_ARN19952.1_1689	iSbBS512_1146.SbBS512_E4291	34.6	208	134	2	1	208	1	206	1.73e-38	131
lcl|CP015118.1_prot_ARN19952.1_1689	STM_v1_0.STM3960	36.4	209	129	4	1	208	1	206	6.90e-38	130
lcl|CP015118.1_prot_ARN19952.1_1689	iYL1228.KPN_04320	34.6	208	134	2	1	208	1	206	9.74e-38	129
lcl|CP015118.1_prot_ARN19958.1_1695	iSynCJ816.SGL_RS03245	40.6	318	182	5	30	344	46	359	1.01e-71	226
lcl|CP015118.1_prot_ARN19958.1_1695	iSynCJ816.SGL_RS15495	37.1	337	201	7	12	344	16	345	1.29e-65	210
lcl|CP015118.1_prot_ARN19959.1_1696	iJN1463.PP_1636	47.1	119	63	0	1	119	1	119	5.89e-28	99.0
lcl|CP015118.1_prot_ARN19959.1_1696	iCN718.ABAYE_RS04660	47.0	117	62	0	3	119	5	121	1.82e-27	97.8
lcl|CP015118.1_prot_ARN19959.1_1696	iYL1228.KPN_04430	54.2	107	49	0	10	116	7	113	2.26e-25	92.4
lcl|CP015118.1_prot_ARN19960.1_1697	iAF987.Gmet_0043	32.5	120	66	4	332	441	125	239	2.69e-07	52.8
lcl|CP015118.1_prot_ARN19961.1_1698	iAF987.Gmet_1914	37.7	106	66	0	2	107	3	108	2.57e-14	70.9
lcl|CP015118.1_prot_ARN19961.1_1698	iAF987.Gmet_0069	36.4	118	71	2	4	117	6	123	4.14e-12	63.9
lcl|CP015118.1_prot_ARN19963.1_1700	iJN1463.PP_0209	45.2	250	135	2	13	262	11	258	6.09e-67	209
lcl|CP015118.1_prot_ARN19963.1_1700	iAF987.Gmet_1899	43.3	224	127	0	13	236	7	230	4.41e-65	203
lcl|CP015118.1_prot_ARN19963.1_1700	iSynCJ816.SGL_RS05565	43.7	222	124	1	13	234	3	223	6.16e-60	190
lcl|CP015118.1_prot_ARN19964.1_1701	iCN900.CD630_19040	28.1	249	175	1	28	276	17	261	2.29e-27	106
lcl|CP015118.1_prot_ARN19964.1_1701	iYO844.BSU08850	28.7	254	175	2	29	282	24	271	2.05e-26	104
lcl|CP015118.1_prot_ARN19966.1_1703	iLB1027_lipid.PHATRDRAFT_39711	29.4	160	95	6	44	189	49	204	2.31e-05	43.5
lcl|CP015118.1_prot_ARN19970.1_1707	iCN900.CD630_19470	42.9	191	106	1	24	211	32	222	2.08e-44	147
lcl|CP015118.1_prot_ARN19970.1_1707	iJN1463.PP_4210	43.6	220	109	4	1	209	1	216	2.09e-40	145
lcl|CP015118.1_prot_ARN19970.1_1707	iYO844.BSU30420	44.8	183	96	3	19	197	23	204	1.26e-40	138
lcl|CP015118.1_prot_ARN19970.1_1707	iJN1463.PP_1722	44.0	166	84	3	8	170	6	165	1.13e-37	133
lcl|CP015118.1_prot_ARN19975.1_1712	iML1515.b4106	56.3	245	104	2	6	247	5	249	6.39e-81	244
lcl|CP015118.1_prot_ARN19976.1_1713	iML1515.b4105	53.2	297	138	1	27	323	29	324	5.21e-107	315
lcl|CP015118.1_prot_ARN19977.1_1714	iJN1463.PP_0827	39.3	257	140	4	19	264	2	253	1.18e-47	158
lcl|CP015118.1_prot_ARN19977.1_1714	iNF517.LLMG_RS01635	41.1	190	112	0	74	263	77	266	1.02e-42	146
lcl|CP015118.1_prot_ARN19981.1_1718	iML1515.b4095	44.0	377	209	1	7	381	1	377	1.74e-104	312
lcl|CP015118.1_prot_ARN23791.1_1719	iML1515.b4096	51.5	231	99	3	5	235	1	218	1.17e-68	210
lcl|CP015118.1_prot_ARN19982.1_1720	iCN900.CD630_35340	40.0	240	143	1	19	258	50	288	6.77e-54	175
lcl|CP015118.1_prot_ARN19983.1_1721	iIS312.TCDM_14202	34.1	135	81	5	8	140	10	138	1.02e-08	50.8
lcl|CP015118.1_prot_ARN19984.1_1722	iML1515.b4098	68.2	274	86	1	3	275	5	278	8.51e-135	382
lcl|CP015118.1_prot_ARN19985.1_1723	iML1515.b4099	58.7	356	141	3	1	355	1	351	2.08e-137	394
lcl|CP015118.1_prot_ARN19986.1_1724	iML1515.b4100	38.0	187	111	3	16	202	10	191	1.43e-25	97.8
lcl|CP015118.1_prot_ARN19987.1_1725	iML1515.b4101	41.4	145	77	5	13	155	6	144	1.30e-22	87.4
lcl|CP015118.1_prot_ARN19990.1_1728	iJN1463.PP_4469	43.2	169	90	3	10	174	16	182	3.32e-29	106
lcl|CP015118.1_prot_ARN19992.1_1730	iJN1463.PP_2407	49.6	141	69	2	5	144	5	144	8.17e-40	130
lcl|CP015118.1_prot_ARN19992.1_1730	iEK1008.Rv2537c	47.5	139	73	0	7	145	8	146	6.24e-39	128
lcl|CP015118.1_prot_ARN19992.1_1730	iAF987.Gmet_0981	43.4	136	77	0	5	140	3	138	1.27e-36	122
lcl|CP015118.1_prot_ARN23792.1_1731	iJN1463.PP_1141	27.3	315	222	3	49	362	48	356	2.64e-28	113
lcl|CP015118.1_prot_ARN23792.1_1731	iAF987.Gmet_1823	23.7	304	222	3	26	320	27	329	1.87e-26	108
lcl|CP015118.1_prot_ARN23792.1_1731	iML1515.b3458	26.9	335	238	4	22	355	21	349	1.84e-24	102
lcl|CP015118.1_prot_ARN23792.1_1731	iSbBS512_1146.SbBS512_E3864	26.9	335	238	4	22	355	21	349	1.84e-24	102
lcl|CP015118.1_prot_ARN23792.1_1731	iSSON_1240.SSON_3696	26.9	335	238	4	22	355	21	349	1.84e-24	102
lcl|CP015118.1_prot_ARN23792.1_1731	STM_v1_0.STM3564	26.0	335	241	4	22	355	21	349	2.51e-24	102
lcl|CP015118.1_prot_ARN19993.1_1732	iCN718.ABAYE_RS07710	37.5	112	65	2	1	108	1	111	8.06e-15	65.1
lcl|CP015118.1_prot_ARN19995.1_1734	iAM_Pc455.PCYB_041150	23.0	452	289	13	1	403	1	442	4.20e-17	82.4
lcl|CP015118.1_prot_ARN19995.1_1734	iAM_Pv461.PVX_002600	29.0	186	121	3	1	175	1	186	2.07e-15	77.4
lcl|CP015118.1_prot_ARN19997.1_1736	iNF517.LLMG_RS01005	35.3	465	260	12	36	463	12	472	4.10e-86	271
lcl|CP015118.1_prot_ARN19997.1_1736	iYS854.USA300HOU_RS11865	34.7	467	263	12	33	463	5	465	5.20e-77	248
lcl|CP015118.1_prot_ARN19998.1_1737	iJN1463.PP_1015	37.6	420	244	10	7	409	7	425	6.80e-77	244
lcl|CP015118.1_prot_ARN19999.1_1738	iJN1463.PP_1016	41.9	277	161	0	21	297	25	301	1.52e-81	248
lcl|CP015118.1_prot_ARN23793.1_1739	iJN1463.PP_1017	47.1	278	138	1	26	303	13	281	3.03e-87	262
lcl|CP015118.1_prot_ARN20000.1_1740	iML1515.b3450	49.3	347	171	2	14	360	15	356	1.30e-103	308
lcl|CP015118.1_prot_ARN20000.1_1740	iSbBS512_1146.SbBS512_E3873	49.0	347	172	2	14	360	15	356	1.48e-102	306
lcl|CP015118.1_prot_ARN20000.1_1740	iPC815.YPO3793	49.9	343	166	3	14	356	15	351	1.53e-102	306
lcl|CP015118.1_prot_ARN20000.1_1740	STM_v1_0.STM3554	49.3	347	171	3	14	360	15	356	2.97e-102	305
lcl|CP015118.1_prot_ARN20000.1_1740	iJN1463.PP_1018	47.8	345	177	1	19	360	21	365	1.64e-100	301
lcl|CP015118.1_prot_ARN20000.1_1740	iYL1228.KPN_03810	49.1	346	171	3	14	359	15	355	1.92e-100	300
lcl|CP015118.1_prot_ARN20000.1_1740	iSynCJ816.SGL_RS17635	49.5	327	144	4	1	316	1	317	3.22e-95	287
lcl|CP015118.1_prot_ARN20000.1_1740	iEK1008.Rv1238	46.4	371	159	9	19	356	20	383	8.34e-92	280
lcl|CP015118.1_prot_ARN20000.1_1740	iEK1008.Rv2038c	47.0	334	155	5	17	342	19	338	1.56e-91	278
lcl|CP015118.1_prot_ARN20006.1_1746	iCN718.ABAYE_RS04050	29.3	515	288	15	71	567	22	478	1.89e-39	150
lcl|CP015118.1_prot_ARN20006.1_1746	iSynCJ816.SGL_RS07160	28.3	537	292	19	58	568	4	473	2.25e-39	150
lcl|CP015118.1_prot_ARN20006.1_1746	iAF987.Gmet_0075	28.4	531	307	15	53	567	3	476	3.88e-38	146
lcl|CP015118.1_prot_ARN20007.1_1747	iCN900.CD630_20500	31.2	250	144	5	213	454	1	230	8.86e-31	118
lcl|CP015118.1_prot_ARN20009.1_1750	iJN1463.PP_3561	34.2	295	177	6	7	290	19	307	2.67e-33	124
lcl|CP015118.1_prot_ARN23795.1_1751	iJN1463.PP_4900	55.8	355	143	4	6	359	7	348	6.31e-139	398
lcl|CP015118.1_prot_ARN23796.1_1753	iML1515.b2817	47.3	446	193	6	10	450	7	415	1.24e-122	363
lcl|CP015118.1_prot_ARN23796.1_1753	iYL1228.KPN_03225	47.8	446	189	6	11	450	8	415	1.24e-122	363
lcl|CP015118.1_prot_ARN23796.1_1753	iSbBS512_1146.SbBS512_E3045	47.3	446	193	6	10	450	7	415	1.24e-122	363
lcl|CP015118.1_prot_ARN23796.1_1753	iSF_1195.SF2828	47.3	446	193	6	10	450	37	445	3.26e-122	363
lcl|CP015118.1_prot_ARN23796.1_1753	iSSON_1240.SSON_2974	47.3	446	193	6	10	450	37	445	3.26e-122	363
lcl|CP015118.1_prot_ARN23796.1_1753	iSDY_1059.SDY_3034	47.3	446	193	6	10	450	37	445	4.61e-122	362
lcl|CP015118.1_prot_ARN23796.1_1753	STM_v1_0.STM2991	47.4	445	194	5	10	450	7	415	2.48e-122	362
lcl|CP015118.1_prot_ARN23796.1_1753	iPC815.YPO1023	46.6	444	194	5	12	450	10	415	2.20e-120	357
lcl|CP015118.1_prot_ARN20010.1_1754	iNF517.LLMG_RS09290	24.4	156	99	4	65	201	40	195	4.27e-05	42.7
lcl|CP015118.1_prot_ARN20029.1_1777	iJN1463.PP_3285	36.4	165	105	0	1	165	1	165	8.03e-27	100
lcl|CP015118.1_prot_ARN20029.1_1777	iML1515.b1400	43.4	173	98	0	1	173	1	173	1.27e-24	94.4
lcl|CP015118.1_prot_ARN20032.1_1780	iYL1228.KPN_04318	28.4	201	137	3	12	207	6	204	5.86e-17	75.5
lcl|CP015118.1_prot_ARN20032.1_1780	STM_v1_0.STM3959	27.1	199	138	3	14	207	8	204	1.14e-16	74.7
lcl|CP015118.1_prot_ARN20032.1_1780	iML1515.b3823	28.2	202	136	4	12	207	6	204	5.94e-16	72.8
lcl|CP015118.1_prot_ARN20032.1_1780	iSbBS512_1146.SbBS512_E4290	27.4	201	139	3	12	207	6	204	8.26e-16	72.4
lcl|CP015118.1_prot_ARN20032.1_1780	iPC815.YPO3832	25.1	199	142	3	12	205	6	202	3.07e-14	68.2
lcl|CP015118.1_prot_ARN23801.1_1784	STM_v1_0.STM1522	28.3	375	265	4	4	376	5	377	4.48e-35	132
lcl|CP015118.1_prot_ARN23801.1_1784	iJN1463.PP_2428	29.2	387	270	4	4	388	20	404	2.77e-34	130
lcl|CP015118.1_prot_ARN23801.1_1784	iYL1228.KPN_01628	28.1	374	255	7	7	373	8	374	7.62e-31	121
lcl|CP015118.1_prot_ARN20035.1_1786	iYL1228.KPN_00755	28.0	214	130	2	20	209	19	232	1.02e-19	83.6
lcl|CP015118.1_prot_ARN20035.1_1786	iPC815.YPO1128	28.2	213	127	5	20	208	19	229	5.51e-19	81.6
lcl|CP015118.1_prot_ARN20035.1_1786	STM_v1_0.STM0757	28.4	215	128	4	20	209	19	232	3.87e-18	79.3
lcl|CP015118.1_prot_ARN20037.1_1788	iAF987.Gmet_2372	64.3	428	152	1	1	427	1	428	1.46e-199	558
lcl|CP015118.1_prot_ARN20037.1_1788	iHN637.CLJU_RS19255	64.1	423	152	0	4	426	7	429	7.63e-198	553
lcl|CP015118.1_prot_ARN20037.1_1788	iYO844.BSU33900	65.9	428	144	1	1	426	1	428	5.80e-197	551
lcl|CP015118.1_prot_ARN20037.1_1788	iJN1463.PP_1612	65.1	427	145	1	1	423	1	427	3.22e-196	549
lcl|CP015118.1_prot_ARN20037.1_1788	iCN900.CD630_31700	64.6	429	150	1	1	427	1	429	1.35e-195	548
lcl|CP015118.1_prot_ARN20037.1_1788	iYL1228.KPN_03123	65.2	425	143	2	1	420	1	425	4.53e-192	539
lcl|CP015118.1_prot_ARN20037.1_1788	iSSON_1240.SSON_2936	65.2	425	143	2	1	420	1	425	1.30e-191	538
lcl|CP015118.1_prot_ARN20037.1_1788	STM_v1_0.STM2952	65.2	425	143	2	1	420	1	425	2.61e-191	537
lcl|CP015118.1_prot_ARN20037.1_1788	iML1515.b2779	65.2	425	143	2	1	420	1	425	3.70e-191	536
lcl|CP015118.1_prot_ARN20037.1_1788	iSbBS512_1146.SbBS512_E3094	65.2	425	143	2	1	420	1	425	3.70e-191	536
lcl|CP015118.1_prot_ARN20037.1_1788	iSDY_1059.SDY_2996	65.2	425	143	2	1	420	1	425	3.70e-191	536
lcl|CP015118.1_prot_ARN20037.1_1788	iSF_1195.SF2794	65.2	425	143	2	1	420	1	425	3.70e-191	536
lcl|CP015118.1_prot_ARN20037.1_1788	iPC815.YPO3376	64.9	424	144	2	1	419	1	424	3.57e-191	536
lcl|CP015118.1_prot_ARN20037.1_1788	iNF517.LLMG_RS03215	63.4	432	153	3	1	427	1	432	7.72e-191	536
lcl|CP015118.1_prot_ARN20037.1_1788	iCN718.ABAYE_RS08670	64.2	430	148	3	1	426	1	428	5.15e-188	528
lcl|CP015118.1_prot_ARN20037.1_1788	iYS854.USA300HOU_RS04205	62.5	432	156	3	1	426	1	432	2.49e-187	527
lcl|CP015118.1_prot_ARN20037.1_1788	iLJ478.TM0877	63.0	424	157	0	4	427	3	426	2.25e-186	524
lcl|CP015118.1_prot_ARN20038.1_1789	iAF987.Gmet_1277	58.4	267	105	1	8	274	12	272	1.67e-102	300
lcl|CP015118.1_prot_ARN20039.1_1790	STM_v1_0.STM2953	60.3	542	210	3	2	542	3	540	1.10e-241	674
lcl|CP015118.1_prot_ARN20039.1_1790	iYL1228.KPN_03124	60.1	542	211	3	2	542	3	540	1.27e-240	672
lcl|CP015118.1_prot_ARN20039.1_1790	iPC815.YPO3377	59.6	542	214	3	2	542	3	540	7.31e-240	670
lcl|CP015118.1_prot_ARN20039.1_1790	iJN1463.PP_1610	61.5	543	204	3	1	542	1	539	1.32e-239	669
lcl|CP015118.1_prot_ARN20039.1_1790	iML1515.b2780	59.2	542	216	3	2	542	3	540	7.96e-237	662
lcl|CP015118.1_prot_ARN20039.1_1790	iSbBS512_1146.SbBS512_E3093	59.2	542	216	3	2	542	3	540	7.96e-237	662
lcl|CP015118.1_prot_ARN20039.1_1790	iSDY_1059.SDY_2997	59.2	542	216	3	2	542	3	540	7.96e-237	662
lcl|CP015118.1_prot_ARN20039.1_1790	iSF_1195.SF2795	59.2	542	216	3	2	542	3	540	7.96e-237	662
lcl|CP015118.1_prot_ARN20039.1_1790	iSSON_1240.SSON_2937	59.2	542	216	3	2	542	3	540	7.96e-237	662
lcl|CP015118.1_prot_ARN20039.1_1790	iCN718.ABAYE_RS08660	57.9	549	223	6	1	545	1	545	5.07e-228	640
lcl|CP015118.1_prot_ARN20039.1_1790	iAF987.Gmet_1276	57.0	547	218	7	2	545	3	535	2.19e-215	607
lcl|CP015118.1_prot_ARN20040.1_1791	iCHOv1.100767455	34.9	106	61	3	11	109	55	159	5.11e-09	55.8
lcl|CP015118.1_prot_ARN20044.1_1795	iJN1463.PP_0838	47.5	265	135	2	5	265	1	265	1.64e-83	253
lcl|CP015118.1_prot_ARN20044.1_1795	iSDY_1059.SDY_2729	47.9	259	134	1	5	263	1	258	5.14e-81	247
lcl|CP015118.1_prot_ARN20044.1_1795	iML1515.b2533	47.9	259	134	1	5	263	1	258	1.03e-80	246
lcl|CP015118.1_prot_ARN20044.1_1795	iSbBS512_1146.SbBS512_E2908	47.9	259	134	1	5	263	1	258	1.03e-80	246
lcl|CP015118.1_prot_ARN20044.1_1795	iYL1228.KPN_02865	46.5	260	138	1	5	264	1	259	2.06e-80	245
lcl|CP015118.1_prot_ARN20044.1_1795	iSF_1195.SF2580	49.2	250	126	1	5	254	1	249	4.13e-80	244
lcl|CP015118.1_prot_ARN20044.1_1795	STM_v1_0.STM2546	47.1	259	136	1	5	263	1	258	8.27e-80	244
lcl|CP015118.1_prot_ARN20044.1_1795	iSSON_1240.SSON_2615	47.5	259	135	1	5	263	1	258	1.66e-79	243
lcl|CP015118.1_prot_ARN20044.1_1795	iPC815.YPO2899	45.1	255	139	1	5	259	1	254	1.10e-74	231
lcl|CP015118.1_prot_ARN20046.1_1797	iJN1463.PP_0840	57.6	231	92	3	1	226	1	230	6.26e-87	258
lcl|CP015118.1_prot_ARN20046.1_1797	iCN718.ABAYE_RS11130	50.8	260	115	4	1	252	1	255	5.66e-80	241
lcl|CP015118.1_prot_ARN20048.1_1799	iAF987.Gmet_3085	40.5	692	384	9	148	826	207	883	2.93e-152	469
lcl|CP015118.1_prot_ARN20048.1_1799	iAF987.Gmet_0987	46.2	524	271	3	312	827	264	784	2.45e-142	439
lcl|CP015118.1_prot_ARN20048.1_1799	iAF987.Gmet_0957	50.1	439	218	1	389	826	181	619	1.87e-139	427
lcl|CP015118.1_prot_ARN20050.1_1801	iML1515.b0009	68.6	188	56	1	13	197	4	191	1.77e-83	245
lcl|CP015118.1_prot_ARN20050.1_1801	iSbBS512_1146.SbBS512_E0009	68.6	188	56	1	13	197	4	191	1.77e-83	245
lcl|CP015118.1_prot_ARN20050.1_1801	iSF_1195.SF0010	68.6	188	56	1	13	197	4	191	1.77e-83	245
lcl|CP015118.1_prot_ARN20050.1_1801	iSSON_1240.SSON_0010	68.6	188	56	1	13	197	4	191	1.77e-83	245
lcl|CP015118.1_prot_ARN20050.1_1801	iSDY_1059.SDY_0009	68.1	188	57	1	13	197	4	191	5.86e-82	241
lcl|CP015118.1_prot_ARN20051.1_1802	iCN718.ABAYE_RS15815	33.1	145	87	3	11	150	8	147	9.04e-10	55.1
lcl|CP015118.1_prot_ARN20053.1_1804	iJN1463.PP_1169	22.7	277	194	8	55	321	48	314	1.28e-07	52.4
lcl|CP015118.1_prot_ARN20057.1_1808	iJN1463.PP_0231	39.1	276	164	1	1	272	1	276	2.45e-49	164
lcl|CP015118.1_prot_ARN20058.1_1809	iAF987.Gmet_1899	54.5	220	99	1	5	224	7	225	7.75e-79	239
lcl|CP015118.1_prot_ARN20058.1_1809	iSynCJ816.SGL_RS05565	53.5	230	103	2	4	233	2	227	1.41e-74	228
lcl|CP015118.1_prot_ARN20058.1_1809	iJN1463.PP_0209	54.8	199	90	0	19	217	23	221	3.53e-71	220
lcl|CP015118.1_prot_ARN20059.1_1810	iML1515.b0936	31.0	229	124	10	12	227	15	222	7.00e-12	65.1
lcl|CP015118.1_prot_ARN20059.1_1810	iSF_1195.SF0935	30.6	219	138	8	12	227	29	236	7.60e-12	65.1
lcl|CP015118.1_prot_ARN20059.1_1810	iSSON_1240.SSON_0939	30.1	219	139	8	12	227	29	236	1.02e-11	64.7
lcl|CP015118.1_prot_ARN20059.1_1810	iSbBS512_1146.SbBS512_E2382	29.5	217	143	6	12	227	29	236	5.98e-11	62.4
lcl|CP015118.1_prot_ARN20059.1_1810	iSDY_1059.SDY_2320	28.6	217	145	6	12	227	15	222	1.42e-10	61.2
lcl|CP015118.1_prot_ARN20059.1_1810	iYL1228.KPN_00972	30.3	201	128	7	11	208	15	206	1.81e-10	60.8
lcl|CP015118.1_prot_ARN20060.1_1811	iJN1463.PP_0230	40.3	268	153	7	25	288	12	276	2.08e-52	172
lcl|CP015118.1_prot_ARN20060.1_1811	iCN718.ABAYE_RS11215	38.7	282	165	8	11	288	3	280	3.06e-49	165
lcl|CP015118.1_prot_ARN20060.1_1811	iYL1228.KPN_00314	36.6	268	163	4	25	288	14	278	1.30e-48	163
lcl|CP015118.1_prot_ARN20060.1_1811	iPC815.YPO0185	36.4	269	164	5	25	289	14	279	1.96e-47	160
lcl|CP015118.1_prot_ARN20060.1_1811	iML1515.b0368	35.1	268	167	6	25	288	14	278	5.61e-47	159
lcl|CP015118.1_prot_ARN20060.1_1811	iSDY_1059.SDY_0502	34.7	268	168	6	25	288	14	278	1.56e-46	157
lcl|CP015118.1_prot_ARN20060.1_1811	iSF_1195.SF0250	34.7	268	168	6	25	288	14	278	2.20e-46	157
lcl|CP015118.1_prot_ARN20062.1_1814	iMM1415.22273	32.5	268	166	4	13	280	47	299	4.30e-37	140
lcl|CP015118.1_prot_ARN20062.1_1814	iAT_PLT_636.7384	32.5	209	140	1	13	221	47	254	3.74e-35	135
lcl|CP015118.1_prot_ARN20062.1_1814	iCHOv1.100766805	32.1	243	151	3	38	280	14	242	2.01e-33	129
lcl|CP015118.1_prot_ARN20062.1_1814	iAM_Pb448.PBANKA_083440	32.4	219	140	4	14	228	36	250	4.26e-33	129
lcl|CP015118.1_prot_ARN20063.1_1815	iMM904.YML086C	30.8	107	74	0	109	215	91	197	1.19e-09	60.1
lcl|CP015118.1_prot_ARN20066.1_1819	iSynCJ816.SGL_RS10910	49.0	439	208	3	8	445	9	432	7.77e-138	404
lcl|CP015118.1_prot_ARN20067.1_1820	iSynCJ816.SGL_RS10915	37.5	176	105	1	1	171	1	176	3.70e-34	118
lcl|CP015118.1_prot_ARN20071.1_1824	iCN718.ABAYE_RS13220	81.7	442	81	0	2	443	5	446	6.93e-265	724
lcl|CP015118.1_prot_ARN20071.1_1824	iPC815.YPO1570	80.0	439	88	0	1	439	1	439	1.34e-257	706
lcl|CP015118.1_prot_ARN20071.1_1824	iSbBS512_1146.SbBS512_E3599	79.3	439	91	0	1	439	1	439	2.84e-257	705
lcl|CP015118.1_prot_ARN20071.1_1824	iML1515.b3172	79.0	439	92	0	1	439	1	439	8.13e-257	704
lcl|CP015118.1_prot_ARN20071.1_1824	iSF_1195.SF3213	79.0	439	92	0	1	439	1	439	1.15e-256	704
lcl|CP015118.1_prot_ARN20071.1_1824	iSSON_1240.SSON_3320	79.0	439	92	0	1	439	1	439	1.64e-256	703
lcl|CP015118.1_prot_ARN20071.1_1824	iSDY_1059.SDY_3351	78.8	439	93	0	1	439	1	439	3.31e-256	702
lcl|CP015118.1_prot_ARN20071.1_1824	iYL1228.KPN_03580	78.4	439	95	0	1	439	1	439	1.49e-252	693
lcl|CP015118.1_prot_ARN20073.1_1826	iNF517.LLMG_RS05245	22.1	290	201	8	7	285	5	280	2.38e-13	69.3
lcl|CP015118.1_prot_ARN20074.1_1827	iCN718.ABAYE_RS08080	37.0	954	503	23	4	914	19	917	1.34e-187	564
lcl|CP015118.1_prot_ARN20074.1_1827	iSynCJ816.SGL_RS06575	41.1	725	393	10	1	711	7	711	5.79e-177	529
lcl|CP015118.1_prot_ARN20074.1_1827	iJN1463.PP_1703	40.3	732	389	11	2	709	4	711	6.43e-164	514
lcl|CP015118.1_prot_A4W93_09205_1828	iYO844.BSU03300	52.6	390	182	2	1	390	1	387	5.82e-137	410
lcl|CP015118.1_prot_A4W93_09205_1828	iYS854.USA300HOU_RS12975	50.6	391	190	2	1	391	1	388	8.83e-132	397
lcl|CP015118.1_prot_ARN20075.1_1829	iYS854.USA300HOU_RS06130	26.2	267	180	7	252	514	9	262	9.55e-20	92.8
lcl|CP015118.1_prot_ARN20076.1_1830	iJN1463.PP_2092	42.1	390	225	1	6	394	12	401	1.23e-93	286
lcl|CP015118.1_prot_ARN20076.1_1830	iYO844.BSU03330	39.4	396	236	3	8	401	6	399	2.04e-89	275
lcl|CP015118.1_prot_ARN23805.1_1831	iSbBS512_1146.SbBS512_E0302	29.2	171	118	3	151	320	198	366	1.57e-09	58.2
lcl|CP015118.1_prot_ARN23805.1_1831	iSDY_1059.SDY_0358	28.7	171	119	3	151	320	203	371	6.79e-09	56.2
lcl|CP015118.1_prot_ARN23805.1_1831	iAF987.Gmet_1914	28.0	157	112	1	161	316	296	452	3.39e-08	54.3
lcl|CP015118.1_prot_ARN23805.1_1831	iAF987.Gmet_1298	27.2	169	121	2	159	325	185	353	3.66e-08	53.9
lcl|CP015118.1_prot_ARN23805.1_1831	iAF987.Gmet_2721	26.0	169	109	2	159	318	504	665	1.28e-07	52.8
lcl|CP015118.1_prot_ARN23805.1_1831	iJN1463.PP_4670	27.5	160	115	1	157	315	247	406	1.35e-07	52.4
lcl|CP015118.1_prot_ARN20080.1_1835	STM_v1_0.STM4130	28.2	613	387	18	17	597	10	601	8.59e-48	176
lcl|CP015118.1_prot_ARN20080.1_1835	iPC815.YPO3910	27.9	623	382	19	25	604	27	625	1.80e-46	173
lcl|CP015118.1_prot_ARN20080.1_1835	iML1515.b3966	27.9	616	389	17	16	597	7	601	1.77e-45	170
lcl|CP015118.1_prot_ARN20080.1_1835	iSSON_1240.SSON_4139	27.9	616	389	17	16	597	7	601	1.77e-45	170
lcl|CP015118.1_prot_ARN20080.1_1835	iSDY_1059.SDY_3762	27.2	621	387	16	16	597	7	601	8.42e-45	168
lcl|CP015118.1_prot_ARN20080.1_1835	iYL1228.KPN_04255	26.3	613	403	14	17	597	10	605	1.21e-44	167
lcl|CP015118.1_prot_ARN20080.1_1835	iSF_1195.SF4048	27.9	616	389	17	16	597	7	601	3.99e-44	166
lcl|CP015118.1_prot_ARN20080.1_1835	iJN1463.PP_0525	26.9	584	373	13	32	589	55	610	8.67e-43	162
lcl|CP015118.1_prot_ARN20081.1_1836	iJN1463.PP_1678	46.6	178	83	3	8	185	4	169	3.65e-36	124
lcl|CP015118.1_prot_ARN20082.1_1837	iYO844.BSU33180	28.2	273	180	8	22	283	40	307	4.12e-23	96.3
lcl|CP015118.1_prot_ARN20083.1_1838	iJN1463.PP_4688	42.1	304	160	6	43	337	48	344	6.76e-52	174
lcl|CP015118.1_prot_ARN20083.1_1838	iYL1228.KPN_02169	39.4	327	177	6	14	337	20	328	2.82e-50	170
lcl|CP015118.1_prot_ARN23806.1_1839	iYS854.USA300HOU_RS03500	41.7	206	118	2	28	231	32	237	2.73e-44	149
lcl|CP015118.1_prot_ARN23806.1_1839	iML1515.b4287	42.9	233	131	2	1	231	3	235	2.95e-44	149
lcl|CP015118.1_prot_ARN23806.1_1839	iSSON_1240.SSON_4459	42.9	233	131	2	1	231	3	235	2.95e-44	149
lcl|CP015118.1_prot_ARN23806.1_1839	iJN1463.PP_2592	43.2	234	124	5	5	231	6	237	1.40e-42	145
lcl|CP015118.1_prot_ARN23806.1_1839	iYL1228.KPN_00606	41.1	214	123	3	6	216	13	226	7.09e-41	140
lcl|CP015118.1_prot_ARN23806.1_1839	iSSON_1240.SSON_0539	44.3	192	105	2	27	216	35	226	8.47e-41	140
lcl|CP015118.1_prot_ARN23806.1_1839	iML1515.b0588	44.3	192	105	2	27	216	35	226	1.68e-40	140
lcl|CP015118.1_prot_ARN23806.1_1839	iSDY_1059.SDY_0519	44.3	192	105	2	27	216	35	226	1.68e-40	140
lcl|CP015118.1_prot_ARN23806.1_1839	iSF_1195.SF0502	44.3	192	105	2	27	216	35	226	1.68e-40	140
lcl|CP015118.1_prot_ARN23806.1_1839	STM_v1_0.STM0590	39.3	229	136	3	6	231	13	241	1.98e-40	139
lcl|CP015118.1_prot_ARN23806.1_1839	iSbBS512_1146.SbBS512_E0489	44.3	192	105	2	27	216	35	226	2.36e-40	139
lcl|CP015118.1_prot_ARN23806.1_1839	iPC815.YPO3392	39.8	231	136	3	4	231	14	244	3.92e-40	139
lcl|CP015118.1_prot_ARN23806.1_1839	iYL1228.KPN_00166	41.3	208	119	3	12	216	23	230	1.12e-39	137
lcl|CP015118.1_prot_ARN23806.1_1839	iSF_1195.SF0143	41.3	208	119	3	12	216	23	230	1.58e-39	137
lcl|CP015118.1_prot_ARN23806.1_1839	iSSON_1240.SSON_0163	41.3	208	119	3	12	216	23	230	1.58e-39	137
lcl|CP015118.1_prot_ARN23806.1_1839	iSynCJ816.SGL_RS01940	38.9	234	140	3	1	231	10	243	1.70e-39	137
lcl|CP015118.1_prot_ARN23806.1_1839	iML1515.b0151	41.3	208	119	3	12	216	23	230	3.13e-39	136
lcl|CP015118.1_prot_ARN23806.1_1839	iSbBS512_1146.SbBS512_E0143	41.3	208	119	3	12	216	23	230	3.13e-39	136
lcl|CP015118.1_prot_ARN23806.1_1839	iSDY_1059.SDY_0167	41.3	208	119	3	12	216	23	230	3.13e-39	136
lcl|CP015118.1_prot_ARN20084.1_1840	iJN1463.PP_1673	61.3	426	164	1	5	430	7	431	2.55e-168	479
lcl|CP015118.1_prot_ARN20085.1_1841	iYL1228.KPN_01266	45.0	171	93	1	18	188	26	195	2.32e-47	153
lcl|CP015118.1_prot_ARN20085.1_1841	iEK1008.Rv2849c	44.0	184	85	3	22	188	24	206	3.65e-46	150
lcl|CP015118.1_prot_ARN20085.1_1841	iSDY_1059.SDY_1340	43.9	171	95	1	18	188	26	195	2.13e-45	148
lcl|CP015118.1_prot_ARN20085.1_1841	iML1515.b1270	43.9	171	95	1	18	188	26	195	4.26e-45	147
lcl|CP015118.1_prot_ARN20085.1_1841	iSSON_1240.SSON_1873	43.3	171	96	1	18	188	26	195	6.03e-45	147
lcl|CP015118.1_prot_ARN20085.1_1841	iSF_1195.SF1272	42.7	171	97	1	18	188	26	195	1.71e-44	145
lcl|CP015118.1_prot_ARN20085.1_1841	STM_v1_0.STM1718	43.3	171	96	1	18	188	26	195	6.86e-44	144
lcl|CP015118.1_prot_ARN20085.1_1841	iPC815.YPO2214	42.0	169	97	1	20	188	28	195	3.12e-42	140
lcl|CP015118.1_prot_ARN20086.1_1842	iYL1228.KPN_03199	35.0	266	157	5	5	255	4	268	3.41e-41	144
lcl|CP015118.1_prot_ARN20086.1_1842	STM_v1_0.STM2034	33.2	265	163	5	5	255	4	268	3.64e-40	142
lcl|CP015118.1_prot_ARN20086.1_1842	iJN1463.PP_1675	41.3	264	137	10	1	255	6	260	3.32e-37	134
lcl|CP015118.1_prot_ARN20087.1_1843	iJN1463.PP_0967	27.6	330	193	13	18	314	29	345	7.89e-10	58.9
lcl|CP015118.1_prot_ARN20088.1_1844	STM_v1_0.STM2019	46.2	457	229	9	4	450	3	452	1.37e-110	336
lcl|CP015118.1_prot_ARN20088.1_1844	iEK1008.Rv0255c	43.5	494	241	8	6	481	4	477	6.00e-109	332
lcl|CP015118.1_prot_ARN20088.1_1844	iYL1228.KPN_03184	43.6	454	243	8	5	450	4	452	3.84e-104	320
lcl|CP015118.1_prot_ARN20088.1_1844	iJN1463.PP_1677	43.0	493	248	9	6	481	4	480	2.43e-102	314
lcl|CP015118.1_prot_ARN20088.1_1844	iAF987.Gmet_0485	39.6	510	262	11	4	482	296	790	2.21e-95	305
lcl|CP015118.1_prot_ARN20088.1_1844	iSynCJ816.SGL_RS15620	40.6	493	256	12	4	472	2	481	1.40e-98	305
lcl|CP015118.1_prot_ARN20089.1_1845	iAF987.Gmet_0467	45.6	333	178	1	13	342	15	347	2.29e-85	261
lcl|CP015118.1_prot_ARN20089.1_1845	iJN1463.PP_1679	44.7	338	184	1	13	347	14	351	2.49e-78	243
lcl|CP015118.1_prot_ARN23807.1_1846	iAF987.Gmet_0468	38.2	249	138	8	6	250	24	260	1.34e-25	101
lcl|CP015118.1_prot_ARN23807.1_1846	iYL1228.KPN_02464	37.4	265	130	10	5	253	2	246	6.39e-25	99.0
lcl|CP015118.1_prot_ARN20090.1_1847	iYL1228.KPN_00670	30.1	163	93	7	15	164	15	169	1.09e-05	43.9
lcl|CP015118.1_prot_ARN20093.1_1851	iJN1463.PP_1972	63.6	396	144	0	3	398	2	397	8.00e-175	493
lcl|CP015118.1_prot_ARN20095.1_1853	iMM1415.11431	37.3	150	90	3	7	154	9	156	9.75e-28	100
lcl|CP015118.1_prot_ARN23809.1_1855	iML1515.b2530	65.8	401	135	1	6	404	4	404	5.98e-194	541
lcl|CP015118.1_prot_ARN23809.1_1855	iSbBS512_1146.SbBS512_E2905	65.8	401	135	1	6	404	4	404	5.98e-194	541
lcl|CP015118.1_prot_ARN23809.1_1855	iSDY_1059.SDY_2726	65.8	401	135	1	6	404	12	412	7.97e-194	541
lcl|CP015118.1_prot_ARN23809.1_1855	iSF_1195.SF2577	65.8	401	135	1	6	404	4	404	5.98e-194	541
lcl|CP015118.1_prot_ARN23809.1_1855	iSSON_1240.SSON_2612	65.8	401	135	1	6	404	12	412	7.97e-194	541
lcl|CP015118.1_prot_ARN23809.1_1855	STM_v1_0.STM2543	65.6	401	136	1	6	404	4	404	6.94e-193	539
lcl|CP015118.1_prot_ARN23809.1_1855	iYL1228.KPN_02862	65.1	401	138	1	6	404	4	404	2.81e-192	537
lcl|CP015118.1_prot_ARN23809.1_1855	iJN1463.PP_0842	66.6	401	132	1	6	404	4	404	1.53e-189	530
lcl|CP015118.1_prot_ARN23809.1_1855	iPC815.YPO2896	65.1	401	138	1	6	404	9	409	1.83e-189	530
lcl|CP015118.1_prot_ARN20097.1_1856	iML1515.b2529	84.0	125	19	1	1	125	1	124	2.33e-71	209
lcl|CP015118.1_prot_ARN20097.1_1856	iSDY_1059.SDY_2725	84.0	125	19	1	1	125	1	124	2.33e-71	209
lcl|CP015118.1_prot_ARN20097.1_1856	iSF_1195.SF2576	84.0	125	19	1	1	125	1	124	2.33e-71	209
lcl|CP015118.1_prot_ARN20097.1_1856	iSSON_1240.SSON_2611	84.0	125	19	1	1	125	1	124	2.33e-71	209
lcl|CP015118.1_prot_ARN20097.1_1856	iSbBS512_1146.SbBS512_E2904	83.2	125	20	1	1	125	1	124	5.47e-70	206
lcl|CP015118.1_prot_ARN20097.1_1856	iJN1463.PP_0843	79.5	127	25	1	1	127	1	126	7.45e-68	200
lcl|CP015118.1_prot_ARN20098.1_1857	iJN1463.PP_0844	67.3	107	35	0	1	107	1	107	4.35e-53	161
lcl|CP015118.1_prot_ARN20098.1_1857	iML1515.b2528	64.5	107	38	0	1	107	1	107	2.94e-51	156
lcl|CP015118.1_prot_ARN20098.1_1857	iSbBS512_1146.SbBS512_E2903	64.5	107	38	0	1	107	3	109	3.12e-51	156
lcl|CP015118.1_prot_ARN20098.1_1857	iSDY_1059.SDY_2724	64.5	107	38	0	1	107	1	107	2.94e-51	156
lcl|CP015118.1_prot_ARN20098.1_1857	iSF_1195.SF2575	64.5	107	38	0	1	107	1	107	2.94e-51	156
lcl|CP015118.1_prot_ARN20098.1_1857	iSSON_1240.SSON_2610	64.5	107	38	0	1	107	1	107	2.94e-51	156
lcl|CP015118.1_prot_ARN20100.1_1859	iML1515.b0650	32.0	571	340	9	20	567	6	551	4.35e-73	244
lcl|CP015118.1_prot_ARN20100.1_1859	iSSON_1240.SSON_0604	31.5	569	346	7	20	567	6	551	6.08e-73	244
lcl|CP015118.1_prot_ARN20100.1_1859	iSbBS512_1146.SbBS512_E0599	32.0	571	340	9	20	567	6	551	8.48e-73	243
lcl|CP015118.1_prot_ARN20100.1_1859	STM_v1_0.STM0659	33.9	472	282	6	20	485	6	453	6.87e-71	238
lcl|CP015118.1_prot_ARN20101.1_1860	iJN1463.PP_0847	53.6	110	51	0	1	110	1	110	6.89e-41	130
lcl|CP015118.1_prot_ARN20103.1_1862	iAF987.Gmet_0069	31.5	124	81	2	3	124	5	126	1.00e-13	65.5
lcl|CP015118.1_prot_ARN20105.1_1864	iSynCJ816.SGL_RS16580	58.3	252	103	2	5	255	4	254	1.91e-91	283
lcl|CP015118.1_prot_ARN20105.1_1864	iSynCJ816.SGL_RS06580	52.1	257	122	1	5	261	18	273	3.85e-90	270
lcl|CP015118.1_prot_ARN20105.1_1864	iSynCJ816.SGL_RS16585	50.6	261	128	1	5	265	23	282	5.87e-88	262
lcl|CP015118.1_prot_ARN20105.1_1864	iSynCJ816.SGL_RS06585	54.4	252	113	2	5	255	4	254	3.02e-82	259
lcl|CP015118.1_prot_ARN20106.1_1865	iSynCJ816.SGL_RS06590	47.7	260	133	3	29	287	2	259	7.31e-76	233
lcl|CP015118.1_prot_ARN20107.1_1866	iSynCJ816.SGL_RS06595	38.6	391	225	9	40	417	55	443	1.58e-85	267
lcl|CP015118.1_prot_ARN20113.1_1872	iHN637.CLJU_RS10465	46.5	71	37	1	623	692	562	632	1.68e-10	63.9
lcl|CP015118.1_prot_ARN20114.1_1873	iEK1008.Rv3777	48.7	310	153	2	21	327	21	327	1.19e-91	276
lcl|CP015118.1_prot_ARN20115.1_1874	iJN1463.PP_4715	53.6	250	112	4	1	246	1	250	2.54e-74	226
lcl|CP015118.1_prot_ARN20115.1_1874	STM_v1_0.STM4081	50.6	249	119	3	1	245	1	249	1.74e-70	216
lcl|CP015118.1_prot_ARN20115.1_1874	iML1515.b3919	49.8	249	121	3	1	245	1	249	2.82e-69	213
lcl|CP015118.1_prot_ARN20115.1_1874	iSbBS512_1146.SbBS512_E4399	49.8	249	121	3	1	245	1	249	2.82e-69	213
lcl|CP015118.1_prot_ARN20115.1_1874	iSDY_1059.SDY_3826	49.8	249	121	3	1	245	1	249	2.82e-69	213
lcl|CP015118.1_prot_ARN20115.1_1874	iSF_1195.SF3997	49.8	249	121	3	1	245	1	249	2.82e-69	213
lcl|CP015118.1_prot_ARN20115.1_1874	iSSON_1240.SSON_4088	49.8	249	121	3	1	245	1	249	2.82e-69	213
lcl|CP015118.1_prot_ARN20115.1_1874	iYL1228.KPN_04005	50.6	243	116	3	7	245	1	243	4.69e-69	212
lcl|CP015118.1_prot_ARN20115.1_1874	iPC815.YPO0085	50.8	252	114	5	1	245	1	249	1.83e-67	208
lcl|CP015118.1_prot_ARN20117.1_1876	iAF987.Gmet_3355	46.2	117	63	0	3	119	2	118	5.41e-36	119
lcl|CP015118.1_prot_ARN20118.1_1877	iMM1415.75406	80.8	146	28	0	11	156	73	218	1.60e-89	259
lcl|CP015118.1_prot_ARN20118.1_1877	iCHOv1.100766693	80.1	146	29	0	11	156	68	213	7.81e-89	258
lcl|CP015118.1_prot_ARN20118.1_1877	iLB1027_lipid.PHATRDRAFT_41645	80.1	141	28	0	11	151	15	155	1.31e-89	258
lcl|CP015118.1_prot_ARN20119.1_1878	iAT_PLT_636.4722	44.4	153	77	2	27	179	82	226	1.02e-37	130
lcl|CP015118.1_prot_ARN20119.1_1878	iCHOv1.100761333	44.4	153	77	2	27	179	81	225	2.79e-37	129
lcl|CP015118.1_prot_ARN20120.1_1879	iCHOv1.100768067	60.6	414	136	2	4	417	77	463	2.22e-185	523
lcl|CP015118.1_prot_ARN20120.1_1879	iAT_PLT_636.4720	60.6	414	136	2	4	417	77	463	3.14e-185	522
lcl|CP015118.1_prot_ARN20120.1_1879	iMM1415.226646	60.4	414	137	2	4	417	77	463	3.14e-185	522
lcl|CP015118.1_prot_ARN20121.1_1880	iCHOv1.100757242	40.0	145	86	1	20	164	85	228	2.04e-34	121
lcl|CP015118.1_prot_ARN20121.1_1880	iMM1415.72900	40.0	145	86	1	20	164	66	209	5.17e-34	119
lcl|CP015118.1_prot_ARN20121.1_1880	iAT_PLT_636.4729	38.6	145	88	1	20	164	67	210	2.09e-33	118
lcl|CP015118.1_prot_ARN23810.1_1881	iCHOv1.100757245	48.1	422	208	5	16	433	29	443	2.07e-137	402
lcl|CP015118.1_prot_ARN23810.1_1881	iEK1008.Rv3150	49.5	416	195	4	33	441	18	425	1.11e-137	402
lcl|CP015118.1_prot_ARN23810.1_1881	iAT_PLT_636.4723	47.9	424	210	5	16	435	29	445	8.33e-137	400
lcl|CP015118.1_prot_ARN23810.1_1881	iMM1415.17995	47.6	424	211	5	16	435	29	445	1.35e-135	397
lcl|CP015118.1_prot_ARN23810.1_1881	iLJ478.TM0010	46.6	406	208	3	39	443	131	528	8.38e-128	382
lcl|CP015118.1_prot_ARN23810.1_1881	iLJ478.TM0228	47.1	399	202	3	39	436	125	515	1.05e-127	380
lcl|CP015118.1_prot_ARN20122.1_1882	iCHOv1.100754223	35.9	655	364	13	1	641	31	643	2.37e-111	354
lcl|CP015118.1_prot_ARN20122.1_1882	iAT_PLT_636.4719	35.3	655	368	12	1	641	45	657	4.73e-111	354
lcl|CP015118.1_prot_ARN20122.1_1882	iMM1415.227197	35.4	655	367	12	1	641	31	643	3.52e-110	351
lcl|CP015118.1_prot_ARN20123.1_1883	iAF987.Gmet_3348	44.4	340	153	3	25	344	19	342	1.54e-95	287
lcl|CP015118.1_prot_ARN20123.1_1883	iAF987.Gmet_0161	45.6	333	153	6	23	346	12	325	8.80e-88	267
lcl|CP015118.1_prot_ARN20123.1_1883	iEK1008.Rv3152	43.3	365	166	8	5	351	1	342	1.45e-86	266
lcl|CP015118.1_prot_ARN20124.1_1884	iAT_PLT_636.4728	59.6	151	61	0	15	165	60	210	1.86e-37	127
lcl|CP015118.1_prot_ARN20124.1_1884	iLB1027_lipid.PHATRDRAFT_14260	57.2	152	65	0	14	165	12	163	2.01e-37	125
lcl|CP015118.1_prot_ARN20124.1_1884	iMM1415.225887	59.5	148	60	0	18	165	65	212	2.21e-36	124
lcl|CP015118.1_prot_ARN20124.1_1884	iCHOv1.100755890	58.9	151	62	0	15	165	60	210	2.96e-36	124
lcl|CP015118.1_prot_ARN20125.1_1885	iAF987.Gmet_3346	30.9	165	110	3	3	165	1	163	1.68e-14	68.2
lcl|CP015118.1_prot_ARN20126.1_1886	iAF987.Gmet_3345	44.4	99	50	2	9	107	2	95	2.12e-20	78.6
lcl|CP015118.1_prot_ARN20126.1_1886	iSynCJ816.SGL_RS16985	43.6	101	54	2	11	111	5	102	4.24e-18	72.8
lcl|CP015118.1_prot_ARN23811.1_1887	iAF987.Gmet_3344	42.0	697	326	19	5	660	8	667	1.12e-156	467
lcl|CP015118.1_prot_ARN20127.1_1888	iAF987.Gmet_3343	46.0	493	254	6	3	491	6	490	2.18e-152	444
lcl|CP015118.1_prot_ARN20128.1_1889	iAF987.Gmet_3342	36.9	488	287	8	5	485	10	483	2.87e-95	296
lcl|CP015118.1_prot_ARN20130.1_1891	iYO844.BSU23610	35.8	173	109	1	14	184	4	176	6.61e-36	124
lcl|CP015118.1_prot_ARN20130.1_1891	iCN900.CD630_12200	38.7	168	103	0	14	181	3	170	7.68e-33	115
lcl|CP015118.1_prot_ARN20133.1_1894	iJN1463.PP_1254	71.9	363	102	0	1	363	1	363	4.99e-195	541
lcl|CP015118.1_prot_ARN20133.1_1894	iJN1463.PP_2489	67.1	362	119	0	1	362	1	362	1.11e-180	505
lcl|CP015118.1_prot_ARN20135.1_1896	iMM904.YDL178W	37.6	450	264	5	23	464	86	526	9.90e-92	288
lcl|CP015118.1_prot_ARN20139.1_1900	iAF692.Mbar_A0964	29.0	93	66	0	28	120	52	144	3.64e-10	55.8
lcl|CP015118.1_prot_ARN20141.1_1902	iJN1463.PP_1830	64.3	359	127	1	1	359	1	358	2.71e-159	451
lcl|CP015118.1_prot_ARN20141.1_1902	iCN718.ABAYE_RS10010	62.2	362	134	1	1	362	1	359	6.49e-153	434
lcl|CP015118.1_prot_ARN20141.1_1902	iPC815.YPO2751	61.8	359	137	0	1	359	1	359	1.73e-152	433
lcl|CP015118.1_prot_ARN20141.1_1902	STM_v1_0.STM2384	60.4	359	142	0	1	359	1	359	1.25e-147	421
lcl|CP015118.1_prot_ARN20141.1_1902	iYL1228.KPN_02719	60.4	359	142	0	1	359	1	359	3.56e-147	420
lcl|CP015118.1_prot_ARN20141.1_1902	iML1515.b2329	60.2	359	143	0	1	359	1	359	4.11e-146	417
lcl|CP015118.1_prot_ARN20141.1_1902	iSDY_1059.SDY_2528	60.2	359	143	0	1	359	1	359	4.11e-146	417
lcl|CP015118.1_prot_ARN20141.1_1902	iSSON_1240.SSON_2387	60.2	359	143	0	1	359	1	359	1.17e-145	416
lcl|CP015118.1_prot_ARN20141.1_1902	iSbBS512_1146.SbBS512_E2707	60.2	359	143	0	1	359	1	359	1.66e-145	416
lcl|CP015118.1_prot_ARN20141.1_1902	iSF_1195.SF2405	59.9	359	144	0	1	359	1	359	4.75e-145	414
lcl|CP015118.1_prot_ARN20142.1_1903	iCN900.CD630_31950	33.0	851	488	15	10	826	4	806	2.93e-129	405
lcl|CP015118.1_prot_ARN23812.1_1905	iMM1415.14874	28.2	170	114	4	14	180	17	181	1.31e-10	58.5
lcl|CP015118.1_prot_ARN23812.1_1905	iCHOv1.100764455	27.1	170	116	4	14	180	64	228	4.18e-10	58.2
lcl|CP015118.1_prot_ARN23812.1_1905	iAT_PLT_636.2954	27.2	169	115	4	14	179	17	180	4.66e-10	57.0
lcl|CP015118.1_prot_ARN20144.1_1906	iAM_Pb448.PBANKA_091170	29.0	262	133	12	381	627	701	924	4.90e-07	53.5
lcl|CP015118.1_prot_ARN20144.1_1906	iAM_Pc455.PCYB_094280	29.9	264	128	12	381	627	729	952	5.63e-06	50.1
lcl|CP015118.1_prot_ARN20144.1_1906	iAM_Pv461.PVX_092460	29.5	264	129	12	381	627	884	1107	1.30e-05	48.9
lcl|CP015118.1_prot_ARN20147.1_1909	iJN1463.PP_0561	38.1	606	311	10	31	633	40	584	6.67e-102	322
lcl|CP015118.1_prot_ARN20147.1_1909	iJN1463.PP_4235	37.9	602	307	10	31	629	26	563	3.86e-98	311
lcl|CP015118.1_prot_ARN20147.1_1909	iPC815.YPO0345	36.0	619	335	14	24	638	34	595	2.17e-96	307
lcl|CP015118.1_prot_ARN20147.1_1909	iYL1228.KPN_04526	36.7	600	337	14	34	630	34	593	4.55e-91	293
lcl|CP015118.1_prot_ARN20147.1_1909	STM_v1_0.STM4323	36.4	599	309	16	39	635	39	567	4.29e-90	290
lcl|CP015118.1_prot_ARN20149.1_1911	iAF987.Gmet_0043	29.2	424	256	7	381	801	12	394	9.33e-43	164
lcl|CP015118.1_prot_ARN23813.1_1912	iAF987.Gmet_2999	32.7	113	76	0	4	116	10	122	2.97e-14	67.0
lcl|CP015118.1_prot_ARN20152.1_1915	iYO844.BSU36130	26.4	159	113	2	13	167	6	164	7.06e-15	68.6
lcl|CP015118.1_prot_ARN20153.1_1916	iAF987.Gmet_2732	32.0	125	81	2	13	134	9	132	1.45e-13	65.5
lcl|CP015118.1_prot_ARN20153.1_1916	iYO844.BSU36130	29.0	124	85	1	17	137	6	129	2.53e-13	64.7
lcl|CP015118.1_prot_ARN20154.1_1917	iJN1463.PP_2428	27.3	341	242	2	17	354	32	369	6.05e-25	105
lcl|CP015118.1_prot_ARN20155.1_1918	iSynCJ816.SGL_RS08600	32.1	280	167	6	28	296	12	279	2.37e-36	137
lcl|CP015118.1_prot_ARN20155.1_1918	iAF692.Mbar_A1431	32.8	317	187	9	28	334	22	322	7.78e-35	132
lcl|CP015118.1_prot_ARN20155.1_1918	iEK1008.Rv2996c	33.8	284	160	7	28	296	11	281	1.55e-34	132
lcl|CP015118.1_prot_ARN20155.1_1918	iYO844.BSU23070	31.1	296	176	8	35	322	29	304	2.07e-34	131
lcl|CP015118.1_prot_ARN20155.1_1918	iLJ478.TM0327	34.4	270	160	6	70	335	63	319	2.80e-35	130
lcl|CP015118.1_prot_ARN20155.1_1918	iLJ478.TM1401	35.0	254	147	5	46	296	44	282	1.85e-34	127
lcl|CP015118.1_prot_ARN20155.1_1918	iCHOv1.100774394	29.3	331	214	7	3	331	9	321	1.00e-32	127
lcl|CP015118.1_prot_ARN20155.1_1918	iMM1415.236539	29.3	331	214	7	3	331	9	321	1.00e-32	127
lcl|CP015118.1_prot_ARN20155.1_1918	iAF987.Gmet_2378	31.5	286	171	8	51	327	46	315	1.33e-31	124
lcl|CP015118.1_prot_ARN20163.1_1928	iPC815.YPO2957	39.4	315	172	6	58	366	64	365	5.51e-67	215
lcl|CP015118.1_prot_ARN20163.1_1928	iJN1463.PP_4805	40.6	310	175	5	53	362	44	344	5.93e-67	214
lcl|CP015118.1_prot_ARN20163.1_1928	STM_v1_0.STM2831	36.9	369	197	8	10	359	2	353	6.32e-66	212
lcl|CP015118.1_prot_ARN20163.1_1928	iML1515.b2701	35.0	371	203	8	10	359	2	355	3.50e-62	202
lcl|CP015118.1_prot_ARN20163.1_1928	iSbBS512_1146.SbBS512_E3176	35.0	371	203	8	10	359	2	355	4.93e-62	202
lcl|CP015118.1_prot_ARN20163.1_1928	iSDY_1059.SDY_2897	35.0	371	203	8	10	359	2	355	4.93e-62	202
lcl|CP015118.1_prot_ARN20163.1_1928	iSSON_1240.SSON_2845	35.0	371	203	8	10	359	2	355	4.93e-62	202
lcl|CP015118.1_prot_ARN20163.1_1928	iSF_1195.SF2724	34.8	371	204	8	10	359	2	355	6.94e-62	202
lcl|CP015118.1_prot_ARN20163.1_1928	iYL1228.KPN_03036	38.4	307	170	7	61	361	31	324	2.48e-60	197
lcl|CP015118.1_prot_ARN20169.1_1936	iAM_Pf480.PF3D7_1008000	22.7	331	118	3	116	308	957	1287	2.33e-22	97.4
lcl|CP015118.1_prot_ARN20169.1_1936	iAM_Pv461.PVX_094595	22.0	337	119	3	116	308	880	1216	3.12e-22	97.1
lcl|CP015118.1_prot_ARN20169.1_1936	iAM_Pc455.PCYB_081730	21.9	342	118	3	116	308	805	1146	7.66e-22	95.9
lcl|CP015118.1_prot_ARN20169.1_1936	iJN1463.PP_5340	32.4	210	125	6	94	294	124	325	1.82e-22	95.5
lcl|CP015118.1_prot_ARN20169.1_1936	iAM_Pc455.PCYB_124280	29.6	257	131	9	84	292	1128	1382	2.67e-20	91.3
lcl|CP015118.1_prot_ARN20169.1_1936	iAM_Pb448.PBANKA_133540	29.6	260	130	10	84	292	1155	1412	4.85e-20	90.5
lcl|CP015118.1_prot_ARN20170.1_1937	iML1515.b0465	33.9	171	111	1	212	382	892	1060	5.85e-23	101
lcl|CP015118.1_prot_ARN20172.1_1939	iAF987.Gmet_2999	28.6	105	75	0	293	397	7	111	8.01e-07	50.4
lcl|CP015118.1_prot_ARN20173.1_1940	iAF987.Gmet_0043	25.2	357	240	8	293	642	37	373	4.76e-20	95.1
lcl|CP015118.1_prot_ARN20174.1_1941	iAF987.Gmet_2999	43.8	352	195	3	11	361	8	357	8.80e-96	290
lcl|CP015118.1_prot_ARN20177.1_1944	iPC815.YPO3868	30.5	95	42	3	56	150	23	93	9.25e-10	53.1
lcl|CP015118.1_prot_ARN20179.1_1947	iNF517.LLMG_RS07320	35.9	198	117	7	53	242	83	278	5.34e-24	99.8
lcl|CP015118.1_prot_ARN20181.1_1949	iJN1463.PP_3948	27.7	311	178	17	18	297	766	1060	2.79e-08	54.7
lcl|CP015118.1_prot_ARN20190.1_1958	iYS854.USA300HOU_RS07520	37.7	114	69	1	49	162	46	157	5.71e-15	72.4
lcl|CP015118.1_prot_ARN20190.1_1958	iNF517.LLMG_RS03890	35.1	111	72	0	52	162	47	157	1.15e-14	71.6
lcl|CP015118.1_prot_ARN20190.1_1958	iAF987.Gmet_1167	28.3	184	120	4	53	227	70	250	8.88e-14	69.3
lcl|CP015118.1_prot_ARN20190.1_1958	iPC815.YPO3781	33.6	134	84	2	34	166	49	178	1.33e-12	65.9
lcl|CP015118.1_prot_ARN23818.1_1963	iML1515.b1341	37.1	186	98	7	362	536	229	406	3.33e-16	80.5
lcl|CP015118.1_prot_ARN23818.1_1963	iJN1463.PP_1761	35.3	190	105	6	359	536	371	554	1.10e-15	80.1
lcl|CP015118.1_prot_ARN23818.1_1963	iAF987.Gmet_2425	37.4	171	96	5	374	536	176	343	9.23e-16	78.6
lcl|CP015118.1_prot_ARN23818.1_1963	iJN1463.PP_0129	32.9	207	100	7	352	536	452	641	4.89e-15	77.8
lcl|CP015118.1_prot_ARN23818.1_1963	iSbBS512_1146.SbBS512_E0302	27.9	262	159	10	292	540	121	365	1.85e-15	77.8
lcl|CP015118.1_prot_ARN23818.1_1963	iJN1463.PP_1494	33.3	189	106	7	367	540	152	335	2.52e-15	77.0
lcl|CP015118.1_prot_ARN23818.1_1963	iJN1463.PP_3581	37.4	171	88	7	381	539	259	422	1.20e-14	76.6
lcl|CP015118.1_prot_ARN23818.1_1963	iPC815.YPO0425	30.5	223	126	10	339	542	169	381	6.99e-15	76.3
lcl|CP015118.1_prot_ARN23818.1_1963	iAF987.Gmet_2721	36.0	189	101	6	378	549	496	681	2.08e-14	75.9
lcl|CP015118.1_prot_ARN23818.1_1963	iSDY_1059.SDY_0358	34.7	170	96	6	381	540	206	370	8.20e-15	75.9
lcl|CP015118.1_prot_ARN23818.1_1963	iML1515.b1535	34.6	162	95	4	388	542	132	289	5.35e-15	75.5
lcl|CP015118.1_prot_ARN23818.1_1963	iSDY_1059.SDY_1050	36.0	164	85	6	387	536	394	551	2.28e-14	75.5
lcl|CP015118.1_prot_ARN23818.1_1963	iSbBS512_1146.SbBS512_E1077	35.4	164	86	6	387	536	394	551	1.23e-13	73.2
lcl|CP015118.1_prot_ARN20194.1_1964	iLB1027_lipid.PHATRDRAFT_22568	36.7	368	205	6	58	399	9	374	1.79e-59	202
lcl|CP015118.1_prot_ARN20194.1_1964	iCHOv1.100771827	36.9	339	191	4	57	374	3	339	7.29e-58	197
lcl|CP015118.1_prot_ARN20194.1_1964	STM_v1_0.STM1620	35.6	340	199	4	54	374	33	371	1.16e-55	192
lcl|CP015118.1_prot_ARN20197.1_1968	iJN1463.PP_0243	45.5	494	249	4	22	497	25	516	1.02e-138	410
lcl|CP015118.1_prot_ARN20199.1_1970	iLJ478.TM0156	30.1	501	240	11	147	646	20	411	1.64e-44	164
lcl|CP015118.1_prot_ARN20202.1_1974	iYL1228.KPN_01165	41.7	307	170	5	8	307	14	318	4.48e-52	174
lcl|CP015118.1_prot_ARN20202.1_1974	STM_v1_0.STM3598	38.6	306	181	4	8	307	27	331	5.66e-49	166
lcl|CP015118.1_prot_ARN20202.1_1974	iIT341.HP0723	36.7	311	182	6	8	307	8	314	5.23e-49	166
lcl|CP015118.1_prot_ARN20202.1_1974	iJN1463.PP_2453	37.2	317	187	5	2	307	31	346	1.72e-47	162
lcl|CP015118.1_prot_ARN20202.1_1974	iSbBS512_1146.SbBS512_E3389	38.2	317	169	9	8	307	26	332	1.86e-46	159
lcl|CP015118.1_prot_ARN20202.1_1974	iSF_1195.SF2954	38.2	317	169	9	8	307	26	332	1.86e-46	159
lcl|CP015118.1_prot_ARN20202.1_1974	iSSON_1240.SSON_3239	38.2	317	169	9	8	307	26	332	1.86e-46	159
lcl|CP015118.1_prot_ARN20202.1_1974	iML1515.b2957	37.9	317	170	9	8	307	26	332	3.67e-46	159
lcl|CP015118.1_prot_ARN20202.1_1974	iSDY_1059.SDY_3115	38.2	317	169	9	8	307	26	332	3.67e-46	159
lcl|CP015118.1_prot_ARN20205.1_1978	iPC815.YPO2060	33.7	178	108	4	327	500	19	190	7.19e-17	80.5
lcl|CP015118.1_prot_ARN20205.1_1978	iSynCJ816.SGL_RS14425	29.2	216	128	7	311	509	49	256	2.94e-16	79.3
lcl|CP015118.1_prot_ARN20205.1_1978	iYL1228.KPN_02373	31.2	199	120	5	306	500	5	190	4.24e-16	78.2
lcl|CP015118.1_prot_ARN20205.1_1978	iYO844.BSU35700	30.1	196	127	4	323	513	34	224	1.25e-14	76.6
lcl|CP015118.1_prot_ARN20205.1_1978	iYO844.BSU02860	27.0	204	133	4	321	508	12	215	1.02e-15	76.6
lcl|CP015118.1_prot_ARN20205.1_1978	iYO844.BSU30760	30.2	215	125	7	305	504	3	207	3.50e-15	75.5
lcl|CP015118.1_prot_ARN20205.1_1978	STM_v1_0.STM3882	20.9	526	311	12	17	509	20	473	2.70e-14	75.5
lcl|CP015118.1_prot_ARN20205.1_1978	iAF987.Gmet_2439	28.6	199	129	4	323	509	17	214	6.59e-15	74.7
lcl|CP015118.1_prot_ARN20205.1_1978	iSDY_1059.SDY_1145	31.3	201	117	6	306	500	5	190	8.76e-15	74.3
lcl|CP015118.1_prot_ARN20205.1_1978	iML1515.b1858	31.3	201	117	6	306	500	5	190	1.18e-14	73.9
lcl|CP015118.1_prot_ARN20205.1_1978	iSSON_1240.SSON_1283	31.3	201	117	6	306	500	5	190	1.18e-14	73.9
lcl|CP015118.1_prot_ARN20205.1_1978	iML1515.b3749	21.6	524	310	15	17	509	20	473	1.45e-13	73.2
lcl|CP015118.1_prot_ARN20205.1_1978	iJN1463.PP_2416	29.1	220	127	7	311	509	10	221	3.44e-14	72.8
lcl|CP015118.1_prot_ARN20205.1_1978	iSbBS512_1146.SbBS512_E0954	30.3	201	119	6	306	500	5	190	2.91e-14	72.8
lcl|CP015118.1_prot_ARN20206.1_1979	iAF987.Gmet_1566	38.8	407	243	5	5	407	7	411	2.00e-83	261
lcl|CP015118.1_prot_ARN20206.1_1979	iEK1008.Rv3340	37.2	411	241	8	7	402	20	428	1.26e-73	236
lcl|CP015118.1_prot_ARN20210.1_1983	iAF987.Gmet_1706	37.7	151	86	4	9	154	3	150	3.54e-17	79.0
lcl|CP015118.1_prot_ARN20210.1_1983	iAF987.Gmet_2999	29.6	159	104	4	4	161	5	156	1.24e-14	72.0
lcl|CP015118.1_prot_ARN20211.1_1984	iEK1008.Rv1938	34.0	150	83	3	66	202	27	173	4.39e-14	72.0
lcl|CP015118.1_prot_ARN20211.1_1984	iEK1008.Rv3617	32.0	125	83	1	45	169	5	127	7.48e-12	65.1
lcl|CP015118.1_prot_ARN20215.1_1988	iSynCJ816.SGL_RS09640	31.2	189	125	3	69	253	72	259	4.60e-21	90.5
lcl|CP015118.1_prot_ARN20216.1_1989	iCN718.ABAYE_RS03915	61.6	380	140	3	2	381	4	377	2.16e-155	442
lcl|CP015118.1_prot_ARN20216.1_1989	iSSON_1240.SSON_2552	55.7	377	160	3	5	381	6	375	2.26e-142	409
lcl|CP015118.1_prot_ARN20216.1_1989	STM_v1_0.STM2483	56.6	378	155	4	5	381	6	375	4.55e-142	408
lcl|CP015118.1_prot_ARN20216.1_1989	iML1515.b2472	55.4	377	161	3	5	381	6	375	9.15e-142	407
lcl|CP015118.1_prot_ARN20216.1_1989	iSbBS512_1146.SbBS512_E2843	55.4	377	161	3	5	381	6	375	9.15e-142	407
lcl|CP015118.1_prot_ARN20216.1_1989	iSF_1195.SF2514	55.4	377	161	3	5	381	6	375	9.15e-142	407
lcl|CP015118.1_prot_ARN20216.1_1989	iPC815.YPO3053	54.6	377	164	3	5	381	6	375	1.30e-141	407
lcl|CP015118.1_prot_ARN20216.1_1989	iSDY_1059.SDY_2656	54.9	377	163	3	5	381	6	375	4.26e-140	403
lcl|CP015118.1_prot_ARN20216.1_1989	iYL1228.KPN_02805	54.4	377	165	3	5	381	6	375	8.56e-140	402
lcl|CP015118.1_prot_ARN20216.1_1989	iJN1463.PP_1525	55.8	382	163	3	1	381	7	383	3.21e-139	401
lcl|CP015118.1_prot_ARN20218.1_1991	iCN718.ABAYE_RS05125	76.1	272	63	2	3	273	2	272	2.81e-122	349
lcl|CP015118.1_prot_ARN20218.1_1991	iML1515.b0166	73.3	270	70	2	4	272	3	271	8.63e-117	335
lcl|CP015118.1_prot_ARN20218.1_1991	iSF_1195.SF0156	73.3	270	70	2	4	272	3	271	8.63e-117	335
lcl|CP015118.1_prot_ARN20218.1_1991	iSSON_1240.SSON_0178	73.3	270	70	2	4	272	3	271	8.63e-117	335
lcl|CP015118.1_prot_ARN20218.1_1991	iSDY_1059.SDY_0182	73.7	270	69	2	4	272	3	271	1.22e-116	335
lcl|CP015118.1_prot_ARN20218.1_1991	iSbBS512_1146.SbBS512_E0158	73.0	270	71	2	4	272	3	271	2.46e-116	334
lcl|CP015118.1_prot_ARN20218.1_1991	iYL1228.KPN_00179	73.3	270	70	2	4	272	3	271	3.50e-116	334
lcl|CP015118.1_prot_ARN20218.1_1991	STM_v1_0.STM0213	73.0	270	71	2	4	272	3	271	7.04e-116	333
lcl|CP015118.1_prot_ARN20218.1_1991	iPC815.YPO1041	71.9	270	74	2	4	272	3	271	3.82e-113	326
lcl|CP015118.1_prot_ARN20219.1_1992	iJN1463.PP_1588	54.9	395	173	3	1	391	1	394	4.42e-147	422
lcl|CP015118.1_prot_ARN20219.1_1992	iCN718.ABAYE_RS11080	50.8	392	186	6	1	390	1	387	1.31e-131	382
lcl|CP015118.1_prot_ARN20220.1_1993	iCN718.ABAYE_RS04670	38.9	373	177	9	32	383	38	380	9.59e-77	242
lcl|CP015118.1_prot_ARN20222.1_1995	iJN1463.PP_4138	62.0	184	67	3	1	182	1	183	2.33e-71	213
lcl|CP015118.1_prot_ARN23822.1_1996	iYS854.USA300HOU_RS03935	43.8	121	55	2	18	125	32	152	2.06e-27	99.8
lcl|CP015118.1_prot_ARN20235.1_2010	iEK1008.Rv1058	36.7	425	250	5	9	420	9	427	1.23e-79	255
lcl|CP015118.1_prot_ARN20236.1_2012	iJN1463.PP_3425	41.9	86	45	2	65	150	64	144	4.83e-10	60.5
lcl|CP015118.1_prot_ARN20237.1_2013	iJN1463.PP_4211	28.2	479	303	11	3	459	4	463	3.30e-29	119
lcl|CP015118.1_prot_ARN20237.1_2013	iJN1463.PP_1384	27.7	480	301	11	8	459	5	466	4.93e-27	113
lcl|CP015118.1_prot_ARN20237.1_2013	iML1515.b0572	27.1	462	316	8	7	457	5	456	1.08e-25	108
lcl|CP015118.1_prot_ARN20239.1_2015	iCN900.CD630_01120	41.5	294	172	0	8	301	4	297	7.65e-65	206
lcl|CP015118.1_prot_ARN20239.1_2015	iYO844.BSU24090	43.2	296	166	1	7	302	2	295	4.17e-64	204
lcl|CP015118.1_prot_ARN20239.1_2015	iLJ478.TM1130	41.4	278	162	1	24	301	18	294	6.39e-62	198
lcl|CP015118.1_prot_ARN20239.1_2015	iAF987.Gmet_2098	41.1	299	171	2	6	300	3	300	2.46e-60	194
lcl|CP015118.1_prot_ARN20239.1_2015	iCN900.CD630_07150	40.7	280	163	2	24	302	23	300	4.54e-58	188
lcl|CP015118.1_prot_ARN20240.1_2016	iHN637.CLJU_RS06265	37.2	398	237	7	5	392	3	397	9.31e-85	263
lcl|CP015118.1_prot_ARN20240.1_2016	iYO844.BSU29470	37.9	401	233	8	1	391	1	395	4.70e-81	253
lcl|CP015118.1_prot_ARN20240.1_2016	iCN900.CD630_11750	38.8	399	229	8	5	391	3	398	1.02e-80	253
lcl|CP015118.1_prot_ARN20240.1_2016	iAF692.Mbar_A1820	38.7	395	224	7	5	386	3	392	2.13e-79	249
lcl|CP015118.1_prot_ARN20240.1_2016	iYS854.USA300HOU_RS09075	38.3	399	229	7	1	387	1	394	3.38e-79	249
lcl|CP015118.1_prot_ARN20240.1_2016	iYL1228.KPN_03222	39.9	401	220	10	1	389	1	392	4.20e-78	246
lcl|CP015118.1_prot_ARN20240.1_2016	iLJ478.TM0274	37.8	405	232	8	5	394	3	402	8.12e-78	245
lcl|CP015118.1_prot_ARN20240.1_2016	STM_v1_0.STM2057	37.8	399	231	8	1	389	1	392	5.15e-76	241
lcl|CP015118.1_prot_ARN20240.1_2016	iSDY_1059.SDY_3307	38.3	400	220	8	4	389	10	396	6.02e-75	238
lcl|CP015118.1_prot_ARN20240.1_2016	iML1515.b3115	38.0	400	221	8	4	389	6	392	1.51e-74	237
lcl|CP015118.1_prot_ARN20241.1_2017	iAF987.Gmet_2558	44.4	252	139	1	10	260	4	255	2.94e-70	216
lcl|CP015118.1_prot_ARN20241.1_2017	iYL1228.KPN_01284	42.0	250	144	1	10	258	4	253	3.38e-65	203
lcl|CP015118.1_prot_ARN20241.1_2017	STM_v1_0.STM1700	42.4	250	143	1	10	258	4	253	1.36e-64	202
lcl|CP015118.1_prot_ARN20241.1_2017	iML1515.b1288	41.6	250	145	1	10	258	4	253	3.08e-63	198
lcl|CP015118.1_prot_ARN20241.1_2017	iSbBS512_1146.SbBS512_E1522	41.6	250	145	1	10	258	4	253	3.08e-63	198
lcl|CP015118.1_prot_ARN20241.1_2017	iSF_1195.SF1293	41.6	250	145	1	10	258	4	253	3.08e-63	198
lcl|CP015118.1_prot_ARN20241.1_2017	iSSON_1240.SSON_1852	41.6	250	145	1	10	258	4	253	3.08e-63	198
lcl|CP015118.1_prot_ARN20241.1_2017	iSDY_1059.SDY_1368	41.6	250	145	1	10	258	4	253	6.17e-63	197
lcl|CP015118.1_prot_ARN23824.1_2022	iAF987.Gmet_1092	27.8	248	166	2	2	236	41	288	4.09e-26	103
lcl|CP015118.1_prot_ARN20246.1_2024	iEK1008.Rv1739c	33.3	543	356	5	13	551	17	557	7.08e-76	250
lcl|CP015118.1_prot_ARN20246.1_2024	iJN1463.PP_1407	32.8	536	346	5	16	548	16	540	2.12e-69	233
lcl|CP015118.1_prot_ARN20248.1_2026	iJN1463.PP_4140	59.3	750	295	3	6	753	6	747	0.0	900
lcl|CP015118.1_prot_ARN20249.1_2027	STM_v1_0.STM0701	51.2	733	319	8	55	786	24	718	2.51e-253	721
lcl|CP015118.1_prot_ARN20249.1_2027	iML1515.b0693	55.5	660	262	5	127	786	91	718	9.32e-251	714
lcl|CP015118.1_prot_ARN20249.1_2027	STM_v1_0.STM3114	51.6	705	295	8	84	786	51	711	6.25e-246	701
lcl|CP015118.1_prot_ARN20249.1_2027	iPC815.YPO0960	51.7	692	299	6	84	775	51	707	2.42e-245	700
lcl|CP015118.1_prot_ARN20249.1_2027	iYL1228.KPN_03397	54.2	649	264	6	139	786	92	708	6.67e-245	698
lcl|CP015118.1_prot_ARN20249.1_2027	iML1515.b2965	53.8	649	267	6	139	786	95	711	5.31e-242	691
lcl|CP015118.1_prot_ARN20249.1_2027	iSDY_1059.SDY_3107	53.6	649	268	6	139	786	95	711	1.72e-240	687
lcl|CP015118.1_prot_ARN20249.1_2027	iSF_1195.SF2962	53.3	649	270	6	139	786	115	731	8.89e-238	681
lcl|CP015118.1_prot_ARN20250.1_2028	STM_v1_0.STM0700	52.2	425	202	1	6	430	8	431	8.59e-149	430
lcl|CP015118.1_prot_ARN20250.1_2028	iML1515.b0692	52.5	425	201	1	6	430	8	431	3.46e-148	429
lcl|CP015118.1_prot_ARN20250.1_2028	iSSON_1240.SSON_0643	52.5	425	201	1	6	430	8	431	3.46e-148	429
lcl|CP015118.1_prot_ARN20250.1_2028	iSF_1195.SF0604	52.2	425	202	1	6	430	8	431	3.97e-147	426
lcl|CP015118.1_prot_ARN20251.1_2029	iCN718.ABAYE_RS10985	26.4	258	170	3	27	283	26	264	5.88e-30	114
lcl|CP015118.1_prot_ARN20252.1_2030	iJN1463.PP_1001	59.5	410	160	3	2	406	6	414	1.58e-176	498
lcl|CP015118.1_prot_ARN20253.1_2031	iJN1463.PP_1000	69.3	335	102	1	1	334	1	335	1.77e-170	476
lcl|CP015118.1_prot_ARN20254.1_2032	iJN1463.PP_0999	66.1	310	103	1	1	310	1	308	1.25e-144	409
lcl|CP015118.1_prot_ARN20258.1_2036	iAF987.Gmet_1706	40.2	117	66	3	7	121	3	117	5.07e-18	80.9
lcl|CP015118.1_prot_ARN20265.1_2044	iJN1463.PP_4140	48.1	759	366	12	5	752	6	747	3.09e-244	697
lcl|CP015118.1_prot_ARN20266.1_2045	STM_v1_0.STM1700	66.0	256	86	1	1	255	1	256	9.39e-115	329
lcl|CP015118.1_prot_ARN20266.1_2045	iSDY_1059.SDY_1368	65.2	256	88	1	1	255	1	256	2.68e-114	328
lcl|CP015118.1_prot_ARN20266.1_2045	iML1515.b1288	65.2	256	88	1	1	255	1	256	3.81e-114	328
lcl|CP015118.1_prot_ARN20266.1_2045	iSF_1195.SF1293	65.2	256	88	1	1	255	1	256	3.81e-114	328
lcl|CP015118.1_prot_ARN20266.1_2045	iSSON_1240.SSON_1852	65.2	256	88	1	1	255	1	256	3.81e-114	328
lcl|CP015118.1_prot_ARN20266.1_2045	iSbBS512_1146.SbBS512_E1522	64.8	256	89	1	1	255	1	256	6.26e-113	325
lcl|CP015118.1_prot_ARN20266.1_2045	iYL1228.KPN_01284	62.9	256	94	1	1	255	1	256	2.27e-108	313
lcl|CP015118.1_prot_ARN20266.1_2045	iCN718.ABAYE_RS16180	63.7	256	91	2	2	255	4	259	2.25e-102	298
lcl|CP015118.1_prot_ARN20269.1_2048	iML1515.b3590	32.7	263	163	9	458	711	2	259	4.07e-18	89.0
lcl|CP015118.1_prot_ARN20271.1_2050	iYS854.USA300HOU_RS06405	40.2	256	143	5	19	264	3	258	8.39e-50	167
lcl|CP015118.1_prot_ARN20271.1_2050	iEK1008.Rv2793c	44.9	214	113	3	20	228	7	220	2.73e-49	166
lcl|CP015118.1_prot_ARN20271.1_2050	iSynCJ816.SGL_RS18050	40.4	260	148	5	20	275	3	259	5.13e-49	165
lcl|CP015118.1_prot_ARN20271.1_2050	iNF517.LLMG_RS07220	38.5	247	140	5	18	253	5	250	3.41e-48	164
lcl|CP015118.1_prot_ARN20272.1_2051	iSynCJ816.SGL_RS10930	25.5	495	245	11	5	397	9	481	3.97e-28	119
lcl|CP015118.1_prot_ARN20273.1_2052	iEK1008.Rv0646c	39.4	277	165	2	8	282	13	288	2.23e-52	173
lcl|CP015118.1_prot_ARN20276.1_2055	STM_v1_0.STM3702	35.9	64	36	2	86	146	4	65	3.68e-06	43.5
lcl|CP015118.1_prot_ARN20276.1_2055	iYL1228.KPN_03954	37.5	64	35	2	86	146	4	65	6.99e-06	42.7
lcl|CP015118.1_prot_ARN20276.1_2055	iPC815.YPO0066	38.7	62	37	1	86	146	4	65	1.79e-05	41.6
lcl|CP015118.1_prot_ARN20276.1_2055	iML1515.b3610	35.9	64	36	2	86	146	4	65	3.45e-05	40.8
lcl|CP015118.1_prot_ARN20276.1_2055	iSbBS512_1146.SbBS512_E4038	35.9	64	36	2	86	146	4	65	3.45e-05	40.8
lcl|CP015118.1_prot_ARN20276.1_2055	iSDY_1059.SDY_4043	35.9	64	36	2	86	146	4	65	3.45e-05	40.8
lcl|CP015118.1_prot_ARN20276.1_2055	iSSON_1240.SSON_3795	35.9	64	36	2	86	146	4	65	3.45e-05	40.8
lcl|CP015118.1_prot_ARN20277.1_2056	iCHOv1.100774083	29.7	606	400	12	76	671	112	701	6.05e-74	251
lcl|CP015118.1_prot_ARN20278.1_2057	iAF987.Gmet_1162	56.5	276	120	0	5	280	4	279	4.64e-105	306
lcl|CP015118.1_prot_ARN20278.1_2057	iYO844.BSU24310	52.9	280	132	0	1	280	1	280	9.43e-102	298
lcl|CP015118.1_prot_ARN20278.1_2057	iSynCJ816.SGL_RS13155	54.1	279	123	3	4	277	9	287	1.57e-95	283
lcl|CP015118.1_prot_ARN20278.1_2057	iNF517.LLMG_RS08520	54.7	276	125	0	5	280	3	278	3.10e-93	276
lcl|CP015118.1_prot_ARN20279.1_2058	iAF987.Gmet_1914	31.4	118	81	0	10	127	4	121	1.05e-13	68.6
lcl|CP015118.1_prot_ARN20280.1_2059	iAF987.Gmet_3085	33.6	134	83	3	335	464	335	466	3.46e-10	63.5
lcl|CP015118.1_prot_ARN20281.1_2060	iJN1463.PP_0339	61.9	888	324	8	15	899	3	879	0.0	1125
lcl|CP015118.1_prot_ARN20281.1_2060	iPC815.YPO3419	60.6	890	340	6	14	901	7	887	0.0	1100
lcl|CP015118.1_prot_ARN20281.1_2060	iML1515.b0114	59.4	890	350	6	14	901	7	887	0.0	1085
lcl|CP015118.1_prot_ARN20281.1_2060	iYL1228.KPN_00118	59.7	890	348	6	14	901	7	887	0.0	1084
lcl|CP015118.1_prot_ARN20281.1_2060	iSF_1195.SF0111	59.3	890	351	6	14	901	7	887	0.0	1084
lcl|CP015118.1_prot_ARN20281.1_2060	STM_v1_0.STM0152	59.4	890	350	6	14	901	7	887	0.0	1083
lcl|CP015118.1_prot_ARN20281.1_2060	iSbBS512_1146.SbBS512_E0107	59.3	890	351	6	14	901	7	887	0.0	1083
lcl|CP015118.1_prot_ARN20281.1_2060	iSSON_1240.SSON_0122	59.3	890	351	6	14	901	7	887	0.0	1082
lcl|CP015118.1_prot_ARN20281.1_2060	iSDY_1059.SDY_0144	59.3	890	351	6	14	901	7	887	0.0	1080
lcl|CP015118.1_prot_ARN20281.1_2060	iCN718.ABAYE_RS01320	57.3	883	365	7	15	895	6	878	0.0	1034
lcl|CP015118.1_prot_ARN20282.1_2061	iPC815.YPO3418	52.8	555	210	11	4	554	3	509	1.91e-181	520
lcl|CP015118.1_prot_ARN20282.1_2061	iSF_1195.SF0112	51.1	554	233	9	5	554	107	626	2.48e-169	493
lcl|CP015118.1_prot_ARN20282.1_2061	iML1515.b0115	51.1	554	237	9	5	554	107	630	7.98e-169	492
lcl|CP015118.1_prot_ARN20282.1_2061	iSbBS512_1146.SbBS512_E0108	51.1	554	237	9	5	554	107	630	7.98e-169	492
lcl|CP015118.1_prot_ARN20282.1_2061	iSSON_1240.SSON_0123	52.0	554	232	9	5	554	107	630	7.98e-169	492
lcl|CP015118.1_prot_ARN20282.1_2061	iSDY_1059.SDY_0145	50.5	554	236	9	5	554	107	626	3.20e-167	488
lcl|CP015118.1_prot_ARN20282.1_2061	iYL1228.KPN_00119	53.2	554	226	8	5	554	108	632	4.53e-163	478
lcl|CP015118.1_prot_ARN20282.1_2061	STM_v1_0.STM0153	53.4	556	220	8	5	554	107	629	2.65e-161	473
lcl|CP015118.1_prot_ARN20283.1_2062	iML1515.b0116	63.8	470	169	1	116	585	2	470	8.19e-210	592
lcl|CP015118.1_prot_ARN20283.1_2062	iSbBS512_1146.SbBS512_E0109	63.8	470	169	1	116	585	2	470	8.19e-210	592
lcl|CP015118.1_prot_ARN20283.1_2062	iSF_1195.SF0113	63.8	470	169	1	116	585	2	470	8.19e-210	592
lcl|CP015118.1_prot_ARN20283.1_2062	iSSON_1240.SSON_0124	63.8	470	169	1	116	585	2	470	8.19e-210	592
lcl|CP015118.1_prot_ARN20283.1_2062	iSDY_1059.SDY_0146	63.6	470	170	1	116	585	2	470	3.31e-209	590
lcl|CP015118.1_prot_ARN20283.1_2062	iYL1228.KPN_00120	64.3	470	167	1	116	585	2	470	4.69e-209	590
lcl|CP015118.1_prot_ARN20283.1_2062	STM_v1_0.STM0154	64.0	470	168	1	116	585	2	470	9.44e-209	589
lcl|CP015118.1_prot_ARN20283.1_2062	iPC815.YPO3417	63.2	470	172	1	116	585	3	471	3.01e-205	580
lcl|CP015118.1_prot_ARN20284.1_2063	iPC815.YPO1395	36.0	578	350	5	11	584	20	581	6.92e-116	356
lcl|CP015118.1_prot_ARN20284.1_2063	STM_v1_0.STM0984	36.3	562	348	4	24	584	29	581	2.73e-115	354
lcl|CP015118.1_prot_ARN20284.1_2063	iML1515.b0914	35.2	565	350	4	24	584	29	581	1.68e-113	350
lcl|CP015118.1_prot_ARN20284.1_2063	iSbBS512_1146.SbBS512_E2410	35.2	565	350	4	24	584	29	581	1.68e-113	350
lcl|CP015118.1_prot_ARN20284.1_2063	iSDY_1059.SDY_2344	35.2	565	350	4	24	584	29	581	1.68e-113	350
lcl|CP015118.1_prot_ARN20284.1_2063	iSF_1195.SF0910	35.2	565	350	4	24	584	29	581	1.68e-113	350
lcl|CP015118.1_prot_ARN20284.1_2063	iSSON_1240.SSON_0916	35.2	565	350	4	24	584	29	581	1.68e-113	350
lcl|CP015118.1_prot_ARN20284.1_2063	iYL1228.KPN_00941	35.7	555	347	4	31	584	36	581	1.85e-112	347
lcl|CP015118.1_prot_ARN20285.1_2064	iSbBS512_1146.SbBS512_E3468	23.7	448	300	14	3	426	2	431	6.15e-16	80.5
lcl|CP015118.1_prot_ARN20285.1_2064	iSSON_1240.SSON_3173	24.3	448	297	14	3	426	2	431	6.15e-16	80.5
lcl|CP015118.1_prot_ARN20285.1_2064	iML1515.b3035	24.1	431	286	13	19	426	17	429	8.11e-16	80.1
lcl|CP015118.1_prot_ARN20285.1_2064	STM_v1_0.STM3186	24.9	498	319	18	3	463	2	481	8.05e-16	80.1
lcl|CP015118.1_prot_ARN20285.1_2064	iSDY_1059.SDY_3205	23.7	451	296	13	3	426	2	431	1.08e-15	79.7
lcl|CP015118.1_prot_ARN20285.1_2064	iSF_1195.SF3075	24.5	432	283	15	19	426	17	429	3.33e-15	78.2
lcl|CP015118.1_prot_ARN20286.1_2066	iJN1463.PP_0165	31.4	644	422	10	1	630	1	638	8.50e-79	262
lcl|CP015118.1_prot_ARN20288.1_2069	iJN1463.PP_4935	32.2	416	267	6	333	742	175	581	3.03e-52	191
lcl|CP015118.1_prot_ARN20288.1_2069	iML1515.b0914	29.7	488	330	9	261	741	86	567	1.43e-51	189
lcl|CP015118.1_prot_ARN20288.1_2069	iSbBS512_1146.SbBS512_E2410	29.7	488	330	9	261	741	86	567	1.43e-51	189
lcl|CP015118.1_prot_ARN20288.1_2069	iSDY_1059.SDY_2344	29.7	488	330	9	261	741	86	567	1.43e-51	189
lcl|CP015118.1_prot_ARN20288.1_2069	iSF_1195.SF0910	29.7	488	330	9	261	741	86	567	1.43e-51	189
lcl|CP015118.1_prot_ARN20288.1_2069	iSSON_1240.SSON_0916	29.7	488	330	9	261	741	86	567	1.43e-51	189
lcl|CP015118.1_prot_ARN20288.1_2069	STM_v1_0.STM0984	29.6	487	330	9	261	740	86	566	2.37e-50	185
lcl|CP015118.1_prot_ARN20288.1_2069	iPC815.YPO1395	29.2	480	329	8	261	734	86	560	7.26e-49	181
lcl|CP015118.1_prot_ARN20288.1_2069	iYL1228.KPN_00941	28.7	488	335	9	261	741	86	567	4.66e-48	179
lcl|CP015118.1_prot_ARN20288.1_2069	iJN1463.PP_3466	34.3	350	224	2	371	717	198	544	5.18e-48	178
lcl|CP015118.1_prot_ARN20288.1_2069	iAF987.Gmet_2349	33.1	390	239	8	361	740	179	556	6.34e-47	175
lcl|CP015118.1_prot_ARN20289.1_2070	iAF987.Gmet_0988	35.6	87	49	3	26	107	2	86	4.74e-08	49.7
lcl|CP015118.1_prot_ARN20289.1_2070	iCN718.ABAYE_RS13345	29.9	97	64	2	5	101	87	179	4.24e-07	48.1
lcl|CP015118.1_prot_ARN20289.1_2070	iEK1008.Rv0413	37.2	86	47	2	69	147	63	148	4.86e-07	47.8
lcl|CP015118.1_prot_ARN20289.1_2070	STM_v1_0.STM4166	32.0	97	61	2	5	101	93	184	8.18e-07	47.4
lcl|CP015118.1_prot_ARN20289.1_2070	iYL1228.KPN_04378	33.3	99	57	3	5	101	93	184	1.11e-06	47.0
lcl|CP015118.1_prot_ARN20289.1_2070	iSF_1195.SF4068	32.3	99	58	3	5	101	93	184	1.11e-06	47.0
lcl|CP015118.1_prot_ARN20289.1_2070	iML1515.b3996	31.3	99	59	3	5	101	93	184	2.05e-06	46.2
lcl|CP015118.1_prot_ARN20289.1_2070	iSbBS512_1146.SbBS512_E4487	31.3	99	59	3	5	101	93	184	2.05e-06	46.2
lcl|CP015118.1_prot_ARN20289.1_2070	iSDY_1059.SDY_3730	31.3	99	59	3	5	101	93	184	2.05e-06	46.2
lcl|CP015118.1_prot_ARN20289.1_2070	iSSON_1240.SSON_4169	31.3	99	59	3	5	101	93	184	2.05e-06	46.2
lcl|CP015118.1_prot_ARN20290.1_2071	iCHOv1.100766004	44.7	206	110	2	27	232	15	216	1.26e-48	159
lcl|CP015118.1_prot_ARN20291.1_2072	iCN718.ABAYE_RS00890	51.9	210	99	1	1	210	1	208	1.16e-74	224
lcl|CP015118.1_prot_ARN20294.1_2075	iJN1463.PP_5003	38.0	505	296	9	65	566	66	556	6.21e-109	337
lcl|CP015118.1_prot_ARN20294.1_2075	iJN1463.PP_5005	38.3	496	289	9	74	566	76	557	1.32e-104	325
lcl|CP015118.1_prot_ARN20295.1_2076	iJN1463.PP_4636	66.3	392	132	0	1	392	1	392	2.17e-183	514
lcl|CP015118.1_prot_ARN20296.1_2077	iAM_Pf480.PF3D7_0922900	40.6	239	142	0	4	242	61	299	7.40e-61	193
lcl|CP015118.1_prot_ARN20296.1_2077	iYL1228.KPN_01091	44.0	241	132	1	4	244	6	243	3.91e-61	192
lcl|CP015118.1_prot_ARN20296.1_2077	iSDY_1059.SDY_2057	44.0	241	132	1	4	244	6	243	5.54e-61	191
lcl|CP015118.1_prot_ARN20296.1_2077	iML1515.b1093	44.0	241	132	1	4	244	6	243	1.11e-60	191
lcl|CP015118.1_prot_ARN20296.1_2077	iSbBS512_1146.SbBS512_E2231	44.0	241	132	1	4	244	6	243	1.11e-60	191
lcl|CP015118.1_prot_ARN20296.1_2077	iSF_1195.SF1097	44.0	241	132	1	4	244	6	243	1.11e-60	191
lcl|CP015118.1_prot_ARN20296.1_2077	iSSON_1240.SSON_1113	44.0	241	132	1	4	244	6	243	1.11e-60	191
lcl|CP015118.1_prot_ARN20296.1_2077	STM_v1_0.STM1195	44.0	241	132	1	4	244	6	243	2.22e-60	190
lcl|CP015118.1_prot_ARN20296.1_2077	iCN718.ABAYE_RS14915	40.2	246	142	2	1	244	1	243	1.43e-58	185
lcl|CP015118.1_prot_ARN20296.1_2077	iCN900.CD630_11820	41.2	245	143	1	1	244	4	248	4.70e-58	184
lcl|CP015118.1_prot_ARN20296.1_2077	iAF987.Gmet_1601	41.1	241	142	0	4	244	6	246	6.08e-58	184
lcl|CP015118.1_prot_ARN20296.1_2077	iAM_Pb448.PBANKA_082380	40.2	239	143	0	4	242	60	298	4.08e-57	183
lcl|CP015118.1_prot_ARN20296.1_2077	iYS854.USA300HOU_RS06185	40.9	242	142	1	4	244	3	244	8.11e-58	183
lcl|CP015118.1_prot_ARN20296.1_2077	iHN637.CLJU_RS20765	42.0	243	140	1	3	244	6	248	2.58e-57	182
lcl|CP015118.1_prot_ARN20296.1_2077	iPC815.YPO1599	42.6	244	131	3	4	244	6	243	3.25e-57	182
lcl|CP015118.1_prot_ARN20296.1_2077	iAM_Pv461.PVX_099555	38.9	239	146	0	4	242	60	298	5.13e-55	178
lcl|CP015118.1_prot_ARN20296.1_2077	iYO844.BSU15910	39.2	245	148	1	1	244	2	246	2.21e-55	177
lcl|CP015118.1_prot_ARN20296.1_2077	iLJ478.TM1724	39.3	239	145	0	4	242	6	244	2.49e-54	174
lcl|CP015118.1_prot_ARN20299.1_2080	iSynCJ816.SGL_RS16015	47.3	260	129	3	3	261	22	274	2.70e-83	251
lcl|CP015118.1_prot_ARN20299.1_2080	iSynCJ816.SGL_RS14865	47.7	262	120	5	2	260	4	251	4.05e-75	229
lcl|CP015118.1_prot_ARN20300.1_2081	iSDY_1059.SDY_2747	54.4	1326	558	10	13	1329	7	1295	0.0	1364
lcl|CP015118.1_prot_ARN20300.1_2081	iSSON_1240.SSON_2640	54.4	1326	559	10	13	1329	7	1295	0.0	1363
lcl|CP015118.1_prot_ARN20300.1_2081	iJN1463.PP_1037	54.9	1333	554	13	8	1328	1	1298	0.0	1363
lcl|CP015118.1_prot_ARN20300.1_2081	iML1515.b2557	54.3	1326	560	10	13	1329	7	1295	0.0	1362
lcl|CP015118.1_prot_ARN20300.1_2081	iSF_1195.SF2604	54.1	1326	562	10	13	1329	7	1295	0.0	1358
lcl|CP015118.1_prot_ARN20300.1_2081	iSbBS512_1146.SbBS512_E2922	54.1	1326	562	10	13	1329	7	1295	0.0	1357
lcl|CP015118.1_prot_ARN20300.1_2081	iYL1228.KPN_02882	54.3	1326	560	10	13	1329	7	1295	0.0	1354
lcl|CP015118.1_prot_ARN20300.1_2081	STM_v1_0.STM2565	53.8	1326	567	10	13	1329	7	1295	0.0	1345
lcl|CP015118.1_prot_ARN20300.1_2081	iPC815.YPO2921	53.6	1328	568	10	13	1329	6	1296	0.0	1341
lcl|CP015118.1_prot_ARN20300.1_2081	iCN718.ABAYE_RS05065	52.1	1331	565	15	13	1329	6	1277	0.0	1256
lcl|CP015118.1_prot_ARN20304.1_2085	iYO844.BSU04520	25.3	368	243	8	20	374	19	367	2.68e-20	91.3
lcl|CP015118.1_prot_ARN20306.1_2087	iJN1463.PP_0237	56.7	307	131	2	8	313	7	312	8.65e-115	334
lcl|CP015118.1_prot_ARN20306.1_2087	iCN718.ABAYE_RS19040	55.9	281	123	1	30	310	38	317	1.18e-102	303
lcl|CP015118.1_prot_ARN20307.1_2088	iJN1463.PP_0238	61.8	390	138	3	1	389	3	382	5.27e-169	477
lcl|CP015118.1_prot_ARN20307.1_2088	iPC815.YPO3625	60.5	390	143	3	1	389	3	382	1.00e-166	471
lcl|CP015118.1_prot_ARN20307.1_2088	iML1515.b0935	59.2	390	147	4	1	389	3	381	2.12e-163	462
lcl|CP015118.1_prot_ARN20307.1_2088	iSF_1195.SF0934	59.0	390	148	4	1	389	3	381	1.73e-162	460
lcl|CP015118.1_prot_ARN20307.1_2088	iYO844.BSU08860	60.5	385	139	3	1	385	1	372	4.14e-162	459
lcl|CP015118.1_prot_ARN20307.1_2088	iYL1228.KPN_00971	58.7	390	149	4	1	389	3	381	2.31e-160	455
lcl|CP015118.1_prot_ARN20309.1_2090	iCN718.ABAYE_RS19055	75.0	248	62	0	19	266	17	264	2.82e-129	367
lcl|CP015118.1_prot_ARN20309.1_2090	iYL1228.KPN_00970	67.1	255	84	0	14	268	5	259	3.91e-124	353
lcl|CP015118.1_prot_ARN20309.1_2090	iPC815.YPO3626	69.3	244	75	0	23	266	15	258	2.80e-122	349
lcl|CP015118.1_prot_ARN20309.1_2090	iJN1463.PP_0239	70.2	248	74	0	19	266	11	258	2.29e-121	347
lcl|CP015118.1_prot_ARN20309.1_2090	iML1515.b0934	63.8	257	93	0	15	271	6	262	3.85e-117	336
lcl|CP015118.1_prot_ARN20309.1_2090	iSSON_1240.SSON_0937	63.8	257	93	0	15	271	6	262	3.85e-117	336
lcl|CP015118.1_prot_ARN20309.1_2090	iSDY_1059.SDY_2323	63.4	257	94	0	15	271	6	262	1.56e-116	334
lcl|CP015118.1_prot_ARN23827.1_2091	iJN1463.PP_0240	62.9	259	92	3	12	269	14	269	4.74e-105	305
lcl|CP015118.1_prot_ARN23827.1_2091	iPC815.YPO3627	64.6	246	83	4	7	250	5	248	1.87e-102	299
lcl|CP015118.1_prot_ARN23827.1_2091	iYL1228.KPN_00969	61.1	244	93	2	12	254	9	251	4.81e-97	285
lcl|CP015118.1_prot_ARN20310.1_2092	iAF987.Gmet_1906	74.1	324	84	0	9	332	10	333	1.10e-176	492
lcl|CP015118.1_prot_ARN20310.1_2092	iYL1228.KPN_04008	71.1	318	91	1	14	331	10	326	5.77e-163	457
lcl|CP015118.1_prot_ARN20310.1_2092	iML1515.b3917	69.6	316	95	1	16	331	12	326	2.58e-159	448
lcl|CP015118.1_prot_ARN20310.1_2092	iSSON_1240.SSON_4086	69.6	316	95	1	16	331	12	326	2.58e-159	448
lcl|CP015118.1_prot_ARN20310.1_2092	iSbBS512_1146.SbBS512_E4397	69.6	316	95	1	16	331	12	326	5.20e-159	447
lcl|CP015118.1_prot_ARN20310.1_2092	iSDY_1059.SDY_3830	69.3	316	96	1	16	331	12	326	1.05e-158	446
lcl|CP015118.1_prot_ARN20310.1_2092	STM_v1_0.STM4063	69.8	318	95	1	14	331	10	326	4.25e-158	445
lcl|CP015118.1_prot_ARN20312.1_2094	iAF987.Gmet_0078	35.2	440	259	8	40	463	36	465	7.31e-69	229
lcl|CP015118.1_prot_ARN23828.1_2095	iJN1463.PP_4305	60.9	307	119	1	12	317	22	328	1.37e-135	387
lcl|CP015118.1_prot_ARN23828.1_2095	iAF987.Gmet_1906	58.3	324	133	2	1	322	14	337	2.51e-132	379
lcl|CP015118.1_prot_ARN23828.1_2095	iYL1228.KPN_04008	56.0	318	137	3	2	317	10	326	2.81e-122	353
lcl|CP015118.1_prot_ARN20313.1_2096	iAF987.Gmet_1905	70.5	268	79	0	9	276	8	275	2.11e-134	380
lcl|CP015118.1_prot_ARN20313.1_2096	iCN718.ABAYE_RS05150	63.5	271	99	0	9	279	3	273	1.10e-124	356
lcl|CP015118.1_prot_ARN20314.1_2097	iAF987.Gmet_1904	75.6	271	66	0	13	283	5	275	3.03e-143	404
lcl|CP015118.1_prot_ARN20314.1_2097	iCN718.ABAYE_RS05145	68.1	263	84	0	17	279	19	281	1.92e-131	374
lcl|CP015118.1_prot_ARN20315.1_2098	iAF987.Gmet_1903	61.3	341	127	2	1	340	1	337	1.66e-140	402
lcl|CP015118.1_prot_ARN20315.1_2098	iJN1463.PP_5168	61.9	310	108	1	1	310	1	300	4.30e-130	375
lcl|CP015118.1_prot_ARN20315.1_2098	iCN718.ABAYE_RS05140	55.7	357	133	6	1	337	1	352	1.12e-128	372
lcl|CP015118.1_prot_ARN20317.1_2100	iCN718.ABAYE_RS03640	76.8	211	49	0	3	213	2	212	3.01e-120	339
lcl|CP015118.1_prot_A4W93_10615_2101	iAF987.Gmet_3239	54.4	57	26	0	12	68	7	63	7.93e-11	65.1
lcl|CP015118.1_prot_ARN20318.1_2102	STM_v1_0.STM4414	62.4	178	64	1	1	178	1	175	1.05e-75	224
lcl|CP015118.1_prot_ARN20318.1_2102	iCN718.ABAYE_RS18235	58.9	175	72	0	1	175	1	175	4.11e-75	222
lcl|CP015118.1_prot_ARN20318.1_2102	iYL1228.KPN_04621	66.3	166	56	0	1	166	1	166	6.04e-75	222
lcl|CP015118.1_prot_ARN20318.1_2102	iML1515.b4226	65.1	166	58	0	1	166	1	166	8.57e-75	221
lcl|CP015118.1_prot_ARN20318.1_2102	iSbBS512_1146.SbBS512_E4858	65.1	166	58	0	1	166	1	166	8.57e-75	221
lcl|CP015118.1_prot_ARN20318.1_2102	iSDY_1059.SDY_4462	65.1	166	58	0	1	166	1	166	8.57e-75	221
lcl|CP015118.1_prot_ARN20318.1_2102	iSSON_1240.SSON_4408	65.1	166	58	0	1	166	1	166	8.57e-75	221
lcl|CP015118.1_prot_ARN20318.1_2102	iPC815.YPO3521	63.9	166	60	0	1	166	1	166	8.29e-75	221
lcl|CP015118.1_prot_ARN20318.1_2102	iSF_1195.SF4264	64.5	166	59	0	1	166	1	166	7.00e-74	219
lcl|CP015118.1_prot_ARN20318.1_2102	iJN1463.PP_0538	53.8	173	80	0	1	173	1	173	8.64e-70	209
lcl|CP015118.1_prot_ARN20319.1_2105	iAF987.Gmet_2530	28.1	467	268	10	37	441	28	488	8.52e-42	160
lcl|CP015118.1_prot_ARN20322.1_2108	iEK1008.Rv2377c	50.7	69	33	1	1	69	1	68	9.33e-21	77.4
lcl|CP015118.1_prot_ARN20323.1_2109	iCHOv1.100755723	25.6	215	152	5	7	215	29	241	2.99e-15	72.8
lcl|CP015118.1_prot_ARN20324.1_2110	iJN1463.PP_4243	44.1	1748	889	27	11	1728	8	1697	0.0	1219
lcl|CP015118.1_prot_ARN20325.1_2111	iEK1008.Rv2935	44.6	906	468	11	6	888	1	895	1.56e-225	698
lcl|CP015118.1_prot_ARN20326.1_2112	iJN1463.PP_4219	42.9	1068	558	17	31	1059	1090	2144	3.91e-230	729
lcl|CP015118.1_prot_ARN20326.1_2112	iJN1463.PP_4243	42.6	1067	563	19	22	1060	651	1696	8.11e-227	720
lcl|CP015118.1_prot_ARN20326.1_2112	iJN1463.PP_4221	41.4	1061	558	22	48	1056	1098	2146	6.07e-214	670
lcl|CP015118.1_prot_ARN20327.1_2113	iJN1463.PP_4219	42.1	3239	1656	72	2139	5226	41	3207	0.0	2093
lcl|CP015118.1_prot_ARN20327.1_2113	iJN1463.PP_4243	34.3	4335	2109	98	1568	5209	17	4288	0.0	1885
lcl|CP015118.1_prot_ARN20328.1_2114	iJN1463.PP_4219	48.1	1100	508	21	16	1059	11	1103	2.38e-283	887
lcl|CP015118.1_prot_ARN20329.1_2115	iJN1463.PP_0350	37.7	706	410	13	36	724	118	810	3.51e-148	451
lcl|CP015118.1_prot_ARN20329.1_2115	iYL1228.KPN_00165	39.4	706	376	22	48	724	53	735	1.29e-140	429
lcl|CP015118.1_prot_ARN20329.1_2115	iSSON_1240.SSON_0162	38.9	696	388	17	48	724	52	729	2.22e-136	418
lcl|CP015118.1_prot_ARN20329.1_2115	STM_v1_0.STM0191	38.4	696	392	16	48	724	52	729	3.12e-136	418
lcl|CP015118.1_prot_ARN20329.1_2115	iSbBS512_1146.SbBS512_E0142	39.0	692	385	17	52	724	56	729	4.39e-136	417
lcl|CP015118.1_prot_ARN20329.1_2115	iML1515.b0150	37.9	717	384	20	48	724	52	747	3.70e-132	408
lcl|CP015118.1_prot_ARN20329.1_2115	iSF_1195.SF0142	37.9	717	384	20	48	724	52	747	7.32e-132	407
lcl|CP015118.1_prot_ARN20330.1_2116	iJN1463.PP_3796	51.0	414	198	3	5	413	12	425	9.44e-141	409
lcl|CP015118.1_prot_ARN20331.1_2117	iYS854.USA300HOU_RS05340	24.4	156	82	7	115	264	57	182	7.50e-05	42.4
lcl|CP015118.1_prot_ARN20331.1_2117	iNF517.LLMG_RS05025	24.3	115	62	3	123	237	58	147	2.35e-04	40.8
lcl|CP015118.1_prot_ARN20332.1_2118	iJN1463.PP_5340	54.0	346	155	2	1	346	1	342	4.19e-127	367
lcl|CP015118.1_prot_ARN20334.1_2120	iJN1463.PP_4216	37.2	519	316	4	20	530	26	542	2.07e-97	306
lcl|CP015118.1_prot_ARN23830.1_2122	iPC815.YPO2912	52.1	553	241	6	6	555	4	535	1.05e-176	509
lcl|CP015118.1_prot_ARN23830.1_2122	iCN718.ABAYE_RS14710	47.0	558	273	6	4	557	1	539	1.44e-158	463
lcl|CP015118.1_prot_ARN20338.1_2125	iYL1228.KPN_04430	51.3	115	56	0	10	124	7	121	1.59e-35	118
lcl|CP015118.1_prot_ARN20338.1_2125	iJN1463.PP_1636	49.1	116	59	0	1	116	1	116	4.42e-35	117
lcl|CP015118.1_prot_ARN20338.1_2125	STM_v1_0.STM4236	50.4	115	57	0	10	124	7	121	5.25e-34	114
lcl|CP015118.1_prot_ARN20338.1_2125	iML1515.b4042	49.6	115	58	0	10	124	7	121	7.45e-34	114
lcl|CP015118.1_prot_ARN20338.1_2125	iSbBS512_1146.SbBS512_E4555	49.6	115	58	0	10	124	7	121	7.45e-34	114
lcl|CP015118.1_prot_ARN20338.1_2125	iSDY_1059.SDY_4532	49.6	115	58	0	10	124	7	121	7.45e-34	114
lcl|CP015118.1_prot_ARN20338.1_2125	iSF_1195.SF4163	49.6	115	58	0	10	124	7	121	7.45e-34	114
lcl|CP015118.1_prot_ARN20338.1_2125	iSSON_1240.SSON_4222	49.6	115	58	0	10	124	7	121	7.45e-34	114
lcl|CP015118.1_prot_ARN20338.1_2125	iCN718.ABAYE_RS04660	48.3	118	61	0	3	120	5	122	3.19e-33	112
lcl|CP015118.1_prot_ARN20338.1_2125	iPC815.YPO0313	49.1	114	58	0	10	123	7	120	3.10e-33	112
lcl|CP015118.1_prot_ARN23831.1_2130	iJN1463.PP_4680	60.2	570	221	5	25	590	5	572	2.16e-248	694
lcl|CP015118.1_prot_ARN23831.1_2130	iCN718.ABAYE_RS16140	60.4	566	218	5	25	586	5	568	4.72e-245	686
lcl|CP015118.1_prot_ARN23831.1_2130	iSSON_1240.SSON_0084	58.6	570	230	4	25	590	5	572	1.03e-241	677
lcl|CP015118.1_prot_ARN23831.1_2130	iML1515.b0077	58.6	570	230	4	25	590	5	572	4.17e-241	676
lcl|CP015118.1_prot_ARN23831.1_2130	iSDY_1059.SDY_0107	58.6	570	230	4	25	590	5	572	3.39e-240	673
lcl|CP015118.1_prot_ARN23831.1_2130	iSF_1195.SF0072	58.1	570	233	4	25	590	33	600	3.70e-239	672
lcl|CP015118.1_prot_ARN23831.1_2130	iYL1228.KPN_00082	58.2	570	232	4	25	590	5	572	3.91e-239	671
lcl|CP015118.1_prot_ARN20343.1_2131	iJN1463.PP_4679	65.0	163	57	0	1	163	1	163	9.47e-72	213
lcl|CP015118.1_prot_ARN20343.1_2131	iCN718.ABAYE_RS16135	62.0	163	62	0	1	163	1	163	2.84e-66	199
lcl|CP015118.1_prot_ARN20344.1_2132	iJN1463.PP_4678	69.5	338	103	0	1	338	1	338	3.85e-171	478
lcl|CP015118.1_prot_ARN20344.1_2132	iCN718.ABAYE_RS16130	69.2	338	104	0	1	338	1	338	9.00e-170	475
lcl|CP015118.1_prot_ARN20344.1_2132	iAF987.Gmet_1262	65.1	338	118	0	1	338	1	338	9.82e-160	449
lcl|CP015118.1_prot_ARN20345.1_2133	iJN1463.PP_4677	49.2	254	105	4	10	248	26	270	2.42e-75	231
lcl|CP015118.1_prot_ARN20345.1_2133	iCN718.ABAYE_RS02880	44.1	256	126	4	2	249	16	262	5.59e-67	209
lcl|CP015118.1_prot_ARN20346.1_2134	iJN1463.PP_1025	59.9	554	213	4	1	550	3	551	1.24e-235	660
lcl|CP015118.1_prot_ARN20346.1_2134	iCN718.ABAYE_RS16380	56.8	548	226	5	1	542	2	544	8.05e-219	617
lcl|CP015118.1_prot_ARN20346.1_2134	iYL1228.KPN_03016	55.7	548	231	3	1	540	1	544	1.19e-216	612
lcl|CP015118.1_prot_ARN20347.1_2135	iAF987.Gmet_1265	55.2	504	221	5	7	509	9	508	4.79e-172	494
lcl|CP015118.1_prot_ARN20347.1_2135	iSynCJ816.SGL_RS12850	54.2	522	218	8	3	508	6	522	1.66e-167	484
lcl|CP015118.1_prot_ARN20347.1_2135	iHN637.CLJU_RS04460	50.1	503	248	3	4	506	3	502	1.35e-155	452
lcl|CP015118.1_prot_ARN20348.1_2136	iPC815.YPO1176	49.0	259	126	2	76	332	27	281	5.82e-72	226
lcl|CP015118.1_prot_ARN20348.1_2136	iJN1463.PP_3794	48.3	242	123	1	93	332	39	280	5.27e-69	218
lcl|CP015118.1_prot_ARN20348.1_2136	STM_v1_0.STM2168	47.3	241	125	1	94	332	37	277	3.94e-64	206
lcl|CP015118.1_prot_ARN20348.1_2136	iYL1228.KPN_02573	45.1	246	133	1	89	332	33	278	3.18e-63	204
lcl|CP015118.1_prot_ARN20350.1_2138	iSynCJ816.SGL_RS08440	24.3	461	302	15	6	426	2	455	1.62e-10	62.4
lcl|CP015118.1_prot_ARN20351.1_2139	iSynCJ816.SGL_RS08445	34.7	268	163	2	12	267	29	296	5.90e-46	156
lcl|CP015118.1_prot_ARN20352.1_2140	iSynCJ816.SGL_RS08445	26.9	212	138	4	1	200	27	233	3.96e-12	65.1
lcl|CP015118.1_prot_ARN20353.1_2141	iJN1463.PP_3425	27.2	191	130	3	5	189	8	195	1.68e-05	46.2
lcl|CP015118.1_prot_ARN20353.1_2141	iYL1228.KPN_03672	22.2	392	261	8	2	368	6	378	3.56e-04	42.0
lcl|CP015118.1_prot_ARN20354.1_2142	iAF987.Gmet_3509	24.1	1066	728	20	18	1042	8	1033	1.49e-71	258
lcl|CP015118.1_prot_ARN20354.1_2142	iJN1463.PP_2410	24.3	1079	729	23	17	1045	7	1047	9.22e-64	234
lcl|CP015118.1_prot_ARN20354.1_2142	iJN1463.PP_0043	23.7	1082	736	22	15	1043	5	1049	1.71e-63	234
lcl|CP015118.1_prot_ARN20357.1_2145	iAT_PLT_636.4905	35.8	106	59	5	118	217	256	358	1.37e-04	43.9
lcl|CP015118.1_prot_ARN20357.1_2145	iMM1415.18195	35.8	106	59	5	118	217	256	358	1.37e-04	43.9
lcl|CP015118.1_prot_ARN20361.1_2149	iSDY_1059.SDY_1629	29.3	464	299	8	22	476	17	460	2.49e-48	173
lcl|CP015118.1_prot_ARN20362.1_2150	iAF987.Gmet_1819	49.6	238	113	2	610	840	1	238	3.46e-64	215
lcl|CP015118.1_prot_ARN20362.1_2150	iJN1463.PP_1137	47.6	233	121	1	610	841	1	233	1.49e-61	207
lcl|CP015118.1_prot_ARN20362.1_2150	iYL1228.KPN_03816	46.4	233	124	1	610	841	5	237	3.13e-60	204
lcl|CP015118.1_prot_ARN20362.1_2150	STM_v1_0.STM3560	46.4	233	124	1	610	841	5	237	5.98e-60	203
lcl|CP015118.1_prot_ARN20362.1_2150	iLJ478.TM1139	48.5	233	118	1	610	840	5	237	8.79e-60	202
lcl|CP015118.1_prot_ARN20362.1_2150	iPC815.YPO3804	46.4	233	124	1	610	841	1	233	1.39e-59	202
lcl|CP015118.1_prot_ARN20362.1_2150	iSbBS512_1146.SbBS512_E3868	45.9	233	125	1	610	841	9	241	4.71e-59	201
lcl|CP015118.1_prot_ARN20362.1_2150	iSSON_1240.SSON_3692	45.9	233	125	1	610	841	9	241	4.71e-59	201
lcl|CP015118.1_prot_ARN20362.1_2150	iML1515.b3454	45.9	233	125	1	610	841	5	237	5.75e-59	200
lcl|CP015118.1_prot_ARN20362.1_2150	iSF_1195.SF3472	45.9	233	125	1	610	841	5	237	7.94e-59	200
lcl|CP015118.1_prot_ARN20362.1_2150	iSDY_1059.SDY_3603	45.5	233	126	1	610	841	9	241	4.51e-58	198
lcl|CP015118.1_prot_ARN20363.1_2151	iAF987.Gmet_1822	33.3	285	188	1	8	292	12	294	6.11e-46	156
lcl|CP015118.1_prot_ARN20363.1_2151	iML1515.b3457	33.2	295	186	4	9	292	14	308	3.54e-40	141
lcl|CP015118.1_prot_ARN20363.1_2151	iSbBS512_1146.SbBS512_E3865	33.2	295	186	4	9	292	14	308	3.54e-40	141
lcl|CP015118.1_prot_ARN20363.1_2151	iSSON_1240.SSON_3695	33.2	295	186	4	9	292	14	308	3.54e-40	141
lcl|CP015118.1_prot_ARN20364.1_2152	iAF987.Gmet_1823	31.9	282	185	6	22	302	18	293	1.69e-30	120
lcl|CP015118.1_prot_ARN20365.1_2153	iYL1228.KPN_01787	29.8	289	178	10	24	294	20	301	5.13e-22	93.6
lcl|CP015118.1_prot_ARN20366.1_2154	iYL1228.KPN_01770	33.8	394	223	10	33	399	70	452	3.48e-31	123
lcl|CP015118.1_prot_ARN20366.1_2154	iCN718.ABAYE_RS08820	31.3	374	216	9	37	395	15	362	4.48e-31	121
lcl|CP015118.1_prot_ARN20370.1_2158	iYO844.BSU32110	34.3	329	206	6	5	333	9	327	9.01e-51	171
lcl|CP015118.1_prot_ARN20371.1_2159	iJN1463.PP_1625	64.8	105	37	0	1	105	1	105	1.46e-51	157
lcl|CP015118.1_prot_ARN20372.1_2160	iML1515.b3368	41.7	230	125	5	2	225	216	442	4.61e-38	137
lcl|CP015118.1_prot_ARN20372.1_2160	iSbBS512_1146.SbBS512_E3744	41.7	230	125	5	2	225	216	442	4.61e-38	137
lcl|CP015118.1_prot_ARN20372.1_2160	iSF_1195.SF3387	41.7	230	125	5	2	225	216	442	4.61e-38	137
lcl|CP015118.1_prot_ARN20372.1_2160	iSSON_1240.SSON_3499	41.7	230	125	5	2	225	216	442	4.61e-38	137
lcl|CP015118.1_prot_ARN20372.1_2160	iSDY_1059.SDY_3530	41.3	230	126	5	2	225	216	442	1.25e-36	134
lcl|CP015118.1_prot_ARN20372.1_2160	STM_v1_0.STM3477	41.3	230	126	5	2	225	216	442	4.67e-36	132
lcl|CP015118.1_prot_ARN20372.1_2160	iSynCJ816.SGL_RS14480	40.4	235	130	4	1	226	10	243	3.25e-37	131
lcl|CP015118.1_prot_ARN20372.1_2160	iYO844.BSU03280	39.5	233	131	5	2	225	6	237	4.50e-34	127
lcl|CP015118.1_prot_ARN20372.1_2160	iYL1228.KPN_03754	44.6	195	100	4	2	190	207	399	7.93e-34	126
lcl|CP015118.1_prot_ARN20372.1_2160	iJN1463.PP_3999	40.9	232	127	5	2	225	216	445	2.54e-33	125
lcl|CP015118.1_prot_ARN20373.1_2161	iEK1008.Rv1286	44.4	419	216	7	21	431	5	414	2.81e-92	290
lcl|CP015118.1_prot_ARN20373.1_2161	iPC815.YPO3365	42.7	422	222	7	21	434	31	440	7.55e-94	290
lcl|CP015118.1_prot_ARN20373.1_2161	iJN1463.PP_1304	41.2	420	226	6	21	431	25	432	8.82e-92	290
lcl|CP015118.1_prot_ARN20373.1_2161	iYL1228.KPN_03113	41.8	421	223	7	21	432	28	435	5.46e-93	288
lcl|CP015118.1_prot_ARN20373.1_2161	iAF987.Gmet_2860	41.5	439	230	6	8	435	12	434	6.85e-92	288
lcl|CP015118.1_prot_ARN20373.1_2161	iCN718.ABAYE_RS13930	40.8	424	229	6	21	434	25	436	2.36e-91	286
lcl|CP015118.1_prot_ARN20373.1_2161	STM_v1_0.STM2934	41.7	420	225	6	21	432	28	435	2.98e-90	281
lcl|CP015118.1_prot_ARN20373.1_2161	iSbBS512_1146.SbBS512_E3123	41.0	420	226	7	21	431	28	434	6.49e-88	275
lcl|CP015118.1_prot_ARN20373.1_2161	iML1515.b2751	41.0	420	226	7	21	431	28	434	9.14e-88	275
lcl|CP015118.1_prot_ARN20373.1_2161	iSSON_1240.SSON_2899	41.0	420	226	7	21	431	28	434	9.14e-88	275
lcl|CP015118.1_prot_ARN20373.1_2161	iSDY_1059.SDY_2950	40.7	420	227	7	21	431	28	434	2.56e-87	273
lcl|CP015118.1_prot_ARN20373.1_2161	iSF_1195.SF2774	41.0	420	226	7	21	431	28	434	7.17e-87	272
lcl|CP015118.1_prot_ARN20374.1_2162	iEK1008.Rv1285	55.8	319	131	2	1	319	24	332	2.44e-115	336
lcl|CP015118.1_prot_ARN20375.1_2163	iAF987.Gmet_2858	42.8	215	121	1	24	236	21	235	5.05e-59	186
lcl|CP015118.1_prot_ARN20375.1_2163	iCN718.ABAYE_RS04095	41.5	200	108	3	43	235	42	239	5.43e-55	176
lcl|CP015118.1_prot_ARN20377.1_2165	iJN1463.PP_2371	58.3	552	218	5	1	550	1	542	2.41e-227	639
lcl|CP015118.1_prot_ARN20377.1_2165	iCN718.ABAYE_RS03715	55.4	552	234	5	1	550	1	542	2.56e-216	610
lcl|CP015118.1_prot_ARN20379.1_2167	iMM904.YML059C	30.4	184	122	1	55	232	1371	1554	9.77e-18	83.6
lcl|CP015118.1_prot_ARN20381.1_2170	iJN1463.PP_3376	49.7	310	153	3	3	311	2	309	1.98e-84	257
lcl|CP015118.1_prot_ARN20381.1_2170	iYL1228.KPN_03915	47.3	313	156	4	3	311	2	309	2.03e-79	244
lcl|CP015118.1_prot_ARN20381.1_2170	iSbBS512_1146.SbBS512_E3973	47.0	313	157	5	3	311	2	309	2.40e-75	234
lcl|CP015118.1_prot_ARN20381.1_2170	iML1515.b3553	46.6	313	158	5	3	311	2	309	1.35e-74	232
lcl|CP015118.1_prot_ARN20381.1_2170	iSSON_1240.SSON_3835	46.6	313	158	5	3	311	6	313	1.52e-74	232
lcl|CP015118.1_prot_ARN20382.1_2171	iLB1027_lipid.PHATRDRAFT_38445	33.3	132	85	2	159	287	250	381	9.73e-04	40.0
lcl|CP015118.1_prot_ARN23834.1_2177	iML1515.b4231	54.7	318	140	1	20	333	3	320	8.75e-99	294
lcl|CP015118.1_prot_ARN23834.1_2177	iSbBS512_1146.SbBS512_E4853	54.4	318	140	2	20	333	3	319	1.11e-96	289
lcl|CP015118.1_prot_ARN23834.1_2177	iYL1228.KPN_04625	54.1	318	142	1	20	333	3	320	1.67e-96	288
lcl|CP015118.1_prot_ARN23834.1_2177	iSSON_1240.SSON_4412	55.0	311	136	1	27	333	2	312	1.25e-96	288
lcl|CP015118.1_prot_ARN23834.1_2177	iSF_1195.SF4260	54.5	288	131	0	20	307	3	290	3.10e-89	268
lcl|CP015118.1_prot_ARN23835.1_2178	iPC815.YPO3906	52.2	324	140	2	12	335	29	337	9.11e-90	272
lcl|CP015118.1_prot_ARN23835.1_2178	iYL1228.KPN_04624	49.5	329	148	2	2	325	13	328	7.08e-87	265
lcl|CP015118.1_prot_ARN23835.1_2178	iSbBS512_1146.SbBS512_E4854	49.2	329	149	2	2	325	13	328	1.00e-86	264
lcl|CP015118.1_prot_ARN23835.1_2178	iML1515.b4230	49.2	329	149	2	2	325	13	328	2.00e-86	263
lcl|CP015118.1_prot_ARN23835.1_2178	iSF_1195.SF4261	48.9	329	150	2	2	325	13	328	4.54e-85	260
lcl|CP015118.1_prot_ARN23835.1_2178	iSSON_1240.SSON_4411	48.9	329	150	2	2	325	13	328	4.54e-85	260
lcl|CP015118.1_prot_ARN20388.1_2179	iYL1228.KPN_04623	51.7	482	228	2	9	490	9	485	2.54e-154	449
lcl|CP015118.1_prot_ARN20388.1_2179	iML1515.b4485	50.7	491	235	3	1	490	1	485	2.05e-153	446
lcl|CP015118.1_prot_ARN20388.1_2179	iSSON_1240.SSON_4410	50.3	491	237	3	1	490	1	485	9.41e-152	442
lcl|CP015118.1_prot_ARN20388.1_2179	iPC815.YPO3907	51.7	482	228	2	8	489	3	479	4.69e-151	440
lcl|CP015118.1_prot_ARN20388.1_2179	iSF_1195.SF4262	50.1	491	238	3	1	490	1	485	7.58e-151	440
lcl|CP015118.1_prot_ARN23833.1_2180	iYL1228.KPN_03932	39.7	375	218	1	22	396	26	392	2.47e-86	267
lcl|CP015118.1_prot_ARN23833.1_2180	iML1515.b3568	39.0	387	228	1	10	396	14	392	3.90e-85	264
lcl|CP015118.1_prot_ARN23833.1_2180	iSbBS512_1146.SbBS512_E3954	39.0	387	228	1	10	396	14	392	3.90e-85	264
lcl|CP015118.1_prot_ARN23833.1_2180	iSF_1195.SF3612	39.0	387	228	1	10	396	14	392	3.90e-85	264
lcl|CP015118.1_prot_ARN23833.1_2180	iPC815.YPO4035	39.5	375	219	1	22	396	27	393	8.82e-81	253
lcl|CP015118.1_prot_ARN20389.1_2181	iPC815.YPO4036	46.2	504	267	3	5	507	4	504	1.03e-148	435
lcl|CP015118.1_prot_ARN20389.1_2181	iYL1228.KPN_03931	48.1	505	256	4	5	507	4	504	9.16e-148	432
lcl|CP015118.1_prot_ARN20389.1_2181	iML1515.b3567	47.2	509	259	5	5	509	4	506	4.18e-146	428
lcl|CP015118.1_prot_ARN20389.1_2181	iSbBS512_1146.SbBS512_E3955	47.0	509	260	5	5	509	4	506	4.18e-146	428
lcl|CP015118.1_prot_ARN20389.1_2181	iSF_1195.SF3611	47.0	509	260	5	5	509	4	506	3.36e-145	426
lcl|CP015118.1_prot_ARN20389.1_2181	iYO844.BSU35940	44.9	497	260	5	6	501	3	486	5.88e-141	414
lcl|CP015118.1_prot_ARN20389.1_2181	iNF517.LLMG_RS04060	42.6	498	271	6	6	502	3	486	1.89e-136	403
lcl|CP015118.1_prot_ARN20389.1_2181	iLJ478.TM0956	44.1	513	271	7	3	508	10	513	7.19e-136	402
lcl|CP015118.1_prot_ARN20390.1_2182	iML1515.b3566	38.3	324	179	9	32	355	28	330	1.48e-55	184
lcl|CP015118.1_prot_ARN20390.1_2182	iSF_1195.SF3610	38.3	324	179	9	32	355	28	330	1.48e-55	184
lcl|CP015118.1_prot_ARN20390.1_2182	iYL1228.KPN_03930	37.3	324	182	8	32	355	10	312	1.53e-53	178
lcl|CP015118.1_prot_ARN20390.1_2182	iSbBS512_1146.SbBS512_E3956	37.7	324	174	10	32	355	40	335	3.95e-53	178
lcl|CP015118.1_prot_ARN20390.1_2182	iPC815.YPO4037	35.8	324	187	7	32	355	28	330	1.39e-52	176
lcl|CP015118.1_prot_ARN20391.1_2183	iSSON_1240.SSON_4409	53.9	323	134	5	3	320	2	314	2.49e-102	302
lcl|CP015118.1_prot_ARN20391.1_2183	iPC815.YPO3908	53.9	319	137	4	5	320	3	314	5.00e-102	301
lcl|CP015118.1_prot_ARN20391.1_2183	iML1515.b4227	53.6	323	135	5	3	320	2	314	1.00e-101	301
lcl|CP015118.1_prot_ARN20391.1_2183	iSbBS512_1146.SbBS512_E4856	53.3	323	136	5	3	320	2	314	5.73e-101	299
lcl|CP015118.1_prot_ARN20391.1_2183	iYL1228.KPN_04622	52.8	309	133	4	15	320	2	300	3.85e-98	291
lcl|CP015118.1_prot_ARN20392.1_2184	iJN1463.PP_2694	60.8	477	186	1	1	476	1	477	2.79e-194	548
lcl|CP015118.1_prot_ARN20395.1_2187	iAF987.Gmet_1531	29.3	249	167	5	15	261	4	245	7.48e-21	88.2
lcl|CP015118.1_prot_ARN20395.1_2187	iJN1463.PP_3073	27.0	259	170	5	14	260	2	253	1.63e-20	87.4
lcl|CP015118.1_prot_ARN20395.1_2187	iYO844.BSU32000	29.6	253	168	3	15	259	6	256	2.46e-20	87.0
lcl|CP015118.1_prot_ARN20395.1_2187	iLJ478.TM1724	31.7	246	162	5	15	259	3	243	1.88e-19	84.3
lcl|CP015118.1_prot_ARN20395.1_2187	iJN1463.PP_2794	31.5	257	160	6	8	259	4	249	8.01e-19	82.8
lcl|CP015118.1_prot_ARN20395.1_2187	iML1515.b1619	29.8	245	168	4	15	259	9	249	4.05e-18	80.9
lcl|CP015118.1_prot_ARN20396.1_2188	iCN718.ABAYE_RS08940	68.3	571	174	3	14	578	8	577	7.11e-278	768
lcl|CP015118.1_prot_ARN23836.1_2189	iCHOv1.100752401	32.1	296	192	4	16	304	6	299	3.53e-46	157
lcl|CP015118.1_prot_ARN20404.1_2198	iJN1463.PP_5278	58.8	490	202	0	4	493	8	497	1.04e-207	584
lcl|CP015118.1_prot_ARN20404.1_2198	iJN1463.PP_2589	55.0	491	221	0	5	495	7	497	2.55e-186	530
lcl|CP015118.1_prot_ARN20405.1_2199	iJN1463.PP_5182	61.5	444	169	2	5	448	8	449	1.01e-208	583
lcl|CP015118.1_prot_ARN20405.1_2199	iJN1463.PP_2180	59.4	448	179	3	5	452	8	452	2.71e-201	564
lcl|CP015118.1_prot_ARN20406.1_2200	iJN1463.PP_3148	54.1	451	206	1	8	457	2	452	3.42e-180	511
lcl|CP015118.1_prot_ARN20406.1_2200	iJN1463.PP_5183	55.1	445	199	1	14	457	8	452	6.89e-180	510
lcl|CP015118.1_prot_ARN20407.1_2201	iJN1463.PP_5298	50.2	241	117	3	19	257	7	246	7.79e-75	228
lcl|CP015118.1_prot_ARN20408.1_2202	iJN1463.PP_0596	50.3	433	211	3	6	435	13	444	2.24e-150	434
lcl|CP015118.1_prot_ARN20408.1_2202	iCN718.ABAYE_RS06905	47.7	428	220	3	11	435	28	454	2.85e-143	416
lcl|CP015118.1_prot_ARN23838.1_2203	iJN1463.PP_4116	71.9	438	108	3	1	423	3	440	1.81e-222	616
lcl|CP015118.1_prot_ARN23838.1_2203	iPC815.YPO3725	67.5	434	129	6	1	423	3	435	1.48e-203	568
lcl|CP015118.1_prot_ARN23838.1_2203	iYL1228.KPN_04396	68.4	433	125	7	2	423	8	439	2.42e-203	568
lcl|CP015118.1_prot_ARN23838.1_2203	STM_v1_0.STM4184	67.9	433	127	7	2	423	3	434	3.33e-202	565
lcl|CP015118.1_prot_ARN23838.1_2203	iML1515.b4015	67.7	433	128	6	2	423	3	434	9.52e-202	563
lcl|CP015118.1_prot_ARN23838.1_2203	iSDY_1059.SDY_4328	67.7	433	128	6	2	423	3	434	9.52e-202	563
lcl|CP015118.1_prot_ARN23838.1_2203	iEK1008.Rv0467	65.8	415	141	1	10	423	13	427	2.19e-201	562
lcl|CP015118.1_prot_ARN23838.1_2203	iSbBS512_1146.SbBS512_E4509	67.4	433	129	6	2	423	3	434	2.72e-201	562
lcl|CP015118.1_prot_ARN23838.1_2203	iSF_1195.SF4081	67.4	433	129	6	2	423	3	434	3.86e-201	562
lcl|CP015118.1_prot_ARN20409.1_2204	iEK1008.Rv1399c	41.6	298	161	7	18	305	25	319	3.88e-55	181
lcl|CP015118.1_prot_ARN20409.1_2204	iEK1008.Rv2970c	43.7	245	128	6	45	281	109	351	2.79e-52	175
lcl|CP015118.1_prot_ARN20409.1_2204	iEK1008.Rv1400c	41.4	278	141	9	19	279	22	294	1.35e-52	174
lcl|CP015118.1_prot_ARN20410.1_2205	iCN718.ABAYE_RS03670	37.5	144	83	3	143	285	1	138	1.34e-23	93.2
lcl|CP015118.1_prot_ARN23839.1_2209	iML1515.b1097	43.4	249	141	0	70	318	82	330	1.04e-61	199
lcl|CP015118.1_prot_ARN20414.1_2210	iAF987.Gmet_2318	42.7	211	104	3	3	196	2	212	2.52e-44	146
lcl|CP015118.1_prot_ARN20414.1_2210	iCN718.ABAYE_RS05175	43.8	194	102	3	5	193	2	193	8.52e-44	144
lcl|CP015118.1_prot_ARN20414.1_2210	iNF517.LLMG_RS02125	40.3	206	118	2	1	201	1	206	3.86e-39	133
lcl|CP015118.1_prot_ARN20420.1_2216	STM_v1_0.STM2254	48.8	205	98	2	1	204	1	199	3.75e-60	186
lcl|CP015118.1_prot_ARN20420.1_2216	iML1515.b2201	43.8	208	107	2	1	205	3	203	1.96e-55	174
lcl|CP015118.1_prot_ARN20420.1_2216	iSbBS512_1146.SbBS512_E0740	43.8	208	107	2	1	205	1	201	1.84e-55	174
lcl|CP015118.1_prot_ARN20420.1_2216	iSDY_1059.SDY_0877	43.8	208	107	2	1	205	1	201	2.61e-55	174
lcl|CP015118.1_prot_ARN20420.1_2216	iSF_1195.SF2285	43.8	208	107	2	1	205	3	203	2.77e-55	174
lcl|CP015118.1_prot_ARN20420.1_2216	iSSON_1240.SSON_2259	43.8	208	107	2	1	205	1	201	2.61e-55	174
lcl|CP015118.1_prot_ARN23840.1_2217	iJN1463.PP_4326	54.9	204	92	0	2	205	17	220	5.80e-66	202
lcl|CP015118.1_prot_ARN23840.1_2217	iPC815.YPO2735	52.2	205	98	0	2	206	15	219	5.28e-66	202
lcl|CP015118.1_prot_ARN23840.1_2217	iYL1228.KPN_02080	49.3	205	104	0	2	206	15	219	4.24e-60	187
lcl|CP015118.1_prot_ARN23840.1_2217	STM_v1_0.STM2253	48.8	205	105	0	2	206	15	219	9.75e-59	183
lcl|CP015118.1_prot_ARN20421.1_2218	iPC815.YPO2736	47.7	237	118	4	8	242	3	235	2.71e-68	210
lcl|CP015118.1_prot_ARN20421.1_2218	iJN1463.PP_4325	46.6	247	129	1	6	249	2	248	5.25e-68	210
lcl|CP015118.1_prot_ARN20421.1_2218	STM_v1_0.STM2252	45.4	238	119	3	13	246	9	239	2.50e-66	205
lcl|CP015118.1_prot_ARN20421.1_2218	iML1515.b2199	43.8	235	127	2	13	246	9	239	2.29e-64	200
lcl|CP015118.1_prot_ARN20421.1_2218	iSbBS512_1146.SbBS512_E0742	43.8	235	127	2	13	246	9	239	2.29e-64	200
lcl|CP015118.1_prot_ARN20421.1_2218	iSDY_1059.SDY_0879	43.8	235	127	2	13	246	9	239	2.29e-64	200
lcl|CP015118.1_prot_ARN20421.1_2218	iSF_1195.SF2283	43.8	235	127	2	13	246	9	239	2.29e-64	200
lcl|CP015118.1_prot_ARN20421.1_2218	iSSON_1240.SSON_2257	43.8	235	127	2	13	246	9	239	2.29e-64	200
lcl|CP015118.1_prot_ARN20421.1_2218	iYL1228.KPN_02079	45.5	231	121	2	13	242	9	235	1.19e-61	193
lcl|CP015118.1_prot_ARN20422.1_2219	iML1515.b2197	44.3	140	70	2	4	135	5	144	1.62e-30	107
lcl|CP015118.1_prot_ARN20422.1_2219	iSbBS512_1146.SbBS512_E0744	44.3	140	70	2	4	135	5	144	1.62e-30	107
lcl|CP015118.1_prot_ARN20422.1_2219	iSDY_1059.SDY_0881	44.3	140	70	2	4	135	5	144	1.62e-30	107
lcl|CP015118.1_prot_ARN20422.1_2219	iSF_1195.SF2281	44.3	140	70	2	4	135	5	144	1.62e-30	107
lcl|CP015118.1_prot_ARN20422.1_2219	iSSON_1240.SSON_2255	44.3	140	70	2	4	135	5	144	1.62e-30	107
lcl|CP015118.1_prot_ARN20429.1_2227	iYL1228.KPN_04387	64.5	431	143	5	1	427	1	425	8.19e-181	510
lcl|CP015118.1_prot_ARN20429.1_2227	STM_v1_0.STM4175	64.0	431	145	5	1	427	1	425	1.25e-179	507
lcl|CP015118.1_prot_ARN20429.1_2227	iSSON_1240.SSON_4178	63.8	431	146	5	1	427	1	425	5.06e-179	506
lcl|CP015118.1_prot_ARN20429.1_2227	iPC815.YPO3729	62.3	430	152	5	1	426	1	424	6.94e-179	505
lcl|CP015118.1_prot_ARN20429.1_2227	iSDY_1059.SDY_3721	63.8	431	146	5	1	427	1	425	2.91e-178	504
lcl|CP015118.1_prot_ARN20429.1_2227	iSF_1195.SF4077	63.6	431	147	5	1	427	1	425	2.91e-178	504
lcl|CP015118.1_prot_ARN20429.1_2227	iML1515.b4005	63.6	431	147	5	1	427	1	425	5.85e-178	503
lcl|CP015118.1_prot_ARN20429.1_2227	iSbBS512_1146.SbBS512_E4496	63.6	431	147	5	1	427	1	425	5.85e-178	503
lcl|CP015118.1_prot_ARN20429.1_2227	iCN718.ABAYE_RS07250	61.3	429	156	5	1	426	1	422	2.33e-172	489
lcl|CP015118.1_prot_ARN20430.1_2228	STM_v1_0.STM2451	64.5	296	100	2	6	301	8	298	3.80e-142	402
lcl|CP015118.1_prot_ARN20430.1_2228	iYL1228.KPN_02779	63.3	300	105	2	2	301	4	298	2.07e-139	395
lcl|CP015118.1_prot_ARN20430.1_2228	iSF_1195.SF2489	62.7	300	107	2	2	301	4	298	4.17e-139	394
lcl|CP015118.1_prot_ARN20430.1_2228	iSSON_1240.SSON_2525	62.7	300	107	2	2	301	4	298	4.17e-139	394
lcl|CP015118.1_prot_ARN20430.1_2228	iML1515.b2436	63.0	300	106	2	2	301	4	298	5.92e-139	394
lcl|CP015118.1_prot_ARN20430.1_2228	iJN1463.PP_0073	63.7	300	104	2	6	304	8	303	2.76e-138	392
lcl|CP015118.1_prot_ARN20430.1_2228	iSDY_1059.SDY_2634	62.3	300	108	2	2	301	4	298	3.41e-138	392
lcl|CP015118.1_prot_ARN20430.1_2228	iSbBS512_1146.SbBS512_E2808	62.3	300	108	2	2	301	4	298	4.84e-138	392
lcl|CP015118.1_prot_ARN20430.1_2228	iPC815.YPO3032	60.1	301	115	2	2	301	5	301	1.66e-131	375
lcl|CP015118.1_prot_ARN23842.1_2229	iEK1008.Rv2421c	35.9	192	117	2	15	200	2	193	7.06e-37	127
lcl|CP015118.1_prot_ARN20433.1_2232	iJN1463.PP_0936	46.1	193	94	3	5	197	4	186	7.29e-37	127
lcl|CP015118.1_prot_ARN20433.1_2232	iML1515.b3248	42.9	189	98	3	5	193	4	182	1.36e-32	115
lcl|CP015118.1_prot_ARN20435.1_2234	iIT341.HP0159	25.5	349	200	10	6	311	5	336	3.74e-27	109
lcl|CP015118.1_prot_ARN20437.1_2236	iSSON_1240.SSON_2314	32.1	393	245	9	7	385	1	385	5.68e-50	172
lcl|CP015118.1_prot_ARN20437.1_2236	iML1515.b2253	33.2	380	232	9	23	387	5	377	1.69e-49	171
lcl|CP015118.1_prot_ARN20437.1_2236	iSF_1195.SF2332	33.1	363	224	7	37	385	6	363	6.99e-49	169
lcl|CP015118.1_prot_ARN20437.1_2236	iAF987.Gmet_2351	31.3	339	221	5	53	388	35	364	2.80e-46	162
lcl|CP015118.1_prot_ARN20437.1_2236	iPC815.YPO2422	31.1	376	238	8	23	384	5	373	3.20e-44	157
lcl|CP015118.1_prot_ARN20442.1_2241	iAF987.Gmet_2344	37.4	238	147	2	8	244	3	239	3.74e-52	169
lcl|CP015118.1_prot_ARN20444.1_2243	iAF987.Gmet_1832	27.9	104	73	2	73	174	413	516	5.67e-04	39.3
lcl|CP015118.1_prot_ARN20444.1_2243	iYL1228.KPN_00986	29.4	85	58	1	73	155	231	315	5.10e-04	39.3
lcl|CP015118.1_prot_ARN20444.1_2243	iML1515.b0957	28.2	85	59	1	73	155	221	305	9.19e-04	38.5
lcl|CP015118.1_prot_ARN20444.1_2243	iSbBS512_1146.SbBS512_E2359	28.2	85	59	1	73	155	221	305	9.19e-04	38.5
lcl|CP015118.1_prot_ARN20444.1_2243	iSDY_1059.SDY_0930	28.2	85	59	1	73	155	225	309	9.23e-04	38.5
lcl|CP015118.1_prot_ARN20444.1_2243	iSF_1195.SF0957	28.2	85	59	1	73	155	223	307	9.21e-04	38.5
lcl|CP015118.1_prot_ARN20444.1_2243	iSSON_1240.SSON_0961	28.2	85	59	1	73	155	221	305	9.19e-04	38.5
lcl|CP015118.1_prot_ARN20445.1_2245	iAF692.Mbar_A1238	30.3	132	91	1	20	151	15	145	7.03e-14	68.9
lcl|CP015118.1_prot_ARN20445.1_2245	iCN900.CD630_17030	37.8	119	71	2	26	144	81	196	7.91e-13	66.2
lcl|CP015118.1_prot_ARN20445.1_2245	iYL1228.KPN_04374	35.3	133	85	1	25	157	22	153	1.71e-12	65.1
lcl|CP015118.1_prot_ARN20445.1_2245	iSDY_1059.SDY_0761	34.4	128	83	1	25	152	25	151	1.67e-12	65.1
lcl|CP015118.1_prot_ARN20445.1_2245	iSF_1195.SF0776	34.4	128	83	1	25	152	25	151	2.29e-12	64.7
lcl|CP015118.1_prot_ARN20445.1_2245	iML1515.b0826	33.6	128	84	1	25	152	25	151	3.13e-12	64.3
lcl|CP015118.1_prot_ARN20445.1_2245	iSbBS512_1146.SbBS512_E2522	33.6	128	84	1	25	152	25	151	3.13e-12	64.3
lcl|CP015118.1_prot_ARN20445.1_2245	STM_v1_0.STM4162	30.8	133	91	1	25	157	22	153	6.01e-12	63.5
lcl|CP015118.1_prot_ARN20445.1_2245	iSSON_1240.SSON_0808	33.6	128	84	1	25	152	25	151	1.48e-11	62.4
lcl|CP015118.1_prot_ARN20446.1_2246	iYO844.BSU03070	23.9	456	310	12	1	441	1	434	8.03e-22	97.8
lcl|CP015118.1_prot_ARN20450.1_2251	iYL1228.KPN_00313	38.2	254	152	1	11	259	22	275	1.10e-49	164
lcl|CP015118.1_prot_ARN20450.1_2251	iSbBS512_1146.SbBS512_E0280	37.4	254	154	1	11	259	22	275	1.23e-48	161
lcl|CP015118.1_prot_ARN20450.1_2251	iSF_1195.SF0251	37.0	254	155	1	11	259	22	275	6.84e-48	159
lcl|CP015118.1_prot_ARN20450.1_2251	iSSON_1240.SSON_0345	37.0	254	155	1	11	259	22	275	6.84e-48	159
lcl|CP015118.1_prot_ARN20450.1_2251	iML1515.b0367	36.2	254	157	1	11	259	22	275	7.58e-47	157
lcl|CP015118.1_prot_ARN20451.1_2252	iAF987.Gmet_1899	48.8	254	123	2	1	254	1	247	3.11e-77	235
lcl|CP015118.1_prot_ARN20451.1_2252	iJN1463.PP_0209	46.1	256	133	2	4	259	8	258	2.77e-69	216
lcl|CP015118.1_prot_ARN20452.1_2253	iCN718.ABAYE_RS19040	22.1	258	181	8	80	328	70	316	6.08e-10	59.3
lcl|CP015118.1_prot_ARN20454.1_2256	iYL1228.KPN_02801	51.9	183	83	3	7	186	3	183	9.73e-57	177
lcl|CP015118.1_prot_ARN20454.1_2256	iSDY_1059.SDY_2650	47.6	191	96	3	5	193	3	191	6.76e-53	167
lcl|CP015118.1_prot_ARN20454.1_2256	STM_v1_0.STM2477	49.7	183	88	3	13	193	11	191	9.57e-53	167
lcl|CP015118.1_prot_ARN20454.1_2256	iML1515.b2467	47.6	191	96	3	5	193	3	191	1.36e-52	166
lcl|CP015118.1_prot_ARN20454.1_2256	iSbBS512_1146.SbBS512_E2835	47.6	191	96	3	5	193	3	191	1.92e-52	166
lcl|CP015118.1_prot_ARN20454.1_2256	iSSON_1240.SSON_2547	47.6	191	96	3	5	193	3	191	1.92e-52	166
lcl|CP015118.1_prot_ARN20454.1_2256	iSF_1195.SF2509	47.1	191	97	3	5	193	3	191	2.72e-52	166
lcl|CP015118.1_prot_ARN20457.1_2259	iYS854.USA300HOU_RS06130	25.5	298	179	10	26	308	2	271	1.33e-13	72.8
lcl|CP015118.1_prot_ARN20457.1_2259	iSynCJ816.SGL_RS16190	27.0	230	132	9	31	248	11	216	1.28e-11	66.2
lcl|CP015118.1_prot_ARN20465.1_2268	iLB1027_lipid.PHATRDRAFT_41254	30.5	128	78	4	61	181	8	131	9.16e-07	48.9
lcl|CP015118.1_prot_ARN20465.1_2268	iEK1008.Rv0183	26.9	223	112	11	71	244	19	239	2.16e-06	47.8
lcl|CP015118.1_prot_ARN20465.1_2268	iAT_PLT_636.11343	27.5	207	128	8	75	261	45	249	3.94e-06	47.0
lcl|CP015118.1_prot_ARN20467.1_2270	iEK1008.Rv1475c	51.8	919	381	11	39	904	31	940	0.0	934
lcl|CP015118.1_prot_ARN20467.1_2270	iYO844.BSU18000	53.5	898	399	10	15	902	16	904	0.0	931
lcl|CP015118.1_prot_ARN20467.1_2270	iJN1463.PP_2112	54.1	907	381	13	24	906	18	913	0.0	930
lcl|CP015118.1_prot_ARN20467.1_2270	iCN718.ABAYE_RS16085	53.5	904	383	13	27	904	24	916	0.0	925
lcl|CP015118.1_prot_ARN20467.1_2270	iIS312.TCDM_02343	53.8	888	382	12	21	902	27	892	0.0	917
lcl|CP015118.1_prot_ARN20467.1_2270	STM_v1_0.STM1712	53.8	892	388	11	21	904	15	890	0.0	914
lcl|CP015118.1_prot_ARN20467.1_2270	iAF692.Mbar_A0714	52.6	931	384	15	15	901	11	928	0.0	910
lcl|CP015118.1_prot_ARN20467.1_2270	iYL1228.KPN_01272	53.2	889	392	11	24	904	18	890	0.0	908
lcl|CP015118.1_prot_ARN20467.1_2270	iYS854.USA300HOU_RS06870	53.9	874	385	8	41	905	36	900	0.0	907
lcl|CP015118.1_prot_ARN20467.1_2270	iPC815.YPO2221	53.1	884	393	10	28	904	22	890	0.0	906
lcl|CP015118.1_prot_ARN20467.1_2270	iML1515.b1276	52.8	890	400	10	21	904	15	890	0.0	906
lcl|CP015118.1_prot_ARN20467.1_2270	iSF_1195.SF1280	52.7	890	401	10	21	904	15	890	0.0	905
lcl|CP015118.1_prot_ARN20467.1_2270	iAF987.Gmet_1016	53.0	922	381	14	28	906	24	936	1.18e-319	902
lcl|CP015118.1_prot_ARN20467.1_2270	iSSON_1240.SSON_1864	52.6	890	402	10	21	904	15	890	6.19e-320	901
lcl|CP015118.1_prot_ARN20467.1_2270	iMM1415.11428	49.8	884	421	9	27	903	20	887	2.75e-305	863
lcl|CP015118.1_prot_ARN20467.1_2270	iCHOv1.100766024	49.4	884	424	9	27	903	20	887	1.90e-300	851
lcl|CP015118.1_prot_ARN20467.1_2270	iAT_PLT_636.48	49.2	884	426	9	27	903	20	887	2.68e-300	851
lcl|CP015118.1_prot_ARN20468.1_2272	iCHOv1.100682535	31.1	412	272	5	314	718	206	612	5.31e-43	168
lcl|CP015118.1_prot_ARN20468.1_2272	iMM1415.18670	30.8	412	273	5	314	718	203	609	3.91e-42	165
lcl|CP015118.1_prot_ARN20468.1_2272	iEK1008.Rv1349	33.4	320	208	3	407	726	243	557	4.95e-41	158
lcl|CP015118.1_prot_ARN20468.1_2272	iSDY_1059.SDY_1025	34.2	313	192	6	419	726	887	1190	6.32e-40	158
lcl|CP015118.1_prot_ARN20468.1_2272	iCHOv1.100762480	30.2	414	274	6	314	718	231	638	4.93e-39	155
lcl|CP015118.1_prot_ARN20468.1_2272	iAF987.Gmet_2634	30.7	414	273	7	321	730	166	569	5.02e-40	155
lcl|CP015118.1_prot_ARN20468.1_2272	iJN1463.PP_3466	28.8	548	354	13	170	700	15	543	2.16e-39	153
lcl|CP015118.1_prot_ARN20468.1_2272	iJN1463.PP_4935	28.6	412	271	8	323	726	185	581	5.72e-39	152
lcl|CP015118.1_prot_ARN20468.1_2272	iPC815.YPO1395	34.7	277	172	5	450	724	297	566	1.12e-38	151
lcl|CP015118.1_prot_ARN20475.1_2280	iCHOv1.100755288	34.6	208	129	4	17	220	22	226	5.73e-36	126
lcl|CP015118.1_prot_ARN20475.1_2280	iLB1027_lipid.PHATRDRAFT_52268	36.8	204	122	6	17	216	3	203	7.28e-35	122
lcl|CP015118.1_prot_ARN20479.1_2284	iCN718.ABAYE_RS07555	72.2	870	231	4	1	861	1	868	0.0	1252
lcl|CP015118.1_prot_ARN20479.1_2284	iJN1463.PP_2339	71.8	861	238	3	1	858	1	859	0.0	1247
lcl|CP015118.1_prot_ARN20479.1_2284	STM_v1_0.STM0158	71.9	864	235	4	1	861	1	859	0.0	1245
lcl|CP015118.1_prot_ARN20479.1_2284	iSDY_1059.SDY_0025	71.4	864	239	4	1	861	1	859	0.0	1241
lcl|CP015118.1_prot_ARN20479.1_2284	iML1515.b0118	71.4	864	239	4	1	861	1	859	0.0	1240
lcl|CP015118.1_prot_ARN20479.1_2284	iSSON_1240.SSON_0126	71.4	864	239	4	1	861	1	859	0.0	1240
lcl|CP015118.1_prot_ARN20479.1_2284	iSbBS512_1146.SbBS512_E0111	71.2	864	241	4	1	861	8	866	0.0	1237
lcl|CP015118.1_prot_ARN20479.1_2284	iPC815.YPO3415	70.9	864	243	4	1	861	1	859	0.0	1235
lcl|CP015118.1_prot_ARN20479.1_2284	iSF_1195.SF0115	71.1	864	242	4	1	861	1	859	0.0	1234
lcl|CP015118.1_prot_ARN20479.1_2284	iYL1228.KPN_00124	71.6	850	233	4	15	861	1	845	0.0	1227
lcl|CP015118.1_prot_ARN20479.1_2284	iLB1027_lipid.PHATRDRAFT_26290	65.8	874	281	9	2	861	103	972	0.0	1144
lcl|CP015118.1_prot_ARN20483.1_2288	iMM1415.69634	22.5	231	177	2	53	283	54	282	3.64e-04	41.6
lcl|CP015118.1_prot_ARN20484.1_2289	iCN718.ABAYE_RS02855	77.0	326	75	0	3	328	2	327	6.01e-184	510
lcl|CP015118.1_prot_ARN20486.1_2291	iCN718.ABAYE_RS04415	35.3	102	60	1	24	125	22	117	1.08e-16	70.9
lcl|CP015118.1_prot_ARN20486.1_2291	STM_v1_0.STM0732	32.3	127	71	3	6	127	7	123	1.17e-15	68.2
lcl|CP015118.1_prot_ARN20486.1_2291	iML1515.b0721	31.5	127	72	3	6	127	7	123	2.54e-14	64.7
lcl|CP015118.1_prot_ARN20486.1_2291	iSbBS512_1146.SbBS512_E0640	31.5	127	72	3	6	127	12	128	2.84e-14	64.7
lcl|CP015118.1_prot_ARN20486.1_2291	iSDY_1059.SDY_0659	31.5	127	72	3	6	127	7	123	2.54e-14	64.7
lcl|CP015118.1_prot_ARN20486.1_2291	iSSON_1240.SSON_0672	31.5	127	72	3	6	127	7	123	2.54e-14	64.7
lcl|CP015118.1_prot_ARN20487.1_2292	iCN718.ABAYE_RS04420	35.8	109	63	1	18	119	11	119	1.14e-15	67.4
lcl|CP015118.1_prot_ARN20487.1_2292	iYL1228.KPN_00729	32.4	102	69	0	18	119	12	113	3.92e-15	65.9
lcl|CP015118.1_prot_ARN20487.1_2292	STM_v1_0.STM0733	34.1	91	60	0	18	108	12	102	7.81e-15	65.1
lcl|CP015118.1_prot_ARN20487.1_2292	iPC815.YPO1110	30.7	88	61	0	18	105	12	99	3.10e-14	63.5
lcl|CP015118.1_prot_ARN20487.1_2292	iML1515.b0722	33.0	91	61	0	18	108	12	102	6.17e-14	62.8
lcl|CP015118.1_prot_ARN20487.1_2292	iSDY_1059.SDY_0660	33.0	91	61	0	18	108	12	102	6.17e-14	62.8
lcl|CP015118.1_prot_ARN20487.1_2292	iSF_1195.SF0575	33.0	91	61	0	18	108	12	102	6.17e-14	62.8
lcl|CP015118.1_prot_ARN20487.1_2292	iSSON_1240.SSON_0673	33.0	91	61	0	18	108	12	102	6.17e-14	62.8
lcl|CP015118.1_prot_ARN20487.1_2292	iJN1463.PP_4192	33.0	109	66	1	18	119	12	120	1.44e-13	62.0
lcl|CP015118.1_prot_ARN20487.1_2292	iSbBS512_1146.SbBS512_E0641	31.9	91	62	0	18	108	12	102	2.44e-13	61.2
lcl|CP015118.1_prot_ARN20488.1_2293	iCN718.ABAYE_RS04425	75.4	601	140	3	5	597	11	611	0.0	915
lcl|CP015118.1_prot_ARN20489.1_2294	iCN718.ABAYE_RS04430	69.1	230	71	0	4	233	6	235	8.42e-124	350
lcl|CP015118.1_prot_ARN20489.1_2294	iPC815.YPO1112	67.5	237	70	4	3	233	2	237	2.35e-119	339
lcl|CP015118.1_prot_ARN20489.1_2294	iYL1228.KPN_00731	66.7	237	72	4	3	233	2	237	2.73e-118	336
lcl|CP015118.1_prot_ARN20489.1_2294	iSDY_1059.SDY_0662	67.2	232	71	3	6	232	5	236	5.50e-118	335
lcl|CP015118.1_prot_ARN20489.1_2294	iML1515.b0724	67.2	232	71	3	6	232	5	236	7.81e-118	335
lcl|CP015118.1_prot_ARN20489.1_2294	iSbBS512_1146.SbBS512_E0643	67.4	233	69	4	6	232	5	236	1.57e-117	334
lcl|CP015118.1_prot_ARN20489.1_2294	iSF_1195.SF0573	67.4	233	69	4	6	232	5	236	1.57e-117	334
lcl|CP015118.1_prot_ARN20489.1_2294	iSSON_1240.SSON_0675	67.4	233	69	4	6	232	5	236	1.57e-117	334
lcl|CP015118.1_prot_ARN20489.1_2294	STM_v1_0.STM0735	65.7	239	75	4	1	233	1	238	4.66e-117	333
lcl|CP015118.1_prot_ARN20489.1_2294	iJN1463.PP_4190	63.0	227	82	1	7	231	5	231	3.55e-113	323
lcl|CP015118.1_prot_ARN20491.1_2296	iJN1463.PP_4194	67.0	433	137	4	4	436	2	428	3.31e-210	585
lcl|CP015118.1_prot_ARN20491.1_2296	iCN718.ABAYE_RS04410	64.6	432	143	7	1	431	1	423	4.24e-200	559
lcl|CP015118.1_prot_ARN20491.1_2296	iYL1228.KPN_00727	63.5	433	151	5	4	436	2	427	8.98e-198	553
lcl|CP015118.1_prot_ARN20491.1_2296	iML1515.b0720	63.0	433	153	5	4	436	2	427	1.04e-196	551
lcl|CP015118.1_prot_ARN20491.1_2296	iSbBS512_1146.SbBS512_E0638	63.0	433	153	5	4	436	2	427	1.04e-196	551
lcl|CP015118.1_prot_ARN20491.1_2296	iSSON_1240.SSON_0671	63.0	433	153	5	4	436	2	427	1.04e-196	551
lcl|CP015118.1_prot_ARN20491.1_2296	iSF_1195.SF0577	62.8	433	154	5	4	436	2	427	1.71e-195	548
lcl|CP015118.1_prot_ARN20491.1_2296	iSDY_1059.SDY_0658	63.3	428	150	5	4	431	2	422	2.43e-195	547
lcl|CP015118.1_prot_ARN20491.1_2296	STM_v1_0.STM0730	62.6	433	155	5	4	436	2	427	6.93e-195	546
lcl|CP015118.1_prot_ARN20491.1_2296	iPC815.YPO1108	61.9	428	155	5	4	431	2	421	2.79e-189	532
lcl|CP015118.1_prot_ARN20492.1_2297	iJN1463.PP_1985	72.4	471	124	2	2	468	3	471	1.67e-249	688
lcl|CP015118.1_prot_ARN20492.1_2297	iCN718.ABAYE_RS16700	68.7	470	140	3	2	466	3	470	9.17e-234	648
lcl|CP015118.1_prot_ARN20494.1_2299	iJN1463.PP_1986	71.0	210	61	0	1	210	1	210	3.82e-112	319
lcl|CP015118.1_prot_ARN20494.1_2299	iCN718.ABAYE_RS16695	65.2	210	73	0	1	210	1	210	6.57e-104	298
lcl|CP015118.1_prot_ARN20495.1_2300	iJN1463.PP_1988	64.9	359	118	2	2	356	4	358	1.32e-151	431
lcl|CP015118.1_prot_ARN20495.1_2300	iCN718.ABAYE_RS16685	61.8	359	128	3	2	355	4	358	1.26e-139	400
lcl|CP015118.1_prot_ARN20496.1_2301	iCN718.ABAYE_RS16640	68.8	372	109	3	6	376	3	368	4.88e-183	511
lcl|CP015118.1_prot_ARN20496.1_2301	iJN1463.PP_1989	67.3	373	117	3	4	376	2	369	1.17e-178	500
lcl|CP015118.1_prot_ARN20496.1_2301	iPC815.YPO3949	65.1	372	124	2	4	375	2	367	2.08e-171	482
lcl|CP015118.1_prot_ARN20496.1_2301	iML1515.b3433	64.5	369	125	2	4	372	2	364	5.61e-169	476
lcl|CP015118.1_prot_ARN20496.1_2301	iYL1228.KPN_03799	64.3	370	125	3	4	372	2	365	5.82e-169	476
lcl|CP015118.1_prot_ARN20496.1_2301	iSbBS512_1146.SbBS512_E3891	64.5	369	125	2	4	372	2	364	5.61e-169	476
lcl|CP015118.1_prot_ARN20496.1_2301	iSF_1195.SF3456	64.5	369	125	2	4	372	2	364	5.61e-169	476
lcl|CP015118.1_prot_ARN20496.1_2301	iSSON_1240.SSON_3673	64.5	369	125	2	4	372	2	364	5.61e-169	476
lcl|CP015118.1_prot_ARN20496.1_2301	iSDY_1059.SDY_3579	64.5	369	125	2	4	372	2	364	7.97e-169	475
lcl|CP015118.1_prot_ARN20496.1_2301	iAF987.Gmet_0603	64.2	372	123	4	6	376	3	365	2.54e-167	471
lcl|CP015118.1_prot_ARN20496.1_2301	STM_v1_0.STM3539	63.8	370	127	3	4	372	2	365	2.73e-167	471
lcl|CP015118.1_prot_ARN23848.1_2303	iNF517.LLMG_RS02350	35.2	247	157	3	9	252	3	249	9.10e-41	140
lcl|CP015118.1_prot_ARN23848.1_2303	iCN900.CD630_01030	32.0	241	163	1	10	250	4	243	3.02e-39	136
lcl|CP015118.1_prot_ARN23848.1_2303	iYS854.USA300HOU_RS12020	32.5	243	164	0	9	251	2	244	7.04e-36	128
lcl|CP015118.1_prot_ARN20498.1_2304	iJN1463.PP_1995	51.5	202	97	1	6	206	5	206	1.12e-64	198
lcl|CP015118.1_prot_ARN20499.1_2305	iCN718.ABAYE_RS03585	67.5	397	127	1	4	400	12	406	7.90e-198	552
lcl|CP015118.1_prot_ARN20499.1_2305	iAF987.Gmet_2482	64.6	395	138	1	6	400	4	396	4.11e-185	520
lcl|CP015118.1_prot_ARN20499.1_2305	iJN1463.PP_0083	62.3	387	144	1	6	392	10	394	2.74e-178	503
lcl|CP015118.1_prot_ARN20500.1_2306	iCN718.ABAYE_RS03610	53.0	270	123	1	1	270	1	266	1.64e-91	271
lcl|CP015118.1_prot_ARN20501.1_2307	STM_v1_0.STM2366	62.3	281	102	1	1	281	1	277	1.10e-121	350
lcl|CP015118.1_prot_ARN20501.1_2307	iYL1228.KPN_02706	62.3	281	102	1	1	281	1	277	1.67e-121	349
lcl|CP015118.1_prot_ARN20501.1_2307	iJN1463.PP_1996	59.4	283	114	1	2	284	3	284	1.75e-121	349
lcl|CP015118.1_prot_ARN20501.1_2307	iSSON_1240.SSON_2374	62.3	281	102	1	1	281	1	277	8.99e-121	347
lcl|CP015118.1_prot_ARN20501.1_2307	iML1515.b2316	62.3	281	102	1	1	281	1	277	1.27e-120	347
lcl|CP015118.1_prot_ARN20501.1_2307	iSbBS512_1146.SbBS512_E2694	62.3	281	102	1	1	281	1	277	2.57e-120	346
lcl|CP015118.1_prot_ARN20501.1_2307	iSDY_1059.SDY_2515	62.3	281	102	1	1	281	1	277	2.57e-120	346
lcl|CP015118.1_prot_ARN20501.1_2307	iPC815.YPO2768	59.2	289	116	1	1	289	1	287	2.42e-118	341
lcl|CP015118.1_prot_ARN20502.1_2308	STM_v1_0.STM2365	46.6	416	205	6	7	421	13	412	5.92e-108	325
lcl|CP015118.1_prot_ARN20502.1_2308	iSbBS512_1146.SbBS512_E2693	45.0	416	212	6	7	421	13	412	6.03e-105	317
lcl|CP015118.1_prot_ARN20502.1_2308	iSSON_1240.SSON_2373	45.0	416	212	6	7	421	13	412	6.03e-105	317
lcl|CP015118.1_prot_ARN20502.1_2308	iML1515.b2315	45.0	416	212	6	7	421	13	412	6.80e-104	314
lcl|CP015118.1_prot_ARN20502.1_2308	iSDY_1059.SDY_2514	44.7	416	213	6	7	421	13	412	1.36e-103	313
lcl|CP015118.1_prot_ARN20502.1_2308	iSF_1195.SF2391	44.7	416	213	6	7	421	13	412	1.36e-103	313
lcl|CP015118.1_prot_ARN20502.1_2308	iYL1228.KPN_02705	43.3	425	221	6	2	422	5	413	2.72e-103	313
lcl|CP015118.1_prot_ARN20502.1_2308	iPC815.YPO2769	43.0	435	209	8	7	420	13	429	1.40e-100	306
lcl|CP015118.1_prot_ARN20505.1_2311	iCN718.ABAYE_RS06820	60.4	487	188	5	1	485	1	484	2.19e-204	577
lcl|CP015118.1_prot_ARN20505.1_2311	iJN1463.PP_2000	60.3	473	183	4	1	472	1	469	1.35e-202	572
lcl|CP015118.1_prot_ARN20505.1_2311	STM_v1_0.STM2362	59.4	473	189	3	1	472	1	471	7.82e-198	560
lcl|CP015118.1_prot_ARN20505.1_2311	iPC815.YPO2772	59.8	473	187	3	1	472	1	471	7.82e-198	560
lcl|CP015118.1_prot_ARN20505.1_2311	iYL1228.KPN_02702	59.0	473	191	3	1	472	1	471	3.64e-196	555
lcl|CP015118.1_prot_ARN20505.1_2311	iML1515.b2312	59.2	473	190	3	1	472	1	471	2.09e-195	553
lcl|CP015118.1_prot_ARN20505.1_2311	iSbBS512_1146.SbBS512_E2690	59.2	473	190	3	1	472	1	471	2.09e-195	553
lcl|CP015118.1_prot_ARN20505.1_2311	iSDY_1059.SDY_2511	59.1	474	191	3	1	473	1	472	2.09e-195	553
lcl|CP015118.1_prot_ARN20505.1_2311	iSF_1195.SF2388	59.2	473	190	3	1	472	1	471	2.09e-195	553
lcl|CP015118.1_prot_ARN20505.1_2311	iSSON_1240.SSON_2370	59.2	473	190	3	1	472	1	471	2.09e-195	553
lcl|CP015118.1_prot_ARN20506.1_2312	iCN718.ABAYE_RS10080	59.4	394	150	3	16	409	12	395	9.25e-157	447
lcl|CP015118.1_prot_ARN20506.1_2312	iJN1463.PP_2001	59.1	399	153	3	11	409	15	403	4.98e-151	433
lcl|CP015118.1_prot_ARN20507.1_2313	iML1515.b2400	48.1	466	230	4	4	467	2	457	3.84e-147	428
lcl|CP015118.1_prot_ARN20507.1_2313	iSbBS512_1146.SbBS512_E2779	47.9	466	231	4	4	467	2	457	1.09e-146	427
lcl|CP015118.1_prot_ARN20507.1_2313	iSSON_1240.SSON_2491	47.9	466	231	4	4	467	2	457	1.54e-146	426
lcl|CP015118.1_prot_ARN20507.1_2313	iPC815.YPO2984	47.6	466	232	5	4	467	2	457	1.54e-146	426
lcl|CP015118.1_prot_ARN20507.1_2313	iSF_1195.SF2462	47.9	466	231	4	4	467	2	457	2.19e-146	426
lcl|CP015118.1_prot_ARN20507.1_2313	STM_v1_0.STM2415	47.9	466	231	4	4	467	2	457	6.21e-146	425
lcl|CP015118.1_prot_ARN20507.1_2313	iSDY_1059.SDY_2600	47.6	466	232	4	4	467	2	457	1.76e-145	424
lcl|CP015118.1_prot_ARN20507.1_2313	iYL1228.KPN_02750	47.6	466	232	4	4	467	2	457	2.58e-145	423
lcl|CP015118.1_prot_ARN20507.1_2313	iAF987.Gmet_1736	47.5	469	227	5	5	468	4	458	5.89e-137	402
lcl|CP015118.1_prot_ARN20509.1_2316	iCHOv1.100757367	26.4	182	130	2	2	180	4	184	1.53e-12	68.6
lcl|CP015118.1_prot_ARN20510.1_2317	iJN1463.PP_2554	35.3	266	166	2	15	280	7	266	4.20e-46	164
lcl|CP015118.1_prot_ARN20511.1_2318	iJN1463.PP_3433	39.0	182	99	5	13	184	7	186	5.65e-30	115
lcl|CP015118.1_prot_ARN20511.1_2318	iCN718.ABAYE_RS00875	35.0	180	103	4	13	184	6	179	1.31e-26	106
lcl|CP015118.1_prot_ARN20512.1_2319	iJN1463.PP_2407	55.2	143	59	1	4	146	5	142	3.60e-49	154
lcl|CP015118.1_prot_ARN20512.1_2319	iAF987.Gmet_0981	48.9	141	67	1	4	144	3	138	8.10e-46	146
lcl|CP015118.1_prot_ARN20512.1_2319	iSynCJ816.SGL_RS06095	47.9	142	69	1	3	144	6	142	2.83e-44	142
lcl|CP015118.1_prot_ARN20513.1_2320	iAF692.Mbar_A1138	31.3	224	138	6	7	227	2	212	2.97e-19	86.7
lcl|CP015118.1_prot_ARN20514.1_2321	iJN1463.PP_1137	41.6	233	135	1	6	238	2	233	8.41e-64	198
lcl|CP015118.1_prot_ARN20514.1_2321	iYL1228.KPN_03816	42.4	238	136	1	1	238	1	237	1.08e-62	196
lcl|CP015118.1_prot_ARN20514.1_2321	iAF987.Gmet_1819	45.0	229	119	3	15	237	11	238	4.75e-61	192
lcl|CP015118.1_prot_ARN20514.1_2321	iML1515.b3454	41.6	238	138	1	1	238	1	237	4.96e-61	191
lcl|CP015118.1_prot_ARN20514.1_2321	iSbBS512_1146.SbBS512_E3868	41.6	238	138	1	1	238	5	241	5.60e-61	191
lcl|CP015118.1_prot_ARN20514.1_2321	iSSON_1240.SSON_3692	41.6	238	138	1	1	238	5	241	5.60e-61	191
lcl|CP015118.1_prot_ARN20514.1_2321	STM_v1_0.STM3560	41.2	238	139	1	1	238	1	237	7.02e-61	191
lcl|CP015118.1_prot_ARN20514.1_2321	iSF_1195.SF3472	41.6	238	138	1	1	238	1	237	7.02e-61	191
lcl|CP015118.1_prot_ARN20514.1_2321	iLJ478.TM1139	41.6	238	137	2	1	237	1	237	1.06e-60	191
lcl|CP015118.1_prot_ARN20514.1_2321	iSDY_1059.SDY_3603	41.2	238	139	1	1	238	5	241	6.37e-60	189
lcl|CP015118.1_prot_ARN20514.1_2321	iPC815.YPO3804	41.2	233	136	1	6	238	2	233	1.42e-59	187
lcl|CP015118.1_prot_ARN20514.1_2321	iSynCJ816.SGL_RS07665	42.7	234	127	4	10	240	9	238	3.19e-57	182
lcl|CP015118.1_prot_ARN20514.1_2321	iJN1463.PP_4863	40.3	233	138	1	6	238	6	237	6.01e-57	181
lcl|CP015118.1_prot_ARN20515.1_2322	iSynCJ816.SGL_RS14000	42.2	251	136	3	5	248	18	266	5.53e-59	187
lcl|CP015118.1_prot_ARN20515.1_2322	iJN1463.PP_1138	37.2	253	153	1	1	247	1	253	6.34e-55	176
lcl|CP015118.1_prot_ARN20515.1_2322	iPC815.YPO3805	39.6	250	145	2	4	247	5	254	2.85e-53	172
lcl|CP015118.1_prot_ARN20515.1_2322	iSSON_1240.SSON_3693	38.7	253	149	2	1	247	1	253	1.14e-52	171
lcl|CP015118.1_prot_ARN20515.1_2322	iML1515.b3455	38.7	253	149	2	1	247	1	253	1.61e-52	170
lcl|CP015118.1_prot_ARN20515.1_2322	iSbBS512_1146.SbBS512_E3867	38.7	253	149	2	1	247	1	253	1.61e-52	170
lcl|CP015118.1_prot_ARN20515.1_2322	iSF_1195.SF3473	38.7	253	149	2	1	247	1	253	1.61e-52	170
lcl|CP015118.1_prot_ARN20515.1_2322	iYL1228.KPN_03817	39.1	253	148	2	1	247	1	253	2.27e-52	170
lcl|CP015118.1_prot_ARN20515.1_2322	iSDY_1059.SDY_3604	38.3	253	150	2	1	247	1	253	4.53e-52	169
lcl|CP015118.1_prot_ARN20515.1_2322	iLJ478.TM1138	35.7	269	148	2	4	247	10	278	1.02e-51	169
lcl|CP015118.1_prot_ARN20516.1_2323	iJN1463.PP_1139	35.0	323	184	5	1	299	87	407	3.54e-47	164
lcl|CP015118.1_prot_ARN20516.1_2323	iJN1463.PP_4865	36.5	310	177	5	12	301	113	422	1.90e-46	162
lcl|CP015118.1_prot_ARN20516.1_2323	iPC815.YPO3806	34.7	317	179	6	9	299	92	406	1.28e-44	157
lcl|CP015118.1_prot_ARN20516.1_2323	iSF_1195.SF3474	34.0	321	186	3	3	299	88	406	2.36e-44	156
lcl|CP015118.1_prot_ARN20516.1_2323	iML1515.b3456	34.0	321	186	3	3	299	88	406	6.42e-44	155
lcl|CP015118.1_prot_ARN20516.1_2323	iSDY_1059.SDY_3605	34.0	321	186	3	3	299	88	406	6.42e-44	155
lcl|CP015118.1_prot_ARN20516.1_2323	iSbBS512_1146.SbBS512_E3866	33.6	321	187	3	3	299	88	406	2.44e-43	154
lcl|CP015118.1_prot_ARN20516.1_2323	STM_v1_0.STM3562	33.3	321	188	3	3	299	88	406	3.40e-43	153
lcl|CP015118.1_prot_ARN20516.1_2323	iSSON_1240.SSON_3694	33.3	321	188	3	3	299	88	406	6.62e-43	152
lcl|CP015118.1_prot_ARN20516.1_2323	iYL1228.KPN_03818	33.3	321	188	3	3	299	88	406	1.29e-42	152
lcl|CP015118.1_prot_ARN20517.1_2324	iAF987.Gmet_1822	32.4	287	192	2	6	291	9	294	5.76e-50	166
lcl|CP015118.1_prot_ARN20518.1_2325	iAF987.Gmet_1823	27.3	315	217	4	13	316	16	329	3.60e-27	110
lcl|CP015118.1_prot_ARN20518.1_2325	iJN1463.PP_1141	28.6	315	218	4	45	358	48	356	1.16e-23	100
lcl|CP015118.1_prot_ARN20519.1_2326	iAF987.Gmet_1392	33.1	260	164	4	1	252	1	258	4.23e-29	111
lcl|CP015118.1_prot_ARN20524.1_2332	iJN1463.PP_0072	46.3	324	168	3	7	327	5	325	2.93e-83	254
lcl|CP015118.1_prot_ARN20526.1_2334	iML1515.b2371	33.7	377	243	3	10	385	9	379	9.16e-68	219
lcl|CP015118.1_prot_ARN20527.1_2335	iEK1008.Rv1070c	32.1	252	161	5	10	254	7	255	2.54e-27	105
lcl|CP015118.1_prot_ARN20527.1_2335	iAF987.Gmet_2071	31.8	255	163	4	10	255	7	259	1.07e-25	101
lcl|CP015118.1_prot_ARN20527.1_2335	iAF987.Gmet_2207	28.3	251	168	2	17	255	14	264	6.21e-25	99.4
lcl|CP015118.1_prot_ARN20527.1_2335	iCN900.CD630_10570	28.1	249	173	2	11	253	14	262	8.66e-25	99.0
lcl|CP015118.1_prot_ARN20528.1_2336	iMM1415.11423	32.7	513	291	21	9	480	40	539	1.88e-53	190
lcl|CP015118.1_prot_ARN20528.1_2336	iEK1008.Rv2045c	31.4	513	318	15	12	512	20	510	1.61e-52	185
lcl|CP015118.1_prot_ARN20528.1_2336	iCHOv1.100770679	32.0	500	289	20	9	470	40	526	6.26e-50	179
lcl|CP015118.1_prot_ARN20530.1_2338	iPC815.YPO2509	53.5	254	115	2	1	251	1	254	5.84e-89	263
lcl|CP015118.1_prot_ARN20530.1_2338	iSDY_1059.SDY_1625	52.6	253	117	2	1	253	1	250	1.58e-87	259
lcl|CP015118.1_prot_ARN20530.1_2338	iML1515.b1519	52.2	253	118	2	1	253	1	250	3.17e-87	259
lcl|CP015118.1_prot_ARN20530.1_2338	iSF_1195.SF1576	52.2	253	118	2	1	253	1	250	1.28e-86	257
lcl|CP015118.1_prot_ARN20530.1_2338	iSbBS512_1146.SbBS512_E1690	52.5	244	113	2	10	253	1	241	7.24e-84	250
lcl|CP015118.1_prot_ARN20531.1_2339	iNF517.LLMG_RS09715	32.9	222	144	3	56	275	261	479	3.22e-33	128
lcl|CP015118.1_prot_ARN20531.1_2339	iSDY_1059.SDY_0785	38.2	228	134	6	55	280	25	247	1.21e-35	128
lcl|CP015118.1_prot_ARN20531.1_2339	iML1515.b0811	38.2	228	134	6	55	280	25	247	1.70e-35	127
lcl|CP015118.1_prot_ARN20531.1_2339	iSSON_1240.SSON_0791	38.2	228	134	6	55	280	25	247	1.70e-35	127
lcl|CP015118.1_prot_ARN20531.1_2339	STM_v1_0.STM0890	35.3	218	136	3	61	276	27	241	2.10e-35	127
lcl|CP015118.1_prot_ARN20531.1_2339	iJN1463.PP_0282	33.3	219	143	2	59	276	29	245	6.92e-35	126
lcl|CP015118.1_prot_ARN20531.1_2339	iSbBS512_1146.SbBS512_E2537	38.2	228	134	6	55	280	25	247	6.58e-35	126
lcl|CP015118.1_prot_ARN20531.1_2339	STM_v1_0.STM0830	37.3	228	136	6	55	280	25	247	1.30e-34	125
lcl|CP015118.1_prot_ARN20531.1_2339	iSF_1195.SF0762	37.7	228	135	6	55	280	25	247	1.30e-34	125
lcl|CP015118.1_prot_ARN20531.1_2339	iML1515.b1920	31.5	222	146	4	58	277	44	261	2.80e-34	125
lcl|CP015118.1_prot_ARN20531.1_2339	iYL1228.KPN_00896	35.3	218	136	3	61	276	34	248	3.75e-34	124
lcl|CP015118.1_prot_ARN20531.1_2339	iPC815.YPO2512	38.3	230	130	9	55	280	25	246	4.89e-34	124
lcl|CP015118.1_prot_ARN20531.1_2339	iYL1228.KPN_00840	37.3	228	136	6	55	280	25	247	7.02e-34	123
lcl|CP015118.1_prot_ARN20531.1_2339	iML1515.b0863	33.9	218	139	3	61	276	27	241	3.37e-33	121
lcl|CP015118.1_prot_ARN20531.1_2339	iSbBS512_1146.SbBS512_E2468	33.9	218	139	3	61	276	27	241	3.37e-33	121
lcl|CP015118.1_prot_ARN20531.1_2339	iSSON_1240.SSON_0848	33.9	218	139	3	61	276	27	241	3.37e-33	121
lcl|CP015118.1_prot_ARN20531.1_2339	iSF_1195.SF0817	33.9	218	139	3	61	276	27	241	4.72e-33	121
lcl|CP015118.1_prot_ARN20531.1_2339	iYO844.BSU27440	37.0	230	135	6	56	281	49	272	7.14e-32	119
lcl|CP015118.1_prot_ARN20531.1_2339	iML1515.b0860	33.3	219	141	3	60	276	26	241	7.01e-32	118
lcl|CP015118.1_prot_ARN20531.1_2339	iSSON_1240.SSON_0845	33.3	219	141	3	60	276	26	241	9.82e-32	117
lcl|CP015118.1_prot_ARN20531.1_2339	iSF_1195.SF0814	33.3	219	141	3	60	276	26	241	1.38e-31	117
lcl|CP015118.1_prot_ARN20531.1_2339	iSynCJ816.SGL_RS07090	33.5	227	141	5	58	278	45	267	1.30e-29	117
lcl|CP015118.1_prot_ARN20531.1_2339	STM_v1_0.STM1954	30.6	222	148	4	58	277	44	261	4.57e-31	116
lcl|CP015118.1_prot_ARN20531.1_2339	iSbBS512_1146.SbBS512_E2471	32.9	219	142	3	60	276	26	241	2.70e-31	116
lcl|CP015118.1_prot_ARN20531.1_2339	iJN1463.PP_0227	31.4	223	144	4	59	277	42	259	8.55e-31	115
lcl|CP015118.1_prot_ARN20531.1_2339	STM_v1_0.STM0887	34.2	222	135	5	60	276	26	241	7.40e-31	115
lcl|CP015118.1_prot_ARN20532.1_2340	iCN900.CD630_07510	37.1	245	124	5	1	242	1	218	2.04e-43	146
lcl|CP015118.1_prot_ARN20536.1_2345	iJN1463.PP_5288	54.0	454	202	4	6	457	12	460	4.49e-170	486
lcl|CP015118.1_prot_ARN20537.1_2346	iSSON_1240.SSON_3784	40.9	320	170	7	1	312	1	309	4.54e-63	202
lcl|CP015118.1_prot_ARN20537.1_2346	iML1515.b3621	43.5	285	147	6	1	277	1	279	1.14e-62	201
lcl|CP015118.1_prot_ARN20537.1_2346	iSbBS512_1146.SbBS512_E4048	41.3	320	169	7	1	312	1	309	1.39e-62	201
lcl|CP015118.1_prot_ARN20537.1_2346	iSDY_1059.SDY_4053	40.5	321	172	7	1	313	1	310	2.27e-62	200
lcl|CP015118.1_prot_ARN20537.1_2346	STM_v1_0.STM3712	42.3	284	152	6	1	277	1	279	1.33e-60	196
lcl|CP015118.1_prot_ARN20537.1_2346	iSF_1195.SF3661	42.5	275	144	6	11	277	1	269	1.39e-57	188
lcl|CP015118.1_prot_ARN20537.1_2346	iYL1228.KPN_03965	40.7	275	149	5	11	277	1	269	3.56e-56	184
lcl|CP015118.1_prot_ARN23852.1_2347	iJN1463.PP_4928	41.3	385	210	9	14	389	6	383	6.81e-77	244
lcl|CP015118.1_prot_ARN23852.1_2347	iML1515.b3633	41.6	368	201	7	14	373	6	367	1.72e-74	238
lcl|CP015118.1_prot_ARN23852.1_2347	iSF_1195.SF3672	41.6	368	201	7	14	373	6	367	1.72e-74	238
lcl|CP015118.1_prot_ARN23852.1_2347	iSSON_1240.SSON_3774	41.6	368	201	7	14	373	6	367	1.72e-74	238
lcl|CP015118.1_prot_ARN23852.1_2347	STM_v1_0.STM3724	41.0	368	203	7	14	373	6	367	4.79e-74	237
lcl|CP015118.1_prot_ARN23852.1_2347	iSDY_1059.SDY_4063	41.3	368	202	7	14	373	6	367	4.79e-74	237
lcl|CP015118.1_prot_ARN23852.1_2347	iSbBS512_1146.SbBS512_E4058	41.0	368	203	7	14	373	6	367	2.65e-73	235
lcl|CP015118.1_prot_ARN23852.1_2347	iYL1228.KPN_03972	39.3	356	203	6	14	362	5	354	1.31e-69	226
lcl|CP015118.1_prot_ARN23852.1_2347	iPC815.YPO0055	39.0	356	204	6	14	362	6	355	2.05e-68	223
lcl|CP015118.1_prot_ARN20539.1_2349	iJN1463.PP_0718	81.3	80	15	0	9	88	9	88	8.24e-38	132
lcl|CP015118.1_prot_ARN20543.1_2353	iSbBS512_1146.SbBS512_E3468	31.0	429	281	8	25	447	24	443	1.50e-45	164
lcl|CP015118.1_prot_ARN20543.1_2353	iML1515.b3035	30.8	429	282	8	25	447	22	441	2.00e-45	164
lcl|CP015118.1_prot_ARN20543.1_2353	iSDY_1059.SDY_3205	30.8	429	282	8	25	447	24	443	2.07e-45	164
lcl|CP015118.1_prot_ARN20543.1_2353	iSSON_1240.SSON_3173	30.8	429	282	8	25	447	24	443	2.07e-45	164
lcl|CP015118.1_prot_ARN20543.1_2353	iSF_1195.SF3075	30.5	429	283	8	25	447	22	441	1.02e-44	162
lcl|CP015118.1_prot_ARN20543.1_2353	STM_v1_0.STM3186	30.5	429	280	8	25	447	24	440	2.56e-43	158
lcl|CP015118.1_prot_ARN20544.1_2354	iPC815.YPO0122	29.8	104	66	3	1	103	1	98	6.16e-10	52.0
lcl|CP015118.1_prot_ARN20544.1_2354	iSDY_1059.SDY_3650	33.0	88	53	2	23	109	22	104	1.31e-08	48.5
lcl|CP015118.1_prot_ARN20544.1_2354	iEK1008.Rv3116	32.6	92	56	2	23	112	302	389	1.05e-07	48.1
lcl|CP015118.1_prot_ARN20544.1_2354	iYL1228.KPN_03791	33.0	88	53	2	23	109	22	104	2.63e-08	47.8
lcl|CP015118.1_prot_ARN20544.1_2354	iML1515.b3425	33.0	88	53	2	23	109	22	104	3.63e-08	47.4
lcl|CP015118.1_prot_ARN20544.1_2354	iSbBS512_1146.SbBS512_E3807	33.0	88	53	2	23	109	22	104	3.63e-08	47.4
lcl|CP015118.1_prot_ARN20544.1_2354	iSF_1195.SF3447	33.0	88	53	2	23	109	22	104	3.63e-08	47.4
lcl|CP015118.1_prot_ARN20544.1_2354	iSSON_1240.SSON_3662	33.0	88	53	2	23	109	22	104	3.63e-08	47.4
lcl|CP015118.1_prot_ARN20544.1_2354	iEK1008.Rv3206c	26.8	97	69	1	16	112	298	392	2.66e-07	47.0
lcl|CP015118.1_prot_ARN20545.1_2355	iAF692.Mbar_A0625	25.7	144	98	4	63	202	14	152	9.22e-04	38.5
lcl|CP015118.1_prot_ARN20546.1_2356	iJN1463.PP_3426	27.8	1054	709	20	3	1026	3	1034	2.18e-100	340
lcl|CP015118.1_prot_ARN20546.1_2356	iJN1463.PP_1385	26.9	1055	718	18	4	1032	2	1029	3.36e-99	337
lcl|CP015118.1_prot_ARN20546.1_2356	iML1515.b2470	26.5	1042	719	19	8	1026	6	1023	1.01e-94	324
lcl|CP015118.1_prot_ARN20546.1_2356	iSDY_1059.SDY_2654	26.5	1042	719	19	8	1026	6	1023	1.39e-94	323
lcl|CP015118.1_prot_ARN20546.1_2356	iSSON_1240.SSON_2550	26.5	1042	719	19	8	1026	6	1023	1.91e-94	323
lcl|CP015118.1_prot_ARN20546.1_2356	iSF_1195.SF2512	26.4	1042	720	19	8	1026	6	1023	2.63e-94	323
lcl|CP015118.1_prot_ARN20546.1_2356	iJN1463.PP_2410	26.5	1057	694	16	17	1026	16	1036	6.19e-91	313
lcl|CP015118.1_prot_ARN20546.1_2356	iML1515.b0462	27.0	1046	712	22	8	1026	6	1026	1.62e-90	312
lcl|CP015118.1_prot_ARN20546.1_2356	iAF987.Gmet_3509	26.8	1038	702	16	19	1030	21	1026	1.62e-89	309
lcl|CP015118.1_prot_ARN20547.1_2357	iSF_1195.SF0408	29.2	154	109	0	51	204	42	195	7.46e-06	47.4
lcl|CP015118.1_prot_ARN20547.1_2357	iML1515.b0463	28.6	154	110	0	51	204	42	195	7.14e-05	44.3
lcl|CP015118.1_prot_ARN20547.1_2357	iSDY_1059.SDY_0456	28.6	154	110	0	51	204	42	195	7.14e-05	44.3
lcl|CP015118.1_prot_ARN20547.1_2357	iSSON_1240.SSON_0450	28.6	154	110	0	51	204	42	195	7.14e-05	44.3
lcl|CP015118.1_prot_ARN20549.1_2359	iJN1463.PP_2862	50.5	277	125	1	8	284	9	273	5.33e-95	281
lcl|CP015118.1_prot_ARN20552.1_2362	iAF987.Gmet_0043	28.2	358	227	8	208	556	20	356	1.28e-20	95.5
lcl|CP015118.1_prot_ARN20553.1_2363	STM_v1_0.STM3697	27.8	345	225	8	29	372	57	378	1.10e-24	103
lcl|CP015118.1_prot_ARN20554.1_2365	iJN1463.PP_3581	36.1	249	147	6	5	246	1	244	1.59e-28	113
lcl|CP015118.1_prot_ARN20555.1_2366	iJN1463.PP_2423	58.4	291	114	3	7	293	5	292	2.27e-122	352
lcl|CP015118.1_prot_ARN20556.1_2367	iJN1463.PP_3581	49.0	692	328	9	8	690	6	681	5.47e-185	542
lcl|CP015118.1_prot_ARN20560.1_2371	iJN1463.PP_1169	45.6	57	29	1	170	224	154	210	3.25e-05	45.1
lcl|CP015118.1_prot_ARN20560.1_2371	STM_v1_0.STM3673	25.9	251	147	12	40	273	28	256	5.82e-05	44.3
lcl|CP015118.1_prot_ARN20561.1_2372	iSynCJ816.SGL_RS10915	33.1	154	98	1	8	156	11	164	6.24e-23	90.5
lcl|CP015118.1_prot_ARN23854.1_2373	iSynCJ816.SGL_RS10910	29.1	597	244	3	51	645	22	441	7.48e-62	212
lcl|CP015118.1_prot_ARN20562.1_2374	STM_v1_0.STM1522	29.3	352	232	5	16	360	18	359	7.85e-35	132
lcl|CP015118.1_prot_ARN20562.1_2374	iJN1463.PP_2647	29.2	356	236	6	12	360	25	371	3.34e-33	128
lcl|CP015118.1_prot_ARN20562.1_2374	iML1515.b1528	29.1	350	235	5	16	360	18	359	3.82e-33	127
lcl|CP015118.1_prot_ARN20562.1_2374	iSbBS512_1146.SbBS512_E1677	29.1	350	235	5	16	360	18	359	3.82e-33	127
lcl|CP015118.1_prot_ARN20562.1_2374	iSSON_1240.SSON_1600	29.1	350	235	5	16	360	18	359	3.82e-33	127
lcl|CP015118.1_prot_ARN20562.1_2374	iSF_1195.SF1566	29.4	347	232	5	16	357	18	356	5.64e-33	126
lcl|CP015118.1_prot_ARN20568.1_2380	iPC815.YPO4048	32.8	134	73	6	78	201	71	197	3.43e-06	48.5
lcl|CP015118.1_prot_ARN20571.1_2383	iML1515.b2302	30.4	191	117	5	14	192	11	197	1.81e-16	74.3
lcl|CP015118.1_prot_ARN20573.1_2385	iAF987.Gmet_0782	33.3	174	116	0	124	297	290	463	8.97e-21	92.4
lcl|CP015118.1_prot_ARN20576.1_2388	iJN1463.PP_0213	63.9	477	169	2	11	485	3	478	6.96e-219	611
lcl|CP015118.1_prot_ARN20576.1_2388	iYL1228.KPN_00256	64.0	480	168	3	11	486	3	481	1.00e-216	606
lcl|CP015118.1_prot_ARN20576.1_2388	iML1515.b2661	63.8	481	167	4	11	486	3	481	1.42e-216	605
lcl|CP015118.1_prot_ARN20576.1_2388	STM_v1_0.STM2791	63.5	480	170	3	11	486	3	481	2.86e-216	605
lcl|CP015118.1_prot_ARN20576.1_2388	iSSON_1240.SSON_2805	63.5	480	170	3	11	486	3	481	1.64e-215	603
lcl|CP015118.1_prot_ARN20576.1_2388	iAF987.Gmet_3395	62.9	482	174	3	11	488	4	484	3.35e-213	597
lcl|CP015118.1_prot_ARN20577.1_2389	iSDY_1059.SDY_2893	60.8	881	325	8	4	875	6	875	0.0	1017
lcl|CP015118.1_prot_ARN20577.1_2389	iSSON_1240.SSON_2841	60.5	881	328	8	4	875	6	875	0.0	1013
lcl|CP015118.1_prot_ARN20577.1_2389	iSbBS512_1146.SbBS512_E3180	60.5	881	328	8	4	875	6	875	0.0	1012
lcl|CP015118.1_prot_ARN20577.1_2389	STM_v1_0.STM2827	60.6	881	327	8	4	875	6	875	0.0	1012
lcl|CP015118.1_prot_ARN20577.1_2389	iSF_1195.SF2720	60.4	881	329	8	4	875	6	875	0.0	1012
lcl|CP015118.1_prot_ARN20577.1_2389	iJN1463.PP_4474	60.5	874	324	8	1	864	1	863	0.0	997
lcl|CP015118.1_prot_ARN20577.1_2389	iYL1228.KPN_03029	60.1	878	336	8	4	875	6	875	0.0	991
lcl|CP015118.1_prot_ARN20577.1_2389	iPC815.YPO3305	58.5	881	346	8	4	875	6	875	0.0	959
lcl|CP015118.1_prot_ARN20577.1_2389	iCN718.ABAYE_RS13005	55.7	885	374	7	1	874	1	878	0.0	947
lcl|CP015118.1_prot_ARN20582.1_2394	iPC815.YPO0048	47.6	399	199	5	7	400	4	397	4.15e-112	333
lcl|CP015118.1_prot_ARN20582.1_2394	iJN1463.PP_5285	49.9	401	192	6	7	402	4	400	3.67e-110	328
lcl|CP015118.1_prot_ARN20582.1_2394	iYL1228.KPN_03979	47.5	402	200	5	5	400	2	398	3.24e-106	318
lcl|CP015118.1_prot_ARN20582.1_2394	iCN718.ABAYE_RS03170	48.4	409	189	7	10	401	11	414	6.68e-106	318
lcl|CP015118.1_prot_ARN20582.1_2394	iML1515.b3639	46.5	402	206	6	5	400	1	399	4.30e-104	313
lcl|CP015118.1_prot_ARN20582.1_2394	STM_v1_0.STM3730	47.0	402	204	5	5	400	2	400	4.44e-104	313
lcl|CP015118.1_prot_ARN20582.1_2394	iSSON_1240.SSON_3767	46.5	402	206	6	5	400	25	423	1.28e-103	313
lcl|CP015118.1_prot_ARN20582.1_2394	iSDY_1059.SDY_4069	46.5	402	206	6	5	400	25	423	2.55e-103	312
lcl|CP015118.1_prot_ARN20582.1_2394	iSF_1195.SF3678	46.5	402	206	6	5	400	25	423	2.55e-103	312
lcl|CP015118.1_prot_ARN20582.1_2394	iSbBS512_1146.SbBS512_E4064	46.0	402	208	6	5	400	1	399	7.79e-102	307
lcl|CP015118.1_prot_ARN20583.1_2395	iSbBS512_1146.SbBS512_E4065	68.0	150	46	1	1	148	1	150	6.08e-71	209
lcl|CP015118.1_prot_ARN20583.1_2395	iSDY_1059.SDY_4070	68.0	150	46	1	1	148	1	150	6.08e-71	209
lcl|CP015118.1_prot_ARN20583.1_2395	iPC815.YPO0047	68.7	150	45	1	1	148	1	150	6.08e-71	209
lcl|CP015118.1_prot_ARN20583.1_2395	iJN1463.PP_5286	69.5	151	44	1	1	149	1	151	8.64e-71	209
lcl|CP015118.1_prot_ARN20583.1_2395	iSF_1195.SF3679	68.0	150	46	1	1	148	2	151	8.93e-71	209
lcl|CP015118.1_prot_ARN20583.1_2395	iYL1228.KPN_03980	68.7	150	45	1	1	148	2	151	1.27e-70	209
lcl|CP015118.1_prot_ARN20583.1_2395	STM_v1_0.STM3731	68.7	150	45	1	1	148	1	150	1.74e-70	208
lcl|CP015118.1_prot_ARN20583.1_2395	iSSON_1240.SSON_3766	67.3	150	47	1	1	148	1	150	2.47e-70	208
lcl|CP015118.1_prot_ARN20583.1_2395	iML1515.b3640	67.3	150	47	1	1	148	1	150	3.51e-70	207
lcl|CP015118.1_prot_ARN20583.1_2395	iCN718.ABAYE_RS14580	65.3	147	49	1	4	148	3	149	8.84e-66	196
lcl|CP015118.1_prot_ARN20589.1_2401	iSynCJ816.SGL_RS03800	29.5	88	58	2	52	139	45	128	7.74e-04	39.7
lcl|CP015118.1_prot_ARN20590.1_2403	iJN1463.PP_1237	55.3	293	128	1	4	293	2	294	8.93e-110	319
lcl|CP015118.1_prot_ARN20590.1_2403	iCN718.ABAYE_RS00850	52.8	290	137	0	4	293	8	297	3.87e-109	318
lcl|CP015118.1_prot_ARN20590.1_2403	iSbBS512_1146.SbBS512_E2850	51.6	289	139	1	6	293	4	292	5.05e-101	297
lcl|CP015118.1_prot_ARN20590.1_2403	iSSON_1240.SSON_2559	51.6	289	139	1	6	293	4	292	5.05e-101	297
lcl|CP015118.1_prot_ARN20590.1_2403	iSDY_1059.SDY_2667	51.6	289	139	1	6	293	4	292	1.01e-100	296
lcl|CP015118.1_prot_ARN20590.1_2403	iML1515.b2478	51.2	289	140	1	6	293	4	292	1.44e-100	296
lcl|CP015118.1_prot_ARN20590.1_2403	iSF_1195.SF2521	51.2	289	140	1	6	293	4	292	1.44e-100	296
lcl|CP015118.1_prot_ARN20590.1_2403	iYL1228.KPN_02812	51.2	289	140	1	6	293	4	292	1.17e-99	293
lcl|CP015118.1_prot_ARN20590.1_2403	STM_v1_0.STM2489	51.2	289	140	1	6	293	4	292	4.72e-99	292
lcl|CP015118.1_prot_ARN20592.1_2405	STM_v1_0.STM1522	29.4	153	91	7	132	277	128	270	2.56e-06	48.9
lcl|CP015118.1_prot_ARN20592.1_2405	iCHOv1.100772122	24.6	333	217	10	68	379	76	395	1.54e-05	46.6
lcl|CP015118.1_prot_ARN23856.1_2409	iAF987.Gmet_1953	35.8	179	104	5	9	184	23	193	2.62e-22	89.7
lcl|CP015118.1_prot_ARN23856.1_2409	iAF987.Gmet_3262	42.7	110	59	3	80	187	146	253	7.84e-19	81.6
lcl|CP015118.1_prot_ARN20597.1_2411	iYS854.USA300HOU_RS11805	21.8	261	192	6	50	304	17	271	1.97e-08	56.2
lcl|CP015118.1_prot_ARN23858.1_2413	iML1515.b3189	32.6	435	273	9	1	432	1	418	1.39e-60	202
lcl|CP015118.1_prot_ARN23858.1_2413	iSF_1195.SF3229	32.6	435	273	9	1	432	1	418	1.39e-60	202
lcl|CP015118.1_prot_ARN23858.1_2413	iSSON_1240.SSON_3337	32.6	435	273	9	1	432	1	418	1.39e-60	202
lcl|CP015118.1_prot_ARN23858.1_2413	iSbBS512_1146.SbBS512_E3581	32.6	435	273	9	1	432	1	418	3.82e-60	201
lcl|CP015118.1_prot_ARN23858.1_2413	iSDY_1059.SDY_3370	32.4	435	274	9	1	432	1	418	7.51e-60	200
lcl|CP015118.1_prot_ARN23858.1_2413	iJN1463.PP_0964	32.8	436	274	10	1	432	1	421	8.38e-59	197
lcl|CP015118.1_prot_ARN23858.1_2413	STM_v1_0.STM3307	32.0	435	276	9	1	432	1	418	1.19e-57	194
lcl|CP015118.1_prot_ARN23858.1_2413	iYL1228.KPN_03599	31.4	437	276	10	1	432	1	418	2.33e-57	194
lcl|CP015118.1_prot_ARN23858.1_2413	iPC815.YPO3569	30.7	436	281	8	1	432	1	419	2.38e-57	194
lcl|CP015118.1_prot_ARN23858.1_2413	iCN718.ABAYE_RS15605	30.4	431	285	7	1	430	1	417	9.21e-56	189
lcl|CP015118.1_prot_ARN23858.1_2413	iHN637.CLJU_RS20680	31.6	431	279	8	1	430	1	416	2.65e-55	188
lcl|CP015118.1_prot_ARN23858.1_2413	iCN900.CD630_01230	30.5	430	284	7	1	430	7	421	5.82e-54	185
lcl|CP015118.1_prot_ARN20602.1_2418	iJN1463.PP_0809	30.3	145	100	1	20	163	22	166	4.05e-06	44.3
lcl|CP015118.1_prot_ARN20612.1_2429	iCN718.ABAYE_RS16340	72.1	505	138	2	1	505	1	502	1.39e-268	739
lcl|CP015118.1_prot_ARN20612.1_2429	iJN1463.PP_0897	72.5	498	136	1	3	500	2	498	3.13e-267	736
lcl|CP015118.1_prot_ARN20615.1_2432	iSynCJ816.SGL_RS15030	55.1	648	277	9	8	652	14	650	1.93e-241	682
lcl|CP015118.1_prot_ARN20615.1_2432	iIT341.HP1045	52.1	641	296	9	16	652	21	654	4.85e-229	651
lcl|CP015118.1_prot_ARN20615.1_2432	iML1515.b4069	53.8	617	267	12	41	652	38	641	3.19e-227	646
lcl|CP015118.1_prot_ARN20615.1_2432	iSSON_1240.SSON_4250	53.8	617	267	12	41	652	38	641	3.19e-227	646
lcl|CP015118.1_prot_ARN20615.1_2432	STM_v1_0.STM4275	53.2	631	277	12	27	652	24	641	4.20e-225	640
lcl|CP015118.1_prot_ARN20615.1_2432	iYL1228.KPN_04478	52.6	631	281	12	27	652	24	641	1.69e-224	639
lcl|CP015118.1_prot_ARN20615.1_2432	iPC815.YPO0253	50.7	649	301	13	9	652	7	641	5.10e-221	630
lcl|CP015118.1_prot_ARN20615.1_2432	iJN1463.PP_4487	53.3	632	275	13	27	652	67	684	4.54e-220	629
lcl|CP015118.1_prot_ARN20615.1_2432	iJN1463.PP_4702	51.5	647	295	14	9	652	7	637	3.60e-219	625
lcl|CP015118.1_prot_ARN20615.1_2432	iCN718.ABAYE_RS01415	52.3	652	288	15	8	652	4	639	1.97e-217	621
lcl|CP015118.1_prot_ARN20615.1_2432	iEK1008.Rv3667	52.8	644	285	11	20	655	18	650	4.22e-217	620
lcl|CP015118.1_prot_ARN20618.1_2435	iSynCJ816.SGL_RS18015	64.1	554	199	0	5	558	4	557	1.93e-252	702
lcl|CP015118.1_prot_ARN20619.1_2436	STM_v1_0.STM3002	49.1	283	118	5	5	265	9	287	9.42e-90	267
lcl|CP015118.1_prot_ARN23860.1_2438	iAF987.Gmet_0843	30.8	276	172	9	4	273	3	265	2.87e-21	90.1
lcl|CP015118.1_prot_ARN20621.1_2439	iPC815.YPO3711	30.5	440	242	16	4	400	5	423	3.49e-37	139
lcl|CP015118.1_prot_ARN20621.1_2439	STM_v1_0.STM4231	28.1	470	246	16	1	400	5	452	1.06e-36	138
lcl|CP015118.1_prot_ARN20621.1_2439	iYL1228.KPN_04425	27.1	442	263	15	1	400	5	429	4.49e-33	128
lcl|CP015118.1_prot_ARN20623.1_2441	iJN1463.PP_0522	61.4	184	71	0	12	195	11	194	4.94e-79	234
lcl|CP015118.1_prot_ARN20623.1_2441	STM_v1_0.STM1711	60.5	185	73	0	12	196	11	195	1.14e-75	226
lcl|CP015118.1_prot_ARN20623.1_2441	iSDY_1059.SDY_1353	57.0	193	83	0	4	196	3	195	3.78e-74	222
lcl|CP015118.1_prot_ARN20623.1_2441	iPC815.YPO2222	58.9	185	76	0	12	196	11	195	3.78e-74	222
lcl|CP015118.1_prot_ARN20623.1_2441	iSbBS512_1146.SbBS512_E1505	58.4	185	77	0	12	196	11	195	5.36e-74	221
lcl|CP015118.1_prot_ARN20623.1_2441	iML1515.b1277	58.4	185	77	0	12	196	11	195	1.53e-73	220
lcl|CP015118.1_prot_ARN20623.1_2441	iSF_1195.SF1281	58.4	185	77	0	12	196	11	195	1.53e-73	220
lcl|CP015118.1_prot_ARN20623.1_2441	iSSON_1240.SSON_1863	58.4	185	77	0	12	196	11	195	1.53e-73	220
lcl|CP015118.1_prot_ARN20623.1_2441	iYL1228.KPN_01273	58.1	186	78	0	12	197	11	196	4.97e-73	219
lcl|CP015118.1_prot_ARN20624.1_2442	iJN1463.PP_4619	26.0	192	138	3	10	200	10	198	1.96e-10	57.8
lcl|CP015118.1_prot_ARN20626.1_2444	iLJ478.TM1432	29.9	371	237	10	7	371	3	356	1.78e-28	115
lcl|CP015118.1_prot_ARN20626.1_2444	iCHOv1.100768751	39.3	168	100	1	2	167	46	213	8.08e-28	113
lcl|CP015118.1_prot_ARN20626.1_2444	iJN1463.PP_2910	31.4	274	175	7	6	273	3	269	9.34e-26	107
lcl|CP015118.1_prot_ARN20629.1_2447	iYO844.BSU32510	25.6	313	198	8	24	309	20	324	1.31e-16	79.0
lcl|CP015118.1_prot_ARN20630.1_2448	iJN1463.PP_4971	29.2	469	213	9	60	528	34	383	3.63e-52	182
lcl|CP015118.1_prot_ARN20635.1_2454	iYS854.USA300HOU_RS06130	27.6	232	136	6	27	257	8	208	6.10e-14	74.7
lcl|CP015118.1_prot_ARN20635.1_2454	iSynCJ816.SGL_RS16190	27.3	242	135	7	26	257	6	216	2.45e-13	72.4
lcl|CP015118.1_prot_ARN20638.1_2457	iJN1463.PP_2428	24.7	247	175	3	50	290	60	301	2.25e-16	80.1
lcl|CP015118.1_prot_ARN20638.1_2457	iYO844.BSU03070	27.5	149	108	0	54	202	48	196	1.39e-15	78.2
lcl|CP015118.1_prot_ARN20638.1_2457	iYL1228.KPN_01628	23.7	245	180	3	38	280	31	270	1.28e-14	74.7
lcl|CP015118.1_prot_ARN20638.1_2457	STM_v1_0.STM1522	23.0	256	184	5	39	287	32	281	3.02e-14	73.6
lcl|CP015118.1_prot_ARN20643.1_2462	iML1515.b3566	41.3	320	182	5	1	317	3	319	5.11e-72	226
lcl|CP015118.1_prot_ARN20643.1_2462	iSF_1195.SF3610	41.3	320	182	5	1	317	3	319	5.11e-72	226
lcl|CP015118.1_prot_ARN20643.1_2462	iPC815.YPO4037	38.8	330	195	6	2	327	4	330	1.16e-67	215
lcl|CP015118.1_prot_ARN20643.1_2462	iYL1228.KPN_03930	39.0	308	183	4	23	327	7	312	9.43e-68	214
lcl|CP015118.1_prot_ARN20643.1_2462	iSbBS512_1146.SbBS512_E3956	40.7	297	165	4	23	317	37	324	5.17e-67	213
lcl|CP015118.1_prot_ARN20644.1_2463	iYL1228.KPN_03932	36.1	382	230	5	7	386	22	391	2.01e-59	197
lcl|CP015118.1_prot_ARN20644.1_2463	iML1515.b3568	35.7	384	233	5	7	388	22	393	8.40e-58	193
lcl|CP015118.1_prot_ARN20644.1_2463	iSbBS512_1146.SbBS512_E3954	35.7	384	233	5	7	388	22	393	8.40e-58	193
lcl|CP015118.1_prot_ARN20644.1_2463	iSF_1195.SF3612	35.7	384	233	5	7	388	22	393	8.40e-58	193
lcl|CP015118.1_prot_ARN20644.1_2463	iPC815.YPO4035	34.9	387	230	6	6	386	22	392	6.58e-57	191
lcl|CP015118.1_prot_ARN20645.1_2464	iLJ478.TM0956	43.2	236	133	1	7	242	12	246	3.12e-57	190
lcl|CP015118.1_prot_ARN20645.1_2464	iPC815.YPO3964	41.8	237	136	2	6	242	5	239	2.89e-53	179
lcl|CP015118.1_prot_ARN20645.1_2464	iPC815.YPO3907	39.8	236	140	2	7	242	4	237	4.88e-52	176
lcl|CP015118.1_prot_ARN20645.1_2464	iYL1228.KPN_04154	40.7	236	139	1	7	242	4	238	2.05e-51	174
lcl|CP015118.1_prot_ARN20646.1_2465	iYL1228.KPN_02645	32.1	327	183	9	40	328	29	354	3.32e-33	125
lcl|CP015118.1_prot_ARN20646.1_2465	iYO844.BSU02130	36.0	289	136	10	40	321	39	285	2.55e-33	124
lcl|CP015118.1_prot_ARN20646.1_2465	iCN718.ABAYE_RS04670	32.3	371	186	12	14	328	10	371	2.59e-32	123
lcl|CP015118.1_prot_ARN20646.1_2465	STM_v1_0.STM2282	31.9	323	181	9	40	324	29	350	2.35e-30	117
lcl|CP015118.1_prot_ARN20646.1_2465	iPC815.YPO3827	31.0	323	183	9	40	323	40	361	5.73e-30	117
lcl|CP015118.1_prot_ARN20646.1_2465	iML1515.b2239	31.7	322	181	10	40	323	32	352	8.71e-29	113
lcl|CP015118.1_prot_ARN20646.1_2465	iSbBS512_1146.SbBS512_E2621	31.7	322	181	10	40	323	32	352	1.20e-28	113
lcl|CP015118.1_prot_ARN20646.1_2465	iSF_1195.SF2321	31.7	322	181	10	40	323	32	352	1.20e-28	113
lcl|CP015118.1_prot_ARN20647.1_2466	iJN1463.PP_0321	71.1	343	98	1	1	342	1	343	1.08e-184	513
lcl|CP015118.1_prot_ARN20649.1_2468	iEK1008.Rv1106c	30.3	337	205	12	17	332	16	343	3.93e-26	106
lcl|CP015118.1_prot_ARN20650.1_2469	iLB1027_lipid.PHATRDRAFT_44546	32.5	302	181	5	24	324	21	300	2.32e-37	135
lcl|CP015118.1_prot_ARN20650.1_2469	iYO844.BSU39780	30.5	315	208	6	8	318	1	308	5.80e-36	131
lcl|CP015118.1_prot_ARN20650.1_2469	iYO844.BSU09530	34.8	250	144	6	34	273	28	268	4.99e-33	124
lcl|CP015118.1_prot_ARN20654.1_2473	iPC815.YPO1435	36.5	96	60	1	64	159	214	308	1.13e-08	53.1
lcl|CP015118.1_prot_ARN20654.1_2473	iAF987.Gmet_2727	33.3	102	63	3	80	179	295	393	9.96e-08	50.4
lcl|CP015118.1_prot_ARN20654.1_2473	iAF987.Gmet_1832	35.4	82	52	1	78	159	413	493	1.08e-07	50.4
lcl|CP015118.1_prot_ARN20655.1_2474	iEK1008.Rv0018c	34.7	219	125	8	2	216	6	210	3.54e-22	94.7
lcl|CP015118.1_prot_ARN20673.1_2493	iLB1027_lipid.PHATRDRAFT_9984	26.9	130	86	3	260	380	32	161	9.71e-05	43.5
lcl|CP015118.1_prot_ARN20674.1_2494	iCN900.CD630_20200	37.0	872	503	13	33	899	26	856	4.33e-165	503
lcl|CP015118.1_prot_ARN20680.1_2501	iJN1463.PP_3099	51.7	470	224	2	23	492	29	495	6.30e-173	496
lcl|CP015118.1_prot_ARN20686.1_2507	iAF987.Gmet_0043	27.3	322	187	13	219	515	14	313	1.73e-15	79.3
lcl|CP015118.1_prot_ARN20689.1_2510	iJN1463.PP_0823	51.5	309	147	1	5	313	2	307	1.07e-107	318
lcl|CP015118.1_prot_ARN20689.1_2510	iYL1228.KPN_01207	51.0	306	147	1	8	313	6	308	5.41e-106	314
lcl|CP015118.1_prot_ARN20689.1_2510	iSSON_1240.SSON_1391	50.5	313	150	2	1	313	1	308	5.41e-106	314
lcl|CP015118.1_prot_ARN20689.1_2510	iML1515.b1764	50.5	313	150	2	1	313	1	308	7.67e-106	313
lcl|CP015118.1_prot_ARN20689.1_2510	STM_v1_0.STM1297	51.1	315	151	1	8	322	6	317	7.67e-106	313
lcl|CP015118.1_prot_ARN20689.1_2510	iSF_1195.SF1459	50.5	313	150	2	1	313	1	308	7.67e-106	313
lcl|CP015118.1_prot_ARN20689.1_2510	iSDY_1059.SDY_1509	50.5	313	150	2	1	313	1	308	1.09e-105	313
lcl|CP015118.1_prot_ARN20689.1_2510	iSbBS512_1146.SbBS512_E2019	50.5	313	150	2	1	313	1	308	3.09e-105	312
lcl|CP015118.1_prot_ARN20689.1_2510	iPC815.YPO2164	50.7	306	148	1	8	313	6	308	4.52e-105	311
lcl|CP015118.1_prot_ARN20690.1_2511	iJN1463.PP_0824	59.7	278	109	3	8	284	9	284	9.61e-107	311
lcl|CP015118.1_prot_ARN23864.1_2512	iJN1463.PP_0825	58.0	245	102	1	2	246	7	250	1.98e-93	276
lcl|CP015118.1_prot_ARN20691.1_2513	iJN1463.PP_0826	55.6	268	118	1	6	272	8	275	2.70e-86	258
lcl|CP015118.1_prot_ARN23865.1_2514	iJN1463.PP_0827	60.5	238	94	0	2	239	13	250	1.35e-82	247
lcl|CP015118.1_prot_ARN20694.1_2517	iJN1463.PP_0213	43.9	465	259	1	10	474	14	476	5.26e-130	385
lcl|CP015118.1_prot_ARN20694.1_2517	STM_v1_0.STM2791	42.4	465	268	0	10	474	14	478	2.25e-129	383
lcl|CP015118.1_prot_ARN20694.1_2517	iYL1228.KPN_00256	41.8	464	270	0	11	474	15	478	7.21e-128	379
lcl|CP015118.1_prot_ARN20694.1_2517	iSSON_1240.SSON_2805	42.0	464	269	0	11	474	15	478	1.02e-127	379
lcl|CP015118.1_prot_ARN20694.1_2517	iML1515.b2661	41.6	464	271	0	11	474	15	478	1.63e-126	376
lcl|CP015118.1_prot_ARN20694.1_2517	iAF987.Gmet_3395	40.2	465	278	0	10	474	15	479	1.78e-123	368
lcl|CP015118.1_prot_ARN20694.1_2517	iCN718.ABAYE_RS14730	39.1	465	283	0	10	474	15	479	9.77e-123	366
lcl|CP015118.1_prot_ARN20694.1_2517	iYO844.BSU03910	42.6	453	257	2	26	475	7	459	2.85e-122	364
lcl|CP015118.1_prot_ARN20694.1_2517	iMM1415.214579	42.2	469	265	3	10	474	52	518	1.35e-118	357
lcl|CP015118.1_prot_ARN20694.1_2517	iCN718.ABAYE_RS11770	38.6	464	285	0	10	473	14	477	5.37e-117	352
lcl|CP015118.1_prot_ARN20694.1_2517	iJN1463.PP_4422	40.0	467	274	3	10	474	23	485	3.97e-115	347
lcl|CP015118.1_prot_ARN20695.1_2518	iEK1008.Rv0217c	38.8	206	120	3	31	235	57	257	1.80e-29	112
lcl|CP015118.1_prot_ARN20697.1_2520	iJN1463.PP_2590	25.3	664	423	21	55	684	123	747	7.42e-31	129
lcl|CP015118.1_prot_ARN20699.1_2522	iJN1463.PP_0736	48.8	215	110	0	16	230	8	222	8.16e-65	203
lcl|CP015118.1_prot_ARN20700.1_2523	iJN1463.PP_4202	75.9	249	60	0	1	249	1	249	1.60e-121	345
lcl|CP015118.1_prot_ARN20701.1_2524	iJN1463.PP_4201	70.1	308	91	1	1	308	1	307	1.03e-135	386
lcl|CP015118.1_prot_ARN20702.1_2525	iJN1463.PP_0368	45.5	594	315	5	3	592	4	592	9.45e-161	472
lcl|CP015118.1_prot_ARN20702.1_2525	iJN1463.PP_2048	44.3	596	316	6	1	592	1	584	1.46e-151	448
lcl|CP015118.1_prot_ARN20703.1_2526	iLJ478.TM0800	25.4	311	206	8	13	315	16	308	1.58e-13	69.7
lcl|CP015118.1_prot_ARN20705.1_2528	iJN1463.PP_4189	53.3	947	427	6	1	942	5	941	0.0	996
lcl|CP015118.1_prot_ARN20705.1_2528	iYL1228.KPN_00732	53.8	941	419	7	2	941	6	931	0.0	993
lcl|CP015118.1_prot_ARN20705.1_2528	iCN718.ABAYE_RS04435	53.9	941	414	6	6	941	9	934	0.0	988
lcl|CP015118.1_prot_ARN20705.1_2528	iML1515.b0726	53.7	943	415	9	2	941	6	929	0.0	985
lcl|CP015118.1_prot_ARN20705.1_2528	iSbBS512_1146.SbBS512_E0645	53.7	943	415	9	2	941	6	929	0.0	985
lcl|CP015118.1_prot_ARN20705.1_2528	iSF_1195.SF0571	53.7	943	415	9	2	941	6	929	0.0	985
lcl|CP015118.1_prot_ARN20705.1_2528	iSSON_1240.SSON_0677	53.7	943	415	9	2	941	6	929	0.0	984
lcl|CP015118.1_prot_ARN20705.1_2528	iPC815.YPO1113	52.4	942	430	7	2	941	6	931	0.0	983
lcl|CP015118.1_prot_ARN20705.1_2528	iSDY_1059.SDY_0664	53.6	943	416	9	2	941	6	929	0.0	982
lcl|CP015118.1_prot_ARN20705.1_2528	STM_v1_0.STM0736	53.3	941	421	8	2	941	6	929	0.0	980
lcl|CP015118.1_prot_ARN20706.1_2529	iSbBS512_1146.SbBS512_E0646	53.0	423	178	4	1	420	1	405	9.05e-137	397
lcl|CP015118.1_prot_ARN20706.1_2529	iSDY_1059.SDY_0665	52.5	421	183	3	1	420	1	405	9.05e-137	397
lcl|CP015118.1_prot_ARN20706.1_2529	STM_v1_0.STM0737	52.4	424	176	3	1	420	1	402	6.62e-136	395
lcl|CP015118.1_prot_ARN20706.1_2529	iML1515.b0727	52.1	422	183	3	1	420	1	405	4.18e-135	393
lcl|CP015118.1_prot_ARN20706.1_2529	iSSON_1240.SSON_0678	52.1	422	183	3	1	420	1	405	4.18e-135	393
lcl|CP015118.1_prot_ARN20706.1_2529	iPC815.YPO1114	51.5	423	186	4	1	420	1	407	4.47e-135	393
lcl|CP015118.1_prot_ARN20706.1_2529	iYL1228.KPN_00733	53.9	421	180	3	1	420	1	408	9.28e-135	392
lcl|CP015118.1_prot_ARN20706.1_2529	iSF_1195.SF0570	51.9	422	184	3	1	420	1	405	1.69e-134	391
lcl|CP015118.1_prot_ARN20706.1_2529	iJN1463.PP_4188	56.9	418	166	3	4	420	3	407	3.35e-132	385
lcl|CP015118.1_prot_ARN20706.1_2529	iCN718.ABAYE_RS04440	50.8	419	179	5	5	420	4	398	1.14e-130	381
lcl|CP015118.1_prot_ARN20707.1_2530	iJN1463.PP_4187	55.2	469	207	2	1	469	1	466	7.64e-168	481
lcl|CP015118.1_prot_ARN20707.1_2530	iCN718.ABAYE_RS04445	51.5	476	223	4	1	474	1	470	8.29e-157	453
lcl|CP015118.1_prot_ARN20707.1_2530	iJN1463.PP_5366	53.2	476	197	7	3	469	2	460	1.51e-154	447
lcl|CP015118.1_prot_ARN20707.1_2530	iLB1027_lipid.PHATRDRAFT_26432	49.2	478	232	5	1	475	31	500	4.94e-151	439
lcl|CP015118.1_prot_ARN20707.1_2530	iMM904.YFL018C	48.9	485	228	7	1	474	23	498	7.73e-150	436
lcl|CP015118.1_prot_ARN20709.1_2532	iEK1008.Rv0018c	38.5	174	90	6	37	203	30	193	3.86e-21	91.7
lcl|CP015118.1_prot_ARN20712.1_2536	iSbBS512_1146.SbBS512_E2975	44.6	303	148	5	38	327	17	312	6.12e-71	223
lcl|CP015118.1_prot_ARN20712.1_2536	iSF_1195.SF2653	44.6	303	148	5	38	327	17	312	1.22e-70	222
lcl|CP015118.1_prot_ARN20712.1_2536	iSSON_1240.SSON_2720	44.6	303	148	5	38	327	17	312	1.22e-70	222
lcl|CP015118.1_prot_ARN20712.1_2536	STM_v1_0.STM2662	44.3	296	145	5	38	320	17	305	1.08e-68	217
lcl|CP015118.1_prot_ARN20712.1_2536	iSDY_1059.SDY_2837	43.2	303	152	5	38	327	17	312	1.71e-67	214
lcl|CP015118.1_prot_ARN20714.1_2538	iNF517.LLMG_RS06045	36.6	243	145	5	248	487	2	238	2.82e-35	133
lcl|CP015118.1_prot_ARN20715.1_2539	iJN1463.PP_0849	68.1	141	45	0	1	141	1	141	5.09e-61	184
lcl|CP015118.1_prot_ARN20715.1_2539	iIT341.HP0198	66.7	135	45	0	4	138	3	137	1.28e-60	182
lcl|CP015118.1_prot_ARN20715.1_2539	iCN718.ABAYE_RS16260	64.5	141	50	0	1	141	1	141	2.10e-58	177
lcl|CP015118.1_prot_ARN20715.1_2539	iPC815.YPO2883	59.6	141	57	0	1	141	1	141	1.36e-56	172
lcl|CP015118.1_prot_ARN20715.1_2539	iYL1228.KPN_02848	61.7	141	54	0	1	141	1	141	2.00e-56	172
lcl|CP015118.1_prot_ARN20715.1_2539	iML1515.b2518	59.6	141	57	0	1	141	1	141	6.62e-55	168
lcl|CP015118.1_prot_ARN20715.1_2539	iSbBS512_1146.SbBS512_E2893	59.6	141	57	0	1	141	1	141	6.62e-55	168
lcl|CP015118.1_prot_ARN20715.1_2539	iSDY_1059.SDY_2714	59.6	141	57	0	1	141	1	141	6.62e-55	168
lcl|CP015118.1_prot_ARN20715.1_2539	iSF_1195.SF2564	59.6	141	57	0	1	141	1	141	6.62e-55	168
lcl|CP015118.1_prot_ARN20715.1_2539	iSSON_1240.SSON_2600	59.6	141	57	0	1	141	1	141	6.62e-55	168
lcl|CP015118.1_prot_ARN20719.1_2543	iCN718.ABAYE_RS16240	36.6	402	201	12	20	419	8	357	5.14e-62	204
lcl|CP015118.1_prot_ARN20719.1_2543	iJN1463.PP_0853	37.1	399	195	14	18	413	6	351	1.92e-56	190
lcl|CP015118.1_prot_ARN20719.1_2543	iAF987.Gmet_1353	37.0	387	196	11	35	420	13	352	3.70e-56	189
lcl|CP015118.1_prot_ARN20719.1_2543	iCN900.CD630_21280	33.7	380	206	12	35	414	16	349	6.99e-55	185
lcl|CP015118.1_prot_ARN20722.1_2546	iAF987.Gmet_2444	29.2	171	109	5	181	350	23	182	1.40e-07	53.5
lcl|CP015118.1_prot_ARN20722.1_2546	iAF692.Mbar_A1452	31.1	161	102	7	5	161	8	163	1.40e-07	53.5
lcl|CP015118.1_prot_ARN20722.1_2546	iIT341.HP0687	29.8	124	81	4	178	301	2	119	9.69e-07	50.8
lcl|CP015118.1_prot_A4W93_12915_2548	iML1515.b4173	51.5	357	164	4	25	381	10	357	6.25e-103	310
lcl|CP015118.1_prot_A4W93_12915_2548	iJN1463.PP_4893	48.9	350	170	4	25	374	11	351	3.61e-92	283
lcl|CP015118.1_prot_ARN20726.1_2552	iJN1463.PP_4890	45.5	387	207	3	5	387	7	393	1.25e-104	313
lcl|CP015118.1_prot_ARN20727.1_2553	iJN1463.PP_4889	63.2	435	153	2	7	441	2	429	2.87e-194	545
lcl|CP015118.1_prot_ARN20727.1_2553	iPC815.YPO0378	58.7	438	173	3	7	443	2	432	2.16e-182	515
lcl|CP015118.1_prot_ARN20727.1_2553	iCN718.ABAYE_RS12990	58.4	442	175	4	7	443	2	439	3.00e-179	507
lcl|CP015118.1_prot_ARN20727.1_2553	STM_v1_0.STM4366	57.3	438	179	3	7	443	2	432	9.49e-179	506
lcl|CP015118.1_prot_ARN20727.1_2553	iML1515.b4177	57.3	438	179	3	7	443	2	432	1.91e-178	505
lcl|CP015118.1_prot_ARN20727.1_2553	iYL1228.KPN_04576	57.3	438	179	3	7	443	2	432	1.91e-178	505
lcl|CP015118.1_prot_ARN20727.1_2553	iSbBS512_1146.SbBS512_E4708	57.3	438	179	3	7	443	2	432	1.91e-178	505
lcl|CP015118.1_prot_ARN20727.1_2553	iSDY_1059.SDY_4412	57.3	438	179	3	7	443	2	432	1.91e-178	505
lcl|CP015118.1_prot_ARN20727.1_2553	iSSON_1240.SSON_4362	57.3	438	179	3	7	443	2	432	2.71e-178	504
lcl|CP015118.1_prot_ARN20727.1_2553	iSF_1195.SF4332	57.1	438	180	3	7	443	2	432	1.10e-177	503
lcl|CP015118.1_prot_ARN20728.1_2554	iAF692.Mbar_A3178	31.3	150	94	6	23	170	7	149	2.69e-12	62.0
lcl|CP015118.1_prot_ARN20728.1_2554	iAF692.Mbar_A0913	30.4	161	97	6	9	162	1	153	1.63e-10	57.4
lcl|CP015118.1_prot_ARN20730.1_2556	iML1515.b4167	38.4	450	250	9	36	472	39	474	2.85e-60	206
lcl|CP015118.1_prot_ARN20731.1_2557	iJN1463.PP_5270	34.6	448	256	7	1	444	1	415	7.28e-71	230
lcl|CP015118.1_prot_ARN20731.1_2557	iCN718.ABAYE_RS18740	33.9	448	258	8	1	444	1	414	3.32e-68	223
lcl|CP015118.1_prot_ARN20731.1_2557	iJN1463.PP_4434	33.3	448	262	7	1	444	1	415	3.40e-67	220
lcl|CP015118.1_prot_ARN20731.1_2557	iYL1228.KPN_02309	34.1	449	256	7	1	444	1	414	1.42e-65	216
lcl|CP015118.1_prot_ARN20731.1_2557	STM_v1_0.STM1803	33.8	453	252	8	1	444	1	414	1.99e-65	216
lcl|CP015118.1_prot_ARN20731.1_2557	iSF_1195.SF1178	33.0	457	256	8	1	447	1	417	5.50e-65	214
lcl|CP015118.1_prot_ARN20731.1_2557	iML1515.b1189	33.3	457	255	8	1	447	1	417	7.72e-65	214
lcl|CP015118.1_prot_ARN20731.1_2557	iSSON_1240.SSON_1181	33.3	457	255	8	1	447	1	417	7.72e-65	214
lcl|CP015118.1_prot_ARN20731.1_2557	iSDY_1059.SDY_1226	33.3	457	255	8	1	447	1	417	1.08e-64	214
lcl|CP015118.1_prot_ARN20731.1_2557	iSbBS512_1146.SbBS512_E1347	33.3	457	255	8	1	447	1	417	2.13e-64	213
lcl|CP015118.1_prot_ARN20731.1_2557	iPC815.YPO2147	34.6	454	247	9	1	444	1	414	8.68e-64	211
lcl|CP015118.1_prot_ARN20732.1_2558	iLJ478.TM1272	29.1	409	246	9	68	442	60	458	1.14e-28	117
lcl|CP015118.1_prot_ARN20732.1_2558	iYL1228.KPN_01770	29.0	410	264	6	48	441	53	451	1.41e-28	117
lcl|CP015118.1_prot_ARN20732.1_2558	iAF692.Mbar_A0883	29.1	412	249	10	65	442	60	462	3.33e-27	113
lcl|CP015118.1_prot_ARN20732.1_2558	iAF987.Gmet_0075	28.7	435	263	12	48	445	53	477	3.04e-26	110
lcl|CP015118.1_prot_ARN20732.1_2558	iSynCJ816.SGL_RS07160	30.6	454	250	14	36	443	37	471	5.49e-26	109
lcl|CP015118.1_prot_ARN20735.1_2561	iAF987.Gmet_1252	60.1	233	93	0	2	234	4	236	3.43e-96	280
lcl|CP015118.1_prot_ARN20735.1_2561	iML1515.b0171	56.7	233	101	0	2	234	7	239	1.44e-88	261
lcl|CP015118.1_prot_ARN20735.1_2561	iSbBS512_1146.SbBS512_E0164	56.7	233	101	0	2	234	7	239	1.44e-88	261
lcl|CP015118.1_prot_ARN20735.1_2561	iSF_1195.SF0161	56.7	233	101	0	2	234	7	239	1.44e-88	261
lcl|CP015118.1_prot_ARN20735.1_2561	iSSON_1240.SSON_0183	56.7	233	101	0	2	234	7	239	1.44e-88	261
lcl|CP015118.1_prot_ARN20735.1_2561	iSDY_1059.SDY_0187	56.7	233	101	0	2	234	7	239	2.90e-88	260
lcl|CP015118.1_prot_ARN20735.1_2561	iSynCJ816.SGL_RS12175	53.9	232	107	0	3	234	2	233	3.98e-88	260
lcl|CP015118.1_prot_ARN20735.1_2561	iYL1228.KPN_00184	56.2	233	102	0	2	234	7	239	5.83e-88	259
lcl|CP015118.1_prot_ARN20735.1_2561	STM_v1_0.STM0218	56.2	233	102	0	2	234	7	239	8.27e-88	259
lcl|CP015118.1_prot_ARN20735.1_2561	iJN1463.PP_1593	56.4	234	102	0	2	235	10	243	8.20e-87	257
lcl|CP015118.1_prot_ARN20735.1_2561	iYO844.BSU16510	55.7	235	103	1	2	235	4	238	9.23e-87	256
lcl|CP015118.1_prot_ARN20735.1_2561	iPC815.YPO1046	55.8	233	103	0	2	234	7	239	2.72e-86	255
lcl|CP015118.1_prot_ARN23868.1_2563	iJN1463.PP_1595	50.9	228	108	1	1	224	12	239	2.04e-78	236
lcl|CP015118.1_prot_ARN23868.1_2563	STM_v1_0.STM0221	51.1	231	107	2	3	228	18	247	2.99e-78	235
lcl|CP015118.1_prot_ARN23868.1_2563	iSbBS512_1146.SbBS512_E0167	49.6	230	112	1	3	228	18	247	2.42e-77	233
lcl|CP015118.1_prot_ARN23868.1_2563	iML1515.b0174	49.6	230	112	1	3	228	19	248	3.55e-77	233
lcl|CP015118.1_prot_ARN23868.1_2563	iSDY_1059.SDY_0190	49.6	230	112	1	3	228	19	248	3.55e-77	233
lcl|CP015118.1_prot_ARN23868.1_2563	iSF_1195.SF0164	49.6	230	112	1	3	228	19	248	3.55e-77	233
lcl|CP015118.1_prot_ARN23868.1_2563	iSSON_1240.SSON_0186	49.6	230	112	1	3	228	19	248	3.55e-77	233
lcl|CP015118.1_prot_ARN23868.1_2563	iNF517.LLMG_RS12110	47.2	231	118	1	1	227	14	244	5.71e-74	224
lcl|CP015118.1_prot_ARN23868.1_2563	iYL1228.KPN_00187	47.8	230	116	2	3	228	24	253	2.53e-73	223
lcl|CP015118.1_prot_ARN23868.1_2563	iLJ478.TM1398	47.8	228	117	1	1	226	3	230	1.62e-73	223
lcl|CP015118.1_prot_ARN23868.1_2563	iPC815.YPO1049	45.9	233	122	1	2	230	16	248	3.40e-72	220
lcl|CP015118.1_prot_ARN23868.1_2563	iYO844.BSU16530	44.3	230	124	2	1	226	31	260	3.26e-69	213
lcl|CP015118.1_prot_ARN20737.1_2564	iJN1463.PP_1596	41.5	282	138	9	1	275	1	262	1.42e-47	159
lcl|CP015118.1_prot_ARN20738.1_2565	iJN1463.PP_1597	59.2	358	144	1	10	365	14	371	9.83e-136	394
lcl|CP015118.1_prot_ARN20738.1_2565	iYL1228.KPN_00186	54.4	386	167	3	10	388	3	386	2.24e-128	375
lcl|CP015118.1_prot_ARN20738.1_2565	iML1515.b0173	52.4	393	178	2	10	395	3	393	3.90e-126	369
lcl|CP015118.1_prot_ARN20738.1_2565	iSbBS512_1146.SbBS512_E0166	52.4	393	178	2	10	395	3	393	3.90e-126	369
lcl|CP015118.1_prot_ARN20738.1_2565	iSSON_1240.SSON_0185	52.4	393	178	2	10	395	3	393	3.90e-126	369
lcl|CP015118.1_prot_ARN20738.1_2565	iSDY_1059.SDY_0189	51.9	393	180	2	10	395	3	393	8.95e-125	365
lcl|CP015118.1_prot_ARN20738.1_2565	iSF_1195.SF0163	51.9	393	180	2	10	395	3	393	8.95e-125	365
lcl|CP015118.1_prot_ARN20738.1_2565	STM_v1_0.STM0220	51.9	393	180	2	10	395	3	393	1.45e-123	362
lcl|CP015118.1_prot_ARN20738.1_2565	iPC815.YPO1048	50.9	397	186	2	10	399	3	397	1.66e-122	360
lcl|CP015118.1_prot_ARN20742.1_2569	iJN1463.PP_1601	54.7	338	149	2	3	340	4	337	3.35e-72	227
lcl|CP015118.1_prot_ARN20743.1_2570	iYL1228.KPN_00193	53.1	143	66	1	2	144	8	149	8.92e-56	171
lcl|CP015118.1_prot_ARN20743.1_2570	STM_v1_0.STM0227	52.4	143	67	1	2	144	8	149	2.55e-55	170
lcl|CP015118.1_prot_ARN20743.1_2570	iML1515.b0180	52.4	143	67	1	2	144	8	149	5.14e-55	169
lcl|CP015118.1_prot_ARN20743.1_2570	iSbBS512_1146.SbBS512_E0173	52.4	143	67	1	2	144	8	149	5.14e-55	169
lcl|CP015118.1_prot_ARN20743.1_2570	iSDY_1059.SDY_0196	52.4	143	67	1	2	144	8	149	5.14e-55	169
lcl|CP015118.1_prot_ARN20743.1_2570	iSF_1195.SF0170	52.4	143	67	1	2	144	8	149	5.14e-55	169
lcl|CP015118.1_prot_ARN20743.1_2570	iSSON_1240.SSON_0192	52.4	143	67	1	2	144	8	149	5.14e-55	169
lcl|CP015118.1_prot_ARN20743.1_2570	iPC815.YPO1055	51.8	139	66	1	2	140	8	145	2.33e-50	158
lcl|CP015118.1_prot_ARN20743.1_2570	iJN1463.PP_1602	54.9	144	64	1	1	143	18	161	7.70e-50	156
lcl|CP015118.1_prot_ARN20744.1_2571	iYL1228.KPN_00194	55.2	259	112	1	5	263	8	262	7.89e-70	215
lcl|CP015118.1_prot_ARN20744.1_2571	iJN1463.PP_1603	49.8	259	126	1	5	263	4	258	5.33e-64	200
lcl|CP015118.1_prot_ARN20745.1_2572	iJN1463.PP_1604	49.2	372	180	4	1	370	8	372	6.63e-109	323
lcl|CP015118.1_prot_ARN20750.1_2578	iJN1463.PP_2082	67.6	788	250	2	11	798	5	787	0.0	1061
lcl|CP015118.1_prot_ARN20750.1_2578	iCN718.ABAYE_RS07365	67.7	789	250	2	9	797	3	786	0.0	1039
lcl|CP015118.1_prot_ARN20750.1_2578	iPC815.YPO2409	65.1	787	268	3	11	797	11	790	0.0	1019
lcl|CP015118.1_prot_ARN20750.1_2578	iSbBS512_1146.SbBS512_E1905	64.6	793	274	3	5	797	4	789	0.0	1017
lcl|CP015118.1_prot_ARN20750.1_2578	iML1515.b1702	64.4	793	275	3	5	797	4	789	0.0	1015
lcl|CP015118.1_prot_ARN20750.1_2578	iSSON_1240.SSON_1457	64.4	793	275	3	5	797	4	789	0.0	1014
lcl|CP015118.1_prot_ARN20750.1_2578	STM_v1_0.STM1349	64.6	793	274	3	5	797	4	789	0.0	1014
lcl|CP015118.1_prot_ARN20750.1_2578	iSF_1195.SF1528	64.3	793	276	3	5	797	4	789	0.0	1013
lcl|CP015118.1_prot_ARN20750.1_2578	iSDY_1059.SDY_1794	64.3	793	276	3	5	797	4	789	0.0	1012
lcl|CP015118.1_prot_ARN20750.1_2578	iYL1228.KPN_02160	64.2	793	277	3	5	797	4	789	0.0	1011
lcl|CP015118.1_prot_ARN20753.1_2581	iAF987.Gmet_3031	29.2	638	300	10	44	679	5	492	3.22e-62	216
lcl|CP015118.1_prot_ARN20759.1_2587	iYO844.BSU34590	33.0	224	148	2	51	272	54	277	1.55e-26	104
lcl|CP015118.1_prot_ARN20759.1_2587	iEK1008.Rv1237	28.1	210	140	2	70	272	68	273	5.52e-24	97.4
lcl|CP015118.1_prot_ARN20760.1_2588	iLJ478.TM1121	29.2	271	187	4	19	286	22	290	2.77e-31	118
lcl|CP015118.1_prot_ARN20760.1_2588	iEK1008.Rv1236	29.6	260	176	4	13	271	22	275	8.30e-31	117
lcl|CP015118.1_prot_ARN20760.1_2588	iEK1008.Rv2316	31.0	274	174	6	8	275	1	265	1.60e-30	115
lcl|CP015118.1_prot_ARN20760.1_2588	iEK1008.Rv2835c	31.9	251	166	4	20	267	25	273	5.79e-28	109
lcl|CP015118.1_prot_ARN20766.1_2594	iEK1008.Rv0386	36.1	449	259	10	104	540	194	626	1.59e-43	170
lcl|CP015118.1_prot_ARN20781.1_2609	iCN900.CD630_02510	48.4	434	220	3	2	434	4	434	1.07e-130	384
lcl|CP015118.1_prot_ARN20784.1_2613	iAF987.Gmet_1953	46.3	134	68	1	61	194	71	200	6.70e-30	109
lcl|CP015118.1_prot_ARN20784.1_2613	iAF987.Gmet_3262	44.4	124	64	2	70	193	138	256	3.01e-25	98.6
lcl|CP015118.1_prot_ARN20794.1_2624	iAF987.Gmet_1914	33.6	131	87	0	15	145	3	133	1.19e-16	81.6
lcl|CP015118.1_prot_ARN20796.1_2626	iEK1008.Rv0386	32.7	342	200	7	125	450	198	525	8.93e-36	141
lcl|CP015118.1_prot_ARN20798.1_2628	iHN637.CLJU_RS15830	23.1	355	218	15	145	494	37	341	1.61e-10	62.8
lcl|CP015118.1_prot_ARN20800.1_2631	iCN900.CD630_07520	51.6	250	110	1	5	254	1	239	2.51e-84	251
lcl|CP015118.1_prot_ARN20800.1_2631	iNF517.LLMG_RS09915	51.2	254	113	2	1	254	1	243	1.64e-83	249
lcl|CP015118.1_prot_ARN20800.1_2631	iJN1463.PP_0283	52.4	246	117	0	6	251	8	253	4.68e-81	244
lcl|CP015118.1_prot_ARN20800.1_2631	iJN1463.PP_3597	50.6	253	114	1	4	256	19	260	2.38e-79	239
lcl|CP015118.1_prot_ARN20800.1_2631	iYO844.BSU03590	50.0	250	118	1	5	254	1	243	3.15e-79	239
lcl|CP015118.1_prot_ARN20800.1_2631	iPC815.YPO2777	51.4	247	119	1	6	251	14	260	2.59e-77	234
lcl|CP015118.1_prot_ARN20800.1_2631	iCN718.ABAYE_RS06340	52.2	247	117	1	6	251	7	253	4.16e-77	234
lcl|CP015118.1_prot_ARN20800.1_2631	iYL1228.KPN_02696	51.6	252	121	1	1	251	1	252	5.70e-77	233
lcl|CP015118.1_prot_ARN20800.1_2631	STM_v1_0.STM2351	51.2	252	122	1	1	251	2	253	8.34e-77	233
lcl|CP015118.1_prot_ARN20800.1_2631	iYO844.BSU23960	50.8	250	112	2	5	254	1	239	9.40e-77	232
lcl|CP015118.1_prot_ARN20800.1_2631	iML1515.b2306	51.2	252	122	1	1	251	1	252	1.62e-76	232
lcl|CP015118.1_prot_ARN20800.1_2631	iSbBS512_1146.SbBS512_E2684	51.2	252	122	1	1	251	1	252	1.62e-76	232
lcl|CP015118.1_prot_ARN20800.1_2631	iSF_1195.SF2382	51.2	252	122	1	1	251	1	252	1.62e-76	232
lcl|CP015118.1_prot_ARN20800.1_2631	iSSON_1240.SSON_2364	51.2	252	122	1	1	251	1	252	1.62e-76	232
lcl|CP015118.1_prot_ARN20800.1_2631	iSDY_1059.SDY_2505	51.2	252	122	1	1	251	1	252	2.30e-76	232
lcl|CP015118.1_prot_ARN20800.1_2631	iYS854.USA300HOU_RS09925	48.4	250	118	1	5	254	3	241	2.85e-76	231
lcl|CP015118.1_prot_ARN20800.1_2631	iPC815.YPO2514	50.0	250	114	2	5	254	1	239	3.79e-76	231
lcl|CP015118.1_prot_ARN20800.1_2631	iJN1463.PP_1300	49.2	252	117	1	5	256	14	254	8.41e-76	230
lcl|CP015118.1_prot_ARN20800.1_2631	iJN1463.PP_4483	48.4	246	127	0	6	251	4	249	1.69e-75	229
lcl|CP015118.1_prot_ARN20800.1_2631	iYO844.BSU27430	47.6	250	120	1	5	254	1	239	1.87e-74	226
lcl|CP015118.1_prot_ARN20801.1_2632	iJN1463.PP_0226	34.8	201	130	1	11	211	16	215	5.05e-33	118
lcl|CP015118.1_prot_ARN20801.1_2632	iML1515.b1918	34.3	201	131	1	11	211	15	214	1.84e-29	108
lcl|CP015118.1_prot_ARN20802.1_2633	iJN1463.PP_4426	40.8	196	116	0	17	212	14	209	8.61e-34	120
lcl|CP015118.1_prot_ARN20802.1_2633	iJN1463.PP_0226	37.6	194	121	0	17	210	14	207	6.82e-30	110
lcl|CP015118.1_prot_ARN20802.1_2633	iYO844.BSU27450	33.8	201	133	0	20	220	14	214	8.29e-30	110
lcl|CP015118.1_prot_ARN20802.1_2633	iML1515.b1918	35.7	207	133	0	17	223	13	219	1.89e-29	109
lcl|CP015118.1_prot_ARN20803.1_2634	iAF987.Gmet_0075	36.3	466	263	8	23	459	19	479	7.68e-77	248
lcl|CP015118.1_prot_ARN20804.1_2635	iAF692.Mbar_A3192	27.3	319	208	7	1	301	1	313	3.63e-25	102
lcl|CP015118.1_prot_ARN20805.1_2636	iCN718.ABAYE_RS18740	31.7	397	269	2	1	396	1	396	1.46e-52	180
lcl|CP015118.1_prot_ARN20805.1_2636	iJN1463.PP_5270	31.5	397	271	1	1	396	1	397	2.84e-51	177
lcl|CP015118.1_prot_ARN20805.1_2636	iJN1463.PP_4434	30.1	399	278	1	1	398	1	399	1.04e-50	176
lcl|CP015118.1_prot_ARN20805.1_2636	iML1515.b1189	31.2	398	270	4	1	396	1	396	1.51e-49	172
lcl|CP015118.1_prot_ARN20805.1_2636	iSSON_1240.SSON_1181	31.2	398	270	4	1	396	1	396	1.51e-49	172
lcl|CP015118.1_prot_ARN20805.1_2636	iSDY_1059.SDY_1226	31.2	398	270	4	1	396	1	396	2.10e-49	172
lcl|CP015118.1_prot_ARN20805.1_2636	iSbBS512_1146.SbBS512_E1347	30.9	398	271	4	1	396	1	396	5.72e-49	171
lcl|CP015118.1_prot_ARN20805.1_2636	iSF_1195.SF1178	30.7	398	272	4	1	396	1	396	4.22e-48	169
lcl|CP015118.1_prot_ARN20805.1_2636	iYL1228.KPN_02309	30.9	398	271	4	1	396	1	396	6.05e-47	166
lcl|CP015118.1_prot_ARN20805.1_2636	iPC815.YPO2147	31.2	398	270	4	1	396	1	396	1.22e-46	165
lcl|CP015118.1_prot_ARN20806.1_2637	iML1515.b1920	30.6	242	140	10	34	267	39	260	5.05e-21	89.7
lcl|CP015118.1_prot_ARN20806.1_2637	iJN1463.PP_0227	29.2	243	147	9	28	259	29	257	3.41e-20	87.4
lcl|CP015118.1_prot_ARN20806.1_2637	STM_v1_0.STM1954	28.6	241	146	10	34	267	39	260	4.36e-18	81.6
lcl|CP015118.1_prot_ARN20809.1_2641	iSbBS512_1146.SbBS512_E0599	33.2	518	295	10	5	515	8	481	1.39e-77	257
lcl|CP015118.1_prot_ARN20809.1_2641	iML1515.b0650	33.2	518	295	10	5	515	8	481	3.78e-77	256
lcl|CP015118.1_prot_ARN20809.1_2641	iSSON_1240.SSON_0604	33.2	518	295	10	5	515	8	481	5.27e-77	255
lcl|CP015118.1_prot_ARN20809.1_2641	STM_v1_0.STM0659	32.5	517	298	10	5	514	8	480	7.91e-77	255
lcl|CP015118.1_prot_ARN20812.1_2644	iPC815.YPO3117	45.4	317	169	1	19	335	8	320	3.20e-96	288
lcl|CP015118.1_prot_ARN20812.1_2644	STM_v1_0.STM0489	45.3	316	166	2	17	329	6	317	3.94e-89	270
lcl|CP015118.1_prot_ARN20812.1_2644	iML1515.b0475	44.6	314	170	1	17	330	6	315	1.12e-88	269
lcl|CP015118.1_prot_ARN20812.1_2644	iSbBS512_1146.SbBS512_E0408	44.6	314	170	1	17	330	6	315	2.23e-88	268
lcl|CP015118.1_prot_ARN20812.1_2644	iSDY_1059.SDY_0444	44.3	314	171	1	17	330	6	315	4.47e-88	268
lcl|CP015118.1_prot_ARN20812.1_2644	iSF_1195.SF0420	44.3	314	171	1	17	330	6	315	6.33e-88	267
lcl|CP015118.1_prot_ARN20812.1_2644	iSSON_1240.SSON_0462	44.6	312	169	1	19	330	8	315	6.33e-88	267
lcl|CP015118.1_prot_ARN20813.1_2645	iAF987.Gmet_3085	31.0	255	165	4	383	630	206	456	1.42e-25	114
lcl|CP015118.1_prot_ARN20813.1_2645	iJN1463.PP_4405	42.2	109	63	0	779	887	26	134	7.09e-25	107
lcl|CP015118.1_prot_ARN20815.1_2647	iML1515.b3812	35.6	202	125	2	19	216	12	212	4.82e-32	117
lcl|CP015118.1_prot_ARN20816.1_2648	iEK1008.Rv2212	33.6	140	80	2	11	150	211	337	6.66e-09	56.2
lcl|CP015118.1_prot_ARN20821.1_2653	iJN1463.PP_5185	44.2	437	236	2	9	445	4	432	2.28e-127	375
lcl|CP015118.1_prot_ARN20821.1_2653	iSbBS512_1146.SbBS512_E3044	42.7	436	247	1	10	445	10	442	1.31e-126	374
lcl|CP015118.1_prot_ARN20821.1_2653	iSDY_1059.SDY_3035	42.7	436	247	1	10	445	10	442	1.31e-126	374
lcl|CP015118.1_prot_ARN20821.1_2653	iSSON_1240.SSON_2975	42.9	436	246	1	10	445	10	442	1.31e-126	374
lcl|CP015118.1_prot_ARN20821.1_2653	iSF_1195.SF2829	42.7	436	247	1	10	445	10	442	1.85e-126	373
lcl|CP015118.1_prot_ARN20821.1_2653	iML1515.b2818	42.7	436	247	1	10	445	10	442	2.62e-126	373
lcl|CP015118.1_prot_ARN20821.1_2653	iYL1228.KPN_03226	42.6	437	248	1	10	446	10	443	1.19e-124	369
lcl|CP015118.1_prot_ARN20821.1_2653	iCN718.ABAYE_RS19035	44.7	441	234	4	9	445	16	450	8.77e-124	367
lcl|CP015118.1_prot_ARN20821.1_2653	STM_v1_0.STM2992	42.2	436	249	1	10	445	10	442	1.09e-122	363
lcl|CP015118.1_prot_ARN20821.1_2653	iPC815.YPO1022	42.1	437	248	2	10	445	9	441	4.10e-122	362
lcl|CP015118.1_prot_ARN20824.1_2657	iML1515.b2302	57.3	199	84	1	1	198	1	199	2.62e-79	236
lcl|CP015118.1_prot_ARN20826.1_2659	iMM1415.102632	39.1	348	196	6	10	349	14	353	4.50e-71	235
lcl|CP015118.1_prot_ARN20826.1_2659	iCHOv1.100763073	39.1	348	196	6	10	349	14	353	4.56e-70	233
lcl|CP015118.1_prot_ARN20828.1_2661	iYO844.BSU28540	34.0	200	126	4	15	209	14	212	1.91e-26	102
lcl|CP015118.1_prot_ARN20828.1_2661	iEK1008.Rv0222	31.3	211	143	1	4	214	13	221	4.06e-26	101
lcl|CP015118.1_prot_ARN20828.1_2661	iML1515.b1393	33.0	206	137	1	3	207	2	207	2.65e-25	99.0
lcl|CP015118.1_prot_ARN20828.1_2661	iEK1008.Rv3516	31.2	202	131	2	8	202	10	210	4.33e-25	98.6
lcl|CP015118.1_prot_ARN20828.1_2661	iAF987.Gmet_1572	30.9	207	140	1	11	214	12	218	1.53e-24	97.1
lcl|CP015118.1_prot_ARN20828.1_2661	iYO844.BSU18220	33.0	212	138	2	3	210	4	215	4.26e-24	95.9
lcl|CP015118.1_prot_ARN20828.1_2661	iEK1008.Rv1142c	32.5	203	134	1	11	210	21	223	6.89e-24	95.5
lcl|CP015118.1_prot_ARN20828.1_2661	iML1515.b1394	32.5	209	134	2	14	215	14	222	1.21e-23	94.7
lcl|CP015118.1_prot_ARN20828.1_2661	iCN718.ABAYE_RS11945	31.2	215	141	2	8	215	9	223	1.71e-23	94.4
lcl|CP015118.1_prot_ARN20828.1_2661	iYL1228.KPN_01475	32.8	189	120	2	14	195	14	202	1.68e-23	94.4
lcl|CP015118.1_prot_ARN20830.1_2663	iYL1228.KPN_00645	54.2	378	172	1	7	383	9	386	1.90e-139	402
lcl|CP015118.1_prot_ARN20832.1_2665	iAF692.Mbar_A2400	29.3	82	58	0	3	84	6	87	1.95e-08	48.9
lcl|CP015118.1_prot_ARN20833.1_2666	iJN1463.PP_0983	28.2	362	231	8	13	372	16	350	1.44e-31	122
lcl|CP015118.1_prot_ARN20833.1_2666	iSbBS512_1146.SbBS512_E4818	27.9	344	226	5	24	363	27	352	7.57e-29	114
lcl|CP015118.1_prot_ARN20833.1_2666	iML1515.b4262	27.9	344	226	5	24	363	27	352	1.44e-28	114
lcl|CP015118.1_prot_ARN20833.1_2666	iSDY_1059.SDY_4286	27.9	344	226	5	24	363	28	353	2.78e-28	113
lcl|CP015118.1_prot_ARN20833.1_2666	iSF_1195.SF4227	27.6	344	227	5	24	363	27	352	1.87e-27	110
lcl|CP015118.1_prot_ARN20833.1_2666	iSSON_1240.SSON_4447	27.6	344	227	5	24	363	28	353	1.90e-27	110
lcl|CP015118.1_prot_ARN20834.1_2667	iJN1463.PP_0982	27.5	349	244	3	7	347	7	354	8.81e-31	120
lcl|CP015118.1_prot_ARN20835.1_2668	iJN1463.PP_0980	50.1	461	220	5	34	484	35	495	5.37e-139	409
lcl|CP015118.1_prot_ARN20835.1_2668	iSF_1195.SF4229	45.4	469	240	6	28	484	33	497	4.05e-129	384
lcl|CP015118.1_prot_ARN20835.1_2668	iSDY_1059.SDY_4284	45.2	469	241	6	28	484	33	497	1.83e-127	379
lcl|CP015118.1_prot_ARN20835.1_2668	iML1515.b4260	45.0	469	242	6	28	484	33	497	2.59e-127	379
lcl|CP015118.1_prot_ARN20835.1_2668	iSSON_1240.SSON_4445	45.0	469	242	6	28	484	33	497	2.59e-127	379
lcl|CP015118.1_prot_ARN20835.1_2668	iSbBS512_1146.SbBS512_E4821	44.8	469	243	6	28	484	33	497	2.07e-126	377
lcl|CP015118.1_prot_ARN20835.1_2668	iYL1228.KPN_04665	44.1	469	246	6	28	484	33	497	1.65e-125	374
lcl|CP015118.1_prot_ARN20835.1_2668	iCN718.ABAYE_RS17615	60.6	322	124	2	164	483	157	477	1.21e-125	374
lcl|CP015118.1_prot_ARN20835.1_2668	STM_v1_0.STM4477	44.1	469	246	6	28	484	33	497	4.67e-125	373
lcl|CP015118.1_prot_ARN20835.1_2668	iPC815.YPO3441	44.1	469	246	6	28	484	33	497	2.98e-123	369
lcl|CP015118.1_prot_ARN20838.1_2671	iYL1228.KPN_03820	33.5	376	233	4	1	373	1	362	8.96e-54	181
lcl|CP015118.1_prot_ARN20838.1_2671	iJN1463.PP_4867	36.9	350	201	8	30	371	29	366	1.57e-53	181
lcl|CP015118.1_prot_ARN20838.1_2671	STM_v1_0.STM3564	33.9	383	234	6	1	379	1	368	1.76e-53	181
lcl|CP015118.1_prot_ARN20838.1_2671	iML1515.b3458	33.8	376	232	5	1	373	1	362	4.87e-53	179
lcl|CP015118.1_prot_ARN20838.1_2671	iJN1463.PP_1141	32.1	364	234	4	8	368	4	357	5.12e-53	179
lcl|CP015118.1_prot_ARN20838.1_2671	iSbBS512_1146.SbBS512_E3864	33.8	376	232	5	1	373	1	362	4.87e-53	179
lcl|CP015118.1_prot_ARN20838.1_2671	iSDY_1059.SDY_3607	33.8	376	232	5	1	373	1	362	4.87e-53	179
lcl|CP015118.1_prot_ARN20838.1_2671	iSSON_1240.SSON_3696	33.8	376	232	5	1	373	1	362	4.87e-53	179
lcl|CP015118.1_prot_ARN20838.1_2671	iSF_1195.SF3476	33.5	376	233	5	1	373	1	362	1.89e-52	178
lcl|CP015118.1_prot_ARN20838.1_2671	iPC815.YPO3808	33.2	365	230	6	15	373	8	364	1.28e-48	168
lcl|CP015118.1_prot_ARN20840.1_2673	iJN1463.PP_2408	22.5	338	240	3	68	395	32	357	5.65e-05	45.1
lcl|CP015118.1_prot_ARN20840.1_2673	iJN1463.PP_0045	22.7	348	237	5	66	398	35	365	1.30e-04	43.9
lcl|CP015118.1_prot_ARN20841.1_2674	iJN1463.PP_2205	37.4	131	79	2	97	226	65	193	2.04e-22	99.8
lcl|CP015118.1_prot_ARN20841.1_2674	iJN1463.PP_5380	35.5	141	88	2	88	227	60	198	5.91e-22	98.6
lcl|CP015118.1_prot_ARN20844.1_2677	iJN1463.PP_5386	41.5	82	45	1	34	112	406	487	6.51e-13	63.2
lcl|CP015118.1_prot_ARN20845.1_2678	iML1515.b2411	53.1	676	299	6	15	688	10	669	8.33e-237	672
lcl|CP015118.1_prot_ARN20845.1_2678	iSSON_1240.SSON_2500	53.1	676	299	6	15	688	10	669	3.36e-236	671
lcl|CP015118.1_prot_ARN20845.1_2678	iYL1228.KPN_02758	52.4	676	304	6	15	688	10	669	1.35e-235	669
lcl|CP015118.1_prot_ARN20845.1_2678	iSDY_1059.SDY_2608	53.0	676	300	6	15	688	10	669	1.35e-235	669
lcl|CP015118.1_prot_ARN20845.1_2678	iSF_1195.SF2466	52.7	676	302	6	15	688	10	669	6.24e-234	665
lcl|CP015118.1_prot_ARN20845.1_2678	STM_v1_0.STM2427	52.3	685	295	8	15	690	10	671	1.16e-231	659
lcl|CP015118.1_prot_ARN20846.1_2679	iYO844.BSU15720	37.1	159	90	3	1	159	1	149	1.58e-21	85.5
lcl|CP015118.1_prot_ARN20846.1_2679	iAM_Pf480.PF3D7_0907900	35.1	148	91	2	5	152	66	208	6.47e-20	83.2
lcl|CP015118.1_prot_ARN20846.1_2679	iAM_Pc455.PCYB_071570	35.5	152	85	3	5	152	66	208	9.32e-19	80.1
lcl|CP015118.1_prot_ARN20848.1_2681	iJN1463.PP_2318	50.5	184	88	1	35	218	21	201	4.42e-59	184
lcl|CP015118.1_prot_ARN20849.1_2682	iYO844.BSU30420	46.0	200	106	1	24	221	24	223	1.02e-53	172
lcl|CP015118.1_prot_ARN20849.1_2682	iCN900.CD630_19470	40.7	216	126	1	6	219	10	225	1.50e-52	169
lcl|CP015118.1_prot_ARN20852.1_2686	iYL1228.KPN_01198	52.9	121	57	0	14	134	6	126	8.52e-51	157
lcl|CP015118.1_prot_ARN20852.1_2686	STM_v1_0.STM1291	52.9	119	56	0	17	135	19	137	1.91e-49	154
lcl|CP015118.1_prot_ARN20852.1_2686	iML1515.b1778	52.5	118	56	0	17	134	9	126	1.63e-48	152
lcl|CP015118.1_prot_ARN20852.1_2686	iSF_1195.SF1445	52.5	118	56	0	17	134	9	126	1.63e-48	152
lcl|CP015118.1_prot_ARN20852.1_2686	iSSON_1240.SSON_1385	52.5	118	56	0	17	134	9	126	1.63e-48	152
lcl|CP015118.1_prot_ARN20852.1_2686	iSDY_1059.SDY_1489	51.7	118	57	0	17	134	9	126	6.60e-48	150
lcl|CP015118.1_prot_ARN20852.1_2686	iPC815.YPO2158	52.6	114	54	0	21	134	13	126	7.64e-47	147
lcl|CP015118.1_prot_ARN23875.1_2688	iEK1008.Rv1058	41.2	536	307	5	1	535	5	533	1.05e-143	424
lcl|CP015118.1_prot_ARN20854.1_2689	iYL1228.KPN_03822	20.8	341	236	11	29	359	24	340	4.69e-08	54.3
lcl|CP015118.1_prot_ARN20855.1_2690	iJN1463.PP_4842	33.1	251	155	4	10	249	205	453	1.30e-24	103
lcl|CP015118.1_prot_ARN20855.1_2690	iLJ478.TM1136	23.8	319	212	5	1	313	1	294	2.76e-23	97.1
lcl|CP015118.1_prot_ARN20856.1_2691	iPC815.YPO3806	27.1	284	181	5	53	315	126	404	2.03e-16	80.5
lcl|CP015118.1_prot_ARN20856.1_2691	iSDY_1059.SDY_3605	27.8	288	182	5	49	315	122	404	4.79e-16	79.3
lcl|CP015118.1_prot_ARN20856.1_2691	iSF_1195.SF3474	27.8	288	182	5	49	315	122	404	4.79e-16	79.3
lcl|CP015118.1_prot_ARN20856.1_2691	iML1515.b3456	27.4	288	183	5	49	315	122	404	6.41e-16	79.0
lcl|CP015118.1_prot_ARN20856.1_2691	iSbBS512_1146.SbBS512_E3866	27.4	288	183	5	49	315	122	404	6.41e-16	79.0
lcl|CP015118.1_prot_ARN20856.1_2691	iSSON_1240.SSON_3694	27.4	288	183	5	49	315	122	404	6.41e-16	79.0
lcl|CP015118.1_prot_ARN20856.1_2691	STM_v1_0.STM3562	27.1	288	184	5	49	315	122	404	1.15e-15	78.2
lcl|CP015118.1_prot_ARN20856.1_2691	iYL1228.KPN_03818	26.4	288	186	5	49	315	122	404	2.73e-15	77.0
lcl|CP015118.1_prot_ARN20856.1_2691	iJN1463.PP_4843	26.3	319	188	10	35	319	47	352	1.96e-14	73.9
lcl|CP015118.1_prot_ARN20856.1_2691	iSynCJ816.SGL_RS06015	26.3	297	185	7	50	318	74	364	4.62e-14	73.2
lcl|CP015118.1_prot_ARN20857.1_2692	iLJ478.TM1138	36.7	267	143	4	11	251	12	278	1.97e-46	156
lcl|CP015118.1_prot_ARN20858.1_2693	iLJ478.TM1139	42.4	238	126	3	1	231	5	238	1.34e-59	187
lcl|CP015118.1_prot_ARN20858.1_2693	iAF987.Gmet_1819	40.5	237	133	3	1	229	1	237	1.37e-58	185
lcl|CP015118.1_prot_ARN20858.1_2693	iJN1463.PP_1137	38.5	234	136	3	1	229	1	231	3.74e-55	176
lcl|CP015118.1_prot_ARN20858.1_2693	iJN1463.PP_4863	40.7	231	135	2	1	229	5	235	2.46e-54	174
lcl|CP015118.1_prot_ARN20858.1_2693	iJN1463.PP_4845	38.6	223	134	3	1	220	1	223	2.34e-53	171
lcl|CP015118.1_prot_ARN20859.1_2694	iCHOv1.100754698	43.2	710	360	14	11	693	11	704	9.78e-171	506
lcl|CP015118.1_prot_ARN20859.1_2694	iMM1415.74147	43.3	706	361	14	11	693	11	700	9.70e-170	503
lcl|CP015118.1_prot_ARN20860.1_2695	iJN1463.PP_2051	53.6	394	180	2	1	391	1	394	1.23e-126	370
lcl|CP015118.1_prot_ARN20862.1_2697	iAF987.Gmet_2211	36.3	557	325	8	9	560	13	544	1.65e-95	305
lcl|CP015118.1_prot_ARN20862.1_2697	iJN1463.PP_2048	35.6	567	326	9	31	588	33	569	5.83e-87	281
lcl|CP015118.1_prot_ARN20862.1_2697	iAF987.Gmet_2270	34.5	551	330	9	9	553	13	538	2.88e-86	280
lcl|CP015118.1_prot_ARN20862.1_2697	iJN1463.PP_0368	35.0	591	348	11	28	608	33	597	5.64e-86	279
lcl|CP015118.1_prot_ARN20864.1_2699	iCHOv1.100774083	30.2	539	340	11	132	640	163	695	2.95e-65	227
lcl|CP015118.1_prot_ARN20865.1_2700	iPC815.YPO2539	35.8	254	158	3	5	257	1	250	1.36e-42	145
lcl|CP015118.1_prot_ARN20865.1_2700	iYO844.BSU22140	41.0	249	138	6	10	256	9	250	2.98e-41	142
lcl|CP015118.1_prot_ARN20865.1_2700	iYO844.BSU15910	37.1	248	150	4	11	257	2	244	3.40e-41	141
lcl|CP015118.1_prot_ARN20865.1_2700	iNF517.LLMG_RS08950	36.8	250	150	5	9	258	1	242	1.74e-40	139
lcl|CP015118.1_prot_ARN20865.1_2700	iML1515.b4266	36.3	251	155	3	8	257	4	250	9.11e-40	138
lcl|CP015118.1_prot_ARN20865.1_2700	iSSON_1240.SSON_4451	36.3	251	155	3	8	257	4	250	1.28e-39	137
lcl|CP015118.1_prot_ARN20865.1_2700	STM_v1_0.STM4483	35.5	251	157	3	8	257	4	250	1.80e-39	137
lcl|CP015118.1_prot_ARN20865.1_2700	iCN900.CD630_11820	34.7	251	158	4	8	257	1	246	2.23e-39	137
lcl|CP015118.1_prot_ARN20865.1_2700	iAF987.Gmet_1601	34.9	249	157	3	9	257	1	244	2.07e-39	137
lcl|CP015118.1_prot_ARN20865.1_2700	iAM_Pf480.PF3D7_0922900	35.1	245	154	3	14	258	61	300	2.21e-38	135
lcl|CP015118.1_prot_ARN20865.1_2700	iAM_Pv461.PVX_099555	34.6	246	156	3	13	258	59	299	4.26e-38	135
lcl|CP015118.1_prot_ARN20865.1_2700	iML1515.b2842	36.8	253	154	3	5	256	2	249	3.80e-38	134
lcl|CP015118.1_prot_ARN20865.1_2700	iJN1463.PP_2794	34.8	256	160	2	1	256	1	249	3.09e-37	131
lcl|CP015118.1_prot_ARN20867.1_2702	iJN1463.PP_4619	34.1	82	51	2	6	84	3	84	7.89e-05	42.7
lcl|CP015118.1_prot_ARN20868.1_2703	iCN718.ABAYE_RS13055	38.6	223	126	4	9	228	16	230	1.34e-30	115
lcl|CP015118.1_prot_ARN20868.1_2703	iCN718.ABAYE_RS13105	34.1	205	129	1	1	205	1	199	8.39e-30	114
lcl|CP015118.1_prot_ARN20868.1_2703	iCN718.ABAYE_RS13080	38.2	212	120	4	9	217	17	220	7.59e-28	108
lcl|CP015118.1_prot_ARN20869.1_2704	iJN1463.PP_1843	38.0	321	198	1	2	322	4	323	9.81e-77	237
lcl|CP015118.1_prot_ARN23876.1_2705	iJN1463.PP_2008	58.5	41	17	0	11	51	394	434	3.98e-04	42.4
lcl|CP015118.1_prot_ARN20871.1_2707	iCN718.ABAYE_RS13380	44.8	194	103	3	7	199	5	195	8.57e-43	142
lcl|CP015118.1_prot_ARN20872.1_2708	iMM904.YER026C	45.5	202	106	3	11	208	74	275	5.51e-50	163
lcl|CP015118.1_prot_ARN23877.1_2713	iCN718.ABAYE_RS07615	42.1	297	166	3	11	306	10	301	7.47e-74	229
lcl|CP015118.1_prot_ARN20877.1_2714	iYO844.BSU18800	39.6	227	133	3	39	265	56	278	4.20e-47	159
lcl|CP015118.1_prot_ARN20880.1_2717	iAF987.Gmet_0043	24.5	396	276	4	477	867	21	398	2.62e-25	111
lcl|CP015118.1_prot_ARN20881.1_2718	iAF987.Gmet_1919	33.6	116	74	2	1528	1643	6	118	9.37e-09	58.9
lcl|CP015118.1_prot_ARN20881.1_2718	iAF987.Gmet_0069	27.0	126	73	3	1525	1640	3	119	4.09e-07	53.5
lcl|CP015118.1_prot_ARN23878.1_2719	iAF987.Gmet_0043	27.8	388	257	7	294	674	16	387	1.64e-26	114
lcl|CP015118.1_prot_ARN20883.1_2721	iHN637.CLJU_RS10465	43.2	74	39	2	654	726	475	546	9.25e-09	58.5
lcl|CP015118.1_prot_ARN20885.1_2723	iAF987.Gmet_0769	39.6	144	87	0	5	148	2	145	1.14e-25	95.1
lcl|CP015118.1_prot_ARN20886.1_2724	iJN1463.PP_2465	59.1	635	256	1	4	638	4	634	3.20e-291	807
lcl|CP015118.1_prot_ARN20886.1_2724	iCN718.ABAYE_RS15805	56.4	635	273	1	4	638	4	634	1.52e-272	760
lcl|CP015118.1_prot_ARN20886.1_2724	STM_v1_0.STM1333	55.3	636	279	2	4	638	4	635	4.46e-265	741
lcl|CP015118.1_prot_ARN20886.1_2724	iSDY_1059.SDY_1814	55.0	636	281	2	4	638	4	635	4.19e-263	736
lcl|CP015118.1_prot_ARN20886.1_2724	iSF_1195.SF1512	54.9	636	282	2	4	638	4	635	2.40e-262	734
lcl|CP015118.1_prot_ARN20886.1_2724	iSSON_1240.SSON_1439	54.9	636	282	2	4	638	4	635	2.40e-262	734
lcl|CP015118.1_prot_ARN20886.1_2724	iSbBS512_1146.SbBS512_E1961	54.7	636	283	2	4	638	4	635	1.95e-261	732
lcl|CP015118.1_prot_ARN20886.1_2724	iPC815.YPO2433	53.8	636	289	2	4	638	4	635	3.93e-261	731
lcl|CP015118.1_prot_ARN20889.1_2728	STM_v1_0.STM1337	54.2	347	139	4	1	347	1	327	1.63e-119	347
lcl|CP015118.1_prot_ARN20889.1_2728	iSDY_1059.SDY_1809	53.9	347	140	4	1	347	1	327	1.63e-119	347
lcl|CP015118.1_prot_ARN20889.1_2728	iSbBS512_1146.SbBS512_E1956	54.2	347	139	4	1	347	1	327	2.31e-119	347
lcl|CP015118.1_prot_ARN20889.1_2728	iSF_1195.SF1517	53.9	347	140	4	1	347	1	327	4.64e-119	346
lcl|CP015118.1_prot_ARN20889.1_2728	iSSON_1240.SSON_1444	53.9	347	140	4	1	347	1	327	1.87e-118	345
lcl|CP015118.1_prot_ARN20889.1_2728	iYL1228.KPN_02176	53.3	347	142	4	1	347	1	327	3.05e-117	342
lcl|CP015118.1_prot_ARN20889.1_2728	iJN1463.PP_2469	52.8	354	144	4	1	347	1	338	2.90e-115	337
lcl|CP015118.1_prot_ARN20889.1_2728	iPC815.YPO2429	53.0	349	140	6	1	347	1	327	9.32e-114	333
lcl|CP015118.1_prot_ARN20890.1_2729	iJN1463.PP_2470	42.5	812	440	7	1	805	1	792	1.49e-204	599
lcl|CP015118.1_prot_ARN20890.1_2729	iYL1228.KPN_02175	41.2	811	454	7	1	805	1	794	2.02e-202	593
lcl|CP015118.1_prot_ARN20890.1_2729	STM_v1_0.STM1338	40.3	811	461	7	1	805	1	794	1.14e-198	584
lcl|CP015118.1_prot_ARN20890.1_2729	iSSON_1240.SSON_1445	40.4	811	460	6	1	805	1	794	4.56e-198	582
lcl|CP015118.1_prot_ARN20890.1_2729	iSbBS512_1146.SbBS512_E1955	40.4	811	460	6	1	805	1	794	2.56e-197	580
lcl|CP015118.1_prot_ARN20890.1_2729	iSF_1195.SF1518	40.3	811	461	6	1	805	1	794	2.56e-197	580
lcl|CP015118.1_prot_ARN20890.1_2729	iSDY_1059.SDY_1808	40.3	811	461	6	1	805	1	794	3.62e-197	580
lcl|CP015118.1_prot_ARN20890.1_2729	iPC815.YPO2428	40.7	811	458	7	1	805	1	794	7.24e-194	572
lcl|CP015118.1_prot_ARN20890.1_2729	iCN718.ABAYE_RS15755	41.5	809	451	10	1	805	1	791	4.81e-191	564
lcl|CP015118.1_prot_ARN20893.1_2732	iYS854.USA300HOU_RS00275	55.6	365	162	0	1	365	1	365	3.99e-146	418
lcl|CP015118.1_prot_ARN20894.1_2733	iCHOv1.100757367	24.3	169	125	3	10	177	5	171	4.84e-04	42.0
lcl|CP015118.1_prot_ARN20896.1_2735	iAF692.Mbar_A1823	35.4	523	309	9	75	579	63	574	7.47e-68	231
lcl|CP015118.1_prot_ARN20896.1_2735	iAF692.Mbar_A2221	33.7	522	328	8	71	579	59	575	1.92e-65	224
lcl|CP015118.1_prot_ARN20898.1_2737	iMM904.YGR209C	30.8	65	45	0	11	75	21	85	1.50e-07	45.8
lcl|CP015118.1_prot_ARN20898.1_2737	iMM904.YLR043C	30.8	65	45	0	11	75	20	84	5.69e-07	44.3
lcl|CP015118.1_prot_ARN20901.1_2740	iAF987.Gmet_1900	34.7	236	147	3	50	285	21	249	1.51e-31	117
lcl|CP015118.1_prot_ARN20901.1_2740	iCN718.ABAYE_RS19055	32.6	236	149	3	37	271	22	248	3.96e-31	116
lcl|CP015118.1_prot_ARN20901.1_2740	iPC815.YPO3626	30.3	221	148	2	51	270	26	241	1.64e-28	109
lcl|CP015118.1_prot_ARN20901.1_2740	iYO844.BSU08850	28.8	250	170	3	36	284	28	270	7.77e-28	108
lcl|CP015118.1_prot_ARN20902.1_2741	iAF987.Gmet_1899	52.4	210	95	3	33	239	12	219	8.55e-69	213
lcl|CP015118.1_prot_ARN20904.1_2743	iJN1463.PP_2528	73.2	425	110	1	7	431	2	422	9.67e-229	632
lcl|CP015118.1_prot_ARN20905.1_2744	iJN1463.PP_0236	49.1	169	85	1	1	168	1	169	1.12e-43	144
lcl|CP015118.1_prot_ARN20905.1_2744	iSDY_1059.SDY_2319	44.6	168	92	1	1	168	1	167	6.80e-41	137
lcl|CP015118.1_prot_ARN20905.1_2744	iML1515.b0937	44.0	168	93	1	1	168	1	167	9.62e-41	137
lcl|CP015118.1_prot_ARN20905.1_2744	iSbBS512_1146.SbBS512_E2381	44.0	168	93	1	1	168	1	167	9.62e-41	137
lcl|CP015118.1_prot_ARN20905.1_2744	iSSON_1240.SSON_0940	42.9	168	95	1	1	168	1	167	2.72e-40	135
lcl|CP015118.1_prot_ARN20905.1_2744	iSF_1195.SF0936	43.5	168	94	1	1	168	1	167	7.66e-40	134
lcl|CP015118.1_prot_ARN20906.1_2745	iAF692.Mbar_A1559	44.6	65	36	0	6	70	3	67	8.08e-12	54.3
lcl|CP015118.1_prot_ARN20908.1_2747	iJN1463.PP_4215	34.5	328	153	12	9	324	23	300	4.79e-42	147
lcl|CP015118.1_prot_ARN20910.1_2749	iAF987.Gmet_1298	37.8	254	148	5	103	350	96	345	3.42e-40	144
lcl|CP015118.1_prot_ARN20911.1_2750	iYL1228.KPN_00605	37.1	580	322	15	22	574	459	1022	1.28e-82	296
lcl|CP015118.1_prot_ARN20911.1_2750	iJN1463.PP_4219	36.6	604	342	16	30	609	508	1094	3.34e-80	292
lcl|CP015118.1_prot_ARN20911.1_2750	iML1515.b0586	37.1	568	309	16	37	574	467	1016	5.66e-79	285
lcl|CP015118.1_prot_ARN20911.1_2750	iSSON_1240.SSON_0537	36.8	568	311	15	37	574	467	1016	5.66e-79	285
lcl|CP015118.1_prot_ARN20911.1_2750	iSF_1195.SF0498	37.2	567	310	16	37	574	471	1020	7.02e-79	285
lcl|CP015118.1_prot_ARN20911.1_2750	iSbBS512_1146.SbBS512_E0488	37.1	568	309	18	37	574	467	1016	5.75e-77	279
lcl|CP015118.1_prot_ARN20911.1_2750	iJN1463.PP_4243	35.8	625	364	16	5	604	2155	2767	9.02e-76	278
lcl|CP015118.1_prot_ARN20911.1_2750	iSDY_1059.SDY_0515	36.2	583	322	17	25	574	451	1016	4.31e-76	276
lcl|CP015118.1_prot_ARN20911.1_2750	STM_v1_0.STM0588	35.9	577	324	15	27	574	457	1016	3.19e-74	271
lcl|CP015118.1_prot_ARN20911.1_2750	iJN1463.PP_4221	36.3	568	329	12	24	575	502	1052	4.91e-73	269
lcl|CP015118.1_prot_ARN23880.1_2751	iJN1463.PP_1587	44.7	564	278	11	1	550	19	562	6.37e-128	386
lcl|CP015118.1_prot_ARN20912.1_2752	iML1515.b4079	27.8	497	320	13	9	484	7	485	2.86e-40	157
lcl|CP015118.1_prot_ARN20912.1_2752	iYO844.BSU03310	27.4	504	322	19	10	490	26	508	2.89e-39	154
lcl|CP015118.1_prot_ARN20912.1_2752	iCN900.CD630_33170	27.9	519	289	18	9	484	8	484	9.56e-39	153
lcl|CP015118.1_prot_ARN20912.1_2752	STM_v1_0.STM4285	27.4	497	322	14	9	484	7	485	1.29e-38	152
lcl|CP015118.1_prot_ARN20912.1_2752	iHN637.CLJU_RS04405	27.7	505	309	19	9	484	8	485	4.20e-37	148
lcl|CP015118.1_prot_ARN20912.1_2752	iCN900.CD630_21790	27.2	459	286	14	12	444	42	478	1.90e-35	143
lcl|CP015118.1_prot_ARN20928.1_2770	iYO844.BSU09530	31.5	302	183	7	1	292	1	288	9.31e-35	129
lcl|CP015118.1_prot_ARN20928.1_2770	iYO844.BSU39780	29.5	315	202	8	1	309	1	301	1.24e-32	122
lcl|CP015118.1_prot_ARN20930.1_2772	iAF987.Gmet_3524	48.1	156	81	0	6	161	12	167	2.57e-44	144
lcl|CP015118.1_prot_ARN20930.1_2772	iYO844.BSU00180	45.8	153	83	0	6	158	4	156	1.61e-40	134
lcl|CP015118.1_prot_ARN20931.1_2773	iML1515.b1192	43.6	287	157	3	1	284	1	285	5.85e-69	217
lcl|CP015118.1_prot_ARN20931.1_2773	iSSON_1240.SSON_1185	43.6	287	157	3	1	284	1	285	4.65e-68	215
lcl|CP015118.1_prot_ARN20931.1_2773	STM_v1_0.STM1800	43.6	289	154	4	1	284	1	285	6.56e-68	214
lcl|CP015118.1_prot_ARN20931.1_2773	iSDY_1059.SDY_1232	42.9	287	159	3	1	284	1	285	3.69e-67	213
lcl|CP015118.1_prot_ARN20931.1_2773	iSbBS512_1146.SbBS512_E1350	42.9	287	159	3	1	284	1	285	1.04e-66	211
lcl|CP015118.1_prot_ARN20931.1_2773	iSF_1195.SF1182	43.8	267	145	3	21	284	15	279	1.54e-64	206
lcl|CP015118.1_prot_ARN20931.1_2773	iYL1228.KPN_02306	41.4	290	165	3	1	287	1	288	1.45e-63	203
lcl|CP015118.1_prot_ARN20932.1_2774	iJN1463.PP_0882	21.2	430	260	13	230	654	160	515	4.07e-15	78.6
lcl|CP015118.1_prot_ARN20932.1_2774	iSF_1195.SF1244	22.1	516	298	21	163	675	114	528	5.00e-14	75.1
lcl|CP015118.1_prot_ARN20932.1_2774	iML1515.b1243	22.1	516	298	21	163	675	114	528	8.74e-14	74.3
lcl|CP015118.1_prot_ARN20932.1_2774	iSSON_1240.SSON_1937	22.1	516	298	21	163	675	114	528	8.74e-14	74.3
lcl|CP015118.1_prot_ARN20932.1_2774	iSDY_1059.SDY_1301	21.3	516	302	19	163	675	114	528	1.15e-13	73.9
lcl|CP015118.1_prot_ARN20932.1_2774	iSbBS512_1146.SbBS512_E1412	21.9	507	296	20	163	666	114	523	1.07e-12	70.9
lcl|CP015118.1_prot_ARN20933.1_2775	iYS854.USA300HOU_RS04890	29.3	328	207	3	1	327	1	304	2.19e-34	127
lcl|CP015118.1_prot_ARN20933.1_2775	iYO844.BSU12930	27.4	328	212	7	1	326	1	304	8.86e-30	115
lcl|CP015118.1_prot_ARN20934.1_2776	iEK1008.Rv1282c	31.4	245	149	2	215	459	62	287	8.06e-34	128
lcl|CP015118.1_prot_ARN20934.1_2776	iYS854.USA300HOU_RS04895	28.9	239	149	3	218	456	138	355	3.72e-31	122
lcl|CP015118.1_prot_ARN20934.1_2776	iLJ478.TM1748	28.7	289	172	5	182	457	21	288	9.35e-31	120
lcl|CP015118.1_prot_ARN20934.1_2776	iLJ478.TM1065	30.2	275	171	4	183	457	114	367	1.46e-29	118
lcl|CP015118.1_prot_ARN20935.1_2777	iEK1008.Rv1281c	45.3	616	323	9	4	613	5	612	1.58e-153	455
lcl|CP015118.1_prot_ARN20935.1_2777	STM_v1_0.STM0848	43.3	614	288	10	4	610	13	573	1.40e-139	419
lcl|CP015118.1_prot_ARN20935.1_2777	iML1515.b0829	42.4	615	288	7	6	610	15	573	3.11e-138	416
lcl|CP015118.1_prot_ARN20935.1_2777	iSSON_1240.SSON_0811	42.4	615	288	7	6	610	4	562	2.23e-138	416
lcl|CP015118.1_prot_ARN20935.1_2777	iSDY_1059.SDY_0758	42.3	615	289	6	6	610	4	562	6.27e-138	415
lcl|CP015118.1_prot_ARN20935.1_2777	iSbBS512_1146.SbBS512_E2519	43.4	613	285	9	6	610	15	573	1.23e-137	414
lcl|CP015118.1_prot_ARN20935.1_2777	iYL1228.KPN_00862	43.8	603	277	9	16	612	26	572	3.08e-137	413
lcl|CP015118.1_prot_ARN20935.1_2777	iML1515.b2180	42.0	581	258	3	23	602	25	527	2.14e-137	410
lcl|CP015118.1_prot_ARN20936.1_2778	STM_v1_0.STM2199	33.1	148	77	3	27	171	31	159	9.69e-12	68.6
lcl|CP015118.1_prot_ARN20936.1_2778	iYL1228.KPN_02593	32.7	159	82	4	23	175	8	147	1.24e-11	68.2
lcl|CP015118.1_prot_ARN20936.1_2778	iML1515.b2155	31.8	148	79	3	27	171	31	159	1.68e-11	67.8
lcl|CP015118.1_prot_ARN20936.1_2778	iSSON_1240.SSON_2211	31.8	148	79	3	27	171	31	159	1.68e-11	67.8
lcl|CP015118.1_prot_ARN20936.1_2778	STM_v1_0.STM4130	28.6	220	120	6	4	209	9	205	3.62e-11	66.6
lcl|CP015118.1_prot_ARN20936.1_2778	iML1515.b3966	29.2	192	112	4	4	195	9	176	1.09e-10	65.1
lcl|CP015118.1_prot_ARN20936.1_2778	iSSON_1240.SSON_4139	29.2	192	112	4	4	195	9	176	1.09e-10	65.1
lcl|CP015118.1_prot_ARN20936.1_2778	iSF_1195.SF4048	29.7	192	111	4	4	195	9	176	1.88e-10	64.3
lcl|CP015118.1_prot_ARN20936.1_2778	iPC815.YPO3910	33.1	154	86	3	27	180	37	173	2.53e-10	63.9
lcl|CP015118.1_prot_ARN20936.1_2778	iSDY_1059.SDY_3762	28.6	192	113	4	4	195	9	176	5.65e-10	62.8
lcl|CP015118.1_prot_ARN20937.1_2779	iCN718.ABAYE_RS07455	58.0	257	102	4	1	252	1	256	1.06e-88	263
lcl|CP015118.1_prot_ARN20937.1_2779	iJN1463.PP_2214	55.7	255	110	2	1	252	1	255	8.98e-85	253
lcl|CP015118.1_prot_ARN20937.1_2779	iMM1415.15108	54.3	254	111	3	3	251	8	261	4.72e-81	243
lcl|CP015118.1_prot_ARN20937.1_2779	iCHOv1.100757689	53.9	254	112	3	3	251	8	261	1.34e-80	242
lcl|CP015118.1_prot_ARN20937.1_2779	iEK1008.Rv1144	53.9	254	111	3	1	252	1	250	1.76e-78	236
lcl|CP015118.1_prot_ARN20938.1_2780	iJN1463.PP_1506	73.6	216	56	1	1	216	1	215	5.94e-108	308
lcl|CP015118.1_prot_ARN20938.1_2780	iPC815.YPO3118	68.1	210	64	1	1	210	1	207	2.49e-97	281
lcl|CP015118.1_prot_ARN20938.1_2780	STM_v1_0.STM0488	67.3	208	65	1	1	208	1	205	1.43e-96	280
lcl|CP015118.1_prot_ARN20938.1_2780	iML1515.b0474	67.3	208	65	1	1	208	1	205	2.03e-96	279
lcl|CP015118.1_prot_ARN20938.1_2780	iSbBS512_1146.SbBS512_E0406	67.3	208	65	1	1	208	1	205	2.03e-96	279
lcl|CP015118.1_prot_ARN20938.1_2780	iSF_1195.SF0419	67.3	208	65	1	1	208	1	205	2.03e-96	279
lcl|CP015118.1_prot_ARN20938.1_2780	iYL1228.KPN_00456	66.3	208	67	1	1	208	1	205	4.10e-96	278
lcl|CP015118.1_prot_ARN20938.1_2780	iSSON_1240.SSON_0461	66.8	208	66	1	1	208	1	205	8.26e-96	278
lcl|CP015118.1_prot_ARN20939.1_2781	iJN1463.PP_1902	54.4	250	113	1	1	249	3	252	2.15e-82	246
lcl|CP015118.1_prot_ARN20939.1_2781	iYL1228.KPN_00945	53.4	249	114	2	1	249	1	247	2.34e-80	241
lcl|CP015118.1_prot_ARN20939.1_2781	iSbBS512_1146.SbBS512_E2406	53.4	249	114	2	1	249	1	247	6.66e-80	240
lcl|CP015118.1_prot_ARN20939.1_2781	iSSON_1240.SSON_0920	53.4	249	114	2	1	249	1	247	6.66e-80	240
lcl|CP015118.1_prot_ARN20939.1_2781	iSDY_1059.SDY_2340	53.4	249	114	2	1	249	1	247	9.44e-80	239
lcl|CP015118.1_prot_ARN20939.1_2781	iSF_1195.SF0914	53.4	249	114	2	1	249	1	247	9.44e-80	239
lcl|CP015118.1_prot_ARN20939.1_2781	iML1515.b0918	53.0	249	115	2	1	249	1	247	3.81e-79	238
lcl|CP015118.1_prot_ARN20939.1_2781	STM_v1_0.STM0988	52.2	249	117	2	1	249	1	247	2.18e-78	236
lcl|CP015118.1_prot_ARN20939.1_2781	iPC815.YPO1400	53.0	249	115	2	1	249	1	247	3.78e-77	233
lcl|CP015118.1_prot_ARN20941.1_2783	iSbBS512_1146.SbBS512_E2409	38.5	340	186	10	10	341	2	326	3.49e-53	177
lcl|CP015118.1_prot_ARN20941.1_2783	iSF_1195.SF0911	38.5	340	186	10	10	341	2	326	4.91e-53	177
lcl|CP015118.1_prot_ARN20941.1_2783	iSSON_1240.SSON_0917	38.5	340	186	10	10	341	2	326	4.91e-53	177
lcl|CP015118.1_prot_ARN20941.1_2783	iML1515.b0915	38.8	335	182	10	10	336	2	321	6.90e-53	177
lcl|CP015118.1_prot_ARN20941.1_2783	STM_v1_0.STM0985	40.8	299	159	8	14	306	6	292	1.37e-51	173
lcl|CP015118.1_prot_ARN20941.1_2783	iSDY_1059.SDY_2343	40.1	302	162	9	10	304	2	291	1.14e-50	171
lcl|CP015118.1_prot_ARN20941.1_2783	iJN1463.PP_1900	38.2	330	191	8	6	332	4	323	2.83e-49	167
lcl|CP015118.1_prot_ARN20941.1_2783	iYL1228.KPN_00942	38.7	300	164	8	14	306	6	292	2.68e-47	162
lcl|CP015118.1_prot_ARN23882.1_2784	STM_v1_0.STM3158	37.7	122	70	4	9	129	14	130	9.45e-14	63.5
lcl|CP015118.1_prot_ARN23882.1_2784	iML1515.b3005	35.2	122	73	4	9	129	14	130	1.53e-11	57.8
lcl|CP015118.1_prot_ARN23882.1_2784	iSbBS512_1146.SbBS512_E3433	35.2	122	73	4	9	129	14	130	1.53e-11	57.8
lcl|CP015118.1_prot_ARN23882.1_2784	iSF_1195.SF3050	35.2	122	73	4	9	129	14	130	1.53e-11	57.8
lcl|CP015118.1_prot_ARN23882.1_2784	iSSON_1240.SSON_3148	35.2	122	73	4	9	129	14	130	1.53e-11	57.8
lcl|CP015118.1_prot_ARN23882.1_2784	iPC815.YPO0683	34.5	119	72	4	12	129	17	130	2.23e-11	57.4
lcl|CP015118.1_prot_ARN20942.1_2785	iJN1463.PP_5306	35.8	120	57	2	104	203	199	318	1.95e-12	64.7
lcl|CP015118.1_prot_ARN20942.1_2785	iPC815.YPO0682	38.9	90	55	0	114	203	242	331	6.40e-11	60.5
lcl|CP015118.1_prot_ARN20942.1_2785	STM_v1_0.STM3159	42.5	80	46	0	107	186	126	205	9.04e-11	59.3
lcl|CP015118.1_prot_ARN20942.1_2785	iML1515.b3006	38.5	96	57	1	93	186	110	205	1.69e-10	58.5
lcl|CP015118.1_prot_ARN20942.1_2785	iSbBS512_1146.SbBS512_E3434	38.5	96	57	1	93	186	110	205	1.69e-10	58.5
lcl|CP015118.1_prot_ARN20942.1_2785	iSDY_1059.SDY_3067	38.5	96	57	1	93	186	110	205	1.69e-10	58.5
lcl|CP015118.1_prot_ARN20942.1_2785	iSF_1195.SF3051	38.5	96	57	1	93	186	110	205	1.69e-10	58.5
lcl|CP015118.1_prot_ARN20942.1_2785	iSSON_1240.SSON_3149	38.5	96	57	1	93	186	110	205	1.69e-10	58.5
lcl|CP015118.1_prot_ARN20944.1_2787	iJN1463.PP_0915	68.2	192	60	1	1	192	1	191	1.79e-94	273
lcl|CP015118.1_prot_ARN20944.1_2787	STM_v1_0.STM1431	67.4	193	62	1	1	193	1	192	1.24e-93	270
lcl|CP015118.1_prot_ARN20944.1_2787	iYL1228.KPN_01994	66.8	193	63	1	1	193	1	192	3.54e-93	269
lcl|CP015118.1_prot_ARN20944.1_2787	iML1515.b1656	66.3	193	64	1	1	193	1	192	1.01e-92	268
lcl|CP015118.1_prot_ARN20944.1_2787	iSbBS512_1146.SbBS512_E1853	66.3	193	64	1	1	193	1	192	1.01e-92	268
lcl|CP015118.1_prot_ARN20944.1_2787	iSDY_1059.SDY_1882	66.3	193	64	1	1	193	1	192	1.01e-92	268
lcl|CP015118.1_prot_ARN20944.1_2787	iSF_1195.SF1684	66.3	193	64	1	1	193	1	192	1.01e-92	268
lcl|CP015118.1_prot_ARN20944.1_2787	iSSON_1240.SSON_1500	66.3	193	64	1	1	193	1	192	1.01e-92	268
lcl|CP015118.1_prot_ARN20946.1_2789	iJN1463.PP_4011	76.0	416	100	0	2	417	3	418	1.69e-235	648
lcl|CP015118.1_prot_ARN20946.1_2789	iCN718.ABAYE_RS05425	73.8	416	107	1	2	417	3	416	2.40e-228	630
lcl|CP015118.1_prot_ARN20946.1_2789	iML1515.b1136	73.1	417	111	1	1	417	1	416	1.05e-226	625
lcl|CP015118.1_prot_ARN20946.1_2789	iSbBS512_1146.SbBS512_E1315	72.9	417	112	1	1	417	1	416	2.13e-226	625
lcl|CP015118.1_prot_ARN20946.1_2789	iSSON_1240.SSON_1154	72.9	417	112	1	1	417	1	416	2.13e-226	625
lcl|CP015118.1_prot_ARN20946.1_2789	iPC815.YPO1641	73.1	417	112	0	1	417	1	417	4.44e-226	624
lcl|CP015118.1_prot_ARN20946.1_2789	iSF_1195.SF1155	72.9	417	112	1	1	417	1	416	1.23e-225	623
lcl|CP015118.1_prot_ARN20946.1_2789	iSDY_1059.SDY_2016	72.7	417	113	1	1	417	1	416	3.51e-225	622
lcl|CP015118.1_prot_ARN20946.1_2789	iYL1228.KPN_01144	73.1	417	111	1	1	417	1	416	5.78e-224	619
lcl|CP015118.1_prot_ARN20946.1_2789	STM_v1_0.STM1238	72.7	417	113	1	1	417	1	416	9.54e-223	615
lcl|CP015118.1_prot_ARN20946.1_2789	iIT341.HP0027	71.7	420	110	4	5	417	8	425	3.25e-216	599
lcl|CP015118.1_prot_ARN20950.1_2793	iAF692.Mbar_A3264	26.7	202	143	1	744	945	114	310	1.61e-11	68.2
lcl|CP015118.1_prot_ARN20950.1_2793	iYO844.BSU18830	24.1	319	213	9	631	945	18	311	4.19e-10	63.5
lcl|CP015118.1_prot_ARN20952.1_2795	STM_v1_0.STM1954	23.9	230	171	4	34	261	34	261	2.71e-11	62.0
lcl|CP015118.1_prot_ARN20952.1_2795	iML1515.b1920	23.0	230	173	4	34	261	34	261	3.69e-11	61.6
lcl|CP015118.1_prot_ARN20954.1_2797	iYL1228.KPN_02593	26.3	659	418	22	42	665	14	639	2.71e-43	165
lcl|CP015118.1_prot_ARN20954.1_2797	iML1515.b2155	26.4	674	403	23	42	665	33	663	1.77e-41	160
lcl|CP015118.1_prot_ARN20954.1_2797	iSSON_1240.SSON_2211	26.4	674	403	23	42	665	33	663	1.77e-41	160
lcl|CP015118.1_prot_ARN20954.1_2797	STM_v1_0.STM2199	25.6	665	420	22	42	665	33	663	2.65e-40	156
lcl|CP015118.1_prot_ARN23884.1_2800	iJN1463.PP_4689	36.9	274	156	6	7	267	11	280	3.31e-34	125
lcl|CP015118.1_prot_ARN23885.1_2801	iJN1463.PP_4688	45.0	347	165	7	8	334	2	342	5.53e-77	239
lcl|CP015118.1_prot_ARN20956.1_2802	iJN1463.PP_4687	49.8	259	124	4	1	259	1	253	1.30e-64	202
lcl|CP015118.1_prot_ARN20957.1_2803	iAF987.Gmet_0043	25.8	178	114	7	215	376	92	267	4.88e-06	48.1
lcl|CP015118.1_prot_ARN20958.1_2804	iAF987.Gmet_1706	36.4	118	71	2	3	118	2	117	1.35e-15	74.3
lcl|CP015118.1_prot_ARN20959.1_2805	iAF987.Gmet_0987	36.2	569	349	7	364	921	226	791	5.42e-95	317
lcl|CP015118.1_prot_ARN20959.1_2805	iAF987.Gmet_2629	38.9	457	271	4	467	916	355	810	1.88e-94	316
lcl|CP015118.1_prot_ARN20959.1_2805	iAF987.Gmet_0700	40.0	457	266	4	461	909	357	813	9.06e-92	308
lcl|CP015118.1_prot_ARN20959.1_2805	iAF987.Gmet_0782	38.5	431	260	2	479	904	285	715	7.15e-87	293
lcl|CP015118.1_prot_ARN20959.1_2805	iAF987.Gmet_3085	37.2	446	274	2	475	914	439	884	6.37e-85	291
lcl|CP015118.1_prot_ARN20961.1_2808	iCN900.CD630_20200	37.8	863	389	14	6	739	10	853	2.56e-173	520
lcl|CP015118.1_prot_ARN23886.1_2810	iJN1463.PP_2902	38.0	221	128	6	19	233	2	219	2.24e-35	126
lcl|CP015118.1_prot_ARN23886.1_2810	STM_v1_0.STM0535	37.2	218	128	4	21	232	5	219	3.15e-35	125
lcl|CP015118.1_prot_ARN23886.1_2810	iSSON_1240.SSON_0494	36.1	219	129	6	21	232	5	219	7.27e-33	119
lcl|CP015118.1_prot_ARN23886.1_2810	iSbBS512_1146.SbBS512_E0450	36.1	219	129	6	21	232	5	219	1.43e-32	119
lcl|CP015118.1_prot_ARN23886.1_2810	iSF_1195.SF0455	36.1	219	129	6	21	232	5	219	1.43e-32	119
lcl|CP015118.1_prot_ARN23886.1_2810	iPC815.YPO3075	33.9	221	137	5	21	235	5	222	2.01e-32	118
lcl|CP015118.1_prot_ARN23886.1_2810	iML1515.b0524	35.3	218	132	4	21	232	5	219	3.96e-32	117
lcl|CP015118.1_prot_ARN23886.1_2810	iSDY_1059.SDY_0276	36.1	219	129	6	21	232	5	219	3.96e-32	117
lcl|CP015118.1_prot_ARN20965.1_2813	STM_v1_0.STM1215	25.1	195	117	7	142	322	96	275	4.73e-04	41.6
lcl|CP015118.1_prot_ARN20967.1_2815	iPC815.YPO3073	55.6	464	192	4	3	457	2	460	1.74e-170	486
lcl|CP015118.1_prot_ARN20967.1_2815	iYL1228.KPN_00482	55.3	470	184	6	3	457	2	460	1.14e-168	482
lcl|CP015118.1_prot_ARN20967.1_2815	iSSON_1240.SSON_0492	54.7	466	193	5	3	457	2	460	4.62e-168	480
lcl|CP015118.1_prot_ARN20967.1_2815	STM_v1_0.STM0537	54.3	470	189	5	3	457	2	460	6.55e-168	480
lcl|CP015118.1_prot_ARN20967.1_2815	iSbBS512_1146.SbBS512_E0448	54.7	466	193	5	3	457	2	460	9.29e-168	479
lcl|CP015118.1_prot_ARN20967.1_2815	iSF_1195.SF0457	54.7	466	193	5	3	457	2	460	5.32e-167	478
lcl|CP015118.1_prot_ARN20967.1_2815	iSDY_1059.SDY_0278	54.7	466	193	5	3	457	2	460	7.54e-167	477
lcl|CP015118.1_prot_ARN20967.1_2815	iJN1463.PP_2905	51.9	466	206	5	3	458	2	459	1.79e-157	453
lcl|CP015118.1_prot_ARN20967.1_2815	iAF987.Gmet_0057	48.1	486	217	7	1	455	1	482	5.05e-153	443
lcl|CP015118.1_prot_ARN20967.1_2815	iCN718.ABAYE_RS12525	51.1	472	208	7	5	458	6	472	7.78e-152	439
lcl|CP015118.1_prot_ARN20969.1_2817	iPC815.YPO1060	62.7	314	114	1	5	315	4	317	2.19e-138	394
lcl|CP015118.1_prot_ARN20969.1_2817	iYL1228.KPN_00198	64.0	314	110	1	5	315	4	317	1.26e-137	392
lcl|CP015118.1_prot_ARN20969.1_2817	iJN1463.PP_1607	62.4	311	117	0	5	315	4	314	6.31e-137	390
lcl|CP015118.1_prot_ARN20969.1_2817	STM_v1_0.STM0232	63.1	314	113	1	5	315	4	317	7.25e-137	390
lcl|CP015118.1_prot_ARN20969.1_2817	iML1515.b0185	62.4	314	115	1	5	315	4	317	8.39e-136	387
lcl|CP015118.1_prot_ARN20969.1_2817	iSbBS512_1146.SbBS512_E0178	62.4	314	115	1	5	315	4	317	8.39e-136	387
lcl|CP015118.1_prot_ARN20969.1_2817	iSDY_1059.SDY_0201	62.4	314	115	1	5	315	4	317	8.39e-136	387
lcl|CP015118.1_prot_ARN20969.1_2817	iSF_1195.SF0175	62.4	314	115	1	5	315	4	317	8.39e-136	387
lcl|CP015118.1_prot_ARN20969.1_2817	iSSON_1240.SSON_0197	62.1	314	116	1	5	315	4	317	3.40e-135	386
lcl|CP015118.1_prot_ARN20969.1_2817	iAF987.Gmet_1216	56.1	319	139	1	1	319	1	318	1.40e-124	359
lcl|CP015118.1_prot_ARN20971.1_2819	iJN1463.PP_4473	64.4	421	136	3	1	421	1	407	8.12e-184	517
lcl|CP015118.1_prot_ARN20971.1_2819	iCN718.ABAYE_RS13010	64.0	425	145	4	1	422	1	420	5.74e-178	503
lcl|CP015118.1_prot_ARN23887.1_2826	iAF987.Gmet_2187	47.5	406	200	4	14	416	39	434	6.55e-115	342
lcl|CP015118.1_prot_ARN23888.1_2827	iYO844.BSU35960	25.8	240	153	9	54	280	22	249	2.44e-08	54.3
lcl|CP015118.1_prot_ARN23888.1_2827	iML1515.b3751	25.9	228	144	8	69	283	28	243	1.80e-07	51.6
lcl|CP015118.1_prot_ARN23888.1_2827	STM_v1_0.STM3884	25.9	228	144	8	69	283	28	243	1.80e-07	51.6
lcl|CP015118.1_prot_ARN23888.1_2827	iYL1228.KPN_04156	24.7	227	148	8	69	283	28	243	1.03e-06	49.3
lcl|CP015118.1_prot_ARN20979.1_2829	iYO844.BSU28740	30.1	316	192	8	20	325	11	307	4.27e-39	140
lcl|CP015118.1_prot_ARN20979.1_2829	iEK1008.Rv2040c	32.6	291	175	6	31	317	8	281	6.52e-38	136
lcl|CP015118.1_prot_ARN20980.1_2830	iEK1008.Rv2039c	33.5	269	174	4	7	274	9	273	3.37e-45	153
lcl|CP015118.1_prot_ARN20980.1_2830	iYO844.BSU28730	38.6	202	123	1	79	280	80	280	1.06e-43	149
lcl|CP015118.1_prot_ARN20981.1_2831	iMM1415.226413	39.4	462	239	12	6	430	906	1363	9.05e-96	315
lcl|CP015118.1_prot_ARN20981.1_2831	iCHOv1.100766856	39.4	465	240	13	5	431	1375	1835	9.18e-92	303
lcl|CP015118.1_prot_ARN20981.1_2831	iNF517.LLMG_RS01005	36.0	467	253	10	6	430	9	471	9.02e-92	285
lcl|CP015118.1_prot_ARN20982.1_2832	iYL1228.KPN_04424	54.4	364	156	6	1	359	1	359	1.46e-119	350
lcl|CP015118.1_prot_ARN20982.1_2832	iML1515.b4035	53.2	372	150	7	1	359	1	361	8.91e-119	348
lcl|CP015118.1_prot_ARN20982.1_2832	iSSON_1240.SSON_4213	53.2	372	150	7	1	359	1	361	8.91e-119	348
lcl|CP015118.1_prot_ARN20982.1_2832	STM_v1_0.STM4230	54.1	364	157	6	1	359	1	359	1.67e-118	347
lcl|CP015118.1_prot_ARN20982.1_2832	iSF_1195.SF4170	53.0	372	151	7	1	359	1	361	7.21e-118	345
lcl|CP015118.1_prot_ARN20982.1_2832	iPC815.YPO3712	53.8	364	158	6	1	359	1	359	1.36e-117	345
lcl|CP015118.1_prot_ARN20982.1_2832	iML1515.b3450	54.3	317	137	5	1	314	1	312	8.03e-111	327
lcl|CP015118.1_prot_ARN20982.1_2832	iSbBS512_1146.SbBS512_E3873	54.3	317	137	5	1	314	1	312	9.18e-110	324
lcl|CP015118.1_prot_ARN20982.1_2832	STM_v1_0.STM3554	51.7	329	153	3	1	328	1	324	5.24e-109	322
lcl|CP015118.1_prot_ARN20982.1_2832	iSynCJ816.SGL_RS17635	54.5	332	133	7	1	321	1	325	3.75e-108	320
lcl|CP015118.1_prot_ARN20982.1_2832	iPC815.YPO3793	54.0	324	136	4	1	319	1	316	4.37e-108	320
lcl|CP015118.1_prot_ARN20983.1_2833	iPC815.YPO3711	30.5	440	242	16	4	400	5	423	3.49e-37	139
lcl|CP015118.1_prot_ARN20983.1_2833	STM_v1_0.STM4231	28.1	470	246	16	1	400	5	452	1.06e-36	138
lcl|CP015118.1_prot_ARN20983.1_2833	iYL1228.KPN_04425	27.1	442	263	15	1	400	5	429	4.49e-33	128
lcl|CP015118.1_prot_ARN23889.1_2834	iJN1463.PP_5139	55.7	711	290	5	1	708	61	749	1.50e-223	642
lcl|CP015118.1_prot_ARN20984.1_2835	iSynCJ816.SGL_RS16080	34.8	69	43	1	1	67	6	74	4.22e-04	38.9
lcl|CP015118.1_prot_ARN20987.1_2838	iML1515.b1448	26.9	78	55	2	90	167	79	154	4.02e-04	38.9
lcl|CP015118.1_prot_ARN20989.1_2841	iJN1463.PP_3944	29.1	337	210	10	2	329	6	322	2.83e-29	117
lcl|CP015118.1_prot_ARN20989.1_2841	iYL1228.KPN_01663	29.5	363	228	12	1	357	1	341	3.03e-26	108
lcl|CP015118.1_prot_ARN20990.1_2842	iJN1463.PP_3433	56.0	364	144	5	6	364	5	357	1.57e-142	408
lcl|CP015118.1_prot_ARN20991.1_2843	iAF987.Gmet_1823	28.4	370	245	5	19	379	22	380	1.02e-39	144
lcl|CP015118.1_prot_ARN20992.1_2845	iAF987.Gmet_1822	26.5	325	181	4	12	334	13	281	6.82e-21	90.9
lcl|CP015118.1_prot_ARN20993.1_2846	iAF987.Gmet_1820	44.8	252	133	2	342	591	1	248	9.92e-67	217
lcl|CP015118.1_prot_ARN20993.1_2846	iPC815.YPO3805	46.9	256	129	3	339	591	3	254	7.87e-62	204
lcl|CP015118.1_prot_ARN20993.1_2846	iLJ478.TM1138	44.4	259	126	4	351	591	20	278	3.87e-60	201
lcl|CP015118.1_prot_ARN20994.1_2847	iAF987.Gmet_1819	53.1	241	107	4	4	241	1	238	2.16e-73	223
lcl|CP015118.1_prot_ARN20994.1_2847	iLJ478.TM1139	51.7	242	110	3	3	243	4	239	9.58e-73	221
lcl|CP015118.1_prot_ARN20996.1_2849	iJN1463.PP_4621	62.7	424	154	3	1	424	9	428	1.43e-194	545
lcl|CP015118.1_prot_ARN20997.1_2850	iJN1463.PP_4620	56.3	432	179	6	5	430	3	430	7.16e-153	439
lcl|CP015118.1_prot_ARN20998.1_2851	iJN1463.PP_2590	37.4	708	408	11	35	733	90	771	2.16e-137	422
lcl|CP015118.1_prot_ARN20999.1_2852	iAF987.Gmet_0354	30.1	730	423	14	17	675	45	758	3.19e-84	285
lcl|CP015118.1_prot_ARN20999.1_2852	iJN1463.PP_5084	29.9	722	394	20	24	657	33	730	1.09e-74	258
lcl|CP015118.1_prot_ARN21000.1_2853	iAF987.Gmet_0065	40.9	44	26	0	48	91	102	145	1.15e-04	39.7
lcl|CP015118.1_prot_ARN21002.1_2855	iML1515.b3003	43.5	276	153	3	52	325	15	289	7.79e-68	214
lcl|CP015118.1_prot_ARN21004.1_2857	iAF987.Gmet_2999	30.3	89	61	1	12	100	5	92	2.00e-09	54.3
lcl|CP015118.1_prot_ARN21006.1_2859	iAF987.Gmet_1919	31.9	135	91	1	1	134	2	136	6.92e-15	75.5
lcl|CP015118.1_prot_ARN21006.1_2859	iAF987.Gmet_1914	33.1	133	88	1	1	132	1	133	5.04e-13	70.5
lcl|CP015118.1_prot_ARN21007.1_2860	iAF987.Gmet_0043	26.1	383	252	13	219	586	21	387	1.62e-14	76.3
lcl|CP015118.1_prot_ARN21009.1_2863	iAF987.Gmet_2999	26.1	115	85	0	6	120	10	124	9.15e-07	45.8
lcl|CP015118.1_prot_ARN21011.1_2866	iAF987.Gmet_0069	37.0	119	68	3	9	123	5	120	2.27e-14	72.8
lcl|CP015118.1_prot_ARN21013.1_2869	iAF987.Gmet_0043	25.4	421	250	10	343	744	12	387	4.43e-24	107
lcl|CP015118.1_prot_ARN21014.1_2870	iCN718.ABAYE_RS07200	63.2	421	153	2	18	436	14	434	9.44e-201	562
lcl|CP015118.1_prot_ARN21018.1_2874	iAM_Pc455.PCYB_132130	27.3	741	489	11	5	697	36	774	2.56e-73	259
lcl|CP015118.1_prot_ARN21018.1_2874	iAM_Pv461.PVX_084660	28.8	740	479	12	5	697	35	773	5.90e-70	250
lcl|CP015118.1_prot_ARN21018.1_2874	iAM_Pf480.PF3D7_1437700	27.3	730	492	11	5	697	36	763	3.54e-68	244
lcl|CP015118.1_prot_ARN21020.1_2876	iML1515.b3751	26.1	226	154	5	49	269	28	245	1.07e-10	61.2
lcl|CP015118.1_prot_ARN21020.1_2876	STM_v1_0.STM3884	25.2	226	156	5	49	269	28	245	1.43e-10	60.8
lcl|CP015118.1_prot_ARN21020.1_2876	iYL1228.KPN_04156	25.2	226	156	5	49	269	28	245	6.30e-10	58.9
lcl|CP015118.1_prot_ARN21020.1_2876	iYO844.BSU35960	25.3	241	148	9	49	275	39	261	8.92e-10	58.5
lcl|CP015118.1_prot_ARN21021.1_2877	iNF517.LLMG_RS01005	36.1	460	246	14	22	441	12	463	2.24e-79	254
lcl|CP015118.1_prot_ARN21021.1_2877	iMM1415.226413	35.2	457	250	14	23	442	1385	1832	3.05e-72	248
lcl|CP015118.1_prot_ARN21021.1_2877	iCHOv1.100766856	35.9	459	245	14	22	442	904	1351	5.34e-68	235
lcl|CP015118.1_prot_ARN21022.1_2878	iAF987.Gmet_0043	28.8	403	232	10	467	854	25	387	1.92e-29	124
lcl|CP015118.1_prot_ARN21024.1_2880	iAF987.Gmet_2999	29.1	117	82	1	446	562	10	125	1.08e-10	63.2
lcl|CP015118.1_prot_ARN21029.1_2886	iAF692.Mbar_A0211	30.5	377	229	12	54	406	57	424	3.12e-39	145
lcl|CP015118.1_prot_ARN21029.1_2886	iJN1463.PP_3279	31.5	355	211	12	54	388	63	405	7.69e-35	133
lcl|CP015118.1_prot_ARN21030.1_2887	iLJ478.TM1139	45.7	243	122	5	8	249	5	238	1.57e-63	199
lcl|CP015118.1_prot_ARN21030.1_2887	iAF987.Gmet_1819	47.4	230	107	3	25	248	17	238	5.67e-63	197
lcl|CP015118.1_prot_ARN21032.1_2889	iJN1463.PP_1139	31.1	309	165	8	57	340	121	406	1.61e-27	111
lcl|CP015118.1_prot_ARN21032.1_2889	iJN1463.PP_4865	31.0	345	191	11	26	347	106	426	1.28e-26	109
lcl|CP015118.1_prot_ARN21032.1_2889	iAF987.Gmet_1821	31.4	261	159	4	82	342	67	307	1.38e-24	102
lcl|CP015118.1_prot_ARN21033.1_2890	iYL1228.KPN_03819	29.0	328	186	8	3	309	7	308	7.57e-34	125
lcl|CP015118.1_prot_ARN21033.1_2890	STM_v1_0.STM3563	28.4	328	188	8	3	309	7	308	7.83e-33	122
lcl|CP015118.1_prot_ARN21033.1_2890	iML1515.b3457	28.4	328	188	8	3	309	7	308	2.97e-32	121
lcl|CP015118.1_prot_ARN21033.1_2890	iSbBS512_1146.SbBS512_E3865	28.4	328	188	8	3	309	7	308	2.97e-32	121
lcl|CP015118.1_prot_ARN21033.1_2890	iSSON_1240.SSON_3695	28.4	328	188	8	3	309	7	308	2.97e-32	121
lcl|CP015118.1_prot_ARN21033.1_2890	iSF_1195.SF3475	28.0	328	189	8	3	309	7	308	5.90e-31	117
lcl|CP015118.1_prot_ARN21033.1_2890	iPC815.YPO3807	27.5	324	196	7	3	309	7	308	5.90e-31	117
lcl|CP015118.1_prot_ARN21034.1_2891	iAF987.Gmet_1820	41.4	249	145	1	11	259	1	248	1.10e-66	207
lcl|CP015118.1_prot_ARN21034.1_2891	iJN1463.PP_1138	36.7	251	159	0	11	261	5	255	1.07e-62	197
lcl|CP015118.1_prot_ARN21034.1_2891	iJN1463.PP_4864	37.2	285	143	4	9	260	4	285	1.24e-61	195
lcl|CP015118.1_prot_ARN21034.1_2891	STM_v1_0.STM3561	36.7	251	159	0	11	261	5	255	4.28e-62	195
lcl|CP015118.1_prot_ARN21034.1_2891	iYL1228.KPN_03817	36.3	251	160	0	11	261	5	255	1.21e-61	194
lcl|CP015118.1_prot_ARN21034.1_2891	iLJ478.TM1138	37.5	272	143	3	11	259	11	278	8.09e-61	193
lcl|CP015118.1_prot_ARN21034.1_2891	iPC815.YPO3805	34.9	252	164	0	8	259	3	254	2.20e-59	188
lcl|CP015118.1_prot_ARN21035.1_2892	iEK1008.Rv2187	30.7	612	383	15	11	616	21	597	2.03e-68	234
lcl|CP015118.1_prot_ARN21035.1_2892	iEK1008.Rv1550	31.5	485	304	11	147	623	96	560	1.06e-62	218
lcl|CP015118.1_prot_ARN21038.1_2895	iAF987.Gmet_1639	25.6	317	201	9	101	393	9	314	3.63e-12	66.6
lcl|CP015118.1_prot_ARN23894.1_2896	iLJ478.TM0115	38.5	247	148	4	7	252	11	254	9.08e-47	162
lcl|CP015118.1_prot_ARN23894.1_2896	iPC815.YPO3964	35.8	246	146	2	9	252	5	240	2.80e-46	161
lcl|CP015118.1_prot_ARN23894.1_2896	iSF_1195.SF4262	36.0	250	152	2	3	252	2	243	3.49e-46	160
lcl|CP015118.1_prot_ARN23894.1_2896	iML1515.b4485	36.0	250	152	2	3	252	2	243	4.87e-46	160
lcl|CP015118.1_prot_ARN23894.1_2896	iSSON_1240.SSON_4410	35.6	250	153	1	3	252	2	243	4.87e-46	160
lcl|CP015118.1_prot_ARN23894.1_2896	iYL1228.KPN_04623	37.0	243	145	2	10	252	9	243	1.32e-45	159
lcl|CP015118.1_prot_ARN23894.1_2896	iLJ478.TM0956	34.9	252	157	2	1	252	3	247	5.14e-44	155
lcl|CP015118.1_prot_ARN23894.1_2896	iCN900.CD630_03010	35.2	236	145	3	10	245	5	232	1.05e-42	151
lcl|CP015118.1_prot_ARN23894.1_2896	iHN637.CLJU_RS00620	33.1	245	154	3	10	252	5	241	7.20e-42	149
lcl|CP015118.1_prot_ARN23894.1_2896	iPC815.YPO3907	35.8	243	148	2	10	252	4	238	6.90e-42	149
lcl|CP015118.1_prot_ARN23895.1_2897	iPC815.YPO2499	38.9	316	182	4	11	324	24	330	6.05e-60	194
lcl|CP015118.1_prot_ARN23895.1_2897	iYO844.BSU35950	38.2	317	181	5	11	320	10	318	1.50e-58	191
lcl|CP015118.1_prot_ARN23895.1_2897	iYL1228.KPN_04155	39.3	298	173	3	26	319	24	317	5.48e-55	181
lcl|CP015118.1_prot_ARN23895.1_2897	iNF517.LLMG_RS04065	36.2	301	186	3	26	324	15	311	2.45e-54	179
lcl|CP015118.1_prot_ARN23895.1_2897	iML1515.b3750	39.6	298	172	3	26	319	24	317	4.27e-54	179
lcl|CP015118.1_prot_ARN23895.1_2897	iLJ478.TM0955	37.9	306	177	2	28	323	25	327	2.18e-53	177
lcl|CP015118.1_prot_ARN21039.1_2898	iYL1228.KPN_04156	32.3	303	188	7	9	311	10	295	1.05e-32	122
lcl|CP015118.1_prot_ARN21039.1_2898	STM_v1_0.STM3884	32.7	303	187	7	9	311	10	295	3.98e-32	121
lcl|CP015118.1_prot_ARN21039.1_2898	iML1515.b3751	32.3	303	188	7	9	311	10	295	5.55e-32	120
lcl|CP015118.1_prot_ARN21039.1_2898	iYO844.BSU35960	30.8	260	162	5	28	287	40	281	6.81e-29	112
lcl|CP015118.1_prot_ARN21040.1_2899	iLJ478.TM0296	31.8	277	172	9	27	298	31	295	2.47e-26	105
lcl|CP015118.1_prot_ARN21040.1_2899	iYL1228.KPN_00516	31.1	315	188	9	4	307	7	303	1.53e-25	103
lcl|CP015118.1_prot_ARN21040.1_2899	iYS854.USA300HOU_RS10985	29.5	302	201	7	6	299	8	305	4.76e-24	99.4
lcl|CP015118.1_prot_ARN21042.1_2901	iMM1415.11423	34.4	544	284	22	39	542	58	568	8.14e-60	208
lcl|CP015118.1_prot_ARN21042.1_2901	iCHOv1.100770679	35.0	492	259	19	39	497	58	521	1.91e-55	195
lcl|CP015118.1_prot_ARN23896.1_2906	iSynCJ816.SGL_RS08340	27.6	257	176	2	258	505	14	269	3.70e-24	103
lcl|CP015118.1_prot_ARN21047.1_2907	iCN718.ABAYE_RS08070	68.6	838	258	2	3	835	2	839	0.0	1185
lcl|CP015118.1_prot_ARN21048.1_2908	iPC815.YPO0160	51.4	105	50	1	6	109	2	106	9.94e-28	97.4
lcl|CP015118.1_prot_ARN21048.1_2908	iSF_1195.SF3385	49.5	105	52	1	6	109	2	106	1.62e-26	94.4
lcl|CP015118.1_prot_ARN21048.1_2908	iML1515.b3366	49.5	105	52	1	6	109	2	106	3.27e-26	93.6
lcl|CP015118.1_prot_ARN21048.1_2908	iSbBS512_1146.SbBS512_E3742	49.5	105	52	1	6	109	2	106	3.27e-26	93.6
lcl|CP015118.1_prot_ARN21048.1_2908	iSDY_1059.SDY_3528	49.5	105	52	1	6	109	2	106	3.27e-26	93.6
lcl|CP015118.1_prot_ARN21048.1_2908	iSSON_1240.SSON_3497	49.5	105	52	1	6	109	2	106	3.27e-26	93.6
lcl|CP015118.1_prot_ARN21048.1_2908	STM_v1_0.STM3475	49.5	105	52	1	6	109	2	106	1.87e-25	91.7
lcl|CP015118.1_prot_ARN21048.1_2908	iYL1228.KPN_03753	46.7	105	55	1	6	109	2	106	2.65e-25	91.3
lcl|CP015118.1_prot_ARN21048.1_2908	iEK1008.Rv0253	44.8	105	56	2	8	110	10	114	5.67e-24	88.2
lcl|CP015118.1_prot_ARN21051.1_2911	iLJ478.TM0112	33.0	112	73	2	153	264	122	231	3.70e-04	41.6
lcl|CP015118.1_prot_ARN21051.1_2911	iML1515.b4460	31.9	141	79	5	213	345	190	321	5.05e-04	41.2
lcl|CP015118.1_prot_ARN21051.1_2911	iSbBS512_1146.SbBS512_E1023	31.9	141	79	5	213	345	190	321	5.05e-04	41.2
lcl|CP015118.1_prot_ARN21051.1_2911	iSDY_1059.SDY_1122	31.9	141	79	5	213	345	191	322	5.06e-04	41.2
lcl|CP015118.1_prot_ARN21051.1_2911	iSSON_1240.SSON_1219	31.9	141	79	5	213	345	191	322	5.06e-04	41.2
lcl|CP015118.1_prot_ARN23897.1_2912	iPC815.YPO3964	36.8	486	281	9	1	479	9	475	1.85e-78	254
lcl|CP015118.1_prot_ARN23897.1_2912	iYL1228.KPN_04154	34.1	513	308	9	1	504	7	498	4.12e-74	242
lcl|CP015118.1_prot_ARN23897.1_2912	iML1515.b3749	33.7	513	310	9	1	504	7	498	6.55e-72	236
lcl|CP015118.1_prot_ARN23897.1_2912	STM_v1_0.STM3882	33.5	513	311	9	1	504	7	498	6.94e-71	234
lcl|CP015118.1_prot_ARN23897.1_2912	iLJ478.TM0115	34.4	491	290	9	2	479	18	489	4.20e-70	232
lcl|CP015118.1_prot_ARN23897.1_2912	iJN1463.PP_2455	35.7	504	287	11	3	493	21	500	1.27e-69	231
lcl|CP015118.1_prot_ARN23897.1_2912	iYL1228.KPN_03931	36.2	503	299	10	1	493	7	497	1.37e-69	231
lcl|CP015118.1_prot_ARN21055.1_2916	iLJ478.TM1867	38.6	311	186	2	5	313	2	309	7.92e-62	199
lcl|CP015118.1_prot_ARN21055.1_2916	iNF517.LLMG_RS02010	38.4	305	184	3	5	307	7	309	1.47e-57	187
lcl|CP015118.1_prot_ARN21059.1_2920	iJN1463.PP_5011	39.2	120	67	3	38	152	66	184	1.75e-13	67.8
lcl|CP015118.1_prot_ARN21059.1_2920	iAF987.Gmet_1167	34.5	110	68	2	42	147	71	180	1.19e-12	65.5
lcl|CP015118.1_prot_ARN21059.1_2920	iNF517.LLMG_RS03890	36.9	111	67	1	44	151	51	161	1.04e-12	65.5
lcl|CP015118.1_prot_ARN21059.1_2920	iCN718.ABAYE_RS17020	41.7	108	59	2	44	147	131	238	6.29e-12	63.9
lcl|CP015118.1_prot_ARN21059.1_2920	iYL1228.KPN_04329	37.0	108	64	2	44	147	67	174	3.40e-11	61.2
lcl|CP015118.1_prot_ARN21061.1_2922	iLB1027_lipid.PHATRDRAFT_45605	27.6	344	193	10	10	314	1	327	3.64e-28	111
lcl|CP015118.1_prot_ARN21062.1_2923	iSbBS512_1146.SbBS512_E3793	40.6	101	47	5	9	105	15	106	2.42e-05	44.3
lcl|CP015118.1_prot_ARN21062.1_2923	iSSON_1240.SSON_3545	40.6	101	47	5	9	105	15	106	2.42e-05	44.3
lcl|CP015118.1_prot_ARN21062.1_2923	iML1515.b3412	39.6	101	48	5	9	105	15	106	7.82e-05	42.7
lcl|CP015118.1_prot_ARN21062.1_2923	iSF_1195.SF3435	39.6	101	48	5	9	105	15	106	8.01e-05	42.7
lcl|CP015118.1_prot_ARN21062.1_2923	iSDY_1059.SDY_3663	39.6	101	48	5	9	105	15	106	1.05e-04	42.4
lcl|CP015118.1_prot_ARN21063.1_2924	iCN900.CD630_19790	28.2	248	165	8	20	262	38	277	5.60e-17	80.1
lcl|CP015118.1_prot_ARN21064.1_2925	iJN1463.PP_0209	50.9	220	107	1	35	254	29	247	2.09e-65	205
lcl|CP015118.1_prot_ARN21064.1_2925	iAF987.Gmet_1899	46.9	226	117	2	16	240	7	230	2.68e-64	201
lcl|CP015118.1_prot_ARN21064.1_2925	iSynCJ816.SGL_RS16585	42.6	258	142	5	2	256	12	266	1.65e-61	195
lcl|CP015118.1_prot_ARN21064.1_2925	iSynCJ816.SGL_RS06580	43.0	242	128	5	21	256	24	261	5.41e-60	192
lcl|CP015118.1_prot_ARN21064.1_2925	iSynCJ816.SGL_RS06585	43.5	246	136	3	16	258	5	250	3.77e-55	187
lcl|CP015118.1_prot_ARN21064.1_2925	iSynCJ816.SGL_RS16580	42.7	248	139	3	14	258	3	250	1.36e-54	186
lcl|CP015118.1_prot_ARN21065.1_2926	iCN900.CD630_19800	29.0	224	158	1	14	237	20	242	1.37e-22	92.8
lcl|CP015118.1_prot_ARN21066.1_2927	iAF692.Mbar_A3057	39.8	98	52	2	14	106	9	104	1.53e-15	69.3
lcl|CP015118.1_prot_ARN21067.1_2928	iYO844.BSU32490	32.0	194	105	6	29	206	39	221	2.43e-12	64.7
lcl|CP015118.1_prot_ARN21068.1_2929	iYO844.BSU32480	41.7	738	414	3	19	749	10	738	1.73e-181	536
lcl|CP015118.1_prot_ARN21069.1_2930	iAF987.Gmet_2135	42.5	153	79	3	3	152	16	162	8.64e-35	119
lcl|CP015118.1_prot_ARN21072.1_2934	iSSON_1240.SSON_2264	69.8	835	241	4	1	831	1	828	0.0	1237
lcl|CP015118.1_prot_ARN21072.1_2934	iML1515.b2206	69.7	835	242	4	1	831	1	828	0.0	1236
lcl|CP015118.1_prot_ARN21072.1_2934	iSbBS512_1146.SbBS512_E0735	69.7	835	242	4	1	831	1	828	0.0	1236
lcl|CP015118.1_prot_ARN21072.1_2934	iSF_1195.SF2290	69.7	835	242	4	1	831	1	828	0.0	1235
lcl|CP015118.1_prot_ARN21072.1_2934	iSDY_1059.SDY_0872	69.7	835	242	4	1	831	1	828	0.0	1234
lcl|CP015118.1_prot_ARN21072.1_2934	STM_v1_0.STM2259	69.3	835	245	4	1	831	1	828	0.0	1230
lcl|CP015118.1_prot_ARN21072.1_2934	iPC815.YPO3038	68.1	833	259	3	1	831	1	828	0.0	1225
lcl|CP015118.1_prot_ARN21073.1_2935	STM_v1_0.STM2256	48.9	88	45	0	49	136	54	141	2.43e-27	99.4
lcl|CP015118.1_prot_ARN21073.1_2935	iPC815.YPO3037	42.9	112	57	1	33	137	37	148	1.61e-26	97.4
lcl|CP015118.1_prot_ARN21073.1_2935	iSbBS512_1146.SbBS512_E0738	50.0	88	44	0	49	136	54	141	1.94e-26	97.1
lcl|CP015118.1_prot_ARN21073.1_2935	iML1515.b2203	50.6	87	43	0	50	136	55	141	3.88e-26	96.3
lcl|CP015118.1_prot_ARN21073.1_2935	iSDY_1059.SDY_0875	50.6	87	43	0	50	136	62	148	4.66e-26	96.3
lcl|CP015118.1_prot_ARN21073.1_2935	iSF_1195.SF2287	50.6	87	43	0	50	136	55	141	3.88e-26	96.3
lcl|CP015118.1_prot_ARN21073.1_2935	iSSON_1240.SSON_2261	50.6	87	43	0	50	136	62	148	4.66e-26	96.3
lcl|CP015118.1_prot_A4W93_14880_2936	iPC815.YPO3036	60.1	183	71	2	5	187	11	191	3.29e-81	239
lcl|CP015118.1_prot_A4W93_14880_2936	iSF_1195.SF2286	58.2	184	75	2	4	187	10	191	6.87e-76	226
lcl|CP015118.1_prot_A4W93_14880_2936	iSDY_1059.SDY_0876	57.3	185	77	2	3	187	9	191	3.95e-75	224
lcl|CP015118.1_prot_A4W93_14880_2936	iML1515.b2202	57.6	184	76	2	4	187	10	191	1.13e-74	223
lcl|CP015118.1_prot_A4W93_14880_2936	iSbBS512_1146.SbBS512_E0739	57.6	184	76	2	4	187	10	191	1.13e-74	223
lcl|CP015118.1_prot_A4W93_14880_2936	iSSON_1240.SSON_2260	57.6	184	76	2	4	187	10	191	1.13e-74	223
lcl|CP015118.1_prot_A4W93_14880_2936	STM_v1_0.STM2255	55.2	183	80	2	5	187	11	191	1.31e-73	220
lcl|CP015118.1_prot_ARN21074.1_2937	iAF987.Gmet_2135	42.4	158	76	1	52	209	16	158	1.22e-40	136
lcl|CP015118.1_prot_ARN21074.1_2937	iHN637.CLJU_RS11605	42.8	159	76	1	51	209	4	147	1.10e-37	128
lcl|CP015118.1_prot_ARN21074.1_2937	iEK1008.Rv0374c	41.6	161	78	2	50	209	1	146	7.87e-36	123
lcl|CP015118.1_prot_ARN21075.1_2938	iML1515.b2867	27.8	277	140	9	5	272	6	231	7.21e-11	61.6
lcl|CP015118.1_prot_ARN21075.1_2938	iSF_1195.SF2869	27.8	277	140	9	5	272	6	231	1.76e-10	60.5
lcl|CP015118.1_prot_ARN21076.1_2939	iSSON_1240.SSON_3017	30.3	765	449	19	24	728	2	742	4.65e-61	218
lcl|CP015118.1_prot_ARN21076.1_2939	iML1515.b2866	30.5	765	448	20	24	728	2	742	6.38e-61	218
lcl|CP015118.1_prot_ARN21076.1_2939	iSF_1195.SF2868	30.3	770	453	20	19	728	10	755	1.04e-60	218
lcl|CP015118.1_prot_ARN21077.1_2940	iYO844.BSU32510	24.2	326	206	8	19	315	15	328	3.96e-17	80.5
lcl|CP015118.1_prot_ARN21080.1_2943	iLJ478.TM1724	38.0	179	104	2	59	230	67	245	1.68e-35	125
lcl|CP015118.1_prot_ARN21080.1_2943	iHN637.CLJU_RS20765	36.1	244	142	3	1	230	4	247	2.71e-34	122
lcl|CP015118.1_prot_ARN21080.1_2943	iYO844.BSU15910	30.5	246	153	4	1	230	2	245	3.95e-33	119
lcl|CP015118.1_prot_ARN21080.1_2943	iYS854.USA300HOU_RS06185	32.5	240	148	4	4	229	3	242	2.07e-32	117
lcl|CP015118.1_prot_ARN21080.1_2943	iCN900.CD630_11820	31.1	244	154	3	1	230	4	247	6.45e-32	116
lcl|CP015118.1_prot_ARN21080.1_2943	iSynCJ816.SGL_RS07245	35.4	243	143	6	1	230	4	245	6.15e-32	116
lcl|CP015118.1_prot_ARN21086.1_2949	iJN1463.PP_4841	78.3	369	80	0	22	390	26	394	3.45e-212	589
lcl|CP015118.1_prot_ARN21087.1_2950	iJN1463.PP_0110	58.7	288	117	1	8	293	6	293	1.29e-103	304
lcl|CP015118.1_prot_ARN21089.1_2952	iEK1008.Rv2193	35.4	181	100	4	35	212	31	197	1.95e-23	92.8
lcl|CP015118.1_prot_ARN21089.1_2952	iSynCJ816.SGL_RS09080	34.6	188	99	5	35	217	27	195	7.14e-22	88.6
lcl|CP015118.1_prot_ARN21089.1_2952	iSbBS512_1146.SbBS512_E0352	32.6	187	106	6	34	216	30	200	8.54e-21	85.9
lcl|CP015118.1_prot_ARN21089.1_2952	iML1515.b0430	32.6	187	106	6	34	216	30	200	2.33e-20	84.7
lcl|CP015118.1_prot_ARN21089.1_2952	iSSON_1240.SSON_0413	32.6	187	106	6	34	216	30	200	2.33e-20	84.7
lcl|CP015118.1_prot_ARN21089.1_2952	iYL1228.KPN_00392	32.3	186	108	6	34	216	29	199	3.20e-20	84.3
lcl|CP015118.1_prot_ARN21089.1_2952	iCN718.ABAYE_RS07345	29.0	186	117	4	34	216	29	202	6.64e-20	83.6
lcl|CP015118.1_prot_ARN21090.1_2953	iEK1008.Rv2193	32.0	103	63	1	80	175	100	202	6.34e-10	55.8
lcl|CP015118.1_prot_ARN21091.1_2954	iSynCJ816.SGL_RS05545	42.7	550	288	10	15	563	13	536	3.32e-139	415
lcl|CP015118.1_prot_ARN21091.1_2954	iSynCJ816.SGL_RS09075	42.1	544	288	7	19	558	15	535	2.14e-132	397
lcl|CP015118.1_prot_ARN21091.1_2954	iEK1008.Rv3043c	42.7	531	275	10	23	549	32	537	4.14e-131	395
lcl|CP015118.1_prot_ARN21091.1_2954	iJN1463.PP_0104	41.2	537	288	7	8	538	6	520	3.00e-128	386
lcl|CP015118.1_prot_ARN21091.1_2954	iAT_PLT_636.4512	40.3	523	289	8	18	538	2	503	4.57e-126	380
lcl|CP015118.1_prot_ARN21091.1_2954	iCHOv1.3979185	40.3	524	288	9	18	538	2	503	8.34e-124	374
lcl|CP015118.1_prot_ARN21092.1_2955	iAF987.Gmet_0252	30.4	332	177	8	39	365	17	299	5.99e-40	143
lcl|CP015118.1_prot_ARN21095.1_2958	iEK1008.Rv0458	72.3	501	139	0	6	506	7	507	7.90e-279	765
lcl|CP015118.1_prot_ARN21095.1_2958	iSF_1195.SF3626	70.2	503	150	0	4	506	40	542	1.49e-273	753
lcl|CP015118.1_prot_ARN21095.1_2958	iSbBS512_1146.SbBS512_E4003	70.2	503	150	0	4	506	10	512	9.98e-274	752
lcl|CP015118.1_prot_ARN21095.1_2958	STM_v1_0.STM3680	70.6	503	148	0	4	506	10	512	2.86e-273	751
lcl|CP015118.1_prot_ARN21095.1_2958	iML1515.b3588	70.0	503	151	0	4	506	10	512	1.16e-272	749
lcl|CP015118.1_prot_ARN21095.1_2958	iCN718.ABAYE_RS07685	69.6	506	151	1	1	506	1	503	1.18e-272	749
lcl|CP015118.1_prot_ARN21095.1_2958	iJN1463.PP_0545	69.4	506	155	0	1	506	1	506	2.40e-268	738
lcl|CP015118.1_prot_ARN21095.1_2958	iJN1463.PP_2680	67.4	506	165	0	1	506	1	506	5.58e-260	717
lcl|CP015118.1_prot_ARN21095.1_2958	iYL1228.KPN_02991	65.4	506	175	0	1	506	1	506	2.12e-250	693
lcl|CP015118.1_prot_ARN21096.1_2959	iJN1463.PP_2675	37.7	106	48	4	21	123	58	148	8.18e-12	58.9
lcl|CP015118.1_prot_ARN23899.1_2961	iJN1463.PP_2674	67.8	594	175	5	16	605	41	622	1.80e-315	867
lcl|CP015118.1_prot_ARN23900.1_2964	iJN1463.PP_2675	46.9	160	57	4	3	147	2	148	3.73e-40	132
lcl|CP015118.1_prot_ARN21100.1_2965	iJN1463.PP_0525	24.8	689	394	29	30	697	51	636	3.32e-18	88.6
lcl|CP015118.1_prot_ARN21100.1_2965	STM_v1_0.STM0364	24.8	592	327	26	141	671	143	677	4.12e-16	82.0
lcl|CP015118.1_prot_ARN21100.1_2965	iJN1463.PP_2193	24.2	728	442	36	22	693	126	799	1.40e-15	80.5
lcl|CP015118.1_prot_ARN23901.1_2966	iEK1008.Rv1200	31.1	399	264	6	29	418	4	400	7.17e-53	182
lcl|CP015118.1_prot_ARN21101.1_2967	iJN1463.PP_0812	52.4	267	118	1	22	288	20	277	1.97e-98	293
lcl|CP015118.1_prot_ARN21101.1_2967	iPC815.YPO3164	48.7	269	128	3	22	288	21	281	2.64e-89	270
lcl|CP015118.1_prot_ARN21101.1_2967	STM_v1_0.STM0443	45.6	294	149	3	3	294	2	286	1.06e-88	269
lcl|CP015118.1_prot_ARN21101.1_2967	iSbBS512_1146.SbBS512_E0354	47.3	275	134	3	22	294	21	286	5.47e-88	267
lcl|CP015118.1_prot_ARN21101.1_2967	iSSON_1240.SSON_0415	47.3	275	134	3	22	294	21	286	5.47e-88	267
lcl|CP015118.1_prot_ARN21101.1_2967	iML1515.b0432	47.3	275	134	3	22	294	21	286	2.19e-87	265
lcl|CP015118.1_prot_ARN21102.1_2968	iML1515.b0431	66.9	658	215	2	9	664	1	657	0.0	933
lcl|CP015118.1_prot_ARN21102.1_2968	iSSON_1240.SSON_0414	66.9	658	215	2	9	664	1	657	0.0	933
lcl|CP015118.1_prot_ARN21102.1_2968	iSbBS512_1146.SbBS512_E0353	66.6	658	217	2	9	664	1	657	0.0	929
lcl|CP015118.1_prot_ARN21102.1_2968	STM_v1_0.STM0442	66.1	658	220	2	9	664	1	657	0.0	924
lcl|CP015118.1_prot_ARN21102.1_2968	iYL1228.KPN_00393	66.2	648	216	2	9	654	1	647	0.0	914
lcl|CP015118.1_prot_ARN21102.1_2968	iPC815.YPO3165	65.0	660	228	2	9	666	1	659	0.0	898
lcl|CP015118.1_prot_ARN21102.1_2968	iJN1463.PP_0813	64.4	658	231	2	9	664	1	657	2.83e-314	868
lcl|CP015118.1_prot_ARN21102.1_2968	iCN718.ABAYE_RS07350	64.6	652	227	3	8	657	3	652	6.73e-313	864
lcl|CP015118.1_prot_ARN21103.1_2969	iJN1463.PP_0814	60.8	186	73	0	24	209	22	207	6.48e-80	237
lcl|CP015118.1_prot_ARN21103.1_2969	iML1515.b0430	60.5	185	72	1	24	207	18	202	1.94e-78	233
lcl|CP015118.1_prot_ARN21103.1_2969	iSSON_1240.SSON_0413	60.5	185	72	1	24	207	18	202	1.94e-78	233
lcl|CP015118.1_prot_ARN21103.1_2969	STM_v1_0.STM0441	55.1	207	88	1	1	207	1	202	2.75e-78	233
lcl|CP015118.1_prot_ARN21103.1_2969	iSbBS512_1146.SbBS512_E0352	60.5	185	72	1	24	207	18	202	2.75e-78	233
lcl|CP015118.1_prot_ARN21103.1_2969	iYL1228.KPN_00392	61.7	188	69	2	23	207	14	201	5.35e-78	232
lcl|CP015118.1_prot_ARN21103.1_2969	iPC815.YPO3166	58.9	185	75	1	24	207	18	202	1.29e-76	228
lcl|CP015118.1_prot_ARN21104.1_2970	STM_v1_0.STM0440	55.6	99	43	1	19	117	12	109	8.67e-33	110
lcl|CP015118.1_prot_ARN21104.1_2970	iML1515.b0429	52.5	99	46	1	19	117	12	109	1.23e-32	110
lcl|CP015118.1_prot_ARN21104.1_2970	iSSON_1240.SSON_0412	52.5	99	46	1	19	117	12	109	1.23e-32	110
lcl|CP015118.1_prot_ARN21104.1_2970	iPC815.YPO3167	57.7	97	40	1	19	115	13	108	5.12e-32	108
lcl|CP015118.1_prot_ARN21104.1_2970	iSbBS512_1146.SbBS512_E0351	51.5	99	47	1	19	117	12	109	1.00e-31	108
lcl|CP015118.1_prot_ARN21104.1_2970	iYL1228.KPN_00391	51.5	99	47	1	19	117	12	109	2.67e-29	102
lcl|CP015118.1_prot_ARN21106.1_2973	iAF987.Gmet_1914	30.2	106	73	1	8	113	4	108	8.35e-09	53.5
lcl|CP015118.1_prot_ARN21107.1_2974	iJN1463.PP_4867	27.1	170	119	3	37	202	29	197	7.34e-09	56.6
lcl|CP015118.1_prot_ARN21108.1_2975	iJN1463.PP_0350	34.3	822	484	21	20	810	14	810	4.11e-131	410
lcl|CP015118.1_prot_ARN21108.1_2975	iJN1463.PP_0160	33.7	802	483	19	36	810	49	828	5.20e-118	376
lcl|CP015118.1_prot_ARN21112.1_2979	iCN718.ABAYE_RS13810	69.7	446	135	0	1	446	16	461	1.22e-230	639
lcl|CP015118.1_prot_ARN21112.1_2979	iSDY_1059.SDY_1514	69.1	440	135	1	8	447	9	447	4.03e-223	619
lcl|CP015118.1_prot_ARN21112.1_2979	iSbBS512_1146.SbBS512_E2014	69.1	440	135	1	8	447	9	447	8.12e-223	618
lcl|CP015118.1_prot_ARN21112.1_2979	iSSON_1240.SSON_1395	68.9	440	136	1	8	447	9	447	1.64e-222	617
lcl|CP015118.1_prot_ARN21112.1_2979	iML1515.b1761	68.6	440	137	1	8	447	9	447	4.68e-222	616
lcl|CP015118.1_prot_ARN21112.1_2979	STM_v1_0.STM1299	69.1	440	135	1	8	447	9	447	7.70e-221	613
lcl|CP015118.1_prot_ARN21112.1_2979	iPC815.YPO3971	69.2	439	134	1	8	446	9	446	1.80e-219	610
lcl|CP015118.1_prot_ARN21112.1_2979	iYL1228.KPN_01210	68.3	439	138	1	9	447	10	447	5.96e-218	606
lcl|CP015118.1_prot_ARN21112.1_2979	iJN1463.PP_0675	67.0	439	145	0	9	447	11	449	2.01e-214	597
lcl|CP015118.1_prot_ARN21114.1_2981	iCN718.ABAYE_RS18835	69.1	559	173	0	7	565	5	563	1.21e-288	796
lcl|CP015118.1_prot_ARN21115.1_2982	STM_v1_0.STM3694	79.6	378	77	0	1	378	1	378	3.61e-224	617
lcl|CP015118.1_prot_ARN21115.1_2982	iML1515.b3605	79.6	377	77	0	1	377	1	377	2.42e-222	612
lcl|CP015118.1_prot_ARN21115.1_2982	iSbBS512_1146.SbBS512_E4031	79.6	377	77	0	1	377	1	377	2.42e-222	612
lcl|CP015118.1_prot_ARN21115.1_2982	iSF_1195.SF3644	79.6	377	77	0	1	377	1	377	2.42e-222	612
lcl|CP015118.1_prot_ARN21115.1_2982	iSSON_1240.SSON_3800	79.6	377	77	0	1	377	1	377	2.42e-222	612
lcl|CP015118.1_prot_ARN21115.1_2982	iSDY_1059.SDY_4038	79.3	377	78	0	1	377	1	377	6.94e-222	611
lcl|CP015118.1_prot_ARN21115.1_2982	iCN718.ABAYE_RS18840	77.7	377	84	0	1	377	1	377	1.17e-219	605
lcl|CP015118.1_prot_ARN21115.1_2982	iYL1228.KPN_03949	77.8	378	84	0	1	378	1	378	5.85e-218	601
lcl|CP015118.1_prot_ARN21115.1_2982	iJN1463.PP_4736	78.0	378	83	0	1	378	1	378	8.53e-217	597
lcl|CP015118.1_prot_ARN21115.1_2982	iPC815.YPO1569	75.2	375	93	0	1	375	1	375	2.11e-210	581
lcl|CP015118.1_prot_ARN21117.1_2984	iML1515.b3603	74.2	551	140	2	4	554	3	551	2.56e-294	808
lcl|CP015118.1_prot_ARN21117.1_2984	iSSON_1240.SSON_3802	74.2	551	140	2	4	554	3	551	2.56e-294	808
lcl|CP015118.1_prot_ARN21117.1_2984	iSF_1195.SF3642	74.0	551	141	2	4	554	3	551	3.63e-294	808
lcl|CP015118.1_prot_ARN21117.1_2984	iSbBS512_1146.SbBS512_E4029	74.0	551	141	2	4	554	3	551	7.31e-294	807
lcl|CP015118.1_prot_ARN21117.1_2984	iSDY_1059.SDY_4036	73.9	551	142	2	4	554	3	551	2.97e-293	805
lcl|CP015118.1_prot_ARN21117.1_2984	iCN718.ABAYE_RS18850	73.3	554	147	1	1	554	1	553	6.11e-291	800
lcl|CP015118.1_prot_ARN21117.1_2984	STM_v1_0.STM3692	73.8	553	139	2	4	554	3	551	8.06e-291	799
lcl|CP015118.1_prot_ARN21117.1_2984	iYL1228.KPN_03947	71.3	551	156	2	4	554	3	551	1.30e-275	761
lcl|CP015118.1_prot_ARN21118.1_2985	iJN1463.PP_3311	67.1	556	180	3	1	556	1	553	4.76e-239	671
lcl|CP015118.1_prot_ARN21121.1_2988	iJN1463.PP_0669	33.7	834	502	20	10	821	3	807	3.80e-117	374
lcl|CP015118.1_prot_ARN21121.1_2988	iJN1463.PP_4217	32.0	804	493	19	47	823	35	811	1.31e-112	362
lcl|CP015118.1_prot_ARN21122.1_2989	iJN1463.PP_1032	67.9	524	160	2	4	526	9	525	7.86e-251	696
lcl|CP015118.1_prot_ARN21122.1_2989	iSSON_1240.SSON_2589	65.3	524	174	2	4	526	9	525	2.95e-241	671
lcl|CP015118.1_prot_ARN21122.1_2989	iML1515.b2507	65.3	524	174	2	4	526	9	525	4.18e-241	671
lcl|CP015118.1_prot_ARN21122.1_2989	iSF_1195.SF2553	65.1	524	175	2	4	526	9	525	4.18e-241	671
lcl|CP015118.1_prot_ARN21122.1_2989	iSbBS512_1146.SbBS512_E2882	65.3	524	174	2	4	526	9	525	5.93e-241	671
lcl|CP015118.1_prot_ARN21122.1_2989	iSDY_1059.SDY_2703	65.1	524	175	2	4	526	9	525	1.69e-240	669
lcl|CP015118.1_prot_ARN21122.1_2989	STM_v1_0.STM2510	65.1	524	175	2	4	526	9	525	1.96e-239	667
lcl|CP015118.1_prot_ARN21122.1_2989	iYL1228.KPN_02833	64.9	524	176	2	4	526	9	525	3.95e-239	666
lcl|CP015118.1_prot_ARN21122.1_2989	iPC815.YPO2870	63.9	524	181	2	4	526	9	525	1.00e-234	655
lcl|CP015118.1_prot_ARN21122.1_2989	iCN718.ABAYE_RS18570	62.0	526	187	4	2	526	9	522	1.65e-225	631
lcl|CP015118.1_prot_ARN21122.1_2989	iAF987.Gmet_2292	62.9	525	182	4	3	526	8	520	2.19e-225	631
lcl|CP015118.1_prot_ARN23903.1_2990	iYO844.BSU26590	27.2	382	237	9	15	381	26	381	2.70e-30	120
lcl|CP015118.1_prot_ARN21123.1_2991	iJN1463.PP_1031	69.0	490	147	2	1	488	2	488	1.01e-237	659
lcl|CP015118.1_prot_ARN21123.1_2991	iCN718.ABAYE_RS01355	66.9	490	156	3	1	488	2	487	1.72e-226	631
lcl|CP015118.1_prot_ARN21128.1_2996	iCN718.ABAYE_RS02540	47.2	392	197	4	6	392	8	394	7.28e-114	337
lcl|CP015118.1_prot_ARN21131.1_2999	iJN1463.PP_0237	30.7	212	137	6	57	265	46	250	7.74e-20	88.6
lcl|CP015118.1_prot_ARN21131.1_2999	iCN718.ABAYE_RS19045	31.3	211	135	6	48	255	50	253	6.31e-18	83.2
lcl|CP015118.1_prot_ARN21133.1_3001	iNF517.LLMG_RS11240	36.3	273	167	4	58	327	51	319	1.32e-39	141
lcl|CP015118.1_prot_ARN21133.1_3001	iJN1463.PP_3376	35.7	325	190	8	9	322	3	319	1.40e-35	130
lcl|CP015118.1_prot_ARN21136.1_3004	iSynCJ816.SGL_RS08770	27.1	210	116	6	14	198	4	201	2.74e-06	45.8
lcl|CP015118.1_prot_ARN21137.1_3005	iJN1463.PP_3219	25.5	314	180	9	80	385	55	322	2.68e-17	82.8
lcl|CP015118.1_prot_ARN21138.1_3006	iHN637.CLJU_RS11215	25.8	418	196	20	10	347	7	390	1.98e-08	56.6
lcl|CP015118.1_prot_ARN21138.1_3006	iEK1008.Rv1552	25.1	569	322	21	9	499	2	544	9.48e-07	51.2
lcl|CP015118.1_prot_ARN21139.1_3007	iIT341.HP0588	44.3	61	28	1	5	59	14	74	2.54e-11	55.5
lcl|CP015118.1_prot_ARN21140.1_3008	iCN718.ABAYE_RS19055	36.5	241	153	0	31	271	19	259	1.18e-53	174
lcl|CP015118.1_prot_ARN21140.1_3008	iYO844.BSU08850	39.0	254	154	1	19	272	19	271	2.28e-53	174
lcl|CP015118.1_prot_ARN21140.1_3008	iPC815.YPO3626	36.9	241	152	0	31	271	13	253	8.27e-51	167
lcl|CP015118.1_prot_ARN21140.1_3008	iYL1228.KPN_00970	34.9	241	157	0	31	271	12	252	6.17e-50	165
lcl|CP015118.1_prot_ARN21141.1_3009	iJN1463.PP_0239	36.6	238	150	1	13	250	17	253	7.66e-43	146
lcl|CP015118.1_prot_ARN21141.1_3009	iML1515.b0934	37.8	251	153	2	2	250	3	252	1.35e-39	137
lcl|CP015118.1_prot_ARN21141.1_3009	iSSON_1240.SSON_0937	37.8	251	153	2	2	250	3	252	1.35e-39	137
lcl|CP015118.1_prot_ARN21141.1_3009	iYO844.BSU08850	35.0	243	157	1	9	251	30	271	2.63e-39	137
lcl|CP015118.1_prot_ARN21141.1_3009	iYL1228.KPN_00970	33.8	237	156	1	14	250	17	252	2.68e-39	137
lcl|CP015118.1_prot_ARN21141.1_3009	iSDY_1059.SDY_2323	37.8	251	153	2	2	250	3	252	2.68e-39	137
lcl|CP015118.1_prot_ARN21141.1_3009	iPC815.YPO3626	34.6	237	154	1	14	250	18	253	7.85e-39	135
lcl|CP015118.1_prot_ARN21141.1_3009	iJN1463.PP_0231	30.6	242	163	2	16	253	37	277	4.32e-38	134
lcl|CP015118.1_prot_ARN21142.1_3010	iYO844.BSU08830	50.2	245	117	4	4	248	2	241	1.54e-78	238
lcl|CP015118.1_prot_ARN21145.1_3013	iAF692.Mbar_A1559	44.6	65	36	0	6	70	3	67	1.63e-11	53.5
lcl|CP015118.1_prot_ARN21146.1_3015	iAF987.Gmet_1914	33.7	104	67	2	1	103	1	103	5.46e-09	57.8
lcl|CP015118.1_prot_ARN21146.1_3015	iAF987.Gmet_1919	26.9	134	96	2	4	136	5	137	1.26e-08	56.2
lcl|CP015118.1_prot_ARN21146.1_3015	iAF987.Gmet_0069	29.0	138	93	2	1	133	1	138	1.88e-07	52.4
lcl|CP015118.1_prot_ARN21147.1_3016	iAF987.Gmet_0043	26.5	321	212	9	506	814	37	345	9.22e-14	74.7
lcl|CP015118.1_prot_ARN21149.1_3018	iAF987.Gmet_1601	33.9	189	124	1	5	193	2	189	4.37e-21	90.1
lcl|CP015118.1_prot_ARN21149.1_3018	iLJ478.TM1724	32.3	189	127	1	6	194	3	190	6.03e-21	89.7
lcl|CP015118.1_prot_ARN21149.1_3018	iCN718.ABAYE_RS13080	33.9	183	119	2	12	193	18	199	7.00e-20	87.4
lcl|CP015118.1_prot_ARN21149.1_3018	iNF517.LLMG_RS08950	31.1	183	124	2	11	193	8	188	1.43e-19	85.9
lcl|CP015118.1_prot_ARN21149.1_3018	iMM904.YMR226C	34.8	198	120	5	3	193	8	203	4.04e-19	85.1
lcl|CP015118.1_prot_ARN21149.1_3018	iSynCJ816.SGL_RS12965	32.3	192	126	3	5	193	2	192	3.56e-19	85.1
lcl|CP015118.1_prot_ARN21149.1_3018	iCN718.ABAYE_RS13055	33.9	183	119	2	12	193	17	198	8.75e-19	84.3
lcl|CP015118.1_prot_ARN21149.1_3018	iSynCJ816.SGL_RS07245	33.3	189	124	2	6	193	4	191	3.73e-18	82.0
lcl|CP015118.1_prot_ARN21151.1_3021	STM_v1_0.STM3884	20.1	274	203	6	85	349	29	295	4.71e-06	47.4
lcl|CP015118.1_prot_ARN21151.1_3021	iYL1228.KPN_04156	21.7	277	195	8	85	349	29	295	6.29e-06	47.0
lcl|CP015118.1_prot_ARN21151.1_3021	iML1515.b3751	20.4	274	202	6	85	349	29	295	3.54e-05	44.7
lcl|CP015118.1_prot_ARN21152.1_3022	iJN1463.PP_3416	51.9	158	72	2	1	155	11	167	3.70e-45	145
lcl|CP015118.1_prot_ARN21153.1_3023	STM_v1_0.STM3671	32.8	137	89	1	14	150	2	135	2.32e-21	84.7
lcl|CP015118.1_prot_ARN21153.1_3023	iML1515.b3577	32.5	123	80	1	14	136	2	121	5.49e-19	78.6
lcl|CP015118.1_prot_ARN21154.1_3024	iML1515.b3578	52.2	410	196	0	20	429	16	425	2.03e-145	420
lcl|CP015118.1_prot_ARN21154.1_3024	STM_v1_0.STM3672	50.9	422	207	0	8	429	4	425	2.03e-145	420
lcl|CP015118.1_prot_ARN21155.1_3025	iML1515.b3579	35.7	286	184	0	6	291	4	289	3.57e-60	195
lcl|CP015118.1_prot_ARN21155.1_3025	STM_v1_0.STM3673	37.2	282	172	1	5	286	8	284	2.80e-59	193
lcl|CP015118.1_prot_ARN21156.1_3026	iSynCJ816.SGL_RS07245	35.4	226	139	5	6	227	6	228	1.88e-17	78.6
lcl|CP015118.1_prot_ARN21156.1_3026	iJN1463.PP_4862	27.8	241	156	6	10	239	6	239	1.05e-16	76.6
lcl|CP015118.1_prot_ARN21156.1_3026	iAF987.Gmet_1601	33.9	186	121	2	7	192	6	189	2.47e-16	75.5
lcl|CP015118.1_prot_ARN21156.1_3026	iJN1463.PP_2794	34.8	187	115	4	7	192	14	194	1.01e-15	73.9
lcl|CP015118.1_prot_ARN21156.1_3026	iYL1228.KPN_02546	29.8	235	158	4	7	239	8	237	1.61e-15	73.2
lcl|CP015118.1_prot_ARN21156.1_3026	iIS312.TCDM_03694	33.2	205	127	5	9	205	38	240	7.94e-15	72.4
lcl|CP015118.1_prot_ARN21158.1_3029	iAT_PLT_636.51166	25.9	293	190	9	175	444	150	438	9.55e-14	72.8
lcl|CP015118.1_prot_ARN21158.1_3029	iYO844.BSU31400	23.7	317	226	9	142	449	57	366	1.22e-11	65.9
lcl|CP015118.1_prot_ARN21162.1_3033	iJN1463.PP_1494	30.7	114	78	1	21	133	20	133	1.00e-06	46.2
lcl|CP015118.1_prot_ARN21162.1_3033	iAF987.Gmet_1706	30.9	81	56	0	20	100	2	82	1.16e-05	43.1
lcl|CP015118.1_prot_ARN23905.1_3035	iEK1008.Rv3777	27.6	322	199	6	25	331	26	328	8.91e-25	102
lcl|CP015118.1_prot_ARN23905.1_3035	iEK1008.Rv3086	29.5	346	186	10	24	322	25	359	3.67e-23	98.2
lcl|CP015118.1_prot_ARN23905.1_3035	iEK1008.Rv2048c	32.8	323	168	14	25	331	1384	1673	7.36e-21	93.6
lcl|CP015118.1_prot_A4W93_15385_3037	iIT341.HP0313	29.5	271	181	3	29	294	12	277	4.49e-27	110
lcl|CP015118.1_prot_ARN21168.1_3041	STM_v1_0.STM0428	34.9	229	137	6	1	219	3	229	3.53e-31	117
lcl|CP015118.1_prot_ARN21168.1_3041	iJN1463.PP_0953	31.5	216	138	4	11	219	4	216	6.31e-30	111
lcl|CP015118.1_prot_ARN21168.1_3041	iYO844.BSU02750	34.5	194	123	3	29	219	24	216	9.92e-30	111
lcl|CP015118.1_prot_ARN21168.1_3041	iEK1008.Rv2397c	34.6	208	131	4	14	218	8	213	1.02e-28	110
lcl|CP015118.1_prot_ARN21168.1_3041	iAF987.Gmet_1282	32.1	215	141	3	10	220	9	222	7.53e-29	108
lcl|CP015118.1_prot_ARN21168.1_3041	iJN1463.PP_3817	35.0	203	127	4	20	219	24	224	8.21e-28	108
lcl|CP015118.1_prot_ARN21169.1_3042	iYL1228.KPN_00165	27.4	674	462	12	59	711	68	735	2.08e-63	224
lcl|CP015118.1_prot_ARN21172.1_3045	iSDY_1059.SDY_3559	60.4	139	55	0	1	139	1	139	6.95e-61	183
lcl|CP015118.1_prot_ARN21172.1_3045	iML1515.b3503	59.7	139	56	0	1	139	1	139	9.87e-61	183
lcl|CP015118.1_prot_ARN21172.1_3045	iSbBS512_1146.SbBS512_E3818	59.7	139	56	0	1	139	1	139	9.87e-61	183
lcl|CP015118.1_prot_ARN21172.1_3045	iSF_1195.SF3536	59.7	139	56	0	1	139	1	139	9.87e-61	183
lcl|CP015118.1_prot_ARN21172.1_3045	iSSON_1240.SSON_3738	59.7	139	56	0	1	139	1	139	9.87e-61	183
lcl|CP015118.1_prot_ARN21173.1_3046	iYO844.BSU25790	31.8	349	213	7	19	356	4	338	2.34e-52	176
lcl|CP015118.1_prot_ARN21173.1_3046	iAF987.Gmet_0520	32.1	340	208	6	19	346	9	337	8.27e-50	170
lcl|CP015118.1_prot_ARN21174.1_3047	iEK1008.Rv2641	34.7	124	80	1	1	123	1	124	3.70e-20	80.5
lcl|CP015118.1_prot_ARN21180.1_3053	iJN1463.PP_1656	42.1	658	355	10	96	746	104	742	3.14e-165	494
lcl|CP015118.1_prot_ARN21180.1_3053	iYL1228.KPN_03126	41.1	671	357	11	93	746	92	741	1.31e-160	482
lcl|CP015118.1_prot_ARN21180.1_3053	STM_v1_0.STM2956	40.5	665	369	9	93	746	92	740	5.60e-159	478
lcl|CP015118.1_prot_ARN21180.1_3053	iSbBS512_1146.SbBS512_E3089	40.5	665	369	9	93	746	92	740	1.11e-158	477
lcl|CP015118.1_prot_ARN21180.1_3053	iML1515.b2784	40.5	665	369	9	93	746	92	740	3.12e-158	476
lcl|CP015118.1_prot_ARN21180.1_3053	iSDY_1059.SDY_3001	40.5	665	369	9	93	746	92	740	3.12e-158	476
lcl|CP015118.1_prot_ARN21180.1_3053	iSF_1195.SF2797	40.5	665	369	9	93	746	92	740	3.12e-158	476
lcl|CP015118.1_prot_ARN21180.1_3053	iSSON_1240.SSON_2941	40.5	665	369	9	93	746	92	740	3.12e-158	476
lcl|CP015118.1_prot_ARN21180.1_3053	iPC815.YPO3380	40.1	668	367	10	93	746	92	740	3.34e-154	466
lcl|CP015118.1_prot_ARN21181.1_3054	iAF987.Gmet_0843	26.3	255	156	5	34	277	23	256	1.42e-13	68.9
lcl|CP015118.1_prot_ARN21182.1_3055	iJN1463.PP_3073	66.7	255	84	1	2	256	3	256	1.25e-112	323
lcl|CP015118.1_prot_ARN21185.1_3059	iAF987.Gmet_1706	40.7	118	66	2	11	126	2	117	1.57e-20	88.2
lcl|CP015118.1_prot_ARN23907.1_3060	iAF987.Gmet_0043	28.3	152	99	3	301	445	119	267	4.60e-05	45.4
lcl|CP015118.1_prot_ARN21186.1_3061	iJN1463.PP_1618	60.0	155	62	0	9	163	1	155	1.19e-64	194
lcl|CP015118.1_prot_ARN21186.1_3061	iAF987.Gmet_0059	58.3	151	63	0	9	159	1	151	2.15e-60	184
lcl|CP015118.1_prot_ARN21186.1_3061	iCN900.CD630_00480	53.5	155	72	0	9	163	1	155	4.01e-59	181
lcl|CP015118.1_prot_ARN21186.1_3061	STM_v1_0.STM2929	56.4	156	68	0	9	164	1	156	2.51e-57	176
lcl|CP015118.1_prot_ARN21186.1_3061	iYO844.BSU00910	54.5	156	71	0	9	164	2	157	4.89e-57	175
lcl|CP015118.1_prot_ARN21186.1_3061	iML1515.b2746	56.4	156	68	0	9	164	1	156	5.05e-57	175
lcl|CP015118.1_prot_ARN21186.1_3061	iSbBS512_1146.SbBS512_E3128	56.4	156	68	0	9	164	1	156	5.05e-57	175
lcl|CP015118.1_prot_ARN21186.1_3061	iSDY_1059.SDY_2945	56.4	156	68	0	9	164	1	156	5.05e-57	175
lcl|CP015118.1_prot_ARN21186.1_3061	iSF_1195.SF2769	56.4	156	68	0	9	164	1	156	5.05e-57	175
lcl|CP015118.1_prot_ARN21186.1_3061	iSSON_1240.SSON_2894	56.4	156	68	0	9	164	1	156	5.05e-57	175
lcl|CP015118.1_prot_ARN21187.1_3062	iJN1463.PP_1614	48.6	220	108	3	5	219	4	223	2.89e-52	168
lcl|CP015118.1_prot_ARN21189.1_3064	STM_v1_0.STM4578	51.0	200	95	3	25	224	112	308	5.84e-52	170
lcl|CP015118.1_prot_ARN21189.1_3064	iCN718.ABAYE_RS01030	48.1	208	105	3	24	231	193	397	8.78e-51	169
lcl|CP015118.1_prot_ARN21189.1_3064	iML1515.b4388	50.5	200	96	3	25	224	112	308	1.64e-51	169
lcl|CP015118.1_prot_ARN21189.1_3064	iSbBS512_1146.SbBS512_E4935	50.5	200	96	3	25	224	112	308	1.64e-51	169
lcl|CP015118.1_prot_ARN21189.1_3064	iSDY_1059.SDY_4649	50.5	200	96	3	25	224	112	308	1.64e-51	169
lcl|CP015118.1_prot_ARN21189.1_3064	iSF_1195.SF4420	50.5	200	96	3	25	224	112	308	1.64e-51	169
lcl|CP015118.1_prot_ARN21189.1_3064	iSSON_1240.SSON_4538	50.5	200	96	3	25	224	112	308	1.64e-51	169
lcl|CP015118.1_prot_ARN21189.1_3064	iYL1228.KPN_04843	50.5	200	96	3	25	224	113	309	3.71e-50	166
lcl|CP015118.1_prot_ARN21189.1_3064	iPC815.YPO0442	46.1	230	121	3	2	231	90	316	1.58e-49	164
lcl|CP015118.1_prot_ARN21189.1_3064	iJN1463.PP_4909	47.6	208	106	3	24	231	202	406	9.94e-47	159
lcl|CP015118.1_prot_ARN21189.1_3064	iEK1008.Rv3042c	45.7	208	110	3	24	231	180	384	1.32e-45	156
lcl|CP015118.1_prot_ARN21191.1_3066	iYL1228.KPN_02741	34.2	310	180	8	1	299	1	297	2.21e-45	157
lcl|CP015118.1_prot_ARN21191.1_3066	iYO844.BSU09530	32.9	298	185	4	1	294	1	287	5.97e-45	156
lcl|CP015118.1_prot_ARN21191.1_3066	iCN718.ABAYE_RS12975	33.9	348	172	10	1	307	1	331	1.28e-44	155
lcl|CP015118.1_prot_ARN21191.1_3066	iYO844.BSU39780	30.7	323	206	7	1	318	1	310	3.28e-41	145
lcl|CP015118.1_prot_ARN21191.1_3066	iSF_1195.SF3047	31.3	329	201	9	1	315	13	330	1.46e-40	145
lcl|CP015118.1_prot_ARN21191.1_3066	iSSON_1240.SSON_3145	31.3	329	201	9	1	315	13	330	1.46e-40	145
lcl|CP015118.1_prot_ARN21191.1_3066	iML1515.b3001	31.3	329	201	9	1	315	13	330	2.04e-40	144
lcl|CP015118.1_prot_ARN21191.1_3066	iSbBS512_1146.SbBS512_E3430	30.7	329	203	9	1	315	13	330	1.09e-39	142
lcl|CP015118.1_prot_ARN21193.1_3068	iCN718.ABAYE_RS11400	69.6	434	129	1	163	593	218	651	3.08e-216	615
lcl|CP015118.1_prot_ARN21196.1_3071	iJN1463.PP_0228	69.9	289	86	1	9	296	12	300	5.02e-134	382
lcl|CP015118.1_prot_ARN21196.1_3071	iCN718.ABAYE_RS11390	65.3	288	96	2	12	296	9	295	1.37e-123	355
lcl|CP015118.1_prot_ARN21197.1_3072	iEK1008.Rv0390	48.6	142	57	6	26	154	1	139	7.40e-30	105
lcl|CP015118.1_prot_ARN21202.1_3078	iYL1228.KPN_04267	32.6	537	341	12	15	548	7	525	3.65e-70	235
lcl|CP015118.1_prot_ARN21202.1_3078	STM_v1_0.STM3901	31.7	537	346	12	15	548	7	525	1.51e-66	225
lcl|CP015118.1_prot_ARN21203.1_3079	iYL1228.KPN_01586	32.2	146	97	2	44	189	52	195	1.05e-10	62.8
lcl|CP015118.1_prot_ARN21209.1_3085	iJN1463.PP_1231	63.4	331	121	0	20	350	12	342	1.58e-155	441
lcl|CP015118.1_prot_ARN21209.1_3085	iCN718.ABAYE_RS15465	64.9	319	112	0	30	348	30	348	4.30e-151	429
lcl|CP015118.1_prot_ARN21209.1_3085	iYL1228.KPN_00754	63.3	324	117	1	27	348	19	342	1.89e-148	422
lcl|CP015118.1_prot_ARN21209.1_3085	iPC815.YPO1127	63.0	324	118	1	27	348	18	341	3.19e-148	422
lcl|CP015118.1_prot_ARN21209.1_3085	iML1515.b0750	62.0	324	121	1	27	348	18	341	7.38e-148	421
lcl|CP015118.1_prot_ARN21209.1_3085	STM_v1_0.STM0756	63.0	324	118	1	27	348	18	341	2.11e-147	420
lcl|CP015118.1_prot_ARN21209.1_3085	iSbBS512_1146.SbBS512_E0671	61.7	324	122	1	27	348	18	341	2.99e-147	419
lcl|CP015118.1_prot_ARN21209.1_3085	iSDY_1059.SDY_0694	61.7	324	122	1	27	348	18	341	4.90e-146	416
lcl|CP015118.1_prot_ARN21209.1_3085	iSF_1195.SF0554	61.4	324	123	1	27	348	18	341	2.81e-145	414
lcl|CP015118.1_prot_ARN21210.1_3086	iCN718.ABAYE_RS18965	52.2	276	127	1	8	283	8	278	7.18e-87	260
lcl|CP015118.1_prot_ARN21210.1_3086	iJN1463.PP_0787	50.7	270	128	1	15	284	16	280	5.12e-82	248
lcl|CP015118.1_prot_ARN21213.1_3089	iYL1228.KPN_02899	61.4	521	197	2	13	529	11	531	2.89e-224	630
lcl|CP015118.1_prot_ARN21213.1_3089	STM_v1_0.STM2641	60.8	521	200	2	13	529	11	531	1.40e-222	625
lcl|CP015118.1_prot_ARN21213.1_3089	iJN1463.PP_1426	59.7	524	203	3	13	529	9	531	3.03e-220	619
lcl|CP015118.1_prot_ARN21213.1_3089	iML1515.b2574	59.7	521	206	2	13	529	11	531	5.31e-220	619
lcl|CP015118.1_prot_ARN21213.1_3089	iSDY_1059.SDY_2815	59.9	521	205	2	13	529	11	531	1.51e-219	618
lcl|CP015118.1_prot_ARN21213.1_3089	iPC815.YPO2710	59.1	535	209	4	1	529	13	543	3.19e-215	607
lcl|CP015118.1_prot_ARN21213.1_3089	iCN718.ABAYE_RS05185	57.0	532	224	3	4	532	5	534	6.06e-206	583
lcl|CP015118.1_prot_ARN21216.1_3092	iJN1463.PP_5128	78.4	619	125	2	1	618	1	611	0.0	961
lcl|CP015118.1_prot_ARN21216.1_3092	iCN718.ABAYE_RS00680	76.7	615	136	2	1	614	1	609	0.0	914
lcl|CP015118.1_prot_ARN21216.1_3092	iML1515.b3771	74.2	621	149	4	1	617	1	614	0.0	897
lcl|CP015118.1_prot_ARN21216.1_3092	iSSON_1240.SSON_3942	74.2	621	149	4	1	617	1	614	0.0	896
lcl|CP015118.1_prot_ARN21216.1_3092	iSbBS512_1146.SbBS512_E4149	74.1	621	150	4	1	617	1	614	0.0	895
lcl|CP015118.1_prot_ARN21216.1_3092	iSF_1195.SF3846	74.2	621	149	4	1	617	1	614	0.0	895
lcl|CP015118.1_prot_ARN21216.1_3092	iYL1228.KPN_04270	73.8	621	152	4	1	617	1	614	0.0	892
lcl|CP015118.1_prot_ARN21216.1_3092	iSDY_1059.SDY_3977	73.8	621	152	4	1	617	1	614	0.0	891
lcl|CP015118.1_prot_ARN21216.1_3092	STM_v1_0.STM3904	73.8	621	152	4	1	617	1	614	0.0	889
lcl|CP015118.1_prot_ARN21216.1_3092	iPC815.YPO3897	72.0	621	163	4	1	617	1	614	1.28e-317	872
lcl|CP015118.1_prot_ARN21217.1_3093	iCN900.CD630_20200	52.9	848	385	5	1	840	1	842	1.80e-301	851
lcl|CP015118.1_prot_ARN21219.1_3095	iML1515.b0624	40.5	111	64	1	11	119	5	115	2.11e-20	80.1
lcl|CP015118.1_prot_ARN21220.1_3096	iJN1463.PP_1294	53.4	146	68	0	6	151	3	148	6.19e-49	154
lcl|CP015118.1_prot_ARN21221.1_3097	iJN1463.PP_1293	44.7	85	41	4	1	83	2	82	6.62e-11	52.8
lcl|CP015118.1_prot_ARN21221.1_3097	iSF_1195.SF0734	39.5	81	48	1	3	83	2	81	3.68e-10	50.8
lcl|CP015118.1_prot_ARN21221.1_3097	iSSON_1240.SSON_0763	39.5	81	48	1	3	83	2	81	3.68e-10	50.8
lcl|CP015118.1_prot_ARN21221.1_3097	iSDY_1059.SDY_0822	39.5	81	48	1	3	83	2	81	5.21e-10	50.4
lcl|CP015118.1_prot_ARN21221.1_3097	iML1515.b0784	38.3	81	49	1	3	83	2	81	7.38e-10	50.1
lcl|CP015118.1_prot_ARN21221.1_3097	iSbBS512_1146.SbBS512_E2568	38.3	81	49	1	3	83	2	81	7.38e-10	50.1
lcl|CP015118.1_prot_ARN21222.1_3098	iJN1463.PP_2123	49.1	403	194	6	11	411	12	405	4.03e-108	324
lcl|CP015118.1_prot_ARN21223.1_3099	iSF_1195.SF3927	41.7	163	88	3	3	162	9	167	9.25e-38	127
lcl|CP015118.1_prot_ARN21223.1_3099	iSDY_1059.SDY_3889	41.7	163	88	3	3	162	4	162	3.21e-37	126
lcl|CP015118.1_prot_ARN21223.1_3099	iML1515.b3856	42.3	163	87	3	3	162	9	167	1.48e-36	124
lcl|CP015118.1_prot_ARN21223.1_3099	iSbBS512_1146.SbBS512_E4328	42.3	163	87	3	3	162	9	167	1.48e-36	124
lcl|CP015118.1_prot_ARN21223.1_3099	iSSON_1240.SSON_4028	42.3	163	87	3	3	162	4	162	1.29e-36	124
lcl|CP015118.1_prot_ARN21224.1_3100	iAF987.Gmet_1631	48.6	467	229	6	1	467	1	456	1.62e-146	426
lcl|CP015118.1_prot_ARN21225.1_3101	iJN1463.PP_1470	61.7	436	165	1	1	436	1	434	9.99e-187	526
lcl|CP015118.1_prot_ARN21226.1_3102	iJN1463.PP_1872	66.4	399	132	1	6	404	5	401	7.36e-201	559
lcl|CP015118.1_prot_ARN21226.1_3102	iSDY_1059.SDY_2486	62.8	406	149	1	1	406	1	404	2.59e-192	538
lcl|CP015118.1_prot_ARN21226.1_3102	iML1515.b2290	62.8	406	149	1	1	406	1	404	5.21e-192	537
lcl|CP015118.1_prot_ARN21226.1_3102	iSbBS512_1146.SbBS512_E2666	62.8	406	149	1	1	406	1	404	5.21e-192	537
lcl|CP015118.1_prot_ARN21226.1_3102	iSF_1195.SF2366	62.8	406	149	1	1	406	1	404	5.21e-192	537
lcl|CP015118.1_prot_ARN21226.1_3102	iSSON_1240.SSON_2347	62.8	406	149	1	1	406	1	404	5.21e-192	537
lcl|CP015118.1_prot_ARN21228.1_3104	iJN1463.PP_1235	54.5	156	71	0	1	156	1	156	3.14e-58	178
lcl|CP015118.1_prot_ARN21234.1_3110	iPC815.YPO3115	67.7	257	82	1	1	257	5	260	3.28e-140	394
lcl|CP015118.1_prot_ARN21234.1_3110	STM_v1_0.STM2092	67.7	257	82	1	1	257	1	256	5.46e-138	388
lcl|CP015118.1_prot_ARN21234.1_3110	iSynCJ816.SGL_RS03545	66.5	257	85	1	1	257	1	256	2.37e-134	379
lcl|CP015118.1_prot_ARN21235.1_3111	iSynCJ816.SGL_RS03555	51.7	174	84	0	8	181	14	187	1.17e-59	184
lcl|CP015118.1_prot_ARN21237.1_3113	iPC815.YPO2422	33.4	377	226	8	1	359	1	370	5.59e-60	197
lcl|CP015118.1_prot_ARN21237.1_3113	iAF987.Gmet_0886	35.7	314	184	7	7	306	8	317	2.12e-56	188
lcl|CP015118.1_prot_ARN21237.1_3113	STM_v1_0.STM2297	33.9	383	214	8	1	358	7	375	3.98e-56	187
lcl|CP015118.1_prot_ARN21237.1_3113	iYL1228.KPN_03847	33.7	338	210	4	40	364	28	364	4.25e-54	182
lcl|CP015118.1_prot_ARN21237.1_3113	iSSON_1240.SSON_2314	33.6	384	214	10	1	358	12	380	2.01e-53	181
lcl|CP015118.1_prot_ARN21237.1_3113	iML1515.b2253	33.3	384	215	10	1	358	1	369	8.38e-53	179
lcl|CP015118.1_prot_ARN21237.1_3113	iSF_1195.SF2332	34.4	369	201	10	16	358	5	358	9.00e-53	178
lcl|CP015118.1_prot_ARN21239.1_3115	STM_v1_0.STM2087	38.1	97	57	2	5	99	2	97	2.15e-11	64.3
lcl|CP015118.1_prot_ARN21239.1_3115	iYS854.USA300HOU_RS01340	37.9	95	55	3	7	99	5	97	7.21e-11	63.5
lcl|CP015118.1_prot_ARN21240.1_3116	iCN718.ABAYE_RS11390	24.6	118	75	4	96	200	188	304	4.23e-04	40.0
lcl|CP015118.1_prot_ARN21241.1_3117	iJN1463.PP_0501	28.4	264	176	8	3	261	6	261	4.95e-07	50.4
lcl|CP015118.1_prot_ARN21241.1_3117	iAF987.Gmet_2330	27.4	266	165	8	3	244	4	265	7.16e-06	47.0
lcl|CP015118.1_prot_ARN21241.1_3117	iAF987.Gmet_1486	26.7	285	174	11	1	264	1	271	1.66e-05	45.8
lcl|CP015118.1_prot_ARN21241.1_3117	iEK1008.Rv3634c	27.8	324	190	16	1	303	1	301	1.59e-05	45.8
lcl|CP015118.1_prot_ARN21241.1_3117	iSynCJ816.SGL_RS03640	28.1	160	94	6	2	153	8	154	1.71e-05	45.8
lcl|CP015118.1_prot_ARN23910.1_3156	iCN900.CD630_02510	42.6	423	238	3	10	431	16	434	5.44e-111	333
lcl|CP015118.1_prot_ARN21285.1_3164	STM_v1_0.STM0371	63.2	627	229	2	4	630	3	627	1.26e-295	818
lcl|CP015118.1_prot_ARN21285.1_3164	iML1515.b0335	62.4	627	234	2	4	630	3	627	1.37e-292	810
lcl|CP015118.1_prot_A4W93_16030_3165	iML1515.b1655	37.2	148	76	2	73	203	116	263	4.56e-26	100
lcl|CP015118.1_prot_ARN21286.1_3166	iYS854.USA300HOU_RS12285	44.7	342	182	5	29	369	5	340	8.10e-106	314
lcl|CP015118.1_prot_ARN21287.1_3167	iSbBS512_1146.SbBS512_E4329	40.3	191	107	3	7	196	7	191	1.92e-33	117
lcl|CP015118.1_prot_ARN21287.1_3167	iML1515.b3857	39.8	191	108	3	7	196	7	191	7.61e-33	116
lcl|CP015118.1_prot_ARN21287.1_3167	iSF_1195.SF3928	39.8	191	108	3	7	196	7	191	3.02e-32	114
lcl|CP015118.1_prot_ARN21287.1_3167	iSDY_1059.SDY_3888	39.8	191	108	3	7	196	7	191	8.47e-32	113
lcl|CP015118.1_prot_ARN21287.1_3167	iSSON_1240.SSON_4029	39.3	191	109	3	7	196	7	191	4.73e-31	111
lcl|CP015118.1_prot_ARN21288.1_3168	iJN1463.PP_3426	33.9	1043	647	13	1	1005	1	1039	1.69e-165	514
lcl|CP015118.1_prot_ARN21288.1_3168	iML1515.b2470	32.9	1038	643	19	8	1006	6	1029	9.42e-161	501
lcl|CP015118.1_prot_ARN21288.1_3168	iSSON_1240.SSON_2550	32.9	1038	643	19	8	1006	6	1029	1.32e-160	500
lcl|CP015118.1_prot_ARN21288.1_3168	iSF_1195.SF2512	32.9	1038	644	19	8	1006	6	1029	2.60e-160	499
lcl|CP015118.1_prot_ARN21288.1_3168	iSDY_1059.SDY_2654	33.0	1038	642	19	8	1006	6	1029	1.40e-159	498
lcl|CP015118.1_prot_ARN21288.1_3168	iYL1228.KPN_03673	32.3	1039	657	18	4	1006	2	1030	1.30e-154	484
lcl|CP015118.1_prot_ARN21288.1_3168	iML1515.b0462	31.9	1036	659	17	8	1006	6	1032	1.90e-153	482
lcl|CP015118.1_prot_ARN21288.1_3168	STM_v1_0.STM3391	32.0	1036	657	18	8	1006	6	1031	7.59e-153	480
lcl|CP015118.1_prot_ARN21288.1_3168	iJN1463.PP_1385	32.2	1036	657	18	4	1004	2	1027	2.60e-147	466
lcl|CP015118.1_prot_ARN21288.1_3168	iML1515.b3266	31.6	1029	669	16	8	1005	6	1030	2.48e-147	465
lcl|CP015118.1_prot_ARN21289.1_3169	iAF987.Gmet_1548	33.3	180	116	3	171	350	231	406	1.16e-18	87.0
lcl|CP015118.1_prot_ARN21291.1_3171	iYL1228.KPN_04329	26.7	101	66	3	100	198	120	214	6.51e-04	40.0
lcl|CP015118.1_prot_ARN21291.1_3171	iLB1027_lipid.PHATRDRAFT_47199	37.3	59	37	0	94	152	185	243	7.96e-04	40.0
lcl|CP015118.1_prot_ARN21292.1_3172	iJN1463.PP_4144	53.5	256	113	4	5	256	6	259	2.64e-81	244
lcl|CP015118.1_prot_ARN21292.1_3172	iSbBS512_1146.SbBS512_E0208	52.7	224	98	3	1	222	1	218	2.15e-73	224
lcl|CP015118.1_prot_ARN21292.1_3172	iSSON_1240.SSON_0226	52.7	224	98	3	1	222	1	218	2.15e-73	224
lcl|CP015118.1_prot_ARN21292.1_3172	iML1515.b0212	52.7	224	98	3	1	222	1	218	3.04e-73	223
lcl|CP015118.1_prot_ARN21292.1_3172	iSF_1195.SF0198	52.7	224	98	3	1	222	1	218	4.31e-73	223
lcl|CP015118.1_prot_ARN21293.1_3173	iML1515.b0211	32.9	419	242	9	84	486	49	444	6.39e-63	212
lcl|CP015118.1_prot_ARN21297.1_3177	iSynCJ816.SGL_RS17805	37.9	396	217	8	37	428	20	390	1.60e-70	228
lcl|CP015118.1_prot_ARN21297.1_3177	iSynCJ816.SGL_RS15740	38.9	401	217	10	42	439	12	387	1.67e-70	228
lcl|CP015118.1_prot_ARN21297.1_3177	iCN718.ABAYE_RS15375	36.8	448	236	13	23	442	26	454	3.38e-64	213
lcl|CP015118.1_prot_ARN21297.1_3177	iYS854.USA300HOU_RS02885	34.7	386	221	7	43	425	14	371	5.91e-62	205
lcl|CP015118.1_prot_ARN21302.1_3182	iMM1415.14450	31.6	294	184	6	70	357	489	771	1.17e-29	120
lcl|CP015118.1_prot_ARN21302.1_3182	iCN718.ABAYE_RS04960	30.0	360	220	11	2	353	3	338	5.57e-30	117
lcl|CP015118.1_prot_ARN21302.1_3182	iAF692.Mbar_A0862	30.6	310	191	9	57	362	44	333	7.14e-30	117
lcl|CP015118.1_prot_ARN21302.1_3182	iLB1027_lipid.PHATRDRAFT_47067	32.0	334	189	12	13	331	891	1201	2.01e-27	114
lcl|CP015118.1_prot_ARN21302.1_3182	iJN1463.PP_1665	28.1	366	231	10	13	367	6	350	3.44e-28	112
lcl|CP015118.1_prot_ARN21302.1_3182	iEK1008.Rv0809	30.0	360	212	11	14	358	17	351	7.87e-28	112
lcl|CP015118.1_prot_ARN21302.1_3182	iHN637.CLJU_RS04220	31.3	316	185	9	57	362	38	331	1.68e-27	110
lcl|CP015118.1_prot_ARN21302.1_3182	iCHOv1.100689446	30.1	362	210	10	14	357	435	771	4.98e-26	109
lcl|CP015118.1_prot_ARN21302.1_3182	iAT_PLT_636.2618	29.7	357	214	9	13	354	434	768	4.98e-26	109
lcl|CP015118.1_prot_ARN21304.1_3184	iJN1463.PP_0209	51.5	241	117	0	4	244	16	256	1.10e-80	243
lcl|CP015118.1_prot_ARN21304.1_3184	iSynCJ816.SGL_RS05565	49.6	236	113	1	15	244	19	254	4.70e-73	223
lcl|CP015118.1_prot_ARN21304.1_3184	iAF987.Gmet_1899	51.6	221	103	1	11	231	20	236	6.26e-73	223
lcl|CP015118.1_prot_ARN21305.1_3185	iCN718.ABAYE_RS19045	26.9	219	152	4	46	258	56	272	5.36e-20	88.6
lcl|CP015118.1_prot_ARN21305.1_3185	iYO844.BSU08840	26.9	275	185	7	30	293	32	301	4.47e-18	83.2
lcl|CP015118.1_prot_ARN23911.1_3186	iYO844.BSU08850	34.5	232	152	0	2	233	39	270	8.52e-41	140
lcl|CP015118.1_prot_ARN23911.1_3186	iSF_1195.SF0251	34.9	238	148	2	2	233	34	270	2.32e-40	139
lcl|CP015118.1_prot_ARN23911.1_3186	iSSON_1240.SSON_0345	34.9	238	148	2	2	233	34	270	2.32e-40	139
lcl|CP015118.1_prot_ARN23911.1_3186	iYL1228.KPN_00313	35.3	238	147	2	2	233	34	270	6.48e-40	138
lcl|CP015118.1_prot_ARN23911.1_3186	iML1515.b0367	34.9	238	148	2	2	233	34	270	2.54e-39	136
lcl|CP015118.1_prot_ARN23911.1_3186	iCN718.ABAYE_RS19055	34.9	232	151	0	2	233	28	259	2.80e-39	136
lcl|CP015118.1_prot_ARN23911.1_3186	iSbBS512_1146.SbBS512_E0280	34.5	238	149	2	2	233	34	270	3.58e-39	136
lcl|CP015118.1_prot_ARN23911.1_3186	iJN1463.PP_0239	34.8	233	152	0	1	233	21	253	1.31e-36	129
lcl|CP015118.1_prot_ARN23911.1_3186	iCN718.ABAYE_RS11220	33.8	234	151	1	4	233	51	284	4.55e-36	128
lcl|CP015118.1_prot_ARN23911.1_3186	iJN1463.PP_0231	33.5	236	153	1	2	233	39	274	3.62e-36	128
lcl|CP015118.1_prot_ARN21306.1_3187	iCN718.ABAYE_RS12205	40.0	427	246	3	41	466	35	452	1.20e-87	279
lcl|CP015118.1_prot_ARN21307.1_3188	iEK1008.Rv2888c	31.4	500	286	14	1	483	1	460	4.99e-38	144
lcl|CP015118.1_prot_ARN21312.1_3193	iAF987.Gmet_1823	22.9	354	252	8	33	374	25	369	8.98e-15	74.7
lcl|CP015118.1_prot_ARN21313.1_3194	iYS854.USA300HOU_RS06130	31.3	259	172	3	14	266	9	267	1.79e-32	134
lcl|CP015118.1_prot_ARN21314.1_3195	iYS854.USA300HOU_RS06130	22.0	259	177	6	20	263	9	257	4.19e-10	62.4
lcl|CP015118.1_prot_ARN23912.1_3196	iJN1463.PP_5215	70.6	109	32	0	1	109	1	109	6.65e-58	173
lcl|CP015118.1_prot_ARN23912.1_3196	iPC815.YPO3868	66.4	107	36	0	3	109	2	108	1.63e-51	157
lcl|CP015118.1_prot_ARN21315.1_3197	iCN900.CD630_02510	27.3	227	148	6	160	376	151	370	1.03e-08	56.6
lcl|CP015118.1_prot_ARN21318.1_3200	iAF987.Gmet_0043	27.8	259	158	8	192	429	16	266	2.02e-17	84.3
lcl|CP015118.1_prot_ARN21319.1_3201	iAF987.Gmet_1706	30.5	151	100	2	3	153	2	147	2.44e-16	76.3
lcl|CP015118.1_prot_ARN21319.1_3201	iAF987.Gmet_2999	31.9	116	79	0	4	119	10	125	1.09e-15	74.7
lcl|CP015118.1_prot_ARN21319.1_3201	iAF987.Gmet_0069	35.0	123	74	2	4	122	5	125	9.80e-15	71.6
lcl|CP015118.1_prot_ARN21319.1_3201	iJN1463.PP_1494	34.5	116	75	1	2	116	18	133	1.54e-14	71.2
lcl|CP015118.1_prot_ARN21320.1_3202	iCN900.CD630_32860	23.3	210	155	4	14	221	337	542	4.86e-06	46.6
lcl|CP015118.1_prot_ARN21321.1_3203	iYL1228.KPN_04130	81.1	254	47	1	9	261	4	257	1.48e-152	425
lcl|CP015118.1_prot_ARN21321.1_3203	iML1515.b3725	80.7	254	48	1	9	261	4	257	8.53e-152	423
lcl|CP015118.1_prot_ARN21321.1_3203	iSbBS512_1146.SbBS512_E4203	80.7	254	48	1	9	261	4	257	8.53e-152	423
lcl|CP015118.1_prot_ARN21321.1_3203	iSDY_1059.SDY_4025	80.7	254	48	1	9	261	4	257	8.53e-152	423
lcl|CP015118.1_prot_ARN21321.1_3203	iSF_1195.SF3730	80.7	254	48	1	9	261	4	257	8.53e-152	423
lcl|CP015118.1_prot_ARN21321.1_3203	iSSON_1240.SSON_3909	80.7	254	48	1	9	261	4	257	8.53e-152	423
lcl|CP015118.1_prot_ARN21321.1_3203	STM_v1_0.STM3854	80.3	254	49	1	9	261	4	257	2.44e-151	422
lcl|CP015118.1_prot_ARN21321.1_3203	iPC815.YPO4114	79.0	248	52	0	14	261	11	258	4.88e-149	416
lcl|CP015118.1_prot_ARN23913.1_3204	STM_v1_0.STM3855	64.8	281	99	0	3	283	14	294	4.38e-127	363
lcl|CP015118.1_prot_ARN23913.1_3204	iPC815.YPO4115	65.1	281	98	0	3	283	14	294	4.23e-127	363
lcl|CP015118.1_prot_ARN23913.1_3204	iSbBS512_1146.SbBS512_E4202	64.4	281	100	0	3	283	14	294	8.81e-127	362
lcl|CP015118.1_prot_ARN23913.1_3204	iSF_1195.SF3729	64.4	281	100	0	3	283	14	294	8.81e-127	362
lcl|CP015118.1_prot_ARN23913.1_3204	iSDY_1059.SDY_4024	65.3	277	96	0	3	279	14	290	1.25e-126	362
lcl|CP015118.1_prot_ARN23913.1_3204	iML1515.b3726	64.4	281	100	0	3	283	14	294	2.52e-126	361
lcl|CP015118.1_prot_ARN23913.1_3204	iSSON_1240.SSON_3908	64.1	281	101	0	3	283	14	294	3.57e-126	360
lcl|CP015118.1_prot_ARN23913.1_3204	iYL1228.KPN_04131	63.7	281	102	0	3	283	14	294	3.91e-123	353
lcl|CP015118.1_prot_ARN21322.1_3205	iPC815.YPO4116	64.0	322	116	0	1	322	1	322	7.10e-141	400
lcl|CP015118.1_prot_ARN21322.1_3205	STM_v1_0.STM3856	63.6	324	113	1	1	324	1	319	6.75e-138	393
lcl|CP015118.1_prot_ARN21322.1_3205	iML1515.b3727	63.0	324	115	1	1	324	1	319	2.74e-137	391
lcl|CP015118.1_prot_ARN21322.1_3205	iSbBS512_1146.SbBS512_E4201	63.0	324	115	1	1	324	1	319	2.74e-137	391
lcl|CP015118.1_prot_ARN21322.1_3205	iSSON_1240.SSON_3907	63.0	324	115	1	1	324	1	319	2.74e-137	391
lcl|CP015118.1_prot_ARN21322.1_3205	iYL1228.KPN_04132	62.7	324	116	1	1	324	1	319	6.38e-136	388
lcl|CP015118.1_prot_ARN21322.1_3205	iSF_1195.SF3728	66.7	294	98	0	31	324	6	299	1.49e-134	384
lcl|CP015118.1_prot_ARN21322.1_3205	iSDY_1059.SDY_4023	61.0	318	110	1	21	324	16	333	6.61e-127	365
lcl|CP015118.1_prot_ARN21323.1_3206	STM_v1_0.STM3857	60.4	338	132	2	6	341	8	345	5.03e-149	423
lcl|CP015118.1_prot_ARN21323.1_3206	iPC815.YPO4117	61.0	344	126	3	5	341	3	345	1.66e-147	419
lcl|CP015118.1_prot_ARN21323.1_3206	iYL1228.KPN_04133	59.2	338	136	2	6	341	8	345	4.74e-147	418
lcl|CP015118.1_prot_ARN21323.1_3206	iML1515.b3728	57.7	338	141	2	6	341	8	345	5.98e-143	407
lcl|CP015118.1_prot_ARN21323.1_3206	iSbBS512_1146.SbBS512_E4200	57.7	338	141	2	6	341	8	345	5.98e-143	407
lcl|CP015118.1_prot_ARN21323.1_3206	iSF_1195.SF3727	57.7	338	141	2	6	341	8	345	5.98e-143	407
lcl|CP015118.1_prot_ARN21323.1_3206	iSDY_1059.SDY_4022	57.1	338	143	2	6	341	8	345	7.99e-141	402
lcl|CP015118.1_prot_ARN21323.1_3206	iSSON_1240.SSON_3906	56.5	338	145	2	6	341	8	345	1.61e-140	401
lcl|CP015118.1_prot_ARN21324.1_3207	iSynCJ816.SGL_RS06280	36.1	119	74	2	40	157	13	130	3.05e-17	73.2
lcl|CP015118.1_prot_ARN21325.1_3208	STM_v1_0.STM3294	56.7	443	190	2	2	443	3	444	4.72e-165	471
lcl|CP015118.1_prot_ARN21325.1_3208	iML1515.b3176	56.7	443	190	2	2	443	3	444	1.91e-164	470
lcl|CP015118.1_prot_ARN21325.1_3208	iSbBS512_1146.SbBS512_E3594	56.7	443	190	2	2	443	3	444	1.91e-164	470
lcl|CP015118.1_prot_ARN21325.1_3208	iSDY_1059.SDY_3357	56.4	443	191	2	2	443	3	444	7.70e-164	468
lcl|CP015118.1_prot_ARN21325.1_3208	iSSON_1240.SSON_3324	56.4	443	191	2	2	443	3	444	1.09e-163	468
lcl|CP015118.1_prot_ARN21325.1_3208	iSF_1195.SF3216	56.0	443	193	2	2	443	3	444	2.05e-161	462
lcl|CP015118.1_prot_ARN21325.1_3208	iYL1228.KPN_03586	55.4	442	195	2	2	442	3	443	5.84e-161	461
lcl|CP015118.1_prot_ARN21325.1_3208	iPC815.YPO3500	55.4	444	194	3	2	443	3	444	9.84e-160	458
lcl|CP015118.1_prot_ARN21325.1_3208	iCN718.ABAYE_RS01360	54.1	442	196	3	4	442	2	439	2.90e-156	449
lcl|CP015118.1_prot_ARN21325.1_3208	iJN1463.PP_4716	53.4	442	204	2	1	441	1	441	9.82e-155	445
lcl|CP015118.1_prot_ARN21326.1_3209	iJN1463.PP_4717	50.6	261	126	3	10	269	17	275	1.23e-78	239
lcl|CP015118.1_prot_ARN21326.1_3209	iSbBS512_1146.SbBS512_E3593	49.4	261	129	3	10	269	10	268	9.64e-78	237
lcl|CP015118.1_prot_ARN21326.1_3209	iML1515.b3177	49.0	261	130	3	10	269	10	268	1.93e-77	236
lcl|CP015118.1_prot_ARN21326.1_3209	iSF_1195.SF3217	49.0	261	130	3	10	269	25	283	3.09e-77	236
lcl|CP015118.1_prot_ARN21326.1_3209	iSSON_1240.SSON_3325	49.0	261	130	3	10	269	25	283	3.09e-77	236
lcl|CP015118.1_prot_ARN21326.1_3209	iYL1228.KPN_03587	49.8	261	128	3	10	269	10	268	7.77e-77	234
lcl|CP015118.1_prot_ARN21326.1_3209	iSDY_1059.SDY_3358	48.7	261	131	3	10	269	25	283	3.51e-76	233
lcl|CP015118.1_prot_ARN21326.1_3209	STM_v1_0.STM3295	48.7	261	131	3	10	269	10	268	3.56e-75	230
lcl|CP015118.1_prot_ARN21326.1_3209	iPC815.YPO3501	47.5	259	133	3	10	267	10	266	2.79e-73	225
lcl|CP015118.1_prot_ARN21326.1_3209	iAF987.Gmet_1889	45.2	261	140	3	2	260	12	271	1.07e-70	219
lcl|CP015118.1_prot_ARN21326.1_3209	iCN718.ABAYE_RS04565	47.0	268	139	3	4	270	12	277	2.79e-69	215
lcl|CP015118.1_prot_ARN21327.1_3210	iAT_PLT_636.4905	36.5	233	126	5	182	397	242	469	2.38e-32	132
lcl|CP015118.1_prot_ARN21327.1_3210	iMM1415.18195	36.5	233	126	5	182	397	242	469	2.38e-32	132
lcl|CP015118.1_prot_ARN21332.1_3215	iJN1463.PP_4723	69.2	1088	313	6	1	1083	4	1074	0.0	1437
lcl|CP015118.1_prot_ARN21332.1_3215	iCN718.ABAYE_RS04530	67.9	1090	322	7	1	1079	1	1073	0.0	1437
lcl|CP015118.1_prot_ARN21332.1_3215	iPC815.YPO0482	68.0	1089	325	7	1	1083	1	1072	0.0	1422
lcl|CP015118.1_prot_ARN21332.1_3215	iYL1228.KPN_00041	67.8	1089	328	7	1	1083	1	1072	0.0	1416
lcl|CP015118.1_prot_ARN21332.1_3215	STM_v1_0.STM0067	67.7	1089	329	7	1	1083	1	1072	0.0	1411
lcl|CP015118.1_prot_ARN21332.1_3215	iSF_1195.SF0030	67.7	1089	329	7	1	1083	1	1072	0.0	1411
lcl|CP015118.1_prot_ARN21332.1_3215	iSSON_1240.SSON_0038	67.7	1089	329	7	1	1083	1	1072	0.0	1411
lcl|CP015118.1_prot_ARN21332.1_3215	iML1515.b0033	67.6	1089	330	7	1	1083	1	1072	0.0	1409
lcl|CP015118.1_prot_ARN21332.1_3215	iSbBS512_1146.SbBS512_E0037	67.6	1089	330	7	1	1083	1	1072	0.0	1408
lcl|CP015118.1_prot_ARN21332.1_3215	iSDY_1059.SDY_0055	67.4	1089	332	7	1	1083	1	1072	0.0	1404
lcl|CP015118.1_prot_ARN23914.1_3216	iYL1228.KPN_00040	67.8	379	113	3	6	381	12	384	1.38e-184	516
lcl|CP015118.1_prot_ARN23914.1_3216	STM_v1_0.STM0066	67.1	380	116	3	6	382	3	376	1.35e-182	511
lcl|CP015118.1_prot_ARN23914.1_3216	iML1515.b0032	66.1	380	120	3	6	382	3	376	1.81e-180	506
lcl|CP015118.1_prot_ARN23914.1_3216	iSbBS512_1146.SbBS512_E0036	66.1	380	120	3	6	382	3	376	1.81e-180	506
lcl|CP015118.1_prot_ARN23914.1_3216	iSSON_1240.SSON_0037	66.1	380	120	3	6	382	3	376	1.81e-180	506
lcl|CP015118.1_prot_ARN23914.1_3216	iPC815.YPO0481	66.1	383	121	3	6	385	3	379	2.49e-180	506
lcl|CP015118.1_prot_ARN23914.1_3216	iSDY_1059.SDY_0054	66.1	380	120	3	6	382	3	376	2.57e-180	505
lcl|CP015118.1_prot_ARN23914.1_3216	iSF_1195.SF0029	65.8	380	121	3	6	382	3	376	1.48e-179	503
lcl|CP015118.1_prot_ARN23914.1_3216	iJN1463.PP_4724	65.1	381	124	3	6	383	3	377	6.02e-178	499
lcl|CP015118.1_prot_ARN23914.1_3216	iCN718.ABAYE_RS04535	66.9	378	114	5	8	381	5	375	1.03e-176	496
lcl|CP015118.1_prot_ARN21333.1_3217	iJN1463.PP_1082	61.5	156	60	0	1	156	1	156	2.24e-65	196
lcl|CP015118.1_prot_ARN21333.1_3217	iML1515.b3336	59.1	154	63	0	1	154	1	154	3.24e-58	178
lcl|CP015118.1_prot_ARN23916.1_3221	iAF987.Gmet_1854	37.3	118	63	3	173	280	273	389	9.01e-14	70.5
lcl|CP015118.1_prot_ARN21336.1_3223	iJN1463.PP_1620	51.0	247	116	2	1	245	1	244	5.49e-72	220
lcl|CP015118.1_prot_ARN21336.1_3223	iSDY_1059.SDY_2943	49.0	247	120	5	1	245	1	243	6.56e-69	212
lcl|CP015118.1_prot_ARN21336.1_3223	iYL1228.KPN_03106	47.8	247	123	5	4	248	1	243	8.46e-69	212
lcl|CP015118.1_prot_ARN21336.1_3223	STM_v1_0.STM2927	47.6	246	125	3	1	245	1	243	1.86e-68	211
lcl|CP015118.1_prot_ARN21336.1_3223	iML1515.b2744	48.6	247	121	5	1	245	1	243	5.29e-68	210
lcl|CP015118.1_prot_ARN21336.1_3223	iSbBS512_1146.SbBS512_E3130	48.6	247	121	5	1	245	1	243	5.29e-68	210
lcl|CP015118.1_prot_ARN21336.1_3223	iSSON_1240.SSON_2892	48.6	247	121	5	1	245	1	243	5.29e-68	210
lcl|CP015118.1_prot_ARN21336.1_3223	iPC815.YPO3358	46.3	246	128	3	1	245	2	244	7.09e-66	204
lcl|CP015118.1_prot_ARN21336.1_3223	iSF_1195.SF2767	47.8	247	123	5	1	245	1	243	1.95e-65	203
lcl|CP015118.1_prot_ARN21337.1_3224	iEK1008.Rv3141	36.2	301	187	4	24	322	22	319	3.05e-50	169
lcl|CP015118.1_prot_ARN21337.1_3224	iEK1008.Rv3777	34.5	316	201	4	13	323	13	327	4.73e-46	158
lcl|CP015118.1_prot_ARN21337.1_3224	iJN1463.PP_0072	37.7	313	193	2	11	322	12	323	3.60e-44	153
lcl|CP015118.1_prot_ARN21340.1_3227	iYS854.USA300HOU_RS07595	36.4	343	213	4	15	356	2	340	1.14e-63	215
lcl|CP015118.1_prot_ARN21344.1_3231	iJN1463.PP_2805	49.4	476	239	1	9	482	13	488	1.64e-160	464
lcl|CP015118.1_prot_ARN21344.1_3231	iCN718.ABAYE_RS02690	46.4	489	257	4	6	490	3	490	1.33e-156	454
lcl|CP015118.1_prot_ARN23918.1_3234	iSynCJ816.SGL_RS16080	30.6	108	67	1	7	114	14	113	5.36e-09	53.1
lcl|CP015118.1_prot_ARN21347.1_3235	iJN1463.PP_0586	61.1	723	264	8	10	720	73	790	1.23e-254	724
lcl|CP015118.1_prot_ARN21349.1_3237	iML1515.b0465	35.3	269	168	1	455	717	832	1100	6.02e-42	164
lcl|CP015118.1_prot_ARN21353.1_3242	iJN1463.PP_5258	68.4	494	152	3	8	499	5	496	4.12e-232	646
lcl|CP015118.1_prot_ARN21353.1_3242	iEK1008.Rv3293	65.2	492	162	4	11	498	7	493	2.19e-207	583
lcl|CP015118.1_prot_ARN21355.1_3244	iYL1228.KPN_04585	23.4	175	118	4	151	311	110	282	5.90e-06	47.4
lcl|CP015118.1_prot_ARN21355.1_3244	STM_v1_0.STM4382	22.9	175	119	4	151	311	110	282	2.45e-05	45.4
lcl|CP015118.1_prot_ARN21355.1_3244	iML1515.b4192	22.3	175	120	4	151	311	110	282	4.33e-05	44.7
lcl|CP015118.1_prot_ARN21355.1_3244	iSbBS512_1146.SbBS512_E4722	22.3	175	120	4	151	311	110	282	4.33e-05	44.7
lcl|CP015118.1_prot_ARN21355.1_3244	iSDY_1059.SDY_4361	22.3	175	120	4	151	311	87	259	4.10e-05	44.7
lcl|CP015118.1_prot_ARN21355.1_3244	iSF_1195.SF4347	22.3	175	120	4	151	311	112	284	4.35e-05	44.7
lcl|CP015118.1_prot_ARN21355.1_3244	iSSON_1240.SSON_4374	22.3	175	120	4	151	311	112	284	4.35e-05	44.7
lcl|CP015118.1_prot_ARN21356.1_3245	iJN1463.PP_2459	55.2	134	55	3	1	131	1	132	3.65e-35	117
lcl|CP015118.1_prot_ARN21356.1_3245	iML1515.b3748	43.9	139	70	1	1	131	1	139	6.77e-32	109
lcl|CP015118.1_prot_ARN21356.1_3245	iYL1228.KPN_04153	44.6	139	69	1	1	131	1	139	6.77e-32	109
lcl|CP015118.1_prot_ARN21356.1_3245	STM_v1_0.STM3881	44.6	139	69	1	1	131	1	139	6.77e-32	109
lcl|CP015118.1_prot_ARN21356.1_3245	iPC815.YPO0007	44.6	139	69	1	1	131	1	139	9.60e-32	109
lcl|CP015118.1_prot_ARN23920.1_3246	iYL1228.KPN_04157	48.0	294	148	2	1	290	10	302	2.99e-67	211
lcl|CP015118.1_prot_ARN23920.1_3246	iSF_1195.SF3835	47.3	294	150	2	1	290	14	306	3.37e-64	204
lcl|CP015118.1_prot_ARN23920.1_3246	iJN1463.PP_2458	49.0	296	143	6	1	290	7	300	3.37e-64	203
lcl|CP015118.1_prot_ARN23920.1_3246	iML1515.b3752	47.3	294	150	2	1	290	9	301	5.83e-64	203
lcl|CP015118.1_prot_ARN23920.1_3246	STM_v1_0.STM3885	47.6	294	149	2	1	290	9	301	5.83e-64	203
lcl|CP015118.1_prot_ARN23920.1_3246	iSbBS512_1146.SbBS512_E4167	47.3	294	150	2	1	290	9	301	5.83e-64	203
lcl|CP015118.1_prot_ARN23920.1_3246	iSSON_1240.SSON_3922	47.3	294	150	2	1	290	9	301	5.83e-64	203
lcl|CP015118.1_prot_ARN23920.1_3246	iPC815.YPO0008	45.6	294	155	2	1	290	8	300	2.00e-61	196
lcl|CP015118.1_prot_ARN23920.1_3246	iSDY_1059.SDY_3995	46.8	293	151	2	1	289	9	300	2.91e-61	196
lcl|CP015118.1_prot_ARN21357.1_3247	iYO844.BSU35960	29.1	285	175	9	56	327	34	304	8.15e-19	85.1
lcl|CP015118.1_prot_ARN21357.1_3247	iYL1228.KPN_04156	29.0	262	163	8	49	296	14	266	1.65e-17	81.3
lcl|CP015118.1_prot_ARN21357.1_3247	STM_v1_0.STM3884	29.2	236	147	7	49	273	14	240	6.74e-16	76.6
lcl|CP015118.1_prot_ARN21358.1_3248	iJN1463.PP_2456	45.5	303	160	2	28	330	28	325	6.29e-69	218
lcl|CP015118.1_prot_ARN21358.1_3248	iPC815.YPO2499	44.3	300	162	2	31	330	36	330	5.40e-67	213
lcl|CP015118.1_prot_ARN21358.1_3248	iYL1228.KPN_04155	43.0	314	168	5	17	325	10	317	1.85e-65	209
lcl|CP015118.1_prot_ARN21358.1_3248	iML1515.b3750	42.0	314	171	5	17	325	10	317	2.90e-64	206
lcl|CP015118.1_prot_ARN21358.1_3248	STM_v1_0.STM3883	42.4	314	170	5	17	325	10	317	2.29e-63	203
lcl|CP015118.1_prot_ARN21358.1_3248	iHN637.CLJU_RS00625	42.8	311	170	3	23	332	18	321	1.50e-61	199
lcl|CP015118.1_prot_ARN21358.1_3248	iNF517.LLMG_RS04065	40.3	303	172	3	31	330	15	311	2.25e-61	198
lcl|CP015118.1_prot_ARN21359.1_3249	iJN1463.PP_2455	46.5	486	252	5	26	509	31	510	2.83e-127	381
lcl|CP015118.1_prot_ARN21359.1_3249	iLJ478.TM0956	42.6	498	274	5	11	500	13	506	2.77e-121	365
lcl|CP015118.1_prot_ARN21359.1_3249	iHN637.CLJU_RS00620	40.2	492	286	5	11	500	6	491	1.49e-120	363
lcl|CP015118.1_prot_ARN21359.1_3249	iLJ478.TM0115	42.4	486	260	7	11	486	15	490	4.49e-119	360
lcl|CP015118.1_prot_ARN21359.1_3249	iYO844.BSU35940	42.3	480	267	6	26	503	18	489	2.78e-119	359
lcl|CP015118.1_prot_ARN21359.1_3249	iML1515.b4485	42.6	493	273	5	11	500	10	495	1.37e-118	358
lcl|CP015118.1_prot_ARN21359.1_3249	iNF517.LLMG_RS04060	41.0	493	284	3	11	503	3	488	4.27e-118	356
lcl|CP015118.1_prot_ARN21359.1_3249	iSSON_1240.SSON_4410	42.8	493	272	5	11	500	10	495	5.46e-118	356
lcl|CP015118.1_prot_ARN21359.1_3249	iSF_1195.SF4262	42.8	493	272	5	11	500	10	495	1.54e-117	355
lcl|CP015118.1_prot_ARN21359.1_3249	STM_v1_0.STM3882	40.9	501	286	5	11	509	5	497	6.31e-117	353
lcl|CP015118.1_prot_ARN21359.1_3249	iML1515.b3749	40.5	501	288	5	11	509	5	497	2.51e-116	352
lcl|CP015118.1_prot_ARN21359.1_3249	iYL1228.KPN_04623	42.0	493	276	5	11	500	10	495	5.44e-115	348
lcl|CP015118.1_prot_ARN21359.1_3249	iYL1228.KPN_04154	40.3	501	289	5	11	509	5	497	7.92e-115	348
lcl|CP015118.1_prot_ARN21359.1_3249	iPC815.YPO2256	40.2	500	290	6	6	503	15	507	6.09e-114	347
lcl|CP015118.1_prot_ARN21359.1_3249	iSbBS512_1146.SbBS512_E1024	40.3	506	293	6	9	512	6	504	9.70e-114	345
lcl|CP015118.1_prot_ARN21359.1_3249	iML1515.b1900	40.3	506	293	6	9	512	6	504	1.93e-113	345
lcl|CP015118.1_prot_ARN21359.1_3249	iML1515.b2149	39.1	494	295	4	11	503	14	502	2.90e-113	344
lcl|CP015118.1_prot_ARN21359.1_3249	iSDY_1059.SDY_1121	40.3	506	293	6	9	512	6	504	2.73e-113	344
lcl|CP015118.1_prot_ARN21359.1_3249	iSF_1195.SF2234	39.1	494	295	4	11	503	14	502	2.90e-113	344
lcl|CP015118.1_prot_ARN21359.1_3249	iSSON_1240.SSON_2205	39.1	494	295	4	11	503	14	502	2.90e-113	344
lcl|CP015118.1_prot_ARN21359.1_3249	iPC815.YPO0958	40.0	493	286	6	10	500	5	489	4.68e-113	343
lcl|CP015118.1_prot_ARN21359.1_3249	iSSON_1240.SSON_1218	40.1	506	294	6	9	512	6	504	7.68e-113	343
lcl|CP015118.1_prot_ARN21360.1_3250	iJN1463.PP_2454	45.3	311	162	5	9	314	11	318	5.73e-79	243
lcl|CP015118.1_prot_ARN21362.1_3252	iEK1008.Rv1715	38.7	287	162	3	6	292	9	281	7.50e-47	159
lcl|CP015118.1_prot_ARN21366.1_3256	iML1515.b2221	54.1	207	95	0	6	212	8	214	3.02e-75	226
lcl|CP015118.1_prot_ARN21366.1_3256	iSSON_1240.SSON_2280	54.1	207	95	0	6	212	8	214	3.02e-75	226
lcl|CP015118.1_prot_ARN21366.1_3256	iCN900.CD630_26770	52.1	211	101	0	2	212	3	213	3.79e-68	207
lcl|CP015118.1_prot_ARN21367.1_3257	iCN900.CD630_26780	54.3	210	96	0	1	210	4	213	5.08e-77	230
lcl|CP015118.1_prot_ARN21367.1_3257	iML1515.b2222	55.5	211	90	2	1	210	1	208	1.23e-76	229
lcl|CP015118.1_prot_ARN21367.1_3257	iSSON_1240.SSON_2281	55.0	211	91	2	1	210	1	208	1.00e-75	227
lcl|CP015118.1_prot_ARN21367.1_3257	iEK1008.Rv2503c	58.8	199	81	1	8	205	12	210	1.52e-75	226
lcl|CP015118.1_prot_ARN21367.1_3257	iAF987.Gmet_3297	56.4	211	91	1	7	216	8	218	1.23e-74	224
lcl|CP015118.1_prot_ARN21367.1_3257	iJN1463.PP_3123	55.3	208	92	1	8	214	9	216	5.38e-71	215
lcl|CP015118.1_prot_ARN21367.1_3257	iYO844.BSU38980	52.1	211	100	1	2	211	3	213	4.10e-70	213
lcl|CP015118.1_prot_ARN21367.1_3257	iYL1228.KPN_02054	53.4	208	96	1	8	214	8	215	2.50e-69	211
lcl|CP015118.1_prot_ARN21367.1_3257	iIS312.TCDM_01578	56.0	216	93	2	2	216	273	487	4.66e-66	211
lcl|CP015118.1_prot_ARN21374.1_3264	STM_v1_0.STM1517	27.7	274	180	5	20	283	16	281	6.11e-19	84.7
lcl|CP015118.1_prot_ARN21374.1_3264	iYL1228.KPN_01622	28.7	279	171	6	20	283	15	280	2.66e-17	80.1
lcl|CP015118.1_prot_ARN21375.1_3265	iML1515.b1912	45.5	191	91	4	1	187	1	182	3.66e-43	142
lcl|CP015118.1_prot_ARN21375.1_3265	iSbBS512_1146.SbBS512_E1039	45.5	191	91	4	1	187	1	182	3.66e-43	142
lcl|CP015118.1_prot_ARN21375.1_3265	iSDY_1059.SDY_1106	45.5	191	91	4	1	187	1	182	3.66e-43	142
lcl|CP015118.1_prot_ARN21375.1_3265	iSF_1195.SF1955	45.5	191	91	4	1	187	1	182	3.66e-43	142
lcl|CP015118.1_prot_ARN21375.1_3265	iSSON_1240.SSON_1206	45.5	191	91	4	1	187	1	182	3.66e-43	142
lcl|CP015118.1_prot_ARN21375.1_3265	iCN718.ABAYE_RS17215	45.8	192	90	3	4	186	8	194	1.07e-42	141
lcl|CP015118.1_prot_ARN21375.1_3265	STM_v1_0.STM1945	44.5	191	93	4	1	187	1	182	1.47e-42	140
lcl|CP015118.1_prot_ARN21375.1_3265	iJN1463.PP_4097	47.6	185	90	3	4	186	2	181	1.88e-41	137
lcl|CP015118.1_prot_ARN21375.1_3265	iYL1228.KPN_02410	44.0	191	94	4	1	187	1	182	1.52e-39	132
lcl|CP015118.1_prot_ARN21375.1_3265	iPC815.YPO1867	46.3	190	89	4	1	186	1	181	3.05e-39	132
lcl|CP015118.1_prot_ARN21382.1_3272	iML1515.b2914	66.4	217	73	0	1	217	1	217	4.97e-94	273
lcl|CP015118.1_prot_ARN21382.1_3272	iSbBS512_1146.SbBS512_E3334	66.4	217	73	0	1	217	1	217	4.97e-94	273
lcl|CP015118.1_prot_ARN21382.1_3272	iSDY_1059.SDY_3168	66.4	217	73	0	1	217	1	217	4.97e-94	273
lcl|CP015118.1_prot_ARN21382.1_3272	iSF_1195.SF2899	66.4	217	73	0	1	217	1	217	4.97e-94	273
lcl|CP015118.1_prot_ARN21382.1_3272	iSSON_1240.SSON_3066	66.4	217	73	0	1	217	1	217	4.97e-94	273
lcl|CP015118.1_prot_ARN21382.1_3272	iYL1228.KPN_03349	65.9	217	74	0	1	217	1	217	2.02e-93	272
lcl|CP015118.1_prot_ARN21382.1_3272	STM_v1_0.STM3063	65.4	217	75	0	1	217	1	217	3.32e-92	269
lcl|CP015118.1_prot_ARN21382.1_3272	iPC815.YPO0915	62.2	217	82	0	1	217	1	217	2.21e-85	251
lcl|CP015118.1_prot_ARN21383.1_3273	iJN1463.PP_2095	53.7	337	152	1	6	342	2	334	6.90e-124	359
lcl|CP015118.1_prot_ARN21383.1_3273	iCN718.ABAYE_RS06810	53.7	337	149	3	6	342	3	332	4.28e-121	352
lcl|CP015118.1_prot_ARN21383.1_3273	iYL1228.KPN_00974	53.9	334	150	1	6	339	3	332	1.22e-118	345
lcl|CP015118.1_prot_ARN21383.1_3273	iPC815.YPO1415	53.3	334	152	1	6	339	3	332	5.65e-117	341
lcl|CP015118.1_prot_ARN21383.1_3273	STM_v1_0.STM1058	53.3	334	152	1	6	339	3	332	1.30e-115	338
lcl|CP015118.1_prot_ARN21383.1_3273	iSDY_1059.SDY_0918	52.4	334	155	1	6	339	3	332	2.62e-115	337
lcl|CP015118.1_prot_ARN21383.1_3273	iML1515.b0945	52.4	334	155	1	6	339	3	332	3.71e-115	337
lcl|CP015118.1_prot_ARN21383.1_3273	iSbBS512_1146.SbBS512_E2372	52.4	334	155	1	6	339	3	332	3.71e-115	337
lcl|CP015118.1_prot_ARN21383.1_3273	iSF_1195.SF0946	52.4	334	155	1	6	339	3	332	3.71e-115	337
lcl|CP015118.1_prot_ARN21383.1_3273	iSSON_1240.SSON_0949	52.4	334	155	1	6	339	3	332	3.71e-115	337
lcl|CP015118.1_prot_ARN21384.1_3274	iAF987.Gmet_3078	40.2	381	209	6	84	462	33	396	1.05e-85	268
lcl|CP015118.1_prot_ARN21384.1_3274	iAF987.Gmet_0065	36.8	391	224	4	74	462	108	477	3.21e-75	243
lcl|CP015118.1_prot_ARN21386.1_3276	iAF692.Mbar_A2583	33.2	196	130	1	15	209	10	205	7.43e-29	107
lcl|CP015118.1_prot_ARN21387.1_3277	iCN718.ABAYE_RS09815	69.9	209	59	2	1	209	1	205	1.09e-101	292
lcl|CP015118.1_prot_ARN21387.1_3277	iEK1008.Rv2503c	63.8	210	72	2	3	212	6	211	2.45e-92	269
lcl|CP015118.1_prot_ARN21388.1_3278	iCN718.ABAYE_RS09810	71.6	229	65	0	1	229	1	229	6.50e-117	333
lcl|CP015118.1_prot_ARN21390.1_3280	iML1515.b1985	25.0	420	310	2	19	433	45	464	1.52e-26	111
lcl|CP015118.1_prot_ARN21391.1_3281	iMM1415.18453	35.8	81	47	2	25	101	47	126	4.54e-07	46.2
lcl|CP015118.1_prot_ARN21391.1_3281	iYS854.USA300HOU_RS05725	33.3	84	55	1	21	103	17	100	8.32e-08	46.2
lcl|CP015118.1_prot_ARN21391.1_3281	iIT341.HP0824	33.8	71	46	1	22	91	19	89	1.22e-07	45.8
lcl|CP015118.1_prot_ARN21391.1_3281	iAF692.Mbar_A2310	31.0	84	53	2	23	103	3	84	1.67e-07	45.1
lcl|CP015118.1_prot_ARN21391.1_3281	iCHOv1.100689433	35.9	64	37	1	25	84	20	83	1.57e-06	44.7
lcl|CP015118.1_prot_ARN21391.1_3281	iPC815.YPO3868	38.0	79	44	2	16	91	16	92	3.50e-07	44.7
lcl|CP015118.1_prot_ARN21391.1_3281	iJN1463.PP_5069	30.7	88	60	1	3	89	38	125	1.21e-06	43.9
lcl|CP015118.1_prot_ARN21391.1_3281	iML1515.b2582	30.3	66	45	1	23	87	54	119	1.58e-06	43.5
lcl|CP015118.1_prot_ARN21391.1_3281	iSbBS512_1146.SbBS512_E2954	30.3	66	45	1	23	87	54	119	1.58e-06	43.5
lcl|CP015118.1_prot_ARN21391.1_3281	iSDY_1059.SDY_2825	30.3	66	45	1	23	87	54	119	1.58e-06	43.5
lcl|CP015118.1_prot_ARN21391.1_3281	iSF_1195.SF2644	30.3	66	45	1	23	87	54	119	1.58e-06	43.5
lcl|CP015118.1_prot_ARN21391.1_3281	iSSON_1240.SSON_2708	30.3	66	45	1	23	87	54	119	1.58e-06	43.5
lcl|CP015118.1_prot_ARN21391.1_3281	STM_v1_0.STM2649	30.3	66	45	1	23	87	54	119	3.08e-06	42.7
lcl|CP015118.1_prot_ARN21391.1_3281	iPC815.YPO3270	30.3	66	45	1	23	87	54	119	4.63e-06	42.4
lcl|CP015118.1_prot_ARN21395.1_3285	iAF987.Gmet_0043	26.5	268	173	7	548	795	3	266	3.70e-11	66.2
lcl|CP015118.1_prot_ARN21397.1_3287	iJN1463.PP_2794	43.8	251	129	2	7	257	11	249	5.82e-59	187
lcl|CP015118.1_prot_ARN21398.1_3288	iJN1463.PP_4203	58.9	557	216	7	13	561	9	560	1.22e-231	650
lcl|CP015118.1_prot_ARN21398.1_3288	iCHOv1.100763190	55.5	560	232	7	13	561	64	617	3.70e-215	610
lcl|CP015118.1_prot_ARN21398.1_3288	iMM1415.66841	55.2	560	234	7	13	561	63	616	8.24e-214	607
lcl|CP015118.1_prot_ARN21398.1_3288	iAT_PLT_636.2110	54.8	560	236	7	13	561	64	617	1.21e-213	606
lcl|CP015118.1_prot_ARN21399.1_3289	iLJ478.TM0024	28.4	225	128	9	266	476	252	457	9.31e-22	98.2
lcl|CP015118.1_prot_ARN23921.1_3290	iJN1463.PP_0986	63.1	369	134	2	7	373	5	373	8.49e-157	445
lcl|CP015118.1_prot_ARN21400.1_3291	STM_v1_0.STM3054	55.5	119	53	0	5	123	10	128	2.66e-42	135
lcl|CP015118.1_prot_ARN21400.1_3291	iML1515.b2904	55.5	119	53	0	5	123	10	128	5.36e-42	134
lcl|CP015118.1_prot_ARN21400.1_3291	iSbBS512_1146.SbBS512_E3325	55.5	119	53	0	5	123	10	128	5.36e-42	134
lcl|CP015118.1_prot_ARN21400.1_3291	iSF_1195.SF2890	55.5	119	53	0	5	123	10	128	5.36e-42	134
lcl|CP015118.1_prot_ARN21400.1_3291	iSSON_1240.SSON_3057	55.5	119	53	0	5	123	10	128	5.36e-42	134
lcl|CP015118.1_prot_ARN21400.1_3291	iYL1228.KPN_03340	55.5	119	53	0	5	123	10	128	1.53e-41	133
lcl|CP015118.1_prot_ARN21400.1_3291	iSDY_1059.SDY_3177	54.6	119	54	0	5	123	10	128	2.17e-41	133
lcl|CP015118.1_prot_ARN23922.1_3292	iJN1463.PP_0988	61.9	958	352	5	10	965	5	951	0.0	1155
lcl|CP015118.1_prot_ARN23922.1_3292	STM_v1_0.STM3053	58.4	961	386	7	7	962	5	956	0.0	1072
lcl|CP015118.1_prot_ARN23922.1_3292	iPC815.YPO0905	57.8	962	394	6	7	963	5	959	0.0	1066
lcl|CP015118.1_prot_ARN23922.1_3292	iJN1463.PP_5192	57.2	967	398	6	1	962	1	956	0.0	1061
lcl|CP015118.1_prot_ARN23922.1_3292	iSDY_1059.SDY_3178	57.8	961	392	7	7	962	5	956	0.0	1060
lcl|CP015118.1_prot_ARN23922.1_3292	iML1515.b2903	57.6	961	393	7	7	962	5	956	0.0	1058
lcl|CP015118.1_prot_ARN23922.1_3292	iSbBS512_1146.SbBS512_E3324	57.6	961	393	7	7	962	5	956	0.0	1058
lcl|CP015118.1_prot_ARN23922.1_3292	iYL1228.KPN_03339	58.0	961	390	7	7	962	5	956	0.0	1056
lcl|CP015118.1_prot_ARN23922.1_3292	iSSON_1240.SSON_3056	57.5	961	394	7	7	962	5	956	0.0	1056
lcl|CP015118.1_prot_ARN23922.1_3292	iSF_1195.SF2889	57.4	961	395	7	7	962	5	956	0.0	1054
lcl|CP015118.1_prot_ARN23922.1_3292	iSynCJ816.SGL_RS11955	57.5	956	395	5	13	962	30	980	0.0	1040
lcl|CP015118.1_prot_ARN21401.1_3293	iCHOv1.100765125	25.5	216	129	7	57	249	148	354	3.07e-09	57.0
lcl|CP015118.1_prot_ARN21402.1_3294	iEK1008.Rv0132c	28.4	190	114	7	38	215	55	234	1.05e-04	43.1
lcl|CP015118.1_prot_ARN21403.1_3295	iYO844.BSU01580	40.4	473	272	3	3	474	12	475	8.46e-110	333
lcl|CP015118.1_prot_ARN21406.1_3298	iPC815.YPO3831	38.7	212	122	4	1	211	1	205	7.70e-37	127
lcl|CP015118.1_prot_ARN21406.1_3298	iML1515.b3824	36.4	209	127	2	1	209	1	203	2.33e-32	115
lcl|CP015118.1_prot_ARN21406.1_3298	iSbBS512_1146.SbBS512_E4291	36.4	209	127	2	1	209	1	203	2.33e-32	115
lcl|CP015118.1_prot_ARN21407.1_3299	iJN1463.PP_0072	43.9	326	179	3	4	327	2	325	6.03e-80	246
lcl|CP015118.1_prot_ARN21407.1_3299	iJN1463.PP_3606	43.8	322	180	1	4	325	2	322	3.06e-71	223
lcl|CP015118.1_prot_ARN21423.1_3315	iAF987.Gmet_1092	33.3	213	126	2	58	259	55	262	4.49e-31	117
lcl|CP015118.1_prot_ARN21427.1_3319	iAF987.Gmet_1919	30.8	120	74	3	1	118	1	113	1.25e-05	45.4
lcl|CP015118.1_prot_ARN21427.1_3319	iAF987.Gmet_2999	31.3	83	51	3	36	115	38	117	3.05e-05	44.3
lcl|CP015118.1_prot_ARN21430.1_3323	iYO844.BSU30420	44.8	203	112	0	22	224	22	224	1.26e-53	171
lcl|CP015118.1_prot_ARN21430.1_3323	iJN1463.PP_4210	42.7	218	123	2	5	221	5	221	6.87e-50	171
lcl|CP015118.1_prot_ARN21430.1_3323	iCN900.CD630_19470	37.7	220	137	0	2	221	6	225	2.10e-51	166
lcl|CP015118.1_prot_ARN21430.1_3323	iEK1008.Rv0073	41.8	213	123	1	6	218	4	215	2.51e-46	155
lcl|CP015118.1_prot_ARN21430.1_3323	iJN1463.PP_0220	40.5	222	128	3	1	221	28	246	8.65e-46	155
lcl|CP015118.1_prot_ARN21431.1_3324	iYO844.BSU30410	32.7	104	64	2	252	355	278	375	1.99e-05	46.2
lcl|CP015118.1_prot_ARN21434.1_3327	iAF987.Gmet_0058	54.5	583	225	7	17	598	10	553	1.66e-217	615
lcl|CP015118.1_prot_ARN21434.1_3327	iCN718.ABAYE_RS07660	52.0	581	233	8	17	595	34	570	6.22e-208	592
lcl|CP015118.1_prot_ARN21434.1_3327	iYL1228.KPN_00701	52.0	587	242	7	11	596	4	551	1.02e-206	588
lcl|CP015118.1_prot_ARN21434.1_3327	iPC815.YPO2630	52.0	588	243	6	11	598	4	552	1.17e-205	585
lcl|CP015118.1_prot_ARN21434.1_3327	STM_v1_0.STM0686	51.9	586	244	6	11	596	4	551	1.65e-205	585
lcl|CP015118.1_prot_ARN21434.1_3327	iSF_1195.SF0613	51.9	586	243	6	11	596	4	550	4.55e-205	583
lcl|CP015118.1_prot_ARN21434.1_3327	iSbBS512_1146.SbBS512_E0570	51.7	586	244	6	11	596	4	550	9.14e-205	583
lcl|CP015118.1_prot_ARN21434.1_3327	iSSON_1240.SSON_0634	51.7	586	244	6	11	596	4	550	1.29e-204	582
lcl|CP015118.1_prot_ARN21434.1_3327	iSDY_1059.SDY_0614	51.7	586	244	6	11	596	4	550	1.84e-204	582
lcl|CP015118.1_prot_ARN21434.1_3327	iJN1463.PP_2904	52.1	591	241	9	10	597	16	567	1.16e-203	580
lcl|CP015118.1_prot_ARN21437.1_3330	iSynCJ816.SGL_RS11810	23.4	364	242	12	32	373	55	403	2.04e-11	64.7
lcl|CP015118.1_prot_ARN21437.1_3330	iAF987.Gmet_1823	26.3	167	116	2	15	181	16	175	1.70e-10	61.6
lcl|CP015118.1_prot_ARN23924.1_3332	iAF987.Gmet_2161	41.0	117	62	3	20	130	475	590	6.78e-18	78.2
lcl|CP015118.1_prot_ARN21440.1_3334	iJN1463.PP_5084	38.8	735	397	7	45	733	35	762	1.81e-162	491
lcl|CP015118.1_prot_ARN21440.1_3334	STM_v1_0.STM3493	36.4	807	407	8	45	758	42	835	6.70e-153	468
lcl|CP015118.1_prot_ARN21440.1_3334	iML1515.b3396	36.8	801	412	8	45	758	34	827	1.27e-150	461
lcl|CP015118.1_prot_ARN21440.1_3334	iPC815.YPO0145	37.6	776	390	7	45	733	34	802	5.11e-150	460
lcl|CP015118.1_prot_ARN21440.1_3334	iSDY_1059.SDY_3682	36.7	801	413	8	45	758	42	835	1.22e-149	459
lcl|CP015118.1_prot_ARN21440.1_3334	iSbBS512_1146.SbBS512_E3773	36.7	801	413	8	45	758	34	827	1.95e-149	458
lcl|CP015118.1_prot_ARN21440.1_3334	iSF_1195.SF3414	36.7	801	413	8	45	758	34	827	1.95e-149	458
lcl|CP015118.1_prot_ARN21440.1_3334	iSSON_1240.SSON_3527	36.5	801	415	8	45	758	42	835	6.73e-149	457
lcl|CP015118.1_prot_ARN21440.1_3334	iYL1228.KPN_03767	36.4	797	394	10	59	758	1	781	4.78e-148	453
lcl|CP015118.1_prot_ARN21441.1_3335	STM_v1_0.STM1303	47.8	372	180	7	29	392	26	391	9.90e-100	302
lcl|CP015118.1_prot_ARN21441.1_3335	iSSON_1240.SSON_1409	45.9	394	187	7	7	392	16	391	3.35e-97	295
lcl|CP015118.1_prot_ARN21441.1_3335	iSbBS512_1146.SbBS512_E1995	45.7	394	188	7	7	392	16	391	7.54e-96	292
lcl|CP015118.1_prot_ARN21441.1_3335	iML1515.b1748	45.7	394	188	7	7	392	16	391	1.51e-95	291
lcl|CP015118.1_prot_ARN21441.1_3335	iYL1228.KPN_01221	47.5	373	186	6	29	395	26	394	3.01e-95	290
lcl|CP015118.1_prot_ARN21441.1_3335	iPC815.YPO1962	44.6	372	196	5	25	387	24	394	3.43e-93	285
lcl|CP015118.1_prot_ARN21441.1_3335	iAF987.Gmet_0204	43.3	386	210	4	17	398	14	394	7.78e-91	279
lcl|CP015118.1_prot_ARN21441.1_3335	iYL1228.KPN_01493	42.8	397	206	7	7	398	16	396	2.33e-90	278
lcl|CP015118.1_prot_ARN21441.1_3335	iJN1463.PP_4481	44.4	374	202	5	29	398	29	400	3.82e-90	277
lcl|CP015118.1_prot_ARN21441.1_3335	iSynCJ816.SGL_RS04875	41.1	392	220	4	17	398	35	425	2.37e-88	273
lcl|CP015118.1_prot_ARN21441.1_3335	iLJ478.TM1785	39.7	385	228	2	17	400	3	384	2.56e-88	272
lcl|CP015118.1_prot_ARN21443.1_3337	iML1515.b3571	42.6	530	247	16	319	828	178	670	2.38e-118	374
lcl|CP015118.1_prot_ARN21443.1_3337	iSF_1195.SF3615	42.3	530	249	15	319	828	178	670	6.94e-117	370
lcl|CP015118.1_prot_ARN21443.1_3337	iSbBS512_1146.SbBS512_E3951	42.1	530	250	15	319	828	178	670	5.24e-116	368
lcl|CP015118.1_prot_ARN21443.1_3337	iYL1228.KPN_03935	41.8	526	257	15	319	828	178	670	6.00e-114	363
lcl|CP015118.1_prot_ARN21443.1_3337	iPC815.YPO4080	42.5	539	231	18	325	828	186	680	1.16e-112	360
lcl|CP015118.1_prot_ARN21443.1_3337	STM_v1_0.STM3664	42.1	501	242	12	325	810	183	650	6.62e-111	355
lcl|CP015118.1_prot_ARN21446.1_3342	iAF987.Gmet_0069	32.6	132	72	4	4	129	6	126	3.47e-10	58.5
lcl|CP015118.1_prot_ARN21446.1_3342	iAF987.Gmet_1919	28.0	125	81	1	3	127	5	120	1.91e-08	53.5
lcl|CP015118.1_prot_ARN21447.1_3344	iAM_Pf480.PF3D7_1454400	29.7	649	391	16	11	605	135	772	1.13e-61	218
lcl|CP015118.1_prot_ARN21447.1_3344	iAM_Pc455.PCYB_126090	27.8	647	391	15	6	588	3	637	7.30e-60	211
lcl|CP015118.1_prot_ARN21447.1_3344	iAM_Pv461.PVX_117760	27.8	668	403	16	7	605	156	813	3.58e-58	208
lcl|CP015118.1_prot_ARN21447.1_3344	iAM_Pb448.PBANKA_131810	35.5	425	237	8	196	590	334	751	3.65e-56	202
lcl|CP015118.1_prot_ARN21450.1_3347	iYO844.BSU29710	34.1	229	120	8	46	252	52	271	1.39e-22	96.3
lcl|CP015118.1_prot_ARN21451.1_3348	iJN1463.PP_4490	47.8	226	116	2	31	256	15	238	2.63e-73	225
lcl|CP015118.1_prot_ARN21452.1_3349	iAF987.Gmet_0798	31.6	209	136	4	1	205	1	206	1.35e-19	82.4
lcl|CP015118.1_prot_ARN21452.1_3349	iPC815.YPO3831	30.2	192	130	2	16	205	16	205	3.69e-19	81.3
lcl|CP015118.1_prot_ARN21452.1_3349	STM_v1_0.STM3960	29.1	179	123	2	16	192	16	192	7.21e-19	80.5
lcl|CP015118.1_prot_ARN21452.1_3349	iML1515.b3824	25.5	192	143	0	1	192	1	192	3.93e-17	75.9
lcl|CP015118.1_prot_ARN21452.1_3349	iYL1228.KPN_04320	26.6	177	130	0	16	192	16	192	3.93e-17	75.9
lcl|CP015118.1_prot_ARN21452.1_3349	iSbBS512_1146.SbBS512_E4291	25.5	192	143	0	1	192	1	192	3.93e-17	75.9
lcl|CP015118.1_prot_ARN21453.1_3350	iJN1463.PP_1494	38.1	315	187	2	6	312	16	330	2.91e-59	193
lcl|CP015118.1_prot_ARN21454.1_3351	STM_v1_0.STM2788	37.0	495	309	2	1	493	1	494	5.13e-101	312
lcl|CP015118.1_prot_ARN21454.1_3351	iJN1463.PP_1416	37.4	489	303	2	1	487	1	488	4.06e-93	291
lcl|CP015118.1_prot_ARN21456.1_3353	iJN1463.PP_1418	31.5	295	196	4	39	327	32	326	1.24e-31	120
lcl|CP015118.1_prot_ARN21456.1_3353	STM_v1_0.STM2786	30.6	294	199	4	39	327	32	325	2.36e-30	117
lcl|CP015118.1_prot_ARN21457.1_3354	iJN1463.PP_2112	42.1	909	469	11	1	854	7	913	9.21e-237	687
lcl|CP015118.1_prot_ARN21457.1_3354	iYL1228.KPN_01272	44.0	884	453	13	5	852	13	890	7.97e-235	682
lcl|CP015118.1_prot_ARN21457.1_3354	iCN718.ABAYE_RS16085	43.3	882	447	10	25	854	38	918	2.75e-234	681
lcl|CP015118.1_prot_ARN21457.1_3354	iYO844.BSU18000	43.0	877	443	12	24	853	41	907	2.92e-234	681
lcl|CP015118.1_prot_ARN21457.1_3354	STM_v1_0.STM1712	43.4	858	456	7	25	853	35	891	9.30e-234	679
lcl|CP015118.1_prot_ARN21457.1_3354	iSF_1195.SF1280	43.7	862	447	10	25	853	35	891	9.30e-234	679
lcl|CP015118.1_prot_ARN21457.1_3354	iML1515.b1276	43.4	862	450	9	25	853	35	891	1.05e-232	676
lcl|CP015118.1_prot_ARN21457.1_3354	iAF987.Gmet_1016	43.5	926	445	16	5	855	15	937	9.00e-232	676
lcl|CP015118.1_prot_ARN21457.1_3354	iSSON_1240.SSON_1864	43.3	862	451	9	25	853	35	891	1.19e-231	674
lcl|CP015118.1_prot_ARN21457.1_3354	iYS854.USA300HOU_RS06870	42.5	891	465	14	6	853	14	900	1.04e-229	669
lcl|CP015118.1_prot_ARN21457.1_3354	iPC815.YPO2221	43.3	870	454	12	16	852	27	890	6.59e-228	664
lcl|CP015118.1_prot_ARN21457.1_3354	iEK1008.Rv1475c	39.9	935	470	14	5	854	15	942	1.57e-222	652
lcl|CP015118.1_prot_ARN21457.1_3354	iMM1415.11428	41.7	894	458	18	4	851	11	887	9.30e-219	640
lcl|CP015118.1_prot_ARN21457.1_3354	iAT_PLT_636.48	41.7	890	464	16	4	851	11	887	1.48e-217	637
lcl|CP015118.1_prot_ARN21457.1_3354	iCHOv1.100766024	41.9	891	461	17	4	851	11	887	4.17e-217	636
lcl|CP015118.1_prot_ARN21457.1_3354	iAF692.Mbar_A0714	41.6	890	453	12	28	850	40	929	6.67e-216	635
lcl|CP015118.1_prot_ARN21457.1_3354	iIS312.TCDM_02343	41.9	859	458	12	24	850	43	892	2.58e-212	626
lcl|CP015118.1_prot_ARN21457.1_3354	iNF517.LLMG_RS03320	41.1	844	465	12	23	850	20	847	2.32e-211	620
lcl|CP015118.1_prot_ARN21460.1_3357	iLB1027_lipid.PHATRDRAFT_49601	50.1	399	171	4	3	375	56	452	7.19e-131	382
lcl|CP015118.1_prot_ARN21462.1_3359	iAF987.Gmet_0069	44.3	167	89	3	393	555	134	300	5.25e-30	119
lcl|CP015118.1_prot_ARN21462.1_3359	iAF987.Gmet_2425	44.2	163	85	3	397	555	183	343	1.76e-28	116
lcl|CP015118.1_prot_ARN21462.1_3359	iJN1463.PP_0129	44.5	155	82	2	404	555	488	641	1.06e-25	111
lcl|CP015118.1_prot_ARN21462.1_3359	iML1515.b1341	40.7	162	95	1	396	557	248	408	1.74e-25	108
lcl|CP015118.1_prot_ARN21468.1_3366	iEK1008.Rv0214	37.5	491	279	13	11	483	48	528	7.36e-96	300
lcl|CP015118.1_prot_ARN21469.1_3367	iLJ478.TM0800	24.2	302	210	5	14	311	16	302	4.90e-18	82.8
lcl|CP015118.1_prot_ARN21470.1_3368	iEK1008.Rv0134	27.4	288	188	8	15	295	18	291	1.66e-16	77.8
lcl|CP015118.1_prot_ARN21471.1_3369	iML1515.b1377	26.7	135	87	4	27	157	34	160	1.77e-06	48.9
lcl|CP015118.1_prot_ARN21471.1_3369	iSbBS512_1146.SbBS512_E1614	26.7	135	87	4	27	157	34	160	1.77e-06	48.9
lcl|CP015118.1_prot_ARN21471.1_3369	iSF_1195.SF1823	26.7	135	87	4	27	157	34	160	1.41e-06	48.9
lcl|CP015118.1_prot_ARN21471.1_3369	iSSON_1240.SSON_1748	26.7	135	87	4	27	157	34	160	1.77e-06	48.9
lcl|CP015118.1_prot_ARN21473.1_3371	STM_v1_0.STM3697	26.6	349	220	11	29	368	56	377	4.14e-25	105
lcl|CP015118.1_prot_ARN21473.1_3371	STM_v1_0.STM3828	27.1	351	233	10	34	372	14	353	3.70e-23	99.4
lcl|CP015118.1_prot_ARN21473.1_3371	iYL1228.KPN_04095	26.8	351	234	10	34	372	14	353	5.05e-23	99.0
lcl|CP015118.1_prot_ARN21474.1_3372	iML1515.b1487	25.0	519	333	14	25	525	23	503	3.15e-28	117
lcl|CP015118.1_prot_ARN21474.1_3372	iYL1228.KPN_00863	26.8	508	311	18	12	500	11	476	6.41e-26	110
lcl|CP015118.1_prot_ARN21474.1_3372	iSbBS512_1146.SbBS512_E1750	24.7	519	335	14	25	525	23	503	1.18e-25	110
lcl|CP015118.1_prot_ARN21474.1_3372	iSSON_1240.SSON_1637	24.7	519	335	14	25	525	23	503	2.85e-25	108
lcl|CP015118.1_prot_ARN23928.1_3373	iSSON_1240.SSON_1638	43.6	326	183	1	6	331	9	333	2.71e-78	242
lcl|CP015118.1_prot_ARN23928.1_3373	iML1515.b1486	43.6	326	183	1	6	331	9	333	5.41e-78	241
lcl|CP015118.1_prot_ARN23928.1_3373	iJN1463.PP_0881	41.5	330	190	2	5	333	6	333	4.85e-75	234
lcl|CP015118.1_prot_ARN23929.1_3374	iSSON_1240.SSON_1639	48.1	264	137	0	41	304	30	293	1.99e-79	243
lcl|CP015118.1_prot_ARN23929.1_3374	iML1515.b1485	47.7	264	138	0	41	304	30	293	2.26e-78	240
lcl|CP015118.1_prot_ARN23929.1_3374	iSbBS512_1146.SbBS512_E1748	47.7	264	134	1	41	304	30	289	1.82e-76	235
lcl|CP015118.1_prot_ARN23930.1_3375	iYO844.BSU12950	47.5	259	133	3	14	269	5	263	1.11e-71	223
lcl|CP015118.1_prot_ARN23930.1_3375	iLJ478.TM1749	43.2	264	148	2	14	275	5	268	9.22e-68	213
lcl|CP015118.1_prot_ARN23930.1_3375	iSbBS512_1146.SbBS512_E1747	42.5	280	158	3	10	286	2	281	5.19e-65	206
lcl|CP015118.1_prot_ARN23930.1_3375	iSDY_1059.SDY_1304	43.2	264	147	3	14	275	20	282	6.69e-65	206
lcl|CP015118.1_prot_ARN23930.1_3375	iSF_1195.SF1247	43.2	264	147	3	14	275	20	282	6.69e-65	206
lcl|CP015118.1_prot_ARN23930.1_3375	iSSON_1240.SSON_1934	43.2	264	147	3	14	275	20	282	6.69e-65	206
lcl|CP015118.1_prot_ARN23930.1_3375	iML1515.b1484	42.5	280	158	3	10	286	2	281	7.34e-65	206
lcl|CP015118.1_prot_ARN23930.1_3375	iSSON_1240.SSON_1640	42.1	280	159	3	10	286	2	281	7.34e-65	206
lcl|CP015118.1_prot_ARN23930.1_3375	iYL1228.KPN_02194	43.8	258	142	3	14	269	20	276	2.66e-64	204
lcl|CP015118.1_prot_ARN23930.1_3375	iML1515.b0829	44.5	263	138	3	14	268	13	275	2.27e-61	204
lcl|CP015118.1_prot_ARN23930.1_3375	iJN1463.PP_4150	46.7	257	134	3	14	267	7	263	4.37e-62	204
lcl|CP015118.1_prot_ARN23930.1_3375	STM_v1_0.STM1743	43.8	258	142	3	14	269	18	274	3.55e-64	204
lcl|CP015118.1_prot_ARN23930.1_3375	iSbBS512_1146.SbBS512_E1415	42.8	264	148	3	14	275	20	282	3.76e-64	204
lcl|CP015118.1_prot_ARN23930.1_3375	iSbBS512_1146.SbBS512_E2519	44.5	263	138	3	14	268	13	275	3.16e-61	204
lcl|CP015118.1_prot_ARN23930.1_3375	iSSON_1240.SSON_0811	44.5	263	138	3	14	268	2	264	2.63e-61	204
lcl|CP015118.1_prot_ARN23930.1_3375	iSDY_1059.SDY_0758	44.9	263	137	4	14	268	2	264	3.67e-61	203
lcl|CP015118.1_prot_ARN23930.1_3375	iML1515.b1246	42.8	264	148	3	14	275	20	282	1.06e-63	203
lcl|CP015118.1_prot_ARN21475.1_3376	iLJ478.TM1063	47.3	237	111	4	21	244	29	264	4.98e-63	200
lcl|CP015118.1_prot_ARN21475.1_3376	iLJ478.TM0057	45.2	241	121	5	21	251	28	267	5.75e-61	195
lcl|CP015118.1_prot_ARN21475.1_3376	STM_v1_0.STM0848	45.9	229	115	4	23	244	340	566	2.72e-56	189
lcl|CP015118.1_prot_ARN21475.1_3376	iSDY_1059.SDY_4563	45.0	240	119	5	21	251	36	271	2.01e-57	186
lcl|CP015118.1_prot_ARN21475.1_3376	iYL1228.KPN_00862	45.0	229	117	4	23	244	337	563	9.88e-55	185
lcl|CP015118.1_prot_ARN21475.1_3376	iSF_1195.SF0779	44.5	229	118	4	23	244	329	555	1.24e-54	185
lcl|CP015118.1_prot_ARN21475.1_3376	iML1515.b3540	45.0	240	119	5	21	251	36	271	5.66e-57	184
lcl|CP015118.1_prot_ARN21475.1_3376	iML1515.b0829	44.5	229	118	4	23	244	340	566	2.03e-54	184
lcl|CP015118.1_prot_ARN21475.1_3376	iYL1228.KPN_03895	44.6	240	120	4	21	251	36	271	6.13e-57	184
lcl|CP015118.1_prot_ARN21475.1_3376	iSbBS512_1146.SbBS512_E2519	44.5	229	118	4	23	244	340	566	2.03e-54	184
lcl|CP015118.1_prot_ARN21475.1_3376	iSF_1195.SF3575	45.0	240	119	5	21	251	36	271	5.66e-57	184
lcl|CP015118.1_prot_ARN21475.1_3376	iSSON_1240.SSON_3850	45.0	240	119	5	21	251	36	271	5.66e-57	184
lcl|CP015118.1_prot_ARN21475.1_3376	iSSON_1240.SSON_0811	44.5	229	118	4	23	244	329	555	1.73e-54	184
lcl|CP015118.1_prot_ARN21475.1_3376	iML1515.b1247	42.2	256	140	4	3	251	20	274	7.98e-57	184
lcl|CP015118.1_prot_ARN21475.1_3376	iSbBS512_1146.SbBS512_E1416	42.2	256	140	4	3	251	20	274	7.98e-57	184
lcl|CP015118.1_prot_ARN21475.1_3376	iSDY_1059.SDY_1305	42.2	256	140	4	3	251	20	274	7.98e-57	184
lcl|CP015118.1_prot_ARN21475.1_3376	iSDY_1059.SDY_0758	44.5	229	118	4	23	244	329	555	2.41e-54	184
lcl|CP015118.1_prot_ARN21475.1_3376	iSF_1195.SF1248	42.2	256	140	4	3	251	20	274	7.98e-57	184
lcl|CP015118.1_prot_ARN21475.1_3376	iPC815.YPO3999	44.3	237	125	3	21	251	57	292	1.49e-56	184
lcl|CP015118.1_prot_ARN21475.1_3376	iSSON_1240.SSON_1933	42.2	256	140	4	3	251	20	274	1.13e-56	184
lcl|CP015118.1_prot_ARN21475.1_3376	iLJ478.TM1750	40.1	247	141	3	4	244	14	259	9.60e-57	184
lcl|CP015118.1_prot_ARN21475.1_3376	iJN1463.PP_0878	43.5	255	134	6	3	251	13	263	2.30e-56	182
lcl|CP015118.1_prot_ARN21475.1_3376	STM_v1_0.STM3626	44.2	240	121	4	21	251	36	271	3.42e-56	182
lcl|CP015118.1_prot_ARN21475.1_3376	iJN1463.PP_4150	45.1	235	113	5	21	245	300	528	3.66e-54	182
lcl|CP015118.1_prot_ARN21475.1_3376	STM_v1_0.STM1742	41.4	256	142	4	3	251	20	274	4.46e-56	182
lcl|CP015118.1_prot_ARN21476.1_3377	iYS854.USA300HOU_RS13590	29.1	141	82	5	47	184	72	197	1.85e-10	60.1
lcl|CP015118.1_prot_ARN21476.1_3377	iCN900.CD630_03450	24.4	193	124	5	24	212	17	191	9.67e-09	55.5
lcl|CP015118.1_prot_ARN21481.1_3383	iML1515.b3253	50.0	326	157	3	3	327	2	322	4.62e-101	300
lcl|CP015118.1_prot_ARN21482.1_3384	iJN1463.PP_1167	30.5	430	283	8	9	435	5	421	2.47e-44	159
lcl|CP015118.1_prot_ARN21482.1_3384	STM_v1_0.STM3672	28.7	418	273	11	19	429	15	414	2.42e-43	157
lcl|CP015118.1_prot_ARN21482.1_3384	iML1515.b3578	27.7	433	280	11	8	429	4	414	1.72e-41	152
lcl|CP015118.1_prot_ARN21484.1_3386	iJN1463.PP_1169	23.5	289	186	11	50	322	49	318	2.06e-05	45.4
lcl|CP015118.1_prot_ARN21485.1_3387	iYL1228.KPN_03807	50.9	546	257	4	30	573	35	571	3.01e-178	515
lcl|CP015118.1_prot_ARN21485.1_3387	STM_v1_0.STM3551	50.7	546	258	4	30	573	43	579	1.58e-177	513
lcl|CP015118.1_prot_ARN21485.1_3387	iSDY_1059.SDY_3595	50.7	546	258	4	30	573	44	580	1.86e-176	511
lcl|CP015118.1_prot_ARN21485.1_3387	iSF_1195.SF3464	50.5	546	259	4	30	573	43	579	1.03e-175	509
lcl|CP015118.1_prot_ARN21485.1_3387	iML1515.b3447	50.4	546	260	4	30	573	43	579	4.12e-175	507
lcl|CP015118.1_prot_ARN21485.1_3387	iIT341.HP1118	48.6	545	272	5	25	566	26	565	2.16e-166	484
lcl|CP015118.1_prot_ARN21492.1_3394	iEK1008.Rv0386	36.9	409	222	10	128	523	186	571	1.99e-57	206
lcl|CP015118.1_prot_ARN21494.1_3396	iEK1008.Rv0386	39.4	360	194	6	118	471	178	519	4.37e-49	180
lcl|CP015118.1_prot_ARN21495.1_3397	iEK1008.Rv0386	34.4	427	255	8	3	422	195	603	1.85e-51	194
lcl|CP015118.1_prot_ARN23931.1_3399	iEK1008.Rv0134	27.8	291	191	10	17	296	10	292	1.15e-17	81.3
lcl|CP015118.1_prot_ARN23931.1_3399	iEK1008.Rv3569c	26.0	296	188	10	15	297	11	288	3.22e-16	77.0
lcl|CP015118.1_prot_ARN21497.1_3400	iEK1008.Rv0134	27.0	296	187	13	39	318	10	292	5.05e-17	79.7
lcl|CP015118.1_prot_ARN21497.1_3400	iEK1008.Rv3569c	27.8	291	181	11	41	319	15	288	1.15e-16	78.6
lcl|CP015118.1_prot_ARN21497.1_3400	iCHOv1.100761937	35.2	122	78	1	41	162	71	191	1.48e-14	73.2
lcl|CP015118.1_prot_ARN21500.1_3404	iEK1008.Rv0386	33.5	505	296	13	123	613	187	665	1.79e-52	199
lcl|CP015118.1_prot_ARN21502.1_3406	iEK1008.Rv0386	34.4	422	236	9	129	534	188	584	7.59e-58	216
lcl|CP015118.1_prot_ARN21505.1_3409	iCN900.CD630_04310	24.3	514	301	18	22	515	21	466	7.03e-22	98.6
lcl|CP015118.1_prot_A4W93_17270_3410	iYS854.USA300HOU_RS07595	21.4	351	250	9	18	362	9	339	3.57e-09	58.2
lcl|CP015118.1_prot_ARN21509.1_3414	iPC815.YPO3868	32.6	95	40	4	48	142	23	93	4.20e-09	51.2
lcl|CP015118.1_prot_ARN21509.1_3414	iAF692.Mbar_A2310	32.9	73	46	2	47	119	2	71	2.02e-08	48.9
lcl|CP015118.1_prot_ARN21509.1_3414	iYS854.USA300HOU_RS05725	27.3	110	56	3	42	151	13	98	2.86e-08	48.9
lcl|CP015118.1_prot_ARN21509.1_3414	iJN1463.PP_0510	30.0	100	46	4	47	146	27	102	1.61e-06	46.2
lcl|CP015118.1_prot_ARN21511.1_3417	iJN1463.PP_4235	41.7	568	284	10	32	592	26	553	1.09e-110	343
lcl|CP015118.1_prot_ARN21511.1_3417	iJN1463.PP_0561	39.5	582	306	13	30	603	38	581	4.43e-108	337
lcl|CP015118.1_prot_ARN21511.1_3417	iYL1228.KPN_04526	37.6	585	322	13	33	599	30	589	4.53e-98	311
lcl|CP015118.1_prot_ARN21511.1_3417	iSDY_1059.SDY_4441	37.3	571	312	13	32	599	29	556	1.44e-97	308
lcl|CP015118.1_prot_ARN23935.1_3423	iEK1008.Rv0858c	30.0	327	199	14	145	448	61	380	6.15e-19	88.2
lcl|CP015118.1_prot_ARN23935.1_3423	iAT_PLT_636.51166	27.3	293	181	9	173	439	152	438	2.23e-18	87.0
lcl|CP015118.1_prot_ARN23935.1_3423	iAF692.Mbar_A3133	25.5	310	211	12	142	445	60	355	9.41e-18	84.3
lcl|CP015118.1_prot_ARN23935.1_3423	iMM1415.23923	26.2	324	200	10	142	434	78	393	2.50e-17	83.6
lcl|CP015118.1_prot_ARN21515.1_3424	iJN1463.PP_2872	32.3	186	110	5	110	283	103	284	7.58e-06	46.2
lcl|CP015118.1_prot_ARN21516.1_3425	iMM1415.18451	32.4	188	120	3	96	279	335	519	2.67e-24	101
lcl|CP015118.1_prot_ARN21516.1_3425	iCHOv1.100757890	31.9	188	121	3	96	279	335	519	3.64e-24	101
lcl|CP015118.1_prot_ARN21532.1_3441	iAF692.Mbar_A1837	30.6	180	107	5	38	203	36	211	9.23e-18	79.3
lcl|CP015118.1_prot_ARN21532.1_3441	iAF692.Mbar_A2989	33.6	143	88	4	41	176	39	181	7.32e-18	79.3
lcl|CP015118.1_prot_ARN21532.1_3441	iCN718.ABAYE_RS07665	27.9	201	132	6	2	191	9	207	1.64e-16	75.9
lcl|CP015118.1_prot_ARN21534.1_3443	STM_v1_0.STM3671	25.3	150	94	4	20	164	3	139	8.75e-08	48.9
lcl|CP015118.1_prot_ARN21534.1_3443	iML1515.b3577	24.2	120	83	2	20	136	3	117	1.59e-06	45.4
lcl|CP015118.1_prot_ARN21535.1_3444	iJN1463.PP_1167	34.0	421	267	4	10	427	10	422	1.08e-55	189
lcl|CP015118.1_prot_ARN21535.1_3444	STM_v1_0.STM3672	33.3	415	265	5	11	422	11	416	5.67e-55	187
lcl|CP015118.1_prot_ARN21535.1_3444	iML1515.b3578	33.7	416	262	6	11	422	11	416	6.68e-51	177
lcl|CP015118.1_prot_ARN21536.1_3445	STM_v1_0.STM3673	32.3	285	179	6	57	337	51	325	2.01e-41	147
lcl|CP015118.1_prot_ARN21536.1_3445	iML1515.b3579	32.6	285	178	6	57	337	51	325	7.72e-41	145
lcl|CP015118.1_prot_ARN21537.1_3446	iEK1008.Rv1900c	31.0	271	182	2	266	531	11	281	3.56e-24	105
lcl|CP015118.1_prot_ARN21539.1_3448	iEK1008.Rv3141	40.2	326	188	5	1	324	1	321	3.17e-58	190
lcl|CP015118.1_prot_ARN21541.1_3450	iJN1463.PP_3540	65.4	292	101	0	9	300	7	298	2.72e-129	369
lcl|CP015118.1_prot_ARN21541.1_3450	iAF987.Gmet_3293	60.1	293	117	0	9	301	7	299	4.96e-120	346
lcl|CP015118.1_prot_ARN21544.1_3453	iYS854.USA300HOU_RS13815	41.0	420	243	3	9	426	7	423	9.03e-92	283
lcl|CP015118.1_prot_ARN21544.1_3453	iNF517.LLMG_RS04750	40.7	388	221	5	41	427	31	410	4.93e-84	263
lcl|CP015118.1_prot_ARN21545.1_3454	iCN900.CD630_36640	23.9	331	240	6	99	421	17	343	5.24e-26	108
lcl|CP015118.1_prot_ARN21547.1_3456	iJN1463.PP_1144	35.4	175	108	2	205	376	272	444	1.80e-25	108
lcl|CP015118.1_prot_ARN21547.1_3456	iSbBS512_1146.SbBS512_E0302	37.2	164	102	1	217	379	199	362	4.17e-25	104
lcl|CP015118.1_prot_ARN21547.1_3456	iAF987.Gmet_2721	38.0	179	101	2	214	385	494	669	4.36e-24	103
lcl|CP015118.1_prot_ARN21547.1_3456	iAF987.Gmet_0069	37.3	193	107	5	194	378	114	300	4.96e-25	103
lcl|CP015118.1_prot_ARN21547.1_3456	iSDY_1059.SDY_0358	36.6	164	103	1	217	379	204	367	2.14e-24	102
lcl|CP015118.1_prot_ARN21547.1_3456	iAF987.Gmet_2425	40.7	177	95	5	209	378	170	343	8.11e-24	100
lcl|CP015118.1_prot_ARN21547.1_3456	iPC815.YPO0425	40.6	160	85	4	222	376	219	373	1.73e-23	100
lcl|CP015118.1_prot_ARN21547.1_3456	iAF987.Gmet_1298	36.6	161	98	1	222	378	183	343	1.52e-23	100
lcl|CP015118.1_prot_ARN21547.1_3456	iAF987.Gmet_0782	39.2	171	96	4	211	376	290	457	2.12e-22	99.0
lcl|CP015118.1_prot_ARN21547.1_3456	iJN1463.PP_0129	39.5	157	94	1	223	378	485	641	1.92e-22	99.0
lcl|CP015118.1_prot_ARN21547.1_3456	iAF987.Gmet_0957	39.2	171	99	4	210	376	183	352	6.14e-22	97.4
lcl|CP015118.1_prot_ARN21550.1_3459	iJN1463.PP_0399	48.6	257	128	3	2	254	3	259	8.48e-84	252
lcl|CP015118.1_prot_ARN21555.1_3465	iJN1463.PP_4287	39.1	161	95	1	12	169	11	171	8.74e-31	110
lcl|CP015118.1_prot_ARN21555.1_3465	iYO844.BSU32450	38.0	171	102	1	5	175	2	168	6.20e-27	105
lcl|CP015118.1_prot_ARN21557.1_3467	iAF987.Gmet_1823	25.8	360	245	11	4	350	11	361	4.69e-20	90.1
lcl|CP015118.1_prot_ARN21558.1_3468	iPC815.YPO1598	29.0	310	199	8	4	298	5	308	7.47e-23	95.9
lcl|CP015118.1_prot_ARN21558.1_3468	iSynCJ816.SGL_RS05440	30.9	217	146	2	80	296	81	293	1.06e-21	92.4
lcl|CP015118.1_prot_ARN21558.1_3468	iEK1008.Rv2243	32.1	296	183	6	3	287	2	290	2.98e-20	88.6
lcl|CP015118.1_prot_ARN21558.1_3468	iJN1463.PP_1913	29.9	304	202	8	2	295	4	306	3.40e-20	88.6
lcl|CP015118.1_prot_ARN21559.1_3469	iYL1228.KPN_00038	40.7	268	147	5	15	270	19	286	4.26e-41	143
lcl|CP015118.1_prot_ARN21559.1_3469	STM_v1_0.STM0619	38.9	265	133	4	25	269	29	284	1.07e-40	142
lcl|CP015118.1_prot_ARN21559.1_3469	iML1515.b0613	38.7	256	146	3	25	269	28	283	8.23e-38	134
lcl|CP015118.1_prot_ARN21559.1_3469	iSSON_1240.SSON_0565	38.7	256	146	3	25	269	28	283	8.23e-38	134
lcl|CP015118.1_prot_ARN21559.1_3469	iSbBS512_1146.SbBS512_E0527	38.3	256	147	3	25	269	28	283	3.40e-36	130
lcl|CP015118.1_prot_ARN21561.1_3471	iYL1228.KPN_01560	31.9	141	90	2	55	189	71	211	1.19e-11	62.4
lcl|CP015118.1_prot_ARN21562.1_3472	iYL1228.KPN_01561	42.9	231	127	2	4	230	6	235	2.74e-53	174
lcl|CP015118.1_prot_ARN23937.1_3474	iYL1228.KPN_01563	60.3	556	205	3	5	557	9	551	2.91e-229	643
lcl|CP015118.1_prot_ARN21566.1_3477	iJN1463.PP_1376	51.2	430	205	4	8	434	12	439	1.18e-137	402
lcl|CP015118.1_prot_ARN21571.1_3482	STM_v1_0.STM2962	63.0	443	159	3	15	456	7	445	1.71e-202	567
lcl|CP015118.1_prot_ARN21571.1_3482	iYL1228.KPN_03132	62.8	443	162	2	14	456	6	445	6.46e-202	566
lcl|CP015118.1_prot_ARN21571.1_3482	iML1515.b2789	61.9	444	164	3	14	456	6	445	8.65e-200	560
lcl|CP015118.1_prot_ARN21571.1_3482	iSbBS512_1146.SbBS512_E3084	63.0	435	156	3	23	456	5	435	8.59e-200	560
lcl|CP015118.1_prot_ARN21571.1_3482	iSSON_1240.SSON_2946	61.9	444	164	3	14	456	6	445	2.47e-199	559
lcl|CP015118.1_prot_ARN21571.1_3482	iJN1463.PP_3600	63.9	440	152	3	19	458	3	435	1.89e-197	555
lcl|CP015118.1_prot_ARN21571.1_3482	iYO844.BSU02480	60.9	447	163	4	13	456	6	443	4.56e-196	551
lcl|CP015118.1_prot_ARN21571.1_3482	iSF_1195.SF2802	60.1	456	158	5	14	456	6	450	2.13e-194	547
lcl|CP015118.1_prot_ARN21573.1_3484	iPC815.YPO1149	40.1	329	191	6	26	353	5	328	2.64e-68	217
lcl|CP015118.1_prot_ARN21573.1_3484	iML1515.b0767	35.4	328	208	4	26	353	5	328	2.89e-63	204
lcl|CP015118.1_prot_ARN21573.1_3484	iSDY_1059.SDY_2011	35.4	328	208	4	26	353	5	328	2.89e-63	204
lcl|CP015118.1_prot_ARN21573.1_3484	iSbBS512_1146.SbBS512_E2591	35.4	328	208	4	26	353	5	328	5.74e-63	203
lcl|CP015118.1_prot_ARN21573.1_3484	iSF_1195.SF0888	35.4	328	208	4	26	353	5	328	5.74e-63	203
lcl|CP015118.1_prot_ARN21573.1_3484	iYL1228.KPN_00781	36.3	328	205	4	26	353	29	352	3.12e-62	202
lcl|CP015118.1_prot_ARN21573.1_3484	iSSON_1240.SSON_0741	35.1	328	209	4	26	353	5	328	1.61e-62	202
lcl|CP015118.1_prot_ARN21573.1_3484	STM_v1_0.STM0785	35.4	328	208	4	26	353	5	328	1.26e-61	200
lcl|CP015118.1_prot_ARN21574.1_3485	iJN1463.PP_1418	26.3	335	217	14	1	320	1	320	5.32e-11	62.4
lcl|CP015118.1_prot_ARN21574.1_3485	STM_v1_0.STM2786	26.0	219	152	6	36	246	30	246	2.41e-09	57.4
lcl|CP015118.1_prot_ARN21575.1_3486	iAF692.Mbar_A0550	36.7	406	218	8	3	388	4	390	2.73e-65	212
lcl|CP015118.1_prot_ARN21579.1_3490	iYS854.USA300HOU_RS06185	35.8	240	145	4	8	239	3	241	8.79e-38	132
lcl|CP015118.1_prot_ARN21579.1_3490	iEK1008.Rv1928c	35.0	243	148	5	8	241	12	253	8.23e-34	122
lcl|CP015118.1_prot_ARN21579.1_3490	iAF987.Gmet_1694	37.2	239	136	6	11	239	9	243	4.99e-33	119
lcl|CP015118.1_prot_ARN21579.1_3490	iAF987.Gmet_1601	35.9	245	147	5	3	239	1	243	7.18e-33	119
lcl|CP015118.1_prot_ARN21579.1_3490	iML1515.b1093	36.6	235	142	4	10	239	8	240	9.62e-33	119
lcl|CP015118.1_prot_ARN21579.1_3490	iSbBS512_1146.SbBS512_E2231	36.6	235	142	4	10	239	8	240	9.62e-33	119
lcl|CP015118.1_prot_ARN21579.1_3490	iSF_1195.SF1097	36.6	235	142	4	10	239	8	240	9.62e-33	119
lcl|CP015118.1_prot_ARN21579.1_3490	iSSON_1240.SSON_1113	36.6	235	142	4	10	239	8	240	9.62e-33	119
lcl|CP015118.1_prot_ARN21588.1_3500	iAF987.Gmet_0069	47.5	158	79	2	448	602	144	300	2.09e-33	129
lcl|CP015118.1_prot_ARN21588.1_3500	iJN1463.PP_0129	39.4	198	106	2	412	602	451	641	2.47e-30	125
lcl|CP015118.1_prot_ARN21589.1_3501	iAF987.Gmet_0957	46.5	454	224	2	256	708	178	613	1.15e-130	401
lcl|CP015118.1_prot_ARN21589.1_3501	iAF987.Gmet_0987	39.6	523	292	4	196	716	285	785	4.56e-115	365
lcl|CP015118.1_prot_ARN21589.1_3501	iAF987.Gmet_3085	40.2	502	274	5	242	741	428	905	1.18e-113	365
lcl|CP015118.1_prot_ARN21589.1_3501	iAF987.Gmet_2629	39.1	509	288	4	211	718	324	811	4.82e-114	363
lcl|CP015118.1_prot_ARN21590.1_3502	iAF987.Gmet_0043	27.9	384	255	8	417	795	21	387	1.74e-28	121
lcl|CP015118.1_prot_ARN23939.1_3504	iAF987.Gmet_2999	35.2	108	67	1	7	111	10	117	3.88e-12	63.5
lcl|CP015118.1_prot_ARN23939.1_3504	iAF987.Gmet_1919	30.2	116	80	1	7	121	5	120	1.75e-11	61.6
lcl|CP015118.1_prot_ARN21593.1_3506	iAF987.Gmet_2417	33.7	175	106	4	206	374	208	378	2.09e-22	97.8
lcl|CP015118.1_prot_ARN21607.1_3525	iYS854.USA300HOU_RS01335	23.6	246	153	10	168	400	333	556	9.47e-09	57.0
lcl|CP015118.1_prot_ARN21607.1_3525	iYO844.BSU35720	26.8	205	131	8	137	330	470	666	2.33e-07	52.8
lcl|CP015118.1_prot_ARN21607.1_3525	iYO844.BSU35760	25.1	199	134	6	135	330	120	306	2.08e-07	52.4
lcl|CP015118.1_prot_ARN23945.1_3526	iYS854.USA300HOU_RS03470	55.7	122	54	0	19	140	5	126	5.40e-48	150
lcl|CP015118.1_prot_ARN21608.1_3527	iYS854.USA300HOU_RS01335	27.0	282	170	8	212	478	296	556	4.27e-14	74.3
lcl|CP015118.1_prot_ARN21608.1_3527	iYS854.USA300HOU_RS01320	25.6	289	180	10	212	481	115	387	4.32e-13	70.5
lcl|CP015118.1_prot_ARN21617.1_3536	iAF987.Gmet_2727	29.8	114	71	4	171	281	291	398	6.96e-06	47.0
lcl|CP015118.1_prot_ARN21618.1_3537	iAF987.Gmet_0069	31.6	114	77	1	8	120	6	119	1.29e-14	68.2
lcl|CP015118.1_prot_ARN21618.1_3537	iAF987.Gmet_1914	36.2	105	64	2	6	110	3	104	7.68e-13	63.5
lcl|CP015118.1_prot_ARN21620.1_3539	iJN1463.PP_1188	70.6	415	122	0	7	421	4	418	6.85e-204	570
lcl|CP015118.1_prot_ARN21620.1_3539	STM_v1_0.STM3614	69.9	418	126	0	7	424	2	419	2.56e-203	568
lcl|CP015118.1_prot_ARN21620.1_3539	iPC815.YPO3992	70.3	417	124	0	7	423	2	418	5.35e-203	567
lcl|CP015118.1_prot_ARN21620.1_3539	iML1515.b3528	69.4	418	128	0	7	424	2	419	1.04e-202	566
lcl|CP015118.1_prot_ARN21620.1_3539	iSbBS512_1146.SbBS512_E3934	69.4	418	128	0	7	424	2	419	1.04e-202	566
lcl|CP015118.1_prot_ARN21620.1_3539	iSSON_1240.SSON_3863	69.4	418	128	0	7	424	2	419	1.04e-202	566
lcl|CP015118.1_prot_ARN21620.1_3539	iYL1228.KPN_03878	69.6	418	127	0	7	424	2	419	2.97e-202	565
lcl|CP015118.1_prot_ARN21620.1_3539	iSDY_1059.SDY_4548	69.1	418	129	0	7	424	2	419	5.97e-202	565
lcl|CP015118.1_prot_ARN21620.1_3539	iSF_1195.SF3560	69.1	418	129	0	7	424	2	419	8.48e-202	564
lcl|CP015118.1_prot_ARN21620.1_3539	iCN718.ABAYE_RS06450	68.1	429	123	1	7	421	3	431	5.88e-196	550
lcl|CP015118.1_prot_ARN21621.1_3540	iAF987.Gmet_1919	30.7	101	62	2	32	125	31	130	9.14e-07	48.1
lcl|CP015118.1_prot_ARN21622.1_3541	iAF987.Gmet_1917	39.6	134	79	2	11	144	5	136	1.92e-20	92.0
lcl|CP015118.1_prot_ARN21623.1_3543	iAF987.Gmet_0069	32.2	115	76	1	4	116	5	119	1.29e-14	67.8
lcl|CP015118.1_prot_ARN21629.1_3550	iCN718.ABAYE_RS19055	26.0	254	181	3	2	251	12	262	1.07e-27	106
lcl|CP015118.1_prot_ARN21629.1_3550	iYO844.BSU08850	25.8	248	179	3	4	247	24	270	2.80e-24	97.8
lcl|CP015118.1_prot_ARN21629.1_3550	iPC815.YPO3626	26.9	208	150	1	10	215	14	221	8.62e-24	96.3
lcl|CP015118.1_prot_ARN21630.1_3551	iJN1463.PP_0209	46.9	226	113	1	24	249	29	247	5.60e-64	201
lcl|CP015118.1_prot_ARN21630.1_3551	iYL1228.KPN_00312	44.5	211	110	1	24	234	16	219	4.48e-59	188
lcl|CP015118.1_prot_ARN21631.1_3552	iCN900.CD630_19790	25.0	244	175	4	35	276	46	283	2.79e-10	60.5
lcl|CP015118.1_prot_ARN21635.1_3556	iSSON_1240.SSON_2822	60.8	398	152	2	1	397	1	395	1.18e-156	447
lcl|CP015118.1_prot_ARN21635.1_3556	iML1515.b2677	60.6	398	153	2	1	397	1	395	4.79e-156	446
lcl|CP015118.1_prot_ARN21635.1_3556	iSbBS512_1146.SbBS512_E3202	60.6	398	153	2	1	397	1	395	4.79e-156	446
lcl|CP015118.1_prot_ARN21635.1_3556	iSF_1195.SF2705	60.6	398	153	2	1	397	1	395	6.79e-156	445
lcl|CP015118.1_prot_ARN21635.1_3556	STM_v1_0.STM2809	59.5	398	157	2	1	397	1	395	7.83e-155	442
lcl|CP015118.1_prot_ARN21635.1_3556	iPC815.YPO2647	59.3	400	159	2	1	399	1	397	2.16e-154	441
lcl|CP015118.1_prot_ARN21635.1_3556	iYL1228.KPN_03008	58.5	398	161	2	1	397	1	395	2.41e-151	434
lcl|CP015118.1_prot_ARN21636.1_3557	iSSON_1240.SSON_2823	65.7	289	97	1	70	356	62	350	7.35e-123	358
lcl|CP015118.1_prot_ARN21636.1_3557	iML1515.b2678	65.4	289	98	1	70	356	62	350	2.96e-122	357
lcl|CP015118.1_prot_ARN21636.1_3557	iSbBS512_1146.SbBS512_E3201	65.4	289	98	1	70	356	62	350	2.96e-122	357
lcl|CP015118.1_prot_ARN21636.1_3557	iSF_1195.SF2706	65.1	289	99	1	70	356	62	350	1.19e-121	355
lcl|CP015118.1_prot_ARN21636.1_3557	iPC815.YPO2646	64.0	289	102	1	70	356	94	382	4.23e-120	352
lcl|CP015118.1_prot_ARN21636.1_3557	STM_v1_0.STM2810	61.9	289	108	1	70	356	62	350	4.75e-116	341
lcl|CP015118.1_prot_ARN21636.1_3557	iYL1228.KPN_03009	60.8	293	113	1	70	360	63	355	3.67e-113	333
lcl|CP015118.1_prot_ARN21637.1_3558	iML1515.b2679	59.2	314	123	1	21	329	15	328	1.76e-137	392
lcl|CP015118.1_prot_ARN21637.1_3558	iSbBS512_1146.SbBS512_E3200	59.2	314	123	1	21	329	15	328	1.76e-137	392
lcl|CP015118.1_prot_ARN21637.1_3558	iSF_1195.SF2707	59.2	314	123	1	21	329	15	328	1.76e-137	392
lcl|CP015118.1_prot_ARN21637.1_3558	iYL1228.KPN_03010	57.8	325	131	1	11	329	1	325	2.60e-136	389
lcl|CP015118.1_prot_ARN21637.1_3558	iSSON_1240.SSON_2824	58.6	314	125	1	21	329	15	328	4.10e-136	389
lcl|CP015118.1_prot_ARN21637.1_3558	iPC815.YPO2645	57.6	314	129	1	21	330	15	328	4.17e-132	379
lcl|CP015118.1_prot_ARN21637.1_3558	STM_v1_0.STM2811	56.5	315	131	1	21	329	15	329	8.74e-131	375
lcl|CP015118.1_prot_ARN21638.1_3560	iNF517.LLMG_RS05835	33.3	261	148	4	47	282	55	314	2.12e-32	121
lcl|CP015118.1_prot_ARN21638.1_3560	iAF692.Mbar_A3192	32.7	266	158	4	38	282	46	311	1.82e-31	119
lcl|CP015118.1_prot_ARN21644.1_3566	iLJ478.TM1848	28.5	836	524	20	2111	2902	3	808	2.36e-91	317
lcl|CP015118.1_prot_ARN23947.1_3568	iAF987.Gmet_1919	24.5	188	129	4	4	188	5	182	4.02e-09	55.1
lcl|CP015118.1_prot_ARN21652.1_3575	iML1515.b1601	22.6	195	146	2	168	362	149	338	3.08e-12	66.6
lcl|CP015118.1_prot_ARN21655.1_3579	iJN1463.PP_4491	32.4	108	67	2	1	102	1	108	4.51e-14	62.8
lcl|CP015118.1_prot_ARN21655.1_3579	iSynCJ816.SGL_RS08415	33.7	86	57	0	17	102	7	92	2.68e-14	62.8
lcl|CP015118.1_prot_ARN21656.1_3580	iJN1463.PP_4903	36.1	302	180	6	9	301	46	343	1.54e-43	151
lcl|CP015118.1_prot_ARN21656.1_3580	iPC815.YPO0365	33.8	305	183	8	10	300	41	340	7.38e-42	147
lcl|CP015118.1_prot_ARN21656.1_3580	iML1515.b4161	32.1	305	191	6	8	300	40	340	8.23e-40	142
lcl|CP015118.1_prot_ARN21656.1_3580	iYL1228.KPN_04558	31.9	304	190	6	10	300	42	341	1.23e-39	141
lcl|CP015118.1_prot_ARN21656.1_3580	iSbBS512_1146.SbBS512_E4693	31.8	305	192	6	8	300	40	340	1.15e-39	141
lcl|CP015118.1_prot_ARN21656.1_3580	iSDY_1059.SDY_4431	31.8	305	192	6	8	300	27	327	8.72e-40	141
lcl|CP015118.1_prot_ARN21656.1_3580	iSSON_1240.SSON_4346	31.8	305	192	6	8	300	27	327	8.72e-40	141
lcl|CP015118.1_prot_ARN21656.1_3580	iSF_1195.SF4320	31.8	305	192	6	8	300	51	351	5.53e-39	140
lcl|CP015118.1_prot_ARN21656.1_3580	STM_v1_0.STM4349	30.7	303	194	6	10	300	50	348	5.43e-38	137
lcl|CP015118.1_prot_ARN21658.1_3582	iJN1463.PP_1675	33.2	184	113	2	81	264	85	258	5.80e-24	99.4
lcl|CP015118.1_prot_ARN21659.1_3583	iML1515.b1813	39.4	180	92	4	47	221	17	184	1.50e-34	121
lcl|CP015118.1_prot_ARN23949.1_3588	iJN1463.PP_1924	35.6	163	103	2	4	166	7	167	2.61e-26	98.6
lcl|CP015118.1_prot_ARN23949.1_3588	iML1515.b1448	36.5	170	107	1	3	172	2	170	5.17e-26	97.4
lcl|CP015118.1_prot_ARN21664.1_3590	iAF987.Gmet_3131	49.1	318	159	2	12	329	10	324	4.93e-97	290
lcl|CP015118.1_prot_ARN21664.1_3590	iYO844.BSU12840	45.7	322	171	3	12	331	9	328	1.40e-88	268
lcl|CP015118.1_prot_ARN21664.1_3590	iHN637.CLJU_RS06110	46.9	320	165	3	10	327	7	323	2.99e-87	265
lcl|CP015118.1_prot_ARN21666.1_3592	iYO844.BSU00150	33.9	174	113	2	7	178	7	180	5.16e-29	107
lcl|CP015118.1_prot_ARN21668.1_3594	iPC815.YPO3400	47.3	150	77	2	3	150	2	151	5.08e-33	114
lcl|CP015118.1_prot_ARN21668.1_3594	iJN1463.PP_4698	48.4	159	81	1	1	158	1	159	1.44e-32	113
lcl|CP015118.1_prot_ARN21668.1_3594	iSynCJ816.SGL_RS02755	44.2	138	77	0	5	142	16	153	2.39e-30	108
lcl|CP015118.1_prot_ARN21668.1_3594	STM_v1_0.STM0183	47.1	136	70	2	5	138	4	139	7.38e-30	106
lcl|CP015118.1_prot_ARN21668.1_3594	iYL1228.KPN_00142	44.9	147	79	2	6	150	5	151	1.04e-29	105
lcl|CP015118.1_prot_ARN21668.1_3594	iAF987.Gmet_0495	45.1	162	85	4	1	158	1	162	1.60e-29	105
lcl|CP015118.1_prot_ARN21668.1_3594	iYS854.USA300HOU_RS02645	43.5	147	81	2	3	147	2	148	2.03e-29	105
lcl|CP015118.1_prot_ARN21669.1_3595	iEK1008.Rv3775	26.5	344	189	12	62	376	83	391	1.60e-11	65.1
lcl|CP015118.1_prot_ARN21671.1_3597	iEK1008.Rv2483c	27.6	170	120	1	52	221	85	251	2.23e-16	77.0
lcl|CP015118.1_prot_ARN21671.1_3597	iEK1008.Rv0505c	29.8	218	140	4	8	219	126	336	3.90e-14	70.1
lcl|CP015118.1_prot_ARN21674.1_3600	iML1515.b1069	46.5	527	255	9	1	518	1	509	3.35e-139	411
lcl|CP015118.1_prot_ARN21674.1_3600	iJN1463.PP_0601	47.7	528	247	8	1	518	1	509	4.89e-139	410
lcl|CP015118.1_prot_ARN21674.1_3600	iSbBS512_1146.SbBS512_E2257	46.3	527	256	9	1	518	1	509	4.74e-139	410
lcl|CP015118.1_prot_ARN21674.1_3600	iSF_1195.SF1075	46.3	527	256	9	1	518	1	509	4.74e-139	410
lcl|CP015118.1_prot_ARN21674.1_3600	iSSON_1240.SSON_1089	46.3	527	256	9	1	518	1	509	4.74e-139	410
lcl|CP015118.1_prot_ARN21674.1_3600	iSDY_1059.SDY_2083	46.3	527	256	9	1	518	1	509	6.71e-139	410
lcl|CP015118.1_prot_ARN21678.1_3604	iCN718.ABAYE_RS08450	49.4	389	192	3	13	398	16	402	1.23e-126	370
lcl|CP015118.1_prot_ARN21678.1_3604	iAF987.Gmet_0204	48.9	380	190	2	13	390	13	390	7.66e-122	358
lcl|CP015118.1_prot_ARN21678.1_3604	iSynCJ816.SGL_RS04875	48.4	397	191	6	6	390	27	421	1.50e-118	351
lcl|CP015118.1_prot_ARN21679.1_3605	iCN718.ABAYE_RS08200	54.4	298	135	1	8	305	3	299	4.18e-115	334
lcl|CP015118.1_prot_ARN21679.1_3605	iJN1463.PP_1079	52.9	297	139	1	9	305	4	299	1.60e-107	315
lcl|CP015118.1_prot_ARN21684.1_3610	iAF987.Gmet_0069	31.9	119	79	1	1	117	1	119	2.00e-15	70.1
lcl|CP015118.1_prot_ARN21693.1_3619	iAF987.Gmet_2999	30.3	109	69	3	4	109	7	111	2.39e-04	42.4
lcl|CP015118.1_prot_ARN21693.1_3619	iAF987.Gmet_0069	31.1	106	68	2	7	109	5	108	6.74e-04	40.8
lcl|CP015118.1_prot_ARN21694.1_3620	iEK1008.Rv0125	30.4	280	156	10	135	392	77	339	6.49e-25	105
lcl|CP015118.1_prot_ARN21700.1_3626	iAT_PLT_636.284273	25.8	198	108	5	28	220	54	217	6.77e-06	47.4
lcl|CP015118.1_prot_ARN21704.1_3632	iAF987.Gmet_3272	22.6	323	190	9	47	360	39	310	2.28e-12	67.0
lcl|CP015118.1_prot_ARN21704.1_3632	iNF517.LLMG_RS08965	21.9	351	208	9	7	350	6	297	7.33e-12	65.5
lcl|CP015118.1_prot_ARN21707.1_3635	iEK1008.Rv2936	36.8	223	131	2	4	221	10	227	5.00e-36	131
lcl|CP015118.1_prot_ARN21707.1_3635	iCN900.CD630_16140	33.5	200	133	0	18	217	39	238	3.79e-32	119
lcl|CP015118.1_prot_ARN21709.1_3637	iLB1027_lipid.PHATRDRAFT_31440	39.1	46	26	1	40	85	80	123	1.09e-05	40.4
lcl|CP015118.1_prot_A4W93_18415_3638	iSynCJ816.SGL_RS09720	32.4	225	134	6	142	349	173	396	3.14e-15	75.9
lcl|CP015118.1_prot_A4W93_18415_3638	iAF987.Gmet_1695	28.4	261	162	6	111	350	144	400	2.45e-14	73.2
lcl|CP015118.1_prot_A4W93_18415_3638	iEK1008.Rv2246	30.2	255	145	10	121	347	184	433	9.19e-13	68.6
lcl|CP015118.1_prot_ARN21715.1_3645	iAF987.Gmet_1917	43.5	170	95	1	297	465	239	408	1.41e-32	128
lcl|CP015118.1_prot_ARN21716.1_3646	iML1515.b0543	35.9	103	66	0	8	110	4	106	6.40e-21	80.1
lcl|CP015118.1_prot_ARN21717.1_3647	iIS312.TCDM_08339	28.0	157	105	3	43	192	77	232	3.44e-08	52.0
lcl|CP015118.1_prot_ARN21717.1_3647	STM_v1_0.STM3139	31.8	129	77	6	42	161	22	148	1.22e-07	50.8
lcl|CP015118.1_prot_ARN21721.1_3651	iLJ478.TM1724	35.3	249	150	3	4	247	2	244	8.82e-41	140
lcl|CP015118.1_prot_ARN21721.1_3651	iNF517.LLMG_RS08260	32.9	249	159	2	7	247	2	250	5.02e-38	133
lcl|CP015118.1_prot_ARN21721.1_3651	iYL1228.KPN_02061	34.3	254	150	5	8	247	3	253	4.57e-36	128
lcl|CP015118.1_prot_ARN21721.1_3651	iML1515.b3003	34.3	239	147	3	4	236	46	280	6.03e-35	126
lcl|CP015118.1_prot_ARN21725.1_3655	iAF987.Gmet_0771	53.5	202	90	1	3	200	2	203	3.61e-66	201
lcl|CP015118.1_prot_ARN21725.1_3655	iML1515.b1004	57.7	201	81	4	1	200	1	198	8.77e-66	200
lcl|CP015118.1_prot_ARN21727.1_3657	iYS854.USA300HOU_RS01730	41.3	167	86	4	9	163	91	257	1.31e-29	108
lcl|CP015118.1_prot_ARN21728.1_3658	iMM1415.230027	29.1	110	63	2	83	178	147	255	9.56e-07	49.3
lcl|CP015118.1_prot_ARN21728.1_3658	iCHOv1.100763494	29.2	113	57	3	84	178	149	256	9.62e-06	46.2
lcl|CP015118.1_prot_ARN21728.1_3658	iCN718.ABAYE_RS19010	24.5	106	69	1	84	178	51	156	1.97e-05	44.7
lcl|CP015118.1_prot_ARN21728.1_3658	iPC815.YPO1215	28.8	104	62	2	86	178	59	161	2.03e-05	44.7
lcl|CP015118.1_prot_ARN21732.1_3662	iYS854.USA300HOU_RS11455	41.4	471	275	1	1	470	1	471	1.06e-115	348
lcl|CP015118.1_prot_ARN21744.1_3676	iAF692.Mbar_A0902	32.0	341	217	4	100	425	88	428	5.23e-43	155
lcl|CP015118.1_prot_ARN21745.1_3677	iAF987.Gmet_3253	28.2	110	66	4	47	150	30	132	7.68e-04	37.7
lcl|CP015118.1_prot_ARN21746.1_3678	STM_v1_0.STM3672	27.4	420	301	1	212	627	3	422	2.53e-47	171
lcl|CP015118.1_prot_ARN21746.1_3678	iML1515.b3578	27.2	412	296	1	212	619	3	414	4.56e-46	168
lcl|CP015118.1_prot_ARN21746.1_3678	iJN1463.PP_1167	29.5	413	270	8	222	623	17	419	2.77e-43	160
lcl|CP015118.1_prot_ARN21747.1_3679	iML1515.b3579	33.7	279	175	5	19	291	9	283	7.00e-47	161
lcl|CP015118.1_prot_ARN21747.1_3679	STM_v1_0.STM3673	31.2	298	197	4	25	315	12	308	2.71e-46	159
lcl|CP015118.1_prot_ARN21748.1_3680	iLJ478.TM0114	25.0	216	140	5	98	310	72	268	2.13e-10	60.8
lcl|CP015118.1_prot_ARN21755.1_3687	iAF987.Gmet_1572	35.1	271	147	6	14	271	5	259	1.15e-36	130
lcl|CP015118.1_prot_ARN21755.1_3687	iAF987.Gmet_2195	32.2	264	158	6	15	271	8	257	1.91e-33	122
lcl|CP015118.1_prot_ARN21755.1_3687	iCN900.CD630_08000	29.5	254	176	3	15	268	7	257	4.04e-33	121
lcl|CP015118.1_prot_ARN21755.1_3687	iAF987.Gmet_2071	31.0	258	172	3	15	270	6	259	1.56e-32	119
lcl|CP015118.1_prot_ARN21755.1_3687	iCN900.CD630_10570	31.1	254	172	2	15	268	12	262	9.45e-32	117
lcl|CP015118.1_prot_ARN21756.1_3688	iYL1228.KPN_02741	36.0	325	194	9	1	321	1	315	7.16e-47	160
lcl|CP015118.1_prot_ARN21756.1_3688	iSbBS512_1146.SbBS512_E3430	33.2	325	203	7	1	319	13	329	6.59e-43	150
lcl|CP015118.1_prot_ARN21756.1_3688	iSF_1195.SF3047	33.2	325	203	7	1	319	13	329	9.22e-43	150
lcl|CP015118.1_prot_ARN21756.1_3688	iSSON_1240.SSON_3145	33.2	325	203	7	1	319	13	329	9.22e-43	150
lcl|CP015118.1_prot_ARN21756.1_3688	iML1515.b3001	32.7	324	206	6	1	319	13	329	4.97e-42	148
lcl|CP015118.1_prot_ARN23954.1_3689	iML1515.b2371	30.4	368	242	4	2	355	9	376	1.61e-56	189
lcl|CP015118.1_prot_ARN23954.1_3689	iSDY_1059.SDY_2572	29.9	415	261	6	2	388	4	416	6.65e-52	178
lcl|CP015118.1_prot_ARN23954.1_3689	iML1515.b2374	29.6	415	262	6	2	388	4	416	2.55e-51	176
lcl|CP015118.1_prot_ARN23954.1_3689	iSF_1195.SF2441	29.6	415	262	6	2	388	4	416	2.55e-51	176
lcl|CP015118.1_prot_ARN23954.1_3689	iSbBS512_1146.SbBS512_E2743	29.6	415	262	6	2	388	4	416	6.99e-51	175
lcl|CP015118.1_prot_ARN23954.1_3689	iSSON_1240.SSON_2465	29.4	415	263	6	2	388	4	416	3.74e-50	173
lcl|CP015118.1_prot_ARN21758.1_3691	iCHOv1.100758427	24.8	145	104	2	4	143	25	169	2.83e-04	40.4
lcl|CP015118.1_prot_ARN21765.1_3699	iJN1463.PP_1014	34.6	384	233	10	23	400	22	393	9.42e-49	170
lcl|CP015118.1_prot_ARN21768.1_3702	iYO844.BSU26650	26.9	305	200	5	16	315	3	289	1.43e-33	125
lcl|CP015118.1_prot_ARN21768.1_3702	iSbBS512_1146.SbBS512_E0672	30.6	304	188	6	14	311	3	289	8.03e-32	120
lcl|CP015118.1_prot_ARN21768.1_3702	iSSON_1240.SSON_0704	31.3	288	178	5	27	311	19	289	8.15e-31	117
lcl|CP015118.1_prot_ARN21768.1_3702	iML1515.b0752	31.3	288	178	5	27	311	19	289	1.13e-30	117
lcl|CP015118.1_prot_ARN21768.1_3702	iSDY_1059.SDY_0696	31.3	288	178	5	27	311	19	289	1.13e-30	117
lcl|CP015118.1_prot_ARN21768.1_3702	iSF_1195.SF0552	31.3	288	178	5	27	311	19	289	1.13e-30	117
lcl|CP015118.1_prot_ARN21770.1_3704	iAF987.Gmet_1823	24.0	183	133	3	9	190	7	184	1.21e-05	46.6
lcl|CP015118.1_prot_ARN21775.1_3710	iYL1228.KPN_04423	24.2	388	240	14	43	422	51	392	3.63e-05	45.4
lcl|CP015118.1_prot_ARN21775.1_3710	iSSON_1240.SSON_4212	23.7	388	242	14	43	422	51	392	2.60e-04	42.7
lcl|CP015118.1_prot_ARN21775.1_3710	iML1515.b4034	23.7	388	242	14	43	422	51	392	3.44e-04	42.4
lcl|CP015118.1_prot_ARN21775.1_3710	iSF_1195.SF4171	23.7	388	242	14	43	422	51	392	3.44e-04	42.4
lcl|CP015118.1_prot_ARN21775.1_3710	STM_v1_0.STM4229	22.7	388	246	13	43	422	54	395	8.01e-04	41.2
lcl|CP015118.1_prot_ARN23957.1_3711	iLJ478.TM1121	29.2	233	161	3	37	266	59	290	9.26e-30	113
lcl|CP015118.1_prot_ARN21776.1_3712	iEK1008.Rv1237	28.8	264	173	3	16	272	18	273	3.79e-27	105
lcl|CP015118.1_prot_ARN21776.1_3712	iYO844.BSU34590	29.6	260	176	4	17	272	21	277	1.59e-24	99.0
lcl|CP015118.1_prot_ARN21776.1_3712	iEK1008.Rv2317	31.0	252	165	8	26	272	27	274	1.48e-24	99.0
lcl|CP015118.1_prot_ARN21776.1_3712	iCN900.CD630_34150	26.5	253	181	4	23	272	36	286	3.51e-23	95.5
lcl|CP015118.1_prot_ARN21777.1_3713	iML1515.b4035	50.4	359	157	3	1	338	1	359	1.37e-108	321
lcl|CP015118.1_prot_ARN21777.1_3713	iSSON_1240.SSON_4213	50.4	359	157	3	1	338	1	359	1.37e-108	321
lcl|CP015118.1_prot_ARN21777.1_3713	iSF_1195.SF4170	50.1	359	158	3	1	338	1	359	1.11e-107	319
lcl|CP015118.1_prot_ARN21777.1_3713	STM_v1_0.STM4230	49.3	357	162	3	1	338	1	357	5.92e-107	317
lcl|CP015118.1_prot_ARN21777.1_3713	iPC815.YPO3712	51.3	357	155	5	1	338	1	357	3.37e-106	315
lcl|CP015118.1_prot_ARN21777.1_3713	iYL1228.KPN_04424	49.7	358	159	6	1	338	1	357	6.76e-106	314
lcl|CP015118.1_prot_ARN21777.1_3713	iPC815.YPO3793	48.3	358	170	4	1	344	1	357	1.05e-104	311
lcl|CP015118.1_prot_ARN21777.1_3713	iEK1008.Rv2038c	51.5	334	142	4	22	339	24	353	1.70e-103	308
lcl|CP015118.1_prot_ARN21777.1_3713	iML1515.b3450	48.9	350	163	5	1	335	1	349	3.31e-103	307
lcl|CP015118.1_prot_ARN21777.1_3713	iSbBS512_1146.SbBS512_E3873	48.9	350	163	5	1	335	1	349	1.88e-102	305
lcl|CP015118.1_prot_ARN21777.1_3713	STM_v1_0.STM3554	50.3	350	158	7	1	335	1	349	5.34e-102	304
lcl|CP015118.1_prot_ARN21777.1_3713	iYL1228.KPN_03810	49.1	350	162	5	1	335	1	349	4.31e-101	301
lcl|CP015118.1_prot_ARN21777.1_3713	iYS854.USA300HOU_RS01090	47.9	359	161	5	1	335	1	357	2.11e-98	295
lcl|CP015118.1_prot_ARN21777.1_3713	iSynCJ816.SGL_RS17635	46.5	357	167	4	1	335	1	355	1.13e-97	293
lcl|CP015118.1_prot_ARN23958.1_3714	iYL1228.KPN_02543	52.9	452	208	2	2	453	8	454	1.11e-169	484
lcl|CP015118.1_prot_ARN21784.1_3721	iYO844.BSU26640	28.4	183	125	2	167	349	3	179	4.43e-14	73.6
lcl|CP015118.1_prot_ARN21784.1_3721	iCN718.ABAYE_RS13050	23.8	206	149	4	167	368	22	223	2.06e-11	66.2
lcl|CP015118.1_prot_ARN21787.1_3724	iSynCJ816.SGL_RS04015	37.4	406	247	5	6	409	9	409	4.84e-74	236
lcl|CP015118.1_prot_ARN21792.1_3729	iEK1008.Rv3518c	27.0	352	202	13	26	336	23	360	6.83e-08	53.5
lcl|CP015118.1_prot_ARN21797.1_3734	iYS854.USA300HOU_RS10305	32.1	140	89	4	74	210	61	197	7.33e-08	52.8
lcl|CP015118.1_prot_ARN23959.1_3737	iNF517.LLMG_RS12010	33.7	205	128	4	4	208	82	278	5.57e-32	117
lcl|CP015118.1_prot_ARN23959.1_3737	iNF517.LLMG_RS07670	31.8	214	133	4	4	208	78	287	2.14e-29	110
lcl|CP015118.1_prot_ARN23959.1_3737	iSDY_1059.SDY_2837	34.7	222	124	6	4	208	85	302	1.27e-28	108
lcl|CP015118.1_prot_ARN23959.1_3737	iSF_1195.SF2653	34.2	222	125	6	4	208	85	302	1.83e-27	105
lcl|CP015118.1_prot_ARN23959.1_3737	iSSON_1240.SSON_2720	34.2	222	125	6	4	208	85	302	1.83e-27	105
lcl|CP015118.1_prot_ARN23960.1_3738	STM_v1_0.STM0593	22.7	392	294	5	6	392	25	412	8.30e-08	53.5
lcl|CP015118.1_prot_ARN23960.1_3738	iYL1228.KPN_00609	23.5	374	259	6	6	373	25	377	7.99e-07	50.4
lcl|CP015118.1_prot_ARN23960.1_3738	iYS854.USA300HOU_RS11805	22.1	375	277	9	12	378	14	381	1.37e-06	49.7
lcl|CP015118.1_prot_ARN21801.1_3740	iCHOv1.100767396	32.8	256	151	8	7	247	12	261	6.20e-16	74.7
lcl|CP015118.1_prot_ARN21801.1_3740	iMM1415.20751	31.6	256	154	8	7	247	12	261	8.22e-16	74.3
lcl|CP015118.1_prot_ARN21801.1_3740	iML1515.b1093	33.3	207	121	6	3	203	5	200	1.16e-14	70.9
lcl|CP015118.1_prot_ARN21801.1_3740	iSbBS512_1146.SbBS512_E2231	33.3	207	121	6	3	203	5	200	1.16e-14	70.9
lcl|CP015118.1_prot_ARN21801.1_3740	iSF_1195.SF1097	33.3	207	121	6	3	203	5	200	1.16e-14	70.9
lcl|CP015118.1_prot_ARN21801.1_3740	iSSON_1240.SSON_1113	33.3	207	121	6	3	203	5	200	1.16e-14	70.9
lcl|CP015118.1_prot_ARN21801.1_3740	iSDY_1059.SDY_2057	32.9	207	122	5	3	203	5	200	2.19e-14	70.1
lcl|CP015118.1_prot_ARN21801.1_3740	STM_v1_0.STM1195	32.2	233	133	8	3	228	5	219	4.14e-14	69.3
lcl|CP015118.1_prot_ARN21801.1_3740	iYL1228.KPN_01091	31.5	232	136	7	3	228	5	219	5.69e-14	68.9
lcl|CP015118.1_prot_ARN21807.1_3746	iCHOv1.100764720	37.8	143	72	7	4	133	26	164	5.60e-12	60.8
lcl|CP015118.1_prot_ARN21807.1_3746	iYO844.BSU27600	28.7	164	111	3	3	160	29	192	7.56e-11	59.3
lcl|CP015118.1_prot_ARN23961.1_3753	iMM1415.12850	35.2	142	82	5	20	155	51	188	3.12e-13	66.2
lcl|CP015118.1_prot_ARN21822.1_3762	iCN718.ABAYE_RS19960	32.8	131	79	3	33	163	2	123	7.60e-17	72.4
lcl|CP015118.1_prot_ARN21833.1_3773	iAT_PLT_636.2098	52.7	281	129	3	1	278	3	282	1.57e-103	302
lcl|CP015118.1_prot_ARN21833.1_3773	iCHOv1.100774799	52.1	280	132	2	1	278	3	282	1.27e-102	300
lcl|CP015118.1_prot_ARN21833.1_3773	iMM1415.13885	52.3	281	130	3	1	278	16	295	6.45e-101	296
lcl|CP015118.1_prot_ARN21833.1_3773	iJN1463.PP_1617	54.6	280	122	4	1	276	3	281	2.09e-99	292
lcl|CP015118.1_prot_ARN21833.1_3773	iSSON_1240.SSON_0334	49.8	277	137	2	1	277	1	275	5.08e-96	283
lcl|CP015118.1_prot_ARN21833.1_3773	iML1515.b0355	49.1	277	139	2	1	277	1	275	1.18e-94	280
lcl|CP015118.1_prot_ARN21834.1_3774	iPC815.YPO1502	65.9	369	125	1	1	368	2	370	8.30e-183	511
lcl|CP015118.1_prot_ARN21834.1_3774	STM_v1_0.STM1627	66.7	369	122	1	1	368	1	369	1.88e-180	504
lcl|CP015118.1_prot_ARN21834.1_3774	iYL1228.KPN_01952	66.4	369	123	1	1	368	1	369	5.38e-180	503
lcl|CP015118.1_prot_ARN21834.1_3774	iJN1463.PP_1616	64.5	369	130	1	1	368	3	371	1.89e-175	492
lcl|CP015118.1_prot_ARN21834.1_3774	iAT_PLT_636.128	61.6	367	140	1	1	366	6	372	2.94e-168	474
lcl|CP015118.1_prot_ARN21834.1_3774	iCN718.ABAYE_RS09595	61.8	369	140	1	1	368	1	369	3.49e-168	473
lcl|CP015118.1_prot_ARN21834.1_3774	iMM1415.11532	60.8	367	143	1	1	366	6	372	1.19e-167	472
lcl|CP015118.1_prot_ARN21834.1_3774	iCHOv1.100767929	60.5	367	144	1	1	366	6	372	3.94e-166	468
lcl|CP015118.1_prot_ARN21834.1_3774	iSynCJ816.SGL_RS04900	60.7	369	144	1	1	368	1	369	1.34e-165	467
lcl|CP015118.1_prot_ARN21837.1_3777	iJN1463.PP_2476	43.2	345	186	3	3	342	4	343	1.98e-95	286
lcl|CP015118.1_prot_ARN21837.1_3777	iML1515.b1449	41.5	340	189	3	7	341	8	342	3.53e-88	268
lcl|CP015118.1_prot_ARN21838.1_3778	iAF987.Gmet_0043	29.2	336	212	8	653	980	38	355	2.87e-29	124
lcl|CP015118.1_prot_ARN21846.1_3786	iCHOv1.100756666	33.2	521	285	18	30	507	32	532	2.65e-49	177
lcl|CP015118.1_prot_ARN21846.1_3786	iMM1415.11423	30.9	517	290	18	31	492	40	544	1.93e-46	171
lcl|CP015118.1_prot_ARN21846.1_3786	iCHOv1.100770679	30.9	495	286	14	31	477	40	526	1.43e-45	167
lcl|CP015118.1_prot_ARN21846.1_3786	iMM1415.436059	32.2	488	260	17	49	490	56	518	2.06e-44	164
lcl|CP015118.1_prot_ARN21846.1_3786	iCHOv1.100767789	31.2	516	284	18	31	492	34	532	1.79e-43	162
lcl|CP015118.1_prot_ARN21848.1_3789	iYO844.BSU28560	35.4	573	341	12	7	570	1	553	8.57e-99	310
lcl|CP015118.1_prot_ARN21848.1_3789	iYO844.BSU10270	34.0	536	320	10	35	568	6	509	1.96e-89	285
lcl|CP015118.1_prot_ARN21849.1_3790	iML1515.b0837	31.8	220	138	6	176	388	39	253	8.05e-27	111
lcl|CP015118.1_prot_ARN21849.1_3790	iSF_1195.SF0787	31.8	220	138	6	176	388	39	253	3.02e-27	111
lcl|CP015118.1_prot_ARN21849.1_3790	iSbBS512_1146.SbBS512_E2507	31.4	220	139	6	176	388	39	253	2.76e-26	109
lcl|CP015118.1_prot_ARN21849.1_3790	iSSON_1240.SSON_0820	31.4	220	139	6	176	388	39	253	3.75e-26	109
lcl|CP015118.1_prot_ARN21849.1_3790	iYL1228.KPN_00869	29.0	338	197	11	177	492	38	354	2.29e-25	107
lcl|CP015118.1_prot_ARN21852.1_3793	iSynCJ816.SGL_RS16190	26.9	234	137	8	29	251	6	216	1.36e-13	73.2
lcl|CP015118.1_prot_ARN21855.1_3796	iJN1463.PP_1904	49.9	335	167	1	1	335	15	348	1.29e-109	323
lcl|CP015118.1_prot_ARN21855.1_3796	iML1515.b3972	46.5	327	170	2	8	334	4	325	2.61e-99	296
lcl|CP015118.1_prot_ARN21855.1_3796	iSDY_1059.SDY_3756	47.1	327	168	3	8	334	4	325	2.61e-99	296
lcl|CP015118.1_prot_ARN21855.1_3796	iSF_1195.SF4050	46.5	327	170	2	8	334	4	325	2.10e-98	294
lcl|CP015118.1_prot_ARN21855.1_3796	iSSON_1240.SSON_4145	46.5	327	170	2	8	334	4	325	2.10e-98	294
lcl|CP015118.1_prot_ARN21858.1_3799	iJN1463.PP_2230	71.1	963	278	0	1	963	1	963	0.0	1331
lcl|CP015118.1_prot_ARN21859.1_3800	iJN1463.PP_2229	84.4	109	17	0	1	109	1	109	8.17e-59	176
lcl|CP015118.1_prot_ARN21860.1_3801	iJN1463.PP_2228	61.7	548	202	4	16	558	6	550	5.32e-222	625
lcl|CP015118.1_prot_ARN21861.1_3802	iJN1463.PP_2227	63.0	162	60	0	1	162	1	162	6.86e-69	205
lcl|CP015118.1_prot_ARN21862.1_3803	iJN1463.PP_2226	69.6	92	28	0	1	92	1	92	1.98e-33	110
lcl|CP015118.1_prot_ARN21863.1_3804	iJN1463.PP_2225	66.0	100	34	0	5	104	8	107	7.55e-42	133
lcl|CP015118.1_prot_ARN21865.1_3806	iPC815.YPO1435	33.7	104	61	3	90	193	221	316	1.63e-07	50.4
lcl|CP015118.1_prot_ARN21865.1_3806	iAF987.Gmet_1832	31.3	115	63	4	97	207	413	515	3.73e-06	46.6
lcl|CP015118.1_prot_ARN21871.1_3813	iYS854.USA300HOU_RS09310	35.9	223	140	2	1	223	1	220	6.97e-41	139
lcl|CP015118.1_prot_ARN21871.1_3813	iCN900.CD630_04050	36.2	224	141	1	2	223	6	229	5.48e-39	134
lcl|CP015118.1_prot_ARN21874.1_3816	STM_v1_0.STM0045	47.2	316	155	4	1	315	1	305	6.50e-89	268
lcl|CP015118.1_prot_ARN21874.1_3816	iYL1228.KPN_00020	48.1	314	151	4	1	313	1	303	2.10e-87	265
lcl|CP015118.1_prot_ARN21874.1_3816	iML1515.b0025	46.1	323	161	4	1	321	1	312	6.14e-87	263
lcl|CP015118.1_prot_ARN21874.1_3816	iSbBS512_1146.SbBS512_E0029	46.1	323	161	4	1	321	1	312	6.14e-87	263
lcl|CP015118.1_prot_ARN21874.1_3816	iSF_1195.SF0021	46.1	323	161	4	1	321	1	312	6.14e-87	263
lcl|CP015118.1_prot_ARN21874.1_3816	iSSON_1240.SSON_0030	46.1	323	161	4	1	321	1	312	6.14e-87	263
lcl|CP015118.1_prot_ARN21874.1_3816	iSDY_1059.SDY_0047	45.5	323	163	4	1	321	1	312	1.98e-85	259
lcl|CP015118.1_prot_ARN21874.1_3816	iPC815.YPO0474	46.6	326	154	5	1	321	1	311	7.69e-85	258
lcl|CP015118.1_prot_ARN21874.1_3816	iJN1463.PP_0602	46.1	321	147	6	1	313	1	303	1.27e-81	250
lcl|CP015118.1_prot_ARN21875.1_3817	iJN1463.PP_0603	57.4	959	371	8	6	943	2	943	0.0	1113
lcl|CP015118.1_prot_ARN21876.1_3818	STM_v1_0.STM0047	47.0	149	76	2	13	159	7	154	1.87e-39	131
lcl|CP015118.1_prot_ARN21877.1_3819	iAF987.Gmet_1991	24.3	144	104	4	253	392	193	335	8.18e-08	54.7
lcl|CP015118.1_prot_ARN21878.1_3820	STM_v1_0.STM1517	25.4	240	147	11	20	249	17	234	1.60e-04	42.4
lcl|CP015118.1_prot_ARN21879.1_3821	iAF987.Gmet_0043	25.4	382	260	9	232	608	26	387	2.95e-20	95.1
lcl|CP015118.1_prot_ARN21880.1_3822	iLJ478.TM1169	37.8	254	135	4	1	254	1	231	3.69e-40	138
lcl|CP015118.1_prot_ARN21882.1_3824	iYS854.USA300HOU_RS06130	21.1	218	147	4	20	233	12	208	1.00e-04	45.1
lcl|CP015118.1_prot_ARN21883.1_3825	iEK1008.Rv0773c	57.7	522	210	5	19	540	1	511	3.11e-200	567
lcl|CP015118.1_prot_ARN21884.1_3826	STM_v1_0.STM2788	41.7	492	278	4	1	490	1	485	3.32e-120	362
lcl|CP015118.1_prot_ARN21884.1_3826	iJN1463.PP_1416	42.4	495	276	4	1	493	1	488	8.34e-115	348
lcl|CP015118.1_prot_ARN21892.1_3834	iJN1463.PP_3581	33.3	225	109	9	278	466	127	346	4.43e-13	71.6
lcl|CP015118.1_prot_ARN21892.1_3834	iAF987.Gmet_1917	32.9	155	95	3	382	527	257	411	5.91e-13	70.5
lcl|CP015118.1_prot_ARN21892.1_3834	iAF987.Gmet_1706	35.9	170	94	6	374	528	133	302	1.05e-12	68.9
lcl|CP015118.1_prot_ARN21892.1_3834	iJN1463.PP_1761	40.9	110	55	2	390	489	397	506	3.44e-12	68.9
lcl|CP015118.1_prot_ARN21892.1_3834	iML1515.b1794	33.3	156	90	3	392	533	176	331	2.86e-12	67.8
lcl|CP015118.1_prot_ARN21892.1_3834	iAF987.Gmet_0782	46.5	86	39	1	388	466	300	385	3.91e-11	65.5
lcl|CP015118.1_prot_ARN21893.1_3835	iJN1463.PP_4210	47.2	218	109	3	1	215	1	215	1.87e-53	181
lcl|CP015118.1_prot_ARN21893.1_3835	iCN900.CD630_19470	40.4	208	124	0	2	209	6	213	2.38e-50	163
lcl|CP015118.1_prot_ARN21894.1_3836	iYO844.BSU30410	23.7	139	94	2	284	418	305	435	2.88e-06	48.9
lcl|CP015118.1_prot_ARN21894.1_3836	iJN1463.PP_4210	21.8	431	277	13	6	418	266	654	1.87e-05	46.6
lcl|CP015118.1_prot_ARN21895.1_3837	iJN1463.PP_0527	60.8	610	239	0	5	614	17	626	2.73e-265	741
lcl|CP015118.1_prot_ARN21895.1_3837	iSbBS512_1146.SbBS512_E0341	59.4	613	238	6	3	610	9	615	3.61e-253	709
lcl|CP015118.1_prot_ARN21895.1_3837	iML1515.b0420	59.2	613	239	6	3	610	9	615	5.12e-253	709
lcl|CP015118.1_prot_ARN21895.1_3837	iSDY_1059.SDY_0310	59.2	613	239	6	3	610	9	615	7.26e-253	709
lcl|CP015118.1_prot_ARN21895.1_3837	iSSON_1240.SSON_0397	59.2	613	239	6	3	610	9	615	1.46e-252	708
lcl|CP015118.1_prot_ARN21895.1_3837	STM_v1_0.STM0422	59.2	613	239	6	3	610	9	615	2.93e-252	707
lcl|CP015118.1_prot_ARN21895.1_3837	iSF_1195.SF0357	59.1	613	240	6	3	610	9	615	1.19e-251	706
lcl|CP015118.1_prot_ARN21895.1_3837	iYL1228.KPN_00372	59.1	611	243	5	3	610	9	615	9.65e-251	703
lcl|CP015118.1_prot_ARN21895.1_3837	iPC815.YPO3177	58.6	601	248	1	10	610	15	614	2.16e-249	700
lcl|CP015118.1_prot_ARN21896.1_3838	iJN1463.PP_0528	54.4	263	116	3	37	296	34	295	6.90e-77	236
lcl|CP015118.1_prot_ARN21897.1_3840	iJN1463.PP_0315	26.7	210	131	8	18	213	33	233	3.24e-08	54.7
lcl|CP015118.1_prot_ARN21899.1_3842	iJN1463.PP_5118	46.2	264	137	4	15	274	18	280	6.31e-68	212
lcl|CP015118.1_prot_ARN23965.1_3846	iPC815.YPO0345	29.9	405	229	16	277	655	187	562	2.38e-15	79.3
lcl|CP015118.1_prot_ARN23965.1_3846	STM_v1_0.STM4323	31.3	399	234	17	275	655	161	537	2.97e-15	79.0
lcl|CP015118.1_prot_ARN23965.1_3846	iJN1463.PP_4235	32.3	396	223	12	279	650	160	534	5.23e-15	78.2
lcl|CP015118.1_prot_ARN21905.1_3849	iJN1463.PP_5216	41.1	472	256	7	13	473	12	472	5.73e-100	309
lcl|CP015118.1_prot_ARN21905.1_3849	iYL1228.KPN_02827	38.2	492	288	5	10	492	10	494	1.13e-95	298
lcl|CP015118.1_prot_ARN21905.1_3849	STM_v1_0.STM2502	36.5	501	302	5	10	501	10	503	3.56e-91	287
lcl|CP015118.1_prot_ARN21905.1_3849	iCN718.ABAYE_RS15730	41.5	448	239	7	13	448	11	447	5.82e-91	286
lcl|CP015118.1_prot_ARN21905.1_3849	iPC815.YPO2837	37.1	496	288	6	10	492	11	495	1.17e-90	286
lcl|CP015118.1_prot_ARN21905.1_3849	iML1515.b2502	36.5	501	302	6	10	501	10	503	1.97e-90	285
lcl|CP015118.1_prot_ARN21905.1_3849	iSDY_1059.SDY_2691	36.5	501	302	6	10	501	10	503	1.97e-90	285
lcl|CP015118.1_prot_ARN21905.1_3849	iSF_1195.SF2546	36.5	501	302	6	10	501	10	503	1.97e-90	285
lcl|CP015118.1_prot_ARN21905.1_3849	iSSON_1240.SSON_2584	36.5	501	302	6	10	501	10	503	1.97e-90	285
lcl|CP015118.1_prot_ARN21905.1_3849	iSbBS512_1146.SbBS512_E2876	36.3	501	303	6	10	501	10	503	7.71e-90	283
lcl|CP015118.1_prot_ARN23966.1_3850	iML1515.b4159	24.8	202	143	3	303	498	876	1074	5.53e-08	55.5
lcl|CP015118.1_prot_ARN23966.1_3850	iML1515.b0465	27.2	151	108	1	322	472	906	1054	9.61e-08	54.7
lcl|CP015118.1_prot_ARN21906.1_3851	iJN1463.PP_2440	27.9	294	166	8	3	269	212	486	4.82e-11	62.8
lcl|CP015118.1_prot_ARN21906.1_3851	iSynCJ816.SGL_RS18325	23.0	305	218	7	3	295	16	315	5.98e-10	58.9
lcl|CP015118.1_prot_ARN21911.1_3856	iJN1463.PP_4762	58.8	277	114	0	7	283	7	283	4.01e-112	325
lcl|CP015118.1_prot_ARN21913.1_3858	iYL1228.KPN_01628	31.9	385	253	4	3	387	13	388	6.76e-49	170
lcl|CP015118.1_prot_ARN21913.1_3858	STM_v1_0.STM1522	29.5	386	261	5	3	387	13	388	1.45e-43	155
lcl|CP015118.1_prot_ARN21914.1_3859	iSSON_1240.SSON_0221	66.8	265	88	0	5	269	3	267	1.60e-121	347
lcl|CP015118.1_prot_ARN21914.1_3859	iML1515.b0207	66.8	265	88	0	5	269	3	267	9.21e-121	345
lcl|CP015118.1_prot_ARN21914.1_3859	STM_v1_0.STM0255	66.5	266	89	0	4	269	2	267	1.31e-120	345
lcl|CP015118.1_prot_ARN21914.1_3859	iSF_1195.SF0192	66.4	265	89	0	5	269	3	267	1.31e-120	345
lcl|CP015118.1_prot_ARN21914.1_3859	iSbBS512_1146.SbBS512_E0204	66.4	265	89	0	5	269	3	267	2.63e-120	344
lcl|CP015118.1_prot_ARN21914.1_3859	iYL1228.KPN_00221	66.0	265	90	0	5	269	3	267	3.54e-118	338
lcl|CP015118.1_prot_ARN21914.1_3859	iJN1463.PP_2368	64.3	266	95	0	4	269	2	267	3.88e-115	331
lcl|CP015118.1_prot_ARN21914.1_3859	iPC815.YPO1075	63.9	266	96	0	4	269	2	267	7.38e-113	325
lcl|CP015118.1_prot_ARN21916.1_3861	iCN718.ABAYE_RS13985	47.6	659	332	4	11	663	20	671	3.52e-215	618
lcl|CP015118.1_prot_ARN21916.1_3861	iJN1463.PP_5217	48.1	675	337	5	11	676	45	715	8.29e-212	610
lcl|CP015118.1_prot_ARN21917.1_3862	iSynCJ816.SGL_RS12975	29.1	368	222	12	1	331	32	397	9.36e-35	131
lcl|CP015118.1_prot_ARN21921.1_3866	iML1515.b0837	49.1	369	178	6	8	371	7	370	1.33e-112	332
lcl|CP015118.1_prot_ARN21921.1_3866	iSbBS512_1146.SbBS512_E2507	48.8	369	179	6	8	371	7	370	5.35e-112	331
lcl|CP015118.1_prot_ARN21921.1_3866	iSSON_1240.SSON_0820	48.8	369	179	6	8	371	7	370	7.58e-112	330
lcl|CP015118.1_prot_ARN21921.1_3866	iYL1228.KPN_00869	51.3	341	156	6	35	370	32	367	9.73e-107	317
lcl|CP015118.1_prot_ARN21925.1_3872	iSF_1195.SF3100	46.9	192	92	4	13	202	12	195	8.09e-46	150
lcl|CP015118.1_prot_ARN21925.1_3872	iML1515.b3059	46.9	192	92	4	13	202	12	195	1.14e-45	150
lcl|CP015118.1_prot_ARN21925.1_3872	iSbBS512_1146.SbBS512_E3490	46.9	192	92	4	13	202	12	195	1.14e-45	150
lcl|CP015118.1_prot_ARN21925.1_3872	iSDY_1059.SDY_3242	46.9	192	92	4	13	202	12	195	1.14e-45	150
lcl|CP015118.1_prot_ARN21925.1_3872	iSSON_1240.SSON_3196	46.9	192	92	4	13	202	12	195	1.14e-45	150
lcl|CP015118.1_prot_ARN21925.1_3872	iJN1463.PP_0391	48.9	184	88	3	13	196	9	186	3.68e-43	143
lcl|CP015118.1_prot_ARN21927.1_3874	iCN718.ABAYE_RS12975	45.6	349	181	3	10	355	6	348	7.26e-95	286
lcl|CP015118.1_prot_ARN21929.1_3876	iCHOv1.100757665	40.2	164	86	4	9	161	6	168	2.05e-31	110
lcl|CP015118.1_prot_ARN21929.1_3876	iMM1415.69215	35.4	189	87	4	9	163	6	193	3.42e-29	105
lcl|CP015118.1_prot_ARN21930.1_3877	iSynCJ816.SGL_RS04775	27.3	205	125	7	15	207	4	196	1.98e-06	48.1
lcl|CP015118.1_prot_ARN21931.1_3879	iJN1463.PP_2017	48.1	901	438	11	1	888	1	884	1.11e-262	754
lcl|CP015118.1_prot_ARN21931.1_3879	iYL1228.KPN_00968	47.6	883	436	11	11	888	10	870	1.80e-260	748
lcl|CP015118.1_prot_ARN21931.1_3879	STM_v1_0.STM1057	47.8	883	433	12	11	888	10	869	9.87e-260	746
lcl|CP015118.1_prot_ARN21931.1_3879	iSSON_1240.SSON_0935	47.3	883	437	12	11	888	10	869	1.32e-254	733
lcl|CP015118.1_prot_ARN21931.1_3879	iML1515.b0932	47.3	883	437	12	11	888	10	869	1.87e-254	733
lcl|CP015118.1_prot_ARN21931.1_3879	iSbBS512_1146.SbBS512_E2386	47.3	883	437	12	11	888	10	869	5.28e-254	731
lcl|CP015118.1_prot_ARN21931.1_3879	iSDY_1059.SDY_2325	47.2	883	438	12	11	888	10	869	1.50e-253	730
lcl|CP015118.1_prot_ARN21931.1_3879	iPC815.YPO1414	47.9	884	431	13	11	888	10	869	4.97e-252	726
lcl|CP015118.1_prot_ARN21931.1_3879	iSF_1195.SF0929	47.2	884	438	12	11	888	10	870	9.94e-252	726
lcl|CP015118.1_prot_ARN21932.1_3880	iJN1463.PP_5040	67.9	333	102	2	4	332	3	334	3.61e-166	466
lcl|CP015118.1_prot_ARN21934.1_3883	iAF987.Gmet_0268	49.4	154	78	0	2	155	4	157	5.85e-51	160
lcl|CP015118.1_prot_ARN21934.1_3883	iAF987.Gmet_0222	47.1	157	79	1	6	162	157	309	1.42e-46	154
lcl|CP015118.1_prot_ARN21935.1_3884	iJN1463.PP_4210	38.5	205	118	4	1	198	5	208	3.66e-33	125
lcl|CP015118.1_prot_ARN21935.1_3884	iYO844.BSU30420	37.0	208	121	2	1	198	1	208	2.12e-34	122
lcl|CP015118.1_prot_ARN21935.1_3884	iJN1463.PP_3817	36.4	198	118	2	1	196	14	205	9.47e-31	115
lcl|CP015118.1_prot_ARN21935.1_3884	iCN900.CD630_19470	35.8	176	111	1	22	195	34	209	6.62e-32	115
lcl|CP015118.1_prot_ARN23971.1_3888	iJN1463.PP_1006	22.9	634	390	24	67	613	177	798	2.77e-17	85.9
lcl|CP015118.1_prot_ARN23971.1_3888	iJN1463.PP_4838	24.2	612	353	27	56	613	74	628	1.48e-15	80.1
lcl|CP015118.1_prot_ARN21939.1_3889	iJN1463.PP_1129	57.3	211	87	3	4	211	5	215	1.10e-75	226
lcl|CP015118.1_prot_ARN21939.1_3889	iSynCJ816.SGL_RS10830	53.1	209	97	1	4	211	22	230	3.37e-73	221
lcl|CP015118.1_prot_ARN21940.1_3890	iYO844.BSU32500	33.6	116	71	3	85	195	87	201	7.65e-06	44.7
lcl|CP015118.1_prot_ARN21944.1_3894	iCN718.ABAYE_RS16325	59.8	599	237	3	4	601	7	602	8.35e-248	695
lcl|CP015118.1_prot_ARN21944.1_3894	iJN1463.PP_1010	56.0	598	257	3	5	601	5	597	5.47e-229	647
lcl|CP015118.1_prot_ARN21944.1_3894	iPC815.YPO2533	54.3	622	259	3	1	601	3	620	8.59e-225	637
lcl|CP015118.1_prot_ARN21944.1_3894	STM_v1_0.STM1885	55.6	603	263	4	1	602	1	599	1.31e-223	633
lcl|CP015118.1_prot_ARN21944.1_3894	iYL1228.KPN_02366	56.3	599	257	4	5	602	1	595	1.31e-222	630
lcl|CP015118.1_prot_ARN21944.1_3894	iML1515.b1851	55.2	603	265	4	1	602	1	599	4.94e-221	626
lcl|CP015118.1_prot_ARN21945.1_3895	iYL1228.KPN_02365	54.0	198	90	1	14	210	11	208	2.81e-64	197
lcl|CP015118.1_prot_ARN21945.1_3895	iPC815.YPO2067	54.4	193	88	0	18	210	15	207	2.81e-64	197
lcl|CP015118.1_prot_ARN21945.1_3895	iSDY_1059.SDY_1136	53.9	193	89	0	18	210	15	207	6.48e-63	194
lcl|CP015118.1_prot_ARN21945.1_3895	iML1515.b1850	53.9	193	89	0	18	210	15	207	9.18e-63	194
lcl|CP015118.1_prot_ARN21945.1_3895	iSbBS512_1146.SbBS512_E2125	53.9	193	89	0	18	210	15	207	9.18e-63	194
lcl|CP015118.1_prot_ARN21945.1_3895	iSF_1195.SF1860	53.9	193	89	0	18	210	15	207	9.18e-63	194
lcl|CP015118.1_prot_ARN21945.1_3895	iSSON_1240.SSON_1298	53.9	193	89	0	18	210	15	207	9.18e-63	194
lcl|CP015118.1_prot_ARN21945.1_3895	iCN718.ABAYE_RS16320	48.8	201	103	0	13	213	6	206	5.97e-62	191
lcl|CP015118.1_prot_ARN21945.1_3895	STM_v1_0.STM1884	53.4	193	90	0	18	210	15	207	7.43e-62	191
lcl|CP015118.1_prot_ARN21945.1_3895	iIT341.HP1099	46.3	203	109	0	12	214	6	208	3.63e-61	189
lcl|CP015118.1_prot_ARN21946.1_3896	iCN718.ABAYE_RS04585	46.7	570	260	13	1	534	1	562	7.38e-151	445
lcl|CP015118.1_prot_ARN21947.1_3897	iSynCJ816.SGL_RS12955	40.6	128	68	2	1	123	1	125	8.73e-29	102
lcl|CP015118.1_prot_ARN21947.1_3897	iCN718.ABAYE_RS05715	41.4	128	67	3	1	123	1	125	1.49e-27	99.0
lcl|CP015118.1_prot_ARN21949.1_3900	iSF_1195.SF2934	25.9	174	111	6	232	394	3	169	3.68e-05	45.4
lcl|CP015118.1_prot_ARN21949.1_3900	iML1515.b2943	25.9	174	111	6	232	394	16	182	6.54e-05	44.7
lcl|CP015118.1_prot_ARN21949.1_3900	iYL1228.KPN_03376	25.9	174	111	6	232	394	16	182	6.54e-05	44.7
lcl|CP015118.1_prot_ARN21949.1_3900	iSbBS512_1146.SbBS512_E3375	25.9	174	111	6	232	394	16	182	6.54e-05	44.7
lcl|CP015118.1_prot_ARN21949.1_3900	iSDY_1059.SDY_3129	25.9	174	111	6	232	394	16	182	6.54e-05	44.7
lcl|CP015118.1_prot_ARN21949.1_3900	iSSON_1240.SSON_3097	25.9	174	111	6	232	394	16	182	6.54e-05	44.7
lcl|CP015118.1_prot_ARN21949.1_3900	STM_v1_0.STM3091	24.1	174	114	6	232	394	16	182	1.51e-04	43.5
lcl|CP015118.1_prot_ARN21950.1_3901	iJN1463.PP_0129	47.8	159	79	2	313	468	485	642	7.26e-32	128
lcl|CP015118.1_prot_ARN21950.1_3901	iAF987.Gmet_0069	44.9	176	93	3	299	470	128	303	9.38e-33	126
lcl|CP015118.1_prot_ARN21950.1_3901	iAF987.Gmet_1298	45.1	162	84	2	312	468	183	344	1.75e-30	120
lcl|CP015118.1_prot_ARN21950.1_3901	iSbBS512_1146.SbBS512_E0302	38.2	178	108	1	296	471	188	365	1.06e-29	119
lcl|CP015118.1_prot_ARN21950.1_3901	iAF987.Gmet_0043	42.2	161	88	1	313	468	415	575	1.76e-28	118
lcl|CP015118.1_prot_ARN21950.1_3901	iSDY_1059.SDY_0358	36.1	191	120	1	283	471	180	370	4.04e-29	117
lcl|CP015118.1_prot_ARN21950.1_3901	iAF987.Gmet_2425	43.3	178	94	5	295	468	170	344	7.75e-29	116
lcl|CP015118.1_prot_A4W93_19760_3905	iJN1463.PP_5213	66.4	512	143	3	1	512	1	483	4.44e-250	692
lcl|CP015118.1_prot_A4W93_19760_3905	iSF_1195.SF3919	64.1	512	155	3	1	512	4	486	4.96e-242	672
lcl|CP015118.1_prot_A4W93_19760_3905	STM_v1_0.STM3978	64.3	512	154	3	1	512	4	486	8.33e-242	671
lcl|CP015118.1_prot_A4W93_19760_3905	iYL1228.KPN_04337	64.1	512	155	3	1	512	1	483	1.14e-241	671
lcl|CP015118.1_prot_A4W93_19760_3905	iML1515.b3843	64.3	512	154	4	1	512	4	486	4.05e-241	669
lcl|CP015118.1_prot_A4W93_19760_3905	iSSON_1240.SSON_4016	64.3	512	154	4	1	512	4	486	4.05e-241	669
lcl|CP015118.1_prot_A4W93_19760_3905	iPC815.YPO3769	64.1	512	155	4	1	512	4	486	5.96e-241	669
lcl|CP015118.1_prot_A4W93_19760_3905	iSDY_1059.SDY_3902	64.3	512	154	4	1	512	4	486	8.16e-241	669
lcl|CP015118.1_prot_A4W93_19760_3905	iSbBS512_1146.SbBS512_E4313	64.1	512	155	4	1	512	4	486	1.64e-240	668
lcl|CP015118.1_prot_ARN21954.1_3906	iAF987.Gmet_3262	37.8	98	50	2	115	206	122	214	1.72e-09	57.0
lcl|CP015118.1_prot_ARN21954.1_3906	iPC815.YPO0452	40.7	91	44	3	126	206	473	563	1.72e-08	55.1
lcl|CP015118.1_prot_ARN21955.1_3907	STM_v1_0.STM2555	62.6	414	153	1	4	415	3	416	8.21e-191	535
lcl|CP015118.1_prot_ARN21955.1_3907	iJN1463.PP_0671	63.2	416	151	2	1	415	1	415	2.35e-190	533
lcl|CP015118.1_prot_ARN21955.1_3907	iYL1228.KPN_02876	61.8	414	156	1	4	415	3	416	7.76e-189	530
lcl|CP015118.1_prot_ARN21955.1_3907	iSSON_1240.SSON_2634	61.6	414	157	1	4	415	3	416	1.27e-187	526
lcl|CP015118.1_prot_ARN21955.1_3907	iML1515.b2551	61.4	414	158	1	4	415	3	416	3.64e-187	525
lcl|CP015118.1_prot_ARN21955.1_3907	iSbBS512_1146.SbBS512_E2916	61.4	414	158	1	4	415	3	416	3.64e-187	525
lcl|CP015118.1_prot_ARN21955.1_3907	iSF_1195.SF2598	61.4	414	158	1	4	415	3	416	3.64e-187	525
lcl|CP015118.1_prot_ARN21955.1_3907	iSDY_1059.SDY_2741	61.4	414	158	1	4	415	3	416	7.33e-187	525
lcl|CP015118.1_prot_ARN21955.1_3907	iCN718.ABAYE_RS06300	62.2	410	153	2	8	415	6	415	5.98e-186	522
lcl|CP015118.1_prot_ARN21955.1_3907	iJN1463.PP_0322	63.4	418	150	3	1	416	1	417	8.49e-186	522
lcl|CP015118.1_prot_ARN21955.1_3907	iPC815.YPO2907	59.4	414	166	1	4	415	3	416	1.32e-182	514
lcl|CP015118.1_prot_ARN21955.1_3907	iLJ478.TM0720	61.0	415	155	2	9	416	5	419	3.64e-175	495
lcl|CP015118.1_prot_ARN21955.1_3907	iSynCJ816.SGL_RS04690	58.6	408	168	1	9	415	9	416	4.57e-171	485
lcl|CP015118.1_prot_ARN23973.1_3914	iYL1228.KPN_00366	49.2	362	163	6	1	349	7	360	1.92e-96	290
lcl|CP015118.1_prot_ARN23973.1_3914	iSSON_1240.SSON_0391	46.8	363	170	6	1	349	7	360	7.93e-93	281
lcl|CP015118.1_prot_ARN23973.1_3914	iJN1463.PP_0514	48.5	367	168	7	1	355	15	372	6.30e-92	279
lcl|CP015118.1_prot_ARN23973.1_3914	iSbBS512_1146.SbBS512_E0335	46.3	363	172	6	1	349	7	360	2.54e-91	277
lcl|CP015118.1_prot_ARN23973.1_3914	iSF_1195.SF0351	46.3	363	172	6	1	349	7	360	2.54e-91	277
lcl|CP015118.1_prot_ARN23973.1_3914	iML1515.b0414	46.3	363	172	6	1	349	7	360	3.60e-91	277
lcl|CP015118.1_prot_ARN23973.1_3914	STM_v1_0.STM0416	46.6	363	171	6	1	349	7	360	3.60e-91	277
lcl|CP015118.1_prot_ARN23973.1_3914	iSDY_1059.SDY_0320	46.3	363	172	6	1	349	7	360	5.09e-91	276
lcl|CP015118.1_prot_ARN23973.1_3914	iPC815.YPO3183	45.4	368	180	5	1	355	8	367	3.13e-87	267
lcl|CP015118.1_prot_ARN21962.1_3915	iJN1463.PP_0515	47.5	204	95	4	1	202	1	194	3.33e-55	174
lcl|CP015118.1_prot_ARN21962.1_3915	iCN718.ABAYE_RS17635	47.1	204	95	6	1	202	1	193	3.28e-52	167
lcl|CP015118.1_prot_ARN21962.1_3915	iAF987.Gmet_1625	43.8	210	105	5	1	208	1	199	1.56e-49	160
lcl|CP015118.1_prot_ARN21963.1_3916	iCN718.ABAYE_RS01020	56.8	370	151	6	1	363	1	368	4.79e-124	361
lcl|CP015118.1_prot_ARN21963.1_3916	iJN1463.PP_0516	53.3	362	167	2	3	363	9	369	4.48e-121	353
lcl|CP015118.1_prot_ARN21963.1_3916	iJN1463.PP_3813	53.2	361	164	3	1	356	1	361	2.51e-116	342
lcl|CP015118.1_prot_ARN21964.1_3917	iCN900.CD630_16970	45.6	147	76	1	12	154	7	153	3.59e-38	127
lcl|CP015118.1_prot_ARN21966.1_3919	iYS854.USA300HOU_RS06130	30.4	270	182	5	74	341	9	274	7.05e-33	133
lcl|CP015118.1_prot_ARN21967.1_3921	iSbBS512_1146.SbBS512_E0658	43.2	125	69	2	7	130	6	129	7.33e-27	97.1
lcl|CP015118.1_prot_ARN21967.1_3921	iSF_1195.SF0561	43.2	125	69	2	7	130	6	129	7.33e-27	97.1
lcl|CP015118.1_prot_ARN21967.1_3921	iSSON_1240.SSON_0688	43.2	125	69	2	7	130	6	129	7.33e-27	97.1
lcl|CP015118.1_prot_ARN21967.1_3921	iSDY_1059.SDY_0684	41.6	125	71	2	7	130	6	129	3.78e-24	90.1
lcl|CP015118.1_prot_ARN21968.1_3922	iYL1228.KPN_03426	39.9	213	98	5	1	199	1	197	1.31e-33	120
lcl|CP015118.1_prot_ARN21968.1_3922	iPC815.YPO0682	38.0	234	109	7	4	220	118	332	1.47e-32	120
lcl|CP015118.1_prot_ARN21968.1_3922	iSbBS512_1146.SbBS512_E3434	35.2	233	141	2	1	229	6	232	8.35e-33	119
lcl|CP015118.1_prot_ARN21968.1_3922	iML1515.b3006	36.1	238	132	6	1	229	6	232	3.26e-32	117
lcl|CP015118.1_prot_ARN21968.1_3922	iSDY_1059.SDY_3067	36.1	238	132	6	1	229	6	232	3.26e-32	117
lcl|CP015118.1_prot_ARN21968.1_3922	iSSON_1240.SSON_3149	36.1	238	132	6	1	229	6	232	3.26e-32	117
lcl|CP015118.1_prot_ARN21968.1_3922	STM_v1_0.STM3159	39.5	215	96	6	1	199	6	202	4.57e-32	117
lcl|CP015118.1_prot_ARN21968.1_3922	iSF_1195.SF3051	36.1	238	132	6	1	229	6	232	9.03e-32	116
lcl|CP015118.1_prot_ARN21968.1_3922	iJN1463.PP_5306	35.5	234	119	3	1	220	88	303	1.22e-30	115
lcl|CP015118.1_prot_ARN21969.1_3923	iYL1228.KPN_03425	42.1	126	66	3	16	139	17	137	8.86e-19	76.6
lcl|CP015118.1_prot_ARN21969.1_3923	STM_v1_0.STM3158	38.9	126	70	3	16	139	17	137	3.87e-17	72.4
lcl|CP015118.1_prot_ARN21973.1_3928	iYO844.BSU12290	24.7	287	188	10	58	321	77	358	8.45e-04	40.8
lcl|CP015118.1_prot_ARN21983.1_3940	iJN1463.PP_1418	31.8	236	142	12	28	250	18	247	1.84e-16	78.6
lcl|CP015118.1_prot_ARN21984.1_3941	iJN1463.PP_1444	52.8	794	336	11	16	780	18	801	2.74e-294	827
lcl|CP015118.1_prot_ARN21984.1_3941	iYL1228.KPN_00132	50.0	776	370	10	20	781	9	780	1.37e-274	776
lcl|CP015118.1_prot_ARN21984.1_3941	iML1515.b0124	48.3	776	383	11	20	781	21	792	6.48e-263	747
lcl|CP015118.1_prot_ARN21986.1_3943	iYS854.USA300HOU_RS03880	27.1	177	111	5	408	576	385	551	7.39e-09	58.5
lcl|CP015118.1_prot_ARN21995.1_3953	iML1515.b1967	23.0	152	104	5	78	224	134	277	6.14e-05	42.7
lcl|CP015118.1_prot_ARN21996.1_3954	iLJ478.TM1724	34.7	242	138	6	6	231	6	243	5.27e-35	124
lcl|CP015118.1_prot_ARN21996.1_3954	iCN900.CD630_25770	28.8	243	154	5	5	231	3	242	1.82e-31	115
lcl|CP015118.1_prot_ARN21996.1_3954	iHN637.CLJU_RS20765	33.7	243	142	5	5	231	6	245	2.74e-31	115
lcl|CP015118.1_prot_ARN21996.1_3954	iNF517.LLMG_RS08950	33.9	242	147	3	1	231	1	240	2.44e-31	115
lcl|CP015118.1_prot_ARN21996.1_3954	iSynCJ816.SGL_RS07245	32.9	243	140	5	6	231	7	243	1.46e-30	113
lcl|CP015118.1_prot_ARN21997.1_3955	iJN1463.PP_2504	38.0	71	37	1	1	71	1	64	2.00e-13	58.5
lcl|CP015118.1_prot_ARN21998.1_3956	iEK1008.Rv2781c	37.8	325	183	5	15	331	8	321	2.17e-45	158
lcl|CP015118.1_prot_ARN21998.1_3956	iCN718.ABAYE_RS05345	34.4	337	216	4	13	347	7	340	3.52e-44	155
lcl|CP015118.1_prot_ARN21999.1_3957	iJN1463.PP_1494	43.9	180	101	0	128	307	155	334	7.80e-45	155
lcl|CP015118.1_prot_ARN22001.1_3960	STM_v1_0.STM1792	35.4	458	257	10	16	437	5	459	5.74e-66	221
lcl|CP015118.1_prot_ARN22001.1_3960	iSDY_1059.SDY_0953	33.3	496	298	9	16	478	5	500	8.37e-65	218
lcl|CP015118.1_prot_ARN22001.1_3960	iSF_1195.SF0980	33.1	496	299	9	16	478	5	500	1.63e-64	217
lcl|CP015118.1_prot_ARN22001.1_3960	iSbBS512_1146.SbBS512_E2337	32.9	496	300	9	16	478	5	500	4.46e-64	216
lcl|CP015118.1_prot_ARN22001.1_3960	iML1515.b0978	32.9	496	300	9	16	478	5	500	1.70e-63	214
lcl|CP015118.1_prot_ARN22001.1_3960	iSSON_1240.SSON_0984	32.7	496	301	9	16	478	5	500	1.70e-63	214
lcl|CP015118.1_prot_ARN22001.1_3960	iSSON_1240.SSON_0685	31.6	474	285	7	11	448	1	471	2.89e-63	214
lcl|CP015118.1_prot_ARN22001.1_3960	iML1515.b0733	31.6	472	284	7	13	448	2	470	7.68e-63	213
lcl|CP015118.1_prot_ARN22001.1_3960	iYL1228.KPN_00736	31.0	504	309	7	11	478	1	501	5.80e-62	211
lcl|CP015118.1_prot_ARN22001.1_3960	STM_v1_0.STM0740	32.5	458	276	8	13	437	2	459	4.19e-61	208
lcl|CP015118.1_prot_ARN22001.1_3960	iPC815.YPO1117	31.5	470	283	7	16	449	5	471	5.84e-61	208
lcl|CP015118.1_prot_ARN22001.1_3960	iCN718.ABAYE_RS08510	31.1	498	310	8	14	478	5	502	2.50e-60	206
lcl|CP015118.1_prot_ARN22002.1_3961	iML1515.b2989	45.5	220	106	5	16	227	42	255	9.31e-53	171
lcl|CP015118.1_prot_ARN22002.1_3961	iJN1463.PP_2933	41.8	237	119	6	2	230	33	258	9.38e-51	166
lcl|CP015118.1_prot_ARN22002.1_3961	iML1515.b2302	43.1	209	111	3	21	228	2	203	9.39e-50	161
lcl|CP015118.1_prot_ARN22004.1_3963	iEK1008.Rv3537	36.5	578	327	12	8	567	2	557	5.31e-94	298
lcl|CP015118.1_prot_ARN22005.1_3964	iAF987.Gmet_1392	33.9	257	159	4	7	254	3	257	3.25e-32	119
lcl|CP015118.1_prot_ARN22006.1_3965	iEK1008.Rv3537	33.1	565	345	13	14	562	6	553	1.99e-63	218
lcl|CP015118.1_prot_ARN22007.1_3966	iCN900.CD630_27100	27.3	227	140	7	4	219	10	222	9.20e-12	63.5
lcl|CP015118.1_prot_ARN22011.1_3970	iNF517.LLMG_RS03890	31.7	145	86	4	3	138	7	147	1.44e-10	59.7
lcl|CP015118.1_prot_ARN22011.1_3970	iYS854.USA300HOU_RS07520	30.5	131	88	2	11	138	17	147	2.15e-09	56.2
lcl|CP015118.1_prot_ARN22011.1_3970	iML1515.b3833	25.1	203	137	6	11	198	31	233	4.29e-09	55.5
lcl|CP015118.1_prot_ARN22011.1_3970	iSbBS512_1146.SbBS512_E4305	25.1	203	137	6	11	198	31	233	4.29e-09	55.5
lcl|CP015118.1_prot_ARN22011.1_3970	iSDY_1059.SDY_3910	25.1	203	137	6	11	198	31	233	4.29e-09	55.5
lcl|CP015118.1_prot_ARN22011.1_3970	iSF_1195.SF3911	25.1	203	137	6	11	198	31	233	4.29e-09	55.5
lcl|CP015118.1_prot_ARN22011.1_3970	iSSON_1240.SSON_4008	25.1	203	137	6	11	198	31	233	4.29e-09	55.5
lcl|CP015118.1_prot_ARN22011.1_3970	iAF987.Gmet_0844	34.8	132	83	2	40	171	42	170	1.62e-08	53.9
lcl|CP015118.1_prot_ARN22012.1_3971	iEK1008.Rv0386	39.6	424	235	6	118	538	190	595	3.49e-61	225
lcl|CP015118.1_prot_ARN22013.1_3972	iYO844.BSU33960	31.1	212	139	4	18	222	12	223	5.69e-19	88.6
lcl|CP015118.1_prot_ARN22016.1_3975	iHN637.CLJU_RS16400	52.1	526	251	1	23	548	19	543	8.69e-199	565
lcl|CP015118.1_prot_ARN22016.1_3975	iCN900.CD630_25150	50.6	538	264	2	12	548	5	541	3.13e-191	546
lcl|CP015118.1_prot_ARN22020.1_3980	iAF987.Gmet_0333	25.3	352	231	9	46	374	58	400	2.41e-14	73.9
lcl|CP015118.1_prot_ARN22025.1_3985	iAF987.Gmet_2425	40.1	167	94	4	216	380	182	344	2.51e-25	105
lcl|CP015118.1_prot_ARN22025.1_3985	iAF987.Gmet_0069	41.3	172	95	4	212	380	133	301	1.88e-25	104
lcl|CP015118.1_prot_ARN22025.1_3985	iML1515.b1025	38.3	162	99	1	219	380	280	440	2.94e-23	100
lcl|CP015118.1_prot_ARN22025.1_3985	iJN1463.PP_1761	39.5	162	93	3	221	380	397	555	1.76e-21	96.3
lcl|CP015118.1_prot_ARN22025.1_3985	iAF987.Gmet_3085	38.4	172	96	4	212	378	451	617	5.88e-21	94.7
lcl|CP015118.1_prot_ARN22030.1_3990	iCN900.CD630_08680	34.1	208	130	3	142	345	100	304	1.03e-27	110
lcl|CP015118.1_prot_ARN22030.1_3990	iHN637.CLJU_RS02395	34.2	199	130	1	149	346	117	315	6.20e-27	108
lcl|CP015118.1_prot_ARN22030.1_3990	iYO844.BSU33370	32.7	202	128	3	148	346	108	304	6.37e-25	102
lcl|CP015118.1_prot_ARN22031.1_3991	iCN718.ABAYE_RS04780	57.3	764	326	0	5	768	18	781	1.38e-319	891
lcl|CP015118.1_prot_ARN22033.1_3993	iEK1008.Rv2899c	33.2	247	146	7	20	252	23	264	2.50e-25	100
lcl|CP015118.1_prot_ARN22033.1_3993	iAF987.Gmet_1062	30.7	254	163	6	6	258	2	243	8.24e-21	90.9
lcl|CP015118.1_prot_ARN22035.1_3995	iJN1463.PP_4686	33.0	191	114	6	27	211	66	248	1.36e-17	80.1
lcl|CP015118.1_prot_ARN22036.1_3996	iEK1008.Rv3703c	27.9	437	240	13	22	406	7	420	4.54e-38	142
lcl|CP015118.1_prot_ARN22038.1_3998	iAF987.Gmet_1914	35.2	105	62	2	4	106	3	103	7.47e-08	52.4
lcl|CP015118.1_prot_ARN22038.1_3998	iAF987.Gmet_1919	32.7	110	68	2	5	112	5	110	1.14e-07	51.6
lcl|CP015118.1_prot_ARN22038.1_3998	iAF987.Gmet_2999	36.3	80	47	2	42	117	43	122	2.92e-06	47.4
lcl|CP015118.1_prot_ARN22039.1_4000	iJN1463.PP_0184	61.4	459	177	0	7	465	8	466	2.40e-203	570
lcl|CP015118.1_prot_ARN22039.1_4000	iCN718.ABAYE_RS17470	61.8	453	172	1	13	464	20	472	1.46e-199	561
lcl|CP015118.1_prot_ARN22039.1_4000	iAF987.Gmet_0209	56.2	447	196	0	13	459	7	453	7.44e-183	518
lcl|CP015118.1_prot_ARN22040.1_4001	iYL1228.KPN_03021	39.0	182	103	3	5	184	8	183	1.49e-27	103
lcl|CP015118.1_prot_ARN22040.1_4001	STM_v1_0.STM2820	37.9	182	105	3	5	184	8	183	4.52e-26	99.4
lcl|CP015118.1_prot_ARN22040.1_4001	iML1515.b2690	38.0	187	98	4	5	184	8	183	6.35e-26	99.0
lcl|CP015118.1_prot_ARN22040.1_4001	iSSON_1240.SSON_2834	38.0	187	98	4	5	184	8	183	6.35e-26	99.0
lcl|CP015118.1_prot_ARN22040.1_4001	iSDY_1059.SDY_2887	38.8	188	95	6	5	184	8	183	3.48e-25	97.1
lcl|CP015118.1_prot_ARN22040.1_4001	iSF_1195.SF2717	37.4	187	99	4	5	184	8	183	6.87e-25	96.3
lcl|CP015118.1_prot_ARN22043.1_4004	iCHOv1.100773211	32.7	150	92	5	44	193	87	227	2.36e-15	75.1
lcl|CP015118.1_prot_ARN22045.1_4006	iSynCJ816.SGL_RS06795	37.0	73	46	0	1	73	3	75	9.67e-11	52.4
lcl|CP015118.1_prot_ARN22045.1_4006	STM_v1_0.STM3702	40.0	70	39	2	5	73	4	71	1.73e-10	51.6
lcl|CP015118.1_prot_ARN22045.1_4006	iPC815.YPO0066	42.3	71	38	2	4	73	3	71	1.69e-10	51.6
lcl|CP015118.1_prot_ARN22045.1_4006	iJN1463.PP_5054	40.0	70	39	2	5	73	4	71	2.50e-10	51.2
lcl|CP015118.1_prot_ARN22045.1_4006	iYL1228.KPN_03954	40.0	70	39	2	5	73	4	71	3.47e-10	50.8
lcl|CP015118.1_prot_ARN22045.1_4006	iML1515.b3610	37.1	70	41	2	5	73	4	71	4.91e-10	50.4
lcl|CP015118.1_prot_ARN22045.1_4006	iSbBS512_1146.SbBS512_E4038	37.1	70	41	2	5	73	4	71	4.91e-10	50.4
lcl|CP015118.1_prot_ARN22045.1_4006	iSDY_1059.SDY_4043	37.1	70	41	2	5	73	4	71	4.91e-10	50.4
lcl|CP015118.1_prot_ARN22045.1_4006	iSSON_1240.SSON_3795	37.1	70	41	2	5	73	4	71	4.91e-10	50.4
lcl|CP015118.1_prot_ARN22045.1_4006	iSF_1195.SF3649	37.1	70	41	2	5	73	4	71	6.95e-10	50.1
lcl|CP015118.1_prot_ARN22045.1_4006	iSynCJ816.SGL_RS17425	37.5	64	40	0	4	67	22	85	3.42e-09	48.9
lcl|CP015118.1_prot_ARN22046.1_4007	iCHOv1.100758427	39.1	69	41	1	3	70	18	86	9.00e-07	47.8
lcl|CP015118.1_prot_ARN22056.1_4017	iCN900.CD630_02510	46.5	443	201	5	36	474	25	435	7.07e-123	365
lcl|CP015118.1_prot_ARN23982.1_4023	iJN1463.PP_1169	31.9	279	187	2	20	296	31	308	1.36e-51	172
lcl|CP015118.1_prot_ARN22063.1_4027	iML1515.b3571	35.9	131	68	4	64	181	188	315	9.22e-15	77.0
lcl|CP015118.1_prot_ARN22063.1_4027	iSF_1195.SF3615	35.9	131	68	4	64	181	188	315	9.22e-15	77.0
lcl|CP015118.1_prot_ARN22063.1_4027	iYL1228.KPN_03935	35.9	131	68	4	64	181	188	315	4.92e-14	74.7
lcl|CP015118.1_prot_ARN22063.1_4027	STM_v1_0.STM3664	35.1	131	69	4	64	181	187	314	4.91e-14	74.7
lcl|CP015118.1_prot_ARN22063.1_4027	iSynCJ816.SGL_RS08250	24.6	467	241	16	95	522	72	466	3.70e-14	74.7
lcl|CP015118.1_prot_ARN22063.1_4027	iYL1228.KPN_04651	40.0	115	47	3	67	181	13	105	1.25e-13	73.2
lcl|CP015118.1_prot_ARN22063.1_4027	iPC815.YPO3696	34.7	121	57	3	67	187	13	111	1.26e-13	73.2
lcl|CP015118.1_prot_ARN22063.1_4027	iSbBS512_1146.SbBS512_E3951	34.4	131	70	4	64	181	188	315	2.62e-13	72.4
lcl|CP015118.1_prot_ARN22063.1_4027	STM_v1_0.STM4453	37.2	121	54	3	67	187	12	110	8.88e-13	70.5
lcl|CP015118.1_prot_ARN22065.1_4029	iEK1008.Rv0386	41.4	58	34	0	135	192	1027	1084	8.53e-06	45.4
lcl|CP015118.1_prot_ARN22068.1_4033	iML1515.b4093	37.5	56	35	0	240	295	78	133	8.53e-04	38.9
lcl|CP015118.1_prot_ARN22069.1_4034	iPC815.YPO3831	34.9	189	111	4	23	209	27	205	1.62e-24	95.5
lcl|CP015118.1_prot_ARN22069.1_4034	STM_v1_0.STM3960	35.8	159	94	3	54	210	54	206	3.62e-22	89.4
lcl|CP015118.1_prot_ARN22069.1_4034	iYL1228.KPN_04320	34.7	190	112	4	23	210	27	206	3.82e-21	86.7
lcl|CP015118.1_prot_ARN22069.1_4034	iML1515.b3824	35.8	190	110	5	23	210	27	206	5.35e-21	86.3
lcl|CP015118.1_prot_ARN22069.1_4034	iSbBS512_1146.SbBS512_E4291	35.8	190	110	5	23	210	27	206	5.35e-21	86.3
lcl|CP015118.1_prot_ARN22080.1_4045	iCN900.CD630_11530	39.4	109	56	3	161	269	2	100	2.50e-16	73.9
lcl|CP015118.1_prot_ARN22080.1_4045	iYO844.BSU22480	39.8	108	55	3	162	269	3	100	4.63e-15	70.5
lcl|CP015118.1_prot_ARN22080.1_4045	iHN637.CLJU_RS03595	39.8	108	55	3	162	269	3	100	4.57e-15	70.1
lcl|CP015118.1_prot_ARN22080.1_4045	iLJ478.TM1185	38.7	106	56	2	159	264	15	111	1.68e-14	69.7
lcl|CP015118.1_prot_ARN22088.1_4055	iCN900.CD630_33570	30.3	76	48	2	67	138	54	128	4.25e-04	39.3
lcl|CP015118.1_prot_ARN22092.1_4059	iJN1463.PP_0121	42.3	310	173	4	1	309	1	305	4.84e-69	217
lcl|CP015118.1_prot_ARN22094.1_4061	iSynCJ816.SGL_RS07245	36.4	195	120	3	5	198	6	197	3.46e-28	107
lcl|CP015118.1_prot_ARN22094.1_4061	iYL1228.KPN_02061	36.0	203	128	2	6	208	3	203	8.23e-28	106
lcl|CP015118.1_prot_ARN22094.1_4061	iYS854.USA300HOU_RS06185	37.6	197	117	4	5	199	2	194	2.44e-27	105
lcl|CP015118.1_prot_ARN22094.1_4061	iAF987.Gmet_1601	34.1	208	130	3	1	204	1	205	4.98e-27	104
lcl|CP015118.1_prot_ARN22094.1_4061	iLB1027_lipid.PHATRDRAFT_13073	30.8	214	142	3	5	215	6	216	1.64e-25	100
lcl|CP015118.1_prot_ARN22094.1_4061	iCN718.ABAYE_RS09790	37.1	186	109	4	6	186	8	190	1.02e-24	98.6
lcl|CP015118.1_prot_ARN22100.1_4067	iYO844.BSU32130	67.1	313	102	1	3	314	4	316	1.35e-153	433
lcl|CP015118.1_prot_ARN22100.1_4067	iNF517.LLMG_RS07130	64.2	313	111	1	3	314	7	319	1.34e-149	423
lcl|CP015118.1_prot_ARN22100.1_4067	iYS854.USA300HOU_RS06800	64.1	315	112	1	1	314	1	315	9.52e-149	421
lcl|CP015118.1_prot_ARN22100.1_4067	iIT341.HP0854	63.8	315	113	1	1	314	3	317	1.59e-145	412
lcl|CP015118.1_prot_ARN22102.1_4069	iCN718.ABAYE_RS04250	50.8	954	420	12	4	921	10	950	0.0	949
lcl|CP015118.1_prot_ARN22102.1_4069	iJN1463.PP_0977	51.9	963	404	17	6	928	3	946	0.0	949
lcl|CP015118.1_prot_ARN22102.1_4069	iPC815.YPO3443	50.6	961	427	11	4	928	15	963	0.0	935
lcl|CP015118.1_prot_ARN22102.1_4069	iYL1228.KPN_04663	50.3	964	425	14	4	928	1	949	0.0	922
lcl|CP015118.1_prot_ARN22102.1_4069	iSF_1195.SF4231	50.1	963	429	14	4	928	1	949	0.0	908
lcl|CP015118.1_prot_ARN22102.1_4069	iSSON_1240.SSON_4443	50.1	963	429	14	4	928	1	949	0.0	907
lcl|CP015118.1_prot_ARN22102.1_4069	iSbBS512_1146.SbBS512_E4823	50.1	963	429	14	4	928	1	949	0.0	907
lcl|CP015118.1_prot_ARN22102.1_4069	iSDY_1059.SDY_4282	50.1	963	429	14	4	928	1	949	0.0	905
lcl|CP015118.1_prot_ARN22102.1_4069	STM_v1_0.STM4475	49.6	960	432	13	4	925	1	946	3.93e-317	897
lcl|CP015118.1_prot_ARN22103.1_4070	iHN637.CLJU_RS05680	27.7	242	160	3	68	297	94	332	5.40e-26	105
lcl|CP015118.1_prot_ARN22103.1_4070	iEK1008.Rv2996c	25.7	296	207	4	3	290	6	296	3.23e-22	96.7
lcl|CP015118.1_prot_ARN22104.1_4071	iAF987.Gmet_1159	52.8	284	133	1	1	284	1	283	4.95e-107	312
lcl|CP015118.1_prot_ARN22104.1_4071	iCN900.CD630_27150	51.4	284	137	1	1	284	3	285	8.09e-106	309
lcl|CP015118.1_prot_ARN22104.1_4071	iHN637.CLJU_RS16855	52.3	287	136	1	1	287	1	286	1.29e-105	309
lcl|CP015118.1_prot_ARN22104.1_4071	iCN900.CD630_34880	50.7	284	139	1	1	284	3	285	5.44e-101	298
lcl|CP015118.1_prot_ARN22104.1_4071	iYS854.USA300HOU_RS13545	49.6	284	142	1	3	286	4	286	1.49e-95	283
lcl|CP015118.1_prot_ARN22106.1_4073	iEK1008.Rv3199c	31.3	150	85	5	23	162	144	285	8.89e-12	62.0
lcl|CP015118.1_prot_ARN22106.1_4073	iCN718.ABAYE_RS13345	28.8	132	83	5	7	136	91	213	6.62e-10	56.2
lcl|CP015118.1_prot_ARN22107.1_4074	iJN1463.PP_1654	64.9	296	100	1	4	299	5	296	2.01e-140	397
lcl|CP015118.1_prot_ARN22107.1_4074	STM_v1_0.STM2440	60.5	294	112	2	6	299	3	292	2.58e-125	359
lcl|CP015118.1_prot_ARN22107.1_4074	iML1515.b2421	59.9	294	114	2	6	299	3	292	1.04e-124	358
lcl|CP015118.1_prot_ARN22113.1_4080	STM_v1_0.STM2093	34.6	338	205	7	1	338	1	322	5.16e-63	203
lcl|CP015118.1_prot_ARN22117.1_4084	iMM904.YJR109C	44.6	56	30	1	249	304	283	337	6.06e-05	45.8
lcl|CP015118.1_prot_ARN22120.1_4087	iJN1463.PP_0735	56.9	248	104	2	1	247	2	247	4.47e-89	263
lcl|CP015118.1_prot_ARN22121.1_4088	iAM_Pb448.PBANKA_071570	48.3	147	75	1	133	278	180	326	1.74e-42	149
lcl|CP015118.1_prot_ARN22121.1_4088	iAM_Pc455.PCYB_052680	42.3	163	86	2	139	300	187	342	3.71e-39	140
lcl|CP015118.1_prot_ARN22121.1_4088	iAM_Pv461.PVX_089645	41.1	163	88	2	139	300	212	367	4.61e-38	137
lcl|CP015118.1_prot_ARN22122.1_4089	iYO844.BSU40320	40.1	302	174	3	1	301	1	296	8.45e-70	218
lcl|CP015118.1_prot_ARN22122.1_4089	iYS854.USA300HOU_RS11670	36.6	303	179	5	5	301	7	302	3.64e-64	204
lcl|CP015118.1_prot_ARN22123.1_4090	iNF517.LLMG_RS08950	36.5	252	146	7	8	257	4	243	1.03e-37	132
lcl|CP015118.1_prot_ARN22123.1_4090	iSynCJ816.SGL_RS07245	36.5	249	144	6	10	255	7	244	6.13e-33	120
lcl|CP015118.1_prot_ARN22123.1_4090	iHN637.CLJU_RS20765	33.7	249	155	5	9	255	6	246	8.81e-33	119
lcl|CP015118.1_prot_ARN22130.1_4097	iNF517.LLMG_RS07830	25.9	116	71	3	93	193	124	239	6.27e-04	40.0
lcl|CP015118.1_prot_ARN22133.1_4101	iEK1008.Rv0294	53.5	43	20	0	48	90	30	72	1.93e-05	43.9
lcl|CP015118.1_prot_ARN22136.1_4104	iIS312.TCDM_10538	31.0	116	69	3	136	240	36	151	5.66e-06	47.4
lcl|CP015118.1_prot_ARN22140.1_4109	iJN1463.PP_5066	47.7	398	196	7	18	411	37	426	3.40e-94	296
lcl|CP015118.1_prot_ARN22145.1_4114	iAF987.Gmet_0043	26.4	254	159	9	295	527	20	266	2.06e-13	72.4
lcl|CP015118.1_prot_ARN23986.1_4116	iJN1463.PP_3819	52.3	455	211	2	3	456	2	451	4.61e-155	447
lcl|CP015118.1_prot_ARN22147.1_4117	iJN1463.PP_3264	37.3	394	203	5	20	413	8	357	3.29e-70	226
lcl|CP015118.1_prot_ARN22147.1_4117	STM_v1_0.STM0812	39.5	367	181	9	13	373	1	332	4.27e-67	219
lcl|CP015118.1_prot_ARN22147.1_4117	iSbBS512_1146.SbBS512_E2563	37.5	373	200	6	13	383	1	342	9.14e-66	215
lcl|CP015118.1_prot_ARN22147.1_4117	iML1515.b0789	37.5	373	200	6	13	383	1	342	1.28e-65	215
lcl|CP015118.1_prot_ARN22147.1_4117	iSSON_1240.SSON_0768	37.5	373	200	6	13	383	1	342	1.28e-65	215
lcl|CP015118.1_prot_ARN22147.1_4117	iSF_1195.SF0739	37.3	373	201	6	13	383	1	342	2.54e-65	214
lcl|CP015118.1_prot_ARN22147.1_4117	iSDY_1059.SDY_0814	37.3	373	201	6	13	383	1	342	4.63e-65	213
lcl|CP015118.1_prot_ARN22147.1_4117	iYL1228.KPN_00817	35.8	411	219	11	13	409	1	380	8.99e-62	205
lcl|CP015118.1_prot_ARN22149.1_4119	iPC815.YPO2054	46.2	143	68	5	12	152	4	139	2.43e-25	94.4
lcl|CP015118.1_prot_ARN22149.1_4119	STM_v1_0.STM1900	44.8	143	70	5	12	152	7	142	1.30e-22	87.4
lcl|CP015118.1_prot_ARN22149.1_4119	iYL1228.KPN_02379	41.5	142	76	4	12	152	4	139	6.76e-22	85.5
lcl|CP015118.1_prot_ARN22150.1_4120	iAF987.Gmet_1823	32.0	122	77	1	15	136	14	129	7.35e-10	59.7
lcl|CP015118.1_prot_ARN22150.1_4120	iJN1463.PP_4867	36.6	93	58	1	16	108	11	102	1.71e-08	55.5
lcl|CP015118.1_prot_ARN22150.1_4120	iSynCJ816.SGL_RS11810	35.6	87	56	0	35	121	56	142	3.51e-08	54.7
lcl|CP015118.1_prot_ARN22157.1_4127	iNF517.LLMG_RS03890	33.0	112	74	1	37	147	48	159	4.71e-12	63.9
lcl|CP015118.1_prot_ARN22157.1_4127	iYS854.USA300HOU_RS07520	34.8	112	70	2	37	147	50	159	3.37e-10	58.5
lcl|CP015118.1_prot_ARN22160.1_4130	iJN1463.PP_1213	62.6	591	213	4	1	590	2	585	1.79e-265	738
lcl|CP015118.1_prot_ARN22160.1_4130	iCN718.ABAYE_RS03490	60.7	595	224	5	1	593	2	588	1.26e-258	721
lcl|CP015118.1_prot_ARN22160.1_4130	iPC815.YPO2053	57.4	599	247	4	1	598	1	592	1.46e-239	673
lcl|CP015118.1_prot_ARN22160.1_4130	iYL1228.KPN_02380	57.0	589	247	4	1	589	1	583	6.12e-238	669
lcl|CP015118.1_prot_ARN22160.1_4130	iSbBS512_1146.SbBS512_E1106	57.0	589	247	4	1	589	1	583	2.07e-237	667
lcl|CP015118.1_prot_ARN22160.1_4130	iSDY_1059.SDY_1153	57.0	589	247	4	1	589	1	583	2.94e-237	667
lcl|CP015118.1_prot_ARN22160.1_4130	iSSON_1240.SSON_1275	57.0	589	247	4	1	589	1	583	2.94e-237	667
lcl|CP015118.1_prot_ARN22160.1_4130	STM_v1_0.STM1901	56.9	589	248	4	1	589	1	583	8.38e-237	665
lcl|CP015118.1_prot_ARN22162.1_4133	iJN1463.PP_4524	27.8	443	291	13	6	442	8	427	2.78e-36	139
lcl|CP015118.1_prot_ARN22162.1_4133	iCN900.CD630_22020	27.2	427	287	9	14	433	12	421	7.64e-34	132
lcl|CP015118.1_prot_ARN22162.1_4133	iAT_PLT_636.60482	26.2	466	300	11	2	443	8	453	2.74e-31	126
lcl|CP015118.1_prot_ARN23988.1_4135	iAF987.Gmet_1914	33.0	106	71	0	2	107	3	108	1.46e-13	68.6
lcl|CP015118.1_prot_ARN22166.1_4138	iIS312.TCDM_14202	29.0	93	57	2	44	127	54	146	4.43e-05	40.8
lcl|CP015118.1_prot_ARN22167.1_4139	iAF987.Gmet_1188	52.5	61	28	1	203	262	6	66	6.65e-08	52.4
lcl|CP015118.1_prot_ARN22170.1_4142	STM_v1_0.STM1195	30.7	231	140	5	1	216	1	226	2.38e-17	78.6
lcl|CP015118.1_prot_ARN22170.1_4142	iML1515.b1093	29.9	231	142	5	1	216	1	226	1.65e-16	76.3
lcl|CP015118.1_prot_ARN22170.1_4142	iSbBS512_1146.SbBS512_E2231	29.9	231	142	5	1	216	1	226	1.65e-16	76.3
lcl|CP015118.1_prot_ARN22170.1_4142	iSDY_1059.SDY_2057	29.9	231	142	5	1	216	1	226	1.65e-16	76.3
lcl|CP015118.1_prot_ARN22170.1_4142	iSF_1195.SF1097	29.9	231	142	5	1	216	1	226	1.65e-16	76.3
lcl|CP015118.1_prot_ARN22170.1_4142	iSSON_1240.SSON_1113	29.9	231	142	5	1	216	1	226	1.65e-16	76.3
lcl|CP015118.1_prot_ARN22170.1_4142	iYL1228.KPN_01091	30.5	203	131	4	1	198	1	198	3.14e-16	75.5
lcl|CP015118.1_prot_ARN22170.1_4142	iLJ478.TM1724	27.8	230	151	5	1	216	1	229	1.16e-15	73.9
lcl|CP015118.1_prot_ARN22170.1_4142	iPC815.YPO1599	30.2	212	142	4	1	209	1	209	7.68e-15	71.6
lcl|CP015118.1_prot_ARN22172.1_4144	iLJ478.TM1624	25.2	622	421	12	56	651	58	661	2.45e-46	177
lcl|CP015118.1_prot_ARN23989.1_4147	iEK1008.Rv1679	24.5	364	236	10	35	383	13	352	5.22e-16	78.6
lcl|CP015118.1_prot_ARN23990.1_4148	iMM904.YKL192C	44.4	45	20	1	31	75	77	116	5.85e-06	40.8
lcl|CP015118.1_prot_ARN23990.1_4148	iHN637.CLJU_RS06285	29.2	72	45	2	4	75	4	69	5.63e-05	37.4
lcl|CP015118.1_prot_ARN22175.1_4149	iYS854.USA300HOU_RS13930	32.6	181	89	7	10	173	15	179	5.40e-15	76.3
lcl|CP015118.1_prot_ARN22176.1_4150	iYL1228.KPN_04331	54.7	466	207	3	6	467	8	473	9.18e-171	493
lcl|CP015118.1_prot_ARN22176.1_4150	iJN1463.PP_5013	51.7	516	229	6	1	509	6	508	2.14e-170	491
lcl|CP015118.1_prot_ARN22176.1_4150	STM_v1_0.STM3972	54.9	466	204	4	6	466	8	472	2.41e-168	486
lcl|CP015118.1_prot_ARN22176.1_4150	iPC815.YPO3779	49.6	534	245	6	6	515	7	540	2.49e-167	484
lcl|CP015118.1_prot_ARN22176.1_4150	iSbBS512_1146.SbBS512_E4307	53.7	469	205	4	6	466	8	472	3.14e-166	481
lcl|CP015118.1_prot_ARN22176.1_4150	iSDY_1059.SDY_3908	53.7	469	205	4	6	466	8	472	3.14e-166	481
lcl|CP015118.1_prot_ARN22176.1_4150	iSF_1195.SF3913	53.7	469	205	4	6	466	8	472	3.14e-166	481
lcl|CP015118.1_prot_ARN22176.1_4150	iSSON_1240.SSON_4010	53.7	469	205	4	6	466	8	472	3.14e-166	481
lcl|CP015118.1_prot_ARN22178.1_4152	iYO844.BSU38860	60.1	333	133	0	4	336	3	335	1.64e-146	416
lcl|CP015118.1_prot_ARN22178.1_4152	iMM1415.74246	56.3	343	143	2	1	336	1	343	6.12e-134	384
lcl|CP015118.1_prot_ARN22178.1_4152	iCN900.CD630_27140	55.0	333	150	0	4	336	3	335	1.43e-132	380
lcl|CP015118.1_prot_ARN22178.1_4152	iCHOv1.100759306	55.7	341	144	2	3	336	20	360	2.06e-131	379
lcl|CP015118.1_prot_ARN22179.1_4153	iAF987.Gmet_0043	36.0	75	43	1	627	696	192	266	1.91e-06	50.8
lcl|CP015118.1_prot_ARN22180.1_4154	iAF987.Gmet_1914	26.3	118	87	0	1	118	1	118	9.28e-12	63.2
lcl|CP015118.1_prot_ARN22181.1_4155	iAF987.Gmet_2999	29.8	121	83	1	6	124	8	128	5.77e-09	52.4
lcl|CP015118.1_prot_ARN22185.1_4161	iAF987.Gmet_0043	29.7	155	99	5	460	608	119	269	2.64e-09	59.7
lcl|CP015118.1_prot_ARN22186.1_4162	iAF987.Gmet_1914	33.0	97	65	0	10	106	6	102	1.08e-09	57.0
lcl|CP015118.1_prot_ARN22189.1_4165	iAF987.Gmet_3011	31.7	284	185	5	5	281	2	283	6.42e-27	105
lcl|CP015118.1_prot_ARN22189.1_4165	iCN718.ABAYE_RS18705	32.9	258	156	4	7	251	3	256	1.46e-24	99.8
lcl|CP015118.1_prot_ARN22189.1_4165	iJN1463.PP_4666	29.9	291	190	5	7	284	3	292	2.72e-23	96.3
lcl|CP015118.1_prot_ARN22191.1_4167	iJN1463.PP_4144	28.0	175	83	7	60	233	52	184	4.36e-07	49.3
lcl|CP015118.1_prot_ARN22196.1_4172	iCN718.ABAYE_RS05715	61.1	126	48	1	10	135	2	126	1.99e-50	156
lcl|CP015118.1_prot_ARN22196.1_4172	iSynCJ816.SGL_RS12955	55.6	124	54	1	11	134	3	125	2.77e-45	143
lcl|CP015118.1_prot_ARN22198.1_4176	iJN1463.PP_3958	66.7	442	145	1	10	449	8	449	9.65e-204	570
lcl|CP015118.1_prot_ARN22200.1_4178	iAF987.Gmet_0700	29.9	398	242	6	147	529	178	553	9.72e-39	150
lcl|CP015118.1_prot_ARN22200.1_4178	iAF987.Gmet_2629	34.3	289	180	2	247	529	260	544	4.32e-38	149
lcl|CP015118.1_prot_ARN22200.1_4178	iAF987.Gmet_0957	49.1	173	87	1	356	527	181	353	3.68e-37	145
lcl|CP015118.1_prot_ARN22200.1_4178	iAF987.Gmet_0782	41.8	182	105	1	349	529	279	460	8.18e-34	135
lcl|CP015118.1_prot_ARN22201.1_4179	iCN718.ABAYE_RS19045	28.1	178	122	3	21	194	25	200	4.98e-13	68.6
lcl|CP015118.1_prot_ARN22202.1_4180	iJN1463.PP_4219	39.2	1686	949	32	26	1670	492	2142	1.16e-300	948
lcl|CP015118.1_prot_ARN22206.1_4184	iJN1463.PP_3357	58.2	483	200	2	1	483	1	481	7.93e-186	527
lcl|CP015118.1_prot_ARN22207.1_4185	STM_v1_0.STM3560	41.3	235	133	4	2	233	4	236	4.56e-48	158
lcl|CP015118.1_prot_ARN22207.1_4185	iYL1228.KPN_03816	40.8	233	133	4	4	233	6	236	3.62e-47	155
lcl|CP015118.1_prot_ARN22207.1_4185	iSbBS512_1146.SbBS512_E3868	39.5	233	136	4	4	233	10	240	3.60e-45	150
lcl|CP015118.1_prot_ARN22207.1_4185	iSSON_1240.SSON_3692	39.5	233	136	4	4	233	10	240	3.60e-45	150
lcl|CP015118.1_prot_ARN22207.1_4185	iML1515.b3454	39.5	233	136	4	4	233	6	236	4.55e-45	150
lcl|CP015118.1_prot_ARN22207.1_4185	iSDY_1059.SDY_3603	39.1	233	137	4	4	233	10	240	4.01e-44	148
lcl|CP015118.1_prot_ARN22207.1_4185	iSF_1195.SF3472	39.1	233	137	4	4	233	6	236	3.60e-44	148
lcl|CP015118.1_prot_ARN22207.1_4185	iLJ478.TM1139	40.3	233	135	4	4	233	6	237	8.43e-43	144
lcl|CP015118.1_prot_ARN22208.1_4186	iPC815.YPO3805	42.0	255	135	1	2	243	1	255	2.32e-55	177
lcl|CP015118.1_prot_ARN22208.1_4186	iLJ478.TM1138	39.3	275	135	1	2	244	6	280	1.50e-54	176
lcl|CP015118.1_prot_ARN22208.1_4186	iSSON_1240.SSON_3693	40.2	251	135	3	7	243	5	254	4.18e-50	164
lcl|CP015118.1_prot_ARN22208.1_4186	iML1515.b3455	40.2	251	135	3	7	243	5	254	5.90e-50	164
lcl|CP015118.1_prot_ARN22208.1_4186	iSbBS512_1146.SbBS512_E3867	40.2	251	135	3	7	243	5	254	5.90e-50	164
lcl|CP015118.1_prot_ARN22208.1_4186	iSF_1195.SF3473	40.2	251	135	3	7	243	5	254	5.90e-50	164
lcl|CP015118.1_prot_ARN22208.1_4186	iYL1228.KPN_03817	40.6	251	134	3	7	243	5	254	1.18e-49	163
lcl|CP015118.1_prot_ARN22208.1_4186	iSDY_1059.SDY_3604	39.8	251	136	3	7	243	5	254	1.66e-49	162
lcl|CP015118.1_prot_ARN22208.1_4186	STM_v1_0.STM3561	40.6	251	134	3	7	243	5	254	6.60e-49	161
lcl|CP015118.1_prot_ARN22208.1_4186	iJN1463.PP_1138	37.6	250	143	2	7	243	5	254	1.86e-48	160
lcl|CP015118.1_prot_ARN22209.1_4187	iAF987.Gmet_1821	29.9	244	153	7	59	289	67	305	1.46e-17	81.3
lcl|CP015118.1_prot_ARN22209.1_4187	iJN1463.PP_1139	26.9	323	198	7	7	295	94	412	2.46e-15	75.5
lcl|CP015118.1_prot_ARN22209.1_4187	iLJ478.TM1137	28.3	251	155	5	35	263	48	295	3.44e-15	74.7
lcl|CP015118.1_prot_ARN22209.1_4187	iSDY_1059.SDY_3605	25.5	330	209	6	3	298	88	414	1.51e-14	73.2
lcl|CP015118.1_prot_ARN22210.1_4188	iJN1463.PP_1140	31.0	297	184	6	10	291	11	301	4.42e-36	130
lcl|CP015118.1_prot_ARN22210.1_4188	iJN1463.PP_4866	30.8	302	189	5	4	291	3	298	3.11e-35	128
lcl|CP015118.1_prot_ARN22210.1_4188	iJN1463.PP_4842	31.4	309	179	7	3	292	196	490	9.23e-34	128
lcl|CP015118.1_prot_ARN22210.1_4188	iLJ478.TM1136	29.2	301	187	8	7	292	5	294	2.09e-34	126
lcl|CP015118.1_prot_ARN22210.1_4188	iSynCJ816.SGL_RS11390	30.4	289	183	6	8	289	5	282	4.31e-34	125
lcl|CP015118.1_prot_ARN22210.1_4188	STM_v1_0.STM3563	28.3	300	194	6	7	291	9	302	1.41e-32	121
lcl|CP015118.1_prot_ARN22210.1_4188	iYL1228.KPN_03819	29.0	300	192	6	7	291	9	302	1.97e-32	121
lcl|CP015118.1_prot_ARN22210.1_4188	iPC815.YPO3807	29.3	300	191	7	7	291	9	302	3.84e-32	120
lcl|CP015118.1_prot_ARN22210.1_4188	iML1515.b3457	29.0	300	192	8	7	291	9	302	5.35e-32	120
lcl|CP015118.1_prot_ARN22210.1_4188	iSbBS512_1146.SbBS512_E3865	29.0	300	192	8	7	291	9	302	5.35e-32	120
lcl|CP015118.1_prot_ARN22210.1_4188	iSF_1195.SF3475	29.3	300	191	8	7	291	9	302	5.35e-32	120
lcl|CP015118.1_prot_ARN22210.1_4188	iSSON_1240.SSON_3695	29.0	300	192	8	7	291	9	302	5.35e-32	120
lcl|CP015118.1_prot_ARN22211.1_4189	iLJ478.TM1135	24.7	295	199	10	71	351	43	328	4.48e-09	57.4
lcl|CP015118.1_prot_ARN22214.1_4192	iCN718.ABAYE_RS18625	36.4	118	69	3	61	174	58	173	4.50e-09	54.7
lcl|CP015118.1_prot_ARN22218.1_4198	iCN718.ABAYE_RS18215	46.2	249	134	0	1	249	1	249	2.37e-77	234
lcl|CP015118.1_prot_ARN22219.1_4199	iSSON_1240.SSON_4052	42.6	406	223	4	18	417	22	423	1.09e-105	320
lcl|CP015118.1_prot_ARN22219.1_4199	iYL1228.KPN_02458	41.6	421	235	5	8	422	18	433	1.61e-105	319
lcl|CP015118.1_prot_ARN22219.1_4199	iML1515.b1981	40.3	424	244	5	8	427	19	437	1.57e-102	311
lcl|CP015118.1_prot_ARN22219.1_4199	iSDY_1059.SDY_2254	40.3	419	241	5	8	422	19	432	8.86e-102	310
lcl|CP015118.1_prot_ARN22220.1_4201	iCN718.ABAYE_RS18920	62.9	334	122	2	5	338	4	335	1.54e-149	424
lcl|CP015118.1_prot_ARN22221.1_4202	iAF987.Gmet_1994	64.9	424	148	1	3	426	7	429	2.26e-191	537
lcl|CP015118.1_prot_ARN22221.1_4202	iCN718.ABAYE_RS18925	61.8	390	149	0	4	393	8	397	1.57e-173	491
lcl|CP015118.1_prot_ARN22222.1_4203	iJN1463.PP_4943	33.7	184	117	3	160	340	159	340	1.53e-17	82.8
lcl|CP015118.1_prot_ARN22222.1_4203	iYO844.BSU35590	30.3	218	140	5	151	366	174	381	3.06e-17	82.0
lcl|CP015118.1_prot_ARN22222.1_4203	iEK1008.Rv1212c	30.7	309	176	13	89	366	81	382	3.51e-15	75.9
lcl|CP015118.1_prot_ARN22224.1_4205	iEK1008.Rv2188c	28.2	383	242	11	28	388	3	374	9.89e-24	101
lcl|CP015118.1_prot_ARN22230.1_4211	iEK1008.Rv2188c	35.6	208	122	5	143	340	142	347	2.79e-24	102
lcl|CP015118.1_prot_ARN22233.1_4215	iYS854.USA300HOU_RS14480	22.9	236	162	7	45	267	49	277	1.81e-08	55.5
lcl|CP015118.1_prot_ARN22233.1_4215	iSynCJ816.SGL_RS10570	30.3	119	77	2	42	154	107	225	4.58e-07	51.2
lcl|CP015118.1_prot_ARN22235.1_4217	iHN637.CLJU_RS16795	26.7	135	93	3	378	507	40	173	3.15e-07	52.8
lcl|CP015118.1_prot_ARN22240.1_4222	STM_v1_0.STM2082	33.8	343	194	7	144	467	148	476	4.30e-38	144
lcl|CP015118.1_prot_ARN22240.1_4222	iML1515.b2047	40.5	195	113	2	275	467	271	464	4.95e-38	144
lcl|CP015118.1_prot_ARN22241.1_4223	iML1515.b3833	61.6	245	91	2	1	242	6	250	9.78e-103	298
lcl|CP015118.1_prot_ARN22241.1_4223	iSbBS512_1146.SbBS512_E4305	61.6	245	91	2	1	242	6	250	9.78e-103	298
lcl|CP015118.1_prot_ARN22241.1_4223	iSDY_1059.SDY_3910	61.6	245	91	2	1	242	6	250	9.78e-103	298
lcl|CP015118.1_prot_ARN22241.1_4223	iSF_1195.SF3911	61.6	245	91	2	1	242	6	250	9.78e-103	298
lcl|CP015118.1_prot_ARN22241.1_4223	iSSON_1240.SSON_4008	61.6	245	91	2	1	242	6	250	9.78e-103	298
lcl|CP015118.1_prot_ARN22241.1_4223	STM_v1_0.STM3970	60.0	245	95	2	1	242	6	250	1.61e-101	295
lcl|CP015118.1_prot_ARN22241.1_4223	iPC815.YPO3781	60.3	242	93	2	4	242	9	250	9.24e-101	293
lcl|CP015118.1_prot_ARN22241.1_4223	iYL1228.KPN_04329	57.6	245	101	2	1	242	6	250	2.49e-98	286
lcl|CP015118.1_prot_ARN22241.1_4223	iJN1463.PP_5011	58.7	242	97	2	4	242	14	255	5.93e-98	286
lcl|CP015118.1_prot_ARN22241.1_4223	iCN718.ABAYE_RS17020	59.5	242	95	3	4	242	73	314	3.37e-96	283
lcl|CP015118.1_prot_ARN22244.1_4226	iIT341.HP0509	22.3	619	283	19	174	783	28	457	1.82e-24	108
lcl|CP015118.1_prot_ARN22245.1_4227	iPC815.YPO3796	54.5	418	187	3	23	438	23	439	1.72e-160	459
lcl|CP015118.1_prot_ARN22245.1_4227	STM_v1_0.STM3557	53.8	437	196	4	4	438	5	437	2.36e-160	459
lcl|CP015118.1_prot_ARN22245.1_4227	iYL1228.KPN_03813	53.8	437	196	4	4	438	5	437	6.71e-160	458
lcl|CP015118.1_prot_ARN22245.1_4227	iML1515.b3453	53.6	435	196	4	6	438	7	437	7.72e-159	455
lcl|CP015118.1_prot_ARN22245.1_4227	iSbBS512_1146.SbBS512_E3870	53.6	435	196	4	6	438	7	437	7.72e-159	455
lcl|CP015118.1_prot_ARN22246.1_4228	iPC815.YPO3795	59.6	287	116	0	7	293	8	294	3.67e-121	348
lcl|CP015118.1_prot_ARN22246.1_4228	iYL1228.KPN_03812	58.6	292	121	0	2	293	3	294	2.44e-119	343
lcl|CP015118.1_prot_ARN22246.1_4228	iML1515.b3452	58.2	292	122	0	2	293	3	294	9.31e-117	337
lcl|CP015118.1_prot_ARN22246.1_4228	STM_v1_0.STM3556	57.9	292	123	0	2	293	3	294	9.31e-117	337
lcl|CP015118.1_prot_ARN22246.1_4228	iSbBS512_1146.SbBS512_E3871	57.9	292	123	0	2	293	3	294	5.35e-116	335
lcl|CP015118.1_prot_ARN22247.1_4229	iSbBS512_1146.SbBS512_E3872	59.5	284	111	2	1	283	1	281	3.83e-110	319
lcl|CP015118.1_prot_ARN22247.1_4229	iML1515.b3451	59.2	284	112	2	1	283	1	281	1.55e-109	318
lcl|CP015118.1_prot_ARN22247.1_4229	iPC815.YPO3794	59.0	283	114	2	1	283	1	281	1.55e-109	318
lcl|CP015118.1_prot_ARN22247.1_4229	iYL1228.KPN_03811	58.1	284	115	2	1	283	1	281	5.11e-108	314
lcl|CP015118.1_prot_ARN22247.1_4229	STM_v1_0.STM3555	58.1	284	115	2	1	283	1	281	8.37e-107	311
lcl|CP015118.1_prot_ARN22248.1_4230	iPC815.YPO3793	59.8	361	133	7	1	354	1	356	2.23e-131	379
lcl|CP015118.1_prot_ARN22248.1_4230	STM_v1_0.STM3554	57.5	360	142	7	1	353	1	356	9.39e-128	370
lcl|CP015118.1_prot_ARN22248.1_4230	iML1515.b3450	57.5	360	142	7	1	353	1	356	1.33e-127	369
lcl|CP015118.1_prot_ARN22248.1_4230	iYL1228.KPN_03810	57.4	359	142	7	1	352	1	355	2.68e-127	369
lcl|CP015118.1_prot_ARN22248.1_4230	iSbBS512_1146.SbBS512_E3873	57.5	360	142	7	1	353	1	356	1.08e-126	367
lcl|CP015118.1_prot_ARN22249.1_4231	iSbBS512_1146.SbBS512_E3875	48.5	241	122	2	6	246	4	242	6.88e-75	227
lcl|CP015118.1_prot_ARN22249.1_4231	iSF_1195.SF3466	48.5	241	122	2	6	246	4	242	6.88e-75	227
lcl|CP015118.1_prot_ARN22249.1_4231	iSSON_1240.SSON_3687	48.5	241	122	2	6	246	4	242	6.88e-75	227
lcl|CP015118.1_prot_ARN22249.1_4231	iYL1228.KPN_03809	48.5	241	122	2	6	246	4	242	2.69e-74	226
lcl|CP015118.1_prot_ARN22249.1_4231	STM_v1_0.STM3553	49.4	241	120	2	6	246	4	242	5.39e-74	225
lcl|CP015118.1_prot_ARN22249.1_4231	iML1515.b3449	47.7	241	124	2	6	246	4	242	1.58e-73	224
lcl|CP015118.1_prot_ARN22253.1_4235	iCN900.CD630_35200	34.3	286	187	1	12	296	2	287	1.17e-50	169
lcl|CP015118.1_prot_ARN23998.1_4239	iCN718.ABAYE_RS07190	56.3	229	99	1	1	229	1	228	2.92e-82	245
lcl|CP015118.1_prot_ARN23998.1_4239	iCN900.CD630_22540	54.7	225	101	1	1	225	1	224	3.71e-82	244
lcl|CP015118.1_prot_ARN23998.1_4239	iHN637.CLJU_RS14520	52.0	229	110	0	1	229	1	229	4.57e-81	241
lcl|CP015118.1_prot_ARN22267.1_4251	iSynCJ816.SGL_RS16015	34.6	234	146	3	12	239	33	265	1.81e-43	147
lcl|CP015118.1_prot_ARN22267.1_4251	iSynCJ816.SGL_RS14865	33.2	247	163	2	1	246	5	250	2.92e-43	146
lcl|CP015118.1_prot_ARN22267.1_4251	iSynCJ816.SGL_RS14930	35.4	237	152	1	3	238	31	267	3.58e-41	142
lcl|CP015118.1_prot_A4W93_21530_4257	iCHOv1.100757665	34.2	79	51	1	55	132	65	143	5.07e-05	40.8
lcl|CP015118.1_prot_A4W93_21530_4257	iMM1415.69215	36.0	75	47	1	56	129	89	163	2.87e-04	38.9
lcl|CP015118.1_prot_ARN22319.1_4308	iJN1463.PP_1346	59.2	397	160	1	13	409	11	405	9.25e-154	440
lcl|CP015118.1_prot_ARN22319.1_4308	iCN718.ABAYE_RS15470	60.7	394	154	1	16	409	14	406	1.94e-148	426
lcl|CP015118.1_prot_ARN22321.1_4310	iAF987.Gmet_3012	48.1	106	54	1	186	290	29	134	3.08e-24	97.4
lcl|CP015118.1_prot_ARN22321.1_4310	iAF987.Gmet_1350	41.5	123	71	1	183	305	87	208	7.35e-22	92.0
lcl|CP015118.1_prot_ARN22321.1_4310	iML1515.b1856	42.9	105	60	0	195	299	303	407	5.12e-20	89.7
lcl|CP015118.1_prot_ARN22324.1_4313	iCHOv1.100758427	30.7	179	116	3	4	179	26	199	4.75e-17	76.3
lcl|CP015118.1_prot_ARN22324.1_4313	iCHOv1.100764455	29.8	178	113	4	3	171	54	228	9.48e-15	71.2
lcl|CP015118.1_prot_ARN22324.1_4313	iMM1415.14874	29.2	178	114	4	3	171	7	181	2.35e-15	71.2
lcl|CP015118.1_prot_ARN22325.1_4314	iJN1463.PP_1319	42.5	268	132	7	1	256	1	258	3.60e-63	198
lcl|CP015118.1_prot_ARN22326.1_4315	iJN1463.PP_1318	55.4	446	152	1	16	461	3	401	3.23e-178	504
lcl|CP015118.1_prot_ARN22327.1_4316	iJN1463.PP_1317	49.0	200	95	4	1	198	1	195	1.25e-62	192
lcl|CP015118.1_prot_ARN22328.1_4317	iML1515.b3291	48.6	144	59	3	1	142	1	131	1.14e-32	112
lcl|CP015118.1_prot_ARN22330.1_4319	STM_v1_0.STM0163	44.2	339	164	7	2	331	4	326	2.59e-78	242
lcl|CP015118.1_prot_ARN22330.1_4319	iAF987.Gmet_3404	48.3	329	155	5	4	328	8	325	5.25e-78	241
lcl|CP015118.1_prot_ARN22332.1_4321	iEK1008.Rv0125	31.7	271	142	11	111	357	76	327	6.68e-20	89.7
lcl|CP015118.1_prot_ARN22336.1_4325	iML1515.b1103	48.5	103	51	2	8	109	6	107	7.23e-31	105
lcl|CP015118.1_prot_ARN22338.1_4327	iJN1463.PP_5015	57.0	107	42	1	5	107	2	108	7.91e-36	118
lcl|CP015118.1_prot_ARN22339.1_4328	iJN1463.PP_5014	61.1	126	46	1	3	128	4	126	3.35e-56	171
lcl|CP015118.1_prot_ARN22339.1_4328	iCN718.ABAYE_RS17040	58.3	127	50	1	2	128	5	128	9.69e-51	161
lcl|CP015118.1_prot_ARN22340.1_4329	STM_v1_0.STM1301	42.0	119	68	1	19	136	8	126	1.70e-20	81.3
lcl|CP015118.1_prot_ARN22340.1_4329	iPC815.YPO0565	39.6	101	61	0	15	115	4	104	6.48e-18	74.3
lcl|CP015118.1_prot_ARN22347.1_4336	iCN718.ABAYE_RS14570	57.9	285	118	2	18	300	10	294	2.64e-113	329
lcl|CP015118.1_prot_ARN22347.1_4336	iJN1463.PP_5289	59.3	285	111	2	20	300	12	295	3.62e-113	328
lcl|CP015118.1_prot_ARN22353.1_4342	STM_v1_0.STM4176	57.5	530	214	4	2	529	9	529	5.50e-202	572
lcl|CP015118.1_prot_ARN22353.1_4342	iYL1228.KPN_04388	57.9	530	212	4	2	529	9	529	1.10e-201	571
lcl|CP015118.1_prot_ARN22353.1_4342	iSbBS512_1146.SbBS512_E4498	57.9	532	209	5	2	529	9	529	1.57e-201	571
lcl|CP015118.1_prot_ARN22353.1_4342	iSF_1195.SF4078	57.9	532	209	5	2	529	9	529	1.57e-201	571
lcl|CP015118.1_prot_ARN22353.1_4342	iSSON_1240.SSON_4179	57.9	532	209	5	2	529	9	529	1.57e-201	571
lcl|CP015118.1_prot_ARN22353.1_4342	iAF987.Gmet_2905	59.1	531	199	6	2	529	6	521	3.38e-201	570
lcl|CP015118.1_prot_ARN22353.1_4342	iSDY_1059.SDY_3720	57.9	532	209	5	2	529	9	529	6.33e-201	569
lcl|CP015118.1_prot_ARN22353.1_4342	iPC815.YPO3728	57.9	532	209	7	2	529	9	529	5.14e-200	567
lcl|CP015118.1_prot_ARN22353.1_4342	iML1515.b4006	57.5	532	211	5	2	529	9	529	7.28e-200	566
lcl|CP015118.1_prot_ARN22353.1_4342	iCN718.ABAYE_RS07255	58.8	532	203	6	2	529	5	524	3.51e-199	565
lcl|CP015118.1_prot_ARN22353.1_4342	iJN1463.PP_4822	57.7	534	210	6	2	529	12	535	5.91e-198	562
lcl|CP015118.1_prot_ARN22354.1_4343	iAF987.Gmet_0363	29.2	202	117	7	8	200	46	230	1.97e-11	60.8
lcl|CP015118.1_prot_ARN22355.1_4344	iPC815.YPO2816	29.0	307	199	9	20	320	15	308	4.16e-27	107
lcl|CP015118.1_prot_ARN22357.1_4346	iAF987.Gmet_1706	26.7	116	82	1	15	130	3	115	1.69e-05	42.7
lcl|CP015118.1_prot_ARN22360.1_4349	iYO844.BSU19710	22.6	420	286	11	10	404	13	418	3.38e-20	91.7
lcl|CP015118.1_prot_ARN22360.1_4349	iCN900.CD630_03030	26.6	305	198	8	17	299	15	315	4.10e-20	91.3
lcl|CP015118.1_prot_ARN22361.1_4350	iYL1228.KPN_01761	43.1	392	220	3	197	587	30	419	2.00e-95	298
lcl|CP015118.1_prot_ARN22361.1_4350	iPC815.YPO3249	43.6	381	212	3	202	581	34	412	5.52e-95	297
lcl|CP015118.1_prot_ARN22362.1_4351	iYL1228.KPN_01787	67.2	305	95	2	5	309	8	307	4.76e-159	446
lcl|CP015118.1_prot_ARN22362.1_4351	iJN1463.PP_4286	61.9	310	109	4	1	309	1	302	2.06e-143	406
lcl|CP015118.1_prot_ARN22364.1_4353	iJN1463.PP_4285	52.1	117	56	0	1	117	1	117	2.70e-40	129
lcl|CP015118.1_prot_ARN22367.1_4357	iAF987.Gmet_2425	43.5	168	92	2	43	210	181	345	8.22e-33	121
lcl|CP015118.1_prot_ARN22367.1_4357	iAF987.Gmet_2721	41.7	175	96	3	43	214	497	668	2.17e-30	118
lcl|CP015118.1_prot_ARN22367.1_4357	iAF987.Gmet_0069	41.6	166	96	1	43	208	136	300	1.14e-31	117
lcl|CP015118.1_prot_ARN22367.1_4357	iJN1463.PP_1494	39.2	209	120	4	7	208	123	331	8.93e-31	115
lcl|CP015118.1_prot_ARN22367.1_4357	iAF987.Gmet_1298	41.1	158	91	2	52	208	187	343	4.57e-30	114
lcl|CP015118.1_prot_ARN22367.1_4357	iAF987.Gmet_1914	41.0	161	94	1	47	207	291	450	2.41e-29	114
lcl|CP015118.1_prot_ARN22367.1_4357	iSbBS512_1146.SbBS512_E0302	40.7	162	91	3	48	208	204	361	2.10e-29	112
lcl|CP015118.1_prot_ARN22367.1_4357	iSDY_1059.SDY_0358	40.1	162	92	3	48	208	209	366	1.17e-28	110
lcl|CP015118.1_prot_ARN22367.1_4357	iJN1463.PP_1761	39.3	163	91	3	49	208	397	554	1.51e-27	110
lcl|CP015118.1_prot_ARN22370.1_4360	iAF987.Gmet_2999	34.0	106	63	3	6	108	10	111	1.10e-07	52.8
lcl|CP015118.1_prot_ARN22370.1_4360	iAF987.Gmet_0069	32.7	110	67	3	3	108	2	108	1.68e-06	48.9
lcl|CP015118.1_prot_ARN22371.1_4361	iYL1228.KPN_03389	49.5	380	186	3	13	390	1	376	3.00e-123	360
lcl|CP015118.1_prot_ARN22371.1_4361	iPC815.YPO0946	49.6	377	184	3	16	390	4	376	9.13e-122	357
lcl|CP015118.1_prot_ARN22372.1_4362	iSbBS512_1146.SbBS512_E3386	50.0	196	93	2	2	195	3	195	2.35e-58	181
lcl|CP015118.1_prot_ARN22372.1_4362	iSF_1195.SF2945	50.0	196	93	2	2	195	3	195	2.35e-58	181
lcl|CP015118.1_prot_ARN22372.1_4362	iSSON_1240.SSON_3108	49.5	196	94	2	2	195	3	195	1.91e-57	179
lcl|CP015118.1_prot_ARN22372.1_4362	iSDY_1059.SDY_3118	49.5	196	94	2	2	195	3	195	7.69e-57	177
lcl|CP015118.1_prot_ARN22372.1_4362	iPC815.YPO0945	50.3	197	93	2	2	196	3	196	2.19e-56	176
lcl|CP015118.1_prot_ARN22372.1_4362	iCN718.ABAYE_RS16400	51.6	190	83	3	3	186	12	198	8.73e-56	175
lcl|CP015118.1_prot_ARN22372.1_4362	iML1515.b2954	48.0	196	97	2	2	195	3	195	6.22e-56	175
lcl|CP015118.1_prot_ARN22372.1_4362	iYL1228.KPN_03388	50.0	192	91	2	2	191	3	191	2.51e-55	174
lcl|CP015118.1_prot_ARN22372.1_4362	STM_v1_0.STM3103	48.0	196	97	2	2	195	3	195	3.55e-55	173
lcl|CP015118.1_prot_ARN22372.1_4362	iJN1463.PP_5100	50.3	197	88	4	2	193	6	197	2.21e-51	164
lcl|CP015118.1_prot_ARN22373.1_4363	iCN900.CD630_33080	59.9	237	95	0	5	241	3	239	2.65e-86	263
lcl|CP015118.1_prot_ARN22374.1_4364	iEK1008.Rv0018c	35.3	224	136	4	14	237	20	234	3.79e-26	107
lcl|CP015118.1_prot_ARN22375.1_4365	iYS854.USA300HOU_RS06130	31.9	226	123	7	18	239	10	208	9.06e-25	104
lcl|CP015118.1_prot_ARN22377.1_4367	iYL1228.KPN_03996	50.7	201	97	1	5	203	4	204	7.25e-61	188
lcl|CP015118.1_prot_ARN22377.1_4367	iML1515.b3648	49.8	201	99	1	5	203	4	204	2.06e-60	187
lcl|CP015118.1_prot_ARN22377.1_4367	iSbBS512_1146.SbBS512_E4099	49.8	201	99	1	5	203	4	204	2.06e-60	187
lcl|CP015118.1_prot_ARN22377.1_4367	iSF_1195.SF3688	49.8	201	99	1	5	203	4	204	2.06e-60	187
lcl|CP015118.1_prot_ARN22377.1_4367	iSSON_1240.SSON_3757	49.8	201	99	1	5	203	4	204	2.06e-60	187
lcl|CP015118.1_prot_ARN22377.1_4367	STM_v1_0.STM3740	49.8	201	99	1	5	203	4	204	1.18e-59	185
lcl|CP015118.1_prot_ARN22377.1_4367	iAF987.Gmet_2327	46.8	188	100	0	1	188	1	188	2.09e-59	184
lcl|CP015118.1_prot_ARN22377.1_4367	iSDY_1059.SDY_4080	49.3	201	100	1	5	203	4	204	2.37e-59	184
lcl|CP015118.1_prot_ARN22377.1_4367	iJN1463.PP_5296	50.5	190	94	0	5	194	6	195	9.25e-59	183
lcl|CP015118.1_prot_ARN22377.1_4367	iPC815.YPO0040	47.8	201	103	1	5	203	4	204	2.03e-55	174
lcl|CP015118.1_prot_ARN22379.1_4369	iML1515.b3650	45.9	714	360	6	46	759	14	701	4.65e-209	605
lcl|CP015118.1_prot_ARN22379.1_4369	iSbBS512_1146.SbBS512_E4101	45.9	714	360	6	46	759	14	701	4.65e-209	605
lcl|CP015118.1_prot_ARN22379.1_4369	iSF_1195.SF3690	45.9	714	360	6	46	759	14	701	4.65e-209	605
lcl|CP015118.1_prot_ARN22379.1_4369	iSSON_1240.SSON_3755	45.9	714	360	6	46	759	14	701	4.65e-209	605
lcl|CP015118.1_prot_ARN22379.1_4369	iYL1228.KPN_03998	45.8	718	361	7	45	759	13	705	1.50e-208	604
lcl|CP015118.1_prot_ARN22379.1_4369	iJN1463.PP_5302	44.8	723	370	7	39	759	6	701	2.64e-208	603
lcl|CP015118.1_prot_ARN22379.1_4369	iSDY_1059.SDY_4082	45.8	714	361	6	46	759	14	701	2.64e-208	603
lcl|CP015118.1_prot_ARN22379.1_4369	STM_v1_0.STM3742	45.7	714	363	5	46	759	14	702	7.73e-208	602
lcl|CP015118.1_prot_ARN22379.1_4369	iPC815.YPO0038	45.8	714	361	8	46	759	14	701	7.71e-205	595
lcl|CP015118.1_prot_ARN22381.1_4371	iJN1463.PP_1144	37.8	180	104	3	198	370	269	447	9.38e-27	111
lcl|CP015118.1_prot_ARN22381.1_4371	iAF987.Gmet_0043	42.9	163	82	4	218	370	414	575	2.28e-26	110
lcl|CP015118.1_prot_ARN22381.1_4371	iJN1463.PP_4670	42.9	177	88	5	204	368	230	405	1.49e-26	109
lcl|CP015118.1_prot_ARN22381.1_4371	iAF987.Gmet_2721	40.0	160	87	2	221	371	505	664	2.32e-25	107
lcl|CP015118.1_prot_ARN22381.1_4371	iML1515.b1341	40.5	173	92	5	208	373	242	410	4.05e-25	105
lcl|CP015118.1_prot_ARN22381.1_4371	iML1515.b1490	40.6	170	94	1	208	370	284	453	1.18e-24	104
lcl|CP015118.1_prot_ARN22381.1_4371	iAF987.Gmet_1298	38.0	166	94	3	216	372	181	346	5.20e-25	103
lcl|CP015118.1_prot_ARN22381.1_4371	iAF987.Gmet_0957	40.7	172	92	5	205	367	182	352	4.24e-24	103
lcl|CP015118.1_prot_ARN22381.1_4371	iAF987.Gmet_2425	40.8	157	83	3	222	370	190	344	9.79e-25	103
lcl|CP015118.1_prot_ARN22381.1_4371	iSbBS512_1146.SbBS512_E0302	38.0	166	97	2	210	369	196	361	2.99e-24	102
lcl|CP015118.1_prot_ARN22381.1_4371	iJN1463.PP_0129	40.1	172	96	2	207	372	474	644	1.91e-23	101
lcl|CP015118.1_prot_ARN22382.1_4372	iAF987.Gmet_0957	45.9	442	237	2	258	698	180	620	2.52e-130	399
lcl|CP015118.1_prot_ARN22382.1_4372	iAF987.Gmet_3085	46.1	445	238	2	254	697	440	883	1.30e-126	397
lcl|CP015118.1_prot_ARN22382.1_4372	iAF987.Gmet_2629	43.6	456	254	3	242	697	355	807	1.23e-122	384
lcl|CP015118.1_prot_ARN22382.1_4372	iAF987.Gmet_0987	45.5	435	236	1	258	692	345	778	5.77e-119	374
lcl|CP015118.1_prot_ARN22384.1_4374	iYL1228.KPN_03929	64.0	436	156	1	2	437	7	441	1.88e-213	594
lcl|CP015118.1_prot_ARN22384.1_4374	STM_v1_0.STM3661	64.4	436	154	1	2	437	3	437	1.54e-211	589
lcl|CP015118.1_prot_ARN22384.1_4374	iSbBS512_1146.SbBS512_E3959	63.3	436	159	1	2	437	3	437	3.41e-208	580
lcl|CP015118.1_prot_ARN22384.1_4374	iSSON_1240.SSON_3820	63.3	436	159	1	2	437	3	437	3.41e-208	580
lcl|CP015118.1_prot_ARN22384.1_4374	iML1515.b3565	63.1	436	160	1	2	437	3	437	2.79e-207	578
lcl|CP015118.1_prot_ARN22384.1_4374	iPC815.YPO4038	62.4	436	163	1	2	437	3	437	3.61e-205	573
lcl|CP015118.1_prot_ARN22385.1_4375	iYL1228.KPN_02542	61.6	479	183	1	1	479	1	478	4.14e-198	559
lcl|CP015118.1_prot_ARN22386.1_4376	iCHOv1.100753544	28.0	329	197	6	6	328	3	297	2.38e-38	137
lcl|CP015118.1_prot_ARN22387.1_4377	iHN637.CLJU_RS10220	32.0	203	123	3	141	334	66	262	9.84e-25	103
lcl|CP015118.1_prot_ARN22387.1_4377	iCN900.CD630_21940	26.3	266	187	4	8	271	13	271	1.05e-23	101
lcl|CP015118.1_prot_ARN22387.1_4377	iMM1415.50798	27.8	273	175	5	80	337	438	703	1.26e-21	97.1
lcl|CP015118.1_prot_ARN22387.1_4377	iCHOv1.100689450	27.1	273	177	6	80	337	407	672	1.63e-21	96.7
lcl|CP015118.1_prot_ARN22387.1_4377	iYO844.BSU24850	31.6	206	116	4	144	334	67	262	3.91e-22	95.9
lcl|CP015118.1_prot_ARN22388.1_4378	iEK1008.Rv2041c	25.3	395	230	19	50	396	59	436	4.05e-07	51.6
lcl|CP015118.1_prot_ARN22389.1_4379	iAM_Pc455.PCYB_094280	31.2	199	110	6	257	449	771	948	8.18e-10	61.2
lcl|CP015118.1_prot_ARN22389.1_4379	iAM_Pv461.PVX_092460	30.2	199	112	6	257	449	926	1103	1.33e-08	57.4
lcl|CP015118.1_prot_ARN22389.1_4379	iAM_Pf480.PF3D7_1136900	31.3	201	111	6	257	451	792	971	3.01e-08	56.2
lcl|CP015118.1_prot_ARN22391.1_4381	iMM1415.100043684	48.3	484	214	16	26	490	25	491	7.31e-130	394
lcl|CP015118.1_prot_ARN22391.1_4381	iCHOv1.100767001	48.0	485	214	17	26	490	25	491	1.45e-129	394
lcl|CP015118.1_prot_ARN22391.1_4381	iMM1415.11722	48.0	487	214	16	26	490	25	494	1.09e-126	386
lcl|CP015118.1_prot_ARN22393.1_4383	iAF987.Gmet_1914	30.7	101	70	0	4	104	4	104	8.15e-08	49.7
lcl|CP015118.1_prot_ARN22393.1_4383	iAF987.Gmet_1706	25.7	101	75	0	4	104	3	103	2.16e-06	45.4
lcl|CP015118.1_prot_ARN22395.1_4385	iAF987.Gmet_0043	26.2	267	172	7	236	486	12	269	8.00e-16	79.7
lcl|CP015118.1_prot_ARN22396.1_4386	iAF987.Gmet_1706	28.7	167	114	3	6	170	2	165	2.70e-16	76.3
lcl|CP015118.1_prot_ARN22396.1_4386	iAF987.Gmet_2999	25.7	183	126	3	1	173	4	186	1.43e-14	71.6
lcl|CP015118.1_prot_ARN22397.1_4387	iEK1008.Rv2674	46.5	129	66	2	31	156	5	133	2.11e-37	124
lcl|CP015118.1_prot_ARN22397.1_4387	iAF987.Gmet_0222	46.4	125	65	2	34	156	6	130	4.29e-33	118
lcl|CP015118.1_prot_ARN22397.1_4387	iPC815.YPO2158	47.0	115	60	1	41	154	12	126	5.71e-35	118
lcl|CP015118.1_prot_ARN22397.1_4387	STM_v1_0.STM1291	45.3	117	63	1	40	155	21	137	1.08e-34	118
lcl|CP015118.1_prot_ARN22397.1_4387	iYL1228.KPN_01198	43.8	121	67	1	35	154	6	126	1.15e-34	117
lcl|CP015118.1_prot_ARN22397.1_4387	iML1515.b1778	44.8	116	63	1	40	154	11	126	3.26e-34	116
lcl|CP015118.1_prot_ARN22397.1_4387	iSF_1195.SF1445	44.8	116	63	1	40	154	11	126	3.26e-34	116
lcl|CP015118.1_prot_ARN22397.1_4387	iSSON_1240.SSON_1385	44.8	116	63	1	40	154	11	126	3.26e-34	116
lcl|CP015118.1_prot_ARN22397.1_4387	iSDY_1059.SDY_1489	44.0	116	64	1	40	154	11	126	1.31e-33	115
lcl|CP015118.1_prot_ARN22399.1_4389	iAF987.Gmet_0268	48.3	149	76	1	56	204	5	152	1.82e-38	131
lcl|CP015118.1_prot_ARN22399.1_4389	iAF987.Gmet_0222	48.0	150	73	2	59	208	157	301	1.19e-36	130
lcl|CP015118.1_prot_ARN22399.1_4389	iEK1008.Rv0137c	47.3	150	74	2	59	208	5	149	4.48e-35	123
lcl|CP015118.1_prot_ARN22402.1_4393	iJN1463.PP_2334	72.5	291	80	0	8	298	5	295	8.72e-148	416
lcl|CP015118.1_prot_ARN22402.1_4393	STM_v1_0.STM0368	69.8	291	88	0	9	299	5	295	4.37e-143	404
lcl|CP015118.1_prot_ARN22402.1_4393	iCN718.ABAYE_RS18820	71.0	290	84	0	9	298	5	294	1.21e-142	403
lcl|CP015118.1_prot_ARN22402.1_4393	iML1515.b0331	70.0	287	86	0	9	295	5	291	2.47e-140	397
lcl|CP015118.1_prot_ARN22403.1_4394	iCN718.ABAYE_RS18815	79.7	385	77	1	1	385	1	384	4.51e-224	616
lcl|CP015118.1_prot_ARN22403.1_4394	iML1515.b0333	74.7	375	95	0	11	385	14	388	7.49e-210	580
lcl|CP015118.1_prot_ARN22403.1_4394	STM_v1_0.STM0369	74.4	375	96	0	11	385	14	388	6.13e-209	578
lcl|CP015118.1_prot_ARN22404.1_4395	iJN1463.PP_2336	85.4	861	124	2	1	860	1	860	0.0	1454
lcl|CP015118.1_prot_ARN22404.1_4395	iCN718.ABAYE_RS18810	78.0	865	183	4	1	859	1	864	0.0	1344
lcl|CP015118.1_prot_ARN22405.1_4396	iJN1463.PP_2513	36.3	394	208	11	6	396	3	356	1.23e-60	199
lcl|CP015118.1_prot_ARN22406.1_4397	iAF987.Gmet_1919	30.6	111	77	0	2	112	8	118	2.57e-11	58.5
lcl|CP015118.1_prot_ARN22407.1_4398	iAF987.Gmet_1914	29.4	109	77	0	19	127	6	114	1.10e-08	54.3
lcl|CP015118.1_prot_ARN24005.1_4400	iEK1008.Rv0134	29.4	293	180	10	24	304	15	292	3.44e-26	104
lcl|CP015118.1_prot_ARN22409.1_4401	iYL1228.KPN_01091	35.1	248	150	4	7	251	5	244	6.26e-33	119
lcl|CP015118.1_prot_ARN22409.1_4401	iSDY_1059.SDY_2057	35.5	248	149	4	7	251	5	244	6.26e-33	119
lcl|CP015118.1_prot_ARN22409.1_4401	iML1515.b1093	35.1	248	150	4	7	251	5	244	6.74e-32	117
lcl|CP015118.1_prot_ARN22409.1_4401	iSbBS512_1146.SbBS512_E2231	35.1	248	150	4	7	251	5	244	6.74e-32	117
lcl|CP015118.1_prot_ARN22409.1_4401	iSF_1195.SF1097	35.1	248	150	4	7	251	5	244	6.74e-32	117
lcl|CP015118.1_prot_ARN22409.1_4401	iSSON_1240.SSON_1113	35.1	248	150	4	7	251	5	244	6.74e-32	117
lcl|CP015118.1_prot_ARN22409.1_4401	STM_v1_0.STM1195	35.1	248	150	4	7	251	5	244	1.01e-30	114
lcl|CP015118.1_prot_ARN22409.1_4401	iEK1008.Rv1483	35.3	241	139	4	10	248	18	243	4.20e-30	112
lcl|CP015118.1_prot_ARN22409.1_4401	iLJ478.TM1724	33.9	251	152	5	4	248	2	244	1.13e-29	111
lcl|CP015118.1_prot_ARN22409.1_4401	iJN1463.PP_2794	35.6	253	139	5	5	247	11	249	1.94e-29	110
lcl|CP015118.1_prot_ARN22409.1_4401	iYL1228.KPN_02061	33.9	251	156	3	8	248	3	253	2.78e-29	110
lcl|CP015118.1_prot_ARN22409.1_4401	iPC815.YPO1599	34.3	248	152	4	7	251	5	244	2.98e-29	110
lcl|CP015118.1_prot_ARN22409.1_4401	iNF517.LLMG_RS08260	32.1	249	160	3	8	248	3	250	1.00e-28	108
lcl|CP015118.1_prot_ARN22409.1_4401	iCN900.CD630_11820	35.5	251	147	7	5	248	4	246	2.52e-28	107
lcl|CP015118.1_prot_ARN22410.1_4402	iJN1463.PP_0553	36.1	108	68	1	5	112	120	226	2.69e-12	65.5
lcl|CP015118.1_prot_ARN22410.1_4402	iSynCJ816.SGL_RS04775	36.0	100	62	1	19	116	26	125	7.92e-12	63.5
lcl|CP015118.1_prot_ARN22410.1_4402	iAF987.Gmet_0843	28.4	264	166	9	8	255	12	268	9.87e-12	63.2
lcl|CP015118.1_prot_ARN22411.1_4403	iAF987.Gmet_0043	28.3	152	97	5	253	396	119	266	1.82e-06	49.7
lcl|CP015118.1_prot_ARN22412.1_4404	iAF987.Gmet_0043	35.2	88	47	4	303	380	178	265	7.90e-04	41.2
lcl|CP015118.1_prot_ARN24006.1_4405	iCHOv1.100758590	36.2	403	227	6	22	395	46	447	4.82e-82	258
lcl|CP015118.1_prot_ARN22420.1_4414	iIS312.TCDM_07113	33.3	126	74	2	67	185	346	468	2.82e-09	58.2
lcl|CP015118.1_prot_ARN22422.1_4416	iCHOv1.100753937	28.4	264	161	8	33	285	95	341	1.07e-17	82.0
lcl|CP015118.1_prot_ARN22422.1_4416	iEK1008.Rv0134	29.5	298	187	11	13	300	9	293	1.11e-17	81.3
lcl|CP015118.1_prot_ARN22423.1_4417	STM_v1_0.STM0329	55.8	468	202	2	1	463	1	468	1.81e-175	500
lcl|CP015118.1_prot_ARN22423.1_4417	iYL1228.KPN_00078	54.1	466	209	2	3	464	2	466	2.17e-172	492
lcl|CP015118.1_prot_ARN22423.1_4417	iSF_1195.SF0067	53.6	466	211	2	3	464	2	466	1.43e-170	487
lcl|CP015118.1_prot_ARN22423.1_4417	iML1515.b0072	53.4	466	212	2	3	464	2	466	5.76e-170	486
lcl|CP015118.1_prot_ARN22423.1_4417	iSbBS512_1146.SbBS512_E0066	53.4	466	212	2	3	464	2	466	5.76e-170	486
lcl|CP015118.1_prot_ARN22423.1_4417	iSSON_1240.SSON_0079	53.4	466	212	2	3	464	2	466	1.64e-169	484
lcl|CP015118.1_prot_ARN22423.1_4417	STM_v1_0.STM0111	53.6	466	211	2	3	464	2	466	4.67e-169	483
lcl|CP015118.1_prot_ARN22423.1_4417	iSDY_1059.SDY_0099	53.2	466	213	2	3	464	2	466	4.67e-169	483
lcl|CP015118.1_prot_ARN22423.1_4417	iPC815.YPO0531	54.4	465	207	2	3	463	8	471	9.33e-169	483
lcl|CP015118.1_prot_ARN22423.1_4417	iMM904.YGL009C	51.6	471	218	3	4	464	10	480	4.05e-158	466
lcl|CP015118.1_prot_ARN22423.1_4417	iJN1463.PP_1985	52.2	471	217	3	1	463	1	471	3.60e-161	464
lcl|CP015118.1_prot_ARN22423.1_4417	iCN718.ABAYE_RS16700	51.7	470	218	3	1	461	1	470	1.23e-160	462
lcl|CP015118.1_prot_ARN22423.1_4417	iLB1027_lipid.PHATRDRAFT_24772	51.8	469	215	4	4	462	41	508	7.58e-155	459
lcl|CP015118.1_prot_ARN22424.1_4418	STM_v1_0.STM0330	43.3	201	108	4	9	206	7	204	8.84e-52	166
lcl|CP015118.1_prot_ARN22424.1_4418	iCN718.ABAYE_RS16695	42.4	203	105	4	11	202	9	210	1.28e-47	155
lcl|CP015118.1_prot_ARN22424.1_4418	iJN1463.PP_1986	40.6	202	110	2	11	202	9	210	5.61e-46	151
lcl|CP015118.1_prot_ARN22424.1_4418	iML1515.b0071	42.3	189	107	2	11	197	10	198	1.54e-45	149
lcl|CP015118.1_prot_ARN22424.1_4418	iSbBS512_1146.SbBS512_E0065	42.3	189	107	2	11	197	10	198	1.54e-45	149
lcl|CP015118.1_prot_ARN22424.1_4418	iSDY_1059.SDY_0098	42.3	189	107	2	11	197	10	198	1.54e-45	149
lcl|CP015118.1_prot_ARN22424.1_4418	iSSON_1240.SSON_0078	42.3	189	107	2	11	197	10	198	1.54e-45	149
lcl|CP015118.1_prot_ARN22428.1_4423	iJN1463.PP_2794	29.7	239	140	7	7	223	14	246	1.04e-12	65.1
lcl|CP015118.1_prot_ARN22428.1_4423	iLJ478.TM1724	29.9	164	106	2	66	221	76	238	1.19e-11	62.0
lcl|CP015118.1_prot_ARN22428.1_4423	iCN718.ABAYE_RS09790	26.8	194	130	2	7	189	8	200	4.75e-11	60.5
lcl|CP015118.1_prot_ARN22428.1_4423	iEK1008.Rv1714	32.8	244	134	11	7	223	23	263	9.47e-11	59.7
lcl|CP015118.1_prot_ARN22429.1_4424	iAF987.Gmet_3085	26.4	129	81	3	165	283	89	213	1.75e-05	47.8
lcl|CP015118.1_prot_ARN22429.1_4424	iML1515.b1489	27.8	115	70	3	174	278	26	137	1.52e-04	44.7
lcl|CP015118.1_prot_ARN22429.1_4424	iSbBS512_1146.SbBS512_E1752	27.8	115	70	3	174	278	34	145	1.52e-04	44.7
lcl|CP015118.1_prot_ARN22429.1_4424	iSSON_1240.SSON_1635	27.8	115	70	3	174	278	34	145	1.52e-04	44.7
lcl|CP015118.1_prot_ARN22431.1_4426	iJN1463.PP_1137	53.9	232	107	0	6	237	1	232	1.05e-84	251
lcl|CP015118.1_prot_ARN22431.1_4426	iLJ478.TM1139	53.0	234	109	1	5	237	4	237	1.13e-80	241
lcl|CP015118.1_prot_ARN22431.1_4426	iJN1463.PP_4863	53.4	232	108	0	6	237	5	236	9.51e-77	231
lcl|CP015118.1_prot_ARN22431.1_4426	iAF987.Gmet_1819	50.2	239	113	2	6	238	1	239	1.03e-75	229
lcl|CP015118.1_prot_ARN22432.1_4427	iAF987.Gmet_1820	48.4	250	129	0	5	254	1	250	1.55e-79	239
lcl|CP015118.1_prot_ARN22432.1_4427	iJN1463.PP_1138	47.8	253	131	1	1	252	1	253	5.95e-78	236
lcl|CP015118.1_prot_ARN22432.1_4427	iSSON_1240.SSON_3693	45.5	253	137	1	1	252	1	253	7.22e-74	225
lcl|CP015118.1_prot_ARN22432.1_4427	iML1515.b3455	45.5	253	137	1	1	252	1	253	1.02e-73	225
lcl|CP015118.1_prot_ARN22432.1_4427	iSbBS512_1146.SbBS512_E3867	45.5	253	137	1	1	252	1	253	1.02e-73	225
lcl|CP015118.1_prot_ARN22432.1_4427	iSF_1195.SF3473	45.5	253	137	1	1	252	1	253	1.02e-73	225
lcl|CP015118.1_prot_ARN22432.1_4427	iLJ478.TM1138	47.6	269	119	4	5	252	11	278	3.58e-73	224
lcl|CP015118.1_prot_ARN22432.1_4427	iSDY_1059.SDY_3604	45.1	253	138	1	1	252	1	253	2.90e-73	224
lcl|CP015118.1_prot_ARN22432.1_4427	iYL1228.KPN_03817	45.5	253	137	1	1	252	1	253	4.11e-73	223
lcl|CP015118.1_prot_ARN22432.1_4427	iPC815.YPO3805	47.4	249	130	1	5	252	6	254	6.66e-72	220
lcl|CP015118.1_prot_ARN22432.1_4427	STM_v1_0.STM3561	44.3	253	140	1	1	252	1	253	5.37e-71	218
lcl|CP015118.1_prot_ARN22433.1_4428	iJN1463.PP_1139	43.1	346	152	6	16	349	96	408	3.16e-71	228
lcl|CP015118.1_prot_ARN22433.1_4428	iJN1463.PP_4865	44.1	324	136	7	35	347	130	419	1.41e-66	216
lcl|CP015118.1_prot_ARN22433.1_4428	iSbBS512_1146.SbBS512_E3866	40.1	349	161	7	31	364	110	425	1.30e-64	211
lcl|CP015118.1_prot_ARN22433.1_4428	iSSON_1240.SSON_3694	40.1	349	161	7	31	364	110	425	1.30e-64	211
lcl|CP015118.1_prot_ARN22433.1_4428	iSDY_1059.SDY_3605	40.1	349	161	7	31	364	110	425	1.83e-64	210
lcl|CP015118.1_prot_ARN22433.1_4428	iML1515.b3456	39.8	349	162	7	31	364	110	425	1.00e-63	208
lcl|CP015118.1_prot_ARN22433.1_4428	iSF_1195.SF3474	39.8	349	162	7	31	364	110	425	1.41e-63	208
lcl|CP015118.1_prot_ARN22433.1_4428	iYL1228.KPN_03818	39.9	331	154	6	31	349	110	407	7.75e-63	206
lcl|CP015118.1_prot_ARN22434.1_4429	iLJ478.TM1136	44.8	308	152	4	4	306	4	298	2.73e-80	245
lcl|CP015118.1_prot_ARN22434.1_4429	iJN1463.PP_4866	48.0	302	145	4	4	301	5	298	2.57e-79	243
lcl|CP015118.1_prot_ARN22434.1_4429	iJN1463.PP_1140	46.9	303	148	4	4	301	7	301	4.53e-78	239
lcl|CP015118.1_prot_ARN22434.1_4429	iYL1228.KPN_03819	45.0	307	148	5	4	301	8	302	6.00e-76	234
lcl|CP015118.1_prot_ARN22434.1_4429	iML1515.b3457	44.6	307	149	5	4	301	8	302	8.49e-76	234
lcl|CP015118.1_prot_ARN22434.1_4429	iSbBS512_1146.SbBS512_E3865	44.6	307	149	5	4	301	8	302	8.49e-76	234
lcl|CP015118.1_prot_ARN22434.1_4429	iSSON_1240.SSON_3695	44.6	307	149	5	4	301	8	302	8.49e-76	234
lcl|CP015118.1_prot_ARN22434.1_4429	STM_v1_0.STM3563	44.3	307	150	5	4	301	8	302	6.80e-75	231
lcl|CP015118.1_prot_ARN22434.1_4429	iSF_1195.SF3475	44.3	307	150	5	4	301	8	302	1.92e-74	230
lcl|CP015118.1_prot_ARN22434.1_4429	iPC815.YPO3807	44.0	307	151	5	4	301	8	302	1.54e-73	228
lcl|CP015118.1_prot_ARN22435.1_4430	iEK1008.Rv2612c	28.9	197	123	6	9	195	9	198	7.34e-11	58.9
lcl|CP015118.1_prot_ARN22435.1_4430	iAF692.Mbar_A1250	26.1	203	136	6	8	201	6	203	5.82e-10	56.2
lcl|CP015118.1_prot_ARN22436.1_4431	iPC815.YPO3830	25.5	306	191	13	12	285	30	330	2.34e-08	55.8
lcl|CP015118.1_prot_ARN22439.1_4434	iAF987.Gmet_0363	31.0	168	99	5	23	188	49	201	2.55e-12	63.5
lcl|CP015118.1_prot_ARN22440.1_4435	iPC815.YPO2816	43.0	302	161	6	22	320	15	308	8.32e-72	224
lcl|CP015118.1_prot_ARN22443.1_4440	iPC815.YPO1374	69.6	313	95	0	3	315	2	314	3.67e-160	449
lcl|CP015118.1_prot_ARN22443.1_4440	iJN1463.PP_0786	71.0	310	89	1	6	315	5	313	1.49e-159	447
lcl|CP015118.1_prot_ARN22443.1_4440	iYL1228.KPN_00920	68.7	313	97	1	4	315	12	324	2.56e-158	445
lcl|CP015118.1_prot_ARN22443.1_4440	iML1515.b0888	69.0	313	96	1	4	315	3	315	5.12e-158	444
lcl|CP015118.1_prot_ARN22443.1_4440	iSDY_1059.SDY_2373	69.0	313	96	1	4	315	3	315	5.12e-158	444
lcl|CP015118.1_prot_ARN22443.1_4440	iSSON_1240.SSON_0889	69.0	313	96	1	4	315	3	315	5.12e-158	444
lcl|CP015118.1_prot_ARN22443.1_4440	iSF_1195.SF0847	69.0	313	96	1	4	315	3	315	1.47e-157	442
lcl|CP015118.1_prot_ARN22443.1_4440	iSbBS512_1146.SbBS512_E2441	68.7	313	97	1	4	315	3	315	4.19e-157	441
lcl|CP015118.1_prot_ARN22443.1_4440	STM_v1_0.STM0958	68.1	313	99	1	4	315	3	315	1.44e-155	437
lcl|CP015118.1_prot_ARN22443.1_4440	iAF987.Gmet_3070	67.3	315	100	2	1	315	1	312	1.11e-153	432
lcl|CP015118.1_prot_ARN22443.1_4440	iCN718.ABAYE_RS18170	66.9	311	103	0	6	316	4	314	2.94e-149	421
lcl|CP015118.1_prot_ARN22443.1_4440	iCN718.ABAYE_RS14635	65.5	310	107	0	6	315	4	313	4.28e-146	413
lcl|CP015118.1_prot_ARN22447.1_4444	iJN1463.PP_0217	50.8	388	184	3	17	403	4	385	3.65e-135	392
lcl|CP015118.1_prot_ARN22450.1_4447	iJN1463.PP_1664	53.3	195	91	0	4	198	8	202	1.51e-70	213
lcl|CP015118.1_prot_ARN22450.1_4447	iSF_1195.SF2544	52.6	192	91	0	4	195	3	194	7.42e-65	199
lcl|CP015118.1_prot_ARN22450.1_4447	iSbBS512_1146.SbBS512_E2874	52.6	192	91	0	4	195	3	194	1.05e-64	198
lcl|CP015118.1_prot_ARN22450.1_4447	iSDY_1059.SDY_2689	52.6	192	91	0	4	195	3	194	1.05e-64	198
lcl|CP015118.1_prot_ARN22450.1_4447	iSSON_1240.SSON_2582	52.1	192	92	0	4	195	3	194	1.05e-64	198
lcl|CP015118.1_prot_ARN22450.1_4447	iML1515.b2500	52.1	192	92	0	4	195	3	194	2.99e-64	197
lcl|CP015118.1_prot_ARN22450.1_4447	iYL1228.KPN_02825	50.3	195	97	0	1	195	1	195	1.43e-62	193
lcl|CP015118.1_prot_ARN22451.1_4448	iJN1463.PP_1311	62.2	405	151	2	1	405	1	403	4.50e-176	499
lcl|CP015118.1_prot_ARN22453.1_4450	iML1515.b1985	21.2	307	233	6	12	312	42	345	1.56e-06	50.1
lcl|CP015118.1_prot_ARN24010.1_4451	iAF987.Gmet_0043	29.9	117	75	1	336	445	150	266	7.59e-08	54.3
lcl|CP015118.1_prot_ARN22454.1_4452	iAF987.Gmet_1706	34.7	118	75	1	4	121	2	117	4.45e-15	72.8
lcl|CP015118.1_prot_ARN22456.1_4454	iAF987.Gmet_2629	27.1	236	158	7	1	232	590	815	1.11e-15	78.6
lcl|CP015118.1_prot_ARN22456.1_4454	iJN1463.PP_0914	26.2	221	140	5	1	210	464	672	3.18e-13	70.9
lcl|CP015118.1_prot_ARN22457.1_4455	iAF987.Gmet_0069	38.8	178	105	2	219	392	122	299	2.83e-32	123
lcl|CP015118.1_prot_ARN22457.1_4455	iJN1463.PP_0129	40.4	156	93	0	237	392	485	640	1.48e-27	114
lcl|CP015118.1_prot_ARN22457.1_4455	iJN1463.PP_1494	39.7	179	103	2	219	392	152	330	5.04e-28	112
lcl|CP015118.1_prot_ARN22458.1_4456	iAF987.Gmet_0069	41.6	173	93	2	197	367	132	298	1.75e-29	115
lcl|CP015118.1_prot_ARN22458.1_4456	iJN1463.PP_0129	42.8	152	87	0	216	367	488	639	2.90e-25	107
lcl|CP015118.1_prot_ARN22458.1_4456	iAF987.Gmet_2721	40.7	162	93	2	209	367	499	660	4.14e-25	106
lcl|CP015118.1_prot_ARN22458.1_4456	iAF987.Gmet_1298	37.3	169	101	3	203	367	174	341	1.44e-25	105
lcl|CP015118.1_prot_ARN22458.1_4456	iML1515.b1341	37.7	167	101	2	201	367	241	404	7.45e-25	104
lcl|CP015118.1_prot_ARN22468.1_4466	iAF987.Gmet_0043	27.2	390	250	10	256	633	20	387	4.20e-25	109
lcl|CP015118.1_prot_ARN22469.1_4467	iAF987.Gmet_0043	29.2	271	171	4	8	273	12	266	1.56e-21	94.0
lcl|CP015118.1_prot_ARN22478.1_4476	iYL1228.KPN_04739	29.6	459	298	8	4	447	47	495	3.31e-35	136
lcl|CP015118.1_prot_ARN22478.1_4476	iJN1463.PP_4211	29.0	459	300	6	7	448	15	464	1.43e-33	131
lcl|CP015118.1_prot_ARN22478.1_4476	iSF_1195.SF0473	28.2	458	307	6	4	448	11	459	3.24e-33	130
lcl|CP015118.1_prot_ARN22478.1_4476	iSSON_1240.SSON_0523	29.0	458	303	7	4	448	11	459	4.45e-33	129
lcl|CP015118.1_prot_ARN22478.1_4476	iJN1463.PP_1384	29.7	424	286	4	35	447	44	466	1.12e-32	129
lcl|CP015118.1_prot_ARN22478.1_4476	iML1515.b0572	29.5	451	306	8	4	446	11	457	1.86e-31	125
lcl|CP015118.1_prot_ARN24011.1_4477	iML1515.b2470	29.4	1042	675	17	4	1001	5	1029	1.42e-97	331
lcl|CP015118.1_prot_ARN24011.1_4477	iSSON_1240.SSON_2550	29.4	1042	675	17	4	1001	5	1029	1.96e-97	330
lcl|CP015118.1_prot_ARN24011.1_4477	iSF_1195.SF2512	29.3	1042	676	17	4	1001	5	1029	2.70e-97	330
lcl|CP015118.1_prot_ARN24011.1_4477	iJN1463.PP_3426	29.6	1054	658	21	2	995	5	1034	3.59e-96	327
lcl|CP015118.1_prot_ARN24011.1_4477	iSDY_1059.SDY_2654	29.4	1042	675	17	4	1001	5	1029	3.50e-96	327
lcl|CP015118.1_prot_ARN24011.1_4477	iML1515.b0462	29.2	1038	673	17	4	995	5	1026	8.20e-92	315
lcl|CP015118.1_prot_ARN24011.1_4477	iYL1228.KPN_03673	28.5	1041	694	16	2	1003	3	1032	3.83e-89	307
lcl|CP015118.1_prot_ARN24011.1_4477	iML1515.b3266	28.5	1033	686	18	4	995	5	1025	2.47e-88	305
lcl|CP015118.1_prot_ARN24011.1_4477	iJN1463.PP_1385	29.9	1056	653	24	2	1000	3	1028	5.25e-87	301
lcl|CP015118.1_prot_ARN24011.1_4477	STM_v1_0.STM3391	28.0	1038	684	20	4	995	5	1025	3.98e-86	299
lcl|CP015118.1_prot_ARN22479.1_4478	iJN1463.PP_3426	31.1	1058	662	24	1	1010	1	1039	3.53e-109	363
lcl|CP015118.1_prot_ARN22480.1_4479	iJN1463.PP_1386	29.8	349	222	5	43	382	25	359	1.34e-32	125
lcl|CP015118.1_prot_ARN22480.1_4479	iSbBS512_1146.SbBS512_E3648	28.6	329	227	2	60	380	44	372	9.43e-32	123
lcl|CP015118.1_prot_ARN22480.1_4479	iML1515.b0463	28.6	336	228	3	55	380	40	373	1.57e-31	123
lcl|CP015118.1_prot_ARN22480.1_4479	iML1515.b3265	28.3	329	228	2	60	380	44	372	3.42e-31	122
lcl|CP015118.1_prot_ARN22480.1_4479	iJN1463.PP_3425	30.1	306	205	5	81	380	64	366	5.19e-31	122
lcl|CP015118.1_prot_ARN22480.1_4479	iSSON_1240.SSON_0450	28.3	336	229	3	55	380	40	373	4.11e-31	122
lcl|CP015118.1_prot_ARN22480.1_4479	iSDY_1059.SDY_0456	28.6	336	228	3	55	380	40	373	5.67e-31	121
lcl|CP015118.1_prot_ARN22480.1_4479	iSF_1195.SF0408	28.6	336	228	3	55	380	40	373	1.48e-30	120
lcl|CP015118.1_prot_ARN22480.1_4479	STM_v1_0.STM3390	28.4	334	219	3	73	392	57	384	8.46e-30	118
lcl|CP015118.1_prot_ARN22480.1_4479	iYL1228.KPN_03672	28.5	309	217	2	73	377	56	364	2.02e-29	117
lcl|CP015118.1_prot_ARN22480.1_4479	iPC815.YPO3132	29.1	337	229	4	55	382	41	376	4.82e-29	116
lcl|CP015118.1_prot_ARN22481.1_4480	iYL1228.KPN_01250	34.0	750	412	20	57	774	63	761	7.49e-107	343
lcl|CP015118.1_prot_ARN22481.1_4480	iML1515.b0805	32.7	758	420	18	52	774	58	760	2.80e-106	342
lcl|CP015118.1_prot_ARN22483.1_4482	iML1515.b0805	27.2	702	439	17	132	769	67	760	4.07e-63	225
lcl|CP015118.1_prot_ARN22483.1_4482	iYL1228.KPN_01250	27.8	711	424	22	132	769	67	761	6.32e-61	219
lcl|CP015118.1_prot_ARN22486.1_4485	iAF987.Gmet_2999	31.5	130	85	2	1	127	1	129	6.37e-13	66.6
lcl|CP015118.1_prot_ARN22486.1_4485	iAF987.Gmet_0069	27.0	189	110	5	10	171	5	192	6.05e-12	63.5
lcl|CP015118.1_prot_ARN22487.1_4486	iAF987.Gmet_0043	23.2	233	166	6	242	464	39	268	1.95e-12	68.9
lcl|CP015118.1_prot_ARN22488.1_4487	iPC815.YPO3132	48.8	346	175	1	34	379	41	384	1.48e-99	301
lcl|CP015118.1_prot_ARN22488.1_4487	iML1515.b0463	48.8	336	170	1	34	369	40	373	2.01e-97	295
lcl|CP015118.1_prot_ARN22488.1_4487	iSSON_1240.SSON_0450	48.5	336	171	1	34	369	40	373	5.69e-97	294
lcl|CP015118.1_prot_ARN22488.1_4487	iSF_1195.SF0408	48.5	336	171	1	34	369	40	373	3.21e-96	292
lcl|CP015118.1_prot_ARN22488.1_4487	iSDY_1059.SDY_0456	48.2	336	172	1	34	369	40	373	1.81e-95	290
lcl|CP015118.1_prot_ARN22488.1_4487	iYL1228.KPN_03672	46.7	347	178	3	34	380	38	377	4.23e-92	281
lcl|CP015118.1_prot_ARN22488.1_4487	STM_v1_0.STM3390	47.3	336	175	1	34	369	39	372	5.09e-92	281
lcl|CP015118.1_prot_ARN22488.1_4487	iSbBS512_1146.SbBS512_E3648	45.8	336	180	1	34	369	39	372	2.89e-88	271
lcl|CP015118.1_prot_ARN22489.1_4488	iML1515.b2470	59.5	1035	410	4	1	1031	1	1030	0.0	1139
lcl|CP015118.1_prot_ARN22489.1_4488	iSSON_1240.SSON_2550	59.5	1035	410	4	1	1031	1	1030	0.0	1139
lcl|CP015118.1_prot_ARN22489.1_4488	iSDY_1059.SDY_2654	59.3	1035	412	4	1	1031	1	1030	0.0	1137
lcl|CP015118.1_prot_ARN22489.1_4488	iSF_1195.SF2512	59.3	1035	412	4	1	1031	1	1030	0.0	1135
lcl|CP015118.1_prot_ARN22489.1_4488	iML1515.b0462	58.4	1040	423	7	1	1034	1	1036	0.0	1122
lcl|CP015118.1_prot_ARN22489.1_4488	iYL1228.KPN_03673	57.7	1039	427	7	1	1033	1	1033	0.0	1115
lcl|CP015118.1_prot_ARN22489.1_4488	iJN1463.PP_1385	58.5	1039	422	5	1	1035	1	1034	0.0	1115
lcl|CP015118.1_prot_ARN22489.1_4488	STM_v1_0.STM3391	57.8	1039	427	6	1	1033	1	1034	0.0	1113
lcl|CP015118.1_prot_ARN22489.1_4488	iML1515.b3266	57.4	1037	431	6	1	1031	1	1032	0.0	1092
lcl|CP015118.1_prot_ARN22490.1_4489	iJN1463.PP_1384	44.1	469	245	6	1	456	1	465	7.98e-111	335
lcl|CP015118.1_prot_ARN22497.1_4496	iJN1463.PP_4639	30.6	356	199	10	6	349	3	322	9.36e-35	129
lcl|CP015118.1_prot_ARN22497.1_4496	iML1515.b4352	29.4	350	190	13	6	341	4	310	6.30e-31	119
lcl|CP015118.1_prot_ARN22498.1_4497	iJN1463.PP_3507	55.5	1254	531	13	1	1234	1	1247	0.0	1306
lcl|CP015118.1_prot_ARN22499.1_4498	iEK1008.Rv2850c	53.9	284	125	2	10	287	4	287	9.99e-79	252
lcl|CP015118.1_prot_ARN22499.1_4498	iAF692.Mbar_A1776	42.8	313	141	2	9	283	8	320	7.09e-69	227
lcl|CP015118.1_prot_ARN22500.1_4499	iEK1008.Rv2850c	36.4	154	87	2	33	175	455	608	8.08e-13	65.5
lcl|CP015118.1_prot_ARN22501.1_4500	iMM1415.11423	34.8	477	238	17	52	471	58	518	1.86e-51	184
lcl|CP015118.1_prot_ARN22501.1_4500	iCHOv1.100770679	33.5	475	247	16	52	471	58	518	8.79e-49	176
lcl|CP015118.1_prot_ARN24012.1_4501	iSynCJ816.SGL_RS14915	22.5	142	106	2	14	152	78	218	2.10e-04	42.7
lcl|CP015118.1_prot_ARN22502.1_4502	iAF987.Gmet_0043	27.5	389	251	10	324	694	12	387	1.18e-23	105
lcl|CP015118.1_prot_ARN22504.1_4504	iLB1027_lipid.PHATRDRAFT_36390	25.1	191	120	4	30	202	25	210	1.10e-07	50.4
lcl|CP015118.1_prot_ARN22508.1_4508	iAF987.Gmet_2999	35.4	130	80	2	10	136	6	134	7.46e-11	63.2
lcl|CP015118.1_prot_ARN22512.1_4513	iJN1463.PP_4666	52.2	289	136	1	1	287	1	289	1.87e-91	273
lcl|CP015118.1_prot_ARN22512.1_4513	iCN718.ABAYE_RS18705	48.8	293	148	1	1	291	1	293	4.01e-83	251
lcl|CP015118.1_prot_ARN22513.1_4514	iJN1463.PP_4667	67.1	499	164	0	2	500	9	507	1.24e-236	658
lcl|CP015118.1_prot_ARN22513.1_4514	iCN718.ABAYE_RS18710	63.4	497	182	0	4	500	8	504	2.38e-226	632
lcl|CP015118.1_prot_ARN22516.1_4517	iAF692.Mbar_A2345	40.0	160	80	5	33	188	31	178	1.40e-27	102
lcl|CP015118.1_prot_ARN22517.1_4518	iAF987.Gmet_2999	27.6	123	87	1	309	429	8	130	8.89e-09	56.6
lcl|CP015118.1_prot_ARN22519.1_4520	iAF987.Gmet_0043	27.4	380	247	8	264	627	21	387	6.97e-27	115
lcl|CP015118.1_prot_ARN22520.1_4521	iAF987.Gmet_2999	28.2	110	74	3	8	114	10	117	1.84e-07	47.8
lcl|CP015118.1_prot_ARN22521.1_4522	iCHOv1.100751774	35.5	479	236	17	34	486	55	486	1.76e-61	209
lcl|CP015118.1_prot_ARN22521.1_4522	iMM1415.76768	34.7	478	241	17	34	486	54	485	5.69e-59	203
lcl|CP015118.1_prot_ARN22521.1_4522	iMM1415.11650	34.3	481	245	17	34	489	52	486	4.83e-59	202
lcl|CP015118.1_prot_ARN22521.1_4522	iCHOv1.100771587	35.2	472	237	15	34	479	52	480	1.20e-57	199
lcl|CP015118.1_prot_ARN22521.1_4522	iMM1415.11647	35.2	472	237	15	34	479	52	480	3.25e-57	197
lcl|CP015118.1_prot_ARN22521.1_4522	iCHOv1.100751196	34.8	477	241	17	34	486	53	483	8.88e-57	197
lcl|CP015118.1_prot_ARN22522.1_4523	iCHOv1.100751774	35.6	461	232	15	25	461	53	472	1.05e-57	199
lcl|CP015118.1_prot_ARN22522.1_4523	iMM1415.76768	35.5	465	227	16	25	461	52	471	2.34e-56	196
lcl|CP015118.1_prot_ARN22522.1_4523	iCHOv1.100751196	34.9	459	237	14	25	461	51	469	1.84e-53	188
lcl|CP015118.1_prot_ARN22522.1_4523	iMM1415.11650	32.9	471	261	14	25	476	50	484	1.07e-53	188
lcl|CP015118.1_prot_ARN22524.1_4526	iAF987.Gmet_1919	24.5	188	129	4	4	188	5	182	6.56e-10	57.4
lcl|CP015118.1_prot_ARN22524.1_4526	iAF987.Gmet_1914	27.2	125	89	1	1	125	1	123	4.61e-09	55.1
lcl|CP015118.1_prot_ARN22525.1_4527	iYL1228.KPN_00235	44.0	728	386	10	7	712	67	794	7.49e-181	535
lcl|CP015118.1_prot_ARN22525.1_4527	iJN1463.PP_1893	47.9	654	322	7	3	639	67	718	1.72e-179	532
lcl|CP015118.1_prot_ARN22525.1_4527	iPC815.YPO3244	48.8	596	297	5	16	603	76	671	2.43e-179	531
lcl|CP015118.1_prot_ARN22525.1_4527	iSF_1195.SF0271	47.3	611	312	7	7	608	79	688	7.53e-178	528
lcl|CP015118.1_prot_ARN22525.1_4527	iML1515.b0221	47.1	611	313	7	7	608	67	676	7.44e-178	528
lcl|CP015118.1_prot_ARN22525.1_4527	iSbBS512_1146.SbBS512_E0217	47.1	611	313	7	7	608	67	676	7.44e-178	528
lcl|CP015118.1_prot_ARN22525.1_4527	STM_v1_0.STM0309	47.5	611	311	7	7	608	67	676	2.09e-177	526
lcl|CP015118.1_prot_ARN22525.1_4527	iSSON_1240.SSON_0263	47.0	611	314	7	7	608	79	688	1.19e-176	525
lcl|CP015118.1_prot_ARN22525.1_4527	iCN718.ABAYE_RS06170	46.2	567	288	7	7	558	72	636	1.01e-160	484
lcl|CP015118.1_prot_ARN22528.1_4530	iSynCJ816.SGL_RS14865	31.6	98	57	3	86	178	87	179	1.29e-04	41.6
lcl|CP015118.1_prot_ARN22529.1_4531	iAF692.Mbar_A1558	48.0	225	114	2	25	247	49	272	3.19e-55	178
lcl|CP015118.1_prot_ARN22529.1_4531	iAF692.Mbar_A2560	47.6	225	115	2	25	247	49	272	4.51e-55	177
lcl|CP015118.1_prot_ARN22530.1_4532	iAF692.Mbar_A2559	49.5	216	109	0	1	216	5	220	3.03e-69	211
lcl|CP015118.1_prot_ARN22530.1_4532	iAF692.Mbar_A1557	49.1	214	109	0	1	214	5	218	3.48e-65	201
lcl|CP015118.1_prot_ARN22531.1_4533	iAF692.Mbar_A1556	43.3	201	110	2	24	224	35	231	2.36e-47	160
lcl|CP015118.1_prot_ARN22531.1_4533	iEK1008.Rv1859	45.1	204	109	2	26	226	15	218	5.00e-46	156
lcl|CP015118.1_prot_ARN22531.1_4533	iSynCJ816.SGL_RS16430	44.6	202	108	2	24	225	269	466	2.39e-43	153
lcl|CP015118.1_prot_ARN22531.1_4533	iAF987.Gmet_1903	43.6	202	105	3	27	225	20	215	4.26e-45	153
lcl|CP015118.1_prot_ARN22531.1_4533	iEK1008.Rv1238	43.4	198	103	3	27	223	22	211	2.48e-44	152
lcl|CP015118.1_prot_ARN22531.1_4533	iSynCJ816.SGL_RS17160	43.5	193	101	3	33	225	27	211	6.06e-44	150
lcl|CP015118.1_prot_ARN22531.1_4533	STM_v1_0.STM4230	42.1	202	106	3	25	226	23	213	1.15e-43	150
lcl|CP015118.1_prot_ARN22531.1_4533	iJN1463.PP_1078	44.4	187	96	3	39	225	37	215	2.27e-43	149
lcl|CP015118.1_prot_ARN22531.1_4533	iML1515.b2422	46.4	194	90	4	37	225	31	215	5.77e-43	148
lcl|CP015118.1_prot_ARN22531.1_4533	iSDY_1059.SDY_2618	46.4	194	90	4	37	225	31	215	5.77e-43	148
lcl|CP015118.1_prot_ARN22531.1_4533	iSSON_1240.SSON_2511	46.4	194	90	4	37	225	31	215	5.77e-43	148
lcl|CP015118.1_prot_ARN22531.1_4533	iYL1228.KPN_02770	46.4	194	90	4	37	225	31	215	7.94e-43	147
lcl|CP015118.1_prot_ARN22531.1_4533	iJN1463.PP_1722	44.3	192	93	3	37	225	32	212	3.67e-43	147
lcl|CP015118.1_prot_ARN22531.1_4533	iJN1463.PP_1484	45.7	188	92	3	39	225	35	213	7.07e-43	147
lcl|CP015118.1_prot_ARN22531.1_4533	iCN718.ABAYE_RS05140	43.4	212	103	5	19	225	16	215	1.24e-42	147
lcl|CP015118.1_prot_ARN22531.1_4533	STM_v1_0.STM2441	45.9	194	91	4	37	225	31	215	2.24e-42	146
lcl|CP015118.1_prot_ARN22531.1_4533	iSbBS512_1146.SbBS512_E2794	46.4	194	90	4	37	225	31	215	2.24e-42	146
lcl|CP015118.1_prot_ARN22531.1_4533	iEK1008.Rv2832c	44.7	199	99	5	25	223	25	212	2.83e-42	146
lcl|CP015118.1_prot_ARN22531.1_4533	iML1515.b1126	44.4	189	97	3	37	225	46	226	5.77e-42	145
lcl|CP015118.1_prot_ARN22531.1_4533	iSDY_1059.SDY_2026	44.4	189	97	3	37	225	46	226	5.77e-42	145
lcl|CP015118.1_prot_ARN22531.1_4533	iSF_1195.SF1128	44.4	189	97	3	37	225	46	226	5.77e-42	145
lcl|CP015118.1_prot_ARN22531.1_4533	iJN1463.PP_3817	43.3	203	104	3	25	227	34	225	8.76e-42	145
lcl|CP015118.1_prot_ARN22531.1_4533	iJN1463.PP_0411	41.3	201	107	3	25	225	35	224	7.46e-42	145
lcl|CP015118.1_prot_ARN22531.1_4533	iYL1228.KPN_01132	43.9	189	98	3	37	225	46	226	1.13e-41	145
lcl|CP015118.1_prot_ARN22531.1_4533	iSbBS512_1146.SbBS512_E1304	43.9	189	98	3	37	225	46	226	2.23e-41	144
lcl|CP015118.1_prot_ARN22531.1_4533	iSSON_1240.SSON_1144	43.9	189	98	3	37	225	46	226	2.23e-41	144
lcl|CP015118.1_prot_ARN22532.1_4534	iAF692.Mbar_A1559	44.9	69	38	0	133	201	1	69	2.10e-11	58.2
lcl|CP015118.1_prot_ARN22533.1_4535	iCN718.ABAYE_RS14460	51.3	675	279	14	19	670	11	658	4.80e-197	570
lcl|CP015118.1_prot_ARN22533.1_4535	iEK1008.Rv2394	50.0	662	295	10	16	670	9	641	2.64e-197	570
lcl|CP015118.1_prot_ARN22537.1_4539	iJN1463.PP_5011	32.3	161	92	3	7	150	11	171	3.24e-15	73.2
lcl|CP015118.1_prot_ARN22537.1_4539	iPC815.YPO3781	30.9	139	89	3	46	177	57	195	9.69e-14	68.9
lcl|CP015118.1_prot_ARN22539.1_4541	iPC815.YPO0181	31.0	126	84	1	9	131	9	134	9.12e-14	66.6
lcl|CP015118.1_prot_ARN22542.1_4546	iIS312.TCDM_07055	31.3	80	50	2	6	84	89	164	1.47e-05	44.7
lcl|CP015118.1_prot_ARN22543.1_4547	iJN1463.PP_4000	62.0	432	156	4	1	430	1	426	2.24e-182	514
lcl|CP015118.1_prot_ARN22543.1_4547	iCN718.ABAYE_RS04335	59.4	426	164	3	1	425	1	418	1.26e-178	504
lcl|CP015118.1_prot_ARN22543.1_4547	iPC815.YPO1379	60.2	432	166	4	1	429	1	429	3.05e-176	499
lcl|CP015118.1_prot_ARN22543.1_4547	STM_v1_0.STM0963	60.2	432	166	4	1	429	1	429	1.01e-174	495
lcl|CP015118.1_prot_ARN22543.1_4547	iYL1228.KPN_00925	59.7	432	168	4	1	429	1	429	4.70e-173	491
lcl|CP015118.1_prot_ARN22543.1_4547	iSbBS512_1146.SbBS512_E2435	59.7	432	168	4	1	429	1	429	1.55e-171	487
lcl|CP015118.1_prot_ARN22543.1_4547	iSF_1195.SF0852	59.7	432	168	4	1	429	1	429	3.11e-171	486
lcl|CP015118.1_prot_ARN22543.1_4547	iSSON_1240.SSON_0894	59.7	432	168	4	1	429	1	429	3.11e-171	486
lcl|CP015118.1_prot_ARN22543.1_4547	iSDY_1059.SDY_2368	59.5	432	169	4	1	429	1	429	5.09e-170	483
lcl|CP015118.1_prot_ARN22544.1_4548	iJN1463.PP_0606	60.4	308	118	1	11	314	2	309	8.59e-133	380
lcl|CP015118.1_prot_ARN22544.1_4548	iCN718.ABAYE_RS02095	58.4	308	124	1	11	314	2	309	1.19e-130	374
lcl|CP015118.1_prot_ARN22544.1_4548	iYL1228.KPN_00024	57.0	307	129	1	11	314	2	308	6.56e-123	355
lcl|CP015118.1_prot_ARN22544.1_4548	iSF_1195.SF0026	56.4	307	131	1	11	314	2	308	1.87e-122	353
lcl|CP015118.1_prot_ARN22544.1_4548	iML1515.b0029	56.4	307	131	1	11	314	2	308	2.65e-122	353
lcl|CP015118.1_prot_ARN22544.1_4548	iSbBS512_1146.SbBS512_E0033	56.4	307	131	1	11	314	2	308	2.65e-122	353
lcl|CP015118.1_prot_ARN22544.1_4548	iSDY_1059.SDY_0051	56.4	307	131	1	11	314	2	308	2.65e-122	353
lcl|CP015118.1_prot_ARN22544.1_4548	iSSON_1240.SSON_0034	56.4	307	131	1	11	314	2	308	2.65e-122	353
lcl|CP015118.1_prot_ARN22544.1_4548	STM_v1_0.STM0049	56.7	307	130	1	11	314	2	308	5.34e-122	352
lcl|CP015118.1_prot_ARN22544.1_4548	iPC815.YPO0477	56.8	308	129	2	11	314	2	309	3.65e-120	348
lcl|CP015118.1_prot_ARN22547.1_4552	iJN1463.PP_2842	32.6	279	166	7	3	276	16	277	9.49e-33	120
lcl|CP015118.1_prot_ARN22549.1_4554	iLB1027_lipid.PHATRDRAFT_36390	30.4	230	125	13	1	214	1	211	4.31e-09	54.7
lcl|CP015118.1_prot_ARN22551.1_4556	iJN1463.PP_4845	69.4	232	69	1	1	230	1	232	1.27e-109	314
lcl|CP015118.1_prot_ARN22552.1_4557	iJN1463.PP_4844	69.8	255	71	1	40	294	37	285	6.30e-120	345
lcl|CP015118.1_prot_ARN24015.1_4558	iJN1463.PP_4843	62.5	352	126	2	17	368	10	355	3.17e-155	441
lcl|CP015118.1_prot_ARN22553.1_4559	iJN1463.PP_4842	55.9	426	185	1	104	529	70	492	2.20e-142	419
lcl|CP015118.1_prot_ARN22554.1_4560	iJN1463.PP_4841	79.0	414	86	1	5	418	3	415	3.37e-242	665
lcl|CP015118.1_prot_ARN22555.1_4561	iYS854.USA300HOU_RS12480	24.3	309	222	6	1	306	1	300	1.42e-16	79.7
lcl|CP015118.1_prot_ARN22555.1_4561	iCN718.ABAYE_RS01180	26.6	364	225	12	1	343	1	343	9.78e-15	74.3
lcl|CP015118.1_prot_ARN22557.1_4563	iEK1008.Rv0551c	35.6	536	303	10	6	516	52	570	1.08e-83	270
lcl|CP015118.1_prot_ARN22557.1_4563	iAF987.Gmet_2246	34.1	508	319	6	10	508	10	510	8.90e-82	263
lcl|CP015118.1_prot_ARN22557.1_4563	iYO844.BSU10270	35.9	499	285	10	26	505	26	508	1.60e-76	249
lcl|CP015118.1_prot_ARN22558.1_4564	iJN1463.PP_2039	53.7	367	170	0	19	385	18	384	2.53e-136	394
lcl|CP015118.1_prot_ARN22559.1_4565	iYO844.BSU12360	24.4	406	256	8	24	405	20	398	1.13e-28	116
lcl|CP015118.1_prot_ARN22564.1_4570	iAF987.Gmet_2999	46.7	120	64	0	14	133	10	129	5.18e-26	105
lcl|CP015118.1_prot_ARN24016.1_4571	iAF987.Gmet_0043	29.1	364	227	11	673	1021	11	358	5.51e-25	110
lcl|CP015118.1_prot_ARN22565.1_4572	iYL1228.KPN_03465	82.8	99	17	0	1	99	1	99	2.64e-53	161
lcl|CP015118.1_prot_ARN22565.1_4572	iSynCJ816.SGL_RS08455	77.8	99	22	0	1	99	1	99	1.78e-51	156
lcl|CP015118.1_prot_ARN22565.1_4572	iJN1463.PP_2843	78.8	99	21	0	1	99	1	99	2.96e-50	153
lcl|CP015118.1_prot_ARN22565.1_4572	iCN718.ABAYE_RS13880	77.8	99	22	0	1	99	1	99	2.43e-49	151
lcl|CP015118.1_prot_ARN22567.1_4574	iYL1228.KPN_03466	67.3	101	33	0	1	101	1	101	6.55e-44	137
lcl|CP015118.1_prot_ARN22567.1_4574	iSynCJ816.SGL_RS11790	59.4	101	41	0	1	101	1	101	1.12e-41	132
lcl|CP015118.1_prot_ARN22567.1_4574	iCN718.ABAYE_RS13875	60.4	101	40	0	1	101	1	101	4.56e-41	130
lcl|CP015118.1_prot_ARN22567.1_4574	iJN1463.PP_2844	59.4	101	41	0	1	101	1	101	9.59e-39	124
lcl|CP015118.1_prot_ARN22568.1_4575	iCN718.ABAYE_RS13870	73.1	568	149	1	4	571	3	566	9.82e-309	846
lcl|CP015118.1_prot_ARN22568.1_4575	iJN1463.PP_2845	71.1	571	161	1	1	571	1	567	2.25e-298	820
lcl|CP015118.1_prot_ARN22568.1_4575	iYL1228.KPN_03467	70.1	571	167	1	1	571	1	567	2.03e-294	810
lcl|CP015118.1_prot_ARN22568.1_4575	iSynCJ816.SGL_RS04480	67.7	569	179	2	4	571	5	569	6.09e-280	773
lcl|CP015118.1_prot_ARN22570.1_4577	iJN1463.PP_2846	50.4	133	61	2	24	155	19	147	1.02e-33	118
lcl|CP015118.1_prot_ARN22571.1_4578	iYO844.BSU40850	39.3	117	64	3	63	174	68	182	1.97e-19	80.9
lcl|CP015118.1_prot_ARN24017.1_4579	iJN1463.PP_2848	38.3	222	119	2	3	216	13	224	1.78e-34	122
lcl|CP015118.1_prot_ARN22573.1_4581	iSbBS512_1146.SbBS512_E1187	24.0	121	83	3	206	317	252	372	4.83e-04	41.6
lcl|CP015118.1_prot_ARN22573.1_4581	iSF_1195.SF2108	24.0	121	83	3	206	317	252	372	4.83e-04	41.6
lcl|CP015118.1_prot_ARN22574.1_4582	STM_v1_0.STM2232	24.4	291	175	12	41	314	31	293	1.07e-09	59.7
lcl|CP015118.1_prot_ARN22576.1_4584	iCHOv1.100756174	28.3	219	134	8	37	244	54	260	2.15e-09	56.2
lcl|CP015118.1_prot_ARN22576.1_4584	iMM1415.18476	28.8	229	131	10	27	244	9	216	3.88e-09	55.1
lcl|CP015118.1_prot_ARN22577.1_4585	iNF517.LLMG_RS06165	34.4	241	143	7	97	334	109	337	1.32e-34	133
lcl|CP015118.1_prot_ARN22577.1_4585	iYO844.BSU38510	30.2	278	171	6	68	335	75	339	1.38e-33	130
lcl|CP015118.1_prot_ARN22580.1_4588	iJN1463.PP_4552	24.6	142	102	1	1	142	1	137	3.42e-10	54.7
lcl|CP015118.1_prot_ARN22581.1_4589	iAF987.Gmet_1694	29.0	210	115	9	1	194	10	201	2.23e-04	40.8
lcl|CP015118.1_prot_ARN22581.1_4589	iLJ478.TM1724	26.4	178	118	5	48	220	61	230	7.30e-04	39.3
lcl|CP015118.1_prot_ARN22583.1_4591	iYO844.BSU35550	37.8	127	74	3	7	128	7	133	3.35e-14	71.2
lcl|CP015118.1_prot_ARN22584.1_4592	iML1515.b1022	34.6	104	63	2	3	101	74	177	9.26e-12	65.5
lcl|CP015118.1_prot_ARN22584.1_4592	iSbBS512_1146.SbBS512_E4050	30.9	97	61	2	4	95	6	101	6.38e-11	62.4
lcl|CP015118.1_prot_ARN22584.1_4592	iSSON_1240.SSON_3782	30.9	97	61	2	4	95	6	101	6.38e-11	62.4
lcl|CP015118.1_prot_ARN22584.1_4592	iYO844.BSU35690	32.7	104	60	3	7	100	3	106	3.98e-10	60.5
lcl|CP015118.1_prot_ARN22586.1_4594	iLJ478.TM0024	35.4	175	83	8	124	282	297	457	1.33e-24	102
lcl|CP015118.1_prot_ARN22587.1_4595	iSynCJ816.SGL_RS09310	23.0	178	120	3	55	228	53	217	1.73e-05	46.2
lcl|CP015118.1_prot_ARN22591.1_4599	STM_v1_0.STM2082	58.8	187	76	1	39	225	290	475	2.69e-68	216
lcl|CP015118.1_prot_ARN22593.1_4601	iAF987.Gmet_1706	35.8	123	68	5	3	121	2	117	9.88e-12	63.2
lcl|CP015118.1_prot_ARN22593.1_4601	iAF987.Gmet_0069	32.3	124	79	2	4	124	5	126	7.96e-11	60.5
lcl|CP015118.1_prot_ARN22593.1_4601	iAF987.Gmet_2999	31.9	119	70	4	4	117	10	122	1.70e-10	59.7
lcl|CP015118.1_prot_ARN22593.1_4601	iAF987.Gmet_1914	30.4	112	73	2	1	111	1	108	1.60e-09	57.0
lcl|CP015118.1_prot_ARN22596.1_4604	iJN1463.PP_2849	71.6	201	53	1	16	216	7	203	5.90e-99	285
lcl|CP015118.1_prot_ARN22596.1_4604	iSynCJ816.SGL_RS03920	67.9	196	59	1	16	211	5	196	3.78e-90	263
lcl|CP015118.1_prot_ARN22597.1_4605	iAF987.Gmet_1750	33.6	217	137	2	82	298	39	248	2.26e-25	103
lcl|CP015118.1_prot_ARN22599.1_4607	iCN718.ABAYE_RS16760	39.4	213	127	2	8	220	6	216	2.71e-44	147
lcl|CP015118.1_prot_ARN22600.1_4608	iYS854.USA300HOU_RS06015	31.4	315	189	6	5	312	8	302	3.07e-39	139
lcl|CP015118.1_prot_ARN22600.1_4608	iSDY_1059.SDY_2837	33.0	318	192	9	2	310	7	312	6.91e-39	139
lcl|CP015118.1_prot_ARN22600.1_4608	STM_v1_0.STM2662	32.6	319	192	8	2	310	7	312	9.67e-39	139
lcl|CP015118.1_prot_ARN22600.1_4608	iSF_1195.SF2653	32.7	318	193	9	2	310	7	312	9.67e-39	139
lcl|CP015118.1_prot_ARN22600.1_4608	iSSON_1240.SSON_2720	32.7	318	193	9	2	310	7	312	9.67e-39	139
lcl|CP015118.1_prot_ARN22600.1_4608	iSbBS512_1146.SbBS512_E2975	32.7	318	193	9	2	310	7	312	1.35e-38	138
lcl|CP015118.1_prot_ARN22600.1_4608	iNF517.LLMG_RS07670	30.4	322	181	10	4	310	4	297	6.44e-36	130
lcl|CP015118.1_prot_ARN22602.1_4610	iJN1463.PP_2145	49.7	290	128	3	7	296	9	280	8.35e-89	270
lcl|CP015118.1_prot_ARN22602.1_4610	iPC815.YPO1615	45.3	316	154	6	6	318	3	302	2.17e-82	254
lcl|CP015118.1_prot_ARN22602.1_4610	iSDY_1059.SDY_2043	44.9	316	155	6	6	318	3	302	1.30e-80	249
lcl|CP015118.1_prot_ARN22602.1_4610	iML1515.b1107	45.3	316	154	6	6	318	3	302	1.83e-80	249
lcl|CP015118.1_prot_ARN22602.1_4610	iSF_1195.SF1111	44.9	316	155	6	6	318	3	302	1.83e-80	249
lcl|CP015118.1_prot_ARN22602.1_4610	iYL1228.KPN_01104	44.3	314	156	6	8	318	1	298	6.27e-80	247
lcl|CP015118.1_prot_ARN22602.1_4610	iSbBS512_1146.SbBS512_E2216	44.6	316	156	6	6	318	3	302	2.91e-79	246
lcl|CP015118.1_prot_ARN22602.1_4610	iSSON_1240.SSON_1127	44.6	316	156	6	6	318	3	302	2.91e-79	246
lcl|CP015118.1_prot_ARN22602.1_4610	STM_v1_0.STM1209	44.3	316	157	6	6	318	3	302	2.32e-78	243
lcl|CP015118.1_prot_ARN22603.1_4611	iPC815.YPO2929	38.0	129	74	2	2	129	3	126	8.66e-24	89.0
lcl|CP015118.1_prot_ARN22603.1_4611	iML1515.b2563	38.0	129	74	2	2	129	3	126	2.77e-22	85.1
lcl|CP015118.1_prot_ARN22603.1_4611	iYL1228.KPN_02888	40.8	130	69	4	2	129	3	126	5.54e-22	84.3
lcl|CP015118.1_prot_ARN22603.1_4611	iSbBS512_1146.SbBS512_E2928	37.2	129	75	2	2	129	3	126	1.11e-21	83.6
lcl|CP015118.1_prot_ARN22603.1_4611	iSF_1195.SF2625	37.2	129	75	2	2	129	3	126	1.11e-21	83.6
lcl|CP015118.1_prot_ARN22603.1_4611	iSSON_1240.SSON_2687	37.2	129	75	2	2	129	3	126	1.11e-21	83.6
lcl|CP015118.1_prot_ARN22603.1_4611	iSDY_1059.SDY_2804	37.2	129	75	2	2	129	3	126	2.21e-21	82.8
lcl|CP015118.1_prot_ARN22603.1_4611	STM_v1_0.STM2577	36.4	129	76	2	2	129	3	126	1.25e-20	80.9
lcl|CP015118.1_prot_ARN22604.1_4612	iCN718.ABAYE_RS05235	34.6	237	145	4	20	256	5	231	3.61e-36	128
lcl|CP015118.1_prot_ARN22604.1_4612	STM_v1_0.STM2578	35.2	236	143	3	20	255	6	231	1.48e-35	127
lcl|CP015118.1_prot_ARN22604.1_4612	iJN1463.PP_1436	35.7	244	145	5	12	255	3	234	1.23e-34	124
lcl|CP015118.1_prot_ARN22604.1_4612	iML1515.b2564	33.9	236	146	3	20	255	6	231	1.23e-33	122
lcl|CP015118.1_prot_ARN22604.1_4612	iSbBS512_1146.SbBS512_E2929	33.9	236	146	3	20	255	6	231	1.23e-33	122
lcl|CP015118.1_prot_ARN22604.1_4612	iSDY_1059.SDY_2805	33.9	236	146	3	20	255	6	231	1.23e-33	122
lcl|CP015118.1_prot_ARN22604.1_4612	iSF_1195.SF2626	33.9	236	146	3	20	255	6	231	1.23e-33	122
lcl|CP015118.1_prot_ARN22604.1_4612	iSSON_1240.SSON_2688	33.5	236	147	3	20	255	6	231	1.73e-33	121
lcl|CP015118.1_prot_ARN22604.1_4612	iYL1228.KPN_02889	33.9	236	146	3	20	255	6	231	2.60e-32	118
lcl|CP015118.1_prot_ARN22604.1_4612	iPC815.YPO2930	33.5	236	147	3	20	255	6	231	2.60e-32	118
lcl|CP015118.1_prot_ARN22606.1_4614	iAF987.Gmet_2444	33.1	121	77	3	41	160	24	141	1.26e-07	52.8
lcl|CP015118.1_prot_ARN22610.1_4618	iSynCJ816.SGL_RS17200	26.1	498	218	19	5	378	9	480	1.66e-20	95.5
lcl|CP015118.1_prot_ARN22610.1_4618	iEK1008.Rv0684	24.1	503	232	14	1	378	10	487	1.59e-19	92.4
lcl|CP015118.1_prot_ARN22611.1_4619	iEK1008.Rv0125	32.9	368	193	12	23	364	14	353	2.22e-32	126
lcl|CP015118.1_prot_ARN22615.1_4624	iPC815.YPO1601	62.7	416	148	3	1	413	1	412	4.15e-187	525
lcl|CP015118.1_prot_ARN22615.1_4624	iML1515.b1095	61.3	416	154	3	1	413	1	412	5.57e-185	520
lcl|CP015118.1_prot_ARN22615.1_4624	iSF_1195.SF1099	61.3	416	154	3	1	413	1	412	5.57e-185	520
lcl|CP015118.1_prot_ARN22615.1_4624	iSSON_1240.SSON_1115	61.3	416	154	3	1	413	1	412	5.57e-185	520
lcl|CP015118.1_prot_ARN22615.1_4624	iSbBS512_1146.SbBS512_E2229	61.3	416	154	3	1	413	1	412	7.90e-185	519
lcl|CP015118.1_prot_ARN22615.1_4624	iYL1228.KPN_01093	60.6	416	157	3	1	413	1	412	4.54e-184	517
lcl|CP015118.1_prot_ARN22615.1_4624	iSDY_1059.SDY_2055	61.1	416	155	3	1	413	1	412	4.54e-184	517
lcl|CP015118.1_prot_ARN22615.1_4624	STM_v1_0.STM1197	60.8	416	156	3	1	413	1	412	1.84e-183	516
lcl|CP015118.1_prot_ARN22615.1_4624	iAF987.Gmet_1603	61.2	412	154	2	4	413	2	409	1.10e-181	511
lcl|CP015118.1_prot_ARN22615.1_4624	iJN1463.PP_1916	62.7	415	149	2	1	413	1	411	6.88e-179	504
lcl|CP015118.1_prot_ARN22616.1_4625	iJN1463.PP_1915	76.6	77	18	0	1	77	1	77	1.85e-32	107
lcl|CP015118.1_prot_ARN22616.1_4625	iPC815.YPO1600	75.3	77	19	0	1	77	1	77	1.52e-31	104
lcl|CP015118.1_prot_ARN22616.1_4625	iML1515.b1094	77.8	72	16	0	1	72	1	72	3.07e-31	103
lcl|CP015118.1_prot_ARN22616.1_4625	iYL1228.KPN_01092	77.8	72	16	0	1	72	1	72	3.07e-31	103
lcl|CP015118.1_prot_ARN22616.1_4625	STM_v1_0.STM1196	77.8	72	16	0	1	72	1	72	3.07e-31	103
lcl|CP015118.1_prot_ARN22616.1_4625	iSbBS512_1146.SbBS512_E2230	77.8	72	16	0	1	72	1	72	3.07e-31	103
lcl|CP015118.1_prot_ARN22616.1_4625	iSDY_1059.SDY_2056	77.8	72	16	0	1	72	1	72	3.07e-31	103
lcl|CP015118.1_prot_ARN22616.1_4625	iSF_1195.SF1098	77.8	72	16	0	1	72	1	72	3.07e-31	103
lcl|CP015118.1_prot_ARN22616.1_4625	iSSON_1240.SSON_1114	77.8	72	16	0	1	72	1	72	3.07e-31	103
lcl|CP015118.1_prot_ARN22617.1_4626	iML1515.b1093	63.5	241	86	1	8	248	5	243	3.50e-98	286
lcl|CP015118.1_prot_ARN22617.1_4626	iSbBS512_1146.SbBS512_E2231	63.5	241	86	1	8	248	5	243	3.50e-98	286
lcl|CP015118.1_prot_ARN22617.1_4626	iSDY_1059.SDY_2057	63.5	241	86	1	8	248	5	243	3.50e-98	286
lcl|CP015118.1_prot_ARN22617.1_4626	iSF_1195.SF1097	63.5	241	86	1	8	248	5	243	3.50e-98	286
lcl|CP015118.1_prot_ARN22617.1_4626	iSSON_1240.SSON_1113	63.5	241	86	1	8	248	5	243	3.50e-98	286
lcl|CP015118.1_prot_ARN22617.1_4626	STM_v1_0.STM1195	63.1	241	87	1	8	248	5	243	1.16e-96	282
lcl|CP015118.1_prot_ARN22617.1_4626	iYL1228.KPN_01091	61.8	241	90	1	8	248	5	243	4.68e-96	281
lcl|CP015118.1_prot_ARN22617.1_4626	iPC815.YPO1599	62.2	241	89	1	8	248	5	243	6.25e-94	275
lcl|CP015118.1_prot_ARN22618.1_4627	STM_v1_0.STM1194	55.8	308	133	2	1	307	1	306	1.44e-104	307
lcl|CP015118.1_prot_ARN22618.1_4627	iML1515.b1092	55.5	308	134	2	1	307	1	306	6.66e-103	303
lcl|CP015118.1_prot_ARN22618.1_4627	iSbBS512_1146.SbBS512_E2232	55.5	308	134	2	1	307	1	306	6.66e-103	303
lcl|CP015118.1_prot_ARN22618.1_4627	iSSON_1240.SSON_1112	55.5	308	134	2	1	307	1	306	1.34e-102	302
lcl|CP015118.1_prot_ARN22618.1_4627	iSDY_1059.SDY_2058	55.2	308	135	2	1	307	1	306	2.18e-101	299
lcl|CP015118.1_prot_ARN22618.1_4627	iSF_1195.SF1096	54.9	308	136	2	1	307	1	306	3.54e-100	296
lcl|CP015118.1_prot_ARN22618.1_4627	iYL1228.KPN_01090	53.7	311	135	3	1	307	1	306	8.16e-99	293
lcl|CP015118.1_prot_ARN22618.1_4627	iJN1463.PP_1913	55.0	309	136	2	5	312	6	312	1.81e-98	292
lcl|CP015118.1_prot_ARN22619.1_4628	STM_v1_0.STM1193	50.6	322	149	3	9	328	2	315	1.44e-103	306
lcl|CP015118.1_prot_ARN22619.1_4628	iSDY_1059.SDY_2059	50.6	320	152	2	9	328	2	315	5.82e-103	304
lcl|CP015118.1_prot_ARN22619.1_4628	iML1515.b1091	50.3	320	153	2	9	328	2	315	2.35e-102	303
lcl|CP015118.1_prot_ARN22619.1_4628	iSbBS512_1146.SbBS512_E2233	50.3	320	153	2	9	328	2	315	2.35e-102	303
lcl|CP015118.1_prot_ARN22619.1_4628	iSSON_1240.SSON_1111	50.3	320	153	2	9	328	2	315	2.35e-102	303
lcl|CP015118.1_prot_ARN22619.1_4628	iPC815.YPO1597	50.6	320	151	2	9	328	2	314	1.30e-101	301
lcl|CP015118.1_prot_ARN22619.1_4628	iSF_1195.SF1095	50.0	320	154	2	9	328	2	315	2.69e-101	300
lcl|CP015118.1_prot_ARN22619.1_4628	iYL1228.KPN_01089	50.0	324	148	4	9	328	2	315	1.53e-100	298
lcl|CP015118.1_prot_ARN22619.1_4628	iAF987.Gmet_1599	48.6	325	155	3	11	328	5	324	1.85e-93	280
lcl|CP015118.1_prot_ARN22619.1_4628	iCN900.CD630_11790	49.5	323	146	3	12	325	7	321	3.18e-92	277
lcl|CP015118.1_prot_ARN22620.1_4629	iJN1463.PP_1912	48.6	321	148	6	14	328	6	315	6.74e-85	260
lcl|CP015118.1_prot_ARN22620.1_4629	iML1515.b1090	43.4	332	170	4	14	336	6	328	2.80e-77	241
lcl|CP015118.1_prot_ARN22620.1_4629	iSbBS512_1146.SbBS512_E2234	42.8	332	172	4	14	336	6	328	6.25e-76	238
lcl|CP015118.1_prot_ARN22620.1_4629	iSDY_1059.SDY_2060	44.3	327	164	5	19	336	1	318	2.61e-75	236
lcl|CP015118.1_prot_ARN22620.1_4629	iSF_1195.SF1094	44.3	327	164	5	19	336	1	318	2.61e-75	236
lcl|CP015118.1_prot_ARN22620.1_4629	iSSON_1240.SSON_1110	43.4	327	167	4	19	336	1	318	2.61e-75	236
lcl|CP015118.1_prot_ARN22627.1_4637	iJN1463.PP_1785	73.8	363	83	1	1	351	1	363	2.35e-203	561
lcl|CP015118.1_prot_ARN22628.1_4638	iJN1463.PP_1784	63.9	299	103	2	1	294	1	299	4.93e-126	361
lcl|CP015118.1_prot_ARN22628.1_4638	iSF_1195.SF2103	59.3	295	117	2	1	294	1	293	1.07e-117	340
lcl|CP015118.1_prot_ARN22628.1_4638	iSDY_1059.SDY_2205	59.3	295	117	2	1	294	1	293	1.52e-117	339
lcl|CP015118.1_prot_ARN22628.1_4638	iML1515.b2040	58.6	295	119	2	1	294	1	293	1.76e-116	337
lcl|CP015118.1_prot_ARN22628.1_4638	iSbBS512_1146.SbBS512_E1193	58.3	295	120	2	1	294	1	293	7.12e-116	335
lcl|CP015118.1_prot_ARN22628.1_4638	STM_v1_0.STM2096	57.6	295	122	2	1	294	1	293	5.45e-113	328
lcl|CP015118.1_prot_ARN22629.1_4639	iJN1463.PP_1783	79.0	291	61	0	4	294	3	293	4.05e-174	482
lcl|CP015118.1_prot_ARN22629.1_4639	iSF_1195.SF2102	72.1	290	81	0	1	290	1	290	8.05e-160	446
lcl|CP015118.1_prot_ARN22629.1_4639	iML1515.b2039	71.8	291	82	0	1	291	1	291	3.39e-159	444
lcl|CP015118.1_prot_ARN22629.1_4639	iSbBS512_1146.SbBS512_E1194	71.7	290	82	0	1	290	1	290	2.68e-158	442
lcl|CP015118.1_prot_ARN22629.1_4639	iSDY_1059.SDY_2206	71.7	290	82	0	1	290	1	290	2.68e-158	442
lcl|CP015118.1_prot_ARN22629.1_4639	STM_v1_0.STM2095	71.0	290	84	0	1	290	1	290	2.55e-156	437
lcl|CP015118.1_prot_ARN22630.1_4640	iYL1228.KPN_02494	67.2	183	59	1	1	182	1	183	3.57e-86	251
lcl|CP015118.1_prot_ARN22630.1_4640	iYL1228.KPN_02488	66.7	183	60	1	1	182	1	183	1.45e-85	249
lcl|CP015118.1_prot_ARN22630.1_4640	iJN1463.PP_1782	65.6	183	62	1	1	183	1	182	2.24e-84	246
lcl|CP015118.1_prot_ARN22630.1_4640	iSDY_1059.SDY_2207	66.1	174	58	1	1	173	1	174	2.47e-84	246
lcl|CP015118.1_prot_ARN22630.1_4640	iSbBS512_1146.SbBS512_E1195	63.8	177	63	1	1	177	1	176	8.22e-83	242
lcl|CP015118.1_prot_ARN22630.1_4640	iSF_1195.SF2101	61.5	182	68	1	1	182	1	180	1.60e-79	234
lcl|CP015118.1_prot_ARN22630.1_4640	STM_v1_0.STM2094	61.4	176	67	1	1	176	2	176	6.94e-79	232
lcl|CP015118.1_prot_ARN24020.1_4641	iJN1463.PP_1277	53.0	472	210	4	1	469	7	469	3.27e-172	492
lcl|CP015118.1_prot_ARN24020.1_4641	iML1515.b2049	51.3	476	216	5	1	469	11	477	2.55e-162	467
lcl|CP015118.1_prot_ARN24020.1_4641	iSbBS512_1146.SbBS512_E1183	51.1	476	217	5	1	469	11	477	2.07e-161	464
lcl|CP015118.1_prot_ARN24020.1_4641	iSF_1195.SF2112	50.8	476	218	5	1	469	11	477	5.88e-161	463
lcl|CP015118.1_prot_ARN24020.1_4641	iSSON_1240.SSON_2102	50.8	476	218	5	1	469	11	477	8.33e-161	463
lcl|CP015118.1_prot_ARN24020.1_4641	iPC815.YPO3099	49.1	466	227	3	1	465	9	465	5.48e-157	453
lcl|CP015118.1_prot_ARN22631.1_4642	iAF692.Mbar_A0035	62.3	305	112	1	1	302	1	305	2.18e-142	403
lcl|CP015118.1_prot_ARN22631.1_4642	iAF987.Gmet_1312	61.7	313	109	2	1	302	1	313	7.22e-136	387
lcl|CP015118.1_prot_ARN22631.1_4642	iSSON_1240.SSON_2105	58.5	311	119	2	1	302	1	310	4.66e-127	365
lcl|CP015118.1_prot_ARN22631.1_4642	iML1515.b2052	58.2	311	120	2	1	302	1	310	6.61e-127	364
lcl|CP015118.1_prot_ARN22631.1_4642	iSbBS512_1146.SbBS512_E1180	58.5	311	119	2	1	302	1	310	9.38e-127	364
lcl|CP015118.1_prot_ARN22632.1_4643	iAF987.Gmet_1311	76.2	369	78	1	5	373	2	360	1.81e-209	578
lcl|CP015118.1_prot_ARN22632.1_4643	STM_v1_0.STM2109	75.9	365	87	1	4	367	2	366	6.84e-208	574
lcl|CP015118.1_prot_ARN22632.1_4643	iML1515.b2053	75.5	364	88	1	4	366	2	365	2.78e-207	573
lcl|CP015118.1_prot_ARN22632.1_4643	iSbBS512_1146.SbBS512_E1179	75.5	364	88	1	4	366	2	365	2.78e-207	573
lcl|CP015118.1_prot_ARN22632.1_4643	iSF_1195.SF2116	75.5	364	88	1	4	366	2	365	2.78e-207	573
lcl|CP015118.1_prot_ARN22632.1_4643	iSSON_1240.SSON_2106	75.5	364	88	1	4	366	2	365	2.78e-207	573
lcl|CP015118.1_prot_ARN22633.1_4644	iPC815.YPO2174	58.1	442	182	2	1	440	1	441	1.36e-174	496
lcl|CP015118.1_prot_ARN22633.1_4644	iAF987.Gmet_1430	56.3	446	186	3	1	440	1	443	6.79e-173	491
lcl|CP015118.1_prot_ARN22634.1_4645	iSynCJ816.SGL_RS03665	61.4	311	120	0	15	325	4	314	1.07e-134	385
lcl|CP015118.1_prot_ARN24021.1_4647	iSynCJ816.SGL_RS14835	28.5	158	85	6	21	162	218	363	9.30e-05	42.4
lcl|CP015118.1_prot_ARN22636.1_4648	iAF987.Gmet_1431	68.1	304	96	1	3	306	2	304	3.63e-161	451
lcl|CP015118.1_prot_ARN22636.1_4648	iSynCJ816.SGL_RS09825	63.0	305	111	1	3	307	2	304	1.63e-149	421
lcl|CP015118.1_prot_ARN22639.1_4651	iJN1463.PP_1801	32.4	315	177	10	36	326	75	377	3.12e-29	115
lcl|CP015118.1_prot_ARN22640.1_4652	iEK1008.Rv2952	35.5	110	58	4	26	122	69	178	2.43e-06	46.2
lcl|CP015118.1_prot_ARN22640.1_4652	iCN718.ABAYE_RS17020	34.7	101	51	2	39	124	132	232	4.93e-06	45.4
lcl|CP015118.1_prot_ARN22640.1_4652	iAF987.Gmet_1167	30.8	104	57	3	36	124	71	174	4.30e-06	45.4
lcl|CP015118.1_prot_ARN22640.1_4652	iJN1463.PP_5098	29.8	104	63	4	37	133	23	123	8.62e-06	44.3
lcl|CP015118.1_prot_ARN22642.1_4654	iEK1008.Rv2957	30.9	220	135	8	1	207	27	242	6.30e-12	63.2
lcl|CP015118.1_prot_ARN22644.1_4656	iEK1008.Rv3265c	32.0	153	90	2	84	225	88	237	1.25e-11	63.2
lcl|CP015118.1_prot_ARN22645.1_4657	iAF987.Gmet_1505	31.2	253	158	7	33	280	32	273	1.97e-25	107
lcl|CP015118.1_prot_ARN22646.1_4658	iCN718.ABAYE_RS18875	39.9	576	324	11	14	579	8	571	9.82e-112	348
lcl|CP015118.1_prot_ARN22646.1_4658	iJN1463.PP_1805	36.5	641	364	12	19	623	37	670	2.12e-110	346
lcl|CP015118.1_prot_ARN22647.1_4659	iML1515.b2047	41.2	136	78	1	3	136	274	409	1.32e-23	96.7
lcl|CP015118.1_prot_ARN22648.1_4660	iAF987.Gmet_0886	45.8	384	200	6	8	388	5	383	5.49e-107	319
lcl|CP015118.1_prot_ARN22651.1_4663	iYS854.USA300HOU_RS07460	21.1	242	174	4	77	305	80	317	2.66e-08	54.7
lcl|CP015118.1_prot_ARN22652.1_4664	iML1515.b2033	28.1	146	97	4	25	170	46	183	6.63e-06	44.7
lcl|CP015118.1_prot_ARN24022.1_4666	iAF987.Gmet_2351	43.6	362	204	0	1	362	3	364	1.89e-98	296
lcl|CP015118.1_prot_ARN22654.1_4667	iYS854.USA300HOU_RS07115	38.0	79	42	1	75	153	146	217	1.24e-06	47.0
lcl|CP015118.1_prot_ARN22655.1_4668	STM_v1_0.STM4433	22.3	350	240	11	10	346	2	332	1.43e-13	70.5
lcl|CP015118.1_prot_ARN22655.1_4668	iAF692.Mbar_A1138	22.8	250	175	7	12	260	2	234	1.02e-11	64.7
lcl|CP015118.1_prot_ARN22656.1_4669	iML1515.b4129	59.7	491	196	2	9	497	14	504	8.56e-207	582
lcl|CP015118.1_prot_ARN22656.1_4669	iYL1228.KPN_03318	59.1	491	199	2	9	497	14	504	3.25e-204	575
lcl|CP015118.1_prot_ARN22656.1_4669	iSbBS512_1146.SbBS512_E3309	59.5	489	196	2	9	495	14	502	9.28e-204	574
lcl|CP015118.1_prot_ARN22656.1_4669	iSF_1195.SF2876	59.5	489	196	2	9	495	14	502	9.28e-204	574
lcl|CP015118.1_prot_ARN22656.1_4669	iSSON_1240.SSON_3043	59.5	489	196	2	9	495	14	502	9.28e-204	574
lcl|CP015118.1_prot_ARN22656.1_4669	iSDY_1059.SDY_3192	59.5	489	196	2	9	495	14	502	3.75e-203	573
lcl|CP015118.1_prot_ARN22656.1_4669	iYL1228.KPN_00502	58.9	491	200	2	9	497	14	504	1.07e-202	572
lcl|CP015118.1_prot_ARN22656.1_4669	iPC815.YPO0888	59.1	487	197	2	11	495	16	502	5.00e-201	567
lcl|CP015118.1_prot_ARN22656.1_4669	STM_v1_0.STM3040	58.9	489	199	2	9	495	14	502	2.02e-200	566
lcl|CP015118.1_prot_ARN22656.1_4669	iJN1463.PP_1496	58.1	492	199	3	9	498	14	500	9.23e-193	546
lcl|CP015118.1_prot_ARN22656.1_4669	iAF987.Gmet_2360	56.1	488	211	2	11	497	5	490	1.46e-189	538
lcl|CP015118.1_prot_ARN22662.1_4675	iJN1463.PP_1469	27.5	207	139	7	27	226	44	246	2.56e-18	81.3
lcl|CP015118.1_prot_ARN22662.1_4675	iPC815.YPO0891	30.4	227	138	10	20	239	16	229	2.36e-16	75.5
lcl|CP015118.1_prot_ARN24023.1_4676	iJN1463.PP_5197	33.5	394	229	6	3	365	4	395	2.21e-45	160
lcl|CP015118.1_prot_ARN24023.1_4676	iML1515.b2906	32.1	393	236	6	1	365	1	390	4.23e-40	145
lcl|CP015118.1_prot_ARN22664.1_4678	iAF987.Gmet_0043	25.8	392	264	10	197	581	16	387	7.44e-23	102
lcl|CP015118.1_prot_ARN22665.1_4679	iAF987.Gmet_2444	29.7	145	86	4	4	138	23	161	2.55e-05	45.8
lcl|CP015118.1_prot_ARN22665.1_4679	iSynCJ816.SGL_RS05125	31.5	92	44	2	4	93	20	94	4.36e-05	45.1
lcl|CP015118.1_prot_ARN22665.1_4679	iCN900.CD630_14790	41.4	58	33	1	1	57	1	58	1.06e-04	43.9
lcl|CP015118.1_prot_ARN22665.1_4679	iAF692.Mbar_A1452	42.9	56	30	1	3	56	6	61	1.03e-04	43.9
lcl|CP015118.1_prot_ARN22665.1_4679	iJN1463.PP_4893	40.0	65	34	2	7	66	203	267	2.04e-04	42.7
lcl|CP015118.1_prot_ARN22667.1_4682	iLJ478.TM0025	29.9	795	431	19	71	838	7	702	7.50e-71	247
lcl|CP015118.1_prot_ARN22674.1_4689	iAF987.Gmet_0043	27.1	380	252	5	660	1032	26	387	1.19e-26	115
lcl|CP015118.1_prot_ARN22677.1_4692	iIS312.TCDM_05651	34.5	139	87	2	41	175	97	235	4.43e-25	98.2
lcl|CP015118.1_prot_ARN22678.1_4693	iJN1463.PP_0110	52.4	286	136	0	15	300	10	295	3.16e-90	270
lcl|CP015118.1_prot_ARN22679.1_4694	iSynCJ816.SGL_RS10200	30.6	186	106	4	58	240	59	224	7.01e-13	68.6
lcl|CP015118.1_prot_ARN22683.1_4698	iJN1463.PP_0106	49.8	291	133	4	12	292	6	293	2.18e-98	290
lcl|CP015118.1_prot_ARN24026.1_4700	iJN1463.PP_0105	41.3	172	91	4	4	173	12	175	6.79e-42	139
lcl|CP015118.1_prot_ARN22684.1_4701	iJN1463.PP_0104	68.3	537	160	5	1	536	1	528	5.69e-278	765
lcl|CP015118.1_prot_ARN24027.1_4702	iJN1463.PP_0103	46.9	352	175	8	39	385	26	370	3.63e-104	311
lcl|CP015118.1_prot_ARN22685.1_4705	iLB1027_lipid.PHATRDRAFT_9612	52.8	36	17	0	184	219	202	237	6.51e-04	39.7
lcl|CP015118.1_prot_ARN22685.1_4705	iAF692.Mbar_A0547	54.8	31	14	0	182	212	140	170	8.57e-04	38.9
lcl|CP015118.1_prot_ARN22688.1_4708	iPC815.YPO0068	42.5	325	182	4	2	322	7	330	1.43e-73	230
lcl|CP015118.1_prot_ARN22688.1_4708	iSbBS512_1146.SbBS512_E4036	41.0	324	188	3	2	322	7	330	2.26e-72	227
lcl|CP015118.1_prot_ARN22688.1_4708	iML1515.b3608	41.0	324	188	3	2	322	7	330	4.51e-72	226
lcl|CP015118.1_prot_ARN22688.1_4708	iSDY_1059.SDY_4041	41.0	324	188	3	2	322	7	330	4.51e-72	226
lcl|CP015118.1_prot_ARN22688.1_4708	iSF_1195.SF3647	41.0	324	188	3	2	322	7	330	4.51e-72	226
lcl|CP015118.1_prot_ARN22688.1_4708	iSSON_1240.SSON_3797	41.0	324	188	3	2	322	7	330	4.51e-72	226
lcl|CP015118.1_prot_ARN22688.1_4708	iYL1228.KPN_03952	41.7	324	184	4	3	322	8	330	2.54e-71	224
lcl|CP015118.1_prot_ARN22688.1_4708	STM_v1_0.STM3700	40.0	330	195	3	2	328	7	336	8.00e-70	220
lcl|CP015118.1_prot_ARN22688.1_4708	iAF987.Gmet_0008	44.9	332	175	6	2	327	4	333	6.31e-68	215
lcl|CP015118.1_prot_ARN22688.1_4708	iCN900.CD630_26300	37.5	331	200	4	2	328	7	334	6.98e-66	210
lcl|CP015118.1_prot_ARN22690.1_4710	iPC815.YPO0066	57.8	83	34	1	1	83	1	82	5.94e-29	98.6
lcl|CP015118.1_prot_ARN22690.1_4710	iYL1228.KPN_03954	56.0	84	36	1	1	84	1	83	1.75e-28	97.4
lcl|CP015118.1_prot_ARN22690.1_4710	STM_v1_0.STM3702	54.8	84	37	1	1	84	1	83	2.04e-27	94.7
lcl|CP015118.1_prot_ARN22690.1_4710	iML1515.b3610	53.6	84	38	1	1	84	1	83	8.28e-27	93.2
lcl|CP015118.1_prot_ARN22690.1_4710	iSbBS512_1146.SbBS512_E4038	53.6	84	38	1	1	84	1	83	8.28e-27	93.2
lcl|CP015118.1_prot_ARN22690.1_4710	iSDY_1059.SDY_4043	53.6	84	38	1	1	84	1	83	8.28e-27	93.2
lcl|CP015118.1_prot_ARN22690.1_4710	iSSON_1240.SSON_3795	53.6	84	38	1	1	84	1	83	8.28e-27	93.2
lcl|CP015118.1_prot_ARN22690.1_4710	iJN1463.PP_5054	51.8	85	40	1	1	85	1	84	3.46e-26	91.7
lcl|CP015118.1_prot_ARN22690.1_4710	iSF_1195.SF3649	52.4	84	39	1	1	84	1	83	1.37e-25	90.1
lcl|CP015118.1_prot_ARN22691.1_4711	iSynCJ816.SGL_RS18145	36.4	88	53	2	48	134	78	163	5.58e-12	59.3
lcl|CP015118.1_prot_ARN22692.1_4712	iSDY_1059.SDY_0702	66.0	244	83	0	3	246	5	248	1.01e-117	336
lcl|CP015118.1_prot_ARN22692.1_4712	iML1515.b0755	66.0	244	83	0	3	246	5	248	1.44e-117	335
lcl|CP015118.1_prot_ARN22692.1_4712	iYL1228.KPN_00768	66.8	244	81	0	3	246	5	248	1.44e-117	335
lcl|CP015118.1_prot_ARN22692.1_4712	iSbBS512_1146.SbBS512_E0676	66.0	244	83	0	3	246	5	248	1.44e-117	335
lcl|CP015118.1_prot_ARN22692.1_4712	iSF_1195.SF0549	66.0	244	83	0	3	246	5	248	1.44e-117	335
lcl|CP015118.1_prot_ARN22692.1_4712	iSSON_1240.SSON_0707	66.0	244	83	0	3	246	5	248	1.44e-117	335
lcl|CP015118.1_prot_ARN22692.1_4712	iAF987.Gmet_1653	66.0	247	84	0	1	247	1	247	2.61e-117	335
lcl|CP015118.1_prot_ARN22692.1_4712	STM_v1_0.STM0772	65.6	244	84	0	3	246	5	248	4.12e-117	334
lcl|CP015118.1_prot_ARN22692.1_4712	iPC815.YPO1133	63.1	244	90	0	3	246	5	248	3.52e-111	319
lcl|CP015118.1_prot_ARN22692.1_4712	iAT_PLT_636.5223	60.9	248	94	2	2	246	4	251	1.03e-106	308
lcl|CP015118.1_prot_ARN22692.1_4712	iMM1415.18648	60.9	248	94	2	2	246	4	251	1.03e-106	308
lcl|CP015118.1_prot_ARN22692.1_4712	iCHOv1.100766080	60.5	248	95	2	2	246	4	251	1.47e-106	308
lcl|CP015118.1_prot_ARN22692.1_4712	iCHOv1.100761944	60.5	248	95	2	2	246	4	251	8.15e-106	306
lcl|CP015118.1_prot_ARN22692.1_4712	iMM1415.56012	60.9	248	94	2	2	246	4	251	1.64e-105	305
lcl|CP015118.1_prot_ARN22692.1_4712	iAM_Pf480.PF3D7_1120100	60.8	245	96	0	2	246	4	248	6.01e-105	303
lcl|CP015118.1_prot_ARN22693.1_4713	iAF692.Mbar_A2898	31.3	323	198	8	231	551	1	301	2.36e-33	129
lcl|CP015118.1_prot_ARN22693.1_4713	iLJ478.TM0869	30.7	332	207	9	221	550	7	317	5.27e-33	128
lcl|CP015118.1_prot_ARN22693.1_4713	iJN1463.PP_2440	32.2	348	187	12	216	543	187	505	7.13e-31	125
lcl|CP015118.1_prot_ARN22693.1_4713	iYS854.USA300HOU_RS04135	29.1	320	206	7	232	551	6	304	8.77e-30	119
lcl|CP015118.1_prot_ARN22693.1_4713	iEK1008.Rv3913	31.0	332	206	8	223	552	6	316	6.58e-29	117
lcl|CP015118.1_prot_ARN22693.1_4713	iML1515.b0606	30.2	331	196	11	230	551	211	515	9.31e-28	116
lcl|CP015118.1_prot_ARN22693.1_4713	iPC815.YPO1374	29.8	332	211	9	223	551	1	313	9.25e-29	116
lcl|CP015118.1_prot_ARN22694.1_4714	iEK1008.Rv0134	30.1	279	175	9	41	305	20	292	3.32e-22	94.0
lcl|CP015118.1_prot_ARN22699.1_4721	iCN718.ABAYE_RS02155	45.0	298	138	6	26	307	37	324	3.12e-74	230
lcl|CP015118.1_prot_ARN22699.1_4721	iJN1463.PP_4854	47.3	292	140	5	29	307	25	315	3.46e-68	214
lcl|CP015118.1_prot_ARN24032.1_4722	iCN718.ABAYE_RS03025	32.0	203	137	1	24	226	56	257	2.73e-34	123
lcl|CP015118.1_prot_ARN22700.1_4723	iJN1463.PP_4999	43.6	431	234	3	1	430	1	423	3.23e-107	323
lcl|CP015118.1_prot_ARN22701.1_4724	iJN1463.PP_4998	65.7	318	108	1	4	320	7	324	5.25e-142	404
lcl|CP015118.1_prot_ARN22702.1_4725	iJN1463.PP_4997	45.9	122	65	1	30	150	32	153	1.26e-32	114
lcl|CP015118.1_prot_ARN22713.1_4736	iCN718.ABAYE_RS18215	32.0	194	124	6	48	240	64	250	4.66e-18	80.5
lcl|CP015118.1_prot_ARN22714.1_4737	iJN1463.PP_2504	36.8	57	35	1	1	56	1	57	4.73e-06	39.3
lcl|CP015118.1_prot_ARN22715.1_4738	iMM1415.235033	41.6	185	96	4	2	174	3	187	1.14e-31	118
lcl|CP015118.1_prot_ARN22715.1_4738	iCHOv1.100773401	41.6	185	96	4	2	174	3	187	5.52e-31	116
lcl|CP015118.1_prot_ARN22718.1_4741	iAF987.Gmet_2425	36.2	188	96	4	143	325	178	346	6.36e-25	103
lcl|CP015118.1_prot_ARN22718.1_4741	iJN1463.PP_0129	37.6	173	88	4	155	324	488	643	6.66e-24	102
lcl|CP015118.1_prot_ARN22718.1_4741	iML1515.b1341	34.9	172	95	1	152	323	253	407	2.83e-23	99.4
lcl|CP015118.1_prot_ARN22718.1_4741	iPC815.YPO0425	32.0	181	96	4	150	324	218	377	9.80e-22	94.7
lcl|CP015118.1_prot_ARN22718.1_4741	iML1515.b1535	33.3	174	94	2	152	322	129	283	4.20e-22	94.4
lcl|CP015118.1_prot_ARN22719.1_4742	iAF987.Gmet_0069	35.1	114	72	1	2075	2186	5	118	5.71e-11	65.9
lcl|CP015118.1_prot_ARN22719.1_4742	iAF987.Gmet_2999	29.8	114	80	0	2073	2186	8	121	6.09e-10	63.2
lcl|CP015118.1_prot_ARN22719.1_4742	iAF987.Gmet_1706	33.3	111	66	2	2075	2182	3	108	6.23e-09	59.7
lcl|CP015118.1_prot_ARN22722.1_4745	iAF987.Gmet_2999	31.9	113	77	0	6	118	10	122	2.28e-19	81.3
lcl|CP015118.1_prot_ARN22722.1_4745	iAF987.Gmet_0069	33.6	119	73	2	4	118	3	119	5.51e-17	74.3
lcl|CP015118.1_prot_ARN22723.1_4746	iAF987.Gmet_0069	36.0	114	71	2	11	122	5	118	1.32e-15	70.9
lcl|CP015118.1_prot_ARN22723.1_4746	iAF987.Gmet_2999	33.6	113	75	0	11	123	10	122	1.68e-15	70.9
lcl|CP015118.1_prot_ARN22724.1_4747	iJN1463.PP_5315	60.0	50	20	0	1	50	5	54	5.91e-22	78.6
lcl|CP015118.1_prot_ARN22724.1_4747	iCN718.ABAYE_RS05795	58.0	50	21	0	1	50	5	54	3.53e-19	77.8
lcl|CP015118.1_prot_ARN22724.1_4747	iJN1463.PP_5371	60.0	50	20	0	1	50	5	54	4.90e-19	77.4
lcl|CP015118.1_prot_ARN22725.1_4748	iJN1463.PP_4782	33.2	259	160	5	23	277	10	259	1.49e-24	99.8
lcl|CP015118.1_prot_ARN22726.1_4749	iYL1228.KPN_00169	58.0	426	172	2	11	436	4	422	5.64e-175	496
lcl|CP015118.1_prot_ARN22726.1_4749	iSSON_1240.SSON_0166	58.5	426	170	3	11	436	4	422	3.24e-174	494
lcl|CP015118.1_prot_ARN22726.1_4749	iSF_1195.SF0146	58.0	426	172	3	11	436	4	422	1.31e-173	492
lcl|CP015118.1_prot_ARN22726.1_4749	iML1515.b0154	58.0	426	172	3	11	436	4	422	2.63e-173	491
lcl|CP015118.1_prot_ARN22726.1_4749	iSDY_1059.SDY_0170	58.0	426	172	3	11	436	4	422	2.63e-173	491
lcl|CP015118.1_prot_ARN22726.1_4749	iSbBS512_1146.SbBS512_E0146	57.7	426	173	3	11	436	4	422	3.74e-173	491
lcl|CP015118.1_prot_ARN22726.1_4749	STM_v1_0.STM0202	57.7	426	173	3	11	436	4	422	3.51e-171	486
lcl|CP015118.1_prot_ARN22726.1_4749	iJN1463.PP_4784	56.5	423	177	2	11	433	4	419	5.15e-171	486
lcl|CP015118.1_prot_ARN22726.1_4749	iPC815.YPO3389	56.8	424	176	2	11	434	4	420	3.29e-169	481
lcl|CP015118.1_prot_ARN22726.1_4749	iCN718.ABAYE_RS05520	52.5	436	194	5	1	434	1	425	8.87e-161	460
lcl|CP015118.1_prot_ARN22726.1_4749	iAF987.Gmet_3356	52.9	427	193	2	7	433	2	420	8.03e-158	452
lcl|CP015118.1_prot_ARN22727.1_4750	iJN1463.PP_0547	58.9	450	182	3	1	449	1	448	1.79e-182	516
lcl|CP015118.1_prot_ARN22727.1_4750	iSF_1195.SF4257	58.8	451	184	2	1	450	1	450	4.23e-173	493
lcl|CP015118.1_prot_ARN22727.1_4750	iSDY_1059.SDY_4251	58.8	451	184	2	1	450	1	450	1.71e-172	491
lcl|CP015118.1_prot_ARN22727.1_4750	iML1515.b4233	58.5	451	185	2	1	450	1	450	2.42e-172	491
lcl|CP015118.1_prot_ARN22727.1_4750	iSbBS512_1146.SbBS512_E4851	58.5	451	185	2	1	450	1	450	3.44e-172	490
lcl|CP015118.1_prot_ARN22727.1_4750	iPC815.YPO3519	58.6	452	181	3	1	449	1	449	3.81e-172	490
lcl|CP015118.1_prot_ARN22727.1_4750	iSSON_1240.SSON_4414	58.5	451	185	2	1	450	1	450	6.91e-172	489
lcl|CP015118.1_prot_ARN22727.1_4750	STM_v1_0.STM4416	58.3	451	186	2	1	450	1	450	6.93e-170	484
lcl|CP015118.1_prot_ARN22727.1_4750	iYL1228.KPN_04627	57.6	439	184	2	13	450	1	438	1.14e-162	466
lcl|CP015118.1_prot_ARN22728.1_4751	iMM1415.23945	33.3	138	77	8	18	146	49	180	3.57e-05	44.3
lcl|CP015118.1_prot_ARN22728.1_4751	iCHOv1.100767455	33.6	122	67	7	18	131	43	158	8.36e-05	43.1
lcl|CP015118.1_prot_ARN22731.1_4756	iJN1463.PP_0074	49.3	280	127	7	1	274	1	271	2.21e-73	225
lcl|CP015118.1_prot_ARN22731.1_4756	iJN1463.PP_3002	45.8	271	137	3	3	270	4	267	3.60e-66	207
lcl|CP015118.1_prot_ARN22732.1_4757	iJN1463.PP_5107	39.4	241	115	3	17	254	12	224	1.84e-38	134
lcl|CP015118.1_prot_ARN22732.1_4757	iML1515.b3208	38.3	235	117	2	15	248	20	227	1.54e-34	124
lcl|CP015118.1_prot_ARN22734.1_4759	iJN1463.PP_0510	51.4	35	12	1	59	93	27	56	9.97e-05	41.2
lcl|CP015118.1_prot_ARN22734.1_4759	iAF692.Mbar_A2310	48.1	27	14	0	59	85	2	28	1.73e-04	38.5
lcl|CP015118.1_prot_ARN22734.1_4759	iJN1463.PP_5069	25.0	112	53	4	60	169	58	140	7.69e-04	37.7
lcl|CP015118.1_prot_ARN22735.1_4760	iCN718.ABAYE_RS08045	65.1	146	51	0	3	148	5	150	8.69e-64	191
lcl|CP015118.1_prot_ARN22735.1_4760	iJN1463.PP_0560	66.7	144	48	0	3	146	4	147	5.01e-63	189
lcl|CP015118.1_prot_ARN22736.1_4761	iML1515.b3255	49.4	156	78	1	1	155	1	156	7.68e-41	134
lcl|CP015118.1_prot_ARN22736.1_4761	iSbBS512_1146.SbBS512_E3287	49.4	156	78	1	1	155	1	156	7.68e-41	134
lcl|CP015118.1_prot_ARN22736.1_4761	iSF_1195.SF3293	49.4	156	78	1	1	155	1	156	7.68e-41	134
lcl|CP015118.1_prot_ARN22736.1_4761	iSSON_1240.SSON_3396	49.4	156	78	1	1	155	1	156	7.68e-41	134
lcl|CP015118.1_prot_ARN22736.1_4761	iSDY_1059.SDY_3432	49.4	156	78	1	1	155	1	156	1.09e-40	133
lcl|CP015118.1_prot_ARN22736.1_4761	STM_v1_0.STM3379	48.1	156	80	1	1	155	1	156	8.81e-40	131
lcl|CP015118.1_prot_ARN22736.1_4761	iYL1228.KPN_03664	56.6	159	61	2	1	155	1	155	3.45e-39	129
lcl|CP015118.1_prot_ARN22736.1_4761	iPC815.YPO3659	49.1	161	69	3	1	155	1	154	7.70e-38	126
lcl|CP015118.1_prot_ARN22737.1_4762	iJN1463.PP_0558	67.4	439	143	0	3	441	6	444	5.84e-222	616
lcl|CP015118.1_prot_ARN22737.1_4762	iPC815.YPO3658	66.7	441	147	0	1	441	1	441	3.99e-217	604
lcl|CP015118.1_prot_ARN22737.1_4762	iML1515.b3256	66.0	441	150	0	1	441	1	441	1.53e-214	597
lcl|CP015118.1_prot_ARN22737.1_4762	iSbBS512_1146.SbBS512_E3288	66.0	441	150	0	1	441	1	441	1.53e-214	597
lcl|CP015118.1_prot_ARN22737.1_4762	iSDY_1059.SDY_3433	66.0	441	150	0	1	441	1	441	1.53e-214	597
lcl|CP015118.1_prot_ARN22737.1_4762	iSSON_1240.SSON_3397	66.0	441	150	0	1	441	1	441	1.53e-214	597
lcl|CP015118.1_prot_ARN22737.1_4762	STM_v1_0.STM3380	66.0	441	150	0	1	441	1	441	1.25e-213	595
lcl|CP015118.1_prot_ARN22737.1_4762	iYL1228.KPN_03665	65.5	441	152	0	1	441	1	441	1.02e-212	593
lcl|CP015118.1_prot_ARN22737.1_4762	iSF_1195.SF3294	65.5	441	152	0	1	441	1	441	1.45e-212	592
lcl|CP015118.1_prot_ARN22740.1_4765	iEK1008.Rv2202c	34.4	305	194	3	1	300	1	304	8.89e-53	175
lcl|CP015118.1_prot_ARN22744.1_4769	iCN718.ABAYE_RS15295	66.7	336	112	0	67	402	92	427	1.28e-174	493
lcl|CP015118.1_prot_ARN22744.1_4769	iJN1463.PP_1177	66.8	337	112	0	67	403	80	416	4.08e-173	489
lcl|CP015118.1_prot_ARN22745.1_4770	iJN1463.PP_1179	62.7	944	326	7	33	967	33	959	0.0	1177
lcl|CP015118.1_prot_ARN22745.1_4770	iCN718.ABAYE_RS15285	61.9	943	341	9	33	967	12	944	0.0	1137
lcl|CP015118.1_prot_ARN24035.1_4771	iPC815.YPO3423	53.1	162	74	1	3	162	10	171	1.16e-58	181
lcl|CP015118.1_prot_ARN24035.1_4771	iJN1463.PP_0789	50.3	163	78	1	3	162	14	176	2.71e-56	175
lcl|CP015118.1_prot_ARN24035.1_4771	iYL1228.KPN_00112	51.5	165	76	2	1	162	8	171	2.64e-53	167
lcl|CP015118.1_prot_ARN24035.1_4771	iSbBS512_1146.SbBS512_E0103	49.4	164	81	1	1	162	8	171	3.31e-53	167
lcl|CP015118.1_prot_ARN24035.1_4771	iSSON_1240.SSON_0118	49.4	164	81	1	1	162	8	171	3.31e-53	167
lcl|CP015118.1_prot_ARN24035.1_4771	iML1515.b0110	48.8	164	82	1	1	162	8	171	2.68e-52	165
lcl|CP015118.1_prot_ARN24035.1_4771	STM_v1_0.STM0146	48.1	162	82	1	4	163	11	172	6.10e-52	164
lcl|CP015118.1_prot_ARN24035.1_4771	iSDY_1059.SDY_0140	48.8	164	82	1	1	162	8	171	1.08e-51	163
lcl|CP015118.1_prot_ARN24035.1_4771	iSF_1195.SF0107	48.8	164	82	1	1	162	8	171	1.08e-51	163
lcl|CP015118.1_prot_ARN22746.1_4772	iAF987.Gmet_1914	36.0	111	71	0	9	119	4	114	8.64e-14	73.2
lcl|CP015118.1_prot_ARN22746.1_4772	iAF987.Gmet_1919	32.2	115	78	0	8	122	4	118	1.19e-12	68.9
lcl|CP015118.1_prot_ARN22755.1_4782	iJN1463.PP_3948	32.7	147	60	6	27	171	806	915	2.24e-13	67.0
lcl|CP015118.1_prot_ARN22759.1_4786	iJN1463.PP_2556	70.6	435	127	1	9	443	13	446	2.64e-214	597
lcl|CP015118.1_prot_ARN22761.1_4788	iMM904.YLR189C	29.8	426	259	11	2	401	741	1152	2.91e-34	135
lcl|CP015118.1_prot_ARN22764.1_4792	STM_v1_0.STM0055	47.8	67	35	0	7	73	525	591	2.96e-11	56.6
lcl|CP015118.1_prot_ARN22764.1_4792	STM_v1_0.STM3352	47.8	67	35	0	7	73	525	591	2.96e-11	56.6
lcl|CP015118.1_prot_ARN22764.1_4792	iJN1463.PP_4067	51.6	64	31	0	9	72	585	648	9.29e-10	52.4
lcl|CP015118.1_prot_ARN22766.1_4794	iCN900.CD630_13870	35.7	319	191	3	1	319	1	305	4.69e-64	205
lcl|CP015118.1_prot_ARN22767.1_4795	iYS854.USA300HOU_RS08570	31.1	225	139	2	9	227	6	220	3.01e-41	140
lcl|CP015118.1_prot_ARN22767.1_4795	iCN900.CD630_13860	36.3	215	128	4	10	222	9	216	2.89e-38	132
lcl|CP015118.1_prot_ARN22768.1_4796	iAF987.Gmet_3292	53.2	447	207	2	4	450	5	449	1.33e-149	441
lcl|CP015118.1_prot_ARN22768.1_4796	iAT_PLT_636.56922	50.4	450	219	3	3	451	51	497	5.65e-142	423
lcl|CP015118.1_prot_ARN22768.1_4796	iCHOv1.100771229	50.2	450	220	3	3	451	47	493	1.27e-141	422
lcl|CP015118.1_prot_ARN22768.1_4796	iCN718.ABAYE_RS11585	50.2	452	223	2	2	453	3	452	1.50e-141	420
lcl|CP015118.1_prot_ARN22768.1_4796	iMM1415.72039	50.7	442	214	3	3	443	47	485	2.01e-140	419
lcl|CP015118.1_prot_ARN22768.1_4796	iJN1463.PP_4067	50.1	451	217	5	4	451	9	454	9.19e-140	415
lcl|CP015118.1_prot_ARN22768.1_4796	iYO844.BSU24340	49.2	447	219	3	1	444	2	443	1.59e-140	410
lcl|CP015118.1_prot_ARN22768.1_4796	iAF692.Mbar_A1587	49.9	443	218	3	2	444	3	441	2.61e-139	408
lcl|CP015118.1_prot_ARN22768.1_4796	iNF517.LLMG_RS08930	49.0	441	224	1	3	443	4	443	1.81e-135	397
lcl|CP015118.1_prot_ARN22769.1_4797	iSynCJ816.SGL_RS10910	31.6	418	270	7	21	429	31	441	1.11e-45	163
lcl|CP015118.1_prot_ARN22771.1_4799	iJN1463.PP_1169	28.0	225	153	5	36	255	44	264	1.61e-10	60.8
lcl|CP015118.1_prot_ARN22772.1_4800	iJN1463.PP_4666	53.4	294	131	3	1	289	1	293	1.55e-87	263
lcl|CP015118.1_prot_ARN22773.1_4801	iMM1415.227095	36.8	342	208	3	21	362	46	379	1.04e-61	202
lcl|CP015118.1_prot_ARN22773.1_4801	iCHOv1.100759780	36.5	342	209	3	21	362	46	379	5.75e-61	200
lcl|CP015118.1_prot_ARN22773.1_4801	iEK1008.Rv1071c	39.9	336	182	6	21	355	17	333	5.54e-61	199
lcl|CP015118.1_prot_ARN22774.1_4802	iAT_PLT_636.27034	53.9	373	172	0	5	377	41	413	7.95e-136	394
lcl|CP015118.1_prot_ARN22774.1_4802	iCHOv1.100751213	52.3	373	178	0	5	377	37	409	5.24e-133	386
lcl|CP015118.1_prot_ARN22774.1_4802	iMM1415.66948	51.7	373	180	0	5	377	39	411	2.09e-130	380
lcl|CP015118.1_prot_ARN22774.1_4802	iEK1008.Rv0752c	52.8	379	172	2	3	374	2	380	2.96e-127	371
lcl|CP015118.1_prot_ARN22778.1_4806	iCN718.ABAYE_RS18215	29.9	204	131	6	18	216	31	227	5.79e-15	72.0
lcl|CP015118.1_prot_ARN22783.1_4812	iAF987.Gmet_2465	23.5	417	264	12	30	439	7	375	4.43e-26	110
lcl|CP015118.1_prot_ARN22784.1_4813	iJN1463.PP_1141	20.9	301	233	4	28	327	26	322	4.69e-14	72.4
lcl|CP015118.1_prot_ARN22784.1_4813	iAF987.Gmet_1823	23.5	315	226	6	28	331	28	338	1.59e-13	70.9
lcl|CP015118.1_prot_ARN22784.1_4813	iJN1463.PP_4867	22.6	305	222	7	28	325	29	326	6.78e-13	68.9
lcl|CP015118.1_prot_ARN22784.1_4813	iSDY_1059.SDY_3611	21.8	307	235	3	17	322	34	336	1.68e-12	67.8
lcl|CP015118.1_prot_ARN22784.1_4813	iML1515.b3460	21.8	307	235	3	17	322	15	317	3.71e-12	66.6
lcl|CP015118.1_prot_ARN22784.1_4813	iSF_1195.SF3478	21.8	307	235	3	17	322	34	336	4.02e-12	66.6
lcl|CP015118.1_prot_ARN22784.1_4813	iSSON_1240.SSON_3698	21.8	307	235	3	17	322	34	336	4.02e-12	66.6
lcl|CP015118.1_prot_ARN22784.1_4813	iYL1228.KPN_03822	22.1	289	220	3	35	322	33	317	8.89e-12	65.5
lcl|CP015118.1_prot_ARN22784.1_4813	iSbBS512_1146.SbBS512_E3862	21.5	307	236	3	17	322	15	317	8.89e-12	65.5
lcl|CP015118.1_prot_ARN22785.1_4814	iAF987.Gmet_1823	23.8	341	241	7	29	358	28	360	2.05e-14	73.6
lcl|CP015118.1_prot_ARN22786.1_4815	iCN900.CD630_36640	27.2	372	265	6	95	462	17	386	1.39e-44	160
lcl|CP015118.1_prot_ARN22787.1_4817	iJN1463.PP_3382	36.9	434	219	9	10	409	5	417	5.07e-73	234
lcl|CP015118.1_prot_ARN22793.1_4824	iSbBS512_1146.SbBS512_E0302	35.1	231	142	5	151	378	139	364	8.83e-30	117
lcl|CP015118.1_prot_ARN22793.1_4824	iSDY_1059.SDY_0358	34.6	231	143	5	151	378	144	369	6.53e-29	115
lcl|CP015118.1_prot_ARN22793.1_4824	iJN1463.PP_4405	40.8	157	92	1	220	376	175	330	9.00e-29	114
lcl|CP015118.1_prot_ARN22793.1_4824	iAF987.Gmet_2425	39.9	178	100	4	203	376	170	344	4.31e-27	110
lcl|CP015118.1_prot_ARN22793.1_4824	iAF987.Gmet_0069	39.0	177	99	4	210	378	128	303	1.12e-26	108
lcl|CP015118.1_prot_ARN22793.1_4824	iAF987.Gmet_1298	36.3	182	111	3	200	376	163	344	7.51e-26	106
lcl|CP015118.1_prot_ARN22793.1_4824	iJN1463.PP_0129	37.3	177	104	3	207	379	472	645	5.41e-25	106
lcl|CP015118.1_prot_ARN22793.1_4824	iJN1463.PP_1494	35.8	193	103	4	207	378	142	334	7.84e-26	106
lcl|CP015118.1_prot_ARN22795.1_4826	iJN1463.PP_0732	46.5	417	219	1	1	417	1	413	1.97e-114	341
lcl|CP015118.1_prot_ARN22795.1_4826	iPC815.YPO2016	44.9	414	219	4	1	409	1	410	1.11e-109	329
lcl|CP015118.1_prot_ARN22795.1_4826	iYL1228.KPN_02235	44.6	408	218	3	1	404	1	404	3.07e-103	312
lcl|CP015118.1_prot_ARN22795.1_4826	STM_v1_0.STM1777	43.9	408	221	3	1	404	1	404	4.90e-102	309
lcl|CP015118.1_prot_ARN22797.1_4828	iSynCJ816.SGL_RS09640	35.9	237	136	6	38	260	52	286	4.45e-31	117
lcl|CP015118.1_prot_ARN22799.1_4830	iYL1228.KPN_01992	49.5	101	50	1	1	101	1	100	6.65e-33	110
lcl|CP015118.1_prot_ARN22799.1_4830	STM_v1_0.STM1433	49.5	101	50	1	1	101	1	100	1.34e-32	109
lcl|CP015118.1_prot_ARN22799.1_4830	iML1515.b1654	49.5	101	50	1	1	101	1	100	1.90e-32	109
lcl|CP015118.1_prot_ARN22799.1_4830	iSbBS512_1146.SbBS512_E1850	49.5	101	50	1	1	101	1	100	1.90e-32	109
lcl|CP015118.1_prot_ARN22799.1_4830	iSDY_1059.SDY_1880	49.5	101	50	1	1	101	1	100	1.90e-32	109
lcl|CP015118.1_prot_ARN22799.1_4830	iSF_1195.SF1682	49.5	101	50	1	1	101	1	100	1.90e-32	109
lcl|CP015118.1_prot_ARN22799.1_4830	iSSON_1240.SSON_1502	48.5	101	51	1	1	101	1	100	7.70e-32	107
lcl|CP015118.1_prot_ARN22799.1_4830	iPC815.YPO2383	51.6	95	45	1	7	101	6	99	1.59e-31	107
lcl|CP015118.1_prot_ARN22799.1_4830	iMM904.YPL059W	48.0	102	51	1	2	101	32	133	2.38e-30	105
lcl|CP015118.1_prot_ARN22799.1_4830	iAM_Pc455.PCYB_011630	46.8	94	50	0	8	101	237	330	1.84e-27	102
lcl|CP015118.1_prot_ARN22799.1_4830	iAM_Pv461.PVX_087990	46.8	94	50	0	8	101	237	330	1.84e-27	102
lcl|CP015118.1_prot_ARN22799.1_4830	iAM_Pv461.PVX_119350	45.5	101	51	1	2	98	64	164	5.01e-28	99.8
lcl|CP015118.1_prot_ARN22800.1_4831	iYL1228.KPN_02701	50.9	175	85	1	10	183	3	177	1.19e-54	171
lcl|CP015118.1_prot_ARN22800.1_4831	iSbBS512_1146.SbBS512_E2689	53.8	169	77	1	10	177	3	171	1.69e-54	171
lcl|CP015118.1_prot_ARN22800.1_4831	iSDY_1059.SDY_2510	53.8	169	77	1	10	177	3	171	1.69e-54	171
lcl|CP015118.1_prot_ARN22800.1_4831	iSSON_1240.SSON_2369	53.8	169	77	1	10	177	3	171	1.69e-54	171
lcl|CP015118.1_prot_ARN22800.1_4831	iSF_1195.SF2387	53.8	169	77	1	10	177	3	171	4.80e-54	170
lcl|CP015118.1_prot_ARN22800.1_4831	STM_v1_0.STM2356	51.5	169	81	1	10	177	3	171	3.15e-52	165
lcl|CP015118.1_prot_ARN22800.1_4831	iPC815.YPO2773	49.7	169	84	1	10	177	3	171	1.85e-51	163
lcl|CP015118.1_prot_ARN22801.1_4832	iAF987.Gmet_1953	36.8	95	57	1	97	191	76	167	6.75e-09	53.5
lcl|CP015118.1_prot_ARN22802.1_4833	STM_v1_0.STM0242	56.3	581	244	4	1	580	1	572	6.41e-230	647
lcl|CP015118.1_prot_ARN22802.1_4833	iYL1228.KPN_00208	55.6	581	248	4	1	580	1	572	3.68e-229	645
lcl|CP015118.1_prot_ARN22802.1_4833	iSbBS512_1146.SbBS512_E0188	56.0	575	244	3	1	575	1	566	1.49e-228	643
lcl|CP015118.1_prot_ARN22802.1_4833	iSF_1195.SF0185	56.0	575	244	3	1	575	1	566	1.49e-228	643
lcl|CP015118.1_prot_ARN22802.1_4833	iSSON_1240.SSON_0208	56.0	575	244	3	1	575	1	566	1.49e-228	643
lcl|CP015118.1_prot_ARN22802.1_4833	iSDY_1059.SDY_0213	55.7	575	246	3	1	575	1	566	4.88e-227	639
lcl|CP015118.1_prot_ARN22802.1_4833	iPC815.YPO1068	55.8	581	248	4	1	581	1	572	2.62e-224	632
lcl|CP015118.1_prot_ARN22802.1_4833	iJN1463.PP_1205	53.9	583	255	5	1	581	1	571	1.03e-218	618
lcl|CP015118.1_prot_ARN22802.1_4833	iCN718.ABAYE_RS03855	54.3	584	251	8	1	581	1	571	1.11e-215	610
lcl|CP015118.1_prot_A4W93_24430_4834	iIT341.HP1228	35.3	153	86	6	7	153	6	151	1.14e-21	85.5
lcl|CP015118.1_prot_ARN22803.1_4835	iJN1463.PP_0691	56.3	371	162	0	1	371	1	371	2.78e-135	390
lcl|CP015118.1_prot_ARN22804.1_4836	iML1515.b4173	34.2	187	102	7	155	334	190	362	1.31e-09	58.9
lcl|CP015118.1_prot_ARN22807.1_4839	STM_v1_0.STM3305	57.8	308	129	1	1	307	14	321	5.80e-114	332
lcl|CP015118.1_prot_ARN22807.1_4839	iML1515.b3187	57.1	308	131	1	1	307	14	321	8.23e-114	331
lcl|CP015118.1_prot_ARN22807.1_4839	iSbBS512_1146.SbBS512_E3583	57.1	308	131	1	1	307	14	321	8.23e-114	331
lcl|CP015118.1_prot_ARN22807.1_4839	iSF_1195.SF3227	57.1	308	131	1	1	307	14	321	8.23e-114	331
lcl|CP015118.1_prot_ARN22807.1_4839	iSSON_1240.SSON_3335	57.1	308	131	1	1	307	14	321	8.23e-114	331
lcl|CP015118.1_prot_ARN22807.1_4839	iSDY_1059.SDY_3368	56.8	308	132	1	1	307	14	321	1.17e-113	331
lcl|CP015118.1_prot_ARN22807.1_4839	iYL1228.KPN_03597	56.5	308	133	1	1	307	14	321	3.83e-112	327
lcl|CP015118.1_prot_ARN22807.1_4839	iPC815.YPO3513	56.8	308	132	1	1	307	14	321	1.66e-108	318
lcl|CP015118.1_prot_ARN22807.1_4839	iJN1463.PP_0687	55.7	305	135	0	4	308	17	321	7.99e-104	306
lcl|CP015118.1_prot_ARN22811.1_4843	iJN1463.PP_0303	21.1	294	197	8	36	320	24	291	2.43e-09	57.4
lcl|CP015118.1_prot_ARN22813.1_4845	iEK1008.Rv2435c	30.8	91	59	2	82	168	439	529	3.00e-04	42.7
lcl|CP015118.1_prot_ARN24040.1_4847	iCN718.ABAYE_RS11215	38.1	286	155	6	4	282	11	281	3.20e-56	182
lcl|CP015118.1_prot_ARN24040.1_4847	iYL1228.KPN_00314	38.9	280	150	6	10	282	14	279	3.01e-54	177
lcl|CP015118.1_prot_ARN24040.1_4847	iJN1463.PP_0230	38.9	293	140	9	6	282	8	277	2.54e-54	177
lcl|CP015118.1_prot_ARN24040.1_4847	iML1515.b0368	38.2	280	152	5	10	282	14	279	8.46e-54	176
lcl|CP015118.1_prot_ARN24040.1_4847	iSDY_1059.SDY_0502	37.9	280	153	5	10	282	14	279	1.68e-53	175
lcl|CP015118.1_prot_ARN24040.1_4847	iSF_1195.SF0250	38.2	280	152	5	10	282	14	279	1.68e-53	175
lcl|CP015118.1_prot_ARN24040.1_4847	iSSON_1240.SSON_0346	37.9	280	153	5	10	282	14	279	1.33e-52	172
lcl|CP015118.1_prot_ARN24040.1_4847	iPC815.YPO0185	38.0	279	152	6	10	281	14	278	2.25e-50	167
lcl|CP015118.1_prot_ARN22816.1_4849	iJN1463.PP_0072	54.5	325	146	2	1	323	1	325	1.81e-114	333
lcl|CP015118.1_prot_ARN22817.1_4850	iAF987.Gmet_3221	33.8	405	259	4	23	425	16	413	1.09e-50	176
lcl|CP015118.1_prot_ARN22820.1_4853	iEK1008.Rv1058	42.8	537	302	3	1	536	1	533	4.06e-154	451
lcl|CP015118.1_prot_ARN24041.1_4854	iCN900.CD630_03990	22.4	339	240	5	38	368	35	358	4.25e-14	72.8
lcl|CP015118.1_prot_ARN22824.1_4858	iYL1228.KPN_00106	42.4	191	108	2	17	207	5	193	1.58e-38	132
lcl|CP015118.1_prot_ARN22824.1_4858	iSF_1195.SF0100	44.3	185	101	2	17	201	5	187	6.29e-38	130
lcl|CP015118.1_prot_ARN22824.1_4858	iML1515.b0103	44.3	185	101	2	17	201	5	187	8.87e-38	130
lcl|CP015118.1_prot_ARN22824.1_4858	iSDY_1059.SDY_0133	44.3	185	101	2	17	201	5	187	8.87e-38	130
lcl|CP015118.1_prot_ARN22824.1_4858	iSSON_1240.SSON_0111	44.3	185	101	2	17	201	5	187	8.87e-38	130
lcl|CP015118.1_prot_ARN22824.1_4858	STM_v1_0.STM0140	43.8	185	102	2	17	201	5	187	1.25e-37	129
lcl|CP015118.1_prot_ARN22824.1_4858	iSbBS512_1146.SbBS512_E0096	44.3	185	101	2	17	201	5	187	1.25e-37	129
lcl|CP015118.1_prot_ARN22824.1_4858	iPC815.YPO3430	38.7	191	115	2	17	207	5	193	4.35e-35	123
lcl|CP015118.1_prot_ARN22824.1_4858	iJN1463.PP_0631	41.8	177	102	1	14	190	8	183	6.31e-35	122
lcl|CP015118.1_prot_ARN22831.1_4865	iSynCJ816.SGL_RS16030	39.8	339	196	2	7	344	5	336	1.53e-75	236
lcl|CP015118.1_prot_ARN22832.1_4866	iSynCJ816.SGL_RS11255	44.4	577	286	14	1	565	1	554	5.66e-134	401
lcl|CP015118.1_prot_ARN22832.1_4866	iPC815.YPO2912	41.5	562	292	9	2	561	5	531	1.14e-122	371
lcl|CP015118.1_prot_ARN22833.1_4867	iCN718.ABAYE_RS01050	62.8	395	143	3	1	391	1	395	4.22e-175	493
lcl|CP015118.1_prot_ARN22838.1_4872	iCN718.ABAYE_RS09695	41.6	608	276	15	25	616	51	595	5.74e-121	371
lcl|CP015118.1_prot_ARN22841.1_4875	iAF987.Gmet_1189	22.7	185	137	2	159	339	172	354	1.27e-06	49.3
lcl|CP015118.1_prot_ARN22841.1_4875	iYO844.BSU08000	25.7	187	123	4	158	335	133	312	4.80e-06	47.4
lcl|CP015118.1_prot_ARN22842.1_4876	iAF987.Gmet_2999	27.2	103	75	0	10	112	10	112	1.04e-07	48.9
lcl|CP015118.1_prot_ARN22842.1_4876	iAF987.Gmet_0069	28.7	115	80	1	9	121	4	118	1.35e-07	48.5
lcl|CP015118.1_prot_ARN22842.1_4876	iAF987.Gmet_1914	27.8	108	76	1	10	117	4	109	9.50e-07	46.2
lcl|CP015118.1_prot_ARN22844.1_4878	iSynCJ816.SGL_RS05575	38.3	300	181	4	27	323	44	342	2.17e-67	214
lcl|CP015118.1_prot_ARN22845.1_4879	iSynCJ816.SGL_RS05570	43.3	254	144	0	7	260	23	276	3.67e-67	209
lcl|CP015118.1_prot_ARN22846.1_4880	iAF987.Gmet_1899	45.1	268	124	6	1	257	5	260	2.46e-66	207
lcl|CP015118.1_prot_ARN22846.1_4880	iJN1463.PP_0209	47.5	242	120	2	14	255	26	260	7.00e-65	204
lcl|CP015118.1_prot_ARN22846.1_4880	iSynCJ816.SGL_RS05565	45.9	233	113	2	13	239	17	242	1.19e-64	202
lcl|CP015118.1_prot_ARN22846.1_4880	iYO844.BSU08830	42.2	244	122	4	16	256	20	247	1.93e-63	199
lcl|CP015118.1_prot_ARN22848.1_4883	iMM904.YBR208C	45.2	1209	638	12	8	1201	633	1832	0.0	1026
lcl|CP015118.1_prot_ARN22850.1_4885	STM_v1_0.STM1954	43.6	234	131	1	29	261	33	266	1.66e-65	204
lcl|CP015118.1_prot_ARN22850.1_4885	iML1515.b1920	42.3	234	134	1	29	261	33	266	1.51e-63	199
lcl|CP015118.1_prot_ARN22850.1_4885	iJN1463.PP_0227	42.4	255	140	4	13	261	11	264	1.45e-60	192
lcl|CP015118.1_prot_ARN22851.1_4886	iJN1463.PP_0226	49.3	203	103	0	11	213	13	215	2.35e-55	175
lcl|CP015118.1_prot_ARN22851.1_4886	iML1515.b1918	45.5	202	110	0	12	213	13	214	6.10e-53	169
lcl|CP015118.1_prot_ARN22853.1_4888	iSynCJ816.SGL_RS08655	34.6	185	96	8	132	312	93	256	4.13e-12	66.6
lcl|CP015118.1_prot_ARN22855.1_4890	iSSON_1240.SSON_1024	64.8	423	145	1	5	423	28	450	2.14e-183	518
lcl|CP015118.1_prot_ARN22855.1_4890	iML1515.b1006	64.5	423	146	1	5	423	6	428	4.01e-183	516
lcl|CP015118.1_prot_ARN22855.1_4890	iSF_1195.SF1009	64.5	423	146	1	5	423	28	450	3.50e-182	515
lcl|CP015118.1_prot_ARN22855.1_4890	iYL1228.KPN_01032	63.5	422	150	1	5	422	6	427	3.52e-181	511
lcl|CP015118.1_prot_ARN22855.1_4890	iSDY_1059.SDY_0981	64.3	423	147	1	5	423	28	450	2.32e-180	510
lcl|CP015118.1_prot_ARN22864.1_4899	iJN1463.PP_3720	43.7	222	120	1	5	226	5	221	3.25e-55	177
lcl|CP015118.1_prot_ARN22865.1_4900	iCN718.ABAYE_RS05345	35.6	331	200	5	1	325	1	324	1.31e-50	171
lcl|CP015118.1_prot_ARN22865.1_4900	iEK1008.Rv2781c	37.0	319	188	4	10	323	9	319	2.48e-44	155
lcl|CP015118.1_prot_ARN22867.1_4903	iEK1008.Rv0458	74.1	501	130	0	6	506	7	507	1.37e-286	785
lcl|CP015118.1_prot_ARN22867.1_4903	STM_v1_0.STM3680	72.6	503	138	0	4	506	10	512	4.49e-277	761
lcl|CP015118.1_prot_ARN22867.1_4903	iSF_1195.SF3626	72.0	503	141	0	4	506	40	542	5.50e-276	759
lcl|CP015118.1_prot_ARN22867.1_4903	iSbBS512_1146.SbBS512_E4003	72.0	503	141	0	4	506	10	512	3.67e-276	758
lcl|CP015118.1_prot_ARN22867.1_4903	iML1515.b3588	71.8	503	142	0	4	506	10	512	4.27e-275	756
lcl|CP015118.1_prot_ARN22867.1_4903	iCN718.ABAYE_RS07685	70.6	506	146	1	1	506	1	503	5.05e-274	753
lcl|CP015118.1_prot_ARN22867.1_4903	iJN1463.PP_0545	70.8	506	148	0	1	506	1	506	8.83e-271	744
lcl|CP015118.1_prot_ARN22867.1_4903	iJN1463.PP_2680	69.1	502	155	0	5	506	5	506	3.57e-263	725
lcl|CP015118.1_prot_ARN22868.1_4905	iCN718.ABAYE_RS09965	38.7	194	116	3	4	195	2	194	1.79e-32	119
lcl|CP015118.1_prot_ARN22868.1_4905	iSynCJ816.SGL_RS07245	39.3	191	113	3	10	198	7	196	7.54e-31	114
lcl|CP015118.1_prot_ARN22868.1_4905	STM_v1_0.STM1511	34.6	246	148	7	11	250	2	240	1.52e-30	113
lcl|CP015118.1_prot_ARN22869.1_4907	iML1515.b3823	33.3	204	135	1	4	206	2	205	6.70e-23	91.3
lcl|CP015118.1_prot_ARN22869.1_4907	STM_v1_0.STM3959	33.8	198	130	1	10	206	8	205	6.70e-23	91.3
lcl|CP015118.1_prot_ARN22869.1_4907	iSbBS512_1146.SbBS512_E4290	33.3	204	135	1	4	206	2	205	9.39e-23	90.9
lcl|CP015118.1_prot_ARN22869.1_4907	iPC815.YPO3832	34.8	198	116	4	16	206	14	205	1.84e-22	90.1
lcl|CP015118.1_prot_ARN22869.1_4907	iYL1228.KPN_04318	31.9	204	138	1	4	206	2	205	1.39e-21	87.8
lcl|CP015118.1_prot_ARN22871.1_4909	iCN718.ABAYE_RS18975	46.4	746	334	20	9	719	3	717	2.16e-199	580
lcl|CP015118.1_prot_ARN22871.1_4909	iCN718.ABAYE_RS07965	44.8	762	346	17	9	719	4	741	1.87e-197	576
lcl|CP015118.1_prot_ARN22874.1_4913	iJN1463.PP_0158	88.7	389	44	0	11	399	4	392	1.78e-261	712
lcl|CP015118.1_prot_ARN22874.1_4913	iCN718.ABAYE_RS15425	82.7	405	65	1	1	400	1	405	2.31e-251	687
lcl|CP015118.1_prot_ARN22875.1_4914	iJN1463.PP_3754	69.8	391	118	0	2	392	3	393	2.24e-193	539
lcl|CP015118.1_prot_ARN22878.1_4917	STM_v1_0.STM3390	38.1	339	207	3	32	368	38	375	1.89e-65	216
lcl|CP015118.1_prot_ARN22878.1_4917	iSDY_1059.SDY_0456	38.0	337	206	3	33	367	40	375	2.23e-62	208
lcl|CP015118.1_prot_ARN22878.1_4917	iML1515.b0463	38.0	337	206	3	33	367	40	375	6.14e-62	207
lcl|CP015118.1_prot_ARN22878.1_4917	iSF_1195.SF0408	38.0	337	206	3	33	367	40	375	8.60e-62	207
lcl|CP015118.1_prot_ARN22878.1_4917	iSSON_1240.SSON_0450	37.7	337	207	3	33	367	40	375	1.69e-61	206
lcl|CP015118.1_prot_ARN22878.1_4917	iML1515.b3265	36.3	339	213	3	32	368	38	375	9.82e-60	201
lcl|CP015118.1_prot_ARN22878.1_4917	iSbBS512_1146.SbBS512_E3648	36.0	339	214	3	32	368	38	375	2.69e-59	200
lcl|CP015118.1_prot_ARN22878.1_4917	iYL1228.KPN_03672	36.9	347	209	5	32	373	37	378	9.28e-58	196
lcl|CP015118.1_prot_ARN22878.1_4917	iPC815.YPO3132	35.9	337	213	3	32	366	40	375	2.72e-57	195
lcl|CP015118.1_prot_ARN22879.1_4918	iJN1463.PP_3426	45.0	1051	563	4	1	1039	1	1048	1.97e-296	853
lcl|CP015118.1_prot_ARN22879.1_4918	iYL1228.KPN_03673	44.4	1032	555	9	4	1025	2	1024	6.09e-275	797
lcl|CP015118.1_prot_ARN22879.1_4918	STM_v1_0.STM3391	43.8	1038	553	10	4	1025	2	1025	2.83e-273	793
lcl|CP015118.1_prot_ARN22879.1_4918	iML1515.b3266	44.6	1033	552	9	4	1025	2	1025	1.63e-271	788
lcl|CP015118.1_prot_ARN22879.1_4918	iML1515.b0462	43.0	1054	577	11	5	1046	3	1044	6.68e-269	782
lcl|CP015118.1_prot_ARN22880.1_4919	iJN1463.PP_1384	34.6	462	286	7	12	462	12	468	3.93e-66	220
lcl|CP015118.1_prot_ARN22881.1_4920	iJN1463.PP_2764	50.9	163	79	1	3	164	52	214	3.76e-48	156
lcl|CP015118.1_prot_ARN22883.1_4922	iJN1463.PP_2698	56.0	341	149	1	1	341	4	343	3.60e-138	395
lcl|CP015118.1_prot_ARN22883.1_4922	iCN718.ABAYE_RS15345	55.8	335	147	1	1	335	4	337	6.15e-135	387
lcl|CP015118.1_prot_ARN22885.1_4924	iML1515.b1781	49.5	279	128	4	12	285	14	284	2.86e-86	259
lcl|CP015118.1_prot_ARN22885.1_4924	iSSON_1240.SSON_1381	48.0	279	132	4	12	285	14	284	4.29e-83	251
lcl|CP015118.1_prot_ARN22885.1_4924	STM_v1_0.STM1288	45.9	290	144	3	1	285	4	285	6.28e-83	250
lcl|CP015118.1_prot_ARN22885.1_4924	iSbBS512_1146.SbBS512_E2029	47.3	279	134	4	12	285	14	284	1.39e-81	247
lcl|CP015118.1_prot_ARN22885.1_4924	iYL1228.KPN_01195	45.3	289	145	3	2	285	14	294	2.49e-79	241
lcl|CP015118.1_prot_ARN22885.1_4924	iSDY_1059.SDY_1486	47.7	279	132	5	12	285	14	283	2.50e-79	241
lcl|CP015118.1_prot_ARN22895.1_4935	iJN1463.PP_2410	73.3	1046	276	1	1	1043	1	1046	0.0	1466
lcl|CP015118.1_prot_ARN22895.1_4935	iJN1463.PP_0043	72.0	1045	290	1	1	1042	1	1045	0.0	1460
lcl|CP015118.1_prot_ARN22896.1_4936	iJN1463.PP_2409	56.6	343	144	2	79	420	66	404	4.62e-113	337
lcl|CP015118.1_prot_ARN22896.1_4936	iJN1463.PP_0044	54.0	337	155	0	84	420	80	416	8.72e-111	331
lcl|CP015118.1_prot_ARN22897.1_4937	iJN1463.PP_2408	43.8	381	210	2	41	419	34	412	4.98e-76	242
lcl|CP015118.1_prot_ARN22897.1_4937	iJN1463.PP_0045	39.2	383	233	0	34	416	32	414	9.55e-68	221
lcl|CP015118.1_prot_ARN22903.1_4943	iCN718.ABAYE_RS07965	65.3	750	246	6	1	745	1	741	0.0	971
lcl|CP015118.1_prot_ARN22911.1_4953	iCHOv1.100761937	30.4	280	174	7	13	287	78	341	1.07e-36	134
lcl|CP015118.1_prot_ARN22911.1_4953	iCHOv1.100753937	34.2	275	157	8	13	282	84	339	1.64e-34	128
lcl|CP015118.1_prot_ARN22922.1_4964	iAF692.Mbar_A1916	28.6	168	116	3	407	573	362	526	2.03e-13	72.8
lcl|CP015118.1_prot_ARN22923.1_4965	iEK1008.Rv3490	36.8	475	284	7	260	724	16	484	1.45e-79	263
lcl|CP015118.1_prot_ARN22923.1_4965	iMM904.YBR126C	31.7	477	299	8	259	723	11	472	2.00e-73	246
lcl|CP015118.1_prot_ARN22924.1_4966	iEK1008.Rv3372	34.5	255	138	8	16	249	137	383	1.45e-26	105
lcl|CP015118.1_prot_ARN22924.1_4966	iEK1008.Rv2006	34.1	246	137	6	20	245	281	521	2.26e-25	104
lcl|CP015118.1_prot_ARN22925.1_4967	iJN1463.PP_3959	44.3	433	229	8	1	428	1	426	5.35e-94	290
lcl|CP015118.1_prot_ARN22928.1_4970	iSynCJ816.SGL_RS12965	32.1	196	116	5	1	181	1	194	2.13e-14	70.1
lcl|CP015118.1_prot_ARN22928.1_4970	iSynCJ816.SGL_RS07245	30.9	194	119	4	7	187	8	199	3.25e-13	66.6
lcl|CP015118.1_prot_ARN22928.1_4970	iNF517.LLMG_RS08950	29.9	194	121	5	1	182	1	191	5.35e-12	63.2
lcl|CP015118.1_prot_ARN22930.1_4972	iYL1228.KPN_01468	28.9	135	90	3	6	135	530	663	3.21e-07	48.1
lcl|CP015118.1_prot_ARN22930.1_4972	iML1515.b1387	27.7	130	88	3	6	130	530	658	1.09e-06	46.6
lcl|CP015118.1_prot_ARN22933.1_4976	iJN1463.PP_3648	45.1	122	60	1	17	138	13	127	3.26e-32	110
lcl|CP015118.1_prot_ARN22934.1_4977	iLJ478.TM0114	30.0	180	120	4	127	304	91	266	2.35e-13	69.7
lcl|CP015118.1_prot_ARN22936.1_4979	iAF692.Mbar_A1138	26.3	240	136	9	9	243	2	205	1.67e-11	64.3
lcl|CP015118.1_prot_ARN22936.1_4979	iAF987.Gmet_2352	35.1	97	55	2	41	137	33	121	4.13e-10	60.1
lcl|CP015118.1_prot_ARN22937.1_4980	iYO844.BSU35940	41.2	493	285	4	3	492	1	491	3.27e-125	374
lcl|CP015118.1_prot_ARN22937.1_4980	iPC815.YPO3964	42.7	489	279	1	5	492	7	495	1.01e-124	373
lcl|CP015118.1_prot_ARN22937.1_4980	iML1515.b3749	42.6	495	279	4	1	492	1	493	6.69e-124	370
lcl|CP015118.1_prot_ARN22937.1_4980	STM_v1_0.STM3882	42.3	497	278	5	1	492	1	493	1.34e-123	370
lcl|CP015118.1_prot_ARN22937.1_4980	iYL1228.KPN_03931	43.1	504	270	7	1	490	1	501	3.08e-122	367
lcl|CP015118.1_prot_ARN22937.1_4980	iYL1228.KPN_04154	42.2	495	281	4	1	492	1	493	1.70e-121	364
lcl|CP015118.1_prot_ARN22937.1_4980	iNF517.LLMG_RS04060	41.1	506	266	6	3	492	1	490	2.05e-120	361
lcl|CP015118.1_prot_ARN22937.1_4980	iHN637.CLJU_RS00620	39.4	492	293	4	5	492	6	496	4.55e-118	355
lcl|CP015118.1_prot_ARN22937.1_4980	iPC815.YPO4036	41.8	502	279	6	1	490	1	501	2.84e-116	351
lcl|CP015118.1_prot_ARN22937.1_4980	iSbBS512_1146.SbBS512_E3955	40.3	504	284	7	1	490	1	501	6.96e-115	348
lcl|CP015118.1_prot_ARN22937.1_4980	iLJ478.TM0115	40.3	499	285	5	5	492	15	511	8.59e-115	348
lcl|CP015118.1_prot_ARN22937.1_4980	iML1515.b3567	40.3	504	284	7	1	490	1	501	9.83e-115	347
lcl|CP015118.1_prot_ARN22937.1_4980	iSF_1195.SF3611	40.3	504	284	7	1	490	1	501	5.52e-114	345
lcl|CP015118.1_prot_ARN22937.1_4980	iCN900.CD630_03010	37.4	494	305	3	2	492	3	495	1.82e-112	341
lcl|CP015118.1_prot_ARN22937.1_4980	iLJ478.TM0956	41.0	495	275	6	10	490	18	509	4.67e-112	341
lcl|CP015118.1_prot_ARN22938.1_4981	iYL1228.KPN_04155	38.1	302	169	5	31	327	23	311	1.98e-58	191
lcl|CP015118.1_prot_ARN22938.1_4981	iML1515.b3750	39.1	299	163	6	34	327	27	311	1.10e-57	189
lcl|CP015118.1_prot_ARN22938.1_4981	iPC815.YPO2499	38.9	332	191	3	6	337	10	329	3.92e-57	187
lcl|CP015118.1_prot_ARN22938.1_4981	STM_v1_0.STM3883	38.5	299	165	6	34	327	27	311	5.22e-55	182
lcl|CP015118.1_prot_ARN22938.1_4981	iYO844.BSU35950	39.5	309	173	5	28	334	22	318	7.55e-55	181
lcl|CP015118.1_prot_ARN22938.1_4981	iHN637.CLJU_RS00625	39.5	294	148	4	28	312	22	294	2.58e-52	175
lcl|CP015118.1_prot_ARN22939.1_4982	iLJ478.TM0958	27.7	300	196	7	25	313	26	315	1.34e-20	90.1
lcl|CP015118.1_prot_ARN22939.1_4982	iML1515.b3751	29.6	243	164	6	67	308	60	296	6.26e-20	87.8
lcl|CP015118.1_prot_ARN22939.1_4982	iYL1228.KPN_04156	29.6	243	164	6	67	308	60	296	6.26e-20	87.8
lcl|CP015118.1_prot_ARN22939.1_4982	STM_v1_0.STM3884	29.2	243	165	6	67	308	60	296	4.18e-19	85.5
lcl|CP015118.1_prot_ARN22939.1_4982	iYO844.BSU35960	27.9	287	191	10	25	308	32	305	4.24e-18	82.8
lcl|CP015118.1_prot_ARN22939.1_4982	iPC815.YPO3908	28.3	304	196	10	19	310	13	306	6.71e-18	82.4
lcl|CP015118.1_prot_ARN22939.1_4982	iML1515.b4227	26.8	291	193	9	31	310	25	306	9.17e-18	82.0
lcl|CP015118.1_prot_ARN22939.1_4982	iSbBS512_1146.SbBS512_E4856	26.8	291	193	9	31	310	25	306	9.17e-18	82.0
lcl|CP015118.1_prot_ARN22941.1_4984	iML1515.b1007	62.8	156	58	0	1	156	4	159	3.36e-69	206
lcl|CP015118.1_prot_ARN22941.1_4984	iSDY_1059.SDY_0982	64.6	147	52	0	10	156	1	147	2.51e-66	198
lcl|CP015118.1_prot_ARN22941.1_4984	iSF_1195.SF1010	63.9	147	53	0	10	156	1	147	1.02e-65	197
lcl|CP015118.1_prot_ARN22941.1_4984	iSSON_1240.SSON_1025	63.3	147	54	0	10	156	1	147	2.92e-65	196
lcl|CP015118.1_prot_ARN22942.1_4985	iSF_1195.SF1012	47.3	241	126	1	14	254	13	252	4.69e-65	203
lcl|CP015118.1_prot_ARN22942.1_4985	iML1515.b1009	46.9	241	127	1	14	254	13	252	9.39e-65	202
lcl|CP015118.1_prot_ARN22942.1_4985	iSSON_1240.SSON_1027	46.5	241	128	1	14	254	13	252	3.01e-63	199
lcl|CP015118.1_prot_ARN22943.1_4986	iML1515.b1010	69.5	128	39	0	1	128	1	128	1.13e-63	189
lcl|CP015118.1_prot_ARN22943.1_4986	iSDY_1059.SDY_0985	69.5	128	39	0	1	128	1	128	1.13e-63	189
lcl|CP015118.1_prot_ARN22943.1_4986	iSF_1195.SF1013	68.8	128	40	0	1	128	1	128	5.34e-62	185
lcl|CP015118.1_prot_ARN24049.1_4987	iML1515.b1011	67.8	214	69	0	17	230	4	217	3.86e-105	303
lcl|CP015118.1_prot_ARN24049.1_4987	iSSON_1240.SSON_1030	67.8	214	69	0	17	230	18	231	6.23e-105	303
lcl|CP015118.1_prot_ARN24049.1_4987	iSF_1195.SF1014	66.8	214	71	0	17	230	18	231	2.93e-103	298
lcl|CP015118.1_prot_ARN22944.1_4988	iML1515.b1012	80.1	357	71	0	1	357	20	376	2.50e-214	591
lcl|CP015118.1_prot_ARN22944.1_4988	iSF_1195.SF1015	79.8	357	72	0	1	357	20	376	1.02e-213	589
lcl|CP015118.1_prot_ARN22944.1_4988	iSDY_1059.SDY_0987	79.2	355	74	0	1	355	20	374	1.95e-211	583
lcl|CP015118.1_prot_ARN22945.1_4989	iAF987.Gmet_0043	26.1	238	143	8	499	723	119	336	8.00e-08	55.5
lcl|CP015118.1_prot_ARN22947.1_4991	iCN900.CD630_31950	34.6	894	468	17	1007	1877	4	803	6.29e-140	455
lcl|CP015118.1_prot_ARN22949.1_4993	iEK1008.Rv0119	34.3	495	310	6	25	507	31	522	2.72e-79	256
lcl|CP015118.1_prot_ARN24050.1_4994	iJN1463.PP_1418	26.3	319	220	5	1	313	16	325	9.45e-28	109
lcl|CP015118.1_prot_ARN22951.1_4996	STM_v1_0.STM2788	41.1	494	274	4	1	485	1	486	4.69e-120	361
lcl|CP015118.1_prot_ARN22951.1_4996	iJN1463.PP_1416	42.1	499	281	4	1	496	1	494	5.92e-118	356
lcl|CP015118.1_prot_ARN22952.1_4997	iJN1463.PP_2998	29.7	316	195	6	1	311	1	294	1.01e-37	136
lcl|CP015118.1_prot_ARN22953.1_4998	iYL1228.KPN_04788	36.7	218	131	4	37	251	28	241	8.09e-29	109
lcl|CP015118.1_prot_ARN22953.1_4998	STM_v1_0.STM1101	34.3	239	147	5	19	251	186	420	1.15e-25	103
lcl|CP015118.1_prot_ARN24051.1_4999	iAF987.Gmet_1953	52.5	120	57	0	149	268	74	193	1.02e-32	119
lcl|CP015118.1_prot_ARN22954.1_5000	iAF987.Gmet_1919	28.4	116	81	2	15	130	5	118	3.66e-08	50.8
lcl|CP015118.1_prot_ARN22954.1_5000	iAF987.Gmet_0069	29.6	125	80	3	11	130	1	122	1.39e-06	46.2
lcl|CP015118.1_prot_ARN22955.1_5001	iYO844.BSU10270	33.0	521	307	9	6	497	2	509	6.68e-80	258
lcl|CP015118.1_prot_ARN22955.1_5001	iEK1008.Rv1193	43.0	344	180	7	163	495	131	469	5.84e-77	249
lcl|CP015118.1_prot_ARN22955.1_5001	iPC815.YPO2074	34.4	524	290	14	20	498	38	552	1.10e-74	245
lcl|CP015118.1_prot_ARN22955.1_5001	iCN718.ABAYE_RS18250	33.4	506	290	11	36	496	53	556	6.16e-72	238
lcl|CP015118.1_prot_ARN22965.1_5012	iCN718.ABAYE_RS07070	36.8	321	196	3	18	334	22	339	3.74e-62	212
lcl|CP015118.1_prot_ARN22965.1_5012	STM_v1_0.STM4290	36.7	327	187	5	21	334	24	343	1.58e-61	210
lcl|CP015118.1_prot_ARN22965.1_5012	iJN1463.PP_2914	38.5	325	184	7	21	334	25	344	3.07e-61	209
lcl|CP015118.1_prot_ARN22965.1_5012	iML1515.b4111	35.5	327	191	5	21	334	24	343	8.44e-60	206
lcl|CP015118.1_prot_ARN22965.1_5012	iSDY_1059.SDY_4102	35.5	327	191	5	21	334	24	343	8.44e-60	206
lcl|CP015118.1_prot_ARN22965.1_5012	iSF_1195.SF4112	35.5	327	191	5	21	334	24	343	8.44e-60	206
lcl|CP015118.1_prot_ARN22965.1_5012	iSSON_1240.SSON_4286	35.5	327	191	5	21	334	24	343	8.44e-60	206
lcl|CP015118.1_prot_ARN22965.1_5012	iJN1463.PP_2553	37.4	326	198	5	17	339	5	327	1.68e-59	204
lcl|CP015118.1_prot_ARN22965.1_5012	iYL1228.KPN_04503	36.3	325	191	6	21	334	10	329	6.30e-59	203
lcl|CP015118.1_prot_ARN22965.1_5012	iSSON_1240.SSON_4052	36.9	317	194	4	21	334	18	331	1.45e-57	198
lcl|CP015118.1_prot_ARN22965.1_5012	iEK1008.Rv1200	36.9	317	182	5	21	326	2	311	2.28e-56	194
lcl|CP015118.1_prot_ARN22965.1_5012	iYL1228.KPN_02458	33.8	325	201	5	21	337	20	338	2.31e-55	192
lcl|CP015118.1_prot_ARN22965.1_5012	iJN1463.PP_1378	34.3	332	209	2	18	346	9	334	4.94e-55	191
lcl|CP015118.1_prot_ARN22965.1_5012	iJN1463.PP_3666	34.9	324	204	2	18	337	21	341	9.69e-55	191
lcl|CP015118.1_prot_ARN22965.1_5012	iJN1463.PP_1400	34.0	321	205	3	17	337	21	334	8.65e-55	191
lcl|CP015118.1_prot_ARN22966.1_5013	iCHOv1.100755610	21.6	218	166	3	114	331	198	410	1.32e-05	47.0
lcl|CP015118.1_prot_ARN22967.1_5014	iAM_Pc455.PCYB_122070	38.1	42	26	0	84	125	108	149	3.79e-04	40.4
lcl|CP015118.1_prot_ARN22970.1_5017	iJN1463.PP_3540	57.6	295	125	0	1	295	1	295	1.81e-113	329
lcl|CP015118.1_prot_ARN22970.1_5017	iAF987.Gmet_3293	57.4	296	126	0	1	296	1	296	2.93e-112	327
lcl|CP015118.1_prot_ARN22970.1_5017	iMM1415.208982	51.2	293	143	0	3	295	44	336	1.11e-102	303
lcl|CP015118.1_prot_ARN22970.1_5017	iMM1415.15356	51.2	293	143	0	3	295	29	321	5.74e-101	298
lcl|CP015118.1_prot_ARN22974.1_5021	iSynCJ816.SGL_RS07245	40.3	243	139	5	7	246	4	243	7.18e-43	145
lcl|CP015118.1_prot_ARN22974.1_5021	iCN718.ABAYE_RS11380	38.6	241	145	2	10	248	6	245	1.01e-38	134
lcl|CP015118.1_prot_ARN22975.1_5022	iAF987.Gmet_3292	55.2	674	277	7	1	661	1	662	1.54e-220	630
lcl|CP015118.1_prot_ARN22977.1_5024	iAF987.Gmet_3291	50.6	249	123	0	11	259	12	260	9.44e-77	233
lcl|CP015118.1_prot_ARN22977.1_5024	iCN718.ABAYE_RS11580	43.3	254	144	0	6	259	6	259	1.23e-67	210
lcl|CP015118.1_prot_ARN22978.1_5026	iAF987.Gmet_3290	73.5	535	142	0	1	535	1	535	2.67e-289	794
lcl|CP015118.1_prot_ARN22978.1_5026	iJN1463.PP_4065	69.9	535	161	0	1	535	1	535	5.31e-275	758
lcl|CP015118.1_prot_ARN22979.1_5027	iSDY_1059.SDY_2057	28.4	183	122	4	6	182	9	188	2.35e-12	63.9
lcl|CP015118.1_prot_ARN22979.1_5027	iML1515.b1093	27.9	183	123	4	6	182	9	188	2.15e-11	61.2
lcl|CP015118.1_prot_ARN22979.1_5027	iSbBS512_1146.SbBS512_E2231	27.9	183	123	4	6	182	9	188	2.15e-11	61.2
lcl|CP015118.1_prot_ARN22979.1_5027	iSF_1195.SF1097	27.9	183	123	4	6	182	9	188	2.15e-11	61.2
lcl|CP015118.1_prot_ARN22979.1_5027	iSSON_1240.SSON_1113	27.9	183	123	4	6	182	9	188	2.15e-11	61.2
lcl|CP015118.1_prot_ARN22979.1_5027	iYS854.USA300HOU_RS06185	30.9	233	138	11	1	217	1	226	1.03e-10	59.3
lcl|CP015118.1_prot_ARN22979.1_5027	iCN718.ABAYE_RS14915	25.7	183	127	5	6	182	9	188	1.92e-10	58.5
lcl|CP015118.1_prot_ARN22980.1_5028	iYL1228.KPN_04397	42.8	566	319	3	18	583	9	569	6.50e-152	449
lcl|CP015118.1_prot_ARN22981.1_5029	STM_v1_0.STM0171	50.0	216	108	0	5	220	3	218	1.49e-82	244
lcl|CP015118.1_prot_ARN22981.1_5029	iSDY_1059.SDY_0035	49.3	215	109	0	5	219	3	217	6.96e-81	240
lcl|CP015118.1_prot_ARN22981.1_5029	iML1515.b0126	48.8	215	110	0	5	219	3	217	4.00e-80	238
lcl|CP015118.1_prot_ARN22981.1_5029	iSF_1195.SF0123	48.8	215	110	0	5	219	3	217	4.00e-80	238
lcl|CP015118.1_prot_ARN22981.1_5029	iSSON_1240.SSON_0134	48.8	215	110	0	5	219	3	217	4.00e-80	238
lcl|CP015118.1_prot_ARN22981.1_5029	iSbBS512_1146.SbBS512_E0119	48.8	215	110	0	5	219	3	217	5.67e-80	238
lcl|CP015118.1_prot_ARN22981.1_5029	iPC815.YPO3407	50.0	210	105	0	5	214	3	212	1.32e-78	234
lcl|CP015118.1_prot_ARN22981.1_5029	iYL1228.KPN_00134	52.6	194	92	0	25	218	7	200	3.64e-77	230
lcl|CP015118.1_prot_ARN22982.1_5030	iAF987.Gmet_3289	69.8	388	112	1	4	391	5	387	1.07e-192	537
lcl|CP015118.1_prot_ARN22982.1_5030	iJN1463.PP_4064	69.3	391	115	1	1	391	1	386	1.37e-192	537
lcl|CP015118.1_prot_ARN22982.1_5030	iCN718.ABAYE_RS11570	68.0	391	123	1	1	391	1	389	2.16e-192	536
lcl|CP015118.1_prot_ARN22984.1_5032	iSynCJ816.SGL_RS12585	40.1	549	307	7	12	548	19	557	4.07e-103	321
lcl|CP015118.1_prot_ARN22985.1_5033	iJN1463.PP_1078	56.9	218	88	2	5	222	7	218	2.69e-77	236
lcl|CP015118.1_prot_ARN22992.1_5041	iAF987.Gmet_2107	31.1	206	128	5	45	246	45	240	4.44e-18	82.8
lcl|CP015118.1_prot_ARN22993.1_5043	iYO844.BSU11640	28.6	385	240	9	1	366	1	369	1.88e-24	105
lcl|CP015118.1_prot_ARN22996.1_5046	iAF692.Mbar_A2583	34.3	198	114	3	1	192	1	188	2.38e-29	108
lcl|CP015118.1_prot_ARN22996.1_5046	iAF987.Gmet_0798	34.9	152	97	1	3	154	2	151	1.36e-27	103
lcl|CP015118.1_prot_ARN22997.1_5047	iCHOv1.100763456	47.4	76	40	0	8	83	8	83	7.91e-20	80.9
lcl|CP015118.1_prot_ARN22997.1_5047	iMM904.YGR037C	46.1	76	41	0	8	83	6	81	3.09e-20	76.6
lcl|CP015118.1_prot_ARN22998.1_5048	iML1515.b1443	31.4	245	143	6	4	248	3	222	2.37e-21	90.5
lcl|CP015118.1_prot_ARN22998.1_5048	iYL1228.KPN_01925	31.9	229	131	6	21	248	18	222	3.51e-21	90.1
lcl|CP015118.1_prot_ARN22998.1_5048	iSSON_1240.SSON_1694	30.6	245	145	6	4	248	3	222	4.20e-19	84.3
lcl|CP015118.1_prot_ARN22999.1_5049	iJN1463.PP_5178	35.1	268	157	8	14	271	25	285	2.20e-35	129
lcl|CP015118.1_prot_ARN23000.1_5050	iCN900.CD630_10270	22.5	293	162	10	49	329	44	283	7.82e-07	50.4
lcl|CP015118.1_prot_ARN23001.1_5051	iSSON_1240.SSON_1696	45.3	316	163	3	14	321	12	325	6.21e-81	249
lcl|CP015118.1_prot_ARN23001.1_5051	iML1515.b1441	45.3	316	163	3	14	321	12	325	8.79e-81	248
lcl|CP015118.1_prot_ARN23001.1_5051	iSDY_1059.SDY_1733	45.3	316	163	3	14	321	12	325	3.51e-80	247
lcl|CP015118.1_prot_ARN23001.1_5051	iYL1228.KPN_01927	44.0	316	167	3	14	321	12	325	1.43e-76	238
lcl|CP015118.1_prot_ARN23001.1_5051	iHN637.CLJU_RS10680	49.0	241	123	0	5	245	8	248	6.07e-73	229
lcl|CP015118.1_prot_ARN23001.1_5051	iJN1463.PP_1484	45.8	284	139	4	10	280	8	289	6.82e-73	228
lcl|CP015118.1_prot_ARN23001.1_5051	iCN900.CD630_35270	47.1	240	127	0	14	253	11	250	1.35e-72	227
lcl|CP015118.1_prot_ARN23001.1_5051	iSDY_1059.SDY_2026	50.6	237	117	0	9	245	20	256	1.47e-71	226
lcl|CP015118.1_prot_ARN23001.1_5051	iML1515.b1126	50.6	237	117	0	9	245	20	256	2.92e-71	225
lcl|CP015118.1_prot_ARN23001.1_5051	iSF_1195.SF1128	50.6	237	117	0	9	245	20	256	2.92e-71	225
lcl|CP015118.1_prot_ARN23001.1_5051	iSbBS512_1146.SbBS512_E1304	50.6	237	117	0	9	245	20	256	4.12e-71	225
lcl|CP015118.1_prot_ARN23001.1_5051	iSSON_1240.SSON_1144	50.6	237	117	0	9	245	20	256	4.12e-71	225
lcl|CP015118.1_prot_ARN23001.1_5051	STM_v1_0.STM1226	49.8	239	120	0	7	245	18	256	5.82e-71	224
lcl|CP015118.1_prot_ARN23002.1_5052	iYL1228.KPN_01788	59.7	236	95	0	1	236	4	239	2.97e-82	246
lcl|CP015118.1_prot_ARN23007.1_5059	iYO844.BSU18570	39.4	680	383	7	8	673	13	677	6.77e-160	476
lcl|CP015118.1_prot_ARN23008.1_5060	iSynCJ816.SGL_RS17805	39.5	377	218	4	18	392	31	399	5.62e-91	279
lcl|CP015118.1_prot_ARN23009.1_5063	iAF987.Gmet_1914	34.3	102	67	0	5	106	4	105	7.37e-10	60.5
lcl|CP015118.1_prot_ARN23009.1_5063	iAF987.Gmet_2999	32.2	121	80	1	2	120	7	127	2.30e-09	58.5
lcl|CP015118.1_prot_ARN23009.1_5063	iAF987.Gmet_1919	29.7	118	83	0	1	118	1	118	2.88e-08	55.1
lcl|CP015118.1_prot_ARN23012.1_5067	iJN1463.PP_0058	40.6	239	137	3	3	237	7	244	2.21e-51	167
lcl|CP015118.1_prot_ARN23013.1_5068	iJN1463.PP_0059	51.7	178	83	1	1	178	1	175	2.51e-62	191
lcl|CP015118.1_prot_ARN23014.1_5069	iYL1228.KPN_03922	44.3	702	376	8	1	701	1	688	2.69e-163	486
lcl|CP015118.1_prot_ARN23014.1_5069	STM_v1_0.STM3655	44.0	702	378	8	1	701	1	688	7.59e-163	484
lcl|CP015118.1_prot_ARN23014.1_5069	iSF_1195.SF3602	43.4	702	382	8	1	701	1	688	5.33e-160	477
lcl|CP015118.1_prot_ARN23014.1_5069	iSSON_1240.SSON_3830	43.4	702	382	8	1	701	1	688	5.33e-160	477
lcl|CP015118.1_prot_ARN23014.1_5069	iSbBS512_1146.SbBS512_E3966	43.4	702	382	8	1	701	1	688	1.50e-159	476
lcl|CP015118.1_prot_ARN23014.1_5069	iSDY_1059.SDY_4345	43.3	702	383	8	1	701	1	688	1.19e-158	474
lcl|CP015118.1_prot_ARN23014.1_5069	iPC815.YPO4071	42.9	701	387	7	1	701	1	688	6.66e-158	472
lcl|CP015118.1_prot_ARN23014.1_5069	iCN718.ABAYE_RS02355	43.8	705	374	11	1	701	1	687	5.77e-153	459
lcl|CP015118.1_prot_ARN23014.1_5069	iJN1463.PP_0060	42.2	708	377	10	1	701	1	683	7.81e-152	456
lcl|CP015118.1_prot_ARN23015.1_5070	iCN718.ABAYE_RS02360	73.9	303	75	1	3	301	10	312	2.92e-164	459
lcl|CP015118.1_prot_ARN23015.1_5070	iJN1463.PP_0061	73.6	303	76	1	3	301	10	312	4.79e-163	456
lcl|CP015118.1_prot_ARN23015.1_5070	iSbBS512_1146.SbBS512_E3965	74.5	294	69	2	3	290	8	301	4.00e-159	445
lcl|CP015118.1_prot_ARN23015.1_5070	iSDY_1059.SDY_4344	74.5	294	69	2	3	290	8	301	4.00e-159	445
lcl|CP015118.1_prot_ARN23015.1_5070	iSF_1195.SF3603	74.5	294	69	2	3	290	8	301	4.00e-159	445
lcl|CP015118.1_prot_ARN23015.1_5070	iSSON_1240.SSON_3829	74.5	294	69	2	3	290	8	301	4.00e-159	445
lcl|CP015118.1_prot_ARN23015.1_5070	iYL1228.KPN_03923	74.1	294	70	2	3	290	8	301	1.63e-158	444
lcl|CP015118.1_prot_ARN23015.1_5070	STM_v1_0.STM3656	74.1	294	70	2	3	290	8	301	1.63e-158	444
lcl|CP015118.1_prot_ARN23015.1_5070	iPC815.YPO4072	73.1	294	73	2	3	290	8	301	1.38e-157	441
lcl|CP015118.1_prot_ARN23015.1_5070	iAF987.Gmet_2942	67.8	286	92	0	2	287	1	286	3.35e-148	417
lcl|CP015118.1_prot_ARN24060.1_5071	iJN1463.PP_4790	34.7	502	296	11	17	506	19	500	2.41e-59	203
lcl|CP015118.1_prot_ARN24060.1_5071	STM_v1_0.STM0666	31.0	509	328	10	10	508	14	509	3.91e-59	203
lcl|CP015118.1_prot_ARN24060.1_5071	iPC815.YPO2616	29.9	508	328	10	12	507	16	507	4.24e-58	200
lcl|CP015118.1_prot_ARN24060.1_5071	iSbBS512_1146.SbBS512_E0590	31.0	513	324	11	10	508	14	510	5.55e-58	200
lcl|CP015118.1_prot_ARN24060.1_5071	iSSON_1240.SSON_0611	31.2	513	323	11	10	508	14	510	5.55e-58	200
lcl|CP015118.1_prot_ARN24060.1_5071	iML1515.b0657	30.8	483	309	9	10	479	14	484	1.09e-56	196
lcl|CP015118.1_prot_ARN24060.1_5071	iSDY_1059.SDY_0593	31.2	484	306	10	10	479	14	484	2.94e-56	195
lcl|CP015118.1_prot_ARN24060.1_5071	iSF_1195.SF0625	30.2	483	312	9	10	479	14	484	2.98e-54	190
lcl|CP015118.1_prot_ARN24060.1_5071	iYL1228.KPN_00682	30.4	484	310	13	10	479	14	484	5.75e-53	186
lcl|CP015118.1_prot_ARN24061.1_5073	iJN1463.PP_4639	42.8	346	171	4	4	348	3	322	1.69e-87	266
lcl|CP015118.1_prot_ARN23021.1_5078	iCN900.CD630_20200	32.9	85	47	4	8	88	568	646	6.28e-04	42.0
lcl|CP015118.1_prot_ARN23022.1_5079	iJN1463.PP_0438	29.2	257	150	9	4	245	3	242	3.94e-15	72.4
lcl|CP015118.1_prot_ARN23024.1_5081	iAF987.Gmet_1092	38.5	265	149	2	21	271	21	285	4.21e-57	184
lcl|CP015118.1_prot_ARN23026.1_5083	iEK1008.Rv3409c	23.0	562	322	20	44	536	5	524	6.84e-09	58.2
lcl|CP015118.1_prot_ARN23026.1_5083	iJN1463.PP_3383	23.6	589	327	24	45	534	9	573	1.60e-08	57.0
lcl|CP015118.1_prot_ARN23028.1_5085	iSynCJ816.SGL_RS06260	37.9	87	51	2	7	91	4	89	1.38e-10	53.1
lcl|CP015118.1_prot_ARN23028.1_5085	iEK1008.Rv3571	37.6	85	52	1	3	87	266	349	2.20e-09	52.4
lcl|CP015118.1_prot_ARN23028.1_5085	iJN1463.PP_3163	33.8	80	51	1	17	94	15	94	7.57e-09	50.8
lcl|CP015118.1_prot_ARN23031.1_5088	iSbBS512_1146.SbBS512_E4944	32.1	212	124	5	1	202	2	203	8.58e-18	77.8
lcl|CP015118.1_prot_ARN23031.1_5088	iSF_1195.SF4427	32.1	212	124	5	1	202	2	203	1.20e-17	77.4
lcl|CP015118.1_prot_ARN23031.1_5088	iSSON_1240.SSON_4545	32.1	212	124	5	1	202	2	203	1.20e-17	77.4
lcl|CP015118.1_prot_ARN23031.1_5088	iSDY_1059.SDY_4656	31.6	212	125	5	1	202	2	203	8.73e-17	75.1
lcl|CP015118.1_prot_ARN23031.1_5088	iYL1228.KPN_04850	32.6	181	110	5	1	171	2	180	4.55e-16	73.2
lcl|CP015118.1_prot_ARN23031.1_5088	STM_v1_0.STM4585	30.7	212	127	6	1	202	2	203	8.80e-16	72.4
lcl|CP015118.1_prot_ARN23033.1_5090	iML1515.b1599	31.3	99	63	3	2	100	10	103	3.78e-09	49.7
lcl|CP015118.1_prot_ARN23033.1_5090	iSbBS512_1146.SbBS512_E1785	31.3	99	63	3	2	100	10	103	3.78e-09	49.7
lcl|CP015118.1_prot_ARN23033.1_5090	iSDY_1059.SDY_1554	31.7	104	65	3	2	103	10	109	3.78e-09	49.7
lcl|CP015118.1_prot_ARN23033.1_5090	iSSON_1240.SSON_1561	31.3	99	63	3	2	100	10	103	3.78e-09	49.7
lcl|CP015118.1_prot_ARN23033.1_5090	iML1515.b0543	32.6	92	57	1	11	97	12	103	7.64e-09	48.9
lcl|CP015118.1_prot_ARN23033.1_5090	iSF_1195.SF1620	30.3	99	64	3	2	100	10	103	1.48e-08	48.1
lcl|CP015118.1_prot_ARN23033.1_5090	iML1515.b1600	30.3	99	69	0	3	101	5	103	1.43e-07	45.8
lcl|CP015118.1_prot_ARN23033.1_5090	iSbBS512_1146.SbBS512_E1786	30.3	99	69	0	3	101	5	103	1.43e-07	45.8
lcl|CP015118.1_prot_ARN23033.1_5090	iSDY_1059.SDY_1553	30.3	99	69	0	3	101	5	103	1.43e-07	45.8
lcl|CP015118.1_prot_ARN23033.1_5090	iSF_1195.SF1621	30.3	99	69	0	3	101	5	103	1.43e-07	45.8
lcl|CP015118.1_prot_ARN23033.1_5090	iSSON_1240.SSON_1560	30.3	99	69	0	3	101	5	103	1.43e-07	45.8
lcl|CP015118.1_prot_A4W93_25740_5095	iLJ478.TM0716	30.3	492	310	12	110	587	23	495	8.08e-58	202
lcl|CP015118.1_prot_A4W93_25740_5095	iYO844.BSU18210	32.0	440	260	11	162	581	64	484	2.46e-52	187
lcl|CP015118.1_prot_ARN23038.1_5096	iML1515.b1982	48.7	489	226	9	18	499	13	483	8.35e-139	408
lcl|CP015118.1_prot_ARN23038.1_5096	iSF_1195.SF2053	48.7	489	226	9	18	499	13	483	8.35e-139	408
lcl|CP015118.1_prot_ARN23038.1_5096	STM_v1_0.STM2009	49.1	489	224	10	18	499	13	483	6.71e-138	406
lcl|CP015118.1_prot_ARN23038.1_5096	iSSON_1240.SSON_2047	48.5	489	227	9	18	499	13	483	6.71e-138	406
lcl|CP015118.1_prot_ARN23038.1_5096	iSDY_1059.SDY_2253	48.3	489	228	9	18	499	13	483	1.90e-137	405
lcl|CP015118.1_prot_ARN23038.1_5096	iYL1228.KPN_02445	47.6	500	236	10	7	499	3	483	1.53e-136	402
lcl|CP015118.1_prot_ARN23038.1_5096	iPC815.YPO2288	47.7	465	221	7	25	478	22	475	4.51e-129	385
lcl|CP015118.1_prot_ARN23038.1_5096	iJN1463.PP_4779	48.4	448	215	7	54	499	53	486	2.59e-127	379
lcl|CP015118.1_prot_ARN23038.1_5096	iSbBS512_1146.SbBS512_E0986	52.4	399	171	6	102	499	1	381	7.72e-127	374
lcl|CP015118.1_prot_ARN23039.1_5097	STM_v1_0.STM3583	32.2	152	78	3	47	197	30	157	1.22e-05	44.3
lcl|CP015118.1_prot_ARN23040.1_5098	iCN718.ABAYE_RS14690	38.0	411	247	6	1	407	1	407	6.69e-72	231
lcl|CP015118.1_prot_ARN23040.1_5098	STM_v1_0.STM1197	38.2	414	242	8	2	406	4	412	1.15e-70	228
lcl|CP015118.1_prot_ARN23040.1_5098	iCN900.CD630_11840	35.0	414	256	7	2	407	3	411	1.57e-70	227
lcl|CP015118.1_prot_ARN23040.1_5098	iJN1463.PP_4175	38.8	412	238	9	1	407	1	403	1.88e-70	227
lcl|CP015118.1_prot_ARN23040.1_5098	iSynCJ816.SGL_RS05665	36.7	412	252	6	2	407	7	415	2.47e-70	227
lcl|CP015118.1_prot_ARN23040.1_5098	iPC815.YPO1601	37.0	414	247	8	2	406	4	412	2.28e-70	227
lcl|CP015118.1_prot_ARN23040.1_5098	iAF987.Gmet_1603	36.2	417	247	9	1	406	1	409	2.95e-70	226
lcl|CP015118.1_prot_ARN23040.1_5098	iSbBS512_1146.SbBS512_E2229	37.6	415	243	9	2	406	4	412	2.49e-69	224
lcl|CP015118.1_prot_ARN23040.1_5098	iSSON_1240.SSON_1115	37.7	414	244	8	2	406	4	412	4.92e-69	223
lcl|CP015118.1_prot_ARN23040.1_5098	iML1515.b1095	37.6	415	243	9	2	406	4	412	6.92e-69	223
lcl|CP015118.1_prot_ARN23040.1_5098	iSF_1195.SF1099	37.6	415	243	9	2	406	4	412	6.92e-69	223
lcl|CP015118.1_prot_ARN23040.1_5098	iYL1228.KPN_01093	37.4	414	245	8	2	406	4	412	1.37e-68	222
lcl|CP015118.1_prot_ARN23040.1_5098	iSDY_1059.SDY_2055	37.3	415	244	9	2	406	4	412	5.36e-68	221
lcl|CP015118.1_prot_ARN23040.1_5098	iJN1463.PP_1916	36.9	415	247	8	2	407	4	412	2.15e-67	219
lcl|CP015118.1_prot_ARN23040.1_5098	iYO844.BSU11340	36.6	418	243	9	2	407	4	411	2.95e-67	219
lcl|CP015118.1_prot_ARN23040.1_5098	iHN637.CLJU_RS20760	33.7	412	263	7	2	407	3	410	4.39e-66	216
lcl|CP015118.1_prot_ARN23040.1_5098	iPC815.YPO2757	36.3	410	253	6	1	407	1	405	3.85e-66	216
lcl|CP015118.1_prot_ARN23040.1_5098	iYL1228.KPN_02713	37.7	411	245	8	1	407	1	404	5.28e-66	215
lcl|CP015118.1_prot_ARN23040.1_5098	STM_v1_0.STM2378	37.6	410	245	8	1	406	1	403	5.01e-66	215
lcl|CP015118.1_prot_ARN23040.1_5098	iSSON_1240.SSON_2381	37.6	412	242	9	1	406	1	403	7.42e-66	215
lcl|CP015118.1_prot_ARN23040.1_5098	iYS854.USA300HOU_RS04880	36.3	413	251	8	2	407	5	412	9.14e-66	215
lcl|CP015118.1_prot_ARN23040.1_5098	iSDY_1059.SDY_2522	37.6	412	242	9	1	406	1	403	1.47e-65	214
lcl|CP015118.1_prot_ARN23040.1_5098	iSF_1195.SF2399	37.6	412	242	9	1	406	1	403	2.47e-65	214
lcl|CP015118.1_prot_ARN23040.1_5098	iML1515.b2323	37.4	412	243	9	1	406	1	403	2.90e-65	213
lcl|CP015118.1_prot_ARN23040.1_5098	iSbBS512_1146.SbBS512_E2701	37.1	412	244	9	1	406	1	403	1.13e-64	212
lcl|CP015118.1_prot_ARN23040.1_5098	iIT341.HP0558	36.5	416	249	7	1	406	1	411	1.86e-64	211
lcl|CP015118.1_prot_ARN23041.1_5099	iAF987.Gmet_1601	48.7	238	117	3	8	242	9	244	1.04e-58	186
lcl|CP015118.1_prot_ARN23041.1_5099	iYS854.USA300HOU_RS06185	47.1	238	122	2	8	242	6	242	2.77e-58	184
lcl|CP015118.1_prot_ARN23041.1_5099	iYO844.BSU15910	42.0	243	137	2	4	243	4	245	2.13e-55	177
lcl|CP015118.1_prot_ARN23041.1_5099	iHN637.CLJU_RS20765	44.8	239	128	2	8	243	10	247	9.05e-55	176
lcl|CP015118.1_prot_ARN23043.1_5101	iAF987.Gmet_1695	35.2	406	232	12	4	390	6	399	1.95e-44	158
lcl|CP015118.1_prot_ARN23046.1_5104	iAF692.Mbar_A1604	24.5	326	202	13	9	326	3	292	5.16e-11	63.5
lcl|CP015118.1_prot_ARN23046.1_5104	iAF692.Mbar_A3422	22.0	322	219	10	9	321	6	304	4.03e-10	60.8
lcl|CP015118.1_prot_ARN23047.1_5105	iNF517.LLMG_RS03890	31.8	107	64	3	114	213	51	155	1.58e-04	42.0
lcl|CP015118.1_prot_ARN23047.1_5105	iYO844.BSU22750	28.7	174	96	8	103	268	41	194	3.55e-04	40.8
lcl|CP015118.1_prot_ARN23047.1_5105	iYS854.USA300HOU_RS07520	34.9	106	62	4	113	213	52	155	6.63e-04	40.0
lcl|CP015118.1_prot_ARN23048.1_5106	iCHOv1.100763612	38.7	111	47	5	27	122	13	117	7.77e-05	43.5
lcl|CP015118.1_prot_ARN23048.1_5106	iMM1415.71670	37.8	111	48	5	27	122	13	117	7.66e-04	40.4
lcl|CP015118.1_prot_ARN23049.1_5107	iEK1008.Rv1902c	29.9	107	73	1	269	373	34	140	4.78e-04	42.0
lcl|CP015118.1_prot_ARN23053.1_5111	iYS854.USA300HOU_RS06875	29.0	107	72	3	12	116	8	112	5.43e-11	56.6
lcl|CP015118.1_prot_ARN23054.1_5112	iYO844.BSU39350	34.9	496	311	6	11	506	2	485	2.57e-78	254
lcl|CP015118.1_prot_ARN23054.1_5112	iMM1415.15109	34.8	511	316	8	11	515	114	613	4.25e-76	252
lcl|CP015118.1_prot_ARN23054.1_5112	iYS854.USA300HOU_RS00040	31.6	512	337	6	10	519	2	502	1.35e-76	249
lcl|CP015118.1_prot_ARN23054.1_5112	iCHOv1.100753802	35.9	462	284	5	11	467	114	568	2.34e-74	247
lcl|CP015118.1_prot_ARN23054.1_5112	iHN637.CLJU_RS10535	33.8	459	295	5	8	466	1	450	1.87e-72	238
lcl|CP015118.1_prot_ARN23056.1_5114	iLB1027_lipid.PHATRDRAFT_34317	33.1	145	77	7	37	163	86	228	1.92e-05	44.7
lcl|CP015118.1_prot_ARN23057.1_5115	iEK1008.Rv1193	28.0	471	254	22	23	436	21	463	3.39e-14	74.7
lcl|CP015118.1_prot_ARN23060.1_5118	iPC815.YPO1600	31.8	85	51	2	1	85	1	78	4.97e-06	40.4
lcl|CP015118.1_prot_ARN23061.1_5119	iIT341.HP1348	32.1	112	69	3	86	191	68	178	1.33e-07	50.8
lcl|CP015118.1_prot_ARN23061.1_5119	iMM904.YDL052C	28.7	143	93	4	57	191	47	188	5.94e-07	49.3
lcl|CP015118.1_prot_ARN23065.1_5123	iCN718.ABAYE_RS11070	64.0	397	141	2	1	396	1	396	9.37e-173	488
lcl|CP015118.1_prot_ARN23065.1_5123	iJN1463.PP_1457	61.2	394	145	4	5	397	4	390	7.94e-155	442
lcl|CP015118.1_prot_ARN23065.1_5123	iAF987.Gmet_3193	61.2	394	145	4	5	397	2	388	1.54e-154	441
lcl|CP015118.1_prot_ARN23066.1_5124	iAF987.Gmet_1899	45.3	247	117	5	6	242	7	245	2.09e-56	181
lcl|CP015118.1_prot_ARN23066.1_5124	iJN1463.PP_0209	44.8	221	121	1	21	240	29	249	1.61e-54	176
lcl|CP015118.1_prot_ARN23066.1_5124	iSynCJ816.SGL_RS05565	46.1	204	109	1	20	222	20	223	1.58e-50	166
lcl|CP015118.1_prot_ARN23067.1_5125	iCN900.CD630_19800	24.0	229	170	1	3	231	9	233	6.70e-16	74.7
lcl|CP015118.1_prot_ARN23067.1_5125	iCN718.ABAYE_RS19055	25.9	255	178	5	2	252	13	260	1.96e-15	73.6
lcl|CP015118.1_prot_ARN23067.1_5125	iJN1463.PP_0208	29.6	247	163	4	14	254	15	256	1.84e-15	73.6
lcl|CP015118.1_prot_ARN23067.1_5125	iPC815.YPO3626	26.2	256	178	5	2	253	7	255	6.96e-15	72.0
lcl|CP015118.1_prot_ARN23067.1_5125	iYO844.BSU08850	27.0	248	166	7	8	251	34	270	1.33e-13	68.6
lcl|CP015118.1_prot_ARN23075.1_5133	iCN718.ABAYE_RS18250	57.4	561	230	6	1	557	1	556	1.04e-224	632
lcl|CP015118.1_prot_ARN23075.1_5133	iML1515.b1805	54.8	560	242	6	1	558	1	551	1.07e-212	602
lcl|CP015118.1_prot_ARN23075.1_5133	iSDY_1059.SDY_1709	54.8	560	242	6	1	558	1	551	1.07e-212	602
lcl|CP015118.1_prot_ARN23075.1_5133	iSbBS512_1146.SbBS512_E2065	54.6	560	243	6	1	558	1	551	4.32e-212	600
lcl|CP015118.1_prot_ARN23075.1_5133	iSF_1195.SF1423	54.5	560	244	6	1	558	23	573	2.64e-211	599
lcl|CP015118.1_prot_ARN23075.1_5133	iSSON_1240.SSON_1356	54.5	560	244	6	1	558	1	551	3.51e-211	598
lcl|CP015118.1_prot_ARN23075.1_5133	iYL1228.KPN_02322	55.0	560	241	6	1	558	12	562	4.17e-210	595
lcl|CP015118.1_prot_ARN23075.1_5133	STM_v1_0.STM1818	55.0	560	241	6	1	558	1	551	1.15e-209	594
lcl|CP015118.1_prot_ARN23075.1_5133	iPC815.YPO2074	54.5	560	244	6	1	558	1	551	1.11e-207	589
lcl|CP015118.1_prot_ARN23076.1_5134	iCN900.CD630_27550	37.7	584	340	7	7	585	5	569	4.60e-122	372
lcl|CP015118.1_prot_ARN23076.1_5134	iSDY_1059.SDY_2613	38.6	580	328	6	4	572	1	563	1.06e-121	371
lcl|CP015118.1_prot_ARN23076.1_5134	iSF_1195.SF2471	38.6	580	328	6	4	572	1	563	1.06e-121	371
lcl|CP015118.1_prot_ARN23076.1_5134	iSSON_1240.SSON_2505	38.6	580	328	6	4	572	1	563	1.06e-121	371
lcl|CP015118.1_prot_ARN23076.1_5134	iML1515.b2416	38.6	580	328	6	4	572	1	563	1.50e-121	370
lcl|CP015118.1_prot_ARN23076.1_5134	iYS854.USA300HOU_RS05400	38.3	559	321	7	1	555	1	539	2.73e-121	370
lcl|CP015118.1_prot_ARN23076.1_5134	iSbBS512_1146.SbBS512_E2764	38.4	580	329	6	4	572	1	563	1.18e-120	368
lcl|CP015118.1_prot_ARN23076.1_5134	STM_v1_0.STM2432	37.9	580	332	6	4	572	1	563	2.60e-119	365
lcl|CP015118.1_prot_ARN23076.1_5134	iYL1228.KPN_02763	37.8	580	333	6	4	572	1	563	1.03e-118	363
lcl|CP015118.1_prot_ARN23076.1_5134	iYO844.BSU13910	36.9	575	344	6	4	577	3	559	9.82e-118	360
lcl|CP015118.1_prot_ARN23078.1_5136	iYO844.BSU13900	34.6	81	53	0	1	81	1	81	1.45e-12	57.4
lcl|CP015118.1_prot_ARN23078.1_5136	iYS854.USA300HOU_RS05395	34.6	81	53	0	1	81	1	81	2.90e-12	56.6
lcl|CP015118.1_prot_ARN23079.1_5137	iML1515.b1817	34.5	110	68	3	34	139	34	143	4.92e-09	53.1
lcl|CP015118.1_prot_ARN23079.1_5137	iSbBS512_1146.SbBS512_E2083	34.5	110	68	3	34	139	34	143	4.92e-09	53.1
lcl|CP015118.1_prot_ARN23079.1_5137	iSF_1195.SF1411	34.5	110	68	3	34	139	34	143	4.92e-09	53.1
lcl|CP015118.1_prot_ARN23079.1_5137	iSSON_1240.SSON_1343	34.5	110	68	3	34	139	34	143	4.92e-09	53.1
lcl|CP015118.1_prot_ARN23079.1_5137	iYL1228.KPN_02333	36.6	93	55	3	34	122	34	126	3.14e-08	50.8
lcl|CP015118.1_prot_ARN23081.1_5139	iML1515.b2371	34.4	390	235	5	14	403	9	377	2.85e-72	231
lcl|CP015118.1_prot_ARN23084.1_5142	iPC815.YPO3064	29.6	98	66	2	32	128	10	105	4.93e-05	41.2
lcl|CP015118.1_prot_ARN24062.1_5143	iYL1228.KPN_03904	26.4	504	305	19	58	519	56	535	2.38e-34	136
lcl|CP015118.1_prot_ARN24062.1_5143	iSF_1195.SF3580	26.1	499	312	19	58	519	73	551	8.16e-33	132
lcl|CP015118.1_prot_ARN24062.1_5143	iML1515.b3546	24.5	559	357	21	3	519	5	540	1.85e-32	130
lcl|CP015118.1_prot_ARN24062.1_5143	iSbBS512_1146.SbBS512_E3983	25.9	499	313	19	58	519	62	540	2.50e-32	130
lcl|CP015118.1_prot_ARN24062.1_5143	iSSON_1240.SSON_3844	25.9	499	313	19	58	519	73	551	2.72e-32	130
lcl|CP015118.1_prot_ARN24062.1_5143	STM_v1_0.STM3635	25.0	565	347	23	3	519	5	540	8.32e-32	129
lcl|CP015118.1_prot_ARN23085.1_5145	iAF987.Gmet_0069	37.5	120	67	3	3	119	5	119	7.11e-13	66.2
lcl|CP015118.1_prot_ARN23085.1_5145	iAF987.Gmet_1706	31.7	123	78	2	1	123	1	117	7.43e-11	60.5
lcl|CP015118.1_prot_ARN23087.1_5147	iAM_Pc455.PCYB_103410	30.1	113	69	5	132	243	317	420	4.82e-04	43.1
lcl|CP015118.1_prot_ARN23087.1_5147	iAM_Pb448.PBANKA_110710	24.7	316	166	11	141	430	282	551	6.20e-04	42.7
lcl|CP015118.1_prot_ARN23087.1_5147	iAM_Pc455.PCYB_094280	28.2	202	101	10	121	314	708	873	9.59e-04	42.4
lcl|CP015118.1_prot_ARN23087.1_5147	iAM_Pv461.PVX_097935	30.1	103	63	3	141	243	312	405	8.25e-04	42.4
lcl|CP015118.1_prot_ARN23088.1_5148	iJN1463.PP_3736	28.4	229	119	8	13	231	7	200	1.45e-16	79.3
lcl|CP015118.1_prot_ARN23089.1_5149	iAF692.Mbar_A3252	27.4	412	272	7	19	429	26	411	1.58e-33	130
lcl|CP015118.1_prot_ARN23090.1_5150	iCN900.CD630_19800	28.1	196	141	0	19	214	14	209	1.03e-20	88.2
lcl|CP015118.1_prot_ARN23090.1_5150	iYO844.BSU08850	29.1	227	155	2	22	246	33	255	6.59e-18	80.9
lcl|CP015118.1_prot_ARN23091.1_5151	iJN1463.PP_0209	44.0	232	124	2	23	251	21	249	8.20e-59	188
lcl|CP015118.1_prot_ARN23091.1_5151	iAF987.Gmet_1899	42.9	231	126	2	23	253	21	245	5.27e-52	170
lcl|CP015118.1_prot_ARN23092.1_5152	iCN900.CD630_19790	27.6	308	186	14	39	326	41	331	3.37e-15	75.1
lcl|CP015118.1_prot_ARN23093.1_5153	iAF987.Gmet_0043	27.3	220	146	8	245	452	44	261	7.06e-06	48.1
lcl|CP015118.1_prot_ARN23094.1_5154	iAF987.Gmet_0069	35.3	119	68	4	3	116	5	119	3.25e-09	55.5
lcl|CP015118.1_prot_ARN23097.1_5157	iJN1463.PP_4800	66.0	324	107	3	4	325	16	338	1.42e-156	441
lcl|CP015118.1_prot_ARN23097.1_5157	iML1515.b0628	63.6	305	106	2	24	325	18	320	1.76e-141	402
lcl|CP015118.1_prot_ARN23097.1_5157	iSDY_1059.SDY_0550	63.6	305	106	2	24	325	18	320	1.76e-141	402
lcl|CP015118.1_prot_ARN23097.1_5157	iSF_1195.SF0653	63.6	305	106	2	24	325	18	320	1.76e-141	402
lcl|CP015118.1_prot_ARN23097.1_5157	iSSON_1240.SSON_0582	63.6	305	106	2	24	325	18	320	1.76e-141	402
lcl|CP015118.1_prot_ARN23097.1_5157	iSbBS512_1146.SbBS512_E0542	63.6	305	106	2	24	325	18	320	2.50e-141	402
lcl|CP015118.1_prot_ARN24064.1_5158	iJN1463.PP_4801	47.9	213	91	1	2	214	11	203	2.32e-61	190
lcl|CP015118.1_prot_ARN24064.1_5158	iML1515.b0630	43.9	214	100	1	2	215	11	204	2.07e-56	177
lcl|CP015118.1_prot_ARN24064.1_5158	iSbBS512_1146.SbBS512_E0621	43.9	214	100	1	2	215	11	204	2.07e-56	177
lcl|CP015118.1_prot_ARN23098.1_5159	iSF_1195.SF4048	29.1	127	84	2	51	177	49	169	2.68e-07	53.5
lcl|CP015118.1_prot_ARN23098.1_5159	iML1515.b3966	28.3	127	85	2	51	177	49	169	3.53e-07	53.1
lcl|CP015118.1_prot_ARN23098.1_5159	iSSON_1240.SSON_4139	28.3	127	85	2	51	177	49	169	3.53e-07	53.1
lcl|CP015118.1_prot_ARN23098.1_5159	iSDY_1059.SDY_3762	27.6	127	86	2	51	177	49	169	1.84e-06	50.8
lcl|CP015118.1_prot_ARN23098.1_5159	iPC815.YPO3910	27.9	136	92	2	42	177	51	180	3.23e-06	50.1
lcl|CP015118.1_prot_ARN23098.1_5159	STM_v1_0.STM4130	28.8	139	91	3	66	202	64	196	4.20e-06	49.7
lcl|CP015118.1_prot_ARN23104.1_5165	iSF_1195.SF4048	27.8	169	112	3	62	230	64	222	3.83e-08	56.2
lcl|CP015118.1_prot_ARN23104.1_5165	iML1515.b3966	27.2	169	113	3	62	230	64	222	5.04e-08	55.8
lcl|CP015118.1_prot_ARN23104.1_5165	iSSON_1240.SSON_4139	27.2	169	113	3	62	230	64	222	5.04e-08	55.8
lcl|CP015118.1_prot_ARN23104.1_5165	iPC815.YPO3910	28.0	161	109	3	62	222	75	228	8.87e-08	55.1
lcl|CP015118.1_prot_ARN23104.1_5165	STM_v1_0.STM4130	27.3	183	116	6	62	238	64	235	3.47e-07	53.1
lcl|CP015118.1_prot_ARN23104.1_5165	iSDY_1059.SDY_3762	26.6	169	114	3	62	230	64	222	3.47e-07	53.1
lcl|CP015118.1_prot_ARN23107.1_5168	iYS854.USA300HOU_RS09295	35.0	283	178	3	10	291	5	282	2.67e-51	169
lcl|CP015118.1_prot_ARN23108.1_5169	iJN1463.PP_4803	42.1	392	207	5	2	392	8	380	5.91e-91	278
lcl|CP015118.1_prot_ARN23108.1_5169	iML1515.b0839	42.2	384	203	5	8	387	17	385	1.13e-85	265
lcl|CP015118.1_prot_ARN23108.1_5169	iSbBS512_1146.SbBS512_E2506	42.2	384	203	5	8	387	17	385	2.26e-85	265
lcl|CP015118.1_prot_ARN23108.1_5169	iSDY_1059.SDY_0841	42.2	384	203	5	8	387	17	385	3.19e-85	264
lcl|CP015118.1_prot_ARN23108.1_5169	STM_v1_0.STM0863	41.6	385	206	5	7	387	16	385	3.56e-84	261
lcl|CP015118.1_prot_ARN23108.1_5169	iYL1228.KPN_00871	40.7	383	208	5	9	387	18	385	3.14e-82	256
lcl|CP015118.1_prot_ARN23108.1_5169	STM_v1_0.STM0637	40.5	375	202	6	22	391	38	396	6.00e-80	251
lcl|CP015118.1_prot_ARN23110.1_5171	iCN900.CD630_34060	33.7	83	53	1	19	101	42	122	6.76e-10	54.3
lcl|CP015118.1_prot_ARN23110.1_5171	iLJ478.TM0010	31.8	88	55	1	21	108	18	100	1.26e-09	53.5
lcl|CP015118.1_prot_ARN23112.1_5173	iSynCJ816.SGL_RS03055	36.1	144	84	3	5	141	3	145	9.20e-16	70.1
lcl|CP015118.1_prot_ARN23113.1_5174	iPC815.YPO3771	64.6	328	116	0	4	331	6	333	1.28e-145	414
lcl|CP015118.1_prot_ARN23113.1_5174	iCN718.ABAYE_RS14480	61.6	328	125	1	5	332	8	334	1.41e-134	385
lcl|CP015118.1_prot_ARN23114.1_5175	iSynCJ816.SGL_RS16695	37.0	108	68	0	262	369	274	381	7.47e-17	80.9
lcl|CP015118.1_prot_ARN23119.1_5180	iAF987.Gmet_1914	30.4	112	74	2	1	111	1	109	2.01e-06	47.4
lcl|CP015118.1_prot_ARN23126.1_5188	iCN718.ABAYE_RS04670	44.9	365	163	7	37	389	39	377	1.03e-94	288
lcl|CP015118.1_prot_ARN23127.1_5189	iML1515.b4337	25.2	258	188	1	21	273	27	284	6.34e-10	60.1
lcl|CP015118.1_prot_ARN23128.1_5190	iAF987.Gmet_1914	32.4	102	68	1	577	678	4	104	6.14e-09	58.5
lcl|CP015118.1_prot_ARN24066.1_5191	iAF987.Gmet_1914	36.3	102	63	2	21	120	3	104	8.33e-10	55.1
lcl|CP015118.1_prot_ARN23129.1_5192	iJN1463.PP_3073	32.9	258	161	4	5	258	3	252	2.17e-27	105
lcl|CP015118.1_prot_ARN23129.1_5192	iML1515.b1619	31.9	263	158	4	5	263	9	254	1.58e-26	103
lcl|CP015118.1_prot_ARN23129.1_5192	iYO844.BSU15910	30.4	260	161	3	5	260	2	245	1.00e-24	98.6
lcl|CP015118.1_prot_ARN23129.1_5192	iHN637.CLJU_RS20765	30.9	262	151	6	8	260	7	247	2.02e-24	97.8
lcl|CP015118.1_prot_ARN23129.1_5192	iCN900.CD630_25770	28.8	257	163	4	8	260	4	244	3.71e-24	97.1
lcl|CP015118.1_prot_ARN23131.1_5194	iYO844.BSU14890	27.1	96	66	2	186	277	257	352	6.14e-06	46.6
lcl|CP015118.1_prot_ARN23132.1_5195	iYO844.BSU14890	31.7	104	62	4	22	118	251	352	7.53e-09	51.6
lcl|CP015118.1_prot_ARN23133.1_5196	iYO844.BSU14890	30.3	201	130	3	83	274	130	329	7.29e-28	110
lcl|CP015118.1_prot_ARN23134.1_5197	iYO844.BSU14900	42.8	516	289	3	24	535	16	529	7.15e-137	419
lcl|CP015118.1_prot_ARN23136.1_5199	iPC815.YPO0364	53.9	284	125	2	1	278	1	284	1.14e-99	293
lcl|CP015118.1_prot_ARN23136.1_5199	iYL1228.KPN_04557	58.2	251	99	2	10	254	10	260	3.89e-94	280
lcl|CP015118.1_prot_ARN23136.1_5199	STM_v1_0.STM4348	57.0	251	102	2	10	254	10	260	3.84e-92	275
lcl|CP015118.1_prot_ARN23136.1_5199	iML1515.b4160	57.0	251	102	2	10	254	10	260	5.44e-92	275
lcl|CP015118.1_prot_ARN23136.1_5199	iSbBS512_1146.SbBS512_E4692	57.0	251	102	2	10	254	10	260	5.44e-92	275
lcl|CP015118.1_prot_ARN23136.1_5199	iSDY_1059.SDY_4432	57.0	251	102	2	10	254	10	260	5.44e-92	275
lcl|CP015118.1_prot_ARN23136.1_5199	iSF_1195.SF4318	57.0	251	102	2	10	254	10	260	5.44e-92	275
lcl|CP015118.1_prot_ARN23136.1_5199	iSSON_1240.SSON_4345	57.0	251	102	2	10	254	10	260	5.44e-92	275
lcl|CP015118.1_prot_ARN23136.1_5199	iJN1463.PP_4908	54.8	259	111	3	1	254	1	258	9.36e-90	268
lcl|CP015118.1_prot_ARN23137.1_5200	iJN1463.PP_0944	74.4	454	113	1	8	461	5	455	9.54e-229	634
lcl|CP015118.1_prot_ARN23141.1_5204	iJN1463.PP_0867	22.8	518	339	19	61	532	142	644	6.04e-11	65.5
lcl|CP015118.1_prot_ARN23141.1_5204	iSSON_1240.SSON_4463	21.2	586	343	22	62	579	135	669	4.05e-10	62.8
lcl|CP015118.1_prot_ARN23141.1_5204	iML1515.b4291	20.4	637	388	23	62	626	135	724	7.02e-10	62.0
lcl|CP015118.1_prot_ARN23141.1_5204	iSDY_1059.SDY_4297	20.4	637	388	23	62	626	135	724	7.02e-10	62.0
lcl|CP015118.1_prot_ARN23144.1_5207	iLB1027_lipid.PHATRDRAFT_10852	29.4	143	85	5	87	216	28	167	1.44e-05	44.7
lcl|CP015118.1_prot_ARN23145.1_5208	iYL1228.KPN_04850	34.0	215	128	4	6	211	3	212	5.74e-29	107
lcl|CP015118.1_prot_ARN23145.1_5208	STM_v1_0.STM4585	32.6	215	131	4	6	211	3	212	4.76e-27	102
lcl|CP015118.1_prot_ARN23145.1_5208	iSbBS512_1146.SbBS512_E4944	33.8	216	127	6	6	211	3	212	1.85e-26	101
lcl|CP015118.1_prot_ARN23145.1_5208	iSF_1195.SF4427	33.8	216	127	6	6	211	3	212	1.85e-26	101
lcl|CP015118.1_prot_ARN23145.1_5208	iSSON_1240.SSON_4545	33.8	216	127	6	6	211	3	212	1.85e-26	101
lcl|CP015118.1_prot_ARN23145.1_5208	iSDY_1059.SDY_4656	33.3	216	128	6	6	211	3	212	7.16e-26	99.8
lcl|CP015118.1_prot_ARN23148.1_5211	iAF987.Gmet_0987	43.9	478	261	5	211	681	313	790	3.82e-118	372
lcl|CP015118.1_prot_ARN23148.1_5211	iAF987.Gmet_0957	43.8	445	247	3	242	683	181	625	2.57e-117	365
lcl|CP015118.1_prot_ARN23148.1_5211	iAF987.Gmet_2629	42.8	474	251	5	211	665	323	795	1.44e-112	358
lcl|CP015118.1_prot_ARN23148.1_5211	iJN1463.PP_3581	44.9	430	236	1	249	677	255	684	9.56e-113	355
lcl|CP015118.1_prot_ARN23148.1_5211	iAF987.Gmet_0700	43.2	449	253	2	231	677	369	817	1.25e-108	347
lcl|CP015118.1_prot_ARN23148.1_5211	iAF987.Gmet_3085	36.6	596	351	11	85	665	288	871	1.10e-107	347
lcl|CP015118.1_prot_ARN23148.1_5211	iAF987.Gmet_0782	44.3	427	236	2	240	664	285	711	1.81e-108	345
lcl|CP015118.1_prot_ARN23149.1_5212	iAF987.Gmet_3275	25.1	179	133	1	181	358	212	390	1.61e-18	87.0
lcl|CP015118.1_prot_ARN23149.1_5212	iAF987.Gmet_0018	26.1	207	149	2	136	339	262	467	1.08e-16	81.6
lcl|CP015118.1_prot_ARN23150.1_5213	iYL1228.KPN_01540	74.5	400	102	0	1	400	2	401	5.17e-205	569
lcl|CP015118.1_prot_ARN23150.1_5213	iJN1463.PP_3280	72.4	399	109	1	2	399	7	405	7.12e-197	549
lcl|CP015118.1_prot_ARN23150.1_5213	iJN1463.PP_1377	70.8	401	115	2	1	400	1	400	1.80e-193	540
lcl|CP015118.1_prot_ARN23150.1_5213	iCN718.ABAYE_RS08895	67.3	401	130	1	1	400	1	401	1.14e-190	533
lcl|CP015118.1_prot_ARN23150.1_5213	iCN718.ABAYE_RS08700	66.3	401	134	1	1	400	3	403	1.04e-188	528
lcl|CP015118.1_prot_ARN23150.1_5213	iML1515.b1397	68.1	401	127	1	1	400	1	401	2.86e-183	514
lcl|CP015118.1_prot_ARN23152.1_5215	iEK1008.Rv3592	33.3	42	27	1	30	71	30	70	4.49e-04	36.2
lcl|CP015118.1_prot_ARN23153.1_5216	iJN1463.PP_0926	22.9	315	215	7	13	321	17	309	7.06e-10	58.9
lcl|CP015118.1_prot_ARN23153.1_5216	iJN1463.PP_3561	25.3	296	182	10	7	291	16	283	9.48e-10	58.5
lcl|CP015118.1_prot_ARN24067.1_5219	iCHOv1.100760424	37.9	145	81	3	20	160	3758	3897	6.59e-24	97.1
lcl|CP015118.1_prot_ARN23156.1_5220	iEK1008.Rv3279c	32.5	277	135	9	23	291	30	262	6.34e-22	92.4
lcl|CP015118.1_prot_ARN23158.1_5222	iPC815.YPO2157	74.4	332	84	1	1	332	4	334	9.22e-179	497
lcl|CP015118.1_prot_ARN23158.1_5222	iYL1228.KPN_01197	72.6	332	90	1	1	332	1	331	1.51e-174	486
lcl|CP015118.1_prot_ARN23158.1_5222	iML1515.b1779	72.6	332	90	1	1	332	1	331	1.75e-173	484
lcl|CP015118.1_prot_ARN23158.1_5222	iSbBS512_1146.SbBS512_E2026	72.6	332	90	1	1	332	1	331	1.75e-173	484
lcl|CP015118.1_prot_ARN23158.1_5222	iSDY_1059.SDY_1488	72.6	332	90	1	1	332	1	331	1.75e-173	484
lcl|CP015118.1_prot_ARN23158.1_5222	iSF_1195.SF1444	72.6	332	90	1	1	332	1	331	1.75e-173	484
lcl|CP015118.1_prot_ARN23158.1_5222	iSSON_1240.SSON_1384	72.6	332	90	1	1	332	1	331	1.75e-173	484
lcl|CP015118.1_prot_ARN23158.1_5222	STM_v1_0.STM1290	72.3	332	91	1	1	332	1	331	3.54e-173	483
lcl|CP015118.1_prot_ARN23159.1_5223	iJN1463.PP_4965	59.7	678	234	9	14	674	8	663	3.02e-276	772
lcl|CP015118.1_prot_ARN23159.1_5223	iPC815.YPO0926	59.5	667	255	6	13	674	7	663	3.15e-273	764
lcl|CP015118.1_prot_ARN23159.1_5223	STM_v1_0.STM3076	58.3	667	263	6	13	674	7	663	8.12e-271	758
lcl|CP015118.1_prot_ARN23159.1_5223	iYL1228.KPN_03357	58.0	667	266	6	13	674	7	664	2.40e-270	757
lcl|CP015118.1_prot_ARN23159.1_5223	iYL1228.KPN_01127	58.0	666	266	6	14	674	12	668	7.88e-270	756
lcl|CP015118.1_prot_ARN23159.1_5223	iML1515.b2935	57.9	667	266	6	13	674	7	663	1.53e-268	752
lcl|CP015118.1_prot_ARN23159.1_5223	iSbBS512_1146.SbBS512_E3367	57.7	667	267	6	13	674	7	663	2.17e-268	752
lcl|CP015118.1_prot_ARN23159.1_5223	iSDY_1059.SDY_3141	57.7	667	267	6	13	674	7	663	1.24e-267	750
lcl|CP015118.1_prot_ARN23159.1_5223	iCN718.ABAYE_RS10795	58.0	664	259	9	13	671	10	658	3.72e-259	728
lcl|CP015118.1_prot_ARN23159.1_5223	iYL1228.KPN_02799	56.2	667	277	6	13	674	6	662	8.02e-259	728
lcl|CP015118.1_prot_ARN23159.1_5223	STM_v1_0.STM2474	55.3	667	283	6	13	674	6	662	3.73e-255	718
lcl|CP015118.1_prot_ARN23159.1_5223	iSSON_1240.SSON_2545	55.7	668	281	6	13	675	6	663	1.10e-254	717
lcl|CP015118.1_prot_ARN23159.1_5223	iML1515.b2465	55.7	668	281	6	13	675	6	663	1.56e-254	717
lcl|CP015118.1_prot_ARN23159.1_5223	iSF_1195.SF2507	55.7	668	281	6	13	675	6	663	4.45e-254	716
lcl|CP015118.1_prot_ARN23161.1_5225	iLJ478.TM0655	36.8	87	52	2	3	89	5	88	2.65e-12	58.9
lcl|CP015118.1_prot_ARN23161.1_5225	iHN637.CLJU_RS10460	36.6	82	49	2	3	84	5	83	1.35e-11	57.0
lcl|CP015118.1_prot_ARN23162.1_5226	iSynCJ816.SGL_RS11220	39.3	122	62	3	5	118	1	118	2.65e-19	85.5
lcl|CP015118.1_prot_ARN23162.1_5226	iAF692.Mbar_A1937	28.3	254	146	8	5	239	1	237	1.15e-17	80.9
lcl|CP015118.1_prot_ARN23164.1_5228	iYS854.USA300HOU_RS08170	26.6	289	154	6	157	445	114	344	2.74e-22	97.4
lcl|CP015118.1_prot_ARN23165.1_5229	iCHOv1.100763379	41.9	74	40	1	53	123	8	81	7.21e-04	42.0
lcl|CP015118.1_prot_ARN23166.1_5230	iEK1008.Rv2601	38.2	508	294	10	18	511	21	522	4.72e-91	287
lcl|CP015118.1_prot_ARN23174.1_5238	iJN1463.PP_5199	35.0	409	223	12	9	400	5	387	8.94e-45	159
lcl|CP015118.1_prot_ARN23174.1_5238	STM_v1_0.STM3057	34.2	406	229	10	9	398	2	385	2.14e-43	155
lcl|CP015118.1_prot_ARN23174.1_5238	iYL1228.KPN_03343	32.8	406	235	9	9	398	2	385	2.22e-40	147
lcl|CP015118.1_prot_A4W93_26535_5239	iCN900.CD630_04870	34.2	263	168	3	3	264	6	264	6.71e-52	170
lcl|CP015118.1_prot_A4W93_26535_5239	iCHOv1.100756446	36.1	263	163	3	3	264	52	310	2.04e-49	165
lcl|CP015118.1_prot_A4W93_26535_5239	iLB1027_lipid.PHATRDRAFT_15536	36.4	280	153	8	3	259	20	297	3.88e-47	159
lcl|CP015118.1_prot_ARN23176.1_5242	STM_v1_0.STM1517	26.7	303	202	7	11	306	9	298	5.27e-11	62.0
lcl|CP015118.1_prot_ARN23177.1_5243	iAF987.Gmet_0922	51.9	131	62	1	24	154	354	483	3.53e-38	135
lcl|CP015118.1_prot_ARN23177.1_5243	iML1515.b3052	50.7	134	65	1	22	155	340	472	2.21e-36	130
lcl|CP015118.1_prot_ARN23177.1_5243	STM_v1_0.STM3200	50.7	134	65	1	22	155	340	472	2.21e-36	130
lcl|CP015118.1_prot_ARN23177.1_5243	iSbBS512_1146.SbBS512_E3483	50.7	134	65	1	22	155	340	472	2.21e-36	130
lcl|CP015118.1_prot_ARN23177.1_5243	iSDY_1059.SDY_3235	50.7	134	65	1	22	155	340	472	2.21e-36	130
lcl|CP015118.1_prot_ARN23177.1_5243	iSF_1195.SF3093	50.0	134	66	1	22	155	340	472	1.59e-35	127
lcl|CP015118.1_prot_ARN23177.1_5243	iSSON_1240.SSON_3189	50.0	134	66	1	22	155	340	472	1.59e-35	127
lcl|CP015118.1_prot_ARN23177.1_5243	iJN1463.PP_4934	47.8	134	69	1	22	155	339	471	2.94e-35	127
lcl|CP015118.1_prot_ARN23177.1_5243	iPC815.YPO0654	48.5	134	68	1	22	155	340	472	4.23e-35	126
lcl|CP015118.1_prot_ARN23177.1_5243	iIT341.HP0858	42.5	134	72	2	22	155	328	456	2.57e-33	121
lcl|CP015118.1_prot_ARN23179.1_5245	iJN1463.PP_1686	46.3	160	83	3	24	182	41	198	6.25e-45	147
lcl|CP015118.1_prot_ARN23179.1_5245	iSynCJ816.SGL_RS11045	47.4	154	69	3	39	182	18	169	3.51e-42	139
lcl|CP015118.1_prot_ARN23179.1_5245	iCN718.ABAYE_RS11095	48.3	145	68	3	43	182	17	159	7.87e-42	137
lcl|CP015118.1_prot_ARN23179.1_5245	iJN1463.PP_1874	49.7	145	66	2	43	182	18	160	1.15e-41	137
lcl|CP015118.1_prot_ARN23182.1_5248	iJN1463.PP_2734	41.0	366	207	7	40	400	16	377	1.52e-75	239
lcl|CP015118.1_prot_ARN23185.1_5251	iYL1228.KPN_01091	28.7	188	133	1	9	195	2	189	8.07e-17	77.0
lcl|CP015118.1_prot_ARN23185.1_5251	iML1515.b1093	28.8	191	129	3	9	195	2	189	1.54e-16	76.3
lcl|CP015118.1_prot_ARN23185.1_5251	iSbBS512_1146.SbBS512_E2231	28.8	191	129	3	9	195	2	189	1.54e-16	76.3
lcl|CP015118.1_prot_ARN23185.1_5251	iSF_1195.SF1097	28.8	191	129	3	9	195	2	189	1.54e-16	76.3
lcl|CP015118.1_prot_ARN23185.1_5251	iSSON_1240.SSON_1113	28.8	191	129	3	9	195	2	189	1.54e-16	76.3
lcl|CP015118.1_prot_ARN23185.1_5251	iAF987.Gmet_1601	31.3	192	122	3	12	196	5	193	3.01e-16	75.5
lcl|CP015118.1_prot_ARN23185.1_5251	iEK1008.Rv1928c	30.3	195	129	5	7	194	6	200	8.95e-16	74.3
lcl|CP015118.1_prot_ARN23185.1_5251	STM_v1_0.STM1195	28.9	190	130	3	9	195	2	189	2.01e-15	73.2
lcl|CP015118.1_prot_ARN23185.1_5251	iSDY_1059.SDY_2057	28.3	191	130	3	9	195	2	189	3.81e-15	72.4
lcl|CP015118.1_prot_ARN23185.1_5251	iSynCJ816.SGL_RS07245	31.4	204	134	4	7	205	1	203	7.50e-15	71.6
lcl|CP015118.1_prot_ARN23185.1_5251	iPC815.YPO1599	28.2	188	134	1	9	195	2	189	9.91e-15	71.2
lcl|CP015118.1_prot_ARN23186.1_5252	iML1515.b3816	46.6	320	166	4	1	319	1	316	8.36e-87	263
lcl|CP015118.1_prot_ARN23186.1_5252	iSbBS512_1146.SbBS512_E4281	46.6	320	166	4	1	319	1	316	8.36e-87	263
lcl|CP015118.1_prot_ARN23186.1_5252	iSDY_1059.SDY_3929	46.6	320	166	4	1	319	1	316	8.36e-87	263
lcl|CP015118.1_prot_ARN23186.1_5252	iSF_1195.SF3894	46.6	320	166	4	1	319	1	316	8.36e-87	263
lcl|CP015118.1_prot_ARN23186.1_5252	iSSON_1240.SSON_3991	46.6	320	166	4	1	319	1	316	8.36e-87	263
lcl|CP015118.1_prot_ARN23186.1_5252	iYL1228.KPN_04313	45.9	320	168	4	1	319	17	332	7.84e-86	261
lcl|CP015118.1_prot_ARN23186.1_5252	STM_v1_0.STM3952	46.3	320	167	4	1	319	1	316	9.52e-86	260
lcl|CP015118.1_prot_ARN23186.1_5252	iPC815.YPO3837	44.7	320	172	4	1	319	1	316	2.17e-84	256
lcl|CP015118.1_prot_ARN23188.1_5254	iNF517.LLMG_RS07900	27.5	142	102	1	7	147	6	147	1.12e-11	61.2
lcl|CP015118.1_prot_ARN23188.1_5254	iYS854.USA300HOU_RS03780	24.8	145	108	1	3	146	2	146	2.09e-11	60.5
lcl|CP015118.1_prot_ARN23188.1_5254	iYO844.BSU14400	23.4	145	110	1	3	146	2	146	2.83e-11	60.1
lcl|CP015118.1_prot_ARN23188.1_5254	iCN900.CD630_22690	24.8	145	108	1	3	146	2	146	3.30e-10	57.0
lcl|CP015118.1_prot_ARN23188.1_5254	iSbBS512_1146.SbBS512_E0650	34.3	105	62	4	46	147	46	146	3.30e-10	57.0
lcl|CP015118.1_prot_ARN23188.1_5254	iML1515.b0731	34.3	105	62	4	46	147	66	166	4.51e-10	56.6
lcl|CP015118.1_prot_ARN23188.1_5254	iSSON_1240.SSON_0682	34.3	105	62	4	46	147	66	166	4.51e-10	56.6
lcl|CP015118.1_prot_ARN23189.1_5255	iYS854.USA300HOU_RS04115	31.4	303	201	3	5	307	1	296	2.58e-49	166
lcl|CP015118.1_prot_ARN23191.1_5258	iJN1463.PP_4725	62.3	265	97	2	6	268	3	266	1.04e-100	294
lcl|CP015118.1_prot_ARN23191.1_5258	iPC815.YPO0480	58.6	268	110	1	2	268	3	270	1.69e-98	289
lcl|CP015118.1_prot_ARN23191.1_5258	iYL1228.KPN_00039	57.8	268	112	1	2	268	3	270	5.57e-97	285
lcl|CP015118.1_prot_ARN23191.1_5258	STM_v1_0.STM0064	57.0	265	113	1	5	268	6	270	8.52e-94	277
lcl|CP015118.1_prot_ARN23191.1_5258	iML1515.b0031	57.0	265	113	1	5	268	6	270	2.43e-93	276
lcl|CP015118.1_prot_ARN23191.1_5258	iSSON_1240.SSON_0036	57.0	265	113	1	5	268	6	270	2.43e-93	276
lcl|CP015118.1_prot_ARN23191.1_5258	iSF_1195.SF0028	57.0	265	113	1	5	268	6	270	3.44e-93	275
lcl|CP015118.1_prot_ARN23191.1_5258	iSDY_1059.SDY_0053	56.6	265	114	1	5	268	6	270	9.81e-93	274
lcl|CP015118.1_prot_ARN23191.1_5258	iSbBS512_1146.SbBS512_E0035	56.6	265	114	1	5	268	6	270	2.80e-92	273
lcl|CP015118.1_prot_ARN23191.1_5258	iCN718.ABAYE_RS00740	55.0	269	119	2	1	268	1	268	3.70e-90	268
lcl|CP015118.1_prot_ARN23192.1_5259	iPC815.YPO0682	32.6	224	145	3	1	219	117	339	4.98e-29	110
lcl|CP015118.1_prot_ARN23192.1_5259	iYL1228.KPN_03426	33.0	200	131	2	4	201	6	204	2.30e-28	106
lcl|CP015118.1_prot_ARN23192.1_5259	STM_v1_0.STM3159	33.0	203	127	4	4	201	11	209	2.12e-26	101
lcl|CP015118.1_prot_ARN23192.1_5259	iML1515.b3006	33.0	200	131	2	4	201	11	209	5.84e-26	100
lcl|CP015118.1_prot_ARN23192.1_5259	iJN1463.PP_5306	30.2	212	143	2	4	213	93	301	2.30e-25	100
lcl|CP015118.1_prot_ARN23192.1_5259	iSDY_1059.SDY_3067	33.0	200	131	2	4	201	11	209	5.84e-26	100
lcl|CP015118.1_prot_ARN23192.1_5259	iSSON_1240.SSON_3149	33.0	200	131	2	4	201	11	209	5.84e-26	100
lcl|CP015118.1_prot_ARN23193.1_5260	iML1515.b3005	38.0	121	75	0	15	135	15	135	1.85e-18	76.3
lcl|CP015118.1_prot_ARN23193.1_5260	iSbBS512_1146.SbBS512_E3433	38.0	121	75	0	15	135	15	135	1.85e-18	76.3
lcl|CP015118.1_prot_ARN23193.1_5260	iSF_1195.SF3050	38.0	121	75	0	15	135	15	135	1.85e-18	76.3
lcl|CP015118.1_prot_ARN23193.1_5260	iSSON_1240.SSON_3148	38.0	121	75	0	15	135	15	135	1.85e-18	76.3
lcl|CP015118.1_prot_ARN23193.1_5260	iSDY_1059.SDY_3068	38.0	121	75	0	15	135	15	135	5.17e-18	75.1
lcl|CP015118.1_prot_ARN23193.1_5260	iJN1463.PP_5307	39.8	118	70	1	17	133	17	134	1.05e-17	74.3
lcl|CP015118.1_prot_ARN23193.1_5260	iYL1228.KPN_03425	38.0	121	75	0	15	135	15	135	4.03e-17	72.8
lcl|CP015118.1_prot_ARN23193.1_5260	iPC815.YPO0683	35.0	117	76	0	17	133	17	133	4.22e-17	72.8
lcl|CP015118.1_prot_ARN23193.1_5260	STM_v1_0.STM3158	36.4	121	77	0	15	135	15	135	7.99e-17	72.0
lcl|CP015118.1_prot_ARN23200.1_5267	iYL1228.KPN_04375	55.4	204	87	3	274	477	4	203	1.78e-59	194
lcl|CP015118.1_prot_ARN23200.1_5267	iLB1027_lipid.PHATRDRAFT_47293	34.2	538	268	16	6	468	41	567	2.27e-55	194
lcl|CP015118.1_prot_ARN23200.1_5267	iSDY_1059.SDY_3733	54.1	205	90	4	274	478	4	204	6.21e-56	185
lcl|CP015118.1_prot_ARN23200.1_5267	iSbBS512_1146.SbBS512_E4484	53.7	205	91	4	274	478	4	204	9.36e-55	182
lcl|CP015118.1_prot_ARN23200.1_5267	iSF_1195.SF4065	53.7	205	91	4	274	478	4	204	9.36e-55	182
lcl|CP015118.1_prot_ARN23200.1_5267	iSSON_1240.SSON_4166	52.7	205	93	3	274	478	4	204	9.36e-55	182
lcl|CP015118.1_prot_ARN23200.1_5267	iML1515.b3993	53.7	205	91	4	274	478	4	204	2.59e-54	181
lcl|CP015118.1_prot_ARN23200.1_5267	STM_v1_0.STM4163	53.4	204	91	4	274	477	4	203	3.63e-54	180
lcl|CP015118.1_prot_ARN23200.1_5267	iPC815.YPO3740	49.5	200	97	3	283	482	13	208	2.38e-52	176
lcl|CP015118.1_prot_ARN23201.1_5268	iSynCJ816.SGL_RS14260	43.6	257	134	3	8	256	400	653	3.51e-59	198
lcl|CP015118.1_prot_ARN23201.1_5268	iEK1008.Rv0417	47.1	255	128	3	1	253	1	250	1.43e-62	196
lcl|CP015118.1_prot_ARN23201.1_5268	iAF987.Gmet_2934	42.2	249	143	1	8	256	10	257	2.06e-61	194
lcl|CP015118.1_prot_ARN23201.1_5268	iYL1228.KPN_04372	44.6	251	133	3	8	256	4	250	5.86e-60	190
lcl|CP015118.1_prot_ARN23201.1_5268	iSbBS512_1146.SbBS512_E4481	42.2	249	142	2	8	256	4	250	2.65e-58	186
lcl|CP015118.1_prot_ARN23201.1_5268	iSDY_1059.SDY_3736	42.2	249	142	2	8	256	29	275	5.49e-58	186
lcl|CP015118.1_prot_ARN23201.1_5268	iSSON_1240.SSON_4163	42.2	249	142	2	8	256	29	275	5.49e-58	186
lcl|CP015118.1_prot_ARN23201.1_5268	iML1515.b3991	42.2	249	142	2	8	256	4	250	3.74e-58	185
lcl|CP015118.1_prot_ARN23201.1_5268	STM_v1_0.STM4160	42.6	249	141	2	8	256	4	250	5.97e-57	182
lcl|CP015118.1_prot_ARN23201.1_5268	iSF_1195.SF4063	41.4	249	144	2	8	256	29	275	1.23e-56	182
lcl|CP015118.1_prot_ARN23202.1_5269	iML1515.b4407	30.8	65	45	0	4	68	2	66	1.32e-06	40.8
lcl|CP015118.1_prot_ARN23202.1_5269	iJN1463.PP_5105	40.3	67	36	3	4	68	28	92	3.16e-06	40.4
lcl|CP015118.1_prot_ARN23202.1_5269	iSDY_1059.SDY_3735	42.9	35	20	0	34	68	32	66	3.76e-06	39.7
lcl|CP015118.1_prot_ARN23202.1_5269	iAF987.Gmet_2933	31.3	64	43	1	5	68	3	65	5.22e-06	39.3
lcl|CP015118.1_prot_ARN23202.1_5269	iSynCJ816.SGL_RS13810	33.8	65	41	2	5	68	8	71	5.91e-06	39.3
lcl|CP015118.1_prot_ARN23203.1_5270	iSynCJ816.SGL_RS14260	24.4	324	209	8	35	342	37	340	8.82e-10	59.7
lcl|CP015118.1_prot_ARN23204.1_5271	iJN1463.PP_4922	71.5	614	161	4	21	633	23	623	0.0	893
lcl|CP015118.1_prot_ARN23204.1_5271	STM_v1_0.STM4164	66.2	639	191	4	8	634	1	626	2.90e-312	860
lcl|CP015118.1_prot_ARN23204.1_5271	iYL1228.KPN_04376	68.2	613	182	2	22	634	27	626	3.36e-311	857
lcl|CP015118.1_prot_ARN23204.1_5271	iSbBS512_1146.SbBS512_E4485	68.2	613	182	3	22	634	27	626	4.76e-311	857
lcl|CP015118.1_prot_ARN23204.1_5271	iSSON_1240.SSON_4167	68.5	613	180	3	22	634	27	626	4.76e-311	857
lcl|CP015118.1_prot_ARN23204.1_5271	iML1515.b3994	68.4	613	181	3	22	634	27	626	9.59e-311	856
lcl|CP015118.1_prot_ARN23204.1_5271	iSF_1195.SF4066	68.5	613	180	3	22	634	27	626	9.59e-311	856
lcl|CP015118.1_prot_ARN23204.1_5271	iCN718.ABAYE_RS17505	67.2	625	184	5	9	633	19	622	1.03e-308	851
lcl|CP015118.1_prot_ARN23204.1_5271	iSDY_1059.SDY_3732	68.2	613	182	3	22	634	27	626	5.22e-308	849
lcl|CP015118.1_prot_ARN23204.1_5271	iPC815.YPO3739	65.1	627	202	2	22	633	42	666	1.43e-303	840
lcl|CP015118.1_prot_ARN23204.1_5271	iYO844.BSU08790	65.2	617	166	6	22	633	17	589	1.18e-296	819
lcl|CP015118.1_prot_ARN23207.1_5274	iJN1463.PP_4794	55.5	881	368	9	1	872	1	866	0.0	979
lcl|CP015118.1_prot_ARN23207.1_5274	iCN718.ABAYE_RS16150	54.0	881	385	9	1	873	6	874	0.0	935
lcl|CP015118.1_prot_ARN23212.1_5279	iML1515.b2700	53.6	140	65	0	25	164	16	155	3.91e-39	130
lcl|CP015118.1_prot_ARN23212.1_5279	iJN1463.PP_1628	54.7	137	61	1	32	168	21	156	5.69e-35	119
lcl|CP015118.1_prot_ARN23213.1_5280	iJN1463.PP_0520	40.7	162	84	3	24	185	17	166	4.60e-31	110
lcl|CP015118.1_prot_ARN23213.1_5280	iSDY_1059.SDY_0316	37.7	151	83	2	22	172	14	153	7.92e-27	99.8
lcl|CP015118.1_prot_ARN23214.1_5281	iPC815.YPO3180	46.8	327	161	8	3	320	2	324	1.38e-77	239
lcl|CP015118.1_prot_ARN23214.1_5281	STM_v1_0.STM0419	45.3	327	162	8	3	318	2	322	4.87e-77	238
lcl|CP015118.1_prot_ARN23214.1_5281	iYL1228.KPN_00369	44.9	325	166	7	3	318	2	322	1.86e-73	229
lcl|CP015118.1_prot_ARN23214.1_5281	iML1515.b0417	45.4	324	166	6	3	318	2	322	8.88e-72	224
lcl|CP015118.1_prot_ARN23214.1_5281	iSbBS512_1146.SbBS512_E0338	45.4	324	166	6	3	318	2	322	8.88e-72	224
lcl|CP015118.1_prot_ARN23214.1_5281	iSF_1195.SF0354	45.4	324	166	6	3	318	2	322	1.77e-71	224
lcl|CP015118.1_prot_ARN23214.1_5281	iSSON_1240.SSON_0394	45.4	324	166	6	3	318	2	322	1.77e-71	224
lcl|CP015118.1_prot_ARN23214.1_5281	iSDY_1059.SDY_0317	45.1	324	167	6	3	318	2	322	9.98e-71	222
lcl|CP015118.1_prot_ARN23214.1_5281	iCN718.ABAYE_RS01005	40.7	317	173	6	4	318	1	304	4.94e-69	217
lcl|CP015118.1_prot_ARN23214.1_5281	iJN1463.PP_0519	43.2	324	171	4	4	319	1	319	1.15e-68	216
lcl|CP015118.1_prot_ARN23215.1_5282	iAF987.Gmet_1919	30.9	136	75	4	11	145	2	119	1.80e-08	53.5
lcl|CP015118.1_prot_ARN23215.1_5282	iAF987.Gmet_1914	39.0	59	34	1	74	132	49	105	7.28e-07	48.9
lcl|CP015118.1_prot_ARN23217.1_5284	iPC815.YPO3034	62.4	758	282	3	10	765	4	760	0.0	907
lcl|CP015118.1_prot_ARN23217.1_5284	iYL1228.KPN_02797	61.5	753	287	3	10	761	4	754	0.0	898
lcl|CP015118.1_prot_ARN23217.1_5284	iCN718.ABAYE_RS06135	61.9	751	279	5	11	760	6	750	0.0	895
lcl|CP015118.1_prot_ARN23217.1_5284	iML1515.b2463	62.3	753	281	3	10	761	4	754	0.0	894
lcl|CP015118.1_prot_ARN23217.1_5284	iSbBS512_1146.SbBS512_E2829	62.2	753	282	3	10	761	4	754	0.0	894
lcl|CP015118.1_prot_ARN23217.1_5284	iSF_1195.SF2505	62.3	753	281	3	10	761	4	754	0.0	892
lcl|CP015118.1_prot_ARN23217.1_5284	iSDY_1059.SDY_2645	62.2	753	282	3	10	761	4	754	0.0	892
lcl|CP015118.1_prot_ARN23217.1_5284	iSSON_1240.SSON_2543	62.2	753	282	3	10	761	4	754	0.0	892
lcl|CP015118.1_prot_ARN23217.1_5284	STM_v1_0.STM2472	62.0	753	283	3	10	761	4	754	0.0	891
lcl|CP015118.1_prot_ARN24070.1_5287	iAM_Pv461.PVX_101390	30.5	187	129	1	32	217	273	459	5.44e-23	97.1
lcl|CP015118.1_prot_ARN24070.1_5287	iAM_Pv461.PVX_085660	30.1	219	140	2	1	213	76	287	4.38e-23	96.7
lcl|CP015118.1_prot_ARN24070.1_5287	iAM_Pc455.PCYB_147430	30.4	191	132	1	32	221	93	283	2.87e-23	96.3
lcl|CP015118.1_prot_ARN24070.1_5287	iAM_Pb448.PBANKA_146280	31.0	187	128	1	32	217	224	410	1.55e-22	95.5
lcl|CP015118.1_prot_ARN24070.1_5287	iAM_Pf480.PF3D7_1249900	29.6	196	132	2	32	221	388	583	3.88e-20	89.0
lcl|CP015118.1_prot_ARN24071.1_5289	iSbBS512_1146.SbBS512_E0048	25.8	765	503	16	49	776	45	781	7.53e-63	225
lcl|CP015118.1_prot_ARN24071.1_5289	iML1515.b0054	26.0	768	497	18	49	776	45	781	1.03e-62	224
lcl|CP015118.1_prot_ARN24071.1_5289	iSSON_1240.SSON_0062	26.0	768	497	18	49	776	45	781	1.03e-62	224
lcl|CP015118.1_prot_ARN24071.1_5289	iSF_1195.SF0051	25.9	768	498	18	49	776	45	781	6.73e-62	222
lcl|CP015118.1_prot_ARN24071.1_5289	iSDY_1059.SDY_0079	25.9	768	498	18	49	776	45	781	4.38e-61	220
lcl|CP015118.1_prot_A4W93_26815_5295	iAF987.Gmet_2349	32.1	477	306	7	131	602	106	569	5.48e-66	225
lcl|CP015118.1_prot_A4W93_26815_5295	iJN1463.PP_4935	41.8	318	166	6	287	598	284	588	1.03e-63	220
lcl|CP015118.1_prot_A4W93_26815_5295	iEK1008.Rv1348	46.1	245	124	3	360	604	610	846	1.78e-59	213
lcl|CP015118.1_prot_A4W93_26815_5295	iPC815.YPO1395	45.9	257	132	3	349	604	331	581	2.49e-60	210
lcl|CP015118.1_prot_A4W93_26815_5295	iML1515.b0914	43.4	281	143	5	332	604	309	581	1.77e-59	208
lcl|CP015118.1_prot_A4W93_26815_5295	iSbBS512_1146.SbBS512_E2410	43.4	281	143	5	332	604	309	581	1.77e-59	208
lcl|CP015118.1_prot_A4W93_26815_5295	iSDY_1059.SDY_2344	43.4	281	143	5	332	604	309	581	1.77e-59	208
lcl|CP015118.1_prot_A4W93_26815_5295	iSF_1195.SF0910	43.4	281	143	5	332	604	309	581	1.77e-59	208
lcl|CP015118.1_prot_A4W93_26815_5295	iYL1228.KPN_00941	45.2	259	131	4	349	604	331	581	2.45e-59	207
lcl|CP015118.1_prot_A4W93_26815_5295	iSSON_1240.SSON_0916	43.4	281	143	5	332	604	309	581	2.45e-59	207
lcl|CP015118.1_prot_A4W93_26815_5295	STM_v1_0.STM0984	45.6	259	130	4	349	604	331	581	3.39e-59	207
lcl|CP015118.1_prot_A4W93_26815_5295	iPC815.YPO1914	33.6	432	260	8	180	602	167	580	9.04e-59	206
lcl|CP015118.1_prot_ARN24073.1_5299	iJN1463.PP_2647	42.9	361	205	1	1	360	24	384	2.06e-76	241
lcl|CP015118.1_prot_ARN23229.1_5301	iAF692.Mbar_A0269	34.2	301	192	3	21	317	25	323	5.58e-54	179
lcl|CP015118.1_prot_ARN23231.1_5303	iAF987.Gmet_2020	34.0	524	311	7	2	507	7	513	2.08e-94	296
lcl|CP015118.1_prot_ARN23232.1_5304	iNF517.LLMG_RS12590	32.1	620	375	15	1	608	1	586	1.37e-85	280
lcl|CP015118.1_prot_ARN23232.1_5304	iYO844.BSU30540	33.3	577	349	15	1	568	1	550	6.90e-82	270
lcl|CP015118.1_prot_ARN23232.1_5304	iAF987.Gmet_2172	31.9	652	378	18	1	605	1	633	2.06e-80	267
lcl|CP015118.1_prot_ARN23234.1_5306	iMM1415.17252	40.4	297	157	5	18	312	32	310	1.20e-55	182
lcl|CP015118.1_prot_ARN23234.1_5306	iCHOv1.100759877	40.4	297	157	5	18	312	32	310	5.19e-54	178
lcl|CP015118.1_prot_ARN23234.1_5306	iMM1415.77974	40.2	291	154	5	24	312	39	311	1.03e-53	177
lcl|CP015118.1_prot_ARN23234.1_5306	iCHOv1.100759583	40.2	291	154	5	24	312	39	311	1.13e-52	175
lcl|CP015118.1_prot_ARN23236.1_5308	iYS854.USA300HOU_RS11455	46.9	473	245	5	1	471	1	469	3.17e-130	385
lcl|CP015118.1_prot_ARN23238.1_5310	iJN1463.PP_2432	35.8	212	117	6	10	208	10	215	2.63e-30	110
lcl|CP015118.1_prot_ARN23239.1_5311	iEK1008.Rv0183	40.0	255	140	6	28	278	33	278	5.33e-46	155
lcl|CP015118.1_prot_ARN23241.1_5313	iJN1463.PP_5098	48.5	194	95	2	2	190	6	199	3.59e-59	184
lcl|CP015118.1_prot_ARN23242.1_5314	iJN1463.PP_5097	63.4	358	131	0	3	360	9	366	3.75e-172	484
lcl|CP015118.1_prot_ARN23243.1_5315	iJN1463.PP_3427	33.7	475	289	7	12	485	12	461	3.88e-59	201
lcl|CP015118.1_prot_ARN23245.1_5318	iEK1008.Rv2936	35.4	246	146	4	337	569	8	253	2.07e-38	144
lcl|CP015118.1_prot_ARN23245.1_5318	iCN900.CD630_16140	36.0	225	139	3	348	569	36	258	2.66e-37	139
lcl|CP015118.1_prot_ARN23245.1_5318	iYO844.BSU02750	32.1	246	157	5	336	573	1	244	1.08e-35	134
lcl|CP015118.1_prot_A4W93_26945_5321	iLJ478.TM0076	29.1	578	310	16	147	669	111	643	3.62e-48	183
lcl|CP015118.1_prot_A4W93_26945_5321	iSDY_1059.SDY_2156	26.7	641	364	19	49	648	33	608	8.48e-46	176
lcl|CP015118.1_prot_A4W93_26945_5321	iJN1463.PP_1403	26.4	682	375	20	50	668	30	647	1.50e-45	175
lcl|CP015118.1_prot_A4W93_26945_5321	iYL1228.KPN_02568	26.1	693	399	20	49	686	33	667	2.03e-45	175
lcl|CP015118.1_prot_A4W93_26945_5321	iML1515.b2132	26.5	641	365	19	49	648	33	608	2.72e-45	174
lcl|CP015118.1_prot_A4W93_26945_5321	iSbBS512_1146.SbBS512_E0841	26.5	641	365	19	49	648	33	608	2.72e-45	174
lcl|CP015118.1_prot_A4W93_26945_5321	iSSON_1240.SSON_2189	26.1	641	368	18	49	648	33	608	8.72e-45	173
lcl|CP015118.1_prot_A4W93_26945_5321	iSF_1195.SF2217	26.4	641	366	19	49	648	33	608	1.17e-44	172
lcl|CP015118.1_prot_ARN23249.1_5323	iAF987.Gmet_2999	43.3	120	68	0	7	126	10	129	2.70e-24	100
lcl|CP015118.1_prot_ARN23250.1_5324	iAF987.Gmet_0043	26.1	372	244	10	681	1042	37	387	2.72e-22	102
lcl|CP015118.1_prot_ARN23251.1_5325	iSynCJ816.SGL_RS11810	51.7	379	167	6	45	413	46	418	2.37e-120	357
lcl|CP015118.1_prot_ARN23252.1_5326	iJN1463.PP_4842	43.6	291	164	0	13	303	202	492	3.46e-66	214
lcl|CP015118.1_prot_ARN23253.1_5327	iSynCJ816.SGL_RS06015	38.7	364	192	4	7	356	21	367	5.13e-81	254
lcl|CP015118.1_prot_ARN23253.1_5327	iJN1463.PP_4843	39.8	352	190	3	12	353	20	359	6.39e-78	244
lcl|CP015118.1_prot_ARN23254.1_5328	iJN1463.PP_4844	53.1	241	112	1	7	246	44	284	3.22e-88	262
lcl|CP015118.1_prot_ARN23254.1_5328	iSynCJ816.SGL_RS13090	51.9	243	117	0	4	246	2	244	2.84e-86	260
lcl|CP015118.1_prot_ARN23255.1_5329	iJN1463.PP_4845	45.3	232	124	2	1	229	1	232	6.41e-66	203
lcl|CP015118.1_prot_ARN23255.1_5329	iSynCJ816.SGL_RS14500	46.2	234	120	2	1	229	1	233	2.81e-62	194
lcl|CP015118.1_prot_ARN23256.1_5330	iLB1027_lipid.PHATRDRAFT_54476	52.9	418	163	5	1	388	1	414	8.04e-154	442
lcl|CP015118.1_prot_ARN23258.1_5332	iML1515.b0340	45.9	146	78	1	3	147	11	156	1.24e-42	138
lcl|CP015118.1_prot_ARN23258.1_5332	iSynCJ816.SGL_RS14780	46.5	142	75	1	6	147	9	149	2.32e-41	134
lcl|CP015118.1_prot_ARN23259.1_5333	iSynCJ816.SGL_RS16580	48.6	251	126	1	5	252	4	254	3.02e-80	254
lcl|CP015118.1_prot_ARN23259.1_5333	iSynCJ816.SGL_RS06580	47.4	253	131	1	5	255	18	270	5.04e-82	249
lcl|CP015118.1_prot_ARN23259.1_5333	iSynCJ816.SGL_RS16585	47.0	253	132	1	5	255	23	275	4.50e-79	240
lcl|CP015118.1_prot_ARN23259.1_5333	iSynCJ816.SGL_RS06585	44.2	251	137	1	5	252	4	254	3.77e-72	233
lcl|CP015118.1_prot_ARN23260.1_5334	iSynCJ816.SGL_RS06590	43.8	226	127	0	64	289	48	273	5.89e-66	207
lcl|CP015118.1_prot_ARN23260.1_5334	iSynCJ816.SGL_RS16570	44.0	207	115	1	80	285	70	276	1.40e-59	191
lcl|CP015118.1_prot_ARN23261.1_5335	iSynCJ816.SGL_RS06585	32.4	380	230	7	101	457	278	653	9.35e-56	196
lcl|CP015118.1_prot_ARN23261.1_5335	iSynCJ816.SGL_RS06595	30.3	396	246	9	90	456	48	442	1.35e-51	180
lcl|CP015118.1_prot_ARN23262.1_5336	iAF987.Gmet_0069	28.7	115	80	1	4	116	5	119	2.04e-10	58.9
lcl|CP015118.1_prot_ARN23262.1_5336	iAF987.Gmet_1919	29.4	109	75	1	4	112	5	111	6.30e-09	54.7
lcl|CP015118.1_prot_ARN24075.1_5337	iAF987.Gmet_3085	29.6	135	73	3	14	140	211	331	2.82e-07	52.4
lcl|CP015118.1_prot_ARN23263.1_5338	iAF987.Gmet_0069	41.8	189	107	2	180	366	112	299	3.42e-38	139
lcl|CP015118.1_prot_ARN23263.1_5338	iAF987.Gmet_2425	44.5	164	87	2	205	366	181	342	2.98e-33	126
lcl|CP015118.1_prot_ARN23264.1_5339	iAF987.Gmet_2425	33.9	165	105	2	208	370	182	344	1.19e-15	77.0
lcl|CP015118.1_prot_ARN23264.1_5339	iAF987.Gmet_2721	30.4	168	114	2	209	373	499	666	4.91e-15	76.3
lcl|CP015118.1_prot_ARN23264.1_5339	iML1515.b1341	30.7	163	110	1	209	371	249	408	3.98e-15	75.9
lcl|CP015118.1_prot_ARN23264.1_5339	iJN1463.PP_1494	35.5	169	100	4	209	370	166	332	1.13e-14	73.9
lcl|CP015118.1_prot_ARN23264.1_5339	iAF987.Gmet_1298	31.5	162	108	2	212	370	183	344	1.83e-13	70.5
lcl|CP015118.1_prot_ARN23264.1_5339	iJN1463.PP_4405	31.6	190	120	2	181	370	151	330	1.60e-13	70.5
lcl|CP015118.1_prot_ARN23265.1_5340	iAF692.Mbar_A0058	23.5	634	384	21	59	683	25	566	4.46e-19	92.4
lcl|CP015118.1_prot_ARN23266.1_5341	iCN718.ABAYE_RS08555	38.9	352	189	6	28	363	39	380	3.06e-69	221
lcl|CP015118.1_prot_ARN23272.1_5347	iAF987.Gmet_0043	26.1	398	246	12	188	565	18	387	6.45e-21	96.3
lcl|CP015118.1_prot_ARN23274.1_5349	iCN718.ABAYE_RS16300	59.9	414	162	1	13	426	12	421	7.86e-161	459
lcl|CP015118.1_prot_ARN23274.1_5349	iJN1463.PP_4811	59.3	413	162	1	13	425	12	418	4.85e-155	444
lcl|CP015118.1_prot_ARN23275.1_5350	iYS854.USA300HOU_RS03845	47.8	232	99	7	4	233	7	218	4.57e-66	204
lcl|CP015118.1_prot_ARN23275.1_5350	iML1515.b0444	46.0	226	100	5	5	226	2	209	2.06e-61	192
lcl|CP015118.1_prot_ARN23275.1_5350	iSbBS512_1146.SbBS512_E0367	46.0	226	100	5	5	226	2	209	2.06e-61	192
lcl|CP015118.1_prot_ARN23275.1_5350	iSDY_1059.SDY_0286	46.0	226	100	5	5	226	2	209	2.06e-61	192
lcl|CP015118.1_prot_ARN23275.1_5350	iSF_1195.SF0389	46.0	226	100	5	5	226	2	209	2.06e-61	192
lcl|CP015118.1_prot_ARN23275.1_5350	iSSON_1240.SSON_0432	46.0	226	100	5	5	226	2	209	2.06e-61	192
lcl|CP015118.1_prot_ARN23279.1_5354	STM_v1_0.STM2193	33.7	199	122	5	46	238	24	218	4.34e-32	116
lcl|CP015118.1_prot_ARN23279.1_5354	iPC815.YPO1505	32.7	196	126	4	46	238	24	216	1.15e-31	115
lcl|CP015118.1_prot_ARN23279.1_5354	iCN900.CD630_14490	37.3	185	112	4	55	238	6	187	4.12e-31	113
lcl|CP015118.1_prot_ARN23279.1_5354	iML1515.b2153	32.4	182	119	3	62	242	44	222	5.08e-30	111
lcl|CP015118.1_prot_ARN23279.1_5354	iYL1228.KPN_02591	33.1	178	115	3	62	238	44	218	5.08e-30	111
lcl|CP015118.1_prot_ARN23279.1_5354	iSbBS512_1146.SbBS512_E0813	32.4	182	119	3	62	242	44	222	5.08e-30	111
lcl|CP015118.1_prot_ARN23279.1_5354	iSDY_1059.SDY_2127	32.4	182	119	3	62	242	44	222	5.08e-30	111
lcl|CP015118.1_prot_ARN23279.1_5354	iSF_1195.SF2238	32.4	182	119	3	62	242	44	222	5.08e-30	111
lcl|CP015118.1_prot_ARN23279.1_5354	iSSON_1240.SSON_2209	32.4	182	119	3	62	242	44	222	5.08e-30	111
lcl|CP015118.1_prot_ARN23279.1_5354	iEK1008.Rv3609c	35.2	199	125	3	40	238	5	199	8.60e-30	110
lcl|CP015118.1_prot_ARN23279.1_5354	iYO844.BSU22780	33.7	184	119	3	55	238	6	186	1.91e-28	106
lcl|CP015118.1_prot_ARN23279.1_5354	iMM904.YGR267C	35.1	202	120	5	47	242	46	242	6.72e-28	106
lcl|CP015118.1_prot_ARN23279.1_5354	iCHOv1.100750667	42.7	124	69	1	115	238	125	246	2.06e-27	105
lcl|CP015118.1_prot_ARN23279.1_5354	iMM1415.14528	42.7	124	69	1	115	238	118	239	1.77e-27	105
lcl|CP015118.1_prot_ARN23282.1_5358	iAF987.Gmet_2999	34.5	113	73	1	4	115	10	122	2.97e-10	58.9
lcl|CP015118.1_prot_ARN23282.1_5358	iAF987.Gmet_1914	30.4	115	77	2	1	114	1	113	9.09e-09	54.7
lcl|CP015118.1_prot_ARN23289.1_5365	iJN1463.PP_4217	36.3	808	446	15	51	829	45	812	2.05e-139	432
lcl|CP015118.1_prot_ARN23289.1_5365	iML1515.b1102	36.9	700	399	17	148	829	55	729	4.81e-138	426
lcl|CP015118.1_prot_ARN23289.1_5365	iSDY_1059.SDY_2048	36.7	700	400	16	148	829	55	729	6.76e-138	426
lcl|CP015118.1_prot_ARN23289.1_5365	iSSON_1240.SSON_1122	36.9	700	399	16	148	829	55	729	1.34e-137	425
lcl|CP015118.1_prot_ARN23289.1_5365	iSbBS512_1146.SbBS512_E2222	36.6	700	401	17	148	829	55	729	7.34e-137	423
lcl|CP015118.1_prot_ARN23289.1_5365	STM_v1_0.STM1204	35.5	719	416	18	130	829	35	724	3.43e-132	410
lcl|CP015118.1_prot_ARN23289.1_5365	iJN1463.PP_0669	34.9	803	465	18	50	829	43	810	4.55e-127	400
lcl|CP015118.1_prot_ARN23290.1_5366	iEK1008.Rv2006	25.9	733	380	20	52	634	596	1315	1.63e-38	152
lcl|CP015118.1_prot_ARN23291.1_5367	iJN1463.PP_4300	59.8	425	162	4	11	435	4	419	9.87e-150	431
lcl|CP015118.1_prot_ARN23292.1_5368	iJN1463.PP_1167	44.3	418	233	0	9	426	9	426	1.07e-110	332
lcl|CP015118.1_prot_ARN23294.1_5370	iJN1463.PP_1169	42.2	303	169	3	12	309	7	308	3.87e-80	246
lcl|CP015118.1_prot_ARN23295.1_5371	iCHOv1.100752401	27.6	286	196	6	12	291	17	297	6.93e-30	114
lcl|CP015118.1_prot_ARN23296.1_5372	iJN1463.PP_1171	59.7	263	104	2	10	271	6	267	6.59e-110	318
lcl|CP015118.1_prot_ARN23299.1_5375	iSbBS512_1146.SbBS512_E3232	67.2	250	82	0	9	258	7	256	1.04e-119	342
lcl|CP015118.1_prot_ARN23299.1_5375	iYL1228.KPN_03538	66.8	250	83	0	9	258	6	255	2.34e-118	338
lcl|CP015118.1_prot_ARN23299.1_5375	iSSON_1240.SSON_3281	66.8	250	83	0	9	258	6	255	6.68e-118	337
lcl|CP015118.1_prot_ARN23299.1_5375	iML1515.b3126	66.8	250	83	0	9	258	6	255	1.91e-117	336
lcl|CP015118.1_prot_ARN23299.1_5375	STM_v1_0.STM3249	66.8	250	83	0	9	258	6	255	2.71e-117	335
lcl|CP015118.1_prot_ARN23299.1_5375	iSDY_1059.SDY_3320	66.4	250	84	0	9	258	6	255	5.46e-117	335
lcl|CP015118.1_prot_ARN23300.1_5376	iML1515.b0509	69.8	291	88	0	3	293	2	292	7.37e-138	390
lcl|CP015118.1_prot_ARN23300.1_5376	STM_v1_0.STM0519	67.4	288	94	0	3	290	2	289	1.79e-131	374
lcl|CP015118.1_prot_ARN23300.1_5376	iJN1463.PP_4299	67.2	296	96	1	1	295	1	296	4.06e-129	369
lcl|CP015118.1_prot_ARN23301.1_5377	iPC815.YPO3094	51.3	559	253	4	1	556	1	543	2.73e-164	479
lcl|CP015118.1_prot_ARN23305.1_5381	iCN718.ABAYE_RS04585	29.7	445	269	10	36	467	45	458	4.22e-57	199
lcl|CP015118.1_prot_ARN23306.1_5382	iJN1463.PP_3561	27.0	315	194	11	4	306	15	305	4.09e-08	53.5
lcl|CP015118.1_prot_ARN23307.1_5383	iAF987.Gmet_1750	33.0	276	168	4	320	591	39	301	2.51e-31	123
lcl|CP015118.1_prot_ARN23308.1_5384	iJN1463.PP_0481	67.3	474	151	1	7	480	5	474	2.53e-237	658
lcl|CP015118.1_prot_ARN23309.1_5385	iJN1463.PP_3668	63.1	756	241	6	1	724	1	750	0.0	943
lcl|CP015118.1_prot_ARN23309.1_5385	iEK1008.Rv1908c	61.8	726	271	4	3	724	16	739	0.0	919
lcl|CP015118.1_prot_ARN23309.1_5385	iSynCJ816.SGL_RS09095	61.1	728	267	7	5	725	9	727	3.73e-314	873
lcl|CP015118.1_prot_ARN23309.1_5385	iPC815.YPO3319	60.5	719	279	4	8	724	19	734	2.02e-313	871
lcl|CP015118.1_prot_ARN23310.1_5386	iAF987.Gmet_0987	34.1	287	188	1	366	651	231	517	5.60e-38	150
lcl|CP015118.1_prot_ARN23310.1_5386	iAF987.Gmet_2629	32.0	303	184	3	363	653	252	544	8.33e-37	147
lcl|CP015118.1_prot_ARN23310.1_5386	iAF987.Gmet_1706	41.8	170	99	0	484	653	139	308	2.03e-36	139
lcl|CP015118.1_prot_ARN23310.1_5386	iAF987.Gmet_0957	42.6	176	100	1	477	651	178	353	9.54e-34	136
lcl|CP015118.1_prot_ARN23310.1_5386	iAF987.Gmet_0700	39.8	186	112	0	469	654	369	554	1.98e-33	136
lcl|CP015118.1_prot_ARN23312.1_5388	iJN1463.PP_5314	47.9	380	196	2	1	380	1	378	1.86e-105	315
lcl|CP015118.1_prot_ARN23312.1_5388	iCN718.ABAYE_RS13965	48.1	389	193	6	3	383	2	389	1.75e-100	303
lcl|CP015118.1_prot_ARN23315.1_5392	iCN718.ABAYE_RS05970	60.7	356	129	3	5	356	4	352	7.34e-147	419
lcl|CP015118.1_prot_ARN23315.1_5392	iJN1463.PP_5074	60.1	353	133	3	5	356	4	349	1.08e-145	416
lcl|CP015118.1_prot_ARN23315.1_5392	iML1515.b3997	59.5	353	135	2	5	356	4	349	8.82e-145	413
lcl|CP015118.1_prot_ARN23315.1_5392	iSbBS512_1146.SbBS512_E4488	59.5	353	135	2	5	356	4	349	8.82e-145	413
lcl|CP015118.1_prot_ARN23315.1_5392	iSSON_1240.SSON_4170	59.5	353	135	2	5	356	4	349	8.82e-145	413
lcl|CP015118.1_prot_ARN23315.1_5392	iSF_1195.SF4069	59.5	353	135	2	5	356	4	349	2.52e-144	412
lcl|CP015118.1_prot_ARN23315.1_5392	iSDY_1059.SDY_3729	59.2	353	136	2	5	356	4	349	2.91e-143	409
lcl|CP015118.1_prot_ARN23315.1_5392	STM_v1_0.STM4167	57.8	353	141	2	5	356	4	349	1.36e-141	405
lcl|CP015118.1_prot_ARN23315.1_5392	iYL1228.KPN_04379	57.8	353	141	2	5	356	4	349	3.87e-141	404
lcl|CP015118.1_prot_ARN23315.1_5392	iPC815.YPO3734	57.9	354	141	2	5	357	4	350	1.14e-140	403
lcl|CP015118.1_prot_ARN23316.1_5393	iYO844.BSU00730	55.5	299	130	3	2	298	4	301	3.65e-108	316
lcl|CP015118.1_prot_ARN23316.1_5393	iYS854.USA300HOU_RS02630	54.1	296	133	3	5	298	8	302	8.42e-105	308
lcl|CP015118.1_prot_ARN23316.1_5393	iAF987.Gmet_2988	54.7	298	132	3	3	298	6	302	2.33e-101	299
lcl|CP015118.1_prot_ARN23316.1_5393	iNF517.LLMG_RS02585	53.4	296	136	2	4	298	6	300	4.18e-100	296
lcl|CP015118.1_prot_ARN23316.1_5393	iAF692.Mbar_A2422	53.2	301	138	3	5	302	7	307	1.81e-98	291
lcl|CP015118.1_prot_ARN23316.1_5393	iSynCJ816.SGL_RS06370	52.1	311	142	4	2	306	3	312	1.35e-96	287
lcl|CP015118.1_prot_ARN23317.1_5394	iAF987.Gmet_1706	35.3	119	70	3	4	118	2	117	6.26e-13	66.6
lcl|CP015118.1_prot_ARN23317.1_5394	iAF987.Gmet_0069	33.3	123	77	2	1	118	1	123	5.10e-12	63.9
lcl|CP015118.1_prot_ARN23317.1_5394	iAF987.Gmet_2999	31.4	118	78	1	3	117	8	125	9.35e-11	60.5
lcl|CP015118.1_prot_ARN23318.1_5395	iAF987.Gmet_2629	37.4	171	106	1	401	570	370	540	8.91e-24	105
lcl|CP015118.1_prot_ARN23318.1_5395	iAF987.Gmet_0700	37.3	166	103	1	407	571	385	550	8.53e-23	102
lcl|CP015118.1_prot_ARN23318.1_5395	iJN1463.PP_4670	42.7	164	87	3	420	581	251	409	1.92e-23	102
lcl|CP015118.1_prot_ARN23318.1_5395	iJN1463.PP_1144	41.2	153	88	2	420	571	293	444	1.83e-22	101
lcl|CP015118.1_prot_ARN23318.1_5395	iAF987.Gmet_3085	40.1	167	98	1	407	571	450	616	3.78e-22	100
lcl|CP015118.1_prot_ARN23318.1_5395	iAF987.Gmet_1706	34.8	178	115	1	400	576	133	310	2.36e-23	100
lcl|CP015118.1_prot_ARN23318.1_5395	iJN1463.PP_3581	38.1	181	107	3	392	571	241	417	3.73e-21	97.4
lcl|CP015118.1_prot_ARN23319.1_5396	iAF987.Gmet_0043	24.6	232	154	7	258	476	43	266	4.82e-12	67.8
lcl|CP015118.1_prot_ARN23320.1_5397	iYO844.BSU19350	57.1	315	135	0	1	315	1	315	1.79e-116	338
lcl|CP015118.1_prot_ARN23325.1_5403	iML1515.b3208	41.9	155	88	1	237	391	75	227	4.78e-28	110
lcl|CP015118.1_prot_ARN23328.1_5408	iJN1463.PP_1071	34.5	264	167	4	15	273	14	276	8.41e-34	124
lcl|CP015118.1_prot_ARN23328.1_5408	iCN718.ABAYE_RS10985	30.5	246	165	4	32	275	30	271	7.26e-33	122
lcl|CP015118.1_prot_ARN23328.1_5408	iYL1228.KPN_00681	31.7	240	162	2	23	260	40	279	1.61e-31	119
lcl|CP015118.1_prot_ARN23328.1_5408	iSF_1195.SF0626	31.1	257	171	3	10	260	7	263	2.28e-31	118
lcl|CP015118.1_prot_ARN23328.1_5408	iPC815.YPO2615	31.2	231	157	2	32	260	36	266	6.58e-31	117
lcl|CP015118.1_prot_ARN23328.1_5408	iSSON_1240.SSON_0609	30.7	257	172	3	10	260	7	263	1.21e-30	116
lcl|CP015118.1_prot_ARN23328.1_5408	STM_v1_0.STM0665	30.4	237	163	2	26	260	33	269	1.89e-30	115
lcl|CP015118.1_prot_ARN23328.1_5408	iML1515.b0655	30.4	257	173	3	10	260	7	263	6.37e-30	114
lcl|CP015118.1_prot_ARN23340.1_5422	iYL1228.KPN_04136	58.5	130	51	1	3	132	4	130	3.11e-44	141
lcl|CP015118.1_prot_ARN23340.1_5422	STM_v1_0.STM3864	58.5	130	51	1	3	132	4	130	3.11e-44	141
lcl|CP015118.1_prot_ARN23340.1_5422	iML1515.b3731	57.1	126	54	0	3	128	4	129	1.79e-43	139
lcl|CP015118.1_prot_ARN23340.1_5422	iSDY_1059.SDY_4017	57.1	126	54	0	3	128	4	129	1.79e-43	139
lcl|CP015118.1_prot_ARN23340.1_5422	iSF_1195.SF3811	57.1	126	54	0	3	128	2	127	1.68e-43	139
lcl|CP015118.1_prot_ARN23340.1_5422	iSSON_1240.SSON_3888	57.1	126	54	0	3	128	4	129	1.79e-43	139
lcl|CP015118.1_prot_ARN23340.1_5422	iSbBS512_1146.SbBS512_E4190	56.3	126	55	0	3	128	4	129	2.93e-42	136
lcl|CP015118.1_prot_ARN23340.1_5422	iPC815.YPO4120	55.4	130	55	1	3	132	5	131	2.00e-40	131
lcl|CP015118.1_prot_ARN23341.1_5423	iJN1463.PP_5413	79.8	465	87	1	1	465	1	458	7.03e-262	718
lcl|CP015118.1_prot_ARN23341.1_5423	STM_v1_0.STM3865	79.7	467	86	2	1	465	1	460	1.25e-260	715
lcl|CP015118.1_prot_ARN23341.1_5423	iML1515.b3732	79.4	467	87	2	1	465	1	460	5.07e-260	714
lcl|CP015118.1_prot_ARN23341.1_5423	iSbBS512_1146.SbBS512_E4189	79.4	467	87	2	1	465	1	460	5.07e-260	714
lcl|CP015118.1_prot_ARN23341.1_5423	iSF_1195.SF3812	79.4	467	87	2	1	465	1	460	5.07e-260	714
lcl|CP015118.1_prot_ARN23341.1_5423	iSSON_1240.SSON_3887	79.4	467	87	2	1	465	1	460	5.07e-260	714
lcl|CP015118.1_prot_ARN23341.1_5423	iYL1228.KPN_04137	79.2	467	88	2	1	465	1	460	7.20e-260	713
lcl|CP015118.1_prot_ARN23341.1_5423	iSDY_1059.SDY_4016	79.4	467	87	2	1	465	1	460	1.02e-259	713
lcl|CP015118.1_prot_ARN23341.1_5423	iPC815.YPO4121	78.8	467	90	2	1	465	1	460	2.40e-258	709
lcl|CP015118.1_prot_ARN23342.1_5424	iML1515.b3733	54.5	299	121	3	1	296	1	287	2.73e-100	295
lcl|CP015118.1_prot_ARN23342.1_5424	STM_v1_0.STM3866	54.5	299	121	3	1	296	1	287	2.73e-100	295
lcl|CP015118.1_prot_ARN23342.1_5424	iSbBS512_1146.SbBS512_E4188	54.5	299	121	3	1	296	1	287	2.73e-100	295
lcl|CP015118.1_prot_ARN23342.1_5424	iSDY_1059.SDY_4015	54.5	299	121	3	1	296	1	287	2.73e-100	295
lcl|CP015118.1_prot_ARN23342.1_5424	iSF_1195.SF3813	54.5	299	121	3	1	296	1	287	2.73e-100	295
lcl|CP015118.1_prot_ARN23342.1_5424	iSSON_1240.SSON_3886	54.2	299	122	3	1	296	1	287	2.22e-99	293
lcl|CP015118.1_prot_ARN23342.1_5424	iYL1228.KPN_04138	54.3	300	120	4	1	296	1	287	4.46e-99	292
lcl|CP015118.1_prot_ARN23342.1_5424	iPC815.YPO4122	53.2	299	125	3	1	296	1	287	4.16e-97	287
lcl|CP015118.1_prot_ARN23342.1_5424	iJN1463.PP_5414	53.0	296	129	3	1	296	1	286	2.30e-96	285
lcl|CP015118.1_prot_ARN23343.1_5425	iJN1463.PP_5415	69.5	512	151	1	2	513	3	509	2.49e-249	691
lcl|CP015118.1_prot_ARN23343.1_5425	STM_v1_0.STM3867	68.8	513	155	1	1	513	1	508	2.79e-248	688
lcl|CP015118.1_prot_ARN23343.1_5425	iML1515.b3734	68.6	513	156	1	1	513	1	508	5.61e-248	687
lcl|CP015118.1_prot_ARN23343.1_5425	iSDY_1059.SDY_4014	68.6	513	156	1	1	513	1	508	5.61e-248	687
lcl|CP015118.1_prot_ARN23343.1_5425	iSF_1195.SF3814	68.6	513	156	1	1	513	1	508	5.61e-248	687
lcl|CP015118.1_prot_ARN23343.1_5425	iSSON_1240.SSON_3885	68.6	513	156	1	1	513	1	508	5.61e-248	687
lcl|CP015118.1_prot_ARN23343.1_5425	iYL1228.KPN_04139	68.6	513	156	1	1	513	1	508	1.60e-247	686
lcl|CP015118.1_prot_ARN23343.1_5425	iSbBS512_1146.SbBS512_E4187	68.4	513	157	1	1	513	1	508	3.23e-247	686
lcl|CP015118.1_prot_ARN23343.1_5425	iPC815.YPO4123	69.0	513	154	1	1	513	1	508	9.23e-247	684
lcl|CP015118.1_prot_ARN23344.1_5426	iAF987.Gmet_3409	34.3	172	110	3	7	175	6	177	1.35e-20	83.6
lcl|CP015118.1_prot_ARN23344.1_5426	iJN1463.PP_5416	31.8	176	119	1	1	175	1	176	4.11e-18	77.0
lcl|CP015118.1_prot_ARN23344.1_5426	STM_v1_0.STM3868	32.4	182	109	3	1	175	1	175	1.56e-17	75.5
lcl|CP015118.1_prot_ARN23345.1_5427	STM_v1_0.STM3869	42.3	156	90	0	1	156	1	156	6.73e-29	103
lcl|CP015118.1_prot_ARN23345.1_5427	iYL1228.KPN_04141	41.8	153	89	0	4	156	2	154	1.15e-26	97.8
lcl|CP015118.1_prot_ARN23345.1_5427	iPC815.YPO4125	41.0	156	92	0	1	156	1	156	6.80e-26	95.9
lcl|CP015118.1_prot_ARN23346.1_5428	iJN1463.PP_5418	60.3	78	31	0	3	80	2	79	5.05e-26	91.3
lcl|CP015118.1_prot_ARN23347.1_5429	iSF_1195.SF3818	43.2	287	139	6	14	298	7	271	1.07e-70	219
lcl|CP015118.1_prot_ARN23347.1_5429	iML1515.b3738	42.9	287	140	6	14	298	7	271	6.05e-70	217
lcl|CP015118.1_prot_ARN23347.1_5429	STM_v1_0.STM3871	43.2	287	139	6	14	298	7	271	6.05e-70	217
lcl|CP015118.1_prot_ARN23347.1_5429	iSbBS512_1146.SbBS512_E4183	42.9	287	140	6	14	298	7	271	6.05e-70	217
lcl|CP015118.1_prot_ARN23347.1_5429	iSSON_1240.SSON_3881	42.9	287	140	6	14	298	7	271	6.05e-70	217
lcl|CP015118.1_prot_ARN23347.1_5429	iPC815.YPO4127	43.8	290	134	7	14	298	9	274	2.66e-69	216
lcl|CP015118.1_prot_ARN23347.1_5429	iYL1228.KPN_04143	42.1	292	135	6	14	298	2	266	5.88e-69	214
lcl|CP015118.1_prot_ARN23347.1_5429	iSDY_1059.SDY_4010	42.5	287	141	6	14	298	7	271	6.85e-69	214
lcl|CP015118.1_prot_ARN23347.1_5429	iJN1463.PP_5419	42.3	300	144	7	11	296	2	286	2.68e-67	211
lcl|CP015118.1_prot_ARN23349.1_5431	iCHOv1.100752401	30.3	277	177	4	25	294	17	284	6.04e-40	141
lcl|CP015118.1_prot_ARN23355.1_5437	iCN900.CD630_36640	38.3	386	232	3	6	385	6	391	2.44e-94	287
lcl|CP015118.1_prot_ARN23356.1_5438	iAT_PLT_636.51166	26.8	358	233	9	140	469	98	454	1.37e-23	102
lcl|CP015118.1_prot_ARN23356.1_5438	iCN900.CD630_36640	22.4	295	219	4	182	469	93	384	1.02e-20	93.6
lcl|CP015118.1_prot_ARN23356.1_5438	iMM1415.23923	27.6	315	203	9	180	470	103	416	1.27e-20	93.6
lcl|CP015118.1_prot_ARN23358.1_5440	iML1515.b2180	24.4	541	292	18	3	486	5	485	3.82e-22	100
lcl|CP015118.1_prot_ARN23358.1_5440	iYO844.BSU02860	29.6	233	131	8	1	219	1	214	1.53e-23	99.4
lcl|CP015118.1_prot_ARN23358.1_5440	iYL1228.KPN_02373	34.4	186	99	5	312	486	7	180	1.96e-22	96.7
lcl|CP015118.1_prot_ARN23358.1_5440	iAF987.Gmet_0492	31.4	229	119	9	10	221	13	220	4.07e-22	95.9
lcl|CP015118.1_prot_ARN23358.1_5440	iML1515.b1858	33.0	185	103	4	312	486	7	180	1.24e-21	94.4
lcl|CP015118.1_prot_ARN23358.1_5440	iJN1463.PP_4150	23.3	523	284	13	18	486	25	484	2.82e-20	94.4
lcl|CP015118.1_prot_ARN23358.1_5440	iSbBS512_1146.SbBS512_E0954	33.0	185	103	4	312	486	7	180	1.24e-21	94.4
lcl|CP015118.1_prot_ARN23358.1_5440	iSSON_1240.SSON_1283	33.0	185	103	4	312	486	7	180	1.24e-21	94.4
lcl|CP015118.1_prot_ARN23358.1_5440	iSDY_1059.SDY_1145	33.0	185	103	4	312	486	7	180	1.69e-21	94.0
lcl|CP015118.1_prot_ARN23358.1_5440	iSF_1195.SF1867	33.0	185	103	4	312	486	7	180	1.69e-21	94.0
lcl|CP015118.1_prot_ARN23358.1_5440	iJN1463.PP_0118	34.6	179	108	4	312	486	8	181	4.73e-21	92.8
lcl|CP015118.1_prot_ARN23358.1_5440	iPC815.YPO3907	25.1	526	279	19	13	488	14	474	1.74e-19	91.7
lcl|CP015118.1_prot_ARN23358.1_5440	iSynCJ816.SGL_RS04625	32.9	210	113	6	3	202	22	213	5.17e-20	90.5
lcl|CP015118.1_prot_ARN23359.1_5441	iCN718.ABAYE_RS01270	51.4	317	142	4	1	312	1	310	3.30e-101	299
lcl|CP015118.1_prot_ARN23359.1_5441	STM_v1_0.STM3095	51.0	314	152	2	1	314	2	313	2.76e-100	297
lcl|CP015118.1_prot_ARN23359.1_5441	iYL1228.KPN_03380	50.6	312	151	3	1	311	2	311	6.57e-99	293
lcl|CP015118.1_prot_ARN23359.1_5441	iSSON_1240.SSON_3101	49.5	315	157	2	1	315	2	314	1.32e-98	293
lcl|CP015118.1_prot_ARN23359.1_5441	iML1515.b2947	49.5	315	157	2	1	315	2	314	2.65e-98	292
lcl|CP015118.1_prot_ARN23359.1_5441	iSbBS512_1146.SbBS512_E3379	49.5	315	157	2	1	315	2	314	5.31e-98	291
lcl|CP015118.1_prot_ARN23359.1_5441	iPC815.YPO0935	51.3	314	146	4	1	311	2	311	8.29e-98	291
lcl|CP015118.1_prot_ARN23359.1_5441	iSF_1195.SF2938	49.5	315	157	2	1	315	2	314	1.07e-97	290
lcl|CP015118.1_prot_ARN23359.1_5441	iSDY_1059.SDY_3125	49.2	315	158	2	1	315	2	314	6.08e-97	288
lcl|CP015118.1_prot_ARN23359.1_5441	iJN1463.PP_4993	48.9	315	159	2	1	315	3	315	1.74e-91	275
lcl|CP015118.1_prot_ARN23360.1_5442	iJN1463.PP_1200	54.5	618	280	1	8	624	19	636	2.89e-228	647
lcl|CP015118.1_prot_ARN24082.1_5444	iPC815.YPO3142	56.1	433	150	5	1	432	38	431	1.12e-149	431
lcl|CP015118.1_prot_ARN24082.1_5444	iYL1228.KPN_00414	55.6	430	153	6	1	430	40	431	5.17e-146	422
lcl|CP015118.1_prot_ARN24082.1_5444	iML1515.b0451	55.3	430	154	5	1	430	35	426	7.11e-145	419
lcl|CP015118.1_prot_ARN24082.1_5444	iSSON_1240.SSON_0439	55.3	430	154	5	1	430	35	426	7.11e-145	419
lcl|CP015118.1_prot_ARN24082.1_5444	iSDY_1059.SDY_0388	55.1	430	155	5	1	430	35	426	1.01e-144	419
lcl|CP015118.1_prot_ARN24082.1_5444	iSbBS512_1146.SbBS512_E0378	55.3	430	154	5	1	430	35	426	1.43e-144	418
lcl|CP015118.1_prot_ARN24082.1_5444	iSF_1195.SF0396	55.1	430	155	5	1	430	35	426	2.86e-144	417
lcl|CP015118.1_prot_ARN24082.1_5444	iJN1463.PP_5233	53.1	439	162	5	1	430	38	441	2.80e-135	395
lcl|CP015118.1_prot_ARN24082.1_5444	STM_v1_0.STM0463	52.7	431	164	5	1	430	35	426	4.47e-133	389
lcl|CP015118.1_prot_ARN23369.1_5453	iML1515.b2924	29.6	186	120	4	178	359	105	283	2.29e-14	72.4
lcl|CP015118.1_prot_ARN23370.1_5454	iYS854.USA300HOU_RS13930	28.2	354	211	10	19	337	17	362	7.03e-31	122
lcl|CP015118.1_prot_A4W93_27625_5456	iEK1008.Rv0386	38.9	350	195	6	139	483	190	525	3.87e-51	194
lcl|CP015118.1_prot_ARN24084.1_5457	iCN718.ABAYE_RS00890	28.6	105	72	2	1	102	1	105	4.80e-07	48.1
lcl|CP015118.1_prot_ARN24084.1_5457	iJN1463.PP_4619	31.1	106	69	3	1	102	1	106	8.90e-07	47.4
lcl|CP015118.1_prot_A4W93_27645_5460	iCN718.ABAYE_RS02940	45.9	85	42	1	8	88	16	100	3.23e-12	64.7
lcl|CP015118.1_prot_ARN23375.1_5462	iCN718.ABAYE_RS00890	26.7	105	73	3	1	102	1	104	6.20e-06	45.8
lcl|CP015118.1_prot_ARN23377.1_5464	iAT_PLT_636.11343	27.7	231	149	8	8	231	32	251	1.75e-04	42.7
lcl|CP015118.1_prot_ARN23379.1_5468	iAT_PLT_636.2954	33.3	90	55	3	5	90	11	99	7.76e-04	38.9
lcl|CP015118.1_prot_ARN23380.1_5469	iJN1463.PP_3129	56.4	39	14	1	1	36	1	39	8.54e-04	39.7
lcl|CP015118.1_prot_ARN23385.1_5474	iJN1463.PP_1380	25.0	252	176	7	55	306	3	241	1.24e-14	72.4
lcl|CP015118.1_prot_ARN23385.1_5474	iJN1463.PP_0553	28.3	286	179	8	45	327	104	366	1.33e-13	70.5
lcl|CP015118.1_prot_ARN23385.1_5474	iEK1008.Rv0134	36.0	111	71	0	55	165	14	124	5.20e-13	68.2
lcl|CP015118.1_prot_ARN23385.1_5474	iEK1008.Rv3617	26.0	308	188	10	60	328	12	318	2.73e-12	66.2
lcl|CP015118.1_prot_ARN23389.1_5479	iSynCJ816.SGL_RS09755	42.0	393	226	1	23	413	139	531	6.73e-97	299
lcl|CP015118.1_prot_ARN23389.1_5479	iEK1008.Rv3150	41.7	381	217	2	39	415	47	426	9.57e-93	286
lcl|CP015118.1_prot_ARN23389.1_5479	iLJ478.TM0228	40.0	390	233	1	23	411	128	517	6.06e-91	284
lcl|CP015118.1_prot_ARN23389.1_5479	iLJ478.TM0010	40.2	373	223	0	39	411	151	523	8.85e-89	280
lcl|CP015118.1_prot_ARN23389.1_5479	iLJ478.TM1425	37.5	395	245	1	23	415	164	558	1.16e-86	275
lcl|CP015118.1_prot_ARN23389.1_5479	iCN900.CD630_34060	39.3	379	227	1	39	414	181	559	2.59e-85	272
lcl|CP015118.1_prot_ARN23389.1_5479	iYL1228.KPN_02674	40.3	375	222	2	39	411	47	421	3.28e-87	271
lcl|CP015118.1_prot_ARN23389.1_5479	STM_v1_0.STM2324	40.5	375	221	2	39	411	47	421	3.28e-87	271
lcl|CP015118.1_prot_ARN23389.1_5479	iSbBS512_1146.SbBS512_E2660	40.5	375	221	2	39	411	47	421	3.28e-87	271
lcl|CP015118.1_prot_ARN23389.1_5479	iSF_1195.SF2360	40.5	375	221	2	39	411	47	421	3.28e-87	271
lcl|CP015118.1_prot_ARN23389.1_5479	iSSON_1240.SSON_2341	40.5	375	221	2	39	411	47	421	3.28e-87	271
lcl|CP015118.1_prot_ARN23389.1_5479	iPC815.YPO2551	40.1	377	222	3	39	411	54	430	1.44e-86	270
lcl|CP015118.1_prot_ARN23389.1_5479	iML1515.b2284	40.3	375	222	2	39	411	47	421	1.30e-86	270
lcl|CP015118.1_prot_ARN23389.1_5479	iSDY_1059.SDY_2480	40.3	375	222	2	39	411	47	421	1.30e-86	270
lcl|CP015118.1_prot_ARN23389.1_5479	iAF987.Gmet_1110	39.5	390	232	3	23	409	142	530	4.90e-85	270
lcl|CP015118.1_prot_ARN23390.1_5480	iEK1008.Rv0248c	35.4	449	227	10	86	485	10	444	2.58e-63	218
lcl|CP015118.1_prot_ARN23390.1_5480	iAF987.Gmet_1954	35.4	413	232	9	83	480	3	395	1.50e-57	200
lcl|CP015118.1_prot_ARN23390.1_5480	iSbBS512_1146.SbBS512_E0642	34.2	421	239	12	86	481	9	416	6.11e-57	200
lcl|CP015118.1_prot_ARN23390.1_5480	iYL1228.KPN_00730	34.1	434	248	12	86	494	9	429	8.47e-57	199
lcl|CP015118.1_prot_ARN23390.1_5480	iJN1463.PP_4191	33.3	433	246	12	77	481	1	418	8.77e-57	199
lcl|CP015118.1_prot_ARN23390.1_5480	iML1515.b0723	34.2	421	239	12	86	481	9	416	2.25e-56	198
lcl|CP015118.1_prot_ARN23390.1_5480	STM_v1_0.STM0734	34.2	421	239	12	86	481	9	416	2.25e-56	198
lcl|CP015118.1_prot_ARN23390.1_5480	iSDY_1059.SDY_0661	34.2	421	239	12	86	481	9	416	2.25e-56	198
lcl|CP015118.1_prot_ARN23390.1_5480	iSF_1195.SF0574	34.2	421	239	12	86	481	9	416	2.25e-56	198
lcl|CP015118.1_prot_ARN23390.1_5480	iSSON_1240.SSON_0674	34.2	421	239	12	86	481	9	416	2.25e-56	198
lcl|CP015118.1_prot_ARN23390.1_5480	iPC815.YPO1111	34.4	421	238	13	86	481	9	416	2.25e-56	198
lcl|CP015118.1_prot_ARN23391.1_5482	iYO844.BSU07570	43.9	485	250	6	19	501	14	478	1.90e-133	394
lcl|CP015118.1_prot_ARN23391.1_5482	iYS854.USA300HOU_RS14620	40.5	462	255	6	39	499	28	470	1.76e-118	356
lcl|CP015118.1_prot_ARN24089.1_5485	iCHOv1.100761725	29.1	423	267	12	35	431	101	516	2.08e-35	137
lcl|CP015118.1_prot_ARN24089.1_5485	iCHOv1.100768783	28.2	386	255	7	66	433	126	507	3.06e-34	133
lcl|CP015118.1_prot_ARN24089.1_5485	iMM1415.64385	28.8	420	264	12	39	431	112	523	3.85e-34	133
lcl|CP015118.1_prot_ARN24089.1_5485	iMM1415.13117	28.2	386	255	7	66	433	126	507	4.18e-34	133
lcl|CP015118.1_prot_ARN24089.1_5485	iCHOv1.100774306	28.6	420	265	12	39	431	105	516	2.34e-33	131
lcl|CP015118.1_prot_ARN24089.1_5485	iCHOv1.100769255	29.9	394	247	12	64	435	120	506	9.57e-33	129
lcl|CP015118.1_prot_ARN24089.1_5485	iCHOv1.100767921	28.9	387	251	10	66	433	124	505	3.26e-32	127
lcl|CP015118.1_prot_ARN24089.1_5485	iCHOv1.100768211	28.6	392	256	10	61	433	116	502	5.90e-32	127
lcl|CP015118.1_prot_ARN24089.1_5485	iMM1415.72054	28.8	424	267	12	35	431	101	516	1.33e-31	126
lcl|CP015118.1_prot_ARN23396.1_5488	iSynCJ816.SGL_RS16080	35.1	57	37	0	15	71	18	74	6.61e-06	44.3
lcl|CP015118.1_prot_ARN23399.1_5491	iEK1008.Rv2850c	29.1	103	51	1	296	398	94	174	3.99e-04	42.7
lcl|CP015118.1_prot_ARN24090.1_5492	iPC815.YPO2615	53.4	277	128	1	15	290	26	302	4.11e-108	315
lcl|CP015118.1_prot_ARN24090.1_5492	iYL1228.KPN_00681	54.5	279	127	0	12	290	37	315	2.56e-107	314
lcl|CP015118.1_prot_ARN24090.1_5492	iSF_1195.SF0626	53.0	287	130	1	9	290	13	299	6.07e-107	312
lcl|CP015118.1_prot_ARN24090.1_5492	STM_v1_0.STM0665	53.3	285	128	1	11	290	21	305	1.49e-106	311
lcl|CP015118.1_prot_ARN24090.1_5492	iML1515.b0655	52.3	287	132	1	9	290	13	299	2.83e-105	308
lcl|CP015118.1_prot_ARN24090.1_5492	iSSON_1240.SSON_0609	52.3	287	132	1	9	290	13	299	1.14e-104	306
lcl|CP015118.1_prot_ARN24090.1_5492	iJN1463.PP_1071	53.8	273	122	2	21	290	28	299	9.89e-102	299
lcl|CP015118.1_prot_ARN23400.1_5494	iAF987.Gmet_1914	33.1	133	88	1	6	138	3	134	3.38e-13	70.9
lcl|CP015118.1_prot_ARN23401.1_5495	iCHOv1.100751382	30.2	182	102	7	196	375	137	295	1.06e-09	60.8
lcl|CP015118.1_prot_ARN23401.1_5495	iCHOv1.100757381	24.4	250	118	9	124	370	130	311	2.61e-09	59.7
lcl|CP015118.1_prot_ARN23403.1_5497	iCN718.ABAYE_RS10985	44.7	295	158	2	1	291	1	294	1.21e-81	248
lcl|CP015118.1_prot_ARN23403.1_5497	iJN1463.PP_1071	44.9	301	160	4	3	298	6	305	4.88e-75	231
lcl|CP015118.1_prot_ARN23403.1_5497	STM_v1_0.STM0665	41.8	299	169	1	1	294	9	307	1.18e-73	228
lcl|CP015118.1_prot_ARN23403.1_5497	iPC815.YPO2615	40.5	304	171	1	1	294	1	304	4.29e-73	226
lcl|CP015118.1_prot_ARN23403.1_5497	iSF_1195.SF0626	42.4	295	163	1	7	294	7	301	2.22e-72	224
lcl|CP015118.1_prot_A4W93_27845_5500	iJN1463.PP_2375	61.3	914	316	11	6	910	344	1228	0.0	1049
lcl|CP015118.1_prot_A4W93_27845_5500	iML1515.b4019	61.3	910	316	11	6	910	341	1219	0.0	1035
lcl|CP015118.1_prot_A4W93_27845_5500	iSSON_1240.SSON_4190	61.1	910	318	11	6	910	341	1219	0.0	1031
lcl|CP015118.1_prot_A4W93_27845_5500	iSDY_1059.SDY_4322	61.2	910	317	11	6	910	341	1219	0.0	1031
lcl|CP015118.1_prot_A4W93_27845_5500	iSF_1195.SF4085	61.2	910	317	11	6	910	341	1219	0.0	1029
lcl|CP015118.1_prot_A4W93_27845_5500	iYL1228.KPN_04399	60.1	910	327	10	6	910	341	1219	0.0	1020
lcl|CP015118.1_prot_A4W93_27845_5500	iPC815.YPO3722	60.1	909	328	10	6	910	346	1223	0.0	1016
lcl|CP015118.1_prot_A4W93_27845_5500	iCN718.ABAYE_RS14075	57.3	914	356	15	3	910	335	1220	0.0	977
lcl|CP015118.1_prot_ARN23405.1_5501	iYL1228.KPN_00986	35.9	117	67	2	91	202	225	338	5.43e-12	63.5
lcl|CP015118.1_prot_ARN23405.1_5501	iML1515.b0957	35.0	120	67	2	91	199	215	334	4.46e-11	60.8
lcl|CP015118.1_prot_ARN23405.1_5501	iSbBS512_1146.SbBS512_E2359	35.0	120	67	2	91	199	215	334	4.46e-11	60.8
lcl|CP015118.1_prot_ARN23405.1_5501	iSDY_1059.SDY_0930	35.0	120	67	2	91	199	219	338	4.51e-11	60.8
lcl|CP015118.1_prot_ARN23405.1_5501	iSF_1195.SF0957	35.0	120	67	2	91	199	217	336	4.49e-11	60.8
lcl|CP015118.1_prot_ARN23405.1_5501	iSSON_1240.SSON_0961	35.0	120	67	2	91	199	215	334	4.46e-11	60.8
lcl|CP015118.1_prot_ARN23405.1_5501	iPC815.YPO1435	36.7	120	65	2	91	199	222	341	8.35e-11	60.1
lcl|CP015118.1_prot_ARN23405.1_5501	iAF987.Gmet_1832	35.8	106	66	2	96	199	412	517	4.62e-10	58.2
lcl|CP015118.1_prot_ARN23406.1_5502	iJN1463.PP_2375	63.1	331	117	3	8	336	7	334	1.22e-136	418
lcl|CP015118.1_prot_ARN23406.1_5502	iCN718.ABAYE_RS14075	59.9	329	129	2	10	338	5	330	1.92e-131	404
lcl|CP015118.1_prot_A4W93_27860_5503	iYO844.BSU09530	34.2	196	112	5	8	198	3	186	1.34e-25	105
lcl|CP015118.1_prot_ARN23407.1_5505	iJN1463.PP_3581	39.4	685	395	10	1	672	1	678	9.88e-136	415
lcl|CP015118.1_prot_ARN23408.1_5506	iAT_PLT_636.4905	31.4	156	91	5	541	680	237	392	9.21e-11	65.1
lcl|CP015118.1_prot_ARN23408.1_5506	iMM1415.18195	31.4	156	91	5	541	680	237	392	9.21e-11	65.1
lcl|CP015118.1_prot_ARN23412.1_5510	iYO844.BSU17000	34.5	354	229	3	19	372	32	382	9.45e-72	229
lcl|CP015118.1_prot_ARN23412.1_5510	iAF987.Gmet_0842	38.8	363	213	6	17	375	27	384	2.57e-71	228
lcl|CP015118.1_prot_ARN23412.1_5510	iSynCJ816.SGL_RS14860	37.0	351	216	4	19	367	35	382	1.18e-69	223
lcl|CP015118.1_prot_ARN23412.1_5510	iJN1463.PP_0363	36.9	355	220	2	19	373	29	379	1.58e-65	213
lcl|CP015118.1_prot_ARN23412.1_5510	iCHOv1.100752849	37.6	356	216	5	19	371	52	404	6.17e-65	212
lcl|CP015118.1_prot_ARN23412.1_5510	iPC815.YPO0059	36.9	360	212	8	20	371	39	391	3.42e-64	209
lcl|CP015118.1_prot_ARN23415.1_5513	iAM_Pc455.PCYB_094280	34.7	216	94	12	228	428	771	954	9.05e-08	55.1
lcl|CP015118.1_prot_ARN23415.1_5513	iAM_Pf480.PF3D7_1136900	34.3	216	95	12	228	428	792	975	3.62e-07	53.1
lcl|CP015118.1_prot_ARN23415.1_5513	iAM_Pv461.PVX_092460	33.8	216	96	12	228	428	926	1109	1.43e-06	51.2
lcl|CP015118.1_prot_ARN23418.1_5516	iJN1463.PP_3745	63.1	482	178	0	12	493	18	499	9.78e-213	597
lcl|CP015118.1_prot_ARN23418.1_5516	iML1515.b2979	60.8	479	188	0	15	493	21	499	1.89e-205	578
lcl|CP015118.1_prot_ARN24093.1_5517	iJN1463.PP_3746	49.4	360	161	5	11	368	10	350	2.28e-102	305
lcl|CP015118.1_prot_ARN24093.1_5517	iML1515.b4468	45.1	359	176	5	12	368	11	350	4.52e-94	284
lcl|CP015118.1_prot_ARN23419.1_5518	iJN1463.PP_3747	54.9	412	172	5	1	406	1	404	2.23e-152	437
lcl|CP015118.1_prot_ARN23419.1_5518	iML1515.b4467	52.6	418	176	8	1	408	1	406	1.04e-144	417
lcl|CP015118.1_prot_ARN23424.1_5524	iYS854.USA300HOU_RS01105	27.2	261	185	3	11	267	16	275	5.10e-29	110
lcl|CP015118.1_prot_ARN23424.1_5524	iEK1008.Rv1237	29.0	255	177	2	18	269	19	272	3.42e-28	108
lcl|CP015118.1_prot_ARN23424.1_5524	iSynCJ816.SGL_RS16650	26.8	224	162	1	48	269	73	296	2.90e-26	103
lcl|CP015118.1_prot_ARN23424.1_5524	iCN900.CD630_34150	27.2	250	173	5	20	264	35	280	6.37e-25	100
lcl|CP015118.1_prot_ARN23425.1_5525	iEK1008.Rv2040c	32.4	173	114	2	103	272	108	280	3.14e-20	88.2
lcl|CP015118.1_prot_ARN23425.1_5525	iPC815.YPO3795	28.0	282	189	4	9	282	15	290	9.79e-19	84.0
lcl|CP015118.1_prot_ARN23425.1_5525	iEK1008.Rv1236	24.3	296	206	6	5	294	23	306	1.42e-17	80.9
lcl|CP015118.1_prot_ARN23425.1_5525	iLJ478.TM1121	31.3	246	159	5	43	282	56	297	2.51e-17	80.1
lcl|CP015118.1_prot_ARN23426.1_5526	iML1515.b3450	39.6	326	178	7	26	341	22	338	1.99e-64	208
lcl|CP015118.1_prot_ARN23426.1_5526	iYL1228.KPN_03810	39.6	326	190	5	26	347	22	344	1.99e-64	208
lcl|CP015118.1_prot_ARN23426.1_5526	iSbBS512_1146.SbBS512_E3873	39.3	326	179	7	26	341	22	338	2.19e-63	205
lcl|CP015118.1_prot_ARN23426.1_5526	STM_v1_0.STM3554	38.0	324	186	5	26	341	22	338	3.09e-63	205
lcl|CP015118.1_prot_ARN23426.1_5526	iEK1008.Rv1238	45.0	251	133	3	1	251	1	246	7.59e-60	197
lcl|CP015118.1_prot_ARN23426.1_5526	iJN1463.PP_1018	37.9	330	184	6	24	338	21	344	8.50e-60	197
lcl|CP015118.1_prot_ARN23426.1_5526	iPC815.YPO3793	40.9	274	145	4	27	290	23	289	1.96e-57	190
lcl|CP015118.1_prot_ARN23426.1_5526	iLJ478.TM0421	34.8	322	200	4	27	341	22	340	2.25e-56	187
lcl|CP015118.1_prot_ARN23427.1_5527	iLJ478.TM0421	35.0	354	210	5	3	341	4	352	4.57e-58	191
lcl|CP015118.1_prot_ARN23427.1_5527	iJN1463.PP_1018	34.5	359	214	6	3	342	4	360	1.09e-54	183
lcl|CP015118.1_prot_ARN23427.1_5527	iML1515.b3450	34.0	344	202	5	13	340	15	349	1.26e-52	177
lcl|CP015118.1_prot_ARN23427.1_5527	iSbBS512_1146.SbBS512_E3873	33.9	336	213	4	13	340	15	349	1.77e-52	177
lcl|CP015118.1_prot_ARN23427.1_5527	STM_v1_0.STM3554	35.2	338	206	6	13	340	15	349	3.48e-52	176
lcl|CP015118.1_prot_ARN23427.1_5527	iEK1008.Rv1238	34.1	369	202	7	21	349	23	390	2.34e-51	175
lcl|CP015118.1_prot_ARN23427.1_5527	iPC815.YPO3793	33.3	336	214	4	13	340	15	348	9.89e-52	175
lcl|CP015118.1_prot_ARN23427.1_5527	iYS854.USA300HOU_RS01090	31.3	355	228	4	2	340	3	357	3.33e-51	174
lcl|CP015118.1_prot_ARN23428.1_5528	iJN1463.PP_1073	53.0	498	212	7	3	492	11	494	1.16e-168	486
lcl|CP015118.1_prot_ARN23428.1_5528	iYL1228.KPN_03792	51.1	501	221	6	9	500	5	490	8.88e-168	483
lcl|CP015118.1_prot_ARN23428.1_5528	iSDY_1059.SDY_3649	50.4	498	227	5	9	499	5	489	1.39e-166	480
lcl|CP015118.1_prot_ARN23428.1_5528	iML1515.b3426	50.4	498	227	5	9	499	5	489	1.97e-166	479
lcl|CP015118.1_prot_ARN23428.1_5528	STM_v1_0.STM3526	50.0	502	227	6	9	501	5	491	2.89e-166	479
lcl|CP015118.1_prot_ARN23428.1_5528	iSSON_1240.SSON_3663	50.2	498	228	5	9	499	5	489	2.80e-166	479
lcl|CP015118.1_prot_ARN23428.1_5528	iSbBS512_1146.SbBS512_E3808	50.2	498	228	5	9	499	5	489	3.96e-166	479
lcl|CP015118.1_prot_ARN23428.1_5528	iSF_1195.SF3448	50.0	498	229	5	9	499	10	494	1.89e-165	477
lcl|CP015118.1_prot_ARN23428.1_5528	iCN718.ABAYE_RS04625	51.1	489	219	6	9	491	13	487	3.77e-157	456
lcl|CP015118.1_prot_ARN23430.1_5530	iAF987.Gmet_1676	62.8	494	180	1	1	494	1	490	2.06e-224	626
lcl|CP015118.1_prot_ARN23430.1_5530	iLJ478.TM1430	59.6	483	191	1	1	483	1	479	2.67e-214	600
lcl|CP015118.1_prot_ARN23430.1_5530	iJN1463.PP_1075	57.8	491	198	2	3	493	9	490	9.05e-200	564
lcl|CP015118.1_prot_ARN23431.1_5531	iEK1008.Rv0911	28.6	112	77	2	18	129	14	122	4.06e-07	47.0
lcl|CP015118.1_prot_ARN23435.1_5535	iSSON_1240.SSON_0706	61.6	352	130	2	21	372	4	350	3.76e-152	432
lcl|CP015118.1_prot_ARN23435.1_5535	STM_v1_0.STM0760	61.4	352	131	2	21	372	4	350	7.56e-152	431
lcl|CP015118.1_prot_ARN23435.1_5535	iML1515.b0754	61.6	352	130	2	21	372	4	350	1.52e-151	431
lcl|CP015118.1_prot_ARN23435.1_5535	iSbBS512_1146.SbBS512_E0675	61.6	352	130	2	21	372	4	350	1.52e-151	431
lcl|CP015118.1_prot_ARN23435.1_5535	iSDY_1059.SDY_0701	61.6	352	130	2	21	372	4	350	1.52e-151	431
lcl|CP015118.1_prot_ARN23435.1_5535	iSF_1195.SF0550	61.6	352	130	2	21	372	4	350	4.34e-151	429
lcl|CP015118.1_prot_ARN23435.1_5535	iYL1228.KPN_00758	60.5	352	134	2	21	372	4	350	1.01e-149	426
lcl|CP015118.1_prot_ARN23440.1_5540	iJN1463.PP_3383	24.6	594	370	23	10	544	9	583	1.85e-22	100
lcl|CP015118.1_prot_ARN23442.1_5542	iJN1463.PP_3382	42.4	410	207	13	32	429	25	417	1.30e-96	297
lcl|CP015118.1_prot_ARN23442.1_5542	iJN1463.PP_3948	39.3	405	214	10	33	430	803	1182	2.67e-79	267
lcl|CP015118.1_prot_ARN24095.1_5543	iJN1463.PP_1323	59.5	195	79	0	2	196	1	195	4.69e-74	221
lcl|CP015118.1_prot_ARN23447.1_5548	iNF517.LLMG_RS12530	41.5	282	164	1	13	294	3	283	1.65e-66	209
lcl|CP015118.1_prot_ARN23450.1_5552	iCN900.CD630_26230	33.6	232	147	3	1	228	4	232	2.46e-32	117
lcl|CP015118.1_prot_ARN23450.1_5552	iMM1415.114863	38.5	239	124	10	8	228	17	250	8.60e-31	114
lcl|CP015118.1_prot_ARN23450.1_5552	iIS312.TCDM_08914	40.8	211	108	7	29	228	35	239	8.49e-29	108
lcl|CP015118.1_prot_ARN23457.1_5559	iJN1463.PP_5095	44.0	266	148	1	4	268	6	271	1.39e-60	192
lcl|CP015118.1_prot_ARN23457.1_5559	iCN718.ABAYE_RS15715	42.8	264	150	1	4	267	9	271	1.12e-57	185
lcl|CP015118.1_prot_ARN23458.1_5560	iAF987.Gmet_0069	44.0	166	88	2	190	350	138	303	7.36e-39	140
lcl|CP015118.1_prot_ARN23458.1_5560	iJN1463.PP_4405	46.8	156	83	0	191	346	173	328	1.16e-36	135
lcl|CP015118.1_prot_ARN23459.1_5561	iJN1463.PP_5318	52.2	278	133	0	18	295	19	296	5.34e-92	274
lcl|CP015118.1_prot_ARN23459.1_5561	STM_v1_0.STM4234	48.9	276	141	0	13	288	8	283	4.95e-86	259
lcl|CP015118.1_prot_ARN23459.1_5561	iYL1228.KPN_04428	49.6	276	139	0	13	288	8	283	2.65e-85	257
lcl|CP015118.1_prot_ARN23460.1_5562	iEK1008.Rv0684	28.0	483	316	7	4	461	5	480	1.10e-48	179
lcl|CP015118.1_prot_ARN23460.1_5562	iSynCJ816.SGL_RS10930	28.2	485	303	12	6	461	4	472	1.03e-43	164
lcl|CP015118.1_prot_ARN23462.1_5564	iJN1463.PP_3279	33.9	109	66	3	261	363	224	332	1.23e-08	56.6
lcl|CP015118.1_prot_ARN23463.1_5565	iYL1228.KPN_00755	32.8	204	103	6	4	176	25	225	4.24e-19	81.3
lcl|CP015118.1_prot_ARN23463.1_5565	iSbBS512_1146.SbBS512_E0673	29.7	202	112	4	4	176	20	220	5.58e-18	78.2
lcl|CP015118.1_prot_ARN23463.1_5565	iML1515.b0751	29.2	202	113	4	4	176	25	225	1.17e-17	77.4
lcl|CP015118.1_prot_ARN23463.1_5565	iSF_1195.SF0553	29.2	202	113	4	4	176	25	225	1.17e-17	77.4
lcl|CP015118.1_prot_ARN23463.1_5565	iSSON_1240.SSON_0703	29.2	202	113	4	4	176	25	225	1.17e-17	77.4
lcl|CP015118.1_prot_ARN23463.1_5565	STM_v1_0.STM0757	26.8	205	114	3	4	176	25	225	1.63e-17	77.0
lcl|CP015118.1_prot_ARN23463.1_5565	iSDY_1059.SDY_0695	29.4	201	112	4	5	176	26	225	1.63e-17	77.0
lcl|CP015118.1_prot_ARN23463.1_5565	iPC815.YPO1128	28.7	195	103	4	14	176	35	225	1.22e-16	74.7
lcl|CP015118.1_prot_ARN23464.1_5566	iML1515.b4390	29.1	299	184	9	6	283	66	357	1.02e-20	91.7
lcl|CP015118.1_prot_ARN23464.1_5566	iSDY_1059.SDY_4651	29.1	299	184	9	6	283	73	364	1.07e-20	91.7
lcl|CP015118.1_prot_ARN23464.1_5566	iSF_1195.SF4422	29.1	299	184	9	6	283	73	364	1.07e-20	91.7
lcl|CP015118.1_prot_ARN23464.1_5566	iSbBS512_1146.SbBS512_E4937	29.1	299	184	9	6	283	66	357	1.88e-20	90.9
lcl|CP015118.1_prot_ARN23464.1_5566	iSSON_1240.SSON_4540	29.1	299	184	9	6	283	73	364	1.97e-20	90.9
lcl|CP015118.1_prot_ARN23464.1_5566	iPC815.YPO0444	28.7	300	186	8	5	283	65	357	2.36e-19	87.8
lcl|CP015118.1_prot_ARN23464.1_5566	iYL1228.KPN_04845	27.2	302	186	9	6	283	66	357	1.00e-18	85.9
lcl|CP015118.1_prot_ARN23465.1_5567	iHN637.CLJU_RS07840	31.6	392	254	6	14	404	17	395	6.61e-56	189
lcl|CP015118.1_prot_ARN23469.1_5571	iYL1228.KPN_04441	62.7	397	147	1	1	396	1	397	2.09e-181	509
lcl|CP015118.1_prot_ARN23469.1_5571	iYL1228.KPN_01365	63.3	398	145	1	1	397	14	411	2.91e-180	507
lcl|CP015118.1_prot_ARN23469.1_5571	iML1515.b4054	62.7	397	147	1	1	396	1	397	2.81e-179	504
lcl|CP015118.1_prot_ARN23469.1_5571	iSF_1195.SF4151	62.7	397	147	1	1	396	1	397	2.81e-179	504
lcl|CP015118.1_prot_ARN23469.1_5571	iSSON_1240.SSON_4234	62.5	397	148	1	1	396	1	397	1.14e-178	502
lcl|CP015118.1_prot_ARN23469.1_5571	iSbBS512_1146.SbBS512_E4541	62.5	397	148	1	1	396	1	397	2.29e-178	501
lcl|CP015118.1_prot_ARN23469.1_5571	iJN1463.PP_3590	61.9	396	150	1	1	395	1	396	2.75e-177	499
lcl|CP015118.1_prot_ARN23469.1_5571	iSDY_1059.SDY_4520	62.2	397	149	1	1	396	1	397	2.16e-176	496
lcl|CP015118.1_prot_ARN23469.1_5571	iPC815.YPO0322	61.4	396	152	1	1	395	1	396	4.11e-174	491
lcl|CP015118.1_prot_ARN23469.1_5571	STM_v1_0.STM4248	61.0	397	154	1	1	396	1	397	1.36e-172	487
lcl|CP015118.1_prot_ARN23469.1_5571	iCN718.ABAYE_RS18830	59.0	398	162	1	1	397	1	398	5.89e-166	470
lcl|CP015118.1_prot_ARN23470.1_5572	iCN718.ABAYE_RS11095	61.8	157	60	0	9	165	5	161	2.74e-71	211
lcl|CP015118.1_prot_ARN23470.1_5572	iSynCJ816.SGL_RS11045	56.9	167	67	1	2	163	3	169	2.77e-68	204
lcl|CP015118.1_prot_ARN23470.1_5572	iNF517.LLMG_RS05525	57.4	155	65	1	9	163	4	157	4.83e-64	193
lcl|CP015118.1_prot_ARN23470.1_5572	iJN1463.PP_1874	60.4	149	59	0	15	163	12	160	4.63e-63	191
lcl|CP015118.1_prot_ARN23471.1_5573	iAF987.Gmet_2999	30.0	120	74	5	136	253	6	117	9.68e-08	52.0
lcl|CP015118.1_prot_ARN23473.1_5575	iPC815.YPO0792	37.4	380	213	3	1	377	12	369	5.60e-70	226
lcl|CP015118.1_prot_ARN23473.1_5575	iYL1228.KPN_03244	37.4	409	218	6	3	400	14	395	8.69e-70	225
lcl|CP015118.1_prot_ARN23473.1_5575	iSDY_1059.SDY_3052	35.4	404	240	2	3	405	14	397	3.71e-68	221
lcl|CP015118.1_prot_ARN23473.1_5575	iML1515.b2835	35.1	404	241	2	3	405	14	397	5.22e-68	221
lcl|CP015118.1_prot_ARN23473.1_5575	iSbBS512_1146.SbBS512_E3027	35.1	404	241	2	3	405	14	397	7.35e-68	220
lcl|CP015118.1_prot_ARN23473.1_5575	iSSON_1240.SSON_2995	35.1	404	241	2	3	405	14	397	1.03e-67	220
lcl|CP015118.1_prot_ARN23473.1_5575	iSF_1195.SF2845	35.8	405	236	4	3	405	14	396	6.01e-66	215
lcl|CP015118.1_prot_ARN23473.1_5575	STM_v1_0.STM3009	36.4	379	220	2	3	380	14	372	3.97e-64	211
lcl|CP015118.1_prot_ARN23474.1_5576	iCN718.ABAYE_RS18735	56.6	364	151	2	1	360	1	361	2.15e-139	400
lcl|CP015118.1_prot_ARN23476.1_5580	iAF692.Mbar_A1452	32.7	675	362	10	17	620	6	659	1.50e-115	359
lcl|CP015118.1_prot_ARN23476.1_5580	iHN637.CLJU_RS06865	33.1	689	356	15	17	620	6	674	8.93e-111	347
lcl|CP015118.1_prot_ARN23476.1_5580	iCN900.CD630_32740	35.1	609	352	12	17	616	2	576	2.88e-110	345
lcl|CP015118.1_prot_ARN23476.1_5580	iHN637.CLJU_RS10635	33.6	611	363	13	20	620	5	582	1.70e-105	330
lcl|CP015118.1_prot_ARN23476.1_5580	iYS854.USA300HOU_RS13840	33.4	679	348	15	21	620	6	659	1.80e-104	330
lcl|CP015118.1_prot_ARN23479.1_5583	iCN718.ABAYE_RS03435	66.1	307	104	0	1	307	1	307	3.54e-154	433
lcl|CP015118.1_prot_ARN23481.1_5585	iJN1463.PP_0341	43.0	337	175	8	3	327	2	333	2.44e-72	227
lcl|CP015118.1_prot_ARN23482.1_5586	iJN1463.PP_1943	49.2	297	137	5	1	296	1	284	2.93e-92	275
lcl|CP015118.1_prot_ARN23482.1_5586	iJN1463.PP_0327	47.0	296	144	4	1	295	1	284	5.17e-85	256
lcl|CP015118.1_prot_ARN23482.1_5586	iYO844.BSU13110	44.8	288	149	2	9	296	22	299	1.67e-84	255
lcl|CP015118.1_prot_ARN23482.1_5586	iJN1463.PP_1367	46.9	288	142	2	9	296	6	282	8.98e-83	250
lcl|CP015118.1_prot_ARN23482.1_5586	iSynCJ816.SGL_RS13830	46.2	288	143	3	9	296	8	283	1.50e-81	247
lcl|CP015118.1_prot_ARN23487.1_5591	iML1515.b0650	47.0	551	281	7	1	551	6	545	2.51e-153	451
lcl|CP015118.1_prot_ARN23487.1_5591	iSSON_1240.SSON_0604	47.0	551	281	7	1	551	6	545	7.12e-153	449
lcl|CP015118.1_prot_ARN23487.1_5591	iSbBS512_1146.SbBS512_E0599	46.8	551	282	7	1	551	6	545	1.42e-152	449
lcl|CP015118.1_prot_ARN23487.1_5591	STM_v1_0.STM0659	46.8	554	278	9	1	551	6	545	9.10e-149	439
lcl|CP015118.1_prot_ARN23490.1_5594	iSynCJ816.SGL_RS03900	32.4	139	87	3	3	134	451	589	5.32e-10	63.2
lcl|CP015118.1_prot_ARN24099.1_5599	iYO844.BSU03070	28.9	166	117	1	1	166	22	186	2.41e-14	73.9
lcl|CP015118.1_prot_ARN23495.1_5600	iCN718.ABAYE_RS06960	32.6	190	126	2	12	200	6	194	7.21e-28	103
lcl|CP015118.1_prot_ARN23495.1_5600	iPC815.YPO0181	34.0	197	117	5	5	195	1	190	3.51e-24	94.4
lcl|CP015118.1_prot_ARN23496.1_5601	iAF987.Gmet_1914	28.2	103	71	1	1	103	5	104	5.60e-05	40.8
lcl|CP015118.1_prot_ARN23496.1_5601	iAF987.Gmet_1919	26.5	117	83	1	1	117	6	119	7.24e-05	40.4
lcl|CP015118.1_prot_ARN23497.1_5602	iAF987.Gmet_0043	25.5	263	170	9	72	319	15	266	5.10e-09	57.4
lcl|CP015118.1_prot_ARN23503.1_5609	iEK1008.Rv0958	27.8	126	84	3	58	176	128	253	9.71e-05	43.5
lcl|CP015118.1_prot_ARN24101.1_5610	iAF987.Gmet_0583	30.3	702	427	17	5	668	21	698	7.83e-51	191
lcl|CP015118.1_prot_ARN24102.1_5611	iMM1415.11883	30.9	446	270	13	32	463	20	441	1.75e-46	169
lcl|CP015118.1_prot_ARN24102.1_5611	iCHOv1.100753973	29.0	449	275	14	30	459	29	452	6.10e-46	168
lcl|CP015118.1_prot_ARN24102.1_5611	iCHOv1.100754567	31.4	449	264	16	32	463	21	442	5.33e-45	165
lcl|CP015118.1_prot_ARN23504.1_5612	iMM1415.11883	33.3	472	266	17	11	466	3	441	2.16e-52	185
lcl|CP015118.1_prot_ARN23504.1_5612	iCHOv1.100754567	33.0	449	258	15	34	466	21	442	1.92e-51	183
lcl|CP015118.1_prot_ARN23504.1_5612	iCHOv1.100753973	29.0	490	277	15	14	472	15	464	2.45e-46	169
lcl|CP015118.1_prot_ARN24103.1_5614	iEK1008.Rv3703c	25.8	333	140	12	62	370	175	424	3.60e-15	76.3
lcl|CP015118.1_prot_ARN23508.1_5617	iEK1008.Rv0125	27.0	226	134	8	7	214	13	225	1.88e-04	43.1
lcl|CP015118.1_prot_A4W93_28455_5620	STM_v1_0.STM0659	28.0	193	120	5	5	197	10	183	1.11e-06	50.4
lcl|CP015118.1_prot_A4W93_28455_5620	iSSON_1240.SSON_0604	25.1	231	152	6	5	233	10	221	4.48e-06	48.5
lcl|CP015118.1_prot_A4W93_28455_5620	iML1515.b0650	26.4	193	123	4	5	197	10	183	5.92e-06	48.1
lcl|CP015118.1_prot_A4W93_28455_5620	iSbBS512_1146.SbBS512_E0599	26.4	193	123	4	5	197	10	183	5.92e-06	48.1
lcl|CP015118.1_prot_ARN23512.1_5623	iML1515.b1189	40.0	425	243	6	1	424	1	414	1.69e-107	323
lcl|CP015118.1_prot_ARN23512.1_5623	iSDY_1059.SDY_1226	40.0	425	243	6	1	424	1	414	1.69e-107	323
lcl|CP015118.1_prot_ARN23512.1_5623	iSSON_1240.SSON_1181	40.0	425	243	6	1	424	1	414	1.69e-107	323
lcl|CP015118.1_prot_ARN23512.1_5623	iSbBS512_1146.SbBS512_E1347	40.0	425	243	6	1	424	1	414	3.38e-107	323
lcl|CP015118.1_prot_ARN23512.1_5623	iSF_1195.SF1178	39.5	425	245	6	1	424	1	414	3.82e-106	320
lcl|CP015118.1_prot_ARN23512.1_5623	iJN1463.PP_5270	39.6	417	241	4	1	416	1	407	1.83e-104	316
lcl|CP015118.1_prot_ARN23512.1_5623	STM_v1_0.STM1803	38.4	425	250	5	1	424	1	414	1.94e-103	313
lcl|CP015118.1_prot_ARN23512.1_5623	iJN1463.PP_4434	37.9	417	248	4	1	416	1	407	5.48e-103	312
lcl|CP015118.1_prot_ARN23512.1_5623	iYL1228.KPN_02309	38.1	425	251	6	1	424	1	414	2.77e-100	305
lcl|CP015118.1_prot_ARN23512.1_5623	iPC815.YPO2147	39.2	416	241	6	1	415	1	405	2.94e-100	305
lcl|CP015118.1_prot_ARN23512.1_5623	iCN718.ABAYE_RS18740	37.2	425	255	5	1	424	1	414	5.63e-97	296
lcl|CP015118.1_prot_ARN23519.1_5630	iNF517.LLMG_RS11185	37.0	119	75	0	8	126	2	120	6.19e-22	84.0
lcl|CP015118.1_prot_ARN23529.1_5641	iAF987.Gmet_1914	32.8	116	77	1	6	121	4	118	1.23e-12	65.5
lcl|CP015118.1_prot_ARN23530.1_5642	iAF987.Gmet_0043	27.0	256	160	9	97	337	23	266	1.17e-10	62.4
lcl|CP015118.1_prot_ARN23534.1_5646	iCN900.CD630_02510	45.5	411	222	2	27	437	27	435	2.95e-106	321
lcl|CP015118.1_prot_ARN23541.1_5655	iAF987.Gmet_1953	40.8	125	69	2	105	229	79	198	1.66e-20	85.9
lcl|CP015118.1_prot_ARN23541.1_5655	iAF987.Gmet_3262	35.0	157	94	3	71	227	105	253	3.08e-17	78.2
lcl|CP015118.1_prot_ARN23553.1_5667	iCN718.ABAYE_RS04630	67.2	609	186	4	11	615	4	602	4.49e-317	871
lcl|CP015118.1_prot_ARN23553.1_5667	iAF987.Gmet_2638	67.0	591	180	5	19	607	8	585	3.98e-303	836
lcl|CP015118.1_prot_ARN23554.1_5668	iPC815.YPO3831	35.7	207	128	3	1	205	1	204	6.93e-33	117
lcl|CP015118.1_prot_ARN23554.1_5668	iML1515.b3824	34.6	208	129	3	1	205	1	204	7.67e-32	114
lcl|CP015118.1_prot_ARN23554.1_5668	iSbBS512_1146.SbBS512_E4291	34.6	208	129	3	1	205	1	204	7.67e-32	114
lcl|CP015118.1_prot_ARN23554.1_5668	iYL1228.KPN_04320	35.7	207	128	4	1	205	1	204	3.02e-31	112
lcl|CP015118.1_prot_ARN23554.1_5668	STM_v1_0.STM3960	36.2	207	127	4	1	205	1	204	3.33e-30	110
lcl|CP015118.1_prot_ARN23555.1_5669	iYO844.BSU02510	65.3	516	163	2	9	524	11	510	1.25e-245	682
lcl|CP015118.1_prot_ARN23555.1_5669	iJN1463.PP_3601	64.3	516	176	3	9	524	10	517	9.07e-238	662
lcl|CP015118.1_prot_ARN23555.1_5669	iML1515.b3128	62.0	518	182	3	12	524	16	523	1.55e-230	644
lcl|CP015118.1_prot_ARN23555.1_5669	iSSON_1240.SSON_3283	62.0	518	182	3	12	524	16	523	8.91e-230	642
lcl|CP015118.1_prot_ARN23555.1_5669	STM_v1_0.STM3250	61.7	515	188	3	12	524	16	523	2.94e-228	638
lcl|CP015118.1_prot_ARN23555.1_5669	iSF_1195.SF3165	61.4	518	185	3	12	524	16	523	5.92e-228	637
lcl|CP015118.1_prot_ARN23555.1_5669	iYL1228.KPN_03540	60.6	518	189	2	12	524	16	523	1.22e-222	624
lcl|CP015118.1_prot_ARN23556.1_5670	iJN1463.PP_2694	58.8	473	192	1	4	476	8	477	1.81e-197	556
lcl|CP015118.1_prot_ARN23557.1_5671	iJN1463.PP_3599	70.6	303	89	0	1	303	1	303	8.01e-151	424
lcl|CP015118.1_prot_ARN23558.1_5672	iJN1463.PP_1418	27.3	264	165	9	2	254	4	251	2.80e-12	66.2
lcl|CP015118.1_prot_ARN23559.1_5673	iJN1463.PP_3376	43.8	249	133	4	59	300	57	305	1.42e-54	180
lcl|CP015118.1_prot_ARN23564.1_5678	iJN1463.PP_0920	48.3	362	174	4	1	362	1	349	3.36e-108	320
lcl|CP015118.1_prot_ARN23564.1_5678	iJN1463.PP_2486	44.6	372	188	5	2	360	4	370	5.13e-103	308
lcl|CP015118.1_prot_ARN23564.1_5678	iJN1463.PP_3173	45.0	367	187	5	4	362	3	362	1.55e-102	306
lcl|CP015118.1_prot_ARN23565.1_5679	iJN1463.PP_0072	29.5	319	189	10	28	331	26	323	4.13e-23	97.4
lcl|CP015118.1_prot_ARN23568.1_5682	iML1515.b2371	32.7	352	232	2	2	353	8	354	2.59e-56	189
lcl|CP015118.1_prot_ARN23574.1_5689	iJN1463.PP_1700	48.1	624	315	5	8	628	39	656	1.56e-182	531
lcl|CP015118.1_prot_ARN23575.1_5690	iCN718.ABAYE_RS13105	49.6	270	134	2	6	275	4	271	4.07e-88	263
lcl|CP015118.1_prot_ARN23575.1_5690	iCN718.ABAYE_RS01085	48.5	266	134	3	6	270	4	267	2.09e-81	246
lcl|CP015118.1_prot_ARN23577.1_5692	iHN637.CLJU_RS03910	28.1	349	226	9	52	395	9	337	2.87e-35	134
lcl|CP015118.1_prot_ARN23577.1_5692	iNF517.LLMG_RS07160	28.9	377	231	10	57	422	8	358	3.75e-35	134
lcl|CP015118.1_prot_ARN23577.1_5692	iAF987.Gmet_3535	35.1	279	167	7	50	322	2	272	6.45e-32	125
lcl|CP015118.1_prot_ARN23577.1_5692	iSynCJ816.SGL_RS10380	26.8	395	258	8	52	425	54	438	2.07e-31	125
lcl|CP015118.1_prot_ARN23577.1_5692	iYO844.BSU25500	26.3	372	254	7	57	422	4	361	1.06e-30	121
lcl|CP015118.1_prot_ARN24109.1_5704	iCHOv1.100772204	43.1	538	286	8	3	526	45	576	3.94e-132	396
lcl|CP015118.1_prot_ARN24109.1_5704	iMM1415.218865	42.1	537	293	7	3	526	42	573	2.03e-131	394
lcl|CP015118.1_prot_ARN24109.1_5704	iML1515.b0311	40.7	536	300	13	3	526	2	531	1.87e-118	360
lcl|CP015118.1_prot_ARN23589.1_5706	iCN718.ABAYE_RS14020	33.7	261	160	5	34	283	68	326	5.35e-43	149
lcl|CP015118.1_prot_ARN23590.1_5707	iJN1463.PP_0833	61.6	370	135	2	2	371	1	363	2.46e-161	456
lcl|CP015118.1_prot_ARN23593.1_5710	iAF987.Gmet_1914	29.1	103	70	2	2	104	3	102	1.23e-06	48.1
lcl|CP015118.1_prot_ARN23593.1_5710	iEK1008.Rv0386	46.0	63	34	0	153	215	1021	1083	1.50e-06	48.1
lcl|CP015118.1_prot_ARN23593.1_5710	iAF987.Gmet_0069	34.4	122	74	4	2	119	3	122	3.29e-06	46.6
lcl|CP015118.1_prot_ARN23597.1_5714	iCN718.ABAYE_RS07200	23.0	422	250	18	20	390	35	432	5.49e-10	60.5
lcl|CP015118.1_prot_ARN23598.1_5715	iJN1463.PP_0832	59.1	347	132	3	7	351	3	341	5.55e-129	372
lcl|CP015118.1_prot_ARN23602.1_5719	iYS854.USA300HOU_RS11550	31.4	137	93	1	39	175	11	146	1.08e-12	62.0
lcl|CP015118.1_prot_ARN23605.1_5723	iAF987.Gmet_0043	26.5	366	235	10	237	592	14	355	2.07e-22	101
lcl|CP015118.1_prot_ARN23611.1_5729	iJN1463.PP_3633	47.0	304	157	2	5	306	6	307	2.69e-93	279
lcl|CP015118.1_prot_ARN23612.1_5730	iHN637.CLJU_RS11570	44.8	58	26	2	10	65	9	62	9.84e-07	48.5
lcl|CP015118.1_prot_ARN23612.1_5730	iHN637.CLJU_RS02400	44.1	59	25	2	10	65	9	62	1.75e-06	47.8
lcl|CP015118.1_prot_ARN23612.1_5730	iAF987.Gmet_0662	55.6	36	16	0	10	45	9	44	6.07e-06	46.2
lcl|CP015118.1_prot_ARN23613.1_5731	iML1515.b1798	31.7	205	137	2	4	205	5	209	1.71e-28	105
lcl|CP015118.1_prot_ARN23615.1_5733	iSynCJ816.SGL_RS13580	24.9	414	252	14	11	403	9	384	1.21e-07	54.3
lcl|CP015118.1_prot_ARN23617.1_5735	iAF987.Gmet_2559	31.6	206	129	7	55	251	285	487	1.86e-11	65.5
lcl|CP015118.1_prot_ARN23618.1_5736	iAF987.Gmet_2349	28.8	518	357	8	190	699	35	548	5.25e-49	181
lcl|CP015118.1_prot_ARN23618.1_5736	iEK1008.Rv1349	40.4	240	140	2	463	700	310	548	5.59e-46	172
lcl|CP015118.1_prot_ARN23618.1_5736	iSF_1195.SF0910	28.5	508	348	9	200	699	58	558	1.09e-43	166
lcl|CP015118.1_prot_ARN23618.1_5736	iML1515.b0914	27.7	505	356	7	200	699	58	558	1.49e-43	165
lcl|CP015118.1_prot_ARN23618.1_5736	iSbBS512_1146.SbBS512_E2410	27.7	505	356	7	200	699	58	558	1.49e-43	165
lcl|CP015118.1_prot_ARN23618.1_5736	iSDY_1059.SDY_2344	27.7	505	356	7	200	699	58	558	1.49e-43	165
lcl|CP015118.1_prot_ARN23618.1_5736	iSSON_1240.SSON_0916	28.5	508	348	9	200	699	58	558	1.49e-43	165
lcl|CP015118.1_prot_ARN23622.1_5740	iYO844.BSU02760	27.0	374	214	13	7	351	5	348	8.55e-17	80.9
lcl|CP015118.1_prot_ARN24110.1_5741	iYO844.BSU02750	44.6	224	120	2	8	230	18	238	3.63e-58	184
lcl|CP015118.1_prot_ARN23624.1_5743	iAM_Pv461.PVX_087990	26.1	111	79	2	13	120	220	330	3.67e-10	55.5
lcl|CP015118.1_prot_ARN23624.1_5743	iAM_Pc455.PCYB_011630	25.2	111	80	2	13	120	220	330	2.39e-09	53.1
lcl|CP015118.1_prot_ARN23626.1_5745	iCHOv1.100758427	31.9	69	43	1	16	84	40	104	2.37e-04	40.4
lcl|CP015118.1_prot_ARN23628.1_5747	iYL1228.KPN_00817	59.5	405	151	4	1	399	1	398	5.20e-175	494
lcl|CP015118.1_prot_ARN23628.1_5747	STM_v1_0.STM0812	59.2	397	157	3	1	396	1	393	1.91e-172	488
lcl|CP015118.1_prot_ARN23628.1_5747	iSSON_1240.SSON_0768	57.3	391	163	2	1	391	1	387	9.70e-168	476
lcl|CP015118.1_prot_ARN23628.1_5747	iML1515.b0789	57.3	391	163	2	1	391	1	387	2.77e-167	475
lcl|CP015118.1_prot_ARN23628.1_5747	iSbBS512_1146.SbBS512_E2563	57.0	391	164	2	1	391	1	387	2.25e-166	473
lcl|CP015118.1_prot_ARN23628.1_5747	iSF_1195.SF0739	56.8	391	165	2	1	391	1	387	2.25e-166	473
lcl|CP015118.1_prot_ARN23628.1_5747	iSDY_1059.SDY_0814	56.6	394	167	2	1	394	1	390	3.32e-165	469
lcl|CP015118.1_prot_ARN23628.1_5747	iJN1463.PP_3264	56.0	400	165	3	1	398	1	391	9.04e-158	450
lcl|CP015118.1_prot_ARN23631.1_5750	STM_v1_0.STM1824	44.2	430	214	8	11	431	32	444	5.36e-94	290
lcl|CP015118.1_prot_ARN23631.1_5750	iPC815.YPO1773	43.1	425	227	7	11	431	31	444	1.88e-92	286
lcl|CP015118.1_prot_ARN23631.1_5750	iSbBS512_1146.SbBS512_E2073	42.6	423	231	5	11	431	31	443	3.24e-92	286
lcl|CP015118.1_prot_ARN23631.1_5750	iSF_1195.SF1416	42.6	423	231	5	11	431	31	443	4.57e-92	285
lcl|CP015118.1_prot_ARN23631.1_5750	iSSON_1240.SSON_1348	42.3	423	232	5	11	431	31	443	1.81e-91	284
lcl|CP015118.1_prot_ARN23631.1_5750	iML1515.b1812	41.8	431	239	5	11	439	31	451	3.60e-91	283
lcl|CP015118.1_prot_ARN23631.1_5750	iSDY_1059.SDY_1718	42.3	423	232	5	11	431	31	443	7.96e-90	280
lcl|CP015118.1_prot_ARN23631.1_5750	iYL1228.KPN_02328	41.6	433	237	7	11	439	29	449	1.76e-84	266
lcl|CP015118.1_prot_ARN23631.1_5750	iJN1463.PP_2329	39.9	444	244	9	3	441	20	445	1.53e-84	266
lcl|CP015118.1_prot_ARN23633.1_5752	iJN1463.PP_4984	53.6	420	183	4	6	413	9	428	4.51e-151	436
lcl|CP015118.1_prot_ARN23634.1_5753	iYL1228.KPN_00803	46.1	206	105	2	3	202	5	210	4.92e-52	167
lcl|CP015118.1_prot_ARN23634.1_5753	iJN1463.PP_0366	43.7	213	119	1	2	213	4	216	3.27e-52	167
lcl|CP015118.1_prot_ARN23634.1_5753	iSDY_1059.SDY_0828	44.1	202	108	1	3	199	5	206	5.09e-51	164
lcl|CP015118.1_prot_ARN23634.1_5753	STM_v1_0.STM0797	44.4	205	109	1	3	202	5	209	1.57e-50	163
lcl|CP015118.1_prot_ARN23634.1_5753	iSbBS512_1146.SbBS512_E2574	44.1	202	108	1	3	199	5	206	1.44e-50	163
lcl|CP015118.1_prot_ARN23634.1_5753	iSSON_1240.SSON_0757	44.1	202	108	1	3	199	5	206	4.08e-50	162
lcl|CP015118.1_prot_ARN23634.1_5753	iML1515.b0778	43.6	202	109	1	3	199	5	206	1.15e-49	161
lcl|CP015118.1_prot_ARN23634.1_5753	iSF_1195.SF0728	43.6	202	109	1	3	199	5	206	6.52e-49	159
lcl|CP015118.1_prot_ARN23635.1_5754	iJN1463.PP_0363	51.2	375	177	3	12	383	9	380	2.58e-113	335
lcl|CP015118.1_prot_ARN23635.1_5754	iAF987.Gmet_0842	46.5	383	202	2	7	386	4	386	3.88e-102	307
lcl|CP015118.1_prot_ARN23638.1_5757	iJN1463.PP_2008	65.1	681	228	4	4	682	21	693	4.86e-298	828
lcl|CP015118.1_prot_ARN23639.1_5759	iAF987.Gmet_1105	32.2	665	402	8	15	658	16	652	2.71e-90	294
lcl|CP015118.1_prot_ARN23639.1_5759	iJN1463.PP_5246	35.5	555	336	9	3	553	6	542	4.38e-83	273
lcl|CP015118.1_prot_ARN23640.1_5760	iJN1463.PP_0957	53.9	317	146	0	17	333	8	324	1.09e-110	324
lcl|CP015118.1_prot_ARN23640.1_5760	STM_v1_0.STM3315	55.4	323	140	2	11	333	10	328	5.04e-110	323
lcl|CP015118.1_prot_ARN23640.1_5760	iSF_1195.SF3237	55.1	323	141	2	11	333	10	328	2.03e-109	321
lcl|CP015118.1_prot_ARN23640.1_5760	iML1515.b3197	55.1	323	141	2	11	333	10	328	2.88e-109	321
lcl|CP015118.1_prot_ARN23640.1_5760	iSbBS512_1146.SbBS512_E3573	55.1	323	141	2	11	333	10	328	2.88e-109	321
lcl|CP015118.1_prot_ARN23640.1_5760	iSSON_1240.SSON_3345	55.1	323	141	2	11	333	10	328	2.88e-109	321
lcl|CP015118.1_prot_ARN23640.1_5760	iSDY_1059.SDY_3378	55.1	323	141	2	11	333	10	328	5.79e-109	320
lcl|CP015118.1_prot_ARN23640.1_5760	iYL1228.KPN_03607	53.1	326	149	2	8	333	13	334	8.10e-108	317
lcl|CP015118.1_prot_ARN23640.1_5760	iPC815.YPO3577	52.0	327	153	2	10	333	3	328	8.74e-106	312
lcl|CP015118.1_prot_ARN23640.1_5760	iAF987.Gmet_1278	53.7	313	143	1	20	330	6	318	4.83e-101	300
lcl|CP015118.1_prot_ARN23640.1_5760	iCN718.ABAYE_RS12520	49.7	314	157	1	20	332	11	324	1.56e-100	298
lcl|CP015118.1_prot_ARN23641.1_5761	iJN1463.PP_0956	50.3	161	80	0	14	174	4	164	4.26e-51	162
lcl|CP015118.1_prot_ARN23643.1_5763	iJN1463.PP_4862	35.9	184	108	4	7	185	5	183	2.86e-19	84.0
lcl|CP015118.1_prot_ARN23643.1_5763	iMM1415.15485	36.1	191	111	6	6	189	5	191	1.67e-18	83.2
lcl|CP015118.1_prot_ARN23643.1_5763	iCHOv1.100750866	35.6	191	112	6	6	189	5	191	5.29e-18	81.6
lcl|CP015118.1_prot_ARN23643.1_5763	STM_v1_0.STM1511	31.7	183	120	3	6	187	2	180	4.84e-18	80.5
lcl|CP015118.1_prot_ARN23643.1_5763	iSDY_1059.SDY_1586	28.6	182	127	1	6	187	2	180	4.66e-17	77.8
lcl|CP015118.1_prot_ARN23643.1_5763	iYL1228.KPN_01590	28.1	221	135	5	6	218	2	206	9.01e-17	77.0
lcl|CP015118.1_prot_ARN23643.1_5763	iSbBS512_1146.SbBS512_E1701	29.5	190	115	4	6	187	2	180	8.88e-17	77.0
lcl|CP015118.1_prot_ARN23643.1_5763	iSF_1195.SF1556	28.6	182	127	1	6	187	2	180	8.88e-17	77.0
lcl|CP015118.1_prot_ARN23643.1_5763	iML1515.b1539	29.5	190	115	4	6	187	2	180	1.22e-16	76.6
lcl|CP015118.1_prot_ARN23643.1_5763	iSSON_1240.SSON_1589	29.5	190	115	4	6	187	2	180	1.22e-16	76.6
lcl|CP015118.1_prot_ARN23647.1_5767	iCHOv1.100772204	41.6	531	300	4	6	529	46	573	2.07e-130	392
lcl|CP015118.1_prot_ARN23647.1_5767	iMM1415.218865	40.5	531	306	4	6	529	43	570	1.68e-128	387
lcl|CP015118.1_prot_ARN23651.1_5771	iAF987.Gmet_2444	39.3	89	53	1	221	309	21	108	2.61e-07	52.8
lcl|CP015118.1_prot_ARN23651.1_5771	iHN637.CLJU_RS06865	31.2	93	63	1	217	309	1	92	7.37e-06	48.1
