project_gene_id	organism_key	species_name	assembly_accession	canonical_locus_tag	canonical_model_gene_id	protein_accession	gene_symbol	product	mapping_status	mapping_method	reaction_count	reaction_ids	evidence
CCG_NS21_A4W93_00085	NS21	Rhizobacter gummiphilus NS21	CP015118.1	A4W93_00085	A4W93_00085	ARN23654.1		DNA methyltransferase	mapped	native_locus_tag	1	CYTOM	
CCG_NS21_A4W93_00140	NS21	Rhizobacter gummiphilus NS21	CP015118.1	A4W93_00140	A4W93_00140	ARN18451.1	fusA	elongation factor G	mapped	native_locus_tag	1	NTP3	
CCG_NS21_A4W93_00165	NS21	Rhizobacter gummiphilus NS21	CP015118.1	A4W93_00165	A4W93_00165	ARN18456.1		transporter	mapped	native_locus_tag	1	SKMt2	
CCG_NS21_A4W93_00185	NS21	Rhizobacter gummiphilus NS21	CP015118.1	A4W93_00185	A4W93_00185	ARN18460.1		short-chain dehydrogenase	mapped	native_locus_tag	1	SBTPD	
CCG_NS21_A4W93_00190	NS21	Rhizobacter gummiphilus NS21	CP015118.1	A4W93_00190	A4W93_00190	ARN18461.1		sugar isomerase	mapped	native_locus_tag	1	RMI	
CCG_NS21_A4W93_00195	NS21	Rhizobacter gummiphilus NS21	CP015118.1	A4W93_00195	A4W93_00195	ARN18462.1		rhamnose ABC transporter substrate-binding protein	mapped	native_locus_tag	1	AI2abcpp	
CCG_NS21_A4W93_00200	NS21	Rhizobacter gummiphilus NS21	CP015118.1	A4W93_00200	A4W93_00200	ARN18463.1		D-xylose ABC transporter ATP-binding protein	mapped	native_locus_tag	2	RIBabcpp;XYLabc	
CCG_NS21_A4W93_00205	NS21	Rhizobacter gummiphilus NS21	CP015118.1	A4W93_00205	A4W93_00205	ARN18464.1		branched-chain amino acid ABC transporter permease	mapped	native_locus_tag	2	GALabcpp;GLCabcpp	
CCG_NS21_A4W93_00210	NS21	Rhizobacter gummiphilus NS21	CP015118.1	A4W93_00210	A4W93_00210	ARN18465.1		branched-chain amino acid ABC transporter permease	mapped	native_locus_tag	2	AI2abcpp;DGUNC	
CCG_NS21_A4W93_00230	NS21	Rhizobacter gummiphilus NS21	CP015118.1	A4W93_00230	A4W93_00230	ARN18469.1		MFS transporter	mapped	native_locus_tag	1	XYLt2	
CCG_NS21_A4W93_00270	NS21	Rhizobacter gummiphilus NS21	CP015118.1	A4W93_00270	A4W93_00270	ARN18476.1		hypothetical protein	mapped	native_locus_tag	1	ORNCD	
CCG_NS21_A4W93_00320	NS21	Rhizobacter gummiphilus NS21	CP015118.1	A4W93_00320	A4W93_00320	ARN18485.1		hypothetical protein	mapped	native_locus_tag	1	UGLYCH	
CCG_NS21_A4W93_00340	NS21	Rhizobacter gummiphilus NS21	CP015118.1	A4W93_00340	A4W93_00340	ARN18488.1		methylmalonate-semialdehyde dehydrogenase (acylating)	mapped	native_locus_tag	4	MMSAD1;MMSAD3;MMTSAO;PPNDH2	
CCG_NS21_A4W93_00360	NS21	Rhizobacter gummiphilus NS21	CP015118.1	A4W93_00360	A4W93_00360	ARN18492.1		hypothetical protein	mapped	native_locus_tag	1	UDPG4E	
CCG_NS21_A4W93_00420	NS21	Rhizobacter gummiphilus NS21	CP015118.1	A4W93_00420	A4W93_00420	ARN18502.1		ethanolamine ammonia-lyase	mapped	native_locus_tag	1	ETHAAL	
CCG_NS21_A4W93_00425	NS21	Rhizobacter gummiphilus NS21	CP015118.1	A4W93_00425	A4W93_00425	ARN18503.1		ethanolamine ammonia-lyase	mapped	native_locus_tag	1	ETHAAL	
CCG_NS21_A4W93_00430	NS21	Rhizobacter gummiphilus NS21	CP015118.1	A4W93_00430	A4W93_00430	ARN18504.1		ethanolamine permease	mapped	native_locus_tag	1	ETHAt2pp	
CCG_NS21_A4W93_00445	NS21	Rhizobacter gummiphilus NS21	CP015118.1	A4W93_00445	A4W93_00445	ARN18507.1		polar amino acid ABC transporter permease	mapped	native_locus_tag	3	ASPabc;GLNabcpp;GLUabc	
CCG_NS21_A4W93_00450	NS21	Rhizobacter gummiphilus NS21	CP015118.1	A4W93_00450	A4W93_00450	ARN18508.1		amino acid ABC transporter permease	mapped	native_locus_tag	3	ARGabcpp;GLNabcpp;LYSabcpp	
CCG_NS21_A4W93_00455	NS21	Rhizobacter gummiphilus NS21	CP015118.1	A4W93_00455	A4W93_00455	ARN18509.1		amino acid ABC transporter ATP-binding protein	mapped	native_locus_tag	11	ARGabcpp;ASPabc;CYSabc;CYSabcpp;GLNabc;GLNabcpp;GLUabc;GTHRDt2_1;HISabcpp;LYSabcpp;ORNabcpp	
CCG_NS21_A4W93_00465	NS21	Rhizobacter gummiphilus NS21	CP015118.1	A4W93_00465	A4W93_00465	ARN18511.1	fadH	NADPH-dependent 2,4-dienoyl-CoA reductase	mapped	native_locus_tag	1	24DECOAR	
CCG_NS21_A4W93_00475	NS21	Rhizobacter gummiphilus NS21	CP015118.1	A4W93_00475	A4W93_00475	ARN18513.1		transporter	mapped	native_locus_tag	1	BHBtpp	
CCG_NS21_A4W93_00490	NS21	Rhizobacter gummiphilus NS21	CP015118.1	A4W93_00490	A4W93_00490	ARN18516.1		hydantoin racemase	mapped	native_locus_tag	1	ALLTNRA	
CCG_NS21_A4W93_00500	NS21	Rhizobacter gummiphilus NS21	CP015118.1	A4W93_00500	A4W93_00500	ARN18518.1		amino acid ABC transporter substrate-binding protein	mapped	native_locus_tag	3	ARGabc;LYSabc;ORNabc	
CCG_NS21_A4W93_00510	NS21	Rhizobacter gummiphilus NS21	CP015118.1	A4W93_00510	A4W93_00510	ARN18520.1		nucleotide pyrophosphohydrolase	mapped	native_locus_tag	3	NTPP3;NTPP5;NTPP7	
CCG_NS21_A4W93_00525	NS21	Rhizobacter gummiphilus NS21	CP015118.1	A4W93_00525	A4W93_00525	ARN18523.1		ABC transporter substrate-binding protein	mapped	native_locus_tag	2	GTHRDabcpp;NI2uabcpp	
CCG_NS21_A4W93_00530	NS21	Rhizobacter gummiphilus NS21	CP015118.1	A4W93_00530	A4W93_00530	ARN18524.1		ABC transporter permease	mapped	native_locus_tag	1	NI2uabcpp	
CCG_NS21_A4W93_00535	NS21	Rhizobacter gummiphilus NS21	CP015118.1	A4W93_00535	A4W93_00535	ARN18525.1		ABC transporter permease	mapped	native_locus_tag	19	ALAALAabcpp;ALAGLUabcpp;ALAHISabcpp;ALALEUabcpp;ALATHRabcpp;ALATRPabcpp;CGLYabcpp;GLYGLNabcpp;GLYGLUabcpp;GLYGLYabcpp;GLYMETabcpp;GLYPHEabcpp;GLYSERabcpp;GTHRDabcpp;HISGLYabcpp;HISHISabcpp;LEULEUabcpp;NI2uabcpp;PROGLYabcpp	
CCG_NS21_A4W93_00540	NS21	Rhizobacter gummiphilus NS21	CP015118.1	A4W93_00540	A4W93_00540	ARN18526.1		dipeptide/oligopeptide/nickel ABC transporter ATP-binding protein	mapped	native_locus_tag	3	ALAALAabcpp;CGLYabcpp;PROGLYabcpp	
CCG_NS21_A4W93_00545	NS21	Rhizobacter gummiphilus NS21	CP015118.1	A4W93_00545	A4W93_00545	ARN18527.1	dppD	peptide ABC transporter ATP-binding protein	mapped	native_locus_tag	1	ALAALAabcpp	
CCG_NS21_A4W93_00575	NS21	Rhizobacter gummiphilus NS21	CP015118.1	A4W93_00575	A4W93_00575	ARN18531.1		1-phosphofructokinase	mapped	native_locus_tag	1	FRUK	
CCG_NS21_A4W93_00580	NS21	Rhizobacter gummiphilus NS21	CP015118.1	A4W93_00580	A4W93_00580	ARN18532.1		shikimate 5-dehydrogenase	mapped	native_locus_tag	1	SHK3Dr	
CCG_NS21_A4W93_00675	NS21	Rhizobacter gummiphilus NS21	CP015118.1	A4W93_00675	A4W93_00675	ARN18549.1		ferredoxin--NADP(+) reductase	mapped	native_locus_tag	1	FE3DCITR3	
CCG_NS21_A4W93_00680	NS21	Rhizobacter gummiphilus NS21	CP015118.1	A4W93_00680	A4W93_00680	ARN18550.1		multidrug transporter	mapped	native_locus_tag	14	APCt5;APCt6;CMt2ex;CMtpp;INDOLEt5;INDOLEt6;MXYLt5;MXYLt6;PXYLt5;PXYLt6;TOLt5;TOLt6;TTRCYCt5;TTRCYCtpp	
CCG_NS21_A4W93_00685	NS21	Rhizobacter gummiphilus NS21	CP015118.1	A4W93_00685	A4W93_00685	ARN18551.1		multidrug efflux RND transporter permease subunit	mapped	native_locus_tag	1	INDOLEt2pp	
CCG_NS21_A4W93_00690	NS21	Rhizobacter gummiphilus NS21	CP015118.1	A4W93_00690	A4W93_00690	ARN18552.1		efflux transporter periplasmic adaptor subunit	mapped	native_locus_tag	18	APCt5;APCt6;CMt2ex;CMtpp;DOXRBCNtpp;FUSAtpp;INDOLEt2pp;INDOLEt5;INDOLEt6;MXYLt5;MXYLt6;NOVBCNtpp;PXYLt5;PXYLt6;TOLt5;TOLt6;TTRCYCt5;TTRCYCtpp	
CCG_NS21_A4W93_00710	NS21	Rhizobacter gummiphilus NS21	CP015118.1	A4W93_00710	A4W93_00710	ARN18555.1		D-3-phosphoglycerate dehydrogenase	mapped	native_locus_tag	2	AHGDx;PGCD	
CCG_NS21_A4W93_00740	NS21	Rhizobacter gummiphilus NS21	CP015118.1	A4W93_00740	A4W93_00740	ARN18560.1		FMN-dependent NADH-azoreductase	mapped	native_locus_tag	1	ACPpds	
CCG_NS21_A4W93_00800	NS21	Rhizobacter gummiphilus NS21	CP015118.1	A4W93_00800	A4W93_00800	ARN18569.1		hypothetical protein	mapped	native_locus_tag	1	SO4t2pp	
CCG_NS21_A4W93_00830	NS21	Rhizobacter gummiphilus NS21	CP015118.1	A4W93_00830	A4W93_00830	ARN18575.1		hypothetical protein	mapped	native_locus_tag	1	PDE4	
CCG_NS21_A4W93_00835	NS21	Rhizobacter gummiphilus NS21	CP015118.1	A4W93_00835	A4W93_00835	ARN18576.1		ABC transporter ATP-binding protein	mapped	native_locus_tag	3	3PEPTabcpp;4PEPTabcpp;GTHRDabcpp	
CCG_NS21_A4W93_00840	NS21	Rhizobacter gummiphilus NS21	CP015118.1	A4W93_00840	A4W93_00840	ARN18577.1		peptide ABC transporter permease	mapped	native_locus_tag	5	PROHISGLUtr;RMNabc;SERGLUGLNtr;XYLANabc;XYLabc	
CCG_NS21_A4W93_00850	NS21	Rhizobacter gummiphilus NS21	CP015118.1	A4W93_00850	A4W93_00850	ARN18579.1		bicyclomycin resistance protein	mapped	native_locus_tag	2	3PEPTabcpp;4PEPTabcpp	
CCG_NS21_A4W93_00855	NS21	Rhizobacter gummiphilus NS21	CP015118.1	A4W93_00855	A4W93_00855	ARN18580.1		thiol reductase thioredoxin	mapped	native_locus_tag	11	ADSELR;APSR;METSOXR1;METSOXR2;PAPSR;RNDR1;RNDR2;RNDR3;RNDR4;THIORDXi;TRDR	
CCG_NS21_A4W93_00875	NS21	Rhizobacter gummiphilus NS21	CP015118.1	A4W93_00875	A4W93_00875	ARN23666.1		MFS transporter	mapped	native_locus_tag	3	AGM3Pt2pp;AGM4Pt2pp;AGMt2pp	
CCG_NS21_A4W93_00895	NS21	Rhizobacter gummiphilus NS21	CP015118.1	A4W93_00895	A4W93_00895	ARN18587.1		hypothetical protein	mapped	native_locus_tag	1	GLYCS_I	
CCG_NS21_A4W93_00930	NS21	Rhizobacter gummiphilus NS21	CP015118.1	A4W93_00930	A4W93_00930	ARN18593.1		catalase HPII	mapped	native_locus_tag	1	CAT	
CCG_NS21_A4W93_00960	NS21	Rhizobacter gummiphilus NS21	CP015118.1	A4W93_00960	A4W93_00960	ARN18598.1		MBL fold metallo-hydrolase	mapped	native_locus_tag	1	GLYOX	
CCG_NS21_A4W93_01035	NS21	Rhizobacter gummiphilus NS21	CP015118.1	A4W93_01035	A4W93_01035	ARN18613.1		nitric oxide dioxygenase	mapped	native_locus_tag	2	NODOx;NODOy	
CCG_NS21_A4W93_01070	NS21	Rhizobacter gummiphilus NS21	CP015118.1	A4W93_01070	A4W93_01070	ARN18620.1		orotate phosphoribosyltransferase	mapped	native_locus_tag	1	ORPT	
CCG_NS21_A4W93_01110	NS21	Rhizobacter gummiphilus NS21	CP015118.1	A4W93_01110	A4W93_01110	ARN18628.1		penicillin-binding protein 2	mapped	native_locus_tag	2	MCTP1App;MCTP2App	
CCG_NS21_A4W93_01145	NS21	Rhizobacter gummiphilus NS21	CP015118.1	A4W93_01145	A4W93_01145	ARN18634.1	sucC	succinate--CoA ligase subunit beta	mapped	native_locus_tag	1	SUCOAS	
CCG_NS21_A4W93_01150	NS21	Rhizobacter gummiphilus NS21	CP015118.1	A4W93_01150	A4W93_01150	ARN18635.1		succinate--CoA ligase subunit alpha	mapped	native_locus_tag	1	SUCOAS	
CCG_NS21_A4W93_01165	NS21	Rhizobacter gummiphilus NS21	CP015118.1	A4W93_01165	A4W93_01165	ARN18638.1		protein phosphatase	mapped	native_locus_tag	1	PSP_L	
CCG_NS21_A4W93_01170	NS21	Rhizobacter gummiphilus NS21	CP015118.1	A4W93_01170	A4W93_01170	ARN18639.1		FHA domain-containing protein	mapped	native_locus_tag	2	ADNCYC;GUACYC	
CCG_NS21_A4W93_01175	NS21	Rhizobacter gummiphilus NS21	CP015118.1	A4W93_01175	A4W93_01175	ARN18640.1		3',5'-cyclic-nucleotide phosphodiesterase	mapped	native_locus_tag	1	PDE1	
CCG_NS21_A4W93_01210	NS21	Rhizobacter gummiphilus NS21	CP015118.1	A4W93_01210	A4W93_01210	ARN18646.1		hypothetical protein	mapped	native_locus_tag	2	MLDEP1pp;MLDEP2pp	
CCG_NS21_A4W93_01220	NS21	Rhizobacter gummiphilus NS21	CP015118.1	A4W93_01220	A4W93_01220	ARN18648.1		penicillin-binding protein 1C	mapped	native_locus_tag	2	MPTG;MPTG2	
CCG_NS21_A4W93_01225	NS21	Rhizobacter gummiphilus NS21	CP015118.1	A4W93_01225	A4W93_01225	ARN18649.1		alanine transaminase	mapped	native_locus_tag	1	ALATA_L	
CCG_NS21_A4W93_01245	NS21	Rhizobacter gummiphilus NS21	CP015118.1	A4W93_01245	A4W93_01245	ARN18653.1		biopolymer transporter ExbD	mapped	native_locus_tag	2	FE3DCITtonex;FEENTERtonex	
CCG_NS21_A4W93_01300	NS21	Rhizobacter gummiphilus NS21	CP015118.1	A4W93_01300	A4W93_01300	ARN18663.1		oxidoreductase	mapped	native_locus_tag	1	SULR	
CCG_NS21_A4W93_01315	NS21	Rhizobacter gummiphilus NS21	CP015118.1	A4W93_01315	A4W93_01315	ARN18666.1		hypothetical protein	mapped	native_locus_tag	1	PYOVD2tex	
CCG_NS21_A4W93_01320	NS21	Rhizobacter gummiphilus NS21	CP015118.1	A4W93_01320	A4W93_01320	ARN18667.1		macrolide ABC transporter permease/ATP-binding protein MacB	mapped	native_locus_tag	1	PYOVD2tex	
CCG_NS21_A4W93_01325	NS21	Rhizobacter gummiphilus NS21	CP015118.1	A4W93_01325	A4W93_01325	ARN18668.1		efflux transporter periplasmic adaptor subunit	mapped	native_locus_tag	1	PYOVD2tex	
CCG_NS21_A4W93_01360	NS21	Rhizobacter gummiphilus NS21	CP015118.1	A4W93_01360	A4W93_01360	ARN23672.1		excinuclease ABC subunit A	mapped	native_locus_tag	1	MNabc	
CCG_NS21_A4W93_01520	NS21	Rhizobacter gummiphilus NS21	CP015118.1	A4W93_01520	A4W93_01520	ARN18703.1		hypothetical protein	mapped	native_locus_tag	2	HXAND;XAND	
CCG_NS21_A4W93_01525	NS21	Rhizobacter gummiphilus NS21	CP015118.1	A4W93_01525	A4W93_01525	ARN23674.1		aldehyde oxidase	mapped	native_locus_tag	2	HXAND;XAND	
CCG_NS21_A4W93_01535	NS21	Rhizobacter gummiphilus NS21	CP015118.1	A4W93_01535	A4W93_01535	ARN18705.1		sodium:solute symporter	mapped	native_locus_tag	1	PROt2r	
CCG_NS21_A4W93_01575	NS21	Rhizobacter gummiphilus NS21	CP015118.1	A4W93_01575	A4W93_01575	ARN18711.1		dihydrodipicolinate synthase family protein	mapped	native_locus_tag	2	1PY4h3cAH;DHDPS	
CCG_NS21_A4W93_01595	NS21	Rhizobacter gummiphilus NS21	CP015118.1	A4W93_01595	A4W93_01595	ARN18715.1		2,5-dioxovalerate dehydrogenase	mapped	native_locus_tag	1	DOPDH	
CCG_NS21_A4W93_01620	NS21	Rhizobacter gummiphilus NS21	CP015118.1	A4W93_01620	A4W93_01620	ARN18719.1		glycerol-3-phosphatase	mapped	native_locus_tag	5	F1PP;F6PP;G1PP;G6PP;R5PP	
CCG_NS21_A4W93_01630	NS21	Rhizobacter gummiphilus NS21	CP015118.1	A4W93_01630	A4W93_01630	ARN18721.1		hypothetical protein	mapped	native_locus_tag	3	CDGUNPD;PDE1;PDE4	
CCG_NS21_A4W93_01645	NS21	Rhizobacter gummiphilus NS21	CP015118.1	A4W93_01645	A4W93_01645	ARN23678.1		glutamine synthetase	mapped	native_locus_tag	4	GG15DAPS;GGDAPS;GGPTRCS;GLNS	
CCG_NS21_A4W93_01655	NS21	Rhizobacter gummiphilus NS21	CP015118.1	A4W93_01655	A4W93_01655	ARN18725.1		pyridine nucleotide-disulfide oxidoreductase	mapped	native_locus_tag	2	CINNDO;PPPNDO	
CCG_NS21_A4W93_01665	NS21	Rhizobacter gummiphilus NS21	CP015118.1	A4W93_01665	A4W93_01665	ARN18727.1		short-chain dehydrogenase	mapped	native_locus_tag	9	BDH;FAS100;FAS120;FAS140;FAS160;FAS161;FAS180;FAS181;FAS80_L	
CCG_NS21_A4W93_01675	NS21	Rhizobacter gummiphilus NS21	CP015118.1	A4W93_01675	A4W93_01675	ARN18729.1		hypothetical protein	mapped	native_locus_tag	1	ADD	
CCG_NS21_A4W93_01680	NS21	Rhizobacter gummiphilus NS21	CP015118.1	A4W93_01680	A4W93_01680	ARN18730.1		5-oxoprolinase	mapped	native_locus_tag	1	OPAH	
CCG_NS21_A4W93_01685	NS21	Rhizobacter gummiphilus NS21	CP015118.1	A4W93_01685	A4W93_01685	ARN18731.1		methylhydantoinase	mapped	native_locus_tag	1	OPAH	
CCG_NS21_A4W93_01720	NS21	Rhizobacter gummiphilus NS21	CP015118.1	A4W93_01720	A4W93_01720	ARN18738.1		cystathionine beta-lyase	mapped	native_locus_tag	2	CYSDS;CYSTL	
CCG_NS21_A4W93_01725	NS21	Rhizobacter gummiphilus NS21	CP015118.1	A4W93_01725	A4W93_01725	ARN18739.1		betaine-aldehyde dehydrogenase	mapped	native_locus_tag	14	ABUTD;ALDD1;ALDD19xr;ALDD2x;ALDD3;ALDD31_1;ALDD4;ALDD4x;ALDD5;ALDD6;GCALDD;GLXO1;GLYALDDr;LCADi	
CCG_NS21_A4W93_01745	NS21	Rhizobacter gummiphilus NS21	CP015118.1	A4W93_01745	A4W93_01745	ARN18743.1		hypothetical protein	mapped	native_locus_tag	5	CU2tonex;FE3DCITtonex;FEENTERtonex;PHEMEtonex;SHEMEtonex	
CCG_NS21_A4W93_01780	NS21	Rhizobacter gummiphilus NS21	CP015118.1	A4W93_01780	A4W93_01780	ARN23679.1		ABC transporter permease	mapped	native_locus_tag	1	NO3abc	
CCG_NS21_A4W93_01785	NS21	Rhizobacter gummiphilus NS21	CP015118.1	A4W93_01785	A4W93_01785	ARN18750.1		nitrate ABC transporter ATP-binding protein	mapped	native_locus_tag	3	BUTSO3abcpp;ISETACabcpp;TAURabcpp	
CCG_NS21_A4W93_01795	NS21	Rhizobacter gummiphilus NS21	CP015118.1	A4W93_01795	A4W93_01795	ARN18752.1		allantoinase	mapped	native_locus_tag	1	ALLTN	
CCG_NS21_A4W93_01800	NS21	Rhizobacter gummiphilus NS21	CP015118.1	A4W93_01800	A4W93_01800	ARN18753.1		short-chain dehydrogenase	mapped	native_locus_tag	1	BDH	
CCG_NS21_A4W93_01805	NS21	Rhizobacter gummiphilus NS21	CP015118.1	A4W93_01805	A4W93_01805	ARN18754.1		ABC transporter substrate-binding protein	mapped	native_locus_tag	1	NO3abc	
CCG_NS21_A4W93_01825	NS21	Rhizobacter gummiphilus NS21	CP015118.1	A4W93_01825	A4W93_01825	ARN18758.1		hypothetical protein	mapped	native_locus_tag	1	R_ROXB	
CCG_NS21_A4W93_01905	NS21	Rhizobacter gummiphilus NS21	CP015118.1	A4W93_01905	A4W93_01905	ARN18774.1		dehydrogenase	mapped	native_locus_tag	2	ACTD;ACTDa	
CCG_NS21_A4W93_01935	NS21	Rhizobacter gummiphilus NS21	CP015118.1	A4W93_01935	A4W93_01935	ARN18780.1		GMP synthase	mapped	native_locus_tag	1	GMPS2	
CCG_NS21_A4W93_02010	NS21	Rhizobacter gummiphilus NS21	CP015118.1	A4W93_02010	A4W93_02010	ARN18795.1		multidrug efflux RND transporter permease subunit	mapped	native_locus_tag	4	DNTAep;FALDep;MDNTHAep;TNTep	
CCG_NS21_A4W93_02015	NS21	Rhizobacter gummiphilus NS21	CP015118.1	A4W93_02015	A4W93_02015	ARN18796.1		efflux transporter periplasmic adaptor subunit	mapped	native_locus_tag	4	DNTAep;FALDep;MDNTHAep;TNTep	
CCG_NS21_A4W93_02055	NS21	Rhizobacter gummiphilus NS21	CP015118.1	A4W93_02055	A4W93_02055			diguanylate phosphodiesterase	mapped	native_locus_tag	1	PDE4	
CCG_NS21_A4W93_02070	NS21	Rhizobacter gummiphilus NS21	CP015118.1	A4W93_02070	A4W93_02070	ARN18804.1	mnmA	tRNA 2-thiouridine(34) synthase MnmA	mapped	native_locus_tag	2	NADS1;NADS2	
CCG_NS21_A4W93_02075	NS21	Rhizobacter gummiphilus NS21	CP015118.1	A4W93_02075	A4W93_02075	ARN18805.1		NUDIX hydrolase	mapped	native_locus_tag	3	2MAHMP;NDP3;TDP	
CCG_NS21_A4W93_02080	NS21	Rhizobacter gummiphilus NS21	CP015118.1	A4W93_02080	A4W93_02080	ARN18806.1		NADP transhydrogenase subunit alpha	mapped	native_locus_tag	2	NADTRHD;THD2pp	
CCG_NS21_A4W93_02085	NS21	Rhizobacter gummiphilus NS21	CP015118.1	A4W93_02085	A4W93_02085	ARN18807.1		aspartate 1-decarboxylase	mapped	native_locus_tag	1	ASP1DC	
CCG_NS21_A4W93_02095	NS21	Rhizobacter gummiphilus NS21	CP015118.1	A4W93_02095	A4W93_02095	ARN18809.1		NAD synthetase	mapped	native_locus_tag	2	NADTRHD;THD2pp	
CCG_NS21_A4W93_02180	NS21	Rhizobacter gummiphilus NS21	CP015118.1	A4W93_02180	A4W93_02180	ARN18825.1		malate synthase A	mapped	native_locus_tag	1	MALS	
CCG_NS21_A4W93_02235	NS21	Rhizobacter gummiphilus NS21	CP015118.1	A4W93_02235	A4W93_02235	ARN18835.1		4-hydroxy-tetrahydrodipicolinate synthase	mapped	native_locus_tag	1	DHDPS	
CCG_NS21_A4W93_02250	NS21	Rhizobacter gummiphilus NS21	CP015118.1	A4W93_02250	A4W93_02250	ARN18838.1		Orotidine 5'-phosphate decarboxylase	mapped	native_locus_tag	1	OMPDC	
CCG_NS21_A4W93_02255	NS21	Rhizobacter gummiphilus NS21	CP015118.1	A4W93_02255	A4W93_02255	ARN18839.1		adenylosuccinate lyase	mapped	native_locus_tag	2	ADSL1r;ADSL2r	
CCG_NS21_A4W93_02260	NS21	Rhizobacter gummiphilus NS21	CP015118.1	A4W93_02260	A4W93_02260	ARN18840.1		uracil phosphoribosyltransferase	mapped	native_locus_tag	1	UPPRT	
CCG_NS21_A4W93_02265	NS21	Rhizobacter gummiphilus NS21	CP015118.1	A4W93_02265	A4W93_02265	ARN18841.1		cytosine deaminase	mapped	native_locus_tag	1	CSND	
CCG_NS21_A4W93_02285	NS21	Rhizobacter gummiphilus NS21	CP015118.1	A4W93_02285	A4W93_02285	ARN23684.1		glutamate synthase	mapped	native_locus_tag	1	GLUSfx	
CCG_NS21_A4W93_02305	NS21	Rhizobacter gummiphilus NS21	CP015118.1	A4W93_02305	A4W93_02305	ARN18847.1	amiE	acylamide amidohydrolase	mapped	native_locus_tag	2	AMID2;AMID4	
CCG_NS21_A4W93_02310	NS21	Rhizobacter gummiphilus NS21	CP015118.1	A4W93_02310	A4W93_02310	ARN18848.1		peroxiredoxin	mapped	native_locus_tag	1	NADHPO	
CCG_NS21_A4W93_02315	NS21	Rhizobacter gummiphilus NS21	CP015118.1	A4W93_02315	A4W93_02315	ARN18849.1		alkyl hydroperoxide reductase subunit F	mapped	native_locus_tag	1	NADHPO	
CCG_NS21_A4W93_02325	NS21	Rhizobacter gummiphilus NS21	CP015118.1	A4W93_02325	A4W93_02325	ARN18851.1		hypothetical protein	mapped	native_locus_tag	2	CDGUNPD;DGUNC	
CCG_NS21_A4W93_02350	NS21	Rhizobacter gummiphilus NS21	CP015118.1	A4W93_02350	A4W93_02350	ARN23688.1		Bcr/CflA family drug resistance efflux transporter	mapped	native_locus_tag	2	TOLt7;TTRCYCt7pp	
CCG_NS21_A4W93_02360	NS21	Rhizobacter gummiphilus NS21	CP015118.1	A4W93_02360	A4W93_02360	ARN18855.1		GntR family transcriptional regulator	mapped	native_locus_tag	3	PHETA1;TRPTA;TYRTAi	
CCG_NS21_A4W93_02385	NS21	Rhizobacter gummiphilus NS21	CP015118.1	A4W93_02385	A4W93_02385	ARN23690.1		hypothetical protein	mapped	native_locus_tag	1	TMPK	
CCG_NS21_A4W93_02400	NS21	Rhizobacter gummiphilus NS21	CP015118.1	A4W93_02400	A4W93_02400	ARN18861.1		FAD-dependent oxidoreductase	mapped	native_locus_tag	1	Kt2r	
CCG_NS21_A4W93_02410	NS21	Rhizobacter gummiphilus NS21	CP015118.1	A4W93_02410	A4W93_02410	ARN18863.1		transglycosylase	mapped	native_locus_tag	4	MLTGY1pp;MLTGY2pp;MLTGY3pp;MLTGY4pp	
CCG_NS21_A4W93_02425	NS21	Rhizobacter gummiphilus NS21	CP015118.1	A4W93_02425	A4W93_02425	ARN18866.1		ribulose-phosphate 3-epimerase	mapped	native_locus_tag	1	RPE	
CCG_NS21_A4W93_02440	NS21	Rhizobacter gummiphilus NS21	CP015118.1	A4W93_02440	A4W93_02440	ARN23692.1		acetate kinase	mapped	native_locus_tag	2	ACKr;PPAKr	
CCG_NS21_A4W93_02450	NS21	Rhizobacter gummiphilus NS21	CP015118.1	A4W93_02450	A4W93_02450	ARN18868.1		phosphate acetyltransferase	mapped	native_locus_tag	1	PTAr	
CCG_NS21_A4W93_02455	NS21	Rhizobacter gummiphilus NS21	CP015118.1	A4W93_02455	A4W93_02455	ARN18869.1		oxidoreductase	mapped	native_locus_tag	2	TNTR1;TNTR2	
CCG_NS21_A4W93_02470	NS21	Rhizobacter gummiphilus NS21	CP015118.1	A4W93_02470	A4W93_02470	ARN18872.1		anthranilate synthase	mapped	native_locus_tag	2	ANS;ANS2	
CCG_NS21_A4W93_02475	NS21	Rhizobacter gummiphilus NS21	CP015118.1	A4W93_02475	A4W93_02475	ARN18873.1		anthranilate synthase component 2	mapped	native_locus_tag	3	ADCS;ANS;ANS2	
CCG_NS21_A4W93_02480	NS21	Rhizobacter gummiphilus NS21	CP015118.1	A4W93_02480	A4W93_02480	ARN18874.1	trpD	anthranilate phosphoribosyltransferase	mapped	native_locus_tag	1	ANPRT	
CCG_NS21_A4W93_02485	NS21	Rhizobacter gummiphilus NS21	CP015118.1	A4W93_02485	A4W93_02485	ARN18875.1	trpC	indole-3-glycerol-phosphate synthase	mapped	native_locus_tag	1	IGPS	
CCG_NS21_A4W93_02515	NS21	Rhizobacter gummiphilus NS21	CP015118.1	A4W93_02515	A4W93_02515	ARN18877.1	tuf	elongation factor Tu	mapped	native_locus_tag	1	NTP3	
CCG_NS21_A4W93_02580	NS21	Rhizobacter gummiphilus NS21	CP015118.1	A4W93_02580	A4W93_02580	ARN18889.1	fusA	elongation factor G	mapped	native_locus_tag	1	NTP3	
CCG_NS21_A4W93_02735	NS21	Rhizobacter gummiphilus NS21	CP015118.1	A4W93_02735	A4W93_02735	ARN18919.1		nodulation factor ABC transporter ATP-binding protein NodI	mapped	native_locus_tag	4	CHLabc;CHLabcpp;GLYBabc;GLYBabcpp	
CCG_NS21_A4W93_02740	NS21	Rhizobacter gummiphilus NS21	CP015118.1	A4W93_02740	A4W93_02740	ARN18920.1		nodulation protein NodJ	mapped	native_locus_tag	1	CMtexabc	
CCG_NS21_A4W93_02750	NS21	Rhizobacter gummiphilus NS21	CP015118.1	A4W93_02750	A4W93_02750	ARN18921.1		hypothetical protein	mapped	native_locus_tag	1	SO4t2	
CCG_NS21_A4W93_02825	NS21	Rhizobacter gummiphilus NS21	CP015118.1	A4W93_02825	A4W93_02825	ARN18935.1		branched-chain amino acid ABC transporter permease	mapped	native_locus_tag	2	VALt2rpp;VALt3pp	
CCG_NS21_A4W93_02835	NS21	Rhizobacter gummiphilus NS21	CP015118.1	A4W93_02835	A4W93_02835	ARN18937.1		phosphoglycerate kinase	mapped	native_locus_tag	1	PGK	
CCG_NS21_A4W93_02840	NS21	Rhizobacter gummiphilus NS21	CP015118.1	A4W93_02840	A4W93_02840	ARN18938.1		pyruvate kinase	mapped	native_locus_tag	6	AGPOP;PYK;PYK2;PYK3;PYK4;PYK6	
CCG_NS21_A4W93_02855	NS21	Rhizobacter gummiphilus NS21	CP015118.1	A4W93_02855	A4W93_02855	ARN18941.1		fructose-1,6-bisphosphate aldolase	mapped	native_locus_tag	3	FBA;FBA2;FBA3	
CCG_NS21_A4W93_02860	NS21	Rhizobacter gummiphilus NS21	CP015118.1	A4W93_02860	A4W93_02860	ARN18942.1		phosphoribosylaminoimidazolesuccinocarboxamide synthase	mapped	native_locus_tag	1	PRASCSi	
CCG_NS21_A4W93_02870	NS21	Rhizobacter gummiphilus NS21	CP015118.1	A4W93_02870	A4W93_02870	ARN23697.1		co-chaperone YbbN	mapped	native_locus_tag	11	ADSELR;APSR;METSOXR1;METSOXR2;PAPSR;RNDR1;RNDR2;RNDR3;RNDR4;THIORDXi;TRDR	
CCG_NS21_A4W93_02875	NS21	Rhizobacter gummiphilus NS21	CP015118.1	A4W93_02875	A4W93_02875	ARN18944.1		5-(carboxyamino)imidazole ribonucleotide mutase	mapped	native_locus_tag	3	AIRC1;AIRC3;AIRCr	
CCG_NS21_A4W93_02880	NS21	Rhizobacter gummiphilus NS21	CP015118.1	A4W93_02880	A4W93_02880	ARN18945.1		5-(carboxyamino)imidazole ribonucleotide synthase	mapped	native_locus_tag	3	AIRC1;AIRC2;AIRC4	
CCG_NS21_A4W93_02895	NS21	Rhizobacter gummiphilus NS21	CP015118.1	A4W93_02895	A4W93_02895	ARN18948.1		peptidase M15	mapped	native_locus_tag	9	MDDCP1pp;MDDCP2pp;MDDCP3pp;MDDCP4pp;MDDCP5pp;MDDEP1pp;MDDEP2pp;MDDEP3pp;MDDEP4pp	
CCG_NS21_A4W93_02915	NS21	Rhizobacter gummiphilus NS21	CP015118.1	A4W93_02915	A4W93_02915	ARN18952.1		diguanylate phosphodiesterase	mapped	native_locus_tag	2	CDGUNPD;DGUNC	
CCG_NS21_A4W93_02920	NS21	Rhizobacter gummiphilus NS21	CP015118.1	A4W93_02920	A4W93_02920	ARN18953.1		bifunctional N-acetylglucosamine-1-phosphate uridyltransferase/glucosamine-1-phosphate acetyltransferase	mapped	native_locus_tag	2	G1PACT;UAGDP	
CCG_NS21_A4W93_02935	NS21	Rhizobacter gummiphilus NS21	CP015118.1	A4W93_02935	A4W93_02935	ARN18955.1		menaquinone via futalosine step 2	mapped	native_locus_tag	3	5DOAN;AHCi;MTAN	
CCG_NS21_A4W93_02945	NS21	Rhizobacter gummiphilus NS21	CP015118.1	A4W93_02945	A4W93_02945	ARN18957.1		diguanylate cyclase	mapped	native_locus_tag	2	DHNPA2r;DHNPA_1	
CCG_NS21_A4W93_03010	NS21	Rhizobacter gummiphilus NS21	CP015118.1	A4W93_03010	A4W93_03010	ARN18968.1		hypothetical protein	mapped	native_locus_tag	1	3_4DHBZt2	
CCG_NS21_A4W93_03035	NS21	Rhizobacter gummiphilus NS21	CP015118.1	A4W93_03035	A4W93_03035	ARN18973.1		lytic transglycosylase	mapped	native_locus_tag	4	MLTGY1pp;MLTGY2pp;MLTGY3pp;MLTGY4pp	
CCG_NS21_A4W93_03040	NS21	Rhizobacter gummiphilus NS21	CP015118.1	A4W93_03040	A4W93_03040	ARN18974.1		hypothetical protein	mapped	native_locus_tag	1	FTHFCL	
CCG_NS21_A4W93_03050	NS21	Rhizobacter gummiphilus NS21	CP015118.1	A4W93_03050	A4W93_03050	ARN23701.1		5-formyltetrahydrofolate cyclo-ligase	mapped	native_locus_tag	1	FTHFCL	
CCG_NS21_A4W93_03060	NS21	Rhizobacter gummiphilus NS21	CP015118.1	A4W93_03060	A4W93_03060	ARN18977.1		methylenetetrahydrofolate reductase [NAD(P)H	mapped	native_locus_tag	2	MTHFR2;MTHFR3	
CCG_NS21_A4W93_03070	NS21	Rhizobacter gummiphilus NS21	CP015118.1	A4W93_03070	A4W93_03070	ARN18979.1		adenosylhomocysteinase	mapped	native_locus_tag	1	AHCi	
CCG_NS21_A4W93_03095	NS21	Rhizobacter gummiphilus NS21	CP015118.1	A4W93_03095	A4W93_03095	ARN18983.1		methionine adenosyltransferase	mapped	native_locus_tag	1	METAT	
CCG_NS21_A4W93_03110	NS21	Rhizobacter gummiphilus NS21	CP015118.1	A4W93_03110	A4W93_03110	ARN18986.1		diaminopimelate epimerase	mapped	native_locus_tag	1	DAPE	
CCG_NS21_A4W93_03135	NS21	Rhizobacter gummiphilus NS21	CP015118.1	A4W93_03135	A4W93_03135	ARN18991.1		hypothetical protein	mapped	native_locus_tag	1	DGUNC	
CCG_NS21_A4W93_03145	NS21	Rhizobacter gummiphilus NS21	CP015118.1	A4W93_03145	A4W93_03145	ARN18993.1		glutamine--fructose-6-phosphate aminotransferase	mapped	native_locus_tag	1	GF6PTA	
CCG_NS21_A4W93_03180	NS21	Rhizobacter gummiphilus NS21	CP015118.1	A4W93_03180	A4W93_03180	ARN19000.1		bifunctional metallophosphatase/5'-nucleotidase	mapped	native_locus_tag	21	23PDE2pp;23PDE4pp;23PDE7pp;23PDE9pp;3NTD2pp;3NTD4pp;3NTD7pp;3NTD9pp;3NUCLE1;3NUCLE2;3NUCLE3;NTD1;NTD10;NTD2;NTD3;NTD4;NTD5;NTD6;NTD7;NTD8;NTD9	
CCG_NS21_A4W93_03265	NS21	Rhizobacter gummiphilus NS21	CP015118.1	A4W93_03265	A4W93_03265	ARN19015.1		threonine/homoserine exporter RhtA	mapped	native_locus_tag	2	HOMt2pp;THRt2pp	
CCG_NS21_A4W93_03290	NS21	Rhizobacter gummiphilus NS21	CP015118.1	A4W93_03290	A4W93_03290	ARN19020.1		tetracycline resistance MFS efflux pump	mapped	native_locus_tag	1	TTRCYCtm	
CCG_NS21_A4W93_03340	NS21	Rhizobacter gummiphilus NS21	CP015118.1	A4W93_03340	A4W93_03340	ARN19029.1		ABC transporter permease	mapped	native_locus_tag	4	CHLabc;CRNabc;GLYBabc;PROabc	
CCG_NS21_A4W93_03365	NS21	Rhizobacter gummiphilus NS21	CP015118.1	A4W93_03365	A4W93_03365	ARN19034.1		citrate synthase	mapped	native_locus_tag	1	CS	
CCG_NS21_A4W93_03405	NS21	Rhizobacter gummiphilus NS21	CP015118.1	A4W93_03405	A4W93_03405	ARN19042.1		enoyl-CoA hydratase	mapped	native_locus_tag	12	CTECOAI6;CTECOAI7;CTECOAI8;ECOAH1;ECOAH2;ECOAH3;ECOAH4;ECOAH5;ECOAH6;ECOAH7;ECOAH8;VECOAH	
CCG_NS21_A4W93_03415	NS21	Rhizobacter gummiphilus NS21	CP015118.1	A4W93_03415	A4W93_03415	ARN19044.1		enoyl-CoA hydratase	mapped	native_locus_tag	4	ECOAH12;ECOAH9ir;HMGL_2;HPHL	
CCG_NS21_A4W93_03430	NS21	Rhizobacter gummiphilus NS21	CP015118.1	A4W93_03430	A4W93_03430	ARN23705.1		enoyl-CoA hydratase	mapped	native_locus_tag	4	ECOAH12;ECOAH9ir;HMGL_2;HPHL	
CCG_NS21_A4W93_03460	NS21	Rhizobacter gummiphilus NS21	CP015118.1	A4W93_03460	A4W93_03460	ARN19050.1		4-carboxy-4-hydroxy-2-oxoadipate aldolase/oxaloacetate decarboxylase	mapped	native_locus_tag	1	OCAALD	
CCG_NS21_A4W93_03465	NS21	Rhizobacter gummiphilus NS21	CP015118.1	A4W93_03465	A4W93_03465	ARN19051.1		protocatechuate 3,4-dioxygenase	mapped	native_locus_tag	1	GADOX	
CCG_NS21_A4W93_03470	NS21	Rhizobacter gummiphilus NS21	CP015118.1	A4W93_03470	A4W93_03470	ARN23706.1		molybdenum ABC transporter substrate-binding protein	mapped	native_locus_tag	2	GLYBabc;PROabc	
CCG_NS21_A4W93_03495	NS21	Rhizobacter gummiphilus NS21	CP015118.1	A4W93_03495	A4W93_03495	ARN19055.1		2-methylisocitrate lyase	mapped	native_locus_tag	1	MCITL2	
CCG_NS21_A4W93_03530	NS21	Rhizobacter gummiphilus NS21	CP015118.1	A4W93_03530	A4W93_03530	ARN19062.1		formate transporter	mapped	native_locus_tag	3	FORt;FORt2;NARK	
CCG_NS21_A4W93_03575	NS21	Rhizobacter gummiphilus NS21	CP015118.1	A4W93_03575	A4W93_03575	ARN19068.1		2-dehydropantoate 2-reductase	mapped	native_locus_tag	1	DPR	
CCG_NS21_A4W93_03630	NS21	Rhizobacter gummiphilus NS21	CP015118.1	A4W93_03630	A4W93_03630	ARN19078.1		phosphodiesterase	mapped	native_locus_tag	1	PDE1	
CCG_NS21_A4W93_03645	NS21	Rhizobacter gummiphilus NS21	CP015118.1	A4W93_03645	A4W93_03645	ARN19081.1		ABC transporter permease	mapped	native_locus_tag	12	ARBt2r;CELBt2;GLCAt2;GLCabc;GLYC3Pabc;LCTSabc;MALTabc;MALTt2;MANt2;RIBabc;SUCRt2;XYLt2	
CCG_NS21_A4W93_03650	NS21	Rhizobacter gummiphilus NS21	CP015118.1	A4W93_03650	A4W93_03650	ARN19082.1		ABC transporter substrate-binding protein	mapped	native_locus_tag	1	GLYC3Pabc	
CCG_NS21_A4W93_03655	NS21	Rhizobacter gummiphilus NS21	CP015118.1	A4W93_03655	A4W93_03655	ARN19083.1		ABC transporter ATP-binding protein	mapped	native_locus_tag	1	INSTabc	
CCG_NS21_A4W93_03720	NS21	Rhizobacter gummiphilus NS21	CP015118.1	A4W93_03720	A4W93_03720			iron-regulated protein	mapped	native_locus_tag	1	SULR	
CCG_NS21_A4W93_03740	NS21	Rhizobacter gummiphilus NS21	CP015118.1	A4W93_03740	A4W93_03740	ARN19099.1		hypothetical protein	mapped	native_locus_tag	7	CLPNS120pp;CLPNS140pp;CLPNS141pp;CLPNS160pp;CLPNS161pp;CLPNS180pp;CLPNS181pp	
CCG_NS21_A4W93_03745	NS21	Rhizobacter gummiphilus NS21	CP015118.1	A4W93_03745	A4W93_03745	ARN19100.1		serine/threonine dehydratase	mapped	native_locus_tag	2	SERD_L;THRD_L	
CCG_NS21_A4W93_03765	NS21	Rhizobacter gummiphilus NS21	CP015118.1	A4W93_03765	A4W93_03765	ARN19104.1		hydroxyacid dehydrogenase	mapped	native_locus_tag	1	PGCD	
CCG_NS21_A4W93_03810	NS21	Rhizobacter gummiphilus NS21	CP015118.1	A4W93_03810	A4W93_03810	ARN19111.1		amidase	mapped	native_locus_tag	1	AMID2	
CCG_NS21_A4W93_03825	NS21	Rhizobacter gummiphilus NS21	CP015118.1	A4W93_03825	A4W93_03825	ARN19114.1		oxidoreductase	mapped	native_locus_tag	3	FRD;SUCD1;SUCDi	
CCG_NS21_A4W93_03835	NS21	Rhizobacter gummiphilus NS21	CP015118.1	A4W93_03835	A4W93_03835	ARN19116.1		nitrate ABC transporter substrate-binding protein	mapped	native_locus_tag	1	NO3abcpp	
CCG_NS21_A4W93_03840	NS21	Rhizobacter gummiphilus NS21	CP015118.1	A4W93_03840	A4W93_03840	ARN19117.1		ABC transporter permease	mapped	native_locus_tag	1	NO3abcpp	
CCG_NS21_A4W93_03845	NS21	Rhizobacter gummiphilus NS21	CP015118.1	A4W93_03845	A4W93_03845	ARN19118.1		sulfonate ABC transporter ATP-binding protein	mapped	native_locus_tag	2	NO3abcpp;TAURabc	
CCG_NS21_A4W93_03895	NS21	Rhizobacter gummiphilus NS21	CP015118.1	A4W93_03895	A4W93_03895	ARN19127.1		hydroxymethylglutaryl-CoA lyase	mapped	native_locus_tag	1	ATAH_1	
CCG_NS21_A4W93_03905	NS21	Rhizobacter gummiphilus NS21	CP015118.1	A4W93_03905	A4W93_03905	ARN19129.1		hypothetical protein	mapped	native_locus_tag	2	GLYCLTDx;HPYRRx	
CCG_NS21_A4W93_03915	NS21	Rhizobacter gummiphilus NS21	CP015118.1	A4W93_03915	A4W93_03915	ARN19131.1		hypothetical protein	mapped	native_locus_tag	1	SDPDS	
CCG_NS21_A4W93_03920	NS21	Rhizobacter gummiphilus NS21	CP015118.1	A4W93_03920	A4W93_03920	ARN19132.1		tartrate dehydrogenase	mapped	native_locus_tag	3	IPMD;MALDDH;TARTDC	
CCG_NS21_A4W93_03935	NS21	Rhizobacter gummiphilus NS21	CP015118.1	A4W93_03935	A4W93_03935	ARN23714.1		alkene reductase	mapped	native_locus_tag	2	TNTR1;TNTR2	
CCG_NS21_A4W93_03975	NS21	Rhizobacter gummiphilus NS21	CP015118.1	A4W93_03975	A4W93_03975	ARN19141.1		coproporphyrinogen III oxidase	mapped	native_locus_tag	1	CPPPGO2	
CCG_NS21_A4W93_03985	NS21	Rhizobacter gummiphilus NS21	CP015118.1	A4W93_03985	A4W93_03985	ARN19143.1		ATPase P	mapped	native_locus_tag	2	Cuabc;Cut1	
CCG_NS21_A4W93_03995	NS21	Rhizobacter gummiphilus NS21	CP015118.1	A4W93_03995	A4W93_03995	ARN19145.1		cytochrome C oxidase Cbb3	mapped	native_locus_tag	1	CYTCBB3pp	
CCG_NS21_A4W93_04000	NS21	Rhizobacter gummiphilus NS21	CP015118.1	A4W93_04000	A4W93_04000	ARN19146.1		cytochrome C oxidase Cbb3	mapped	native_locus_tag	1	CYTCBB3pp	
CCG_NS21_A4W93_04005	NS21	Rhizobacter gummiphilus NS21	CP015118.1	A4W93_04005	A4W93_04005	ARN19147.1		cytochrome oxidase	mapped	native_locus_tag	1	CYTCBB3pp	
CCG_NS21_A4W93_04010	NS21	Rhizobacter gummiphilus NS21	CP015118.1	A4W93_04010	A4W93_04010	ARN19148.1		cytochrome oxidase subunit III	mapped	native_locus_tag	1	CYTCBB3pp	
CCG_NS21_A4W93_04035	NS21	Rhizobacter gummiphilus NS21	CP015118.1	A4W93_04035	A4W93_04035	ARN19153.1		hypothetical protein	mapped	native_locus_tag	1	OCBT	
CCG_NS21_A4W93_04055	NS21	Rhizobacter gummiphilus NS21	CP015118.1	A4W93_04055	A4W93_04055	ARN19156.1		hypothetical protein	mapped	native_locus_tag	2	MLTG1;MLTG2	
CCG_NS21_A4W93_04075	NS21	Rhizobacter gummiphilus NS21	CP015118.1	A4W93_04075	A4W93_04075	ARN19160.1		MATE family efflux transporter	mapped	native_locus_tag	2	FADt;FMNt	
CCG_NS21_A4W93_04095	NS21	Rhizobacter gummiphilus NS21	CP015118.1	A4W93_04095	A4W93_04095	ARN23716.1		beta-glucosidase	mapped	native_locus_tag	2	BGLApp;LACZpp	
CCG_NS21_A4W93_04135	NS21	Rhizobacter gummiphilus NS21	CP015118.1	A4W93_04135	A4W93_04135	ARN19168.1		glutamate dehydrogenase	mapped	native_locus_tag	3	GDH1;GLUDxi;GLUDy	
CCG_NS21_A4W93_04140	NS21	Rhizobacter gummiphilus NS21	CP015118.1	A4W93_04140	A4W93_04140	ARN23720.1		L-asparaginase	mapped	native_locus_tag	4	ASNN;ASNNpp;GLUN;GLUNpp	
CCG_NS21_A4W93_04180	NS21	Rhizobacter gummiphilus NS21	CP015118.1	A4W93_04180	A4W93_04180	ARN19175.1		2-dehydro-3-deoxy-6-phosphogalactonate aldolase	mapped	native_locus_tag	1	DDPGALA	
CCG_NS21_A4W93_04185	NS21	Rhizobacter gummiphilus NS21	CP015118.1	A4W93_04185	A4W93_04185	ARN19176.1		hypothetical protein	mapped	native_locus_tag	1	DDGALK	
CCG_NS21_A4W93_04195	NS21	Rhizobacter gummiphilus NS21	CP015118.1	A4W93_04195	A4W93_04195	ARN19178.1		alpha-amylase	mapped	native_locus_tag	4	MALT;MTI;SUCR;TRE6PH	
CCG_NS21_A4W93_04210	NS21	Rhizobacter gummiphilus NS21	CP015118.1	A4W93_04210	A4W93_04210	ARN19181.1		sugar ABC transporter ATP-binding protein	mapped	native_locus_tag	1	GLCabcpp	
CCG_NS21_A4W93_04215	NS21	Rhizobacter gummiphilus NS21	CP015118.1	A4W93_04215	A4W93_04215	ARN23722.1		sugar ABC transporter permease	mapped	native_locus_tag	1	GLCabcpp	
CCG_NS21_A4W93_04220	NS21	Rhizobacter gummiphilus NS21	CP015118.1	A4W93_04220	A4W93_04220	ARN19182.1		ABC transporter permease	mapped	native_locus_tag	1	GLCabcpp	
CCG_NS21_A4W93_04225	NS21	Rhizobacter gummiphilus NS21	CP015118.1	A4W93_04225	A4W93_04225	ARN19183.1		sugar ABC transporter substrate-binding protein	mapped	native_locus_tag	1	GLCabcpp	
CCG_NS21_A4W93_04245	NS21	Rhizobacter gummiphilus NS21	CP015118.1	A4W93_04245	A4W93_04245	ARN23724.1		RpiR family transcriptional regulator	mapped	native_locus_tag	1	HEX1	
CCG_NS21_A4W93_04250	NS21	Rhizobacter gummiphilus NS21	CP015118.1	A4W93_04250	A4W93_04250	ARN23725.1		alpha-amylase	mapped	native_locus_tag	1	AAMYLpp	
CCG_NS21_A4W93_04260	NS21	Rhizobacter gummiphilus NS21	CP015118.1	A4W93_04260	A4W93_04260	ARN19187.1	malG	maltose transporter permease	mapped	native_locus_tag	6	14GLUCANabcpp;MALTHXabcpp;MALTPTabcpp;MALTTRabcpp;MALTTTRabcpp;MALTabcpp	
CCG_NS21_A4W93_04265	NS21	Rhizobacter gummiphilus NS21	CP015118.1	A4W93_04265	A4W93_04265	ARN23726.1	malF	maltose transporter	mapped	native_locus_tag	6	14GLUCANabcpp;MALTHXabcpp;MALTPTabcpp;MALTTRabcpp;MALTTTRabcpp;MALTabcpp	
CCG_NS21_A4W93_04270	NS21	Rhizobacter gummiphilus NS21	CP015118.1	A4W93_04270	A4W93_04270	ARN19188.1	malE	maltose ABC transporter substrate-binding protein MalE	mapped	native_locus_tag	6	14GLUCANabcpp;MALTHXabcpp;MALTPTabcpp;MALTTRabcpp;MALTTTRabcpp;MALTabcpp	
CCG_NS21_A4W93_04275	NS21	Rhizobacter gummiphilus NS21	CP015118.1	A4W93_04275	A4W93_04275	ARN19189.1		ABC transporter	mapped	native_locus_tag	6	14GLUCANabcpp;MALTHXabcpp;MALTPTabcpp;MALTTRabcpp;MALTTTRabcpp;MALTabcpp	
CCG_NS21_A4W93_04280	NS21	Rhizobacter gummiphilus NS21	CP015118.1	A4W93_04280	A4W93_04280	ARN19190.1		alpha-glucosidase	mapped	native_locus_tag	8	MALT;MLTG1;MLTG2;MLTG3;MLTG4;MLTG5;MLTG6;SUCR	
CCG_NS21_A4W93_04285	NS21	Rhizobacter gummiphilus NS21	CP015118.1	A4W93_04285	A4W93_04285	ARN19191.1		hypothetical protein	mapped	native_locus_tag	6	14GLUCANtexi;MALTHXtexi;MALTPTtexi;MALTTRtexi;MALTTTRtexi;MALTtexi	
CCG_NS21_A4W93_04290	NS21	Rhizobacter gummiphilus NS21	CP015118.1	A4W93_04290	A4W93_04290	ARN19192.1		glucokinase	mapped	native_locus_tag	1	HEX1	
CCG_NS21_A4W93_04305	NS21	Rhizobacter gummiphilus NS21	CP015118.1	A4W93_04305	A4W93_04305	ARN19195.1		hypothetical protein	mapped	native_locus_tag	1	PGL	
CCG_NS21_A4W93_04310	NS21	Rhizobacter gummiphilus NS21	CP015118.1	A4W93_04310	A4W93_04310	ARN19196.1		phosphogluconate dehydratase	mapped	native_locus_tag	1	EDD	
CCG_NS21_A4W93_04320	NS21	Rhizobacter gummiphilus NS21	CP015118.1	A4W93_04320	A4W93_04320	ARN19198.1		glucose-6-phosphate dehydrogenase	mapped	native_locus_tag	2	G6PBDH;G6PDH2r	
CCG_NS21_A4W93_04325	NS21	Rhizobacter gummiphilus NS21	CP015118.1	A4W93_04325	A4W93_04325	ARN19199.1		threonine transporter RhtB	mapped	native_locus_tag	2	LYSt3pp;LYSt3r	
CCG_NS21_A4W93_04365	NS21	Rhizobacter gummiphilus NS21	CP015118.1	A4W93_04365	A4W93_04365			diguanylate cyclase	mapped	native_locus_tag	1	GUACYC	
CCG_NS21_A4W93_04375	NS21	Rhizobacter gummiphilus NS21	CP015118.1	A4W93_04375	A4W93_04375	ARN19208.1	gudD	glucarate dehydratase	mapped	native_locus_tag	2	GLCRD;GLCRD_1	
CCG_NS21_A4W93_04445	NS21	Rhizobacter gummiphilus NS21	CP015118.1	A4W93_04445	A4W93_04445	ARN19220.1		ABC transporter	mapped	native_locus_tag	29	K2L4Aabcpp;PA120abcpp;PA140abcpp;PA141abcpp;PA160abcpp;PA161abcpp;PA180abcpp;PA181abcpp;PE120abcpp;PE140abcpp;PE141abcpp;PE160abcpp;PE161abcpp;PE180abcpp;PE181abcpp;PG120abcpp;PG140abcpp;PG141abcpp;PG160abcpp;PG161abcpp;PG180abcpp;PG181abcpp;PGP120abcpp;PGP140abcpp;PGP141abcpp;PGP160abcpp;PGP161abcpp;PGP180abcpp;PGP181abcpp	
CCG_NS21_A4W93_04470	NS21	Rhizobacter gummiphilus NS21	CP015118.1	A4W93_04470	A4W93_04470			hypothetical protein	mapped	native_locus_tag	9	3PEPTabcpp;4PEPTabcpp;GALMAN4abc;GALMAN6abc;GLCMAN4abc;GLCMAN6abc;RMNabc;XYLANabc;XYLabc	
CCG_NS21_A4W93_04475	NS21	Rhizobacter gummiphilus NS21	CP015118.1	A4W93_04475	A4W93_04475	ARN19225.1		peptide ABC transporter ATP-binding protein	mapped	native_locus_tag	36	3PEPTabcpp;4PEPTabcpp;ALAALAabcpp;ALAGLUabcpp;ALAHISabcpp;ALALEUabcpp;ALATHRabcpp;ALATRPabcpp;CGLYabcpp;DIPEPabc1;DIPEPabc10;DIPEPabc12;DIPEPabc13;DIPEPabc14;DIPEPabc15;DIPEPabc3;DIPEPabc8;GALMAN4abc;GALMAN6abc;GLCMAN4abc;GLCMAN6abc;GLYGLNabcpp;GLYGLUabcpp;GLYGLYabcpp;GLYMETabcpp;GLYPHEabcpp;GLYSERabcpp;HISGLYabcpp;HISHISabcpp;LEULEUabcpp;PROGLYabcpp;PROHISGLUtr;RMNabc;SERGLUGLNtr;XYLANabc;XYLabc	
CCG_NS21_A4W93_04480	NS21	Rhizobacter gummiphilus NS21	CP015118.1	A4W93_04480	A4W93_04480	ARN19226.1		peptide ABC transporter substrate-binding protein	mapped	native_locus_tag	18	ALAALAabcpp;ALAGLUabcpp;ALAHISabcpp;ALALEUabcpp;ALATHRabcpp;ALATRPabcpp;CGLYabcpp;GLYGLNabcpp;GLYGLUabcpp;GLYGLYabcpp;GLYMETabcpp;GLYPHEabcpp;GLYSERabcpp;GTHRDabcpp;HISGLYabcpp;HISHISabcpp;LEULEUabcpp;PROGLYabcpp	
CCG_NS21_A4W93_04485	NS21	Rhizobacter gummiphilus NS21	CP015118.1	A4W93_04485	A4W93_04485	ARN19227.1		ABC transporter permease	mapped	native_locus_tag	13	DIPEPabc1;DIPEPabc10;DIPEPabc12;DIPEPabc13;DIPEPabc14;DIPEPabc15;DIPEPabc3;DIPEPabc8;GALMAN4abc;GALMAN6abc;GLCMAN4abc;GLCMAN6abc;GTHRDabcpp	
CCG_NS21_A4W93_04490	NS21	Rhizobacter gummiphilus NS21	CP015118.1	A4W93_04490	A4W93_04490	ARN19228.1		glutathione ABC transporter permease GsiC	mapped	native_locus_tag	3	ALAALAabcpp;CGLYabcpp;PROGLYabcpp	
CCG_NS21_A4W93_04505	NS21	Rhizobacter gummiphilus NS21	CP015118.1	A4W93_04505	A4W93_04505	ARN19231.1		short-chain dehydrogenase	mapped	native_locus_tag	3	5DGLCNR;5DKGR;DHFR	
CCG_NS21_A4W93_04515	NS21	Rhizobacter gummiphilus NS21	CP015118.1	A4W93_04515	A4W93_04515	ARN19233.1		acyl-CoA dehydrogenase	mapped	native_locus_tag	9	ACOAD1f;ACOAD2f;ACOAD3f;ACOAD4f;ACOAD5f;ACOAD6f;ACOAD7f;ACOAD8f;VCOAD	
CCG_NS21_A4W93_04520	NS21	Rhizobacter gummiphilus NS21	CP015118.1	A4W93_04520	A4W93_04520	ARN19234.1		fatty acid--CoA ligase	mapped	native_locus_tag	16	FACOAL100t2pp;FACOAL120t2pp;FACOAL140;FACOAL140t2pp;FACOAL141t2pp;FACOAL160;FACOAL160t2pp;FACOAL161;FACOAL161t2pp;FACOAL180t2pp;FACOAL181;FACOAL181t2pp;FACOAL60t2pp;FACOAL80t2pp;IVCS;SUCBZL	
CCG_NS21_A4W93_04540	NS21	Rhizobacter gummiphilus NS21	CP015118.1	A4W93_04540	A4W93_04540	ARN19237.1		ethanolamine utilization protein EutJ	mapped	native_locus_tag	5	ALAabc;ILEabc;LEUabc;THRabc;VALabc	
CCG_NS21_A4W93_04545	NS21	Rhizobacter gummiphilus NS21	CP015118.1	A4W93_04545	A4W93_04545	ARN19238.1	livF	ABC transporter ATP-binding protein	mapped	native_locus_tag	5	ALAabcpp;ILEabcpp;LEUabcpp;THRabcpp;VALabcpp	
CCG_NS21_A4W93_04555	NS21	Rhizobacter gummiphilus NS21	CP015118.1	A4W93_04555	A4W93_04555	ARN19240.1		ABC transporter permease	mapped	native_locus_tag	3	ILEabcpp;LEUabcpp;VALabcpp	
CCG_NS21_A4W93_04560	NS21	Rhizobacter gummiphilus NS21	CP015118.1	A4W93_04560	A4W93_04560	ARN19241.1		ABC transporter permease	mapped	native_locus_tag	6	ALAabcpp;GLYabcpp;HISabcpp;LEUabcpp;PROabcpp;SERabcpp	
CCG_NS21_A4W93_04565	NS21	Rhizobacter gummiphilus NS21	CP015118.1	A4W93_04565	A4W93_04565	ARN19242.1		electron transporter RnfB	mapped	native_locus_tag	1	SUCD4	
CCG_NS21_A4W93_04570	NS21	Rhizobacter gummiphilus NS21	CP015118.1	A4W93_04570	A4W93_04570	ARN19243.1		electron transfer flavoprotein subunit beta	mapped	native_locus_tag	1	SUCD4	
CCG_NS21_A4W93_04635	NS21	Rhizobacter gummiphilus NS21	CP015118.1	A4W93_04635	A4W93_04635	ARN19255.1		acyl-CoA dehydrogenase	mapped	native_locus_tag	3	ACOAD4f;ACOAD5f;ACOAD6f	
CCG_NS21_A4W93_04645	NS21	Rhizobacter gummiphilus NS21	CP015118.1	A4W93_04645	A4W93_04645	ARN19257.1		gluconate 5-dehydrogenase	mapped	native_locus_tag	2	3OAR40;5DKGR	
CCG_NS21_A4W93_04650	NS21	Rhizobacter gummiphilus NS21	CP015118.1	A4W93_04650	A4W93_04650	ARN19258.1		acetyl-CoA acetyltransferase	mapped	native_locus_tag	2	ACACT1r;GLYBACT1r	
CCG_NS21_A4W93_04670	NS21	Rhizobacter gummiphilus NS21	CP015118.1	A4W93_04670	A4W93_04670	ARN19262.1		acyl-CoA dehydrogenase	mapped	native_locus_tag	9	ACOAD1f;ACOAD2f;ACOAD3f;ACOAD4f;ACOAD5f;ACOAD6f;ACOAD7f;ACOAD8f;VCOAD	
CCG_NS21_A4W93_04685	NS21	Rhizobacter gummiphilus NS21	CP015118.1	A4W93_04685	A4W93_04685			serine acetyltransferase	mapped	native_locus_tag	1	SERAT	
CCG_NS21_A4W93_04710	NS21	Rhizobacter gummiphilus NS21	CP015118.1	A4W93_04710	A4W93_04710	ARN19269.1		3-hydroxyacyl-CoA dehydrogenase	mapped	native_locus_tag	1	HBCO_nadp	
CCG_NS21_A4W93_04725	NS21	Rhizobacter gummiphilus NS21	CP015118.1	A4W93_04725	A4W93_04725	ARN23730.1		pyridine nucleotide-disulfide oxidoreductase	mapped	native_locus_tag	3	NADH10;NADH5;NADH9	
CCG_NS21_A4W93_04755	NS21	Rhizobacter gummiphilus NS21	CP015118.1	A4W93_04755	A4W93_04755	ARN19277.1		potassium transporter Kef	mapped	native_locus_tag	1	NAt6	
CCG_NS21_A4W93_04760	NS21	Rhizobacter gummiphilus NS21	CP015118.1	A4W93_04760	A4W93_04760	ARN19278.1		molecular chaperone HtpG	mapped	native_locus_tag	3	GUAt;THYMt;URAt	
CCG_NS21_A4W93_04810	NS21	Rhizobacter gummiphilus NS21	CP015118.1	A4W93_04810	A4W93_04810	ARN19287.1		anhydro-N-acetylmuramic acid kinase	mapped	native_locus_tag	1	ANHMK	
CCG_NS21_A4W93_04815	NS21	Rhizobacter gummiphilus NS21	CP015118.1	A4W93_04815	A4W93_04815	ARN23732.1		peptidase M23	mapped	native_locus_tag	4	MDDEP1pp;MDDEP2pp;MDDEP3pp;MDDEP4pp	
CCG_NS21_A4W93_04865	NS21	Rhizobacter gummiphilus NS21	CP015118.1	A4W93_04865	A4W93_04865	ARN19296.1		UDP-N-acetylglucosamine 1-carboxyvinyltransferase	mapped	native_locus_tag	1	UAGCVT	
CCG_NS21_A4W93_04870	NS21	Rhizobacter gummiphilus NS21	CP015118.1	A4W93_04870	A4W93_04870	ARN23734.1	hisG	ATP phosphoribosyltransferase	mapped	native_locus_tag	1	ATPPRT	
CCG_NS21_A4W93_04875	NS21	Rhizobacter gummiphilus NS21	CP015118.1	A4W93_04875	A4W93_04875	ARN19297.1		histidinol dehydrogenase	mapped	native_locus_tag	2	HDH;HISTD	
CCG_NS21_A4W93_04880	NS21	Rhizobacter gummiphilus NS21	CP015118.1	A4W93_04880	A4W93_04880	ARN19298.1		histidinol-phosphate aminotransferase	mapped	native_locus_tag	3	HSTPT;PHETA1;TYRTA	
CCG_NS21_A4W93_04885	NS21	Rhizobacter gummiphilus NS21	CP015118.1	A4W93_04885	A4W93_04885	ARN19299.1		imidazoleglycerol-phosphate dehydratase	mapped	native_locus_tag	1	IGPDH	
CCG_NS21_A4W93_04890	NS21	Rhizobacter gummiphilus NS21	CP015118.1	A4W93_04890	A4W93_04890	ARN23735.1	hisH	imidazole glycerol phosphate synthase subunit HisH	mapped	native_locus_tag	1	IG3PS	
CCG_NS21_A4W93_04895	NS21	Rhizobacter gummiphilus NS21	CP015118.1	A4W93_04895	A4W93_04895	ARN19300.1		1-(5-phosphoribosyl)-5-((5-phosphoribosylamino)methylideneamino)imidazole-4-carboxamide isomerase	mapped	native_locus_tag	1	PRMICI	
CCG_NS21_A4W93_04900	NS21	Rhizobacter gummiphilus NS21	CP015118.1	A4W93_04900	A4W93_04900	ARN19301.1		imidazole glycerol phosphate synthase subunit HisF	mapped	native_locus_tag	1	IG3PS	
CCG_NS21_A4W93_04910	NS21	Rhizobacter gummiphilus NS21	CP015118.1	A4W93_04910	A4W93_04910	ARN23736.1		pantetheine-phosphate adenylyltransferase	mapped	native_locus_tag	2	APPAT;PTPATi	
CCG_NS21_A4W93_04945	NS21	Rhizobacter gummiphilus NS21	CP015118.1	A4W93_04945	A4W93_04945	ARN19309.1		ribose-phosphate pyrophosphokinase	mapped	native_locus_tag	1	PRPPS	
CCG_NS21_A4W93_04955	NS21	Rhizobacter gummiphilus NS21	CP015118.1	A4W93_04955	A4W93_04955	ARN19310.1	ipk	4-(cytidine 5'-diphospho)-2-C-methyl-D-erythritol kinase	mapped	native_locus_tag	1	CDPMEK	
CCG_NS21_A4W93_05005	NS21	Rhizobacter gummiphilus NS21	CP015118.1	A4W93_05005	A4W93_05005	ARN19317.1	ppnK	NAD(+) kinase	mapped	native_locus_tag	1	NADK	
CCG_NS21_A4W93_05175	NS21	Rhizobacter gummiphilus NS21	CP015118.1	A4W93_05175	A4W93_05175	ARN19350.1		hypothetical protein	mapped	native_locus_tag	3	AGM3PH;AGM4PH;AGMH	
CCG_NS21_A4W93_05215	NS21	Rhizobacter gummiphilus NS21	CP015118.1	A4W93_05215	A4W93_05215	ARN19358.1		hypothetical protein	mapped	native_locus_tag	2	ADNCYC;GUACYC	
CCG_NS21_A4W93_05245	NS21	Rhizobacter gummiphilus NS21	CP015118.1	A4W93_05245	A4W93_05245	ARN19364.1		mandelate racemase/muconate lactonizing protein	mapped	native_locus_tag	1	GALCTD	
CCG_NS21_A4W93_05295	NS21	Rhizobacter gummiphilus NS21	CP015118.1	A4W93_05295	A4W93_05295	ARN19373.1		SDR family oxidoreductase	mapped	native_locus_tag	2	ATHRDHr;LSERDHr	
CCG_NS21_A4W93_05310	NS21	Rhizobacter gummiphilus NS21	CP015118.1	A4W93_05310	A4W93_05310	ARN19376.1		ornithine cyclodeaminase	mapped	native_locus_tag	1	ORNCD	
CCG_NS21_A4W93_05375	NS21	Rhizobacter gummiphilus NS21	CP015118.1	A4W93_05375	A4W93_05375	ARN19389.1		MFS transporter	mapped	native_locus_tag	1	STFRNAt	
CCG_NS21_A4W93_05385	NS21	Rhizobacter gummiphilus NS21	CP015118.1	A4W93_05385	A4W93_05385	ARN19391.1		amidohydrolase	mapped	native_locus_tag	1	IZPN	
CCG_NS21_A4W93_05420	NS21	Rhizobacter gummiphilus NS21	CP015118.1	A4W93_05420	A4W93_05420	ARN19397.1		multidrug ABC transporter ATP-binding protein	mapped	native_locus_tag	1	FEENTER2tpp	
CCG_NS21_A4W93_05435	NS21	Rhizobacter gummiphilus NS21	CP015118.1	A4W93_05435	A4W93_05435	ARN19400.1		4-hydroxybenzoate 3-monooxygenase	mapped	native_locus_tag	1	4HBHYOX	
CCG_NS21_A4W93_05445	NS21	Rhizobacter gummiphilus NS21	CP015118.1	A4W93_05445	A4W93_05445	ARN19401.1		protocatechuate 3,4-dioxygenase subunit beta	mapped	native_locus_tag	1	PCADYOX	
CCG_NS21_A4W93_05450	NS21	Rhizobacter gummiphilus NS21	CP015118.1	A4W93_05450	A4W93_05450	ARN19402.1		hypothetical protein	mapped	native_locus_tag	1	PCADYOX	
CCG_NS21_A4W93_05455	NS21	Rhizobacter gummiphilus NS21	CP015118.1	A4W93_05455	A4W93_05455	ARN19403.1		3-carboxy-cis,cis-muconate cycloisomerase	mapped	native_locus_tag	1	MUCCY_kt	
CCG_NS21_A4W93_05460	NS21	Rhizobacter gummiphilus NS21	CP015118.1	A4W93_05460	A4W93_05460	ARN19404.1		hydrolase	mapped	native_locus_tag	1	OXOAEL	
CCG_NS21_A4W93_05465	NS21	Rhizobacter gummiphilus NS21	CP015118.1	A4W93_05465	A4W93_05465	ARN19405.1		3-oxoadipate CoA-transferase	mapped	native_locus_tag	3	3OADPCOAT;BUTCT;HXCT	
CCG_NS21_A4W93_05470	NS21	Rhizobacter gummiphilus NS21	CP015118.1	A4W93_05470	A4W93_05470	ARN19406.1		3-oxoadipate CoA-transferase	mapped	native_locus_tag	1	3OADPCOAT	
CCG_NS21_A4W93_05525	NS21	Rhizobacter gummiphilus NS21	CP015118.1	A4W93_05525	A4W93_05525	ARN19415.1		hydroxypyruvate isomerase	mapped	native_locus_tag	1	HPYRI	
CCG_NS21_A4W93_05530	NS21	Rhizobacter gummiphilus NS21	CP015118.1	A4W93_05530	A4W93_05530	ARN23744.1		5'-nucleotidase	mapped	native_locus_tag	1	NTD7	
CCG_NS21_A4W93_05550	NS21	Rhizobacter gummiphilus NS21	CP015118.1	A4W93_05550	A4W93_05550	ARN19419.1		hemin receptor	mapped	native_locus_tag	2	NODOx;NODOy	
CCG_NS21_A4W93_05560	NS21	Rhizobacter gummiphilus NS21	CP015118.1	A4W93_05560	A4W93_05560	ARN19421.1		taurine dioxygenase	mapped	native_locus_tag	1	TAUDO	
CCG_NS21_A4W93_05565	NS21	Rhizobacter gummiphilus NS21	CP015118.1	A4W93_05565	A4W93_05565	ARN23745.1		monooxygenase	mapped	native_locus_tag	2	ACOAD20;ACOADH2	
CCG_NS21_A4W93_05570	NS21	Rhizobacter gummiphilus NS21	CP015118.1	A4W93_05570	A4W93_05570	ARN19422.1		ABC transporter ATP-binding protein	mapped	native_locus_tag	5	METDabc;METDabcpp;METabc;METabcpp;NIabc	
CCG_NS21_A4W93_05575	NS21	Rhizobacter gummiphilus NS21	CP015118.1	A4W93_05575	A4W93_05575	ARN19423.1		methionine ABC transporter ATP-binding protein	mapped	native_locus_tag	2	METDabcpp;METabcpp	
CCG_NS21_A4W93_05580	NS21	Rhizobacter gummiphilus NS21	CP015118.1	A4W93_05580	A4W93_05580	ARN19424.1		hypothetical protein	mapped	native_locus_tag	1	METDabc	
CCG_NS21_A4W93_05595	NS21	Rhizobacter gummiphilus NS21	CP015118.1	A4W93_05595	A4W93_05595	ARN19427.1		metal ABC transporter substrate-binding protein	mapped	native_locus_tag	2	METDabcpp;METabcpp	
CCG_NS21_A4W93_05665	NS21	Rhizobacter gummiphilus NS21	CP015118.1	A4W93_05665	A4W93_05665	ARN19438.1		PLP-dependent threonine dehydratase	mapped	native_locus_tag	3	SER_AL;THRD_L;THRD_L_1	
CCG_NS21_A4W93_05685	NS21	Rhizobacter gummiphilus NS21	CP015118.1	A4W93_05685	A4W93_05685	ARN19442.1		ABC transporter permease	mapped	native_locus_tag	2	GTHRDabcpp;NI2uabcpp	
CCG_NS21_A4W93_05690	NS21	Rhizobacter gummiphilus NS21	CP015118.1	A4W93_05690	A4W93_05690	ARN23749.1		ABC transporter permease	mapped	native_locus_tag	3	ALAALAabcpp;CGLYabcpp;PROGLYabcpp	
CCG_NS21_A4W93_05700	NS21	Rhizobacter gummiphilus NS21	CP015118.1	A4W93_05700	A4W93_05700	ARN19444.1		ABC transporter ATP-binding protein	mapped	native_locus_tag	17	ALAALAabcpp;ALAGLUabcpp;ALAHISabcpp;ALALEUabcpp;ALATHRabcpp;ALATRPabcpp;CGLYabcpp;GLYGLNabcpp;GLYGLUabcpp;GLYGLYabcpp;GLYMETabcpp;GLYPHEabcpp;GLYSERabcpp;HISGLYabcpp;HISHISabcpp;LEULEUabcpp;PROGLYabcpp	
CCG_NS21_A4W93_05705	NS21	Rhizobacter gummiphilus NS21	CP015118.1	A4W93_05705	A4W93_05705	ARN19445.1		diaminopimelate decarboxylase	mapped	native_locus_tag	1	DAPDC	
CCG_NS21_A4W93_05720	NS21	Rhizobacter gummiphilus NS21	CP015118.1	A4W93_05720	A4W93_05720	ARN19448.1		penicillin-binding protein	mapped	native_locus_tag	5	MCTP1App;MCTP1Bpp;MCTP2App;MPTG;MPTG2	
CCG_NS21_A4W93_05755	NS21	Rhizobacter gummiphilus NS21	CP015118.1	A4W93_05755	A4W93_05755	ARN19454.1		shikimate kinase	mapped	native_locus_tag	1	SHKK	
CCG_NS21_A4W93_05760	NS21	Rhizobacter gummiphilus NS21	CP015118.1	A4W93_05760	A4W93_05760	ARN19455.1		3-dehydroquinate synthase	mapped	native_locus_tag	1	DHQS	
CCG_NS21_A4W93_05765	NS21	Rhizobacter gummiphilus NS21	CP015118.1	A4W93_05765	A4W93_05765	ARN19456.1		deoxyguanosinetriphosphate triphosphohydrolase	mapped	native_locus_tag	1	NTPTP1	
CCG_NS21_A4W93_05775	NS21	Rhizobacter gummiphilus NS21	CP015118.1	A4W93_05775	A4W93_05775	ARN19458.1		glutamate synthase subunit alpha	mapped	native_locus_tag	2	GLUSx;GLUSy	
CCG_NS21_A4W93_05780	NS21	Rhizobacter gummiphilus NS21	CP015118.1	A4W93_05780	A4W93_05780	ARN19459.1	gltD	glutamate synthase	mapped	native_locus_tag	2	GLUSx;GLUSy	
CCG_NS21_A4W93_05820	NS21	Rhizobacter gummiphilus NS21	CP015118.1	A4W93_05820	A4W93_05820	ARN19467.1		ABC transporter ATP-binding protein	mapped	native_locus_tag	14	APCt5;APCt6;CMt2ex;CMtpp;INDOLEt5;INDOLEt6;MXYLt5;MXYLt6;PXYLt5;PXYLt6;TOLt5;TOLt6;TTRCYCt5;TTRCYCtpp	
CCG_NS21_A4W93_05825	NS21	Rhizobacter gummiphilus NS21	CP015118.1	A4W93_05825	A4W93_05825	ARN19468.1		ABC transporter permease	mapped	native_locus_tag	14	APCt5;APCt6;CMt2ex;CMtpp;INDOLEt5;INDOLEt6;MXYLt5;MXYLt6;PXYLt5;PXYLt6;TOLt5;TOLt6;TTRCYCt5;TTRCYCtpp	
CCG_NS21_A4W93_05830	NS21	Rhizobacter gummiphilus NS21	CP015118.1	A4W93_05830	A4W93_05830	ARN19469.1		outer membrane lipid asymmetry maintenance protein MlaD	mapped	native_locus_tag	14	APCt5;APCt6;CMt2ex;CMtpp;INDOLEt5;INDOLEt6;MXYLt5;MXYLt6;PXYLt5;PXYLt6;TOLt5;TOLt6;TTRCYCt5;TTRCYCtpp	
CCG_NS21_A4W93_05835	NS21	Rhizobacter gummiphilus NS21	CP015118.1	A4W93_05835	A4W93_05835	ARN19470.1		hypothetical protein	mapped	native_locus_tag	2	OCDCAt2pp;OCDCEAt2pp	
CCG_NS21_A4W93_05855	NS21	Rhizobacter gummiphilus NS21	CP015118.1	A4W93_05855	A4W93_05855	ARN19474.1		transaldolase	mapped	native_locus_tag	1	TALA	
CCG_NS21_A4W93_05860	NS21	Rhizobacter gummiphilus NS21	CP015118.1	A4W93_05860	A4W93_05860	ARN19475.1		glucose-6-phosphate isomerase	mapped	native_locus_tag	4	G6PI;G6PI3;PGI;PGI1c	
CCG_NS21_A4W93_05865	NS21	Rhizobacter gummiphilus NS21	CP015118.1	A4W93_05865	A4W93_05865	ARN19476.1		aminotransferase	mapped	native_locus_tag	4	ALATA_L;PHETA1;TYRTA;VPAMTr	
CCG_NS21_A4W93_05885	NS21	Rhizobacter gummiphilus NS21	CP015118.1	A4W93_05885	A4W93_05885	ARN19480.1		acyl-CoA dehydrogenase	mapped	native_locus_tag	10	ACOAD12f;ACOAD13f;ACOAD14f;ACOAD15f;ACOAD16f;ACOAD17f;ACOAD18f;ACOAD19f;ACOAD7f;ACOAD8f	
CCG_NS21_A4W93_05895	NS21	Rhizobacter gummiphilus NS21	CP015118.1	A4W93_05895	A4W93_05895	ARN19482.1		3-hydroxyacyl-CoA dehydrogenase	mapped	native_locus_tag	9	HACD1_1;HACD2;HACD3;HACD4;HACD5;HACD6;HACD7;HACD9;HACOADr	
CCG_NS21_A4W93_05900	NS21	Rhizobacter gummiphilus NS21	CP015118.1	A4W93_05900	A4W93_05900	ARN19483.1		acetyl-CoA acetyltransferase	mapped	native_locus_tag	9	ACACT1r;ACACT2r;ACACT3r;ACACT4r;ACACT5r;ACACT5r_1;ACACT6r_1;ACACT7r;MACCOAT	
CCG_NS21_A4W93_05905	NS21	Rhizobacter gummiphilus NS21	CP015118.1	A4W93_05905	A4W93_05905	ARN19484.1		enoyl-CoA hydratase	mapped	native_locus_tag	4	ECOAH12;ECOAH9ir;HMGL_2;HPHL	
CCG_NS21_A4W93_05930	NS21	Rhizobacter gummiphilus NS21	CP015118.1	A4W93_05930	A4W93_05930	ARN23752.1		ABC transporter substrate-binding protein	mapped	native_locus_tag	2	ASPabc;GLUabc	
CCG_NS21_A4W93_05935	NS21	Rhizobacter gummiphilus NS21	CP015118.1	A4W93_05935	A4W93_05935	ARN19488.1		glutamate ABC transporter permease	mapped	native_locus_tag	2	ASPabcpp;GLUabcpp	
CCG_NS21_A4W93_05940	NS21	Rhizobacter gummiphilus NS21	CP015118.1	A4W93_05940	A4W93_05940	ARN19489.1		amino acid ABC transporter permease	mapped	native_locus_tag	4	ASPabc;ASPabcpp;GLUabc;GLUabcpp	
CCG_NS21_A4W93_05945	NS21	Rhizobacter gummiphilus NS21	CP015118.1	A4W93_05945	A4W93_05945	ARN19490.1		amino acid ABC transporter ATP-binding protein	mapped	native_locus_tag	4	ASPabc;ASPabcpp;GLUabc;GLUabcpp	
CCG_NS21_A4W93_05970	NS21	Rhizobacter gummiphilus NS21	CP015118.1	A4W93_05970	A4W93_05970	ARN19495.1		dihydroorotase	mapped	native_locus_tag	1	DHORTS	
CCG_NS21_A4W93_06005	NS21	Rhizobacter gummiphilus NS21	CP015118.1	A4W93_06005	A4W93_06005	ARN19500.1		acetyl-CoA acetyltransferase	mapped	native_locus_tag	34	ACACT10;ACACT11;ACACT12;ACACT13;ACACT8;ACACT8r;ACACT9;KAT1;KAT10;KAT11;KAT12;KAT13;KAT14;KAT15;KAT16;KAT17;KAT18;KAT19;KAT20;KAT21;KAT22;KAT23;KAT24;KAT25;KAT26;KAT27;KAT28;KAT29;KAT30;KAT31;KAT32;KAT33;MACCOAT;VCACT	
CCG_NS21_A4W93_06010	NS21	Rhizobacter gummiphilus NS21	CP015118.1	A4W93_06010	A4W93_06010	ARN19501.1		Bcr/CflA family drug resistance efflux transporter	mapped	native_locus_tag	2	Kt3pp;NAt3pp	
CCG_NS21_A4W93_06015	NS21	Rhizobacter gummiphilus NS21	CP015118.1	A4W93_06015	A4W93_06015	ARN23754.1		carbonate dehydratase	mapped	native_locus_tag	1	H2CO3D	
CCG_NS21_A4W93_06020	NS21	Rhizobacter gummiphilus NS21	CP015118.1	A4W93_06020	A4W93_06020	ARN19502.1		ammonium transporter	mapped	native_locus_tag	2	NH4t;NH4tpp	
CCG_NS21_A4W93_06045	NS21	Rhizobacter gummiphilus NS21	CP015118.1	A4W93_06045	A4W93_06045	ARN19507.1	amiF	formamidase	mapped	native_locus_tag	1	FORAMD	
CCG_NS21_A4W93_06055	NS21	Rhizobacter gummiphilus NS21	CP015118.1	A4W93_06055	A4W93_06055	ARN19509.1		ABC transporter ATP-binding protein	mapped	native_locus_tag	2	GALabcpp;GLCabcpp	
CCG_NS21_A4W93_06070	NS21	Rhizobacter gummiphilus NS21	CP015118.1	A4W93_06070	A4W93_06070	ARN23755.1		methyltransferase	mapped	native_locus_tag	3	FE2t;MGt5;r2465_1	
CCG_NS21_A4W93_06100	NS21	Rhizobacter gummiphilus NS21	CP015118.1	A4W93_06100	A4W93_06100	ARN23756.1		amidase	mapped	native_locus_tag	1	FORAMD	
CCG_NS21_A4W93_06110	NS21	Rhizobacter gummiphilus NS21	CP015118.1	A4W93_06110	A4W93_06110	ARN19518.1		nitrate ABC transporter ATP-binding protein	mapped	native_locus_tag	7	BUTSO3abcpp;FE3abc;ISETACabcpp;NO3abc;PTRCabc;SPMDabc;TAURabcpp	
CCG_NS21_A4W93_06125	NS21	Rhizobacter gummiphilus NS21	CP015118.1	A4W93_06125	A4W93_06125	ARN19521.1		allophanate hydrolase	mapped	native_locus_tag	1	AMID2	
CCG_NS21_A4W93_06145	NS21	Rhizobacter gummiphilus NS21	CP015118.1	A4W93_06145	A4W93_06145	ARN19525.1		sulfurtransferase	mapped	native_locus_tag	1	ALKP	
CCG_NS21_A4W93_06155	NS21	Rhizobacter gummiphilus NS21	CP015118.1	A4W93_06155	A4W93_06155	ARN19527.1		short-chain dehydrogenase/reductase	mapped	native_locus_tag	3	ATHRDHr;DSERDHr;LSERDHr	
CCG_NS21_A4W93_06170	NS21	Rhizobacter gummiphilus NS21	CP015118.1	A4W93_06170	A4W93_06170	ARN19530.1		16S rRNA (cytosine(1402)-N(4))-methyltransferase	mapped	native_locus_tag	1	HCYSMT	
CCG_NS21_A4W93_06180	NS21	Rhizobacter gummiphilus NS21	CP015118.1	A4W93_06180	A4W93_06180	ARN19532.1		cell division protein	mapped	native_locus_tag	2	MCTP1App;MCTP2App	
CCG_NS21_A4W93_06185	NS21	Rhizobacter gummiphilus NS21	CP015118.1	A4W93_06185	A4W93_06185	ARN19533.1		UDP-N-acetylmuramoyl-L-alanyl-D-glutamate--2,6-diaminopimelate ligase	mapped	native_locus_tag	1	UAAGDS	
CCG_NS21_A4W93_06190	NS21	Rhizobacter gummiphilus NS21	CP015118.1	A4W93_06190	A4W93_06190	ARN19534.1		UDP-N-acetylmuramoylalanyl-D-glutamyl-2, 6-diaminopimelate--D-alanyl-D-alanine ligase	mapped	native_locus_tag	1	UGMDDS	
CCG_NS21_A4W93_06195	NS21	Rhizobacter gummiphilus NS21	CP015118.1	A4W93_06195	A4W93_06195	ARN19535.1		phospho-N-acetylmuramoyl-pentapeptide-transferase	mapped	native_locus_tag	1	PAPPT3	
CCG_NS21_A4W93_06200	NS21	Rhizobacter gummiphilus NS21	CP015118.1	A4W93_06200	A4W93_06200	ARN19536.1		UDP-N-acetylmuramoyl-L-alanine--D-glutamate ligase	mapped	native_locus_tag	1	UAMAGS	
CCG_NS21_A4W93_06205	NS21	Rhizobacter gummiphilus NS21	CP015118.1	A4W93_06205	A4W93_06205	ARN19537.1		cell division protein FtsW	mapped	native_locus_tag	2	MPTG;MPTG2	
CCG_NS21_A4W93_06210	NS21	Rhizobacter gummiphilus NS21	CP015118.1	A4W93_06210	A4W93_06210	ARN19538.1		UDP-N-acetylglucosamine--N-acetylmuramyl-(pentapeptide) pyrophosphoryl-undecaprenol N-acetylglucosamine transferase	mapped	native_locus_tag	1	UAGPT3	
CCG_NS21_A4W93_06215	NS21	Rhizobacter gummiphilus NS21	CP015118.1	A4W93_06215	A4W93_06215	ARN19539.1	murC	UDP-N-acetylmuramate--L-alanine ligase	mapped	native_locus_tag	1	UAMAS	
CCG_NS21_A4W93_06220	NS21	Rhizobacter gummiphilus NS21	CP015118.1	A4W93_06220	A4W93_06220	ARN19540.1		D-alanine--D-alanine ligase	mapped	native_locus_tag	1	ALAALAr	
CCG_NS21_A4W93_06240	NS21	Rhizobacter gummiphilus NS21	CP015118.1	A4W93_06240	A4W93_06240	ARN23757.1		UDP-3-O-[3-hydroxymyristoyl	mapped	native_locus_tag	1	UHGADA	
CCG_NS21_A4W93_06260	NS21	Rhizobacter gummiphilus NS21	CP015118.1	A4W93_06260	A4W93_06260	ARN19546.1	cpsB	mannose-1-phosphate guanylyltransferase/mannose-6-phosphate isomerase	mapped	native_locus_tag	1	MAN1PT2	
CCG_NS21_A4W93_06265	NS21	Rhizobacter gummiphilus NS21	CP015118.1	A4W93_06265	A4W93_06265	ARN19547.1		mannose-1-phosphate guanyltransferase	mapped	native_locus_tag	1	MAN1PT	
CCG_NS21_A4W93_06285	NS21	Rhizobacter gummiphilus NS21	CP015118.1	A4W93_06285	A4W93_06285	ARN19551.1		adenosine deaminase	mapped	native_locus_tag	2	ADA;DADA	
CCG_NS21_A4W93_06305	NS21	Rhizobacter gummiphilus NS21	CP015118.1	A4W93_06305	A4W93_06305	ARN19555.1		ABC transporter	mapped	native_locus_tag	2	GALabcpp;GLCabcpp	
CCG_NS21_A4W93_06310	NS21	Rhizobacter gummiphilus NS21	CP015118.1	A4W93_06310	A4W93_06310	ARN19556.1		guanine deaminase	mapped	native_locus_tag	1	GUAD	
CCG_NS21_A4W93_06315	NS21	Rhizobacter gummiphilus NS21	CP015118.1	A4W93_06315	A4W93_06315	ARN19557.1		xanthine dehydrogenase small subunit	mapped	native_locus_tag	2	HXAND;XAND	
CCG_NS21_A4W93_06320	NS21	Rhizobacter gummiphilus NS21	CP015118.1	A4W93_06320	A4W93_06320	ARN19558.1		xanthine dehydrogenase molybdopterin binding subunit	mapped	native_locus_tag	2	HXAND;XAND	
CCG_NS21_A4W93_06340	NS21	Rhizobacter gummiphilus NS21	CP015118.1	A4W93_06340	A4W93_06340	ARN19562.1		phosphoenolpyruvate carboxylase	mapped	native_locus_tag	1	PPC	
CCG_NS21_A4W93_06345	NS21	Rhizobacter gummiphilus NS21	CP015118.1	A4W93_06345	A4W93_06345	ARN19563.1		hydroxymethylbilane synthase	mapped	native_locus_tag	1	HMBS	
CCG_NS21_A4W93_06350	NS21	Rhizobacter gummiphilus NS21	CP015118.1	A4W93_06350	A4W93_06350	ARN19564.1		uroporphyrinogen-III synthase	mapped	native_locus_tag	1	UPP3S	
CCG_NS21_A4W93_06355	NS21	Rhizobacter gummiphilus NS21	CP015118.1	A4W93_06355	A4W93_06355	ARN19565.1		hypothetical protein	mapped	native_locus_tag	1	UPP3MT	
CCG_NS21_A4W93_06450	NS21	Rhizobacter gummiphilus NS21	CP015118.1	A4W93_06450	A4W93_06450	ARN19583.1		hypothetical protein	mapped	native_locus_tag	1	HACD1i	
CCG_NS21_A4W93_06455	NS21	Rhizobacter gummiphilus NS21	CP015118.1	A4W93_06455	A4W93_06455	ARN19584.1		long-chain fatty acid--CoA ligase	mapped	native_locus_tag	62	ACSPHAC100;ACSPHAC101;ACSPHAC120;ACSPHAC121;ACSPHAC121d6;ACSPHAC140;ACSPHAC141;ACSPHAC141d5;ACSPHAC142;ACSPHAC160;ACSPHAC40;ACSPHAC50;ACSPHAC60;ACSPHAC70;ACSPHAC80;ACSPHAC90;ACSPHACP100;ACSPHACP40;ACSPHACP50;ACSPHACP60;ACSPHACP70;ACSPHACP80;ACSPHACP90;ACSPHACT40;ACSPHACT60;FACOAL100t2pp;FACOAL120t2pp;FACOAL140;FACOAL140t2pp;FACOAL141;FACOAL141t2pp;FACOAL160;FACOAL160t2pp;FACOAL161;FACOAL161t2pp;FACOAL180;FACOAL180t2pp;FACOAL181;FACOAL1812;FACOAL181d11tpp;FACOAL181d6t2pp;FACOAL181t2pp;FACOAL1821;FACOAL182t2pp;FACOAL50i;FACOAL50t2pp;FACOAL60i;FACOAL60t2pp;FACOAL70t2pp;FACOAL80;FACOAL80t2pp;FACOAL90i;FACOAL90t2pp;FACOALP100t2pp;FACOALP50t2pp;FACOALP60t2pp;FACOALP70t2pp;FACOALP80t2pp;FACOALP90t2pp;FACOALT60t2pp;FACOAL_70_c;HMR_0188	
CCG_NS21_A4W93_06465	NS21	Rhizobacter gummiphilus NS21	CP015118.1	A4W93_06465	A4W93_06465	ARN19585.1		hypothetical protein	mapped	native_locus_tag	1	XYLK	
CCG_NS21_A4W93_06475	NS21	Rhizobacter gummiphilus NS21	CP015118.1	A4W93_06475	A4W93_06475	ARN19587.1		short-chain dehydrogenase	mapped	native_locus_tag	1	SBTPD	
CCG_NS21_A4W93_06525	NS21	Rhizobacter gummiphilus NS21	CP015118.1	A4W93_06525	A4W93_06525	ARN19597.1		hypothetical protein	mapped	native_locus_tag	5	MDDCP1pp;MDDCP2pp;MDDCP3pp;MDDCP4pp;MDDCP5pp	
CCG_NS21_A4W93_06540	NS21	Rhizobacter gummiphilus NS21	CP015118.1	A4W93_06540	A4W93_06540	ARN19600.1		dihydroxy-acid dehydratase	mapped	native_locus_tag	2	DHAD1;DHAD2	
CCG_NS21_A4W93_06600	NS21	Rhizobacter gummiphilus NS21	CP015118.1	A4W93_06600	A4W93_06600	ARN19612.1		hypothetical protein	mapped	native_locus_tag	1	DGUNC	
CCG_NS21_A4W93_06630	NS21	Rhizobacter gummiphilus NS21	CP015118.1	A4W93_06630	A4W93_06630	ARN19618.1		hypothetical protein	mapped	native_locus_tag	2	FE3DCITtonex;FEENTERtonex	
CCG_NS21_A4W93_06660	NS21	Rhizobacter gummiphilus NS21	CP015118.1	A4W93_06660	A4W93_06660	ARN19624.1		protocatechuate 3,4-dioxygenase	mapped	native_locus_tag	2	DHCINDO;HPPPNDO	
CCG_NS21_A4W93_06665	NS21	Rhizobacter gummiphilus NS21	CP015118.1	A4W93_06665	A4W93_06665	ARN19625.1		hypothetical protein	mapped	native_locus_tag	2	CINNDO;PPPNDO	
CCG_NS21_A4W93_06670	NS21	Rhizobacter gummiphilus NS21	CP015118.1	A4W93_06670	A4W93_06670	ARN23759.1		ribosomal subunit interface protein	mapped	native_locus_tag	2	CINNDO;PPPNDO	
CCG_NS21_A4W93_06675	NS21	Rhizobacter gummiphilus NS21	CP015118.1	A4W93_06675	A4W93_06675	ARN19626.1		3-phenylpropionate dioxygenase	mapped	native_locus_tag	2	CINNDO;PPPNDO	
CCG_NS21_A4W93_06680	NS21	Rhizobacter gummiphilus NS21	CP015118.1	A4W93_06680	A4W93_06680	ARN19627.1		3-(cis-5,6-dihydroxycyclohexa-1,3-dien-1-yl)propanoate dehydrogenase	mapped	native_locus_tag	2	DHCIND;DHPPD	
CCG_NS21_A4W93_06685	NS21	Rhizobacter gummiphilus NS21	CP015118.1	A4W93_06685	A4W93_06685	ARN19628.1		2-nitropropane dioxygenase	mapped	native_locus_tag	1	NMO	
CCG_NS21_A4W93_06690	NS21	Rhizobacter gummiphilus NS21	CP015118.1	A4W93_06690	A4W93_06690	ARN19629.1		2-keto-4-pentenoate hydratase	mapped	native_locus_tag	1	OP4ENH	
CCG_NS21_A4W93_06695	NS21	Rhizobacter gummiphilus NS21	CP015118.1	A4W93_06695	A4W93_06695	ARN19630.1		branched-chain amino acid ABC transporter substrate-binding protein	mapped	native_locus_tag	3	ILEabcpp;LEUabcpp;VALabcpp	
CCG_NS21_A4W93_06700	NS21	Rhizobacter gummiphilus NS21	CP015118.1	A4W93_06700	A4W93_06700	ARN19631.1		feruloyl-CoA synthase	mapped	native_locus_tag	2	CAFFCOA;FERULCOAS	
CCG_NS21_A4W93_06705	NS21	Rhizobacter gummiphilus NS21	CP015118.1	A4W93_06705	A4W93_06705	ARN19632.1		acetaldehyde dehydrogenase (acetylating)	mapped	native_locus_tag	1	ACALD	
CCG_NS21_A4W93_06710	NS21	Rhizobacter gummiphilus NS21	CP015118.1	A4W93_06710	A4W93_06710	ARN19633.1		4-hydroxy-2-oxovalerate aldolase	mapped	native_locus_tag	1	HOPNTAL	
CCG_NS21_A4W93_06735	NS21	Rhizobacter gummiphilus NS21	CP015118.1	A4W93_06735	A4W93_06735	ARN19638.1		thioesterase	mapped	native_locus_tag	1	DHNCOAT	
CCG_NS21_A4W93_06750	NS21	Rhizobacter gummiphilus NS21	CP015118.1	A4W93_06750	A4W93_06750	ARN19641.1		transcriptional regulator	mapped	native_locus_tag	1	IMPD	
CCG_NS21_A4W93_06830	NS21	Rhizobacter gummiphilus NS21	CP015118.1	A4W93_06830	A4W93_06830	ARN19650.1		hypothetical protein	mapped	native_locus_tag	2	RIBabc;RIBabc1	
CCG_NS21_A4W93_06835	NS21	Rhizobacter gummiphilus NS21	CP015118.1	A4W93_06835	A4W93_06835	ARN19651.1		hypothetical protein	mapped	native_locus_tag	1	RIBabcpp	
CCG_NS21_A4W93_06840	NS21	Rhizobacter gummiphilus NS21	CP015118.1	A4W93_06840	A4W93_06840	ARN19652.1		ribose ABC transporter permease	mapped	native_locus_tag	1	RIBabcpp	
CCG_NS21_A4W93_06895	NS21	Rhizobacter gummiphilus NS21	CP015118.1	A4W93_06895	A4W93_06895	ARN19662.1		coniferyl-aldehyde dehydrogenase	mapped	native_locus_tag	1	COALDDH	
CCG_NS21_A4W93_06900	NS21	Rhizobacter gummiphilus NS21	CP015118.1	A4W93_06900	A4W93_06900	ARN19663.1		glucose-methanol-choline oxidoreductase	mapped	native_locus_tag	1	CHOLD	
CCG_NS21_A4W93_06910	NS21	Rhizobacter gummiphilus NS21	CP015118.1	A4W93_06910	A4W93_06910	ARN19665.1		long-chain-fatty-acid--CoA ligase	mapped	native_locus_tag	62	ACSPHAC100;ACSPHAC101;ACSPHAC120;ACSPHAC121;ACSPHAC121d6;ACSPHAC140;ACSPHAC141;ACSPHAC141d5;ACSPHAC142;ACSPHAC160;ACSPHAC40;ACSPHAC50;ACSPHAC60;ACSPHAC70;ACSPHAC80;ACSPHAC90;ACSPHACP100;ACSPHACP40;ACSPHACP50;ACSPHACP60;ACSPHACP70;ACSPHACP80;ACSPHACP90;ACSPHACT40;ACSPHACT60;FACOAL100t2pp;FACOAL120t2pp;FACOAL140;FACOAL140t2pp;FACOAL141;FACOAL141t2pp;FACOAL160;FACOAL160t2pp;FACOAL161;FACOAL161t2pp;FACOAL180;FACOAL180t2pp;FACOAL181;FACOAL1812;FACOAL181d11tpp;FACOAL181d6t2pp;FACOAL181t2pp;FACOAL1821;FACOAL182t2pp;FACOAL50i;FACOAL50t2pp;FACOAL60i;FACOAL60t2pp;FACOAL70t2pp;FACOAL80;FACOAL80t2pp;FACOAL90i;FACOAL90t2pp;FACOALP100t2pp;FACOALP50t2pp;FACOALP60t2pp;FACOALP70t2pp;FACOALP80t2pp;FACOALP90t2pp;FACOALT60t2pp;FACOAL_70_c;HMR_0188	
CCG_NS21_A4W93_06925	NS21	Rhizobacter gummiphilus NS21	CP015118.1	A4W93_06925	A4W93_06925	ARN19667.1		hypothetical protein	mapped	native_locus_tag	1	PDE1	
CCG_NS21_A4W93_06955	NS21	Rhizobacter gummiphilus NS21	CP015118.1	A4W93_06955	A4W93_06955	ARN19673.1		potassium-transporting ATPase subunit KdpA	mapped	native_locus_tag	1	Kabcpp	
CCG_NS21_A4W93_06960	NS21	Rhizobacter gummiphilus NS21	CP015118.1	A4W93_06960	A4W93_06960	ARN19674.1		potassium-transporting ATPase subunit B	mapped	native_locus_tag	1	Kabcpp	
CCG_NS21_A4W93_06965	NS21	Rhizobacter gummiphilus NS21	CP015118.1	A4W93_06965	A4W93_06965	ARN19675.1		hypothetical protein	mapped	native_locus_tag	2	HKtpp;Kabcpp	
CCG_NS21_A4W93_06970	NS21	Rhizobacter gummiphilus NS21	CP015118.1	A4W93_06970	A4W93_06970	ARN19676.1		two-component system sensor histidine kinase KdbD	mapped	native_locus_tag	1	Kabcpp	
CCG_NS21_A4W93_06995	NS21	Rhizobacter gummiphilus NS21	CP015118.1	A4W93_06995	A4W93_06995	ARN19680.1		glucarate dehydratase	mapped	native_locus_tag	1	GLCRD	
CCG_NS21_A4W93_07035	NS21	Rhizobacter gummiphilus NS21	CP015118.1	A4W93_07035	A4W93_07035	ARN19686.1		methionine ABC transporter substrate-binding protein	mapped	native_locus_tag	2	METDabcpp;METabcpp	
CCG_NS21_A4W93_07085	NS21	Rhizobacter gummiphilus NS21	CP015118.1	A4W93_07085	A4W93_07085	ARN19694.1		acyl-CoA dehydrogenase	mapped	native_locus_tag	3	4POPCOAM;4POPCOAM2;4POPCOAM3	
CCG_NS21_A4W93_07090	NS21	Rhizobacter gummiphilus NS21	CP015118.1	A4W93_07090	A4W93_07090	ARN19695.1		2-deoxy-D-gluconate 3-dehydrogenase	mapped	native_locus_tag	2	4OXPTCOADHx;4OXPTCOADHy	
CCG_NS21_A4W93_07115	NS21	Rhizobacter gummiphilus NS21	CP015118.1	A4W93_07115	A4W93_07115	ARN19700.1		RND transporter	mapped	native_locus_tag	1	PHEMEt	
CCG_NS21_A4W93_07140	NS21	Rhizobacter gummiphilus NS21	CP015118.1	A4W93_07140	A4W93_07140	ARN19704.1		aldehyde dehydrogenase	mapped	native_locus_tag	8	4ABUTD;ABUTD;ALDD20x;ALDD20y;ALDD2x;ALDD2y;GLYALDDr;NABTNO	
CCG_NS21_A4W93_07150	NS21	Rhizobacter gummiphilus NS21	CP015118.1	A4W93_07150	A4W93_07150	ARN19706.1		hypothetical protein	mapped	native_locus_tag	2	R_ROXA;R_ROXA_BULK	
CCG_NS21_A4W93_07155	NS21	Rhizobacter gummiphilus NS21	CP015118.1	A4W93_07155	A4W93_07155	ARN19707.1		alcohol dehydrogenase	mapped	native_locus_tag	2	ALCD1;LCARS	
CCG_NS21_A4W93_07160	NS21	Rhizobacter gummiphilus NS21	CP015118.1	A4W93_07160	A4W93_07160	ARN19708.1		carnitine dehydratase	mapped	native_locus_tag	1	MME	
CCG_NS21_A4W93_07165	NS21	Rhizobacter gummiphilus NS21	CP015118.1	A4W93_07165	A4W93_07165	ARN19709.1		fatty-acid--CoA ligase	mapped	native_locus_tag	10	FACOAL100t2pp;FACOAL120t2pp;FACOAL140t2pp;FACOAL141t2pp;FACOAL160t2pp;FACOAL161t2pp;FACOAL180t2pp;FACOAL181t2pp;FACOAL60t2pp;FACOAL80t2pp	
CCG_NS21_A4W93_07175	NS21	Rhizobacter gummiphilus NS21	CP015118.1	A4W93_07175	A4W93_07175			glucose-methanol-choline oxidoreductase	mapped	native_locus_tag	1	CHOLD	
CCG_NS21_A4W93_07210	NS21	Rhizobacter gummiphilus NS21	CP015118.1	A4W93_07210	A4W93_07210	ARN19716.1		hypothetical protein	mapped	native_locus_tag	1	DGUNC	
CCG_NS21_A4W93_07250	NS21	Rhizobacter gummiphilus NS21	CP015118.1	A4W93_07250	A4W93_07250	ARN19722.1		acetyl-CoA acetyltransferase	mapped	native_locus_tag	15	ACACT1r;ACACT2r;ACACT3r;ACACT4r;ACACT5r;ACACT6r;ACACT7r;ACACT8r;FAO1;FAO10;FAO11;FAO2;FAO3;MACCOAT;VCACT	
CCG_NS21_A4W93_07255	NS21	Rhizobacter gummiphilus NS21	CP015118.1	A4W93_07255	A4W93_07255	ARN19723.1		hypothetical protein	mapped	native_locus_tag	18	CTECOAI6;CTECOAI7;CTECOAI8;ECOAH1;ECOAH2;ECOAH3;ECOAH4;ECOAH5;ECOAH6;ECOAH7;ECOAH8;FAO1;FAO10;FAO11;FAO2;FAO3;HBCE;VECOAH	
CCG_NS21_A4W93_07265	NS21	Rhizobacter gummiphilus NS21	CP015118.1	A4W93_07265	A4W93_07265	ARN19725.1	fadB	multifunctional fatty acid oxidation complex subunit alpha	mapped	native_locus_tag	87	23CTI1;23CTI2;23CTI3;3HPTNCOAR;CTECOAI6;CTECOAI7;CTECOAI8;DHACOAH;ECOAH1;ECOAH14;ECOAH15;ECOAH16;ECOAH17;ECOAH18;ECOAH19;ECOAH2;ECOAH20;ECOAH21;ECOAH22;ECOAH23;ECOAH24;ECOAH25;ECOAH26;ECOAH27;ECOAH28;ECOAH29;ECOAH3;ECOAH30;ECOAH31;ECOAH32;ECOAH33;ECOAH34;ECOAH35;ECOAH36;ECOAH37;ECOAH38;ECOAH4;ECOAH5;ECOAH6;ECOAH7;ECOAH8;HACD1;HACD10i;HACD11i;HACD12i;HACD13i;HACD14i;HACD15i;HACD16i;HACD17i;HACD18i;HACD19i;HACD1i;HACD2;HACD20i;HACD21i;HACD22i;HACD23i;HACD24i;HACD25i;HACD26i;HACD27i;HACD28i;HACD29i;HACD2i;HACD3;HACD30i;HACD31i;HACD32i;HACD33i;HACD3i;HACD4;HACD4i;HACD5;HACD5i;HACD6;HACD6i;HACD7;HACD7i;HACD8;HACD8i;HACD9;HBCE;HMGL_2;HPHL;HVCD;VECOAH	
CCG_NS21_A4W93_07275	NS21	Rhizobacter gummiphilus NS21	CP015118.1	A4W93_07275	A4W93_07275	ARN19727.1		acetyl-CoA acetyltransferase	mapped	native_locus_tag	2	ACACT1r;MACCOAT	
CCG_NS21_A4W93_07280	NS21	Rhizobacter gummiphilus NS21	CP015118.1	A4W93_07280	A4W93_07280	ARN19728.1		enoyl-CoA hydratase	mapped	native_locus_tag	6	ECOAH12;ECOAH9ir;HMGL_2;HPHL;OXDHCOAT;REPHACCOAI	
CCG_NS21_A4W93_07295	NS21	Rhizobacter gummiphilus NS21	CP015118.1	A4W93_07295	A4W93_07295	ARN19731.1		enoyl-CoA hydratase	mapped	native_locus_tag	37	ECOAH1;ECOAH12;ECOAH14;ECOAH15;ECOAH16;ECOAH17;ECOAH18;ECOAH19;ECOAH2;ECOAH20;ECOAH21;ECOAH22;ECOAH23;ECOAH24;ECOAH25;ECOAH26;ECOAH27;ECOAH28;ECOAH29;ECOAH3;ECOAH30;ECOAH31;ECOAH32;ECOAH33;ECOAH34;ECOAH35;ECOAH36;ECOAH37;ECOAH38;ECOAH4;ECOAH5;ECOAH6;ECOAH7;ECOAH8;ECOAH9ir;HACD8i;VECOAH	
CCG_NS21_A4W93_07310	NS21	Rhizobacter gummiphilus NS21	CP015118.1	A4W93_07310	A4W93_07310	ARN19734.1		RND transporter	mapped	native_locus_tag	4	DNTAep;FALDep;MDNTHAep;TNTep	
CCG_NS21_A4W93_07315	NS21	Rhizobacter gummiphilus NS21	CP015118.1	A4W93_07315	A4W93_07315	ARN19735.1		efflux transporter periplasmic adaptor subunit	mapped	native_locus_tag	1	4HBZt3pp	
CCG_NS21_A4W93_07325	NS21	Rhizobacter gummiphilus NS21	CP015118.1	A4W93_07325	A4W93_07325	ARN19737.1		fusaric acid resistance protein	mapped	native_locus_tag	1	4HBZt3pp	
CCG_NS21_A4W93_07400	NS21	Rhizobacter gummiphilus NS21	CP015118.1	A4W93_07400	A4W93_07400	ARN19751.1		inositol monophosphatase	mapped	native_locus_tag	2	FBP;MI1PP	
CCG_NS21_A4W93_07410	NS21	Rhizobacter gummiphilus NS21	CP015118.1	A4W93_07410	A4W93_07410	ARN19752.1		sulfurtransferase	mapped	native_locus_tag	1	CYANST	
CCG_NS21_A4W93_07415	NS21	Rhizobacter gummiphilus NS21	CP015118.1	A4W93_07415	A4W93_07415	ARN19753.1		hypothetical protein	mapped	native_locus_tag	1	VNTDM	
CCG_NS21_A4W93_07425	NS21	Rhizobacter gummiphilus NS21	CP015118.1	A4W93_07425	A4W93_07425	ARN19755.1		NADPH-dependent ferric siderophore reductase	mapped	native_locus_tag	2	FE3DCITR5;FEENTERR4	
CCG_NS21_A4W93_07430	NS21	Rhizobacter gummiphilus NS21	CP015118.1	A4W93_07430	A4W93_07430	ARN19756.1		hypothetical protein	mapped	native_locus_tag	1	DGUNC	
CCG_NS21_A4W93_07460	NS21	Rhizobacter gummiphilus NS21	CP015118.1	A4W93_07460	A4W93_07460	ARN19761.1		SDR family oxidoreductase	mapped	native_locus_tag	1	MTHFD2i	
CCG_NS21_A4W93_07485	NS21	Rhizobacter gummiphilus NS21	CP015118.1	A4W93_07485	A4W93_07485	ARN23776.1		glyoxylate/hydroxypyruvate reductase A	mapped	native_locus_tag	4	GLYCLTDx;GLYCLTDy;HPYRRx;HPYRRy	
CCG_NS21_A4W93_07505	NS21	Rhizobacter gummiphilus NS21	CP015118.1	A4W93_07505	A4W93_07505	ARN19769.1		riboflavin synthase subunit beta	mapped	native_locus_tag	2	RBFSa;RBFSb	
CCG_NS21_A4W93_07635	NS21	Rhizobacter gummiphilus NS21	CP015118.1	A4W93_07635	A4W93_07635	ARN19794.1		hypothetical protein	mapped	native_locus_tag	1	DGUNC	
CCG_NS21_A4W93_07640	NS21	Rhizobacter gummiphilus NS21	CP015118.1	A4W93_07640	A4W93_07640	ARN19795.1		hypothetical protein	mapped	native_locus_tag	1	DGUNC	
CCG_NS21_A4W93_07660	NS21	Rhizobacter gummiphilus NS21	CP015118.1	A4W93_07660	A4W93_07660	ARN19799.1		phosphodiesterase	mapped	native_locus_tag	1	CDGUNPD	
CCG_NS21_A4W93_07665	NS21	Rhizobacter gummiphilus NS21	CP015118.1	A4W93_07665	A4W93_07665	ARN23778.1		ABC transporter substrate-binding protein	mapped	native_locus_tag	3	ALAALAabcpp;CGLYabcpp;PROGLYabcpp	
CCG_NS21_A4W93_07670	NS21	Rhizobacter gummiphilus NS21	CP015118.1	A4W93_07670	A4W93_07670	ARN19800.1		amino acid ABC transporter	mapped	native_locus_tag	6	ALAabcpp;GLYabcpp;HISabcpp;LEUabcpp;PROabcpp;SERabcpp	
CCG_NS21_A4W93_07680	NS21	Rhizobacter gummiphilus NS21	CP015118.1	A4W93_07680	A4W93_07680	ARN19802.1		ABC transporter permease	mapped	native_locus_tag	6	ALAabcpp;GLYabcpp;HISabcpp;LEUabcpp;PROabcpp;SERabcpp	
CCG_NS21_A4W93_07695	NS21	Rhizobacter gummiphilus NS21	CP015118.1	A4W93_07695	A4W93_07695	ARN19805.1		pyrroline-5-carboxylate reductase	mapped	native_locus_tag	4	P5CR;P5CRx;PY5CCR;PY5CCR2	
CCG_NS21_A4W93_07700	NS21	Rhizobacter gummiphilus NS21	CP015118.1	A4W93_07700	A4W93_07700	ARN19806.1		bifunctional proline dehydrogenase/L-glutamate gamma-semialdehyde dehydrogenase	mapped	native_locus_tag	6	P5CD;PHCD;PROD2;PROD3;PUTA3;PY5CDHE	
CCG_NS21_A4W93_07730	NS21	Rhizobacter gummiphilus NS21	CP015118.1	A4W93_07730	A4W93_07730	ARN19811.1		L-threonine dehydrogenase	mapped	native_locus_tag	3	ALCD2x;CHOLD;THRD	
CCG_NS21_A4W93_07735	NS21	Rhizobacter gummiphilus NS21	CP015118.1	A4W93_07735	A4W93_07735	ARN19812.1		glutathione-regulated potassium-efflux system protein KefC	mapped	native_locus_tag	1	Kt3pp	
CCG_NS21_A4W93_07740	NS21	Rhizobacter gummiphilus NS21	CP015118.1	A4W93_07740	A4W93_07740	ARN19813.1		NAD(P)H dehydrogenase	mapped	native_locus_tag	3	NADH10;NADH5;NADH9	
CCG_NS21_A4W93_07750	NS21	Rhizobacter gummiphilus NS21	CP015118.1	A4W93_07750	A4W93_07750	ARN19815.1		dehydratase	mapped	native_locus_tag	25	HBCHLR;RECOAH10;RECOAH11;RECOAH12;RECOAH13;RECOAH14;RECOAH15;RECOAH16;RECOAH17;RECOAH19;RECOAH2;RECOAH20;RECOAH21;RECOAH22;RECOAH23;RECOAH24;RECOAH25;RECOAH26;RECOAH3;RECOAH4;RECOAH5;RECOAH6;RECOAH7;RECOAH8;RECOAH9	
CCG_NS21_A4W93_07775	NS21	Rhizobacter gummiphilus NS21	CP015118.1	A4W93_07775	A4W93_07775	ARN19819.1		pantoate--beta-alanine ligase	mapped	native_locus_tag	2	PANTS;PBAL	
CCG_NS21_A4W93_07780	NS21	Rhizobacter gummiphilus NS21	CP015118.1	A4W93_07780	A4W93_07780	ARN19820.1	panB	3-methyl-2-oxobutanoate hydroxymethyltransferase	mapped	native_locus_tag	1	MOHMT	
CCG_NS21_A4W93_07785	NS21	Rhizobacter gummiphilus NS21	CP015118.1	A4W93_07785	A4W93_07785	ARN23781.1		biotin synthase BioB	mapped	native_locus_tag	2	BTS3r;BTS4	
CCG_NS21_A4W93_07805	NS21	Rhizobacter gummiphilus NS21	CP015118.1	A4W93_07805	A4W93_07805	ARN19824.1		aquaporin	mapped	native_locus_tag	1	H2Otpp	
CCG_NS21_A4W93_07820	NS21	Rhizobacter gummiphilus NS21	CP015118.1	A4W93_07820	A4W93_07820	ARN19827.1		sodium-independent anion transporter	mapped	native_locus_tag	1	SO4t2	
CCG_NS21_A4W93_07845	NS21	Rhizobacter gummiphilus NS21	CP015118.1	A4W93_07845	A4W93_07845	ARN19832.1		hypothetical protein	mapped	native_locus_tag	1	UDPG4E	
CCG_NS21_A4W93_07855	NS21	Rhizobacter gummiphilus NS21	CP015118.1	A4W93_07855	A4W93_07855			hypothetical protein	mapped	native_locus_tag	1	DCMPDA	
CCG_NS21_A4W93_07925	NS21	Rhizobacter gummiphilus NS21	CP015118.1	A4W93_07925	A4W93_07925	ARN19846.1		hypothetical protein	mapped	native_locus_tag	1	NO3abcpp	
CCG_NS21_A4W93_07945	NS21	Rhizobacter gummiphilus NS21	CP015118.1	A4W93_07945	A4W93_07945	ARN19850.1		adenylyl-sulfate kinase	mapped	native_locus_tag	1	ADSK	
CCG_NS21_A4W93_07980	NS21	Rhizobacter gummiphilus NS21	CP015118.1	A4W93_07980	A4W93_07980	ARN23783.1		alpha-amylase	mapped	native_locus_tag	3	AGM3PH;AGM4PH;AGMH	
CCG_NS21_A4W93_08180	NS21	Rhizobacter gummiphilus NS21	CP015118.1	A4W93_08180	A4W93_08180	ARN19890.1	rpsA	30S ribosomal protein S1	mapped	native_locus_tag	2	DMPPS;IPDPS	
CCG_NS21_A4W93_08185	NS21	Rhizobacter gummiphilus NS21	CP015118.1	A4W93_08185	A4W93_08185	ARN19891.1		cytidylate kinase	mapped	native_locus_tag	1	PSCVT	
CCG_NS21_A4W93_08190	NS21	Rhizobacter gummiphilus NS21	CP015118.1	A4W93_08190	A4W93_08190	ARN19892.1		prephenate dehydrogenase	mapped	native_locus_tag	2	PPND;PSCVT	
CCG_NS21_A4W93_08195	NS21	Rhizobacter gummiphilus NS21	CP015118.1	A4W93_08195	A4W93_08195	ARN19893.1		chorismate mutase	mapped	native_locus_tag	3	AROH;CHORM;PPNDH	
CCG_NS21_A4W93_08200	NS21	Rhizobacter gummiphilus NS21	CP015118.1	A4W93_08200	A4W93_08200	ARN19894.1		3-phosphoserine/phosphohydroxythreonine aminotransferase	mapped	native_locus_tag	3	OHPBAT;PSERT;SDPTA	
CCG_NS21_A4W93_08215	NS21	Rhizobacter gummiphilus NS21	CP015118.1	A4W93_08215	A4W93_08215	ARN19897.1		hypothetical protein	mapped	native_locus_tag	1	H2Otex	
CCG_NS21_A4W93_08270	NS21	Rhizobacter gummiphilus NS21	CP015118.1	A4W93_08270	A4W93_08270	ARN19907.1		hypothetical protein	mapped	native_locus_tag	2	PIt7ipp;PItpp	
CCG_NS21_A4W93_08275	NS21	Rhizobacter gummiphilus NS21	CP015118.1	A4W93_08275	A4W93_08275	ARN19908.1		hypothetical protein	mapped	native_locus_tag	1	DGUNC	
CCG_NS21_A4W93_08290	NS21	Rhizobacter gummiphilus NS21	CP015118.1	A4W93_08290	A4W93_08290	ARN19911.1		damage-inducible protein	mapped	native_locus_tag	1	FMNAT	
CCG_NS21_A4W93_08295	NS21	Rhizobacter gummiphilus NS21	CP015118.1	A4W93_08295	A4W93_08295	ARN19912.1	glnA	glutamine synthetase	mapped	native_locus_tag	1	GLNS	
CCG_NS21_A4W93_08310	NS21	Rhizobacter gummiphilus NS21	CP015118.1	A4W93_08310	A4W93_08310	ARN19915.1		nitrogen regulation protein NR(I)	mapped	native_locus_tag	1	CDGUNPD	
CCG_NS21_A4W93_08320	NS21	Rhizobacter gummiphilus NS21	CP015118.1	A4W93_08320	A4W93_08320			hypothetical protein	mapped	native_locus_tag	4	ADSELK;ADSK;SADT;SELADT	
CCG_NS21_A4W93_08330	NS21	Rhizobacter gummiphilus NS21	CP015118.1	A4W93_08330	A4W93_08330	ARN19918.1		hypothetical protein	mapped	native_locus_tag	1	ALDD2y	
CCG_NS21_A4W93_08340	NS21	Rhizobacter gummiphilus NS21	CP015118.1	A4W93_08340	A4W93_08340	ARN19920.1		thymidylate synthase	mapped	native_locus_tag	1	TMDS	
CCG_NS21_A4W93_08345	NS21	Rhizobacter gummiphilus NS21	CP015118.1	A4W93_08345	A4W93_08345	ARN19921.1		hypothetical protein	mapped	native_locus_tag	57	3MBtex;4HBZtex;ACtex;ASO4tex;BUTSO3tex;BUTtex;BZtex;CA2tex;CD2tex;CLtex;CO2tex;COBALT2tex;CRO4tex;CU2tex;ETHSO3tex;ETOHtex;FE2tex;FE3tex;FORtex;GALURtex;GLCURtex;GLYCtex;GUAtex;H2Otex;H2tex;HYXNtex;Htex;IBTtex;ILEtex;ISETACtex;Ktex;LCYSTtex;LEUtex;LYStex;MEOHtex;MG2tex;MNtex;MOBDtex;MSO3tex;NAtex;NH4tex;NI2tex;NO2tex;NO3tex;OXFOtex;PItex;PPAtex;PTAtex;PYRtex;SO3tex;SO4tex;SULFACtex;TAURtex;TOLtex;TSULtex;VALtex;Zn2tex	
CCG_NS21_A4W93_08420	NS21	Rhizobacter gummiphilus NS21	CP015118.1	A4W93_08420	A4W93_08420	ARN19935.1		hypothetical protein	mapped	native_locus_tag	4	ACTD2;CHLabc;CRNabc;IMPD	
CCG_NS21_A4W93_08510	NS21	Rhizobacter gummiphilus NS21	CP015118.1	A4W93_08510	A4W93_08510	ARN19952.1		hypothetical protein	mapped	native_locus_tag	1	HOMt2pp	
CCG_NS21_A4W93_08540	NS21	Rhizobacter gummiphilus NS21	CP015118.1	A4W93_08540	A4W93_08540	ARN19958.1		iron ABC transporter substrate-binding protein	mapped	native_locus_tag	1	FE3abcpp	
CCG_NS21_A4W93_08570	NS21	Rhizobacter gummiphilus NS21	CP015118.1	A4W93_08570	A4W93_08570	ARN19964.1		ABC transporter permease	mapped	native_locus_tag	1	NO3abc	
CCG_NS21_A4W93_08715	NS21	Rhizobacter gummiphilus NS21	CP015118.1	A4W93_08715	A4W93_08715	ARN19992.1		3-dehydroquinate dehydratase	mapped	native_locus_tag	1	DHQTi	
CCG_NS21_A4W93_08745	NS21	Rhizobacter gummiphilus NS21	CP015118.1	A4W93_08745	A4W93_08745	ARN19997.1		beta-galactosidase	mapped	native_locus_tag	1	6PGALSZ_1	
CCG_NS21_A4W93_08765	NS21	Rhizobacter gummiphilus NS21	CP015118.1	A4W93_08765	A4W93_08765	ARN20000.1		ABC transporter ATP-binding protein	mapped	native_locus_tag	5	GLCabc;MALTHPabc;MALTabc;RIBabc;TREabc	
CCG_NS21_A4W93_08815	NS21	Rhizobacter gummiphilus NS21	CP015118.1	A4W93_08815	A4W93_08815	ARN20009.1		transporter	mapped	native_locus_tag	1	IND3ACtpp	
CCG_NS21_A4W93_08830	NS21	Rhizobacter gummiphilus NS21	CP015118.1	A4W93_08830	A4W93_08830	ARN23796.1		N-acetylmuramoyl-L-alanine amidase	mapped	native_locus_tag	2	AGM3PApp;AGM4PApp	
CCG_NS21_A4W93_08985	NS21	Rhizobacter gummiphilus NS21	CP015118.1	A4W93_08985	A4W93_08985	ARN23801.1		MFS transporter	mapped	native_locus_tag	2	ARBt3ipp;LCTSt3ipp	
CCG_NS21_A4W93_08995	NS21	Rhizobacter gummiphilus NS21	CP015118.1	A4W93_08995	A4W93_08995	ARN20035.1		transporter	mapped	native_locus_tag	1	NMNPtpp	
CCG_NS21_A4W93_09005	NS21	Rhizobacter gummiphilus NS21	CP015118.1	A4W93_09005	A4W93_09005	ARN20037.1	eno	phosphopyruvate hydratase	mapped	native_locus_tag	1	ENO	
CCG_NS21_A4W93_09010	NS21	Rhizobacter gummiphilus NS21	CP015118.1	A4W93_09010	A4W93_09010	ARN20038.1		3-deoxy-8-phosphooctulonate synthase	mapped	native_locus_tag	1	KDOPS	
CCG_NS21_A4W93_09015	NS21	Rhizobacter gummiphilus NS21	CP015118.1	A4W93_09015	A4W93_09015	ARN20039.1	pyrG	CTP synthetase	mapped	native_locus_tag	2	CTPS1;CTPS2	
CCG_NS21_A4W93_09040	NS21	Rhizobacter gummiphilus NS21	CP015118.1	A4W93_09040	A4W93_09040	ARN20044.1		inositol monophosphatase	mapped	native_locus_tag	2	G2PP;MI1PP	
CCG_NS21_A4W93_09050	NS21	Rhizobacter gummiphilus NS21	CP015118.1	A4W93_09050	A4W93_09050	ARN20046.1		serine acetyltransferase	mapped	native_locus_tag	1	SERAT	
CCG_NS21_A4W93_09060	NS21	Rhizobacter gummiphilus NS21	CP015118.1	A4W93_09060	A4W93_09060	ARN20048.1		hypothetical protein	mapped	native_locus_tag	2	CDGUNPD;DGUNC	
CCG_NS21_A4W93_09075	NS21	Rhizobacter gummiphilus NS21	CP015118.1	A4W93_09075	A4W93_09075	ARN20051.1		hypothetical protein	mapped	native_locus_tag	1	PIt7	
CCG_NS21_A4W93_09105	NS21	Rhizobacter gummiphilus NS21	CP015118.1	A4W93_09105	A4W93_09105	ARN20057.1		ABC transporter permease	mapped	native_locus_tag	8	BUTSO3abcpp;ETHSO3abcpp;ISETACabcpp;MSO3abcpp;SELabcpp;SULFACabcpp;TAURabcpp;pentso3abcpp	
CCG_NS21_A4W93_09110	NS21	Rhizobacter gummiphilus NS21	CP015118.1	A4W93_09110	A4W93_09110	ARN20058.1		ABC transporter ATP-binding protein	mapped	native_locus_tag	8	BUTSO3abcpp;ETHSO3abcpp;ISETACabcpp;LCYSTabcpp;MSO3abcpp;NO3abcpp;SULFACabcpp;TAURabcpp	
CCG_NS21_A4W93_09115	NS21	Rhizobacter gummiphilus NS21	CP015118.1	A4W93_09115	A4W93_09115	ARN20059.1		ABC transporter substrate-binding protein	mapped	native_locus_tag	5	BUTSO3abcpp;ETHSO3abcpp;ISETACabcpp;MSO3abcpp;SULFACabcpp	
CCG_NS21_A4W93_09160	NS21	Rhizobacter gummiphilus NS21	CP015118.1	A4W93_09160	A4W93_09160	ARN20066.1		C4-dicarboxylate ABC transporter	mapped	native_locus_tag	2	GLUt2rpp;GLUt4pp	
CCG_NS21_A4W93_09165	NS21	Rhizobacter gummiphilus NS21	CP015118.1	A4W93_09165	A4W93_09165	ARN20067.1		sugar transporter	mapped	native_locus_tag	2	GLUt2rpp;GLUt4pp	
CCG_NS21_A4W93_09185	NS21	Rhizobacter gummiphilus NS21	CP015118.1	A4W93_09185	A4W93_09185	ARN20071.1		argininosuccinate synthase	mapped	native_locus_tag	2	ARGSL;ARGSS	
CCG_NS21_A4W93_09195	NS21	Rhizobacter gummiphilus NS21	CP015118.1	A4W93_09195	A4W93_09195	ARN20073.1		DNA-binding protein YbiB	mapped	native_locus_tag	1	ANPRT	
CCG_NS21_A4W93_09200	NS21	Rhizobacter gummiphilus NS21	CP015118.1	A4W93_09200	A4W93_09200	ARN20074.1		nitrate reductase	mapped	native_locus_tag	3	NAR_syn;NITR;NO3R2	
CCG_NS21_A4W93_09205	NS21	Rhizobacter gummiphilus NS21	CP015118.1	A4W93_09205	A4W93_09205			nitrite reductase large subunit	mapped	native_locus_tag	5	NTR3B;NTRIR2x;NTRIR2y;NTRIRx;NTRIRy	
CCG_NS21_A4W93_09215	NS21	Rhizobacter gummiphilus NS21	CP015118.1	A4W93_09215	A4W93_09215	ARN20076.1		MFS transporter	mapped	native_locus_tag	3	NO2t2rpp;NO3t2;NO3t2pp	
CCG_NS21_A4W93_09240	NS21	Rhizobacter gummiphilus NS21	CP015118.1	A4W93_09240	A4W93_09240	ARN20080.1		hypothetical protein	mapped	native_locus_tag	1	FE3DCITtonex	
CCG_NS21_A4W93_09260	NS21	Rhizobacter gummiphilus NS21	CP015118.1	A4W93_09260	A4W93_09260	ARN23806.1		ABC transporter	mapped	native_locus_tag	8	FE2abc;FE3DCIT2abcpp;FE3DCITabcpp;FEENTERabcpp;SMIA1;SMIA1Eabc;SMIA2abc;SMIB1	
CCG_NS21_A4W93_09280	NS21	Rhizobacter gummiphilus NS21	CP015118.1	A4W93_09280	A4W93_09280	ARN20087.1		hypothetical protein	mapped	native_locus_tag	1	HSTPT	
CCG_NS21_A4W93_09320	NS21	Rhizobacter gummiphilus NS21	CP015118.1	A4W93_09320	A4W93_09320	ARN20093.1		aromatic amino acid aminotransferase	mapped	native_locus_tag	5	AROAT;ASPTA;PHETA1;TYRTA;UNK3	
CCG_NS21_A4W93_09330	NS21	Rhizobacter gummiphilus NS21	CP015118.1	A4W93_09330	A4W93_09330	ARN20095.1		phosphotyrosine protein phosphatase	mapped	native_locus_tag	1	ACP1_FMN	
CCG_NS21_A4W93_09340	NS21	Rhizobacter gummiphilus NS21	CP015118.1	A4W93_09340	A4W93_09340	ARN23809.1		cysteine desulfurase IscS	mapped	native_locus_tag	3	AMPTASECG;CYSDSF;THZPSN	
CCG_NS21_A4W93_09385	NS21	Rhizobacter gummiphilus NS21	CP015118.1	A4W93_09385	A4W93_09385	ARN20105.1		nitrate ABC transporter ATP-binding protein	mapped	native_locus_tag	1	NO3abcpp	
CCG_NS21_A4W93_09390	NS21	Rhizobacter gummiphilus NS21	CP015118.1	A4W93_09390	A4W93_09390	ARN20106.1		nitrate ABC transporter, permease protein	mapped	native_locus_tag	1	NO3abcpp	
CCG_NS21_A4W93_09395	NS21	Rhizobacter gummiphilus NS21	CP015118.1	A4W93_09395	A4W93_09395	ARN20107.1		nitrate transporter	mapped	native_locus_tag	1	NO3abcpp	
CCG_NS21_A4W93_09435	NS21	Rhizobacter gummiphilus NS21	CP015118.1	A4W93_09435	A4W93_09435	ARN20115.1		triose-phosphate isomerase	mapped	native_locus_tag	1	TPI	
CCG_NS21_A4W93_09475	NS21	Rhizobacter gummiphilus NS21	CP015118.1	A4W93_09475	A4W93_09475	ARN23810.1		NADH-quinone oxidoreductase subunit F	mapped	native_locus_tag	2	NADH10;NADH9	
CCG_NS21_A4W93_09485	NS21	Rhizobacter gummiphilus NS21	CP015118.1	A4W93_09485	A4W93_09485	ARN20123.1		NADH-quinone oxidoreductase subunit H	mapped	native_locus_tag	2	NADH10;NADH9	
CCG_NS21_A4W93_09525	NS21	Rhizobacter gummiphilus NS21	CP015118.1	A4W93_09525	A4W93_09525	ARN20130.1		ADP-ribose pyrophosphatase	mapped	native_locus_tag	1	ADPRDP	
CCG_NS21_A4W93_09540	NS21	Rhizobacter gummiphilus NS21	CP015118.1	A4W93_09540	A4W93_09540	ARN20133.1		NADH:flavin oxidoreductase	mapped	native_locus_tag	2	TNTR1;TNTR2	
CCG_NS21_A4W93_09570	NS21	Rhizobacter gummiphilus NS21	CP015118.1	A4W93_09570	A4W93_09570	ARN20139.1		hypothetical protein	mapped	native_locus_tag	1	IMPD	
CCG_NS21_A4W93_09580	NS21	Rhizobacter gummiphilus NS21	CP015118.1	A4W93_09580	A4W93_09580	ARN20141.1		chorismate synthase	mapped	native_locus_tag	1	CHORS	
CCG_NS21_A4W93_09590	NS21	Rhizobacter gummiphilus NS21	CP015118.1	A4W93_09590	A4W93_09590	ARN20143.1		poly(3-hydroxybutyrate) depolymerase	mapped	native_locus_tag	2	PHB_PhaZ;PHV_PhaZ	
CCG_NS21_A4W93_09595	NS21	Rhizobacter gummiphilus NS21	CP015118.1	A4W93_09595	A4W93_09595	ARN23812.1		glutathione S-transferase	mapped	native_locus_tag	1	MACACI	
CCG_NS21_A4W93_09625	NS21	Rhizobacter gummiphilus NS21	CP015118.1	A4W93_09625	A4W93_09625	ARN20149.1		hypothetical protein	mapped	native_locus_tag	1	DGUNC	
CCG_NS21_A4W93_09645	NS21	Rhizobacter gummiphilus NS21	CP015118.1	A4W93_09645	A4W93_09645	ARN20152.1		chromate transporter	mapped	native_locus_tag	1	CRO4t3	
CCG_NS21_A4W93_09650	NS21	Rhizobacter gummiphilus NS21	CP015118.1	A4W93_09650	A4W93_09650	ARN20153.1		chromate transporter	mapped	native_locus_tag	1	CRO4t3pp	
CCG_NS21_A4W93_09660	NS21	Rhizobacter gummiphilus NS21	CP015118.1	A4W93_09660	A4W93_09660	ARN20155.1		3-phosphoglycerate dehydrogenase	mapped	native_locus_tag	4	HPYRRx;HPYRRy;PERD;PGCD	
CCG_NS21_A4W93_09710	NS21	Rhizobacter gummiphilus NS21	CP015118.1	A4W93_09710	A4W93_09710	ARN20163.1		lytic murein transglycosylase B	mapped	native_locus_tag	4	MLTGY1pp;MLTGY2pp;MLTGY3pp;MLTGY4pp	
CCG_NS21_A4W93_09775	NS21	Rhizobacter gummiphilus NS21	CP015118.1	A4W93_09775	A4W93_09775	ARN20174.1		two-component system response regulator	mapped	native_locus_tag	1	CDGUNPD	
CCG_NS21_A4W93_09805	NS21	Rhizobacter gummiphilus NS21	CP015118.1	A4W93_09805	A4W93_09805	ARN20179.1		thiamine biosynthesis protein ApbE	mapped	native_locus_tag	1	AHMMPS_1	
CCG_NS21_A4W93_09860	NS21	Rhizobacter gummiphilus NS21	CP015118.1	A4W93_09860	A4W93_09860	ARN20190.1		ubiquinone biosynthesis protein UbiE	mapped	native_locus_tag	2	AMMQLT8;AMMQT8_2	
CCG_NS21_A4W93_09925	NS21	Rhizobacter gummiphilus NS21	CP015118.1	A4W93_09925	A4W93_09925	ARN20194.1		hypothetical protein	mapped	native_locus_tag	3	GLYCTO2;GLYCTO3;GLYCTO4	
CCG_NS21_A4W93_09955	NS21	Rhizobacter gummiphilus NS21	CP015118.1	A4W93_09955	A4W93_09955	ARN20199.1		alkaline phosphatase	mapped	native_locus_tag	2	AKP1;ALKP	
CCG_NS21_A4W93_09975	NS21	Rhizobacter gummiphilus NS21	CP015118.1	A4W93_09975	A4W93_09975	ARN20202.1		L-asparaginase	mapped	native_locus_tag	4	ASNN;ASNNpp;ASNS2;GLUNpp	
CCG_NS21_A4W93_09995	NS21	Rhizobacter gummiphilus NS21	CP015118.1	A4W93_09995	A4W93_09995	ARN20205.1		ABC transporter	mapped	native_locus_tag	7	COBALT2abcpp;Cobalt2abcppI;FE3DCIT2abcpp;FE3DCITabcpp;MNabc;NI2uabcpp;ZNabcpp	
CCG_NS21_A4W93_10000	NS21	Rhizobacter gummiphilus NS21	CP015118.1	A4W93_10000	A4W93_10000	ARN20206.1		hypothetical protein	mapped	native_locus_tag	1	AHSERL2	
CCG_NS21_A4W93_10050	NS21	Rhizobacter gummiphilus NS21	CP015118.1	A4W93_10050	A4W93_10050	ARN20216.1		succinyl-diaminopimelate desuccinylase	mapped	native_locus_tag	1	SDPDS	
CCG_NS21_A4W93_10060	NS21	Rhizobacter gummiphilus NS21	CP015118.1	A4W93_10060	A4W93_10060	ARN20218.1		2,3,4,5-tetrahydropyridine-2,6-dicarboxylate N-succinyltransferase	mapped	native_locus_tag	1	THDPS	
CCG_NS21_A4W93_10065	NS21	Rhizobacter gummiphilus NS21	CP015118.1	A4W93_10065	A4W93_10065	ARN20219.1		succinyldiaminopimelate transaminase	mapped	native_locus_tag	1	SDPTA	
CCG_NS21_A4W93_10185	NS21	Rhizobacter gummiphilus NS21	CP015118.1	A4W93_10185	A4W93_10185	ARN20240.1		acetate kinase	mapped	native_locus_tag	2	ACKr;PPAKr	
CCG_NS21_A4W93_10190	NS21	Rhizobacter gummiphilus NS21	CP015118.1	A4W93_10190	A4W93_10190	ARN20241.1		enoyl-ACP reductase	mapped	native_locus_tag	2	EAR140x;EAR140y	
CCG_NS21_A4W93_10225	NS21	Rhizobacter gummiphilus NS21	CP015118.1	A4W93_10225	A4W93_10225	ARN20246.1		sulfate transporter	mapped	native_locus_tag	3	SO4t2pp;SULabc;TSULabc	
CCG_NS21_A4W93_10235	NS21	Rhizobacter gummiphilus NS21	CP015118.1	A4W93_10235	A4W93_10235	ARN20248.1		lysine decarboxylase	mapped	native_locus_tag	1	LYSDC	
CCG_NS21_A4W93_10240	NS21	Rhizobacter gummiphilus NS21	CP015118.1	A4W93_10240	A4W93_10240	ARN20249.1		amino acid decarboxylase	mapped	native_locus_tag	1	ORNDC	
CCG_NS21_A4W93_10245	NS21	Rhizobacter gummiphilus NS21	CP015118.1	A4W93_10245	A4W93_10245	ARN20250.1		putrescine-ornithine antiporter	mapped	native_locus_tag	2	PTRCORNt7pp;PTRCt2pp	
CCG_NS21_A4W93_10255	NS21	Rhizobacter gummiphilus NS21	CP015118.1	A4W93_10255	A4W93_10255	ARN20252.1		arginine deiminase	mapped	native_locus_tag	2	ARGDI;ARGDr	
CCG_NS21_A4W93_10260	NS21	Rhizobacter gummiphilus NS21	CP015118.1	A4W93_10260	A4W93_10260	ARN20253.1		ornithine carbamoyltransferase	mapped	native_locus_tag	2	OCBT;OCBT2i	
CCG_NS21_A4W93_10265	NS21	Rhizobacter gummiphilus NS21	CP015118.1	A4W93_10265	A4W93_10265	ARN20254.1		carbamate kinase	mapped	native_locus_tag	1	CBMKr	
CCG_NS21_A4W93_10335	NS21	Rhizobacter gummiphilus NS21	CP015118.1	A4W93_10335	A4W93_10335	ARN20266.1		enoyl-ACP reductase	mapped	native_locus_tag	2	EAR140x;EAR140y	
CCG_NS21_A4W93_10350	NS21	Rhizobacter gummiphilus NS21	CP015118.1	A4W93_10350	A4W93_10350	ARN20269.1		translation initiation factor IF-2	mapped	native_locus_tag	1	NTP3	
CCG_NS21_A4W93_10360	NS21	Rhizobacter gummiphilus NS21	CP015118.1	A4W93_10360	A4W93_10360	ARN20271.1	truB	tRNA pseudouridine(55) synthase	mapped	native_locus_tag	1	YUMPS	
CCG_NS21_A4W93_10395	NS21	Rhizobacter gummiphilus NS21	CP015118.1	A4W93_10395	A4W93_10395	ARN20278.1		bifunctional 5,10-methylene-tetrahydrofolate dehydrogenase/5,10-methylene-tetrahydrofolate cyclohydrolase	mapped	native_locus_tag	2	MTHFC;MTHFD	
CCG_NS21_A4W93_10410	NS21	Rhizobacter gummiphilus NS21	CP015118.1	A4W93_10410	A4W93_10410	ARN20281.1	aceE	pyruvate dehydrogenase (acetyl-transferring), homodimeric type	mapped	native_locus_tag	4	ACLS_d;ACLSb;PDH;PDHa	
CCG_NS21_A4W93_10415	NS21	Rhizobacter gummiphilus NS21	CP015118.1	A4W93_10415	A4W93_10415	ARN20282.1		dihydrolipoamide acetyltransferase	mapped	native_locus_tag	1	PDH	
CCG_NS21_A4W93_10420	NS21	Rhizobacter gummiphilus NS21	CP015118.1	A4W93_10420	A4W93_10420	ARN20283.1		dihydrolipoamide dehydrogenase	mapped	native_locus_tag	3	AKGDH;GLYCL;PDH	
CCG_NS21_A4W93_10425	NS21	Rhizobacter gummiphilus NS21	CP015118.1	A4W93_10425	A4W93_10425	ARN20284.1		lipid ABC transporter permease/ATP-binding protein	mapped	native_locus_tag	29	K2L4Aabcpp;PA120abcpp;PA140abcpp;PA141abcpp;PA160abcpp;PA161abcpp;PA180abcpp;PA181abcpp;PE120abcpp;PE140abcpp;PE141abcpp;PE160abcpp;PE161abcpp;PE180abcpp;PE181abcpp;PG120abcpp;PG140abcpp;PG141abcpp;PG160abcpp;PG161abcpp;PG180abcpp;PG181abcpp;PGP120abcpp;PGP140abcpp;PGP141abcpp;PGP160abcpp;PGP161abcpp;PGP180abcpp;PGP181abcpp	
CCG_NS21_A4W93_10440	NS21	Rhizobacter gummiphilus NS21	CP015118.1	A4W93_10440	A4W93_10440	ARN20286.1		hypothetical protein	mapped	native_locus_tag	1	GUACYC	
CCG_NS21_A4W93_10455	NS21	Rhizobacter gummiphilus NS21	CP015118.1	A4W93_10455	A4W93_10455	ARN20288.1		ABC transporter	mapped	native_locus_tag	2	PACALtabcpp;PEAtabcpp	
CCG_NS21_A4W93_10460	NS21	Rhizobacter gummiphilus NS21	CP015118.1	A4W93_10460	A4W93_10460	ARN20289.1		ADP-ribose pyrophosphatase	mapped	native_locus_tag	2	ADPRDP;NADDP	
CCG_NS21_A4W93_10470	NS21	Rhizobacter gummiphilus NS21	CP015118.1	A4W93_10470	A4W93_10470	ARN20291.1		maleylacetoacetate isomerase	mapped	native_locus_tag	1	MACACI	
CCG_NS21_A4W93_10485	NS21	Rhizobacter gummiphilus NS21	CP015118.1	A4W93_10485	A4W93_10485	ARN20294.1		class I poly(R)-hydroxyalkanoic acid synthase	mapped	native_locus_tag	2	PHB_syn;PHV_syn	
CCG_NS21_A4W93_10490	NS21	Rhizobacter gummiphilus NS21	CP015118.1	A4W93_10490	A4W93_10490	ARN20295.1		acetyl-CoA acetyltransferase	mapped	native_locus_tag	2	ACACT1r;GLYBACT1r	
CCG_NS21_A4W93_10495	NS21	Rhizobacter gummiphilus NS21	CP015118.1	A4W93_10495	A4W93_10495	ARN20296.1		beta-ketoacyl-ACP reductase	mapped	native_locus_tag	10	3OAR40;ACTD_1;HACD9;KAS13;KAS17;KAS2;KAS7;KAS8;PHB_PhaB;PHV_PhaB	
CCG_NS21_A4W93_10510	NS21	Rhizobacter gummiphilus NS21	CP015118.1	A4W93_10510	A4W93_10510	ARN20299.1		type I methionyl aminopeptidase	mapped	native_locus_tag	1	AMPTASECG	
CCG_NS21_A4W93_10515	NS21	Rhizobacter gummiphilus NS21	CP015118.1	A4W93_10515	A4W93_10515	ARN20300.1		phosphoribosylformylglycinamidine synthase	mapped	native_locus_tag	1	PRFGS	
CCG_NS21_A4W93_10535	NS21	Rhizobacter gummiphilus NS21	CP015118.1	A4W93_10535	A4W93_10535	ARN20304.1		monooxygenase	mapped	native_locus_tag	3	ACOAD1;ACOAD20;ACOADH2	
CCG_NS21_A4W93_10545	NS21	Rhizobacter gummiphilus NS21	CP015118.1	A4W93_10545	A4W93_10545	ARN20306.1		ABC transporter substrate-binding protein	mapped	native_locus_tag	9	BUTSO3abcpp;ETHSO3abcpp;ISETACabcpp;MSO3abcpp;SELabcpp;SULFACabcpp;TAURabc;TAURabcpp;pentso3abcpp	
CCG_NS21_A4W93_10550	NS21	Rhizobacter gummiphilus NS21	CP015118.1	A4W93_10550	A4W93_10550	ARN20307.1		alkanesulfonate monooxygenase	mapped	native_locus_tag	14	FDMO;FDMO1;FDMO2;FDMO2_1;FDMO3;FDMO3_1;FDMO4;FDMO4_1;FDMO5;FDMO5_1;FDMO6;FDMO6_1;FDMO_1;FDMOtau	
CCG_NS21_A4W93_10560	NS21	Rhizobacter gummiphilus NS21	CP015118.1	A4W93_10560	A4W93_10560	ARN20309.1		ABC transporter permease	mapped	native_locus_tag	9	BUTSO3abcpp;ETHSO3abcpp;ISETACabcpp;MSO3abcpp;SELabcpp;SULFACabcpp;TAURabc;TAURabcpp;pentso3abcpp	
CCG_NS21_A4W93_10565	NS21	Rhizobacter gummiphilus NS21	CP015118.1	A4W93_10565	A4W93_10565	ARN23827.1		sulfonate ABC transporter ATP-binding protein	mapped	native_locus_tag	8	BUTSO3abcpp;ETHSO3abcpp;ISETACabcpp;MSO3abcpp;SELabcpp;SULFACabcpp;TAURabcpp;pentso3abcpp	
CCG_NS21_A4W93_10570	NS21	Rhizobacter gummiphilus NS21	CP015118.1	A4W93_10570	A4W93_10570	ARN20310.1		sulfate transporter subunit	mapped	native_locus_tag	7	CRO4abcpp;MOBDabcpp;SELabcpp;SLNTabcpp;SO3abcpp;SULabcpp;TSULabcpp	
CCG_NS21_A4W93_10585	NS21	Rhizobacter gummiphilus NS21	CP015118.1	A4W93_10585	A4W93_10585	ARN23828.1		thiosulfate transporter subunit	mapped	native_locus_tag	5	CRO4abcpp;SELabcpp;SO3abcpp;SULabcpp;TSULabcpp	
CCG_NS21_A4W93_10590	NS21	Rhizobacter gummiphilus NS21	CP015118.1	A4W93_10590	A4W93_10590	ARN20313.1		sulfate ABC transporter permease subunit CysT	mapped	native_locus_tag	6	CRO4abcpp;MOBDabcpp;SO3abcpp;SULabc;SULabcpp;TSULabcpp	
CCG_NS21_A4W93_10595	NS21	Rhizobacter gummiphilus NS21	CP015118.1	A4W93_10595	A4W93_10595	ARN20314.1		sulfate ABC transporter permease subunit CysW	mapped	native_locus_tag	6	CRO4abcpp;MOBDabcpp;SO3abcpp;SULabc;SULabcpp;TSULabcpp	
CCG_NS21_A4W93_10600	NS21	Rhizobacter gummiphilus NS21	CP015118.1	A4W93_10600	A4W93_10600	ARN20315.1		sulfate ABC transporter ATP-binding protein	mapped	native_locus_tag	7	CRO4abcpp;MOBDabcpp;SELabcpp;SO3abcpp;SULabc;SULabcpp;TSULabcpp	
CCG_NS21_A4W93_10615	NS21	Rhizobacter gummiphilus NS21	CP015118.1	A4W93_10615	A4W93_10615		hppA	sodium-translocating pyrophosphatase	mapped	native_locus_tag	1	PPA_1pp	
CCG_NS21_A4W93_10620	NS21	Rhizobacter gummiphilus NS21	CP015118.1	A4W93_10620	A4W93_10620	ARN20318.1		inorganic pyrophosphatase	mapped	native_locus_tag	2	IDPh_1;PPA	
CCG_NS21_A4W93_10635	NS21	Rhizobacter gummiphilus NS21	CP015118.1	A4W93_10635	A4W93_10635	ARN20319.1		zinc protease	mapped	native_locus_tag	2	MLDEP1pp;MLDEP2pp	
CCG_NS21_A4W93_10670	NS21	Rhizobacter gummiphilus NS21	CP015118.1	A4W93_10670	A4W93_10670	ARN20326.1		hypothetical protein	mapped	native_locus_tag	1	FBACS	
CCG_NS21_A4W93_10675	NS21	Rhizobacter gummiphilus NS21	CP015118.1	A4W93_10675	A4W93_10675	ARN20327.1		hypothetical protein	mapped	native_locus_tag	1	FBACS	
CCG_NS21_A4W93_10690	NS21	Rhizobacter gummiphilus NS21	CP015118.1	A4W93_10690	A4W93_10690	ARN20330.1		ornithine monooxygenase	mapped	native_locus_tag	1	ORN5O	
CCG_NS21_A4W93_10695	NS21	Rhizobacter gummiphilus NS21	CP015118.1	A4W93_10695	A4W93_10695	ARN20331.1		N(5)-hydroxyornithine transformylase PvdF	mapped	native_locus_tag	1	GARFT	
CCG_NS21_A4W93_10700	NS21	Rhizobacter gummiphilus NS21	CP015118.1	A4W93_10700	A4W93_10700	ARN20332.1		acetylpolyamine aminohydrolase	mapped	native_locus_tag	1	CBPAH	
CCG_NS21_A4W93_10710	NS21	Rhizobacter gummiphilus NS21	CP015118.1	A4W93_10710	A4W93_10710	ARN20334.1		peptide ABC transporter	mapped	native_locus_tag	1	FBACabcpp	
CCG_NS21_A4W93_10720	NS21	Rhizobacter gummiphilus NS21	CP015118.1	A4W93_10720	A4W93_10720	ARN23830.1		NAD+ synthase	mapped	native_locus_tag	2	NADS1;NADS2	
CCG_NS21_A4W93_10735	NS21	Rhizobacter gummiphilus NS21	CP015118.1	A4W93_10735	A4W93_10735	ARN20338.1		diacylglycerol kinase	mapped	native_locus_tag	6	DAGK120;DAGK140;DAGK141;DAGK160;DAGK161;DAGK180	
CCG_NS21_A4W93_10760	NS21	Rhizobacter gummiphilus NS21	CP015118.1	A4W93_10760	A4W93_10760	ARN23831.1		acetolactate synthase 3 catalytic subunit	mapped	native_locus_tag	5	ACHBS;ACLS;ACLSb;HBCHLR;ilvg	
CCG_NS21_A4W93_10765	NS21	Rhizobacter gummiphilus NS21	CP015118.1	A4W93_10765	A4W93_10765	ARN20343.1		acetolactate synthase small subunit	mapped	native_locus_tag	4	ACHBS;ACLS;ACLSb;HBCHLR	
CCG_NS21_A4W93_10770	NS21	Rhizobacter gummiphilus NS21	CP015118.1	A4W93_10770	A4W93_10770	ARN20344.1		ketol-acid reductoisomerase	mapped	native_locus_tag	3	DPR;KARA1;KARA2	
CCG_NS21_A4W93_10775	NS21	Rhizobacter gummiphilus NS21	CP015118.1	A4W93_10775	A4W93_10775	ARN20345.1		CDP-diacylglycerol--serine O-phosphatidyltransferase	mapped	native_locus_tag	3	PSSA160;PSSA161;PSSA181	
CCG_NS21_A4W93_10780	NS21	Rhizobacter gummiphilus NS21	CP015118.1	A4W93_10780	A4W93_10780	ARN20346.1		2-isopropylmalate synthase	mapped	native_locus_tag	1	IPPS	
CCG_NS21_A4W93_10785	NS21	Rhizobacter gummiphilus NS21	CP015118.1	A4W93_10785	A4W93_10785	ARN20347.1		2-isopropylmalate synthase	mapped	native_locus_tag	1	IPPS	
CCG_NS21_A4W93_10790	NS21	Rhizobacter gummiphilus NS21	CP015118.1	A4W93_10790	A4W93_10790	ARN20348.1		peptidase S11	mapped	native_locus_tag	4	MDDEP1pp;MDDEP2pp;MDDEP3pp;MDDEP4pp	
CCG_NS21_A4W93_10875	NS21	Rhizobacter gummiphilus NS21	CP015118.1	A4W93_10875	A4W93_10875	ARN20361.1		hypothetical protein	mapped	native_locus_tag	1	DGUNC	
CCG_NS21_A4W93_10920	NS21	Rhizobacter gummiphilus NS21	CP015118.1	A4W93_10920	A4W93_10920	ARN20370.1		ferredoxin--NADP(+) reductase	mapped	native_locus_tag	1	TRDR	
CCG_NS21_A4W93_10930	NS21	Rhizobacter gummiphilus NS21	CP015118.1	A4W93_10930	A4W93_10930	ARN20372.1		uroporphyrin-III methyltransferase	mapped	native_locus_tag	3	SHCHD2;SHCHF;UPP3MT	
CCG_NS21_A4W93_10935	NS21	Rhizobacter gummiphilus NS21	CP015118.1	A4W93_10935	A4W93_10935	ARN20373.1		sulfate adenylyltransferase	mapped	native_locus_tag	5	ADSELK;ADSK;SADT;SADT2;SELADT	
CCG_NS21_A4W93_10940	NS21	Rhizobacter gummiphilus NS21	CP015118.1	A4W93_10940	A4W93_10940	ARN20374.1		sulfate adenylyltransferase small subunit	mapped	native_locus_tag	1	SADT	
CCG_NS21_A4W93_10945	NS21	Rhizobacter gummiphilus NS21	CP015118.1	A4W93_10945	A4W93_10945	ARN20375.1		phosphoadenosine phosphosulfate reductase	mapped	native_locus_tag	2	APSR;PAPSR	
CCG_NS21_A4W93_10955	NS21	Rhizobacter gummiphilus NS21	CP015118.1	A4W93_10955	A4W93_10955	ARN20377.1		nitrite reductase	mapped	native_locus_tag	1	SULR	
CCG_NS21_A4W93_10980	NS21	Rhizobacter gummiphilus NS21	CP015118.1	A4W93_10980	A4W93_10980	ARN20381.1		D-glycerate dehydrogenase	mapped	native_locus_tag	13	2DGLCNRx;2DGLCNRy;2DGULRGx;2DGULRGy;2DGULRx;2DGULRy;DKGLCNR2x;DKGLCNR2y;GLYCLTDx;GLYCLTDy;HPYRRx;HPYRRy;PGLCNDH	
CCG_NS21_A4W93_11015	NS21	Rhizobacter gummiphilus NS21	CP015118.1	A4W93_11015	A4W93_11015	ARN23834.1		sugar ABC transporter permease YjfF	mapped	native_locus_tag	2	GALabcpp;RIBabcpp	
CCG_NS21_A4W93_11020	NS21	Rhizobacter gummiphilus NS21	CP015118.1	A4W93_11020	A4W93_11020	ARN23835.1		sugar ABC transporter permease	mapped	native_locus_tag	2	GALabcpp;RIBabcpp	
CCG_NS21_A4W93_11025	NS21	Rhizobacter gummiphilus NS21	CP015118.1	A4W93_11025	A4W93_11025	ARN20388.1		sugar ABC transporter ATP-binding protein	mapped	native_locus_tag	2	GALabcpp;RIBabcpp	
CCG_NS21_A4W93_11030	NS21	Rhizobacter gummiphilus NS21	CP015118.1	A4W93_11030	A4W93_11030	ARN23833.1		ABC transporter permease	mapped	native_locus_tag	1	XYLabcpp	
CCG_NS21_A4W93_11035	NS21	Rhizobacter gummiphilus NS21	CP015118.1	A4W93_11035	A4W93_11035	ARN20389.1		ABC transporter ATP-binding protein	mapped	native_locus_tag	3	RIBabc;RIBabc1;XYLabcpp	
CCG_NS21_A4W93_11045	NS21	Rhizobacter gummiphilus NS21	CP015118.1	A4W93_11045	A4W93_11045	ARN20391.1		LacI family transcriptional regulator	mapped	native_locus_tag	2	GALabcpp;RIBabcpp	
CCG_NS21_A4W93_11120	NS21	Rhizobacter gummiphilus NS21	CP015118.1	A4W93_11120	A4W93_11120	ARN20404.1		aldehyde dehydrogenase	mapped	native_locus_tag	6	ABUTD;ALDD2x;GDBTALDH;GG15DAPDxr;GGDAPDxr;GGGABADxr	
CCG_NS21_A4W93_11125	NS21	Rhizobacter gummiphilus NS21	CP015118.1	A4W93_11125	A4W93_11125	ARN20405.1		aminotransferase	mapped	native_locus_tag	2	PTRCTA;PTRCTA2	
CCG_NS21_A4W93_11130	NS21	Rhizobacter gummiphilus NS21	CP015118.1	A4W93_11130	A4W93_11130	ARN20406.1		glutamine synthetase	mapped	native_locus_tag	4	GG15DAPS;GGDAPS;GGPTRCS;GGSPMDS	
CCG_NS21_A4W93_11135	NS21	Rhizobacter gummiphilus NS21	CP015118.1	A4W93_11135	A4W93_11135	ARN20407.1		gamma-glutamyl-gamma-aminobutyrate hydrolase	mapped	native_locus_tag	3	GG15DAPAH;GGDAPAH;GGGABAH	
CCG_NS21_A4W93_11140	NS21	Rhizobacter gummiphilus NS21	CP015118.1	A4W93_11140	A4W93_11140	ARN20408.1		omega amino acid--pyruvate aminotransferase	mapped	native_locus_tag	1	APATr	
CCG_NS21_A4W93_11145	NS21	Rhizobacter gummiphilus NS21	CP015118.1	A4W93_11145	A4W93_11145	ARN23838.1		isocitrate lyase	mapped	native_locus_tag	2	ICL;MCITL2	
CCG_NS21_A4W93_11175	NS21	Rhizobacter gummiphilus NS21	CP015118.1	A4W93_11175	A4W93_11175	ARN23839.1		aminodeoxychorismate lyase	mapped	native_locus_tag	4	MLTGY1pp;MLTGY2pp;MLTGY3pp;MLTGY4pp	
CCG_NS21_A4W93_11180	NS21	Rhizobacter gummiphilus NS21	CP015118.1	A4W93_11180	A4W93_11180	ARN20414.1		dTMP kinase	mapped	native_locus_tag	2	DTMPK;URIDK2r	
CCG_NS21_A4W93_11210	NS21	Rhizobacter gummiphilus NS21	CP015118.1	A4W93_11210	A4W93_11210	ARN20420.1		hypothetical protein	mapped	native_locus_tag	1	PHEMEabcpp	
CCG_NS21_A4W93_11215	NS21	Rhizobacter gummiphilus NS21	CP015118.1	A4W93_11215	A4W93_11215	ARN23840.1		heme ABC transporter permease	mapped	native_locus_tag	1	PHEMEabcpp	
CCG_NS21_A4W93_11220	NS21	Rhizobacter gummiphilus NS21	CP015118.1	A4W93_11220	A4W93_11220	ARN20421.1		heme ABC transporter permease	mapped	native_locus_tag	1	PHEMEabcpp	
CCG_NS21_A4W93_11225	NS21	Rhizobacter gummiphilus NS21	CP015118.1	A4W93_11225	A4W93_11225	ARN20422.1		cytochrome c biogenesis protein CcmE	mapped	native_locus_tag	1	PHEMEabcpp	
CCG_NS21_A4W93_11265	NS21	Rhizobacter gummiphilus NS21	CP015118.1	A4W93_11265	A4W93_11265	ARN20429.1		phosphoribosylamine--glycine ligase	mapped	native_locus_tag	2	PPRGL;PRAGSr	
CCG_NS21_A4W93_11270	NS21	Rhizobacter gummiphilus NS21	CP015118.1	A4W93_11270	A4W93_11270	ARN20430.1		coproporphyrinogen III oxidase	mapped	native_locus_tag	1	CPPPGO	
CCG_NS21_A4W93_11275	NS21	Rhizobacter gummiphilus NS21	CP015118.1	A4W93_11275	A4W93_11275	ARN23842.1		nicotinate-nicotinamide nucleotide adenylyltransferase	mapped	native_locus_tag	2	NMNAT;NNATr	
CCG_NS21_A4W93_11290	NS21	Rhizobacter gummiphilus NS21	CP015118.1	A4W93_11290	A4W93_11290	ARN20433.1		septum formation protein Maf	mapped	native_locus_tag	2	NTPP7;NTPP8	
CCG_NS21_A4W93_11355	NS21	Rhizobacter gummiphilus NS21	CP015118.1	A4W93_11355	A4W93_11355	ARN20445.1		tRNA threonylcarbamoyladenosine dehydratase	mapped	native_locus_tag	1	THZPSN	
CCG_NS21_A4W93_11395	NS21	Rhizobacter gummiphilus NS21	CP015118.1	A4W93_11395	A4W93_11395	ARN20450.1		ABC transporter permease	mapped	native_locus_tag	3	BUTSO3abcpp;ISETACabcpp;TAURabcpp	
CCG_NS21_A4W93_11420	NS21	Rhizobacter gummiphilus NS21	CP015118.1	A4W93_11420	A4W93_11420	ARN20454.1		GDP-mannose pyrophosphatase	mapped	native_locus_tag	1	GDPMNP	
CCG_NS21_A4W93_11490	NS21	Rhizobacter gummiphilus NS21	CP015118.1	A4W93_11490	A4W93_11490	ARN20467.1	acnA	aconitate hydratase	mapped	native_locus_tag	4	ACONT;ACONTa;ACONTb;MICITDr	
CCG_NS21_A4W93_11500	NS21	Rhizobacter gummiphilus NS21	CP015118.1	A4W93_11500	A4W93_11500	ARN20468.1		protease/lipase ABC transporter permease/ATP-binding protein	mapped	native_locus_tag	2	CYTBD2pp;FEENTER2tpp	
CCG_NS21_A4W93_11560	NS21	Rhizobacter gummiphilus NS21	CP015118.1	A4W93_11560	A4W93_11560	ARN20479.1		aconitate hydratase B	mapped	native_locus_tag	4	ACONT;ACONTa;ACONTb;MICITDr	
CCG_NS21_A4W93_11580	NS21	Rhizobacter gummiphilus NS21	CP015118.1	A4W93_11580	A4W93_11580	ARN20483.1		aldolase	mapped	native_locus_tag	1	CITL	
CCG_NS21_A4W93_11585	NS21	Rhizobacter gummiphilus NS21	CP015118.1	A4W93_11585	A4W93_11585	ARN20484.1		malate dehydrogenase	mapped	native_locus_tag	1	MDH	
CCG_NS21_A4W93_11595	NS21	Rhizobacter gummiphilus NS21	CP015118.1	A4W93_11595	A4W93_11595	ARN20486.1		succinate dehydrogenase, cytochrome b556 subunit	mapped	native_locus_tag	5	FRD2;FRD3;SUCD1;SUCD4;SUCDi	
CCG_NS21_A4W93_11600	NS21	Rhizobacter gummiphilus NS21	CP015118.1	A4W93_11600	A4W93_11600	ARN20487.1		succinate dehydrogenase	mapped	native_locus_tag	5	FRD2;FRD3;SUCD1;SUCD4;SUCDi	
CCG_NS21_A4W93_11605	NS21	Rhizobacter gummiphilus NS21	CP015118.1	A4W93_11605	A4W93_11605	ARN20488.1		fumarate reductase (quinol) flavoprotein subunit	mapped	native_locus_tag	4	FRD2;FRD3;SUCD1;SUCD4	
CCG_NS21_A4W93_11610	NS21	Rhizobacter gummiphilus NS21	CP015118.1	A4W93_11610	A4W93_11610	ARN20489.1	sdhB	succinate dehydrogenase iron-sulfur subunit	mapped	native_locus_tag	5	FRD2;FRD3;SUCD1;SUCD4;SUCDi	
CCG_NS21_A4W93_11620	NS21	Rhizobacter gummiphilus NS21	CP015118.1	A4W93_11620	A4W93_11620	ARN20491.1	gltA	citrate (Si)-synthase	mapped	native_locus_tag	1	CS	
CCG_NS21_A4W93_11625	NS21	Rhizobacter gummiphilus NS21	CP015118.1	A4W93_11625	A4W93_11625	ARN20492.1		isopropylmalate isomerase	mapped	native_locus_tag	2	IPPMIa;IPPMIb	
CCG_NS21_A4W93_11635	NS21	Rhizobacter gummiphilus NS21	CP015118.1	A4W93_11635	A4W93_11635	ARN20494.1		3-isopropylmalate dehydratase	mapped	native_locus_tag	2	IPPMIa;IPPMIb	
CCG_NS21_A4W93_11640	NS21	Rhizobacter gummiphilus NS21	CP015118.1	A4W93_11640	A4W93_11640	ARN20495.1		3-isopropylmalate dehydrogenase	mapped	native_locus_tag	1	IPMD	
CCG_NS21_A4W93_11645	NS21	Rhizobacter gummiphilus NS21	CP015118.1	A4W93_11645	A4W93_11645	ARN20496.1		aspartate-semialdehyde dehydrogenase	mapped	native_locus_tag	1	ASAD	
CCG_NS21_A4W93_11655	NS21	Rhizobacter gummiphilus NS21	CP015118.1	A4W93_11655	A4W93_11655	ARN23848.1		tRNA pseudouridine(38,39,40) synthase TruA	mapped	native_locus_tag	1	YUMPS	
CCG_NS21_A4W93_11665	NS21	Rhizobacter gummiphilus NS21	CP015118.1	A4W93_11665	A4W93_11665	ARN20499.1		tryptophan synthase subunit beta	mapped	native_locus_tag	3	TRPS1;TRPS2;TRPS3	
CCG_NS21_A4W93_11670	NS21	Rhizobacter gummiphilus NS21	CP015118.1	A4W93_11670	A4W93_11670	ARN20500.1		tryptophan synthase subunit alpha	mapped	native_locus_tag	2	TRPS1;TRPS3	
CCG_NS21_A4W93_11675	NS21	Rhizobacter gummiphilus NS21	CP015118.1	A4W93_11675	A4W93_11675	ARN20501.1		acetyl-CoA carboxylase subunit beta	mapped	native_locus_tag	1	ACCOAC	
CCG_NS21_A4W93_11680	NS21	Rhizobacter gummiphilus NS21	CP015118.1	A4W93_11680	A4W93_11680	ARN20502.1		bifunctional folylpolyglutamate synthase/dihydrofolate synthase	mapped	native_locus_tag	1	DHFS	
CCG_NS21_A4W93_11695	NS21	Rhizobacter gummiphilus NS21	CP015118.1	A4W93_11695	A4W93_11695	ARN20505.1		amidophosphoribosyltransferase	mapped	native_locus_tag	1	GLUPRT	
CCG_NS21_A4W93_11700	NS21	Rhizobacter gummiphilus NS21	CP015118.1	A4W93_11700	A4W93_11700	ARN20506.1		O-succinylhomoserine sulfhydrylase	mapped	native_locus_tag	2	AHSERL2;SHSL2	
CCG_NS21_A4W93_11705	NS21	Rhizobacter gummiphilus NS21	CP015118.1	A4W93_11705	A4W93_11705	ARN20507.1		glutamate--tRNA ligase	mapped	native_locus_tag	1	GLUTRS	
CCG_NS21_A4W93_11735	NS21	Rhizobacter gummiphilus NS21	CP015118.1	A4W93_11735	A4W93_11735	ARN20509.1		MFS transporter	mapped	native_locus_tag	1	L_LACt2r	
CCG_NS21_A4W93_11740	NS21	Rhizobacter gummiphilus NS21	CP015118.1	A4W93_11740	A4W93_11740	ARN20510.1		xylose isomerase	mapped	native_locus_tag	1	DHSKDH	
CCG_NS21_A4W93_11745	NS21	Rhizobacter gummiphilus NS21	CP015118.1	A4W93_11745	A4W93_11745	ARN20511.1		4-hydroxyphenylpyruvate dioxygenase	mapped	native_locus_tag	1	34HPPOR	
CCG_NS21_A4W93_11750	NS21	Rhizobacter gummiphilus NS21	CP015118.1	A4W93_11750	A4W93_11750	ARN20512.1		3-dehydroquinate dehydratase	mapped	native_locus_tag	1	DHQTi	
CCG_NS21_A4W93_11755	NS21	Rhizobacter gummiphilus NS21	CP015118.1	A4W93_11755	A4W93_11755	ARN20513.1		oxidoreductase	mapped	native_locus_tag	1	INS2D	
CCG_NS21_A4W93_11760	NS21	Rhizobacter gummiphilus NS21	CP015118.1	A4W93_11760	A4W93_11760	ARN20514.1		ABC transporter ATP-binding protein	mapped	native_locus_tag	6	ALAabcpp;GLYabcpp;HISabcpp;LEUabcpp;PROabcpp;SERabcpp	
CCG_NS21_A4W93_11765	NS21	Rhizobacter gummiphilus NS21	CP015118.1	A4W93_11765	A4W93_11765	ARN20515.1		ABC transporter ATP-binding protein	mapped	native_locus_tag	6	ALAabcpp;GLYabcpp;HISabcpp;LEUabcpp;PROabcpp;SERabcpp	
CCG_NS21_A4W93_11770	NS21	Rhizobacter gummiphilus NS21	CP015118.1	A4W93_11770	A4W93_11770	ARN20516.1		ABC transporter permease	mapped	native_locus_tag	5	ALAabcpp;ILEabcpp;LEUabcpp;THRabcpp;VALabcpp	
CCG_NS21_A4W93_11775	NS21	Rhizobacter gummiphilus NS21	CP015118.1	A4W93_11775	A4W93_11775	ARN20517.1		ABC transporter permease	mapped	native_locus_tag	3	ILEabcpp;LEUabcpp;VALabcpp	
CCG_NS21_A4W93_11830	NS21	Rhizobacter gummiphilus NS21	CP015118.1	A4W93_11830	A4W93_11830	ARN20527.1		hypothetical protein	mapped	native_locus_tag	12	CTECOAI6;CTECOAI7;CTECOAI8;ECOAH1;ECOAH2;ECOAH3;ECOAH4;ECOAH5;ECOAH6;ECOAH7;ECOAH8;VECOAH	
CCG_NS21_A4W93_11850	NS21	Rhizobacter gummiphilus NS21	CP015118.1	A4W93_11850	A4W93_11850	ARN20531.1		ABC transporter substrate-binding protein	mapped	native_locus_tag	6	ARGabcpp;DORNabcpp;GLNabc;GLNabcpp;LYSabcpp;ORNabcpp	
CCG_NS21_A4W93_11855	NS21	Rhizobacter gummiphilus NS21	CP015118.1	A4W93_11855	A4W93_11855	ARN20532.1		amino acid ABC transporter permease	mapped	native_locus_tag	20	ALAabc;ARGabc;ASNabc;ASPabc;CYSabc;GLNabc;GLUabc;GLYabc;HISabc;ILEabc;LEUabc;LYSabc;METabc;PHEabc;PROabc;SERabc;THRabc;TRPabc;TYRabc;VALabc	
CCG_NS21_A4W93_11880	NS21	Rhizobacter gummiphilus NS21	CP015118.1	A4W93_11880	A4W93_11880	ARN20536.1		phosphoglucomutase	mapped	native_locus_tag	4	PGAMT;PGMT;PMANM;PPM	
CCG_NS21_A4W93_11890	NS21	Rhizobacter gummiphilus NS21	CP015118.1	A4W93_11890	A4W93_11890	ARN23852.1		3-deoxy-D-manno-octulosonic acid transferase	mapped	native_locus_tag	2	MOAT;MOAT2	
CCG_NS21_A4W93_11920	NS21	Rhizobacter gummiphilus NS21	CP015118.1	A4W93_11920	A4W93_11920	ARN20543.1		channel protein TolC	mapped	native_locus_tag	7	CMtpp;DOXRBCNtpp;FEENTERtex;FUSAtpp;INDOLEt2pp;NOVBCNtpp;TTRCYCtpp	
CCG_NS21_A4W93_11925	NS21	Rhizobacter gummiphilus NS21	CP015118.1	A4W93_11925	A4W93_11925	ARN20544.1		sulfurtransferase	mapped	native_locus_tag	1	CYANST	
CCG_NS21_A4W93_11935	NS21	Rhizobacter gummiphilus NS21	CP015118.1	A4W93_11935	A4W93_11935	ARN20546.1		nodulation protein NolG	mapped	native_locus_tag	5	CD2t4pp;COBALTt4pp;FE2t4pp;NI2t4pp;ZN2t4pp	
CCG_NS21_A4W93_11950	NS21	Rhizobacter gummiphilus NS21	CP015118.1	A4W93_11950	A4W93_11950	ARN20549.1		undecaprenyl-diphosphatase	mapped	native_locus_tag	1	UDCPDP	
CCG_NS21_A4W93_11995	NS21	Rhizobacter gummiphilus NS21	CP015118.1	A4W93_11995	A4W93_11995	ARN20556.1		diguanylate phosphodiesterase	mapped	native_locus_tag	1	GUACYC	
CCG_NS21_A4W93_12030	NS21	Rhizobacter gummiphilus NS21	CP015118.1	A4W93_12030	A4W93_12030	ARN20562.1		arabinose transporter permease	mapped	native_locus_tag	3	ARBt3ipp;DARBt3ipp;LCTSt3ipp	
CCG_NS21_A4W93_12100	NS21	Rhizobacter gummiphilus NS21	CP015118.1	A4W93_12100	A4W93_12100	ARN20576.1	gabD	succinate-semialdehyde dehydrogenase (NADP(+))	mapped	native_locus_tag	4	OXPTNDH;SSALx;SSALy;SSCOARy	
CCG_NS21_A4W93_12130	NS21	Rhizobacter gummiphilus NS21	CP015118.1	A4W93_12130	A4W93_12130	ARN20582.1		phosphopantothenate synthase	mapped	native_locus_tag	2	PPCDC;PPNCL2	
CCG_NS21_A4W93_12135	NS21	Rhizobacter gummiphilus NS21	CP015118.1	A4W93_12135	A4W93_12135	ARN20583.1		deoxyuridine 5'-triphosphate nucleotidohydrolase	mapped	native_locus_tag	2	DUTPDP;NDP8	
CCG_NS21_A4W93_12165	NS21	Rhizobacter gummiphilus NS21	CP015118.1	A4W93_12165	A4W93_12165	ARN20589.1		MBL fold metallo-hydrolase	mapped	native_locus_tag	1	GLYOX	
CCG_NS21_A4W93_12175	NS21	Rhizobacter gummiphilus NS21	CP015118.1	A4W93_12175	A4W93_12175	ARN20590.1		4-hydroxy-tetrahydrodipicolinate synthase	mapped	native_locus_tag	1	DHDPS	
CCG_NS21_A4W93_12185	NS21	Rhizobacter gummiphilus NS21	CP015118.1	A4W93_12185	A4W93_12185	ARN20592.1		MFS transporter	mapped	native_locus_tag	4	ACACt2;ACt2r;D_LACt2;L_LACt2r	
CCG_NS21_A4W93_12225	NS21	Rhizobacter gummiphilus NS21	CP015118.1	A4W93_12225	A4W93_12225	ARN23858.1		UDP-N-acetylglucosamine 1-carboxyvinyltransferase	mapped	native_locus_tag	1	UAGCVT	
CCG_NS21_A4W93_12305	NS21	Rhizobacter gummiphilus NS21	CP015118.1	A4W93_12305	A4W93_12305	ARN20612.1		fumarate hydratase	mapped	native_locus_tag	1	FUM	
CCG_NS21_A4W93_12320	NS21	Rhizobacter gummiphilus NS21	CP015118.1	A4W93_12320	A4W93_12320	ARN20615.1		acetyl-coenzyme A synthetase	mapped	native_locus_tag	7	AADa;AADb;ACCOAL;ACS;ACS2;APAT_1;PACPT_1	
CCG_NS21_A4W93_12335	NS21	Rhizobacter gummiphilus NS21	CP015118.1	A4W93_12335	A4W93_12335	ARN20618.1		dihydroxy-acid dehydratase	mapped	native_locus_tag	2	DHAD1;DHAD2	
CCG_NS21_A4W93_12370	NS21	Rhizobacter gummiphilus NS21	CP015118.1	A4W93_12370	A4W93_12370	ARN20623.1		GTP cyclohydrolase II	mapped	native_locus_tag	1	GTPCII2	
CCG_NS21_A4W93_12375	NS21	Rhizobacter gummiphilus NS21	CP015118.1	A4W93_12375	A4W93_12375	ARN20624.1		glutathione S-transferase	mapped	native_locus_tag	1	MACACI	
CCG_NS21_A4W93_12385	NS21	Rhizobacter gummiphilus NS21	CP015118.1	A4W93_12385	A4W93_12385	ARN20626.1		FAD-dependent oxidoreductase	mapped	native_locus_tag	3	G3PD1ir;NOX;SHGO	
CCG_NS21_A4W93_12475	NS21	Rhizobacter gummiphilus NS21	CP015118.1	A4W93_12475	A4W93_12475	ARN20643.1		D-xylose ABC transporter substrate-binding protein	mapped	native_locus_tag	1	XYLabcpp	
CCG_NS21_A4W93_12490	NS21	Rhizobacter gummiphilus NS21	CP015118.1	A4W93_12490	A4W93_12490	ARN20646.1		hypothetical protein	mapped	native_locus_tag	10	GPDDA1;GPDDA1pp;GPDDA2;GPDDA2pp;GPDDA3;GPDDA3pp;GPDDA4;GPDDA4pp;GPDDA5;GPDDA5pp	
CCG_NS21_A4W93_12495	NS21	Rhizobacter gummiphilus NS21	CP015118.1	A4W93_12495	A4W93_12495	ARN20647.1		threonine aldolase	mapped	native_locus_tag	2	THRA;THRA2	
CCG_NS21_A4W93_12510	NS21	Rhizobacter gummiphilus NS21	CP015118.1	A4W93_12510	A4W93_12510	ARN20650.1		aldo/keto reductase	mapped	native_locus_tag	1	PYDXOR	
CCG_NS21_A4W93_12670	NS21	Rhizobacter gummiphilus NS21	CP015118.1	A4W93_12670	A4W93_12670	ARN20680.1		EvpB family type VI secretion protein	mapped	native_locus_tag	1	URO_c	
CCG_NS21_A4W93_12750	NS21	Rhizobacter gummiphilus NS21	CP015118.1	A4W93_12750	A4W93_12750	ARN20694.1		NAD-dependent succinate-semialdehyde dehydrogenase	mapped	native_locus_tag	3	ASPSALy;SSALx;SSALy	
CCG_NS21_A4W93_12785	NS21	Rhizobacter gummiphilus NS21	CP015118.1	A4W93_12785	A4W93_12785	ARN20699.1		hypothetical protein	mapped	native_locus_tag	1	GLUR	
CCG_NS21_A4W93_12800	NS21	Rhizobacter gummiphilus NS21	CP015118.1	A4W93_12800	A4W93_12800	ARN20702.1		acyl-CoA dehydrogenase	mapped	native_locus_tag	5	ACOAD2f;ACOAD3f;ACOAD4f;ACOAD5f;ACOAD6f	
CCG_NS21_A4W93_12815	NS21	Rhizobacter gummiphilus NS21	CP015118.1	A4W93_12815	A4W93_12815	ARN20705.1	sucA	2-oxoglutarate dehydrogenase E1 component	mapped	native_locus_tag	5	AKGDH;AKGDa;GLCOASYNT;ODH2E;OGDE1	
CCG_NS21_A4W93_12820	NS21	Rhizobacter gummiphilus NS21	CP015118.1	A4W93_12820	A4W93_12820	ARN20706.1		dihydrolipoamide succinyltransferase	mapped	native_locus_tag	4	AKGDH;AKGDb;GLCOASYNT;OXOADLR	
CCG_NS21_A4W93_12825	NS21	Rhizobacter gummiphilus NS21	CP015118.1	A4W93_12825	A4W93_12825	ARN20707.1		dihydrolipoyl dehydrogenase	mapped	native_locus_tag	4	AKGDH;GLYCL;PDH;PDHcr	
CCG_NS21_A4W93_12855	NS21	Rhizobacter gummiphilus NS21	CP015118.1	A4W93_12855	A4W93_12855	ARN20712.1		pseudouridine synthase	mapped	native_locus_tag	1	PSUDS	
CCG_NS21_A4W93_12870	NS21	Rhizobacter gummiphilus NS21	CP015118.1	A4W93_12870	A4W93_12870	ARN20715.1		nucleoside-diphosphate kinase	mapped	native_locus_tag	9	NDPK1;NDPK2;NDPK3;NDPK4;NDPK5;NDPK6;NDPK7;NDPK8;NDPK9	
CCG_NS21_A4W93_12890	NS21	Rhizobacter gummiphilus NS21	CP015118.1	A4W93_12890	A4W93_12890	ARN20719.1	ispG	4-hydroxy-3-methylbut-2-en-1-yl diphosphate synthase	mapped	native_locus_tag	2	MECDPDH2;MECDPDH4E	
CCG_NS21_A4W93_12905	NS21	Rhizobacter gummiphilus NS21	CP015118.1	A4W93_12905	A4W93_12905	ARN20722.1		ribosome biogenesis GTPase Der	mapped	native_locus_tag	3	FE2Gabcpp;FE2abc;FE3Gabcpp	
CCG_NS21_A4W93_12915	NS21	Rhizobacter gummiphilus NS21	CP015118.1	A4W93_12915	A4W93_12915			GTPase HflX	mapped	native_locus_tag	1	NTP3	
CCG_NS21_A4W93_12935	NS21	Rhizobacter gummiphilus NS21	CP015118.1	A4W93_12935	A4W93_12935	ARN20726.1	hisZ	ATP phosphoribosyltransferase regulatory subunit	mapped	native_locus_tag	1	ATPPRT	
CCG_NS21_A4W93_12940	NS21	Rhizobacter gummiphilus NS21	CP015118.1	A4W93_12940	A4W93_12940	ARN20727.1		adenylosuccinate synthase	mapped	native_locus_tag	1	ADSS	
CCG_NS21_A4W93_12945	NS21	Rhizobacter gummiphilus NS21	CP015118.1	A4W93_12945	A4W93_12945	ARN20728.1		nicotinate phosphoribosyltransferase	mapped	native_locus_tag	3	GUAPRT;HXPRT;XPPT	
CCG_NS21_A4W93_12960	NS21	Rhizobacter gummiphilus NS21	CP015118.1	A4W93_12960	A4W93_12960	ARN20730.1		bifunctional ADP-dependent (S)-NAD(P)H-hydrate dehydratase/NAD(P)H-hydrate epimerase	mapped	native_locus_tag	4	NADHXD;NADHXE;NADPHXD;NADPHXE	
CCG_NS21_A4W93_12985	NS21	Rhizobacter gummiphilus NS21	CP015118.1	A4W93_12985	A4W93_12985	ARN20735.1		UMP kinase	mapped	native_locus_tag	2	UMPK;URIDK2r	
CCG_NS21_A4W93_13000	NS21	Rhizobacter gummiphilus NS21	CP015118.1	A4W93_13000	A4W93_13000	ARN20737.1		phosphatidate cytidylyltransferase	mapped	native_locus_tag	7	DASYN120;DASYN140;DASYN141;DASYN160;DASYN161;DASYN180;DASYN181	
CCG_NS21_A4W93_13005	NS21	Rhizobacter gummiphilus NS21	CP015118.1	A4W93_13005	A4W93_13005	ARN20738.1		1-deoxy-D-xylulose-5-phosphate reductoisomerase	mapped	native_locus_tag	1	DXPRIi	
CCG_NS21_A4W93_13030	NS21	Rhizobacter gummiphilus NS21	CP015118.1	A4W93_13030	A4W93_13030	ARN20743.1		3-hydroxyacyl-[acyl-carrier-protein	mapped	native_locus_tag	2	3HAD140;3HAD40	
CCG_NS21_A4W93_13035	NS21	Rhizobacter gummiphilus NS21	CP015118.1	A4W93_13035	A4W93_13035	ARN20744.1		acyl-[acyl-carrier-protein	mapped	native_locus_tag	1	UAGAAT	
CCG_NS21_A4W93_13070	NS21	Rhizobacter gummiphilus NS21	CP015118.1	A4W93_13070	A4W93_13070	ARN20750.1		phosphoenolpyruvate synthase	mapped	native_locus_tag	1	PPS	
CCG_NS21_A4W93_13085	NS21	Rhizobacter gummiphilus NS21	CP015118.1	A4W93_13085	A4W93_13085	ARN20753.1		cation acetate symporter	mapped	native_locus_tag	10	3MBt2pp;3MBt4pp;ACt2rpp;ACt4pp;BUTt2rpp;BUTt4pp;PPAt2pp;PPAt4pp;PYRt2rpp;PYRt4pp	
CCG_NS21_A4W93_13115	NS21	Rhizobacter gummiphilus NS21	CP015118.1	A4W93_13115	A4W93_13115	ARN20759.1		sugar ABC transporter permease	mapped	native_locus_tag	1	MALTabc	
CCG_NS21_A4W93_13120	NS21	Rhizobacter gummiphilus NS21	CP015118.1	A4W93_13120	A4W93_13120	ARN20760.1		sugar ABC transporter permease	mapped	native_locus_tag	6	GLCabc;GLYC3Pabc;MALTHPabc;MALTabc;RIBabc;TREabc	
CCG_NS21_A4W93_13245	NS21	Rhizobacter gummiphilus NS21	CP015118.1	A4W93_13245	A4W93_13245	ARN20784.1		hypothetical protein	mapped	native_locus_tag	4	MLTGY1pp;MLTGY2pp;MLTGY3pp;MLTGY4pp	
CCG_NS21_A4W93_13320	NS21	Rhizobacter gummiphilus NS21	CP015118.1	A4W93_13320	A4W93_13320	ARN20798.1		hypothetical protein	mapped	native_locus_tag	1	ALAR	
CCG_NS21_A4W93_13335	NS21	Rhizobacter gummiphilus NS21	CP015118.1	A4W93_13335	A4W93_13335	ARN20800.1		ectoine/hydroxyectoine ABC transporter ATP-binding protein EhuA	mapped	native_locus_tag	34	ALAabc;ARGabc;ARGabcpp;ASNabc;ASPabc;ASPabcpp;CYSabc;DORNabcpp;GLNabc;GLNabcpp;GLUabc;GLUabcpp;GLYabc;GLYabcpp;HISabc;HISabcpp;ILEabc;ILEabcpp;LEUabc;LEUabcpp;LYSabc;LYSabcpp;METabc;METabcpp;ORNabcpp;PHEabc;PROabc;PROabcpp;SERabc;THRabc;TRPabc;TYRabc;VALabc;VALabcpp	
CCG_NS21_A4W93_13345	NS21	Rhizobacter gummiphilus NS21	CP015118.1	A4W93_13345	A4W93_13345	ARN20802.1		ABC transporter permease	mapped	native_locus_tag	1	GLNabc	
CCG_NS21_A4W93_13400	NS21	Rhizobacter gummiphilus NS21	CP015118.1	A4W93_13400	A4W93_13400	ARN20812.1		ferrochelatase	mapped	native_locus_tag	1	FCLT	
CCG_NS21_A4W93_13415	NS21	Rhizobacter gummiphilus NS21	CP015118.1	A4W93_13415	A4W93_13415	ARN20815.1		HAD family hydrolase	mapped	native_locus_tag	2	ACP1_FMN;PMDPHT	
CCG_NS21_A4W93_13420	NS21	Rhizobacter gummiphilus NS21	CP015118.1	A4W93_13420	A4W93_13420	ARN20816.1		adenylate cyclase	mapped	native_locus_tag	1	ADNCYC	
CCG_NS21_A4W93_13445	NS21	Rhizobacter gummiphilus NS21	CP015118.1	A4W93_13445	A4W93_13445	ARN20821.1		N-acetylglutamate synthase	mapped	native_locus_tag	1	ACGS	
CCG_NS21_A4W93_13495	NS21	Rhizobacter gummiphilus NS21	CP015118.1	A4W93_13495	A4W93_13495	ARN20828.1		hypothetical protein	mapped	native_locus_tag	9	DHACOAH;ECOAH1_1;ECOAH2;ECOAH3;ECOAH4;ECOAH5_1;ECOAH6;ECOAH7;ECOAH9ir	
CCG_NS21_A4W93_13505	NS21	Rhizobacter gummiphilus NS21	CP015118.1	A4W93_13505	A4W93_13505	ARN20830.1		aminotransferase	mapped	native_locus_tag	3	ASPTA;PHETA1;TYRTA	
CCG_NS21_A4W93_13530	NS21	Rhizobacter gummiphilus NS21	CP015118.1	A4W93_13530	A4W93_13530	ARN20835.1		leucyl aminopeptidase	mapped	native_locus_tag	16	AMPTASEAH;AMPTASEAL;AMPTASEAT;AMPTASEATRP;AMPTASECG;AMPTASEGGLN;AMPTASEGGLU;AMPTASEGM;AMPTASEGS;AMPTASEHG;AMPTASEHH;AMPTASEPG;GLYGLYCNc;GLYPHEHYc;LALGP;LEULEULAPc	
CCG_NS21_A4W93_13545	NS21	Rhizobacter gummiphilus NS21	CP015118.1	A4W93_13545	A4W93_13545	ARN20838.1		branched chain amino acid ABC transporter substrate-binding protein	mapped	native_locus_tag	8	5APTNabcpp;ALAabcpp;DALAabcpp;DVALabcpp;ILEabcpp;LEUabcpp;THRabcpp;VALabcpp	
CCG_NS21_A4W93_13560	NS21	Rhizobacter gummiphilus NS21	CP015118.1	A4W93_13560	A4W93_13560	ARN20841.1		copper oxidase	mapped	native_locus_tag	1	FEROpp	
CCG_NS21_A4W93_13580	NS21	Rhizobacter gummiphilus NS21	CP015118.1	A4W93_13580	A4W93_13580	ARN20845.1	ligA	DNA ligase (NAD(+)) LigA	mapped	native_locus_tag	1	NADDP	
CCG_NS21_A4W93_13600	NS21	Rhizobacter gummiphilus NS21	CP015118.1	A4W93_13600	A4W93_13600	ARN20849.1		ABC transporter	mapped	native_locus_tag	2	ACTNabc;ACTNabc1	
CCG_NS21_A4W93_13620	NS21	Rhizobacter gummiphilus NS21	CP015118.1	A4W93_13620	A4W93_13620	ARN20852.1		peptide-methionine (R)-S-oxide reductase	mapped	native_locus_tag	1	METSOXR2	
CCG_NS21_A4W93_13675	NS21	Rhizobacter gummiphilus NS21	CP015118.1	A4W93_13675	A4W93_13675	ARN20862.1		acyl-CoA dehydrogenase	mapped	native_locus_tag	9	ACOAD1f;ACOAD2f;ACOAD3f;ACOAD4f;ACOAD5f;ACOAD6f;ACOAD7f;ACOAD8f;VCOAD	
CCG_NS21_A4W93_13690	NS21	Rhizobacter gummiphilus NS21	CP015118.1	A4W93_13690	A4W93_13690	ARN20865.1		gluconate 5-dehydrogenase	mapped	native_locus_tag	1	5DGLCNR	
CCG_NS21_A4W93_13705	NS21	Rhizobacter gummiphilus NS21	CP015118.1	A4W93_13705	A4W93_13705	ARN20868.1		hypothetical protein	mapped	native_locus_tag	2	ALR2;BTS	
CCG_NS21_A4W93_13710	NS21	Rhizobacter gummiphilus NS21	CP015118.1	A4W93_13710	A4W93_13710	ARN20869.1		magnesium transporter	mapped	native_locus_tag	3	COBALT2tpp;MG2tpp;NI2tpp	
CCG_NS21_A4W93_13725	NS21	Rhizobacter gummiphilus NS21	CP015118.1	A4W93_13725	A4W93_13725	ARN20871.1		amino acid transporter	mapped	native_locus_tag	1	LYSt3r	
CCG_NS21_A4W93_13755	NS21	Rhizobacter gummiphilus NS21	CP015118.1	A4W93_13755	A4W93_13755	ARN23877.1		pseudouridine synthase	mapped	native_locus_tag	1	PSUDS	
CCG_NS21_A4W93_13805	NS21	Rhizobacter gummiphilus NS21	CP015118.1	A4W93_13805	A4W93_13805	ARN20885.1		acyl-CoA thioesterase	mapped	native_locus_tag	3	FACOAE140;FACOAE160;FACOAE161	
CCG_NS21_A4W93_13855	NS21	Rhizobacter gummiphilus NS21	CP015118.1	A4W93_13855	A4W93_13855	ARN20893.1		alcohol dehydrogenase	mapped	native_locus_tag	2	ALCD19;ALCD2ir	
CCG_NS21_A4W93_13870	NS21	Rhizobacter gummiphilus NS21	CP015118.1	A4W93_13870	A4W93_13870	ARN20896.1		chloride channel protein	mapped	native_locus_tag	1	Clt	
CCG_NS21_A4W93_13880	NS21	Rhizobacter gummiphilus NS21	CP015118.1	A4W93_13880	A4W93_13880	ARN20898.1		hypothetical protein	mapped	native_locus_tag	11	PAPSR;RNDR1;RNDR2;RNDR3;RNDR4;RNTR1;RNTR2;RNTR3;RNTR4;THIORDXi;TRDR	
CCG_NS21_A4W93_13895	NS21	Rhizobacter gummiphilus NS21	CP015118.1	A4W93_13895	A4W93_13895	ARN20901.1		ABC transporter permease	mapped	native_locus_tag	7	BUTSO3abcpp;ETHSO3abcpp;ISETACabcpp;LCYSTabcpp;MSO3abcpp;SULFACabcpp;TAURabcpp	
CCG_NS21_A4W93_13910	NS21	Rhizobacter gummiphilus NS21	CP015118.1	A4W93_13910	A4W93_13910	ARN20904.1		O-acetylhomoserine aminocarboxypropyltransferase	mapped	native_locus_tag	2	AHSERL2;SHSL2r	
CCG_NS21_A4W93_13915	NS21	Rhizobacter gummiphilus NS21	CP015118.1	A4W93_13915	A4W93_13915	ARN20905.1		FMN reductase (NADPH)	mapped	native_locus_tag	2	FMNRx;FMNRx2	
CCG_NS21_A4W93_13930	NS21	Rhizobacter gummiphilus NS21	CP015118.1	A4W93_13930	A4W93_13930	ARN20908.1		DNA recombination protein RecF	mapped	native_locus_tag	1	PYOVDM1	
CCG_NS21_A4W93_13940	NS21	Rhizobacter gummiphilus NS21	CP015118.1	A4W93_13940	A4W93_13940	ARN20910.1		histidine kinase	mapped	native_locus_tag	1	DGUNC	
CCG_NS21_A4W93_13955	NS21	Rhizobacter gummiphilus NS21	CP015118.1	A4W93_13955	A4W93_13955	ARN20912.1		molybdopterin-binding oxidoreductase	mapped	native_locus_tag	5	FDH;FDH6r;NAR_syn_2;NITR;NTR3B	
CCG_NS21_A4W93_14055	NS21	Rhizobacter gummiphilus NS21	CP015118.1	A4W93_14055	A4W93_14055	ARN20930.1		tRNA-specific adenosine deaminase	mapped	native_locus_tag	2	CSND;MCSNAH	
CCG_NS21_A4W93_14060	NS21	Rhizobacter gummiphilus NS21	CP015118.1	A4W93_14060	A4W93_14060	ARN20931.1		LD-carboxypeptidase	mapped	native_locus_tag	4	4PCP;AGM4PCP;AM4PCP;UM4PCP	
CCG_NS21_A4W93_14065	NS21	Rhizobacter gummiphilus NS21	CP015118.1	A4W93_14065	A4W93_14065	ARN20932.1		peptide ABC transporter substrate-binding protein	mapped	native_locus_tag	18	4PEPTabcpp;ALAALAabcpp;ALAGLUabcpp;ALAHISabcpp;ALALEUabcpp;ALATHRabcpp;ALATRPabcpp;CGLYabcpp;GLYGLNabcpp;GLYGLUabcpp;GLYGLYabcpp;GLYMETabcpp;GLYPHEabcpp;GLYSERabcpp;HISGLYabcpp;HISHISabcpp;LEULEUabcpp;PROGLYabcpp	
CCG_NS21_A4W93_14070	NS21	Rhizobacter gummiphilus NS21	CP015118.1	A4W93_14070	A4W93_14070	ARN20933.1		peptide ABC transporter permease	mapped	native_locus_tag	10	DIPEPabc1;DIPEPabc10;DIPEPabc12;DIPEPabc13;DIPEPabc14;DIPEPabc15;DIPEPabc3;DIPEPabc8;PROHISGLUtr;SERGLUGLNtr	
CCG_NS21_A4W93_14075	NS21	Rhizobacter gummiphilus NS21	CP015118.1	A4W93_14075	A4W93_14075	ARN20934.1		peptide ABC transporter permease	mapped	native_locus_tag	1	GTHRDt2_1	
CCG_NS21_A4W93_14080	NS21	Rhizobacter gummiphilus NS21	CP015118.1	A4W93_14080	A4W93_14080	ARN20935.1		ABC transporter ATP-binding protein	mapped	native_locus_tag	1	GTHRDt2_1	
CCG_NS21_A4W93_14090	NS21	Rhizobacter gummiphilus NS21	CP015118.1	A4W93_14090	A4W93_14090	ARN20937.1		3-hydroxy-2-methylbutyryl-CoA dehydrogenase	mapped	native_locus_tag	32	FAO1;FAO10;FAO11;FAO2;FAO3;HACD1;HACD10i;HACD11i;HACD19i;HACD1i;HACD20i;HACD21i;HACD22i;HACD23i;HACD24i;HACD25i;HACD26i;HACD27i;HACD28i;HACD29i;HACD2i;HACD30i;HACD31i;HACD32i;HACD33i;HACD3i;HACD4i;HACD5i;HACD6i;HACD7i;HACD9;HVCD	
CCG_NS21_A4W93_14095	NS21	Rhizobacter gummiphilus NS21	CP015118.1	A4W93_14095	A4W93_14095	ARN20938.1		adenylate kinase	mapped	native_locus_tag	15	ADK1;ADK3;ADK4;ADNK1;CPK1;CYTK2_1;DADK;NDPK1;NDPK2;NDPK3;NDPK4;NDPK5;NDPK6;NDPK7;NDPK8	
CCG_NS21_A4W93_14100	NS21	Rhizobacter gummiphilus NS21	CP015118.1	A4W93_14100	A4W93_14100	ARN20939.1		3-deoxy-manno-octulosonate cytidylyltransferase	mapped	native_locus_tag	1	KDOCT2	
CCG_NS21_A4W93_14110	NS21	Rhizobacter gummiphilus NS21	CP015118.1	A4W93_14110	A4W93_14110	ARN20941.1		tetraacyldisaccharide 4'-kinase	mapped	native_locus_tag	1	TDSK	
CCG_NS21_A4W93_14130	NS21	Rhizobacter gummiphilus NS21	CP015118.1	A4W93_14130	A4W93_14130	ARN20944.1		superoxide dismutase	mapped	native_locus_tag	1	SPODM	
CCG_NS21_A4W93_14140	NS21	Rhizobacter gummiphilus NS21	CP015118.1	A4W93_14140	A4W93_14140	ARN20946.1		isocitrate dehydrogenase (NADP(+))	mapped	native_locus_tag	1	ICDHyr	
CCG_NS21_A4W93_14160	NS21	Rhizobacter gummiphilus NS21	CP015118.1	A4W93_14160	A4W93_14160	ARN20950.1		hypothetical protein	mapped	native_locus_tag	1	PPS	
CCG_NS21_A4W93_14195	NS21	Rhizobacter gummiphilus NS21	CP015118.1	A4W93_14195	A4W93_14195	ARN23884.1		hemin ABC transporter substrate-binding protein	mapped	native_locus_tag	2	PHEME2abcpp;SHEME2abcpp	
CCG_NS21_A4W93_14200	NS21	Rhizobacter gummiphilus NS21	CP015118.1	A4W93_14200	A4W93_14200	ARN23885.1		iron ABC transporter	mapped	native_locus_tag	2	PHEME2abcpp;SHEME2abcpp	
CCG_NS21_A4W93_14205	NS21	Rhizobacter gummiphilus NS21	CP015118.1	A4W93_14205	A4W93_14205	ARN20956.1		hemin ABC transporter ATP-binding protein	mapped	native_locus_tag	2	PHEME2abcpp;SHEME2abcpp	
CCG_NS21_A4W93_14245	NS21	Rhizobacter gummiphilus NS21	CP015118.1	A4W93_14245	A4W93_14245	ARN23886.1		UDP-2,3-diacylglucosamine hydrolase	mapped	native_locus_tag	1	USHD	
CCG_NS21_A4W93_14280	NS21	Rhizobacter gummiphilus NS21	CP015118.1	A4W93_14280	A4W93_14280	ARN20969.1		acetyl-CoA carboxylase carboxyltransferase subunit alpha	mapped	native_locus_tag	1	ACCOAC	
CCG_NS21_A4W93_14290	NS21	Rhizobacter gummiphilus NS21	CP015118.1	A4W93_14290	A4W93_14290	ARN20971.1		aspartate kinase	mapped	native_locus_tag	1	ASPK	
CCG_NS21_A4W93_14345	NS21	Rhizobacter gummiphilus NS21	CP015118.1	A4W93_14345	A4W93_14345	ARN20979.1		cytochrome C biogenesis protein	mapped	native_locus_tag	4	ARBabc;GLCabc;MALTabc;RIBabc	
CCG_NS21_A4W93_14350	NS21	Rhizobacter gummiphilus NS21	CP015118.1	A4W93_14350	A4W93_14350	ARN20980.1		sugar ABC transporter permease	mapped	native_locus_tag	4	ARBabc;GLCabc;MALTabc;RIBabc	
CCG_NS21_A4W93_14355	NS21	Rhizobacter gummiphilus NS21	CP015118.1	A4W93_14355	A4W93_14355	ARN20981.1		beta-galactosidase	mapped	native_locus_tag	1	BG_CELLB	
CCG_NS21_A4W93_14360	NS21	Rhizobacter gummiphilus NS21	CP015118.1	A4W93_14360	A4W93_14360	ARN20982.1		sugar ABC transporter ATP-binding protein	mapped	native_locus_tag	1	SUCRabcpp_syn	
CCG_NS21_A4W93_14370	NS21	Rhizobacter gummiphilus NS21	CP015118.1	A4W93_14370	A4W93_14370	ARN23889.1		4-deoxy-4-formamido-L-arabinose-phospho-UDP deformylase	mapped	native_locus_tag	2	CD2abcpp;ZN2abcpp	
CCG_NS21_A4W93_14405	NS21	Rhizobacter gummiphilus NS21	CP015118.1	A4W93_14405	A4W93_14405	ARN20989.1		hypothetical protein	mapped	native_locus_tag	1	URIC	
CCG_NS21_A4W93_14410	NS21	Rhizobacter gummiphilus NS21	CP015118.1	A4W93_14410	A4W93_14410	ARN20990.1		4-hydroxyphenylpyruvate dioxygenase	mapped	native_locus_tag	1	34HPPOR	
CCG_NS21_A4W93_14445	NS21	Rhizobacter gummiphilus NS21	CP015118.1	A4W93_14445	A4W93_14445	ARN20996.1		homogentisate 1,2-dioxygenase	mapped	native_locus_tag	1	HGNTOR	
CCG_NS21_A4W93_14450	NS21	Rhizobacter gummiphilus NS21	CP015118.1	A4W93_14450	A4W93_14450	ARN20997.1		fumarylacetoacetase	mapped	native_locus_tag	1	FUMAC	
CCG_NS21_A4W93_14475	NS21	Rhizobacter gummiphilus NS21	CP015118.1	A4W93_14475	A4W93_14475	ARN21002.1		short-chain dehydrogenase	mapped	native_locus_tag	1	ALDD2y	
CCG_NS21_A4W93_14495	NS21	Rhizobacter gummiphilus NS21	CP015118.1	A4W93_14495	A4W93_14495	ARN21006.1		sigma-54-dependent Fis family transcriptional regulator	mapped	native_locus_tag	1	CDGUNPD	
CCG_NS21_A4W93_14550	NS21	Rhizobacter gummiphilus NS21	CP015118.1	A4W93_14550	A4W93_14550	ARN21014.1		sorbosone dehydrogenase	mapped	native_locus_tag	2	ALR2;BTS	
CCG_NS21_A4W93_14630	NS21	Rhizobacter gummiphilus NS21	CP015118.1	A4W93_14630	A4W93_14630	ARN21029.1		AMP-dependent synthetase	mapped	native_locus_tag	2	AP4AS;PACCOAL	
CCG_NS21_A4W93_14655	NS21	Rhizobacter gummiphilus NS21	CP015118.1	A4W93_14655	A4W93_14655	ARN21034.1		ABC transporter ATP-binding protein	mapped	native_locus_tag	5	DALAabcpp;DVALabcpp;ILEabcpp;LEUabcpp;VALabcpp	
CCG_NS21_A4W93_14675	NS21	Rhizobacter gummiphilus NS21	CP015118.1	A4W93_14675	A4W93_14675	ARN21038.1		serine/threonine protein kinase	mapped	native_locus_tag	1	HEX1	
CCG_NS21_A4W93_14685	NS21	Rhizobacter gummiphilus NS21	CP015118.1	A4W93_14685	A4W93_14685	ARN23895.1		ABC transporter permease	mapped	native_locus_tag	2	RIBabc;RIBabc1	
CCG_NS21_A4W93_14690	NS21	Rhizobacter gummiphilus NS21	CP015118.1	A4W93_14690	A4W93_14690	ARN21039.1		sugar ABC transporter	mapped	native_locus_tag	1	RIBabcpp	
CCG_NS21_A4W93_14695	NS21	Rhizobacter gummiphilus NS21	CP015118.1	A4W93_14695	A4W93_14695	ARN21040.1		fructokinase	mapped	native_locus_tag	2	HEX7;HEX7_1	
CCG_NS21_A4W93_14730	NS21	Rhizobacter gummiphilus NS21	CP015118.1	A4W93_14730	A4W93_14730	ARN23896.1		hypothetical protein	mapped	native_locus_tag	2	ADNCYC;GUACYC	
CCG_NS21_A4W93_14735	NS21	Rhizobacter gummiphilus NS21	CP015118.1	A4W93_14735	A4W93_14735	ARN21047.1		nitrite reductase large subunit	mapped	native_locus_tag	2	NTRIR2x;NTRIR2y	
CCG_NS21_A4W93_14740	NS21	Rhizobacter gummiphilus NS21	CP015118.1	A4W93_14740	A4W93_14740	ARN21048.1		nitrite reductase small subunit	mapped	native_locus_tag	3	NTRIR2x;NTRIRx;NTRIRy	
CCG_NS21_A4W93_14755	NS21	Rhizobacter gummiphilus NS21	CP015118.1	A4W93_14755	A4W93_14755	ARN21051.1		ABC transporter permease	mapped	native_locus_tag	3	ARBabcpp;DARBabcpp;XYLabc	
CCG_NS21_A4W93_14780	NS21	Rhizobacter gummiphilus NS21	CP015118.1	A4W93_14780	A4W93_14780	ARN21055.1		lactate dehydrogenase	mapped	native_locus_tag	2	LDH_L;MDH	
CCG_NS21_A4W93_14835	NS21	Rhizobacter gummiphilus NS21	CP015118.1	A4W93_14835	A4W93_14835	ARN21066.1		tRNA-specific adenosine deaminase	mapped	native_locus_tag	1	GUAD	
CCG_NS21_A4W93_14840	NS21	Rhizobacter gummiphilus NS21	CP015118.1	A4W93_14840	A4W93_14840	ARN21067.1		hypothetical protein	mapped	native_locus_tag	2	HXAND;XAND	
CCG_NS21_A4W93_14845	NS21	Rhizobacter gummiphilus NS21	CP015118.1	A4W93_14845	A4W93_14845	ARN21068.1		aldehyde oxidase	mapped	native_locus_tag	2	HXAND;XAND	
CCG_NS21_A4W93_14870	NS21	Rhizobacter gummiphilus NS21	CP015118.1	A4W93_14870	A4W93_14870	ARN21072.1		nitrate reductase catalytic subunit	mapped	native_locus_tag	2	NO3R1bpp;NO3R2bpp	
CCG_NS21_A4W93_14875	NS21	Rhizobacter gummiphilus NS21	CP015118.1	A4W93_14875	A4W93_14875	ARN21073.1		nitrate reductase	mapped	native_locus_tag	2	NO3R1bpp;NO3R2bpp	
CCG_NS21_A4W93_14880	NS21	Rhizobacter gummiphilus NS21	CP015118.1	A4W93_14880	A4W93_14880			cytochrome C	mapped	native_locus_tag	2	NO3R1bpp;NO3R2bpp	
CCG_NS21_A4W93_14885	NS21	Rhizobacter gummiphilus NS21	CP015118.1	A4W93_14885	A4W93_14885	ARN21074.1		aldehyde dehydrogenase iron-sulfur subunit	mapped	native_locus_tag	3	COCO2;HXAND;XAND	
CCG_NS21_A4W93_14890	NS21	Rhizobacter gummiphilus NS21	CP015118.1	A4W93_14890	A4W93_14890	ARN21075.1		molybdopterin dehydrogenase	mapped	native_locus_tag	2	HXAND;XAND	
CCG_NS21_A4W93_14895	NS21	Rhizobacter gummiphilus NS21	CP015118.1	A4W93_14895	A4W93_14895	ARN21076.1		xanthine dehydrogenase	mapped	native_locus_tag	2	HXAND;XAND	
CCG_NS21_A4W93_14900	NS21	Rhizobacter gummiphilus NS21	CP015118.1	A4W93_14900	A4W93_14900	ARN21077.1		cytochrome oxidase I	mapped	native_locus_tag	2	HXAND;XAND	
CCG_NS21_A4W93_14950	NS21	Rhizobacter gummiphilus NS21	CP015118.1	A4W93_14950	A4W93_14950	ARN21087.1		protoheme IX farnesyltransferase	mapped	native_locus_tag	1	HEMEOS	
CCG_NS21_A4W93_14960	NS21	Rhizobacter gummiphilus NS21	CP015118.1	A4W93_14960	A4W93_14960	ARN21089.1		bb3-type cytochrome oxidase subunit IV	mapped	native_locus_tag	2	CYO1b;CYTBD	
CCG_NS21_A4W93_14970	NS21	Rhizobacter gummiphilus NS21	CP015118.1	A4W93_14970	A4W93_14970	ARN21091.1		cytochrome c oxidase subunit I	mapped	native_locus_tag	1	CYO1b	
CCG_NS21_A4W93_14990	NS21	Rhizobacter gummiphilus NS21	CP015118.1	A4W93_14990	A4W93_14990	ARN21095.1		aldehyde dehydrogenase	mapped	native_locus_tag	2	ALDD2y;ALDD3y	
CCG_NS21_A4W93_15005	NS21	Rhizobacter gummiphilus NS21	CP015118.1	A4W93_15005	A4W93_15005	ARN23899.1		quinonprotein alcohol dehydrogenase	mapped	native_locus_tag	3	ALCDpp;GLYCOLDHpp;PEAOpp	
CCG_NS21_A4W93_15020	NS21	Rhizobacter gummiphilus NS21	CP015118.1	A4W93_15020	A4W93_15020	ARN23900.1		cytochrome c-550 PedF	mapped	native_locus_tag	1	CYO4pp	
CCG_NS21_A4W93_15035	NS21	Rhizobacter gummiphilus NS21	CP015118.1	A4W93_15035	A4W93_15035	ARN21101.1		cytochrome ubiquinol oxidase subunit II	mapped	native_locus_tag	1	CYTBO3_4pp	
CCG_NS21_A4W93_15040	NS21	Rhizobacter gummiphilus NS21	CP015118.1	A4W93_15040	A4W93_15040	ARN21102.1		cytochrome o ubiquinol oxidase subunit I	mapped	native_locus_tag	2	CYTBD;CYTBO3_4pp	
CCG_NS21_A4W93_15045	NS21	Rhizobacter gummiphilus NS21	CP015118.1	A4W93_15045	A4W93_15045	ARN21103.1		cytochrome o ubiquinol oxidase subunit III	mapped	native_locus_tag	1	CYTBO3_4pp	
CCG_NS21_A4W93_15050	NS21	Rhizobacter gummiphilus NS21	CP015118.1	A4W93_15050	A4W93_15050	ARN21104.1		cytochrome o ubiquinol oxidase subunit IV	mapped	native_locus_tag	1	CYTBO3_4pp	
CCG_NS21_A4W93_15095	NS21	Rhizobacter gummiphilus NS21	CP015118.1	A4W93_15095	A4W93_15095	ARN21112.1		glutamate dehydrogenase	mapped	native_locus_tag	3	GDH1;GLUDxi;GLUDy	
CCG_NS21_A4W93_15105	NS21	Rhizobacter gummiphilus NS21	CP015118.1	A4W93_15105	A4W93_15105	ARN21114.1		D-lactate dehydrogenase	mapped	native_locus_tag	1	LDH_D	
CCG_NS21_A4W93_15110	NS21	Rhizobacter gummiphilus NS21	CP015118.1	A4W93_15110	A4W93_15110	ARN21115.1	lldD	alpha-hydroxy-acid oxidizing enzyme	mapped	native_locus_tag	3	LDH_L;L_LACD2;L_LACD3	
CCG_NS21_A4W93_15120	NS21	Rhizobacter gummiphilus NS21	CP015118.1	A4W93_15120	A4W93_15120	ARN21117.1		L-lactate permease	mapped	native_locus_tag	4	D_LACt2pp;GLYCLTt2rpp;LACLt2;L_LACt2rpp	
CCG_NS21_A4W93_15125	NS21	Rhizobacter gummiphilus NS21	CP015118.1	A4W93_15125	A4W93_15125	ARN21118.1		potassium transporter	mapped	native_locus_tag	1	Kt3pp	
CCG_NS21_A4W93_15145	NS21	Rhizobacter gummiphilus NS21	CP015118.1	A4W93_15145	A4W93_15145	ARN21122.1	guaA	glutamine-hydrolyzing GMP synthase	mapped	native_locus_tag	2	GMPS;GMPS2	
CCG_NS21_A4W93_15150	NS21	Rhizobacter gummiphilus NS21	CP015118.1	A4W93_15150	A4W93_15150	ARN23903.1		tetracycline transporter	mapped	native_locus_tag	1	SPMDt3i	
CCG_NS21_A4W93_15155	NS21	Rhizobacter gummiphilus NS21	CP015118.1	A4W93_15155	A4W93_15155	ARN21123.1		IMP dehydrogenase	mapped	native_locus_tag	1	IMPD	
CCG_NS21_A4W93_15180	NS21	Rhizobacter gummiphilus NS21	CP015118.1	A4W93_15180	A4W93_15180	ARN21128.1		cystathionine beta-lyase	mapped	native_locus_tag	2	CYSDS;CYSTL	
CCG_NS21_A4W93_15205	NS21	Rhizobacter gummiphilus NS21	CP015118.1	A4W93_15205	A4W93_15205	ARN21133.1		hypothetical protein	mapped	native_locus_tag	1	PGCD	
CCG_NS21_A4W93_15225	NS21	Rhizobacter gummiphilus NS21	CP015118.1	A4W93_15225	A4W93_15225	ARN21137.1		nitrilotriacetate monooxygenase	mapped	native_locus_tag	1	FDMO	
CCG_NS21_A4W93_15230	NS21	Rhizobacter gummiphilus NS21	CP015118.1	A4W93_15230	A4W93_15230	ARN21138.1		pyridine nucleotide-disulfide oxidoreductase	mapped	native_locus_tag	1	FRD2	
CCG_NS21_A4W93_15235	NS21	Rhizobacter gummiphilus NS21	CP015118.1	A4W93_15235	A4W93_15235	ARN21139.1		4Fe-4S ferredoxin	mapped	native_locus_tag	1	OOR3r	
CCG_NS21_A4W93_15240	NS21	Rhizobacter gummiphilus NS21	CP015118.1	A4W93_15240	A4W93_15240	ARN21140.1		sulfonate ABC transporter	mapped	native_locus_tag	8	BUTSabc;ETHSabc;HEXSabc;ISTNTabc;LCYSTabc;MSO3abc;SULAabc;TAURabc	
CCG_NS21_A4W93_15250	NS21	Rhizobacter gummiphilus NS21	CP015118.1	A4W93_15250	A4W93_15250	ARN21142.1		sulfonate ABC transporter ATP-binding protein	mapped	native_locus_tag	8	BUTSabc;ETHSabc;HEXSabc;ISTNTabc;LCYSTabc;MSO3abc;SULAabc;TAURabc	
CCG_NS21_A4W93_15290	NS21	Rhizobacter gummiphilus NS21	CP015118.1	A4W93_15290	A4W93_15290	ARN21149.1		short-chain dehydrogenase	mapped	native_locus_tag	2	ATHRDHr;LSERDHr	
CCG_NS21_A4W93_15310	NS21	Rhizobacter gummiphilus NS21	CP015118.1	A4W93_15310	A4W93_15310	ARN21152.1		gluconokinase	mapped	native_locus_tag	1	GNK	
CCG_NS21_A4W93_15345	NS21	Rhizobacter gummiphilus NS21	CP015118.1	A4W93_15345	A4W93_15345	ARN21158.1		GntR family transcriptional regulator	mapped	native_locus_tag	1	ALATA_L	
CCG_NS21_A4W93_15375	NS21	Rhizobacter gummiphilus NS21	CP015118.1	A4W93_15375	A4W93_15375	ARN23905.1		alcohol dehydrogenase	mapped	native_locus_tag	1	ALCD2ir	
CCG_NS21_A4W93_15385	NS21	Rhizobacter gummiphilus NS21	CP015118.1	A4W93_15385	A4W93_15385			hypothetical protein	mapped	native_locus_tag	1	NARK	
CCG_NS21_A4W93_15405	NS21	Rhizobacter gummiphilus NS21	CP015118.1	A4W93_15405	A4W93_15405	ARN21168.1		ABC transporter ATP-binding protein	mapped	native_locus_tag	2	SULabc;TSULabc	
CCG_NS21_A4W93_15425	NS21	Rhizobacter gummiphilus NS21	CP015118.1	A4W93_15425	A4W93_15425	ARN21172.1		arsenate reductase	mapped	native_locus_tag	1	ASR	
CCG_NS21_A4W93_15430	NS21	Rhizobacter gummiphilus NS21	CP015118.1	A4W93_15430	A4W93_15430	ARN21173.1		arsenical-resistance protein	mapped	native_locus_tag	2	ASO3t4pp;ASO4t4pp	
CCG_NS21_A4W93_15435	NS21	Rhizobacter gummiphilus NS21	CP015118.1	A4W93_15435	A4W93_15435	ARN21174.1		glyoxalase	mapped	native_locus_tag	1	GLYCS_I	
CCG_NS21_A4W93_15470	NS21	Rhizobacter gummiphilus NS21	CP015118.1	A4W93_15470	A4W93_15470	ARN21180.1		GTP pyrophosphokinase	mapped	native_locus_tag	2	GDPDPK;GTPDPK	
CCG_NS21_A4W93_15480	NS21	Rhizobacter gummiphilus NS21	CP015118.1	A4W93_15480	A4W93_15480	ARN21182.1		3-hydroxybutyrate dehydrogenase	mapped	native_locus_tag	1	BDH	
CCG_NS21_A4W93_15510	NS21	Rhizobacter gummiphilus NS21	CP015118.1	A4W93_15510	A4W93_15510	ARN21186.1		2-C-methyl-D-erythritol 4-phosphate cytidylyltransferase	mapped	native_locus_tag	1	MECDPS	
CCG_NS21_A4W93_15515	NS21	Rhizobacter gummiphilus NS21	CP015118.1	A4W93_15515	A4W93_15515	ARN21187.1		2-C-methyl-D-erythritol 4-phosphate cytidylyltransferase	mapped	native_locus_tag	2	MEPCT;MEPCT_1	
CCG_NS21_A4W93_15525	NS21	Rhizobacter gummiphilus NS21	CP015118.1	A4W93_15525	A4W93_15525	ARN21189.1		phosphoserine phosphatase SerB	mapped	native_locus_tag	1	PSP_L	
CCG_NS21_A4W93_15535	NS21	Rhizobacter gummiphilus NS21	CP015118.1	A4W93_15535	A4W93_15535	ARN21191.1		aldo/keto reductase	mapped	native_locus_tag	1	ALCD19y	
CCG_NS21_A4W93_15545	NS21	Rhizobacter gummiphilus NS21	CP015118.1	A4W93_15545	A4W93_15545	ARN21193.1		cysteine desulfurase	mapped	native_locus_tag	1	SELCYSLY3	
CCG_NS21_A4W93_15560	NS21	Rhizobacter gummiphilus NS21	CP015118.1	A4W93_15560	A4W93_15560	ARN21196.1		serine acetyltransferase	mapped	native_locus_tag	1	SERAT	
CCG_NS21_A4W93_15565	NS21	Rhizobacter gummiphilus NS21	CP015118.1	A4W93_15565	A4W93_15565	ARN21197.1		rhodanese	mapped	native_locus_tag	1	CYANST	
CCG_NS21_A4W93_15595	NS21	Rhizobacter gummiphilus NS21	CP015118.1	A4W93_15595	A4W93_15595	ARN21202.1		thiamine pyrophosphate-binding protein	mapped	native_locus_tag	3	ACHBS;ACLS;ilvg	
CCG_NS21_A4W93_15630	NS21	Rhizobacter gummiphilus NS21	CP015118.1	A4W93_15630	A4W93_15630	ARN21209.1		quinolinate synthase	mapped	native_locus_tag	1	QULNS	
CCG_NS21_A4W93_15635	NS21	Rhizobacter gummiphilus NS21	CP015118.1	A4W93_15635	A4W93_15635	ARN21210.1		nicotinate-nucleotide diphosphorylase (carboxylating)	mapped	native_locus_tag	1	NNDPR	
CCG_NS21_A4W93_15650	NS21	Rhizobacter gummiphilus NS21	CP015118.1	A4W93_15650	A4W93_15650	ARN21213.1		L-aspartate oxidase	mapped	native_locus_tag	5	ASPO1;ASPO3;ASPO4;ASPO5;ASPO6	
CCG_NS21_A4W93_15665	NS21	Rhizobacter gummiphilus NS21	CP015118.1	A4W93_15665	A4W93_15665	ARN21216.1		dihydroxy-acid dehydratase	mapped	native_locus_tag	2	DHAD1;DHAD2	
CCG_NS21_A4W93_15670	NS21	Rhizobacter gummiphilus NS21	CP015118.1	A4W93_15670	A4W93_15670	ARN21217.1		ATP-dependent chaperone ClpB	mapped	native_locus_tag	1	DHQTi	
CCG_NS21_A4W93_15705	NS21	Rhizobacter gummiphilus NS21	CP015118.1	A4W93_15705	A4W93_15705	ARN21224.1		threonine synthase	mapped	native_locus_tag	1	THRS	
CCG_NS21_A4W93_15710	NS21	Rhizobacter gummiphilus NS21	CP015118.1	A4W93_15710	A4W93_15710	ARN21225.1		homoserine dehydrogenase	mapped	native_locus_tag	1	HSDy	
CCG_NS21_A4W93_15715	NS21	Rhizobacter gummiphilus NS21	CP015118.1	A4W93_15715	A4W93_15715	ARN21226.1		aminotransferase	mapped	native_locus_tag	1	ALATA_L	
CCG_NS21_A4W93_15725	NS21	Rhizobacter gummiphilus NS21	CP015118.1	A4W93_15725	A4W93_15725	ARN21228.1		peroxiredoxin	mapped	native_locus_tag	1	THIORDXi	
CCG_NS21_A4W93_15790	NS21	Rhizobacter gummiphilus NS21	CP015118.1	A4W93_15790	A4W93_15790	ARN21241.1		NAD-dependent epimerase	mapped	native_locus_tag	1	UDPG4E	
CCG_NS21_A4W93_16025	NS21	Rhizobacter gummiphilus NS21	CP015118.1	A4W93_16025	A4W93_16025	ARN21285.1	prpE	propionyl-CoA synthetase	mapped	native_locus_tag	1	ACCOAL	
CCG_NS21_A4W93_16030	NS21	Rhizobacter gummiphilus NS21	CP015118.1	A4W93_16030	A4W93_16030			hydrolase	mapped	native_locus_tag	4	MDDEP1pp;MDDEP2pp;MDDEP3pp;MDDEP4pp	
CCG_NS21_A4W93_16050	NS21	Rhizobacter gummiphilus NS21	CP015118.1	A4W93_16050	A4W93_16050	ARN21289.1		efflux transporter periplasmic adaptor subunit	mapped	native_locus_tag	5	CD2t4pp;COBALTt4pp;FE2t4pp;NI2t4pp;ZN2t4pp	
CCG_NS21_A4W93_16065	NS21	Rhizobacter gummiphilus NS21	CP015118.1	A4W93_16065	A4W93_16065	ARN21292.1		hydroxyacylglutathione hydrolase	mapped	native_locus_tag	1	GLYOX	
CCG_NS21_A4W93_16070	NS21	Rhizobacter gummiphilus NS21	CP015118.1	A4W93_16070	A4W93_16070	ARN21293.1		lytic transglycosylase	mapped	native_locus_tag	4	MLTGY1pp;MLTGY2pp;MLTGY3pp;MLTGY4pp	
CCG_NS21_A4W93_16090	NS21	Rhizobacter gummiphilus NS21	CP015118.1	A4W93_16090	A4W93_16090	ARN21297.1		N-acyl-L-amino acid amidohydrolase	mapped	native_locus_tag	2	ACODA;DAPDA	
CCG_NS21_A4W93_16115	NS21	Rhizobacter gummiphilus NS21	CP015118.1	A4W93_16115	A4W93_16115	ARN21302.1		phosphoribosylformylglycinamidine cyclo-ligase	mapped	native_locus_tag	4	GARFT;PRAGSr;PRAIS;PRFGCL	
CCG_NS21_A4W93_16135	NS21	Rhizobacter gummiphilus NS21	CP015118.1	A4W93_16135	A4W93_16135	ARN21305.1		ABC transporter substrate-binding protein	mapped	native_locus_tag	8	BUTSabc;ETHSabc;HEXSabc;ISTNTabc;LCYSTabc;MSO3abc;SULAabc;TAURabc	
CCG_NS21_A4W93_16140	NS21	Rhizobacter gummiphilus NS21	CP015118.1	A4W93_16140	A4W93_16140	ARN23911.1		ABC transporter permease	mapped	native_locus_tag	1	TAURabc	
CCG_NS21_A4W93_16150	NS21	Rhizobacter gummiphilus NS21	CP015118.1	A4W93_16150	A4W93_16150	ARN21307.1		hypothetical protein	mapped	native_locus_tag	1	AMID4	
CCG_NS21_A4W93_16190	NS21	Rhizobacter gummiphilus NS21	CP015118.1	A4W93_16190	A4W93_16190	ARN23912.1		thiol reductase thioredoxin	mapped	native_locus_tag	11	ADSELR;APSR;METSOXR1;METSOXR2;PAPSR;RNDR1;RNDR2;RNDR3;RNDR4;THIORDXi;TRDR	
CCG_NS21_A4W93_16220	NS21	Rhizobacter gummiphilus NS21	CP015118.1	A4W93_16220	A4W93_16220	ARN21320.1		transcriptional regulator PhoU	mapped	native_locus_tag	1	r2136	
CCG_NS21_A4W93_16225	NS21	Rhizobacter gummiphilus NS21	CP015118.1	A4W93_16225	A4W93_16225	ARN21321.1		phosphate ABC transporter ATP-binding protein	mapped	native_locus_tag	1	PIuabcpp	
CCG_NS21_A4W93_16230	NS21	Rhizobacter gummiphilus NS21	CP015118.1	A4W93_16230	A4W93_16230	ARN23913.1		phosphate ABC transporter, permease protein PstA	mapped	native_locus_tag	1	PIuabcpp	
CCG_NS21_A4W93_16235	NS21	Rhizobacter gummiphilus NS21	CP015118.1	A4W93_16235	A4W93_16235	ARN21322.1	pstC	phosphate transporter permease subunit PstC	mapped	native_locus_tag	1	PIuabcpp	
CCG_NS21_A4W93_16240	NS21	Rhizobacter gummiphilus NS21	CP015118.1	A4W93_16240	A4W93_16240	ARN21323.1		phosphate ABC transporter substrate-binding protein	mapped	native_locus_tag	1	PIuabcpp	
CCG_NS21_A4W93_16250	NS21	Rhizobacter gummiphilus NS21	CP015118.1	A4W93_16250	A4W93_16250	ARN21325.1	glmM	phosphoglucosamine mutase	mapped	native_locus_tag	1	PGAMT	
CCG_NS21_A4W93_16255	NS21	Rhizobacter gummiphilus NS21	CP015118.1	A4W93_16255	A4W93_16255	ARN21326.1		dihydropteroate synthase	mapped	native_locus_tag	3	DHPS;DHPS2;FOLD3	
CCG_NS21_A4W93_16285	NS21	Rhizobacter gummiphilus NS21	CP015118.1	A4W93_16285	A4W93_16285	ARN21332.1	carB	carbamoyl phosphate synthase large subunit	mapped	native_locus_tag	1	CBPS	
CCG_NS21_A4W93_16290	NS21	Rhizobacter gummiphilus NS21	CP015118.1	A4W93_16290	A4W93_16290	ARN23914.1		carbamoyl-phosphate synthase small subunit	mapped	native_locus_tag	1	CBPS	
CCG_NS21_A4W93_16295	NS21	Rhizobacter gummiphilus NS21	CP015118.1	A4W93_16295	A4W93_16295	ARN21333.1		bacterioferritin	mapped	native_locus_tag	1	FEROpp	
CCG_NS21_A4W93_16315	NS21	Rhizobacter gummiphilus NS21	CP015118.1	A4W93_16315	A4W93_16315	ARN23916.1		peptidase	mapped	native_locus_tag	2	MLDEP1pp;MLDEP2pp	
CCG_NS21_A4W93_16325	NS21	Rhizobacter gummiphilus NS21	CP015118.1	A4W93_16325	A4W93_16325	ARN21336.1		5'/3'-nucleotidase SurE	mapped	native_locus_tag	16	3NTD4pp;3NTD7pp;NTD1;NTD10;NTD11;NTD12;NTD2;NTD3;NTD4;NTD5;NTD6;NTD7;NTD8;NTD9;PPA;PPA2	
CCG_NS21_A4W93_16345	NS21	Rhizobacter gummiphilus NS21	CP015118.1	A4W93_16345	A4W93_16345	ARN21340.1		recombinase RecQ	mapped	native_locus_tag	2	DNMPPA;DNTPPA	
CCG_NS21_A4W93_16385	NS21	Rhizobacter gummiphilus NS21	CP015118.1	A4W93_16385	A4W93_16385	ARN21347.1		copper-transporting ATPase	mapped	native_locus_tag	1	CU2abcpp	
CCG_NS21_A4W93_16420	NS21	Rhizobacter gummiphilus NS21	CP015118.1	A4W93_16420	A4W93_16420	ARN21353.1		aldehyde dehydrogenase	mapped	native_locus_tag	2	AASAD3;ALDD2x	
CCG_NS21_A4W93_16435	NS21	Rhizobacter gummiphilus NS21	CP015118.1	A4W93_16435	A4W93_16435	ARN21356.1		D-ribose pyranase	mapped	native_locus_tag	1	RIBabcpp	
CCG_NS21_A4W93_16440	NS21	Rhizobacter gummiphilus NS21	CP015118.1	A4W93_16440	A4W93_16440	ARN23920.1		hypothetical protein	mapped	native_locus_tag	1	RBK	
CCG_NS21_A4W93_16450	NS21	Rhizobacter gummiphilus NS21	CP015118.1	A4W93_16450	A4W93_16450	ARN21358.1		sugar ABC transporter	mapped	native_locus_tag	2	RIBabc;RIBabcpp	
CCG_NS21_A4W93_16455	NS21	Rhizobacter gummiphilus NS21	CP015118.1	A4W93_16455	A4W93_16455	ARN21359.1		D-xylose ABC transporter ATP-binding protein	mapped	native_locus_tag	6	ARBabcpp;DARBabcpp;GALabcpp;GLCabcpp;RIBabc;RIBabcpp	
CCG_NS21_A4W93_16460	NS21	Rhizobacter gummiphilus NS21	CP015118.1	A4W93_16460	A4W93_16460	ARN21360.1		LacI family transcriptional regulator	mapped	native_locus_tag	1	RIBabcpp	
CCG_NS21_A4W93_16490	NS21	Rhizobacter gummiphilus NS21	CP015118.1	A4W93_16490	A4W93_16490	ARN21366.1		acetyl-CoA--acetoacetyl-CoA transferase subunit alpha	mapped	native_locus_tag	4	ACACCT;BUTCT;BUTCT2;HXCT	
CCG_NS21_A4W93_16495	NS21	Rhizobacter gummiphilus NS21	CP015118.1	A4W93_16495	A4W93_16495	ARN21367.1		succinyl-CoA--3-ketoacid-CoA transferase	mapped	native_locus_tag	6	ACACCT;BUTCT;BUTCT2;HXCT;OCOAT1;OCOAT4	
CCG_NS21_A4W93_16540	NS21	Rhizobacter gummiphilus NS21	CP015118.1	A4W93_16540	A4W93_16540	ARN21374.1		peptide ABC transporter ATP-binding protein	mapped	native_locus_tag	2	ACSERtpp;CYStpp	
CCG_NS21_A4W93_16545	NS21	Rhizobacter gummiphilus NS21	CP015118.1	A4W93_16545	A4W93_16545	ARN21375.1		CDP-diacylglycerol--glycerol-3-phosphate 3-phosphatidyltransferase	mapped	native_locus_tag	7	PGSA120;PGSA140;PGSA141;PGSA160;PGSA161;PGSA180;PGSA181	
CCG_NS21_A4W93_16580	NS21	Rhizobacter gummiphilus NS21	CP015118.1	A4W93_16580	A4W93_16580	ARN21382.1		ribose 5-phosphate isomerase A	mapped	native_locus_tag	1	RPI	
CCG_NS21_A4W93_16585	NS21	Rhizobacter gummiphilus NS21	CP015118.1	A4W93_16585	A4W93_16585	ARN21383.1		dihydroorotate dehydrogenase	mapped	native_locus_tag	3	DHORD2;DHORD5;DHORDfum	
CCG_NS21_A4W93_16590	NS21	Rhizobacter gummiphilus NS21	CP015118.1	A4W93_16590	A4W93_16590	ARN21384.1		cardiolipin synthase B	mapped	native_locus_tag	7	CLPNS120pp;CLPNS140pp;CLPNS141pp;CLPNS160pp;CLPNS161pp;CLPNS180pp;CLPNS181pp	
CCG_NS21_A4W93_16605	NS21	Rhizobacter gummiphilus NS21	CP015118.1	A4W93_16605	A4W93_16605	ARN21387.1		succinyl-CoA--3-ketoacid-CoA transferase	mapped	native_locus_tag	1	OCOAT1	
CCG_NS21_A4W93_16610	NS21	Rhizobacter gummiphilus NS21	CP015118.1	A4W93_16610	A4W93_16610	ARN21388.1		succinyl-CoA--3-ketoacid-CoA transferase	mapped	native_locus_tag	1	OCOAT1	
CCG_NS21_A4W93_16625	NS21	Rhizobacter gummiphilus NS21	CP015118.1	A4W93_16625	A4W93_16625	ARN21391.1		thiol reductase thioredoxin	mapped	native_locus_tag	9	METSOXR1;METSOXR2;PAPSR;RNDR1;RNDR2;RNDR3;RNDR4;THIORDXi;TRDR	
CCG_NS21_A4W93_16660	NS21	Rhizobacter gummiphilus NS21	CP015118.1	A4W93_16660	A4W93_16660	ARN21398.1		electron transfer flavoprotein-ubiquinone oxidoreductase	mapped	native_locus_tag	1	SUCD4	
CCG_NS21_A4W93_16670	NS21	Rhizobacter gummiphilus NS21	CP015118.1	A4W93_16670	A4W93_16670	ARN23921.1	gcvT	glycine cleavage system protein T	mapped	native_locus_tag	2	FOMETRi;GLYCL	
CCG_NS21_A4W93_16675	NS21	Rhizobacter gummiphilus NS21	CP015118.1	A4W93_16675	A4W93_16675	ARN21400.1		glycine cleavage system protein H	mapped	native_locus_tag	1	GLYCL	
CCG_NS21_A4W93_16680	NS21	Rhizobacter gummiphilus NS21	CP015118.1	A4W93_16680	A4W93_16680	ARN23922.1		glycine dehydrogenase (aminomethyl-transferring)	mapped	native_locus_tag	1	GLYCL	
CCG_NS21_A4W93_16695	NS21	Rhizobacter gummiphilus NS21	CP015118.1	A4W93_16695	A4W93_16695	ARN21403.1		sodium-independent anion transporter	mapped	native_locus_tag	1	SO4t2	
CCG_NS21_A4W93_16715	NS21	Rhizobacter gummiphilus NS21	CP015118.1	A4W93_16715	A4W93_16715	ARN21407.1		quinone oxidoreductase	mapped	native_locus_tag	1	NADPHQR2	
CCG_NS21_A4W93_16835	NS21	Rhizobacter gummiphilus NS21	CP015118.1	A4W93_16835	A4W93_16835	ARN21430.1		ABC transporter	mapped	native_locus_tag	3	GLNabc;METDabcpp;METabcpp	
CCG_NS21_A4W93_16895	NS21	Rhizobacter gummiphilus NS21	CP015118.1	A4W93_16895	A4W93_16895	ARN21441.1	argD	acetylornithine aminotransferase	mapped	native_locus_tag	4	ACOTA;ADAPAT;ORNTA;SDPTA	
CCG_NS21_A4W93_16955	NS21	Rhizobacter gummiphilus NS21	CP015118.1	A4W93_16955	A4W93_16955	ARN21450.1		deacetylase	mapped	native_locus_tag	1	ACTD2	
CCG_NS21_A4W93_16960	NS21	Rhizobacter gummiphilus NS21	CP015118.1	A4W93_16960	A4W93_16960	ARN21451.1		phenylalanine-4-hydroxylase	mapped	native_locus_tag	1	PHETHPTOX3	
CCG_NS21_A4W93_16970	NS21	Rhizobacter gummiphilus NS21	CP015118.1	A4W93_16970	A4W93_16970	ARN21453.1		diguanylate cyclase response regulator	mapped	native_locus_tag	1	GUACYC	
CCG_NS21_A4W93_16985	NS21	Rhizobacter gummiphilus NS21	CP015118.1	A4W93_16985	A4W93_16985	ARN21456.1		C4-dicarboxylate ABC transporter substrate-binding protein	mapped	native_locus_tag	6	ACONCt4pp;ACONCtupp;CITt4pp_1;CITtupp;ICITt4pp;ICITtupp	
CCG_NS21_A4W93_16990	NS21	Rhizobacter gummiphilus NS21	CP015118.1	A4W93_16990	A4W93_16990	ARN21457.1		aconitate hydratase	mapped	native_locus_tag	1	ACONT	
CCG_NS21_A4W93_17005	NS21	Rhizobacter gummiphilus NS21	CP015118.1	A4W93_17005	A4W93_17005	ARN21460.1		class V aminotransferase	mapped	native_locus_tag	1	PDYXPT_c	
CCG_NS21_A4W93_17065	NS21	Rhizobacter gummiphilus NS21	CP015118.1	A4W93_17065	A4W93_17065	ARN21471.1		hypothetical protein	mapped	native_locus_tag	182	23CAMPtex;23CCMPtex;23CGMPtex;23CUMPtex;26DAHtex;3AMPtex;3CMPtex;3GMPtex;3PEPTtex;3UMPtex;4PEPTtex;ABUTtex;ACALDtex;ACGAL1Ptex;ACGAtex;ACMANAtex;ACMUMtex;ACONCtex;ACSERtex;ACtex;AGMtex;AI2tex;AKGtex;ALAALAtex;ALAtex;ANHGMtex;ARBTtex;ARBtex;ARGtex;ASNtex;ASO3tex;ASPtex;BUTSO3tex;BUTtex;CA2tex;CD2tex;CGLYtex;CHLtex;CHTBStex;CITtex;CLBtex;CLtex;CMtex;CO2tex;COBALT2tex;CRNtex;CU2tex;CYANtex;CYNTtex;CYStex;CYTDtex;DALAtex;DARBtex;DCAtex;DOXRBCNtex;D_LACtex;ETHAtex;ETHSO3tex;ETOHtex;FADtex;FALDtex;FE2tex;FE3tex;FMNtex;FORtex;FRUtex;FUMtex;FUSAtex;G3PCtex;G3PEtex;G3PGtex;G3PItex;G3PStex;GALCTNtex;GALCTtex;GALURtex;GALtex;GAMtex;GLCNtex;GLCRtex;GLCURtex;GLCtex;GLNtex;GLUtex;GLYBtex;GLYC2Ptex;GLYC3Ptex;GLYCAtex;GLYCLTtex;GLYCtex;GLYtex;GSNtex;GTHRDtex;H2O2tex;H2Otex;H2Stex;H2tex;HIStex;HOMtex;HXAtex;HYXNtex;Htex;ICITtex;ILEtex;INDOLEtex;INSTtex;ISETACtex;Ktex;LALALGLUtex;LCTStex;LEUtex;LYStex;L_LACtex;MALDtex;MALtex;MANtex;MELIBtex;MEOHtex;METDtex;METtex;MG2tex;MNLtex;MNtex;MOBDtex;MSO3tex;N2Otex;NAtex;NH4tex;NI2tex;NMNtex;NO2tex;NO3tex;NOtex;O2tex;OAAtex;OCTAtex;ORNtex;OROTtex;PACALDtex;PACt1;PEAMNtex;PItex;PNTOtex;PPALtex;PPAtex;PPPNtex;PROGLYtex;PROtex;PTRCtex;PYRtex;QUIN2tex;RAFFtex;RIBtex;SBTtex;SELtex;SERtex;SKMtex;SLNTtex;SO3tex;SO4tex;SPMDtex;SUCCtex;SUCRtex;SULFACtex;TARTRDtex;TARTRtex;TAURtex;TCYNTtex;THRtex;TREtex;TSULtex;TTRCYCtex;TYRPtex;TYRtex;UDPACGALtex;UMPtex;URAtex;UREAtex;VALtex;XANtex;XYLtex;Zn2tex	
CCG_NS21_A4W93_17075	NS21	Rhizobacter gummiphilus NS21	CP015118.1	A4W93_17075	A4W93_17075	ARN21473.1		mandelate racemase	mapped	native_locus_tag	1	GALCTND	
CCG_NS21_A4W93_17080	NS21	Rhizobacter gummiphilus NS21	CP015118.1	A4W93_17080	A4W93_17080	ARN21474.1		ABC transporter substrate-binding protein	mapped	native_locus_tag	1	ALAALAabcpp	
CCG_NS21_A4W93_17085	NS21	Rhizobacter gummiphilus NS21	CP015118.1	A4W93_17085	A4W93_17085	ARN23928.1		ABC transporter permease	mapped	native_locus_tag	17	ALAALAabcpp;ALAGLUabcpp;ALAHISabcpp;ALALEUabcpp;ALATHRabcpp;ALATRPabcpp;CGLYabcpp;GLYGLNabcpp;GLYGLUabcpp;GLYGLYabcpp;GLYMETabcpp;GLYPHEabcpp;GLYSERabcpp;HISGLYabcpp;HISHISabcpp;LEULEUabcpp;PROGLYabcpp	
CCG_NS21_A4W93_17090	NS21	Rhizobacter gummiphilus NS21	CP015118.1	A4W93_17090	A4W93_17090	ARN23929.1		D-ala-D-ala transporter subunit	mapped	native_locus_tag	1	ALAALAabcpp	
CCG_NS21_A4W93_17105	NS21	Rhizobacter gummiphilus NS21	CP015118.1	A4W93_17105	A4W93_17105	ARN21476.1		(p)ppGpp synthetase	mapped	native_locus_tag	5	GDPDPK;GDPDPKE;GDTPR;GTPDPK_1;PPGPPDP	
CCG_NS21_A4W93_17135	NS21	Rhizobacter gummiphilus NS21	CP015118.1	A4W93_17135	A4W93_17135	ARN21481.1		NADPH:quinone dehydrogenase	mapped	native_locus_tag	1	PCNO	
CCG_NS21_A4W93_17155	NS21	Rhizobacter gummiphilus NS21	CP015118.1	A4W93_17155	A4W93_17155	ARN21485.1	ggt	gamma-glutamyltransferase	mapped	native_locus_tag	2	GTHRDHpp;GTMLT	
CCG_NS21_A4W93_17265	NS21	Rhizobacter gummiphilus NS21	CP015118.1	A4W93_17265	A4W93_17265	ARN21505.1		energy-dependent translational throttle protein EttA	mapped	native_locus_tag	1	COabc	
CCG_NS21_A4W93_17290	NS21	Rhizobacter gummiphilus NS21	CP015118.1	A4W93_17290	A4W93_17290	ARN21509.1		thiol:disulfide interchange protein	mapped	native_locus_tag	2	THIORDXi;TRDR	
CCG_NS21_A4W93_17335	NS21	Rhizobacter gummiphilus NS21	CP015118.1	A4W93_17335	A4W93_17335	ARN23935.1		GntR family transcriptional regulator	mapped	native_locus_tag	4	PHETA1;SDPTA;TRPTA;TYRTA	
CCG_NS21_A4W93_17340	NS21	Rhizobacter gummiphilus NS21	CP015118.1	A4W93_17340	A4W93_17340	ARN21515.1		transporter	mapped	native_locus_tag	2	ACSERtpp;CYStpp	
CCG_NS21_A4W93_17425	NS21	Rhizobacter gummiphilus NS21	CP015118.1	A4W93_17425	A4W93_17425	ARN21532.1		hypothetical protein	mapped	native_locus_tag	2	GMPS;GMPS2	
CCG_NS21_A4W93_17450	NS21	Rhizobacter gummiphilus NS21	CP015118.1	A4W93_17450	A4W93_17450	ARN21537.1		hypothetical protein	mapped	native_locus_tag	1	ADNCYC	
CCG_NS21_A4W93_17470	NS21	Rhizobacter gummiphilus NS21	CP015118.1	A4W93_17470	A4W93_17470	ARN21541.1		hydroxymethylglutaryl-CoA lyase	mapped	native_locus_tag	1	HMGL	
CCG_NS21_A4W93_17500	NS21	Rhizobacter gummiphilus NS21	CP015118.1	A4W93_17500	A4W93_17500	ARN21547.1		hypothetical protein	mapped	native_locus_tag	1	DGUNC	
CCG_NS21_A4W93_17515	NS21	Rhizobacter gummiphilus NS21	CP015118.1	A4W93_17515	A4W93_17515	ARN21550.1		bis(5'-nucleosyl)-tetraphosphatase (symmetrical)	mapped	native_locus_tag	1	AP4AH	
CCG_NS21_A4W93_17545	NS21	Rhizobacter gummiphilus NS21	CP015118.1	A4W93_17545	A4W93_17545	ARN21555.1		hypothetical protein	mapped	native_locus_tag	2	5HPUDICDC_c;URIC	
CCG_NS21_A4W93_17605	NS21	Rhizobacter gummiphilus NS21	CP015118.1	A4W93_17605	A4W93_17605	ARN21566.1		4-hydroxybenzoate transporter	mapped	native_locus_tag	2	3_4DHBZ1t_pp;UHBZ1t_pp	
CCG_NS21_A4W93_17630	NS21	Rhizobacter gummiphilus NS21	CP015118.1	A4W93_17630	A4W93_17630	ARN21571.1		glucarate transporter	mapped	native_locus_tag	5	GALCTRt2;GALCTt2rpp;GLCRt2r;GLCRt2rpp;GLYCAt2rpp	
CCG_NS21_A4W93_17640	NS21	Rhizobacter gummiphilus NS21	CP015118.1	A4W93_17640	A4W93_17640	ARN21573.1		6-phosphogluconolactonase	mapped	native_locus_tag	1	PGL	
CCG_NS21_A4W93_17650	NS21	Rhizobacter gummiphilus NS21	CP015118.1	A4W93_17650	A4W93_17650	ARN21575.1		acetyl-CoA acetyltransferase	mapped	native_locus_tag	1	ACACT1r	
CCG_NS21_A4W93_17675	NS21	Rhizobacter gummiphilus NS21	CP015118.1	A4W93_17675	A4W93_17675	ARN21579.1		oxidoreductase	mapped	native_locus_tag	1	3OAR40	
CCG_NS21_A4W93_17755	NS21	Rhizobacter gummiphilus NS21	CP015118.1	A4W93_17755	A4W93_17755	ARN21593.1		histidine kinase	mapped	native_locus_tag	1	CDGUNPD	
CCG_NS21_A4W93_17920	NS21	Rhizobacter gummiphilus NS21	CP015118.1	A4W93_17920	A4W93_17920	ARN21620.1		C4-dicarboxylate transporter	mapped	native_locus_tag	11	ACt5pp;ASPt2_2pp;BZt2_pp;FUMt2_2;FUMt2_2pp;MALDt2_2pp;MALt2_2;MALt2_2pp;OAAt2_2pp;OROTt2_2pp;SUCCt2_2pp	
CCG_NS21_A4W93_17980	NS21	Rhizobacter gummiphilus NS21	CP015118.1	A4W93_17980	A4W93_17980	ARN21630.1		nitrate ABC transporter ATP-binding protein	mapped	native_locus_tag	3	BUTSO3abcpp;ISETACabcpp;TAURabcpp	
CCG_NS21_A4W93_18005	NS21	Rhizobacter gummiphilus NS21	CP015118.1	A4W93_18005	A4W93_18005	ARN21635.1		glycine betaine/L-proline ABC transporter ATP-binding protein	mapped	native_locus_tag	5	CRNDabcpp;CRNabcpp;CTBTabcpp;GLYBabcpp;PROabcpp	
CCG_NS21_A4W93_18010	NS21	Rhizobacter gummiphilus NS21	CP015118.1	A4W93_18010	A4W93_18010	ARN21636.1		ABC transporter permease	mapped	native_locus_tag	5	CRNDabcpp;CRNabcpp;CTBTabcpp;GLYBabcpp;PROabcpp	
CCG_NS21_A4W93_18015	NS21	Rhizobacter gummiphilus NS21	CP015118.1	A4W93_18015	A4W93_18015	ARN21637.1	proX	glycine betaine ABC transporter substrate-binding protein	mapped	native_locus_tag	5	CRNDabcpp;CRNabcpp;CTBTabcpp;GLYBabcpp;PROabcpp	
CCG_NS21_A4W93_18025	NS21	Rhizobacter gummiphilus NS21	CP015118.1	A4W93_18025	A4W93_18025	ARN21638.1		ornithine cyclodeaminase	mapped	native_locus_tag	2	ORNCD;ORNCD_1	
CCG_NS21_A4W93_18055	NS21	Rhizobacter gummiphilus NS21	CP015118.1	A4W93_18055	A4W93_18055	ARN21644.1		hypothetical protein	mapped	native_locus_tag	1	CEPA	
CCG_NS21_A4W93_18100	NS21	Rhizobacter gummiphilus NS21	CP015118.1	A4W93_18100	A4W93_18100	ARN21652.1		hypothetical protein	mapped	native_locus_tag	1	AI2tpp	
CCG_NS21_A4W93_18120	NS21	Rhizobacter gummiphilus NS21	CP015118.1	A4W93_18120	A4W93_18120	ARN21655.1		4a-hydroxytetrahydrobiopterin dehydratase	mapped	native_locus_tag	1	PHETHPTOX3	
CCG_NS21_A4W93_18125	NS21	Rhizobacter gummiphilus NS21	CP015118.1	A4W93_18125	A4W93_18125	ARN21656.1		ribosome small subunit-dependent GTPase A	mapped	native_locus_tag	4	NTP1;NTP10;NTP3;NTP5	
CCG_NS21_A4W93_18140	NS21	Rhizobacter gummiphilus NS21	CP015118.1	A4W93_18140	A4W93_18140	ARN21659.1		coenzyme A pyrophosphatase	mapped	native_locus_tag	1	HPYRP	
CCG_NS21_A4W93_18175	NS21	Rhizobacter gummiphilus NS21	CP015118.1	A4W93_18175	A4W93_18175	ARN21664.1		inorganic phosphate transporter	mapped	native_locus_tag	3	ASO4rt2rpp;PIt2r;PIt2rpp	
CCG_NS21_A4W93_18185	NS21	Rhizobacter gummiphilus NS21	CP015118.1	A4W93_18185	A4W93_18185	ARN21666.1		deoxyadenosine kinase	mapped	native_locus_tag	2	DGNSK;DINSK	
CCG_NS21_A4W93_18195	NS21	Rhizobacter gummiphilus NS21	CP015118.1	A4W93_18195	A4W93_18195	ARN21668.1		2-amino-4-hydroxy-6-hydroxymethyldihydropteridine pyrophosphokinase	mapped	native_locus_tag	3	HPPK;HPPK2;HPPK2_1	
CCG_NS21_A4W93_18210	NS21	Rhizobacter gummiphilus NS21	CP015118.1	A4W93_18210	A4W93_18210	ARN21671.1		phosphoserine phosphatase	mapped	native_locus_tag	2	AGPAT160;PSP_L	
CCG_NS21_A4W93_18225	NS21	Rhizobacter gummiphilus NS21	CP015118.1	A4W93_18225	A4W93_18225	ARN21674.1		lipid II flippase MurJ	mapped	native_locus_tag	2	MPTG;MPTG2	
CCG_NS21_A4W93_18245	NS21	Rhizobacter gummiphilus NS21	CP015118.1	A4W93_18245	A4W93_18245	ARN21678.1		acetylornithine aminotransferase	mapped	native_locus_tag	3	ABTA;ACOTA;ORNTA	
CCG_NS21_A4W93_18250	NS21	Rhizobacter gummiphilus NS21	CP015118.1	A4W93_18250	A4W93_18250	ARN21679.1		ornithine carbamoyltransferase	mapped	native_locus_tag	1	OCBT	
CCG_NS21_A4W93_18355	NS21	Rhizobacter gummiphilus NS21	CP015118.1	A4W93_18355	A4W93_18355	ARN21700.1		NADH oxidase	mapped	native_locus_tag	2	ALCD1;LCARS	
CCG_NS21_A4W93_18455	NS21	Rhizobacter gummiphilus NS21	CP015118.1	A4W93_18455	A4W93_18455	ARN21715.1		histidine kinase	mapped	native_locus_tag	1	DGUNC	
CCG_NS21_A4W93_18460	NS21	Rhizobacter gummiphilus NS21	CP015118.1	A4W93_18460	A4W93_18460	ARN21716.1		hypothetical protein	mapped	native_locus_tag	2	CHLt3pp;GLYBt3pp	
CCG_NS21_A4W93_18465	NS21	Rhizobacter gummiphilus NS21	CP015118.1	A4W93_18465	A4W93_18465	ARN21717.1		amidase	mapped	native_locus_tag	2	GSPMDA;GSPMDS	
CCG_NS21_A4W93_18485	NS21	Rhizobacter gummiphilus NS21	CP015118.1	A4W93_18485	A4W93_18485	ARN21721.1		oxidoreductase	mapped	native_locus_tag	1	ACTD	
CCG_NS21_A4W93_18505	NS21	Rhizobacter gummiphilus NS21	CP015118.1	A4W93_18505	A4W93_18505	ARN21725.1		NAD(P)H:quinone oxidoreductase	mapped	native_locus_tag	4	NADH10;NADH5;NADH9;NADPHQR3	
CCG_NS21_A4W93_18515	NS21	Rhizobacter gummiphilus NS21	CP015118.1	A4W93_18515	A4W93_18515	ARN21727.1		RNase III inhibitor	mapped	native_locus_tag	1	GCVHRADPr	
CCG_NS21_A4W93_18615	NS21	Rhizobacter gummiphilus NS21	CP015118.1	A4W93_18615	A4W93_18615	ARN21745.1		glyoxalase	mapped	native_locus_tag	1	MME	
CCG_NS21_A4W93_18665	NS21	Rhizobacter gummiphilus NS21	CP015118.1	A4W93_18665	A4W93_18665	ARN21755.1		enoyl-CoA hydratase	mapped	native_locus_tag	14	CTECOAI6;CTECOAI7;CTECOAI8;ECOAH1;ECOAH2;ECOAH3;ECOAH4;ECOAH5;ECOAH6;ECOAH7;ECOAH8;ECOAH9ir;HBCHLR;VECOAH	
CCG_NS21_A4W93_18670	NS21	Rhizobacter gummiphilus NS21	CP015118.1	A4W93_18670	A4W93_18670	ARN21756.1		alcohol dehydrogenase	mapped	native_locus_tag	1	ALR2	
CCG_NS21_A4W93_18675	NS21	Rhizobacter gummiphilus NS21	CP015118.1	A4W93_18675	A4W93_18675	ARN23954.1		formyl-CoA transferase	mapped	native_locus_tag	1	FORCT	
CCG_NS21_A4W93_18725	NS21	Rhizobacter gummiphilus NS21	CP015118.1	A4W93_18725	A4W93_18725	ARN21765.1		N-acylglucosamine 2-epimerase	mapped	native_locus_tag	1	MANE	
CCG_NS21_A4W93_18740	NS21	Rhizobacter gummiphilus NS21	CP015118.1	A4W93_18740	A4W93_18740	ARN21768.1		cation transporter	mapped	native_locus_tag	7	CD2t3pp;CD2t4;COBALT2t3pp;MN2t3pp;NI2t3pp;ZN2t3pp;ZN2t4	
CCG_NS21_A4W93_18790	NS21	Rhizobacter gummiphilus NS21	CP015118.1	A4W93_18790	A4W93_18790	ARN21776.1		sugar ABC transporter permease	mapped	native_locus_tag	4	GLCabc;LCTSabc;MALTabc;RIBabc	
CCG_NS21_A4W93_18795	NS21	Rhizobacter gummiphilus NS21	CP015118.1	A4W93_18795	A4W93_18795	ARN21777.1		ABC transporter ATP-binding protein	mapped	native_locus_tag	5	GLCabc;MALTHXabc;MALTTRabc;MALTabc;RIBabc	
CCG_NS21_A4W93_18800	NS21	Rhizobacter gummiphilus NS21	CP015118.1	A4W93_18800	A4W93_18800	ARN23958.1		D-arabinitol 4-dehydrogenase	mapped	native_locus_tag	1	ABTDG	
CCG_NS21_A4W93_18850	NS21	Rhizobacter gummiphilus NS21	CP015118.1	A4W93_18850	A4W93_18850	ARN21787.1		Na+/H+-exchanging protein	mapped	native_locus_tag	1	NAt3pp	
CCG_NS21_A4W93_18920	NS21	Rhizobacter gummiphilus NS21	CP015118.1	A4W93_18920	A4W93_18920	ARN23960.1		MFS transporter	mapped	native_locus_tag	1	FEENTERtpp	
CCG_NS21_A4W93_18960	NS21	Rhizobacter gummiphilus NS21	CP015118.1	A4W93_18960	A4W93_18960	ARN21807.1		hypothetical protein	mapped	native_locus_tag	1	GTPDPK	
CCG_NS21_A4W93_19095	NS21	Rhizobacter gummiphilus NS21	CP015118.1	A4W93_19095	A4W93_19095	ARN21833.1		S-formylglutathione hydrolase	mapped	native_locus_tag	1	SFGTHi	
CCG_NS21_A4W93_19100	NS21	Rhizobacter gummiphilus NS21	CP015118.1	A4W93_19100	A4W93_19100	ARN21834.1		S-(hydroxymethyl)glutathione dehydrogenase	mapped	native_locus_tag	8	ALCD1;ALCD19;ALCD22_L;ALCD2ir;ALCD2x;FALDH2;LALDO;LCARS	
CCG_NS21_A4W93_19175	NS21	Rhizobacter gummiphilus NS21	CP015118.1	A4W93_19175	A4W93_19175	ARN21848.1		long-chain fatty acid--CoA ligase	mapped	native_locus_tag	4	FACOAL140;FACOAL160;FACOAL161;FACOAL181	
CCG_NS21_A4W93_19180	NS21	Rhizobacter gummiphilus NS21	CP015118.1	A4W93_19180	A4W93_19180	ARN21849.1		hypothetical protein	mapped	native_locus_tag	1	GLCDpp	
CCG_NS21_A4W93_19210	NS21	Rhizobacter gummiphilus NS21	CP015118.1	A4W93_19210	A4W93_19210	ARN21855.1		UDP-N-acetylenolpyruvoylglucosamine reductase	mapped	native_locus_tag	1	UAPGR	
CCG_NS21_A4W93_19225	NS21	Rhizobacter gummiphilus NS21	CP015118.1	A4W93_19225	A4W93_19225	ARN21858.1		cation:proton antiporter	mapped	native_locus_tag	1	Kt3pp	
CCG_NS21_A4W93_19230	NS21	Rhizobacter gummiphilus NS21	CP015118.1	A4W93_19230	A4W93_19230	ARN21859.1		Na+/H+ antiporter subunit C	mapped	native_locus_tag	1	Kt3pp	
CCG_NS21_A4W93_19235	NS21	Rhizobacter gummiphilus NS21	CP015118.1	A4W93_19235	A4W93_19235	ARN21860.1		cation:proton antiporter	mapped	native_locus_tag	1	Kt3pp	
CCG_NS21_A4W93_19240	NS21	Rhizobacter gummiphilus NS21	CP015118.1	A4W93_19240	A4W93_19240	ARN21861.1		cation:proton antiporter	mapped	native_locus_tag	1	Kt3pp	
CCG_NS21_A4W93_19245	NS21	Rhizobacter gummiphilus NS21	CP015118.1	A4W93_19245	A4W93_19245	ARN21862.1		K+/H+ antiporter subunit F	mapped	native_locus_tag	1	Kt3pp	
CCG_NS21_A4W93_19250	NS21	Rhizobacter gummiphilus NS21	CP015118.1	A4W93_19250	A4W93_19250	ARN21863.1		Na+/H+ antiporter subunit G	mapped	native_locus_tag	1	Kt3pp	
CCG_NS21_A4W93_19295	NS21	Rhizobacter gummiphilus NS21	CP015118.1	A4W93_19295	A4W93_19295	ARN21871.1		16S rRNA pseudouridine synthase	mapped	native_locus_tag	1	YUMPS	
CCG_NS21_A4W93_19310	NS21	Rhizobacter gummiphilus NS21	CP015118.1	A4W93_19310	A4W93_19310	ARN21874.1		bifunctional riboflavin kinase/FMN adenylyltransferase	mapped	native_locus_tag	2	FMNAT;RBFK	
CCG_NS21_A4W93_19325	NS21	Rhizobacter gummiphilus NS21	CP015118.1	A4W93_19325	A4W93_19325	ARN21877.1		hypothetical protein	mapped	native_locus_tag	1	CDGUNPD	
CCG_NS21_A4W93_19355	NS21	Rhizobacter gummiphilus NS21	CP015118.1	A4W93_19355	A4W93_19355	ARN21883.1		gamma-glutamyltransferase	mapped	native_locus_tag	1	GTMLT	
CCG_NS21_A4W93_19360	NS21	Rhizobacter gummiphilus NS21	CP015118.1	A4W93_19360	A4W93_19360	ARN21884.1		hypothetical protein	mapped	native_locus_tag	3	ACONCtupp;CITtupp;ICITtupp	
CCG_NS21_A4W93_19400	NS21	Rhizobacter gummiphilus NS21	CP015118.1	A4W93_19400	A4W93_19400	ARN21892.1		diguanylate cyclase	mapped	native_locus_tag	1	DGUNC	
CCG_NS21_A4W93_19410	NS21	Rhizobacter gummiphilus NS21	CP015118.1	A4W93_19410	A4W93_19410	ARN21894.1		cell division protein FtsX	mapped	native_locus_tag	2	ACTNabc;ACTNabc1	
CCG_NS21_A4W93_19415	NS21	Rhizobacter gummiphilus NS21	CP015118.1	A4W93_19415	A4W93_19415	ARN21895.1		1-deoxy-D-xylulose-5-phosphate synthase	mapped	native_locus_tag	1	DXPS	
CCG_NS21_A4W93_19420	NS21	Rhizobacter gummiphilus NS21	CP015118.1	A4W93_19420	A4W93_19420	ARN21896.1		polyprenyl synthetase	mapped	native_locus_tag	2	DMATT;GRTT	
CCG_NS21_A4W93_19440	NS21	Rhizobacter gummiphilus NS21	CP015118.1	A4W93_19440	A4W93_19440	ARN21899.1		3-mercaptopyruvate sulfurtransferase	mapped	native_locus_tag	1	CYANST	
CCG_NS21_A4W93_19475	NS21	Rhizobacter gummiphilus NS21	CP015118.1	A4W93_19475	A4W93_19475	ARN21905.1		exopolyphosphatase	mapped	native_locus_tag	3	GTPDPDP;PPA;PPA2	
CCG_NS21_A4W93_19485	NS21	Rhizobacter gummiphilus NS21	CP015118.1	A4W93_19485	A4W93_19485	ARN21906.1		thioredoxin reductase	mapped	native_locus_tag	2	GTHOr;TRDR	
CCG_NS21_A4W93_19510	NS21	Rhizobacter gummiphilus NS21	CP015118.1	A4W93_19510	A4W93_19510	ARN21911.1		acyl-CoA thioesterase II	mapped	native_locus_tag	41	FACOAE100;FACOAE120;FACOAE140;FACOAE141;FACOAE160;FACOAE161;FACOAE180;FACOAE181;FACOAE1829Z12Z;FACOAE50;FACOAE60;FACOAE70;FACOAE80;FACOAE90;HATBH;HBRCH;HMR_0260;RHACOAE100;RHACOAE120;RHACOAE121;RHACOAE121d6;RHACOAE140;RHACOAE141;RHACOAE141d5;RHACOAE142;RHACOAE160;RHACOAE50;RHACOAE60;RHACOAE70;RHACOAE80;RHACOAE90;RHACOAEP100;RHACOAEP101;RHACOAEP40;RHACOAEP50;RHACOAEP60;RHACOAEP70;RHACOAEP80;RHACOAEP90;RHACOAET40;RHACOAET60	
CCG_NS21_A4W93_19520	NS21	Rhizobacter gummiphilus NS21	CP015118.1	A4W93_19520	A4W93_19520	ARN21913.1		MFS sugar transporter	mapped	native_locus_tag	2	ARBt3ipp;LCTSt3ipp	
CCG_NS21_A4W93_19525	NS21	Rhizobacter gummiphilus NS21	CP015118.1	A4W93_19525	A4W93_19525	ARN21914.1	dkgB	2,5-didehydrogluconate reductase B	mapped	native_locus_tag	3	ALR2;DKGLCNR1;DKGLCNR3	
CCG_NS21_A4W93_19535	NS21	Rhizobacter gummiphilus NS21	CP015118.1	A4W93_19535	A4W93_19535	ARN21916.1		RNA degradosome polyphosphate kinase	mapped	native_locus_tag	4	PPK;PPK2;PPK50_B;PPK50r	
CCG_NS21_A4W93_19560	NS21	Rhizobacter gummiphilus NS21	CP015118.1	A4W93_19560	A4W93_19560	ARN21921.1		oxidoreductase	mapped	native_locus_tag	1	GLCDpp	
CCG_NS21_A4W93_19590	NS21	Rhizobacter gummiphilus NS21	CP015118.1	A4W93_19590	A4W93_19590	ARN21925.1		glycerol-3-phosphate acyltransferase	mapped	native_locus_tag	2	APG3PAT160;APG3PAT181	
CCG_NS21_A4W93_19600	NS21	Rhizobacter gummiphilus NS21	CP015118.1	A4W93_19600	A4W93_19600	ARN21927.1		aldo/keto reductase	mapped	native_locus_tag	2	ALR2;BTS	
CCG_NS21_A4W93_19610	NS21	Rhizobacter gummiphilus NS21	CP015118.1	A4W93_19610	A4W93_19610	ARN21929.1		GCN5 family acetyltransferase	mapped	native_locus_tag	1	PTRCAT1	
CCG_NS21_A4W93_19625	NS21	Rhizobacter gummiphilus NS21	CP015118.1	A4W93_19625	A4W93_19625	ARN21931.1	pepN	aminopeptidase N	mapped	native_locus_tag	16	AMPTASEAH;AMPTASEAL;AMPTASEAT;AMPTASEATRP;AMPTASECG;AMPTASEGGLN;AMPTASEGGLU;AMPTASEGM;AMPTASEGS;AMPTASEHG;AMPTASEHH;AMPTASEPG;GLYGLYCNc;GLYPHEHYc;LALGP;LEULEULAPc	
CCG_NS21_A4W93_19630	NS21	Rhizobacter gummiphilus NS21	CP015118.1	A4W93_19630	A4W93_19630	ARN21932.1		fructose-bisphosphatase	mapped	native_locus_tag	1	FBP	
CCG_NS21_A4W93_19650	NS21	Rhizobacter gummiphilus NS21	CP015118.1	A4W93_19650	A4W93_19650	ARN21934.1		peptide-methionine (S)-S-oxide reductase	mapped	native_locus_tag	2	METSOXR1;METSOXR2	
CCG_NS21_A4W93_19675	NS21	Rhizobacter gummiphilus NS21	CP015118.1	A4W93_19675	A4W93_19675	ARN23971.1		membrane receptor protein	mapped	native_locus_tag	3	CU2tonex;PHEMEtonex;SHEMEtonex	
CCG_NS21_A4W93_19680	NS21	Rhizobacter gummiphilus NS21	CP015118.1	A4W93_19680	A4W93_19680	ARN21939.1		pyridoxamine 5'-phosphate oxidase	mapped	native_locus_tag	4	PDX5POi;PYAM5PO;PYDXNO;PYDXO	
CCG_NS21_A4W93_19685	NS21	Rhizobacter gummiphilus NS21	CP015118.1	A4W93_19685	A4W93_19685	ARN21940.1		molybdopterin-guanine dinucleotide biosynthesis protein MobA	mapped	native_locus_tag	2	HXAND;XAND	
CCG_NS21_A4W93_19710	NS21	Rhizobacter gummiphilus NS21	CP015118.1	A4W93_19710	A4W93_19710	ARN21945.1		keto-deoxy-phosphogluconate aldolase	mapped	native_locus_tag	3	DDPGA;EDA;OAADC	
CCG_NS21_A4W93_19715	NS21	Rhizobacter gummiphilus NS21	CP015118.1	A4W93_19715	A4W93_19715	ARN21946.1		alkaline phosphatase	mapped	native_locus_tag	1	AKP1	
CCG_NS21_A4W93_19735	NS21	Rhizobacter gummiphilus NS21	CP015118.1	A4W93_19735	A4W93_19735	ARN21949.1		MFS transporter	mapped	native_locus_tag	2	GALt2pp;GLCt2pp	
CCG_NS21_A4W93_19740	NS21	Rhizobacter gummiphilus NS21	CP015118.1	A4W93_19740	A4W93_19740	ARN21950.1		hypothetical protein	mapped	native_locus_tag	2	DGUNC;GUACYC	
CCG_NS21_A4W93_19760	NS21	Rhizobacter gummiphilus NS21	CP015118.1	A4W93_19760	A4W93_19760			3-octaprenyl-4-hydroxybenzoate decarboxylase	mapped	native_locus_tag	1	OPHBDC	
CCG_NS21_A4W93_19765	NS21	Rhizobacter gummiphilus NS21	CP015118.1	A4W93_19765	A4W93_19765	ARN21954.1		lytic transglycosylase	mapped	native_locus_tag	4	MLTGY1pp;MLTGY2pp;MLTGY3pp;MLTGY4pp	
CCG_NS21_A4W93_19770	NS21	Rhizobacter gummiphilus NS21	CP015118.1	A4W93_19770	A4W93_19770	ARN21955.1	glyA	serine hydroxymethyltransferase	mapped	native_locus_tag	7	ALATA_D2;ALATA_L2;GHMT2r;MS_1;THFAT;THRA;THRA2	
CCG_NS21_A4W93_19805	NS21	Rhizobacter gummiphilus NS21	CP015118.1	A4W93_19805	A4W93_19805	ARN23973.1		riboflavin biosynthesis protein RibD	mapped	native_locus_tag	2	APRAUR;DHPPDA2	
CCG_NS21_A4W93_19810	NS21	Rhizobacter gummiphilus NS21	CP015118.1	A4W93_19810	A4W93_19810	ARN21962.1		riboflavin synthase subunit alpha	mapped	native_locus_tag	2	RBFSa;RBFSb	
CCG_NS21_A4W93_19815	NS21	Rhizobacter gummiphilus NS21	CP015118.1	A4W93_19815	A4W93_19815	ARN21963.1		3,4-dihydroxy-2-butanone-4-phosphate synthase	mapped	native_locus_tag	3	DB4PS;GTPCII;GTPCII2	
CCG_NS21_A4W93_19820	NS21	Rhizobacter gummiphilus NS21	CP015118.1	A4W93_19820	A4W93_19820	ARN21964.1		6,7-dimethyl-8-ribityllumazine synthase	mapped	native_locus_tag	2	RBFSa;RBFSb	
CCG_NS21_A4W93_19840	NS21	Rhizobacter gummiphilus NS21	CP015118.1	A4W93_19840	A4W93_19840	ARN21967.1		4-hydroxybenzoyl-CoA thioesterase	mapped	native_locus_tag	1	DHNCOAT	
CCG_NS21_A4W93_19845	NS21	Rhizobacter gummiphilus NS21	CP015118.1	A4W93_19845	A4W93_19845	ARN21968.1		protein TolQ	mapped	native_locus_tag	5	CU2tonex;FE3DCITtonex;FEENTERtonex;PHEMEtonex;SHEMEtonex	
CCG_NS21_A4W93_19850	NS21	Rhizobacter gummiphilus NS21	CP015118.1	A4W93_19850	A4W93_19850	ARN21969.1		protein TolR	mapped	native_locus_tag	1	FEENTERtonex	
CCG_NS21_A4W93_19875	NS21	Rhizobacter gummiphilus NS21	CP015118.1	A4W93_19875	A4W93_19875	ARN21973.1		hypothetical protein	mapped	native_locus_tag	1	NADH4	
CCG_NS21_A4W93_19940	NS21	Rhizobacter gummiphilus NS21	CP015118.1	A4W93_19940	A4W93_19940	ARN21984.1		glucose dehydrogenase	mapped	native_locus_tag	1	GLCDpp	
CCG_NS21_A4W93_20000	NS21	Rhizobacter gummiphilus NS21	CP015118.1	A4W93_20000	A4W93_20000	ARN21995.1		dimethylallyltransferase	mapped	native_locus_tag	1	GLYOX3	
CCG_NS21_A4W93_20015	NS21	Rhizobacter gummiphilus NS21	CP015118.1	A4W93_20015	A4W93_20015	ARN21998.1		2-nitropropane dioxygenase	mapped	native_locus_tag	1	NMO	
CCG_NS21_A4W93_20030	NS21	Rhizobacter gummiphilus NS21	CP015118.1	A4W93_20030	A4W93_20030	ARN23979.1		poly(3-hydroxybutyrate) depolymerase	mapped	native_locus_tag	2	PHB_PhaZ;PHV_PhaZ	
CCG_NS21_A4W93_20035	NS21	Rhizobacter gummiphilus NS21	CP015118.1	A4W93_20035	A4W93_20035	ARN22001.1		hypothetical protein	mapped	native_locus_tag	3	CYTBD;CYTBD2pp;CYTBDpp	
CCG_NS21_A4W93_20055	NS21	Rhizobacter gummiphilus NS21	CP015118.1	A4W93_20055	A4W93_20055	ARN22005.1		shikimate dehydrogenase	mapped	native_locus_tag	1	SHK3Dr	
CCG_NS21_A4W93_20065	NS21	Rhizobacter gummiphilus NS21	CP015118.1	A4W93_20065	A4W93_20065	ARN22007.1		hypothetical protein	mapped	native_locus_tag	2	DGAK;XYLI1	
CCG_NS21_A4W93_20090	NS21	Rhizobacter gummiphilus NS21	CP015118.1	A4W93_20090	A4W93_20090	ARN22012.1		hypothetical protein	mapped	native_locus_tag	1	ADNCYC	
CCG_NS21_A4W93_20095	NS21	Rhizobacter gummiphilus NS21	CP015118.1	A4W93_20095	A4W93_20095	ARN22013.1		hypothetical protein	mapped	native_locus_tag	3	ARBt2r;GALt2;XYLt2	
CCG_NS21_A4W93_20110	NS21	Rhizobacter gummiphilus NS21	CP015118.1	A4W93_20110	A4W93_20110	ARN22016.1		aspartate 4-decarboxylase	mapped	native_locus_tag	2	ASP4DC;ASPTA	
CCG_NS21_A4W93_20135	NS21	Rhizobacter gummiphilus NS21	CP015118.1	A4W93_20135	A4W93_20135	ARN22020.1		Fosmidomycin resistance protein	mapped	native_locus_tag	1	NO3t2pp	
CCG_NS21_A4W93_20160	NS21	Rhizobacter gummiphilus NS21	CP015118.1	A4W93_20160	A4W93_20160	ARN22025.1		hypothetical protein	mapped	native_locus_tag	1	DGUNC	
CCG_NS21_A4W93_20185	NS21	Rhizobacter gummiphilus NS21	CP015118.1	A4W93_20185	A4W93_20185	ARN22030.1		LysR family transcriptional regulator	mapped	native_locus_tag	1	MOBDabc	
CCG_NS21_A4W93_20190	NS21	Rhizobacter gummiphilus NS21	CP015118.1	A4W93_20190	A4W93_20190	ARN22031.1		CbbBc protein	mapped	native_locus_tag	1	FDH	
CCG_NS21_A4W93_20200	NS21	Rhizobacter gummiphilus NS21	CP015118.1	A4W93_20200	A4W93_20200	ARN22033.1		formate dehydrogenase accessory protein FdhD	mapped	native_locus_tag	1	FDH	
CCG_NS21_A4W93_20210	NS21	Rhizobacter gummiphilus NS21	CP015118.1	A4W93_20210	A4W93_20210	ARN22035.1		hypothetical protein	mapped	native_locus_tag	2	PHEME2abcpp;SHEME2abcpp	
CCG_NS21_A4W93_20235	NS21	Rhizobacter gummiphilus NS21	CP015118.1	A4W93_20235	A4W93_20235	ARN22039.1		argininosuccinate lyase	mapped	native_locus_tag	1	ARGSL	
CCG_NS21_A4W93_20240	NS21	Rhizobacter gummiphilus NS21	CP015118.1	A4W93_20240	A4W93_20240	ARN22040.1		hypothetical protein	mapped	native_locus_tag	6	ALKP;F1PP;F6PP;GNP;PGMT;R5PP	
CCG_NS21_A4W93_20265	NS21	Rhizobacter gummiphilus NS21	CP015118.1	A4W93_20265	A4W93_20265	ARN22045.1		ribonucleoside-diphosphate reductase	mapped	native_locus_tag	1	GTHOr	
CCG_NS21_A4W93_20460	NS21	Rhizobacter gummiphilus NS21	CP015118.1	A4W93_20460	A4W93_20460	ARN22080.1		methylglyoxal synthase	mapped	native_locus_tag	1	MGSA	
CCG_NS21_A4W93_20510	NS21	Rhizobacter gummiphilus NS21	CP015118.1	A4W93_20510	A4W93_20510	ARN22088.1		protease	mapped	native_locus_tag	1	NNAM	
CCG_NS21_A4W93_20530	NS21	Rhizobacter gummiphilus NS21	CP015118.1	A4W93_20530	A4W93_20530	ARN22092.1		homoserine kinase	mapped	native_locus_tag	1	HSK	
CCG_NS21_A4W93_20570	NS21	Rhizobacter gummiphilus NS21	CP015118.1	A4W93_20570	A4W93_20570	ARN22100.1		guanosine monophosphate reductase	mapped	native_locus_tag	1	GMPR	
CCG_NS21_A4W93_20585	NS21	Rhizobacter gummiphilus NS21	CP015118.1	A4W93_20585	A4W93_20585	ARN22103.1		phosphoglycerate dehydrogenase	mapped	native_locus_tag	1	PGCD	
CCG_NS21_A4W93_20590	NS21	Rhizobacter gummiphilus NS21	CP015118.1	A4W93_20590	A4W93_20590	ARN22104.1		UTP--glucose-1-phosphate uridylyltransferase	mapped	native_locus_tag	2	GALUi;GLGC	
CCG_NS21_A4W93_20600	NS21	Rhizobacter gummiphilus NS21	CP015118.1	A4W93_20600	A4W93_20600	ARN22106.1		ADP-ribose pyrophosphatase	mapped	native_locus_tag	2	DNADDP;NADDP	
CCG_NS21_A4W93_20605	NS21	Rhizobacter gummiphilus NS21	CP015118.1	A4W93_20605	A4W93_20605	ARN22107.1		cysteine synthase B	mapped	native_locus_tag	2	CYSS;SLCYSS	
CCG_NS21_A4W93_20665	NS21	Rhizobacter gummiphilus NS21	CP015118.1	A4W93_20665	A4W93_20665	ARN22117.1		hypothetical protein	mapped	native_locus_tag	1	CBPS	
CCG_NS21_A4W93_20685	NS21	Rhizobacter gummiphilus NS21	CP015118.1	A4W93_20685	A4W93_20685	ARN22121.1		3-isopropylmalate dehydrogenase	mapped	native_locus_tag	1	LYSDC	
CCG_NS21_A4W93_20690	NS21	Rhizobacter gummiphilus NS21	CP015118.1	A4W93_20690	A4W93_20690	ARN22122.1		arginase	mapped	native_locus_tag	4	AGMT;ARGN;ARGN_1;SDPTA	
CCG_NS21_A4W93_20790	NS21	Rhizobacter gummiphilus NS21	CP015118.1	A4W93_20790	A4W93_20790	ARN22140.1		hypothetical protein	mapped	native_locus_tag	2	Kt3pp;NH4t3pp	
CCG_NS21_A4W93_20825	NS21	Rhizobacter gummiphilus NS21	CP015118.1	A4W93_20825	A4W93_20825	ARN23986.1		glutathione-disulfide reductase	mapped	native_locus_tag	1	GTHOr	
CCG_NS21_A4W93_20840	NS21	Rhizobacter gummiphilus NS21	CP015118.1	A4W93_20840	A4W93_20840	ARN22149.1		dihydroneopterin triphosphate diphosphatase	mapped	native_locus_tag	2	DNTPPA;NTPP5	
CCG_NS21_A4W93_20910	NS21	Rhizobacter gummiphilus NS21	CP015118.1	A4W93_20910	A4W93_20910	ARN22162.1		sodium:solute symporter	mapped	native_locus_tag	2	NAt6;PNTOt4pp	
CCG_NS21_A4W93_20940	NS21	Rhizobacter gummiphilus NS21	CP015118.1	A4W93_20940	A4W93_20940	ARN22167.1		peptidoglycan-binding protein	mapped	native_locus_tag	6	AGM3PA;AGM3PApp;AGM4PA;AGM4PApp;AM3PA;AM4PA	
CCG_NS21_A4W93_20965	NS21	Rhizobacter gummiphilus NS21	CP015118.1	A4W93_20965	A4W93_20965	ARN22172.1		hypothetical protein	mapped	native_locus_tag	7	GALMAN4;GALMAN6;GLCMAN4;GLCMAN6;MANA1;MANA2;MANA3	
CCG_NS21_A4W93_20995	NS21	Rhizobacter gummiphilus NS21	CP015118.1	A4W93_20995	A4W93_20995	ARN22176.1		ubiquinone biosynthesis regulatory protein kinase UbiB	mapped	native_locus_tag	1	OPHHX	
CCG_NS21_A4W93_21005	NS21	Rhizobacter gummiphilus NS21	CP015118.1	A4W93_21005	A4W93_21005	ARN22178.1		UDP-glucose 4-epimerase	mapped	native_locus_tag	2	UAG4Ei;UDPG4E	
CCG_NS21_A4W93_21070	NS21	Rhizobacter gummiphilus NS21	CP015118.1	A4W93_21070	A4W93_21070	ARN22189.1		hypothetical protein	mapped	native_locus_tag	1	GLYCLTDx	
CCG_NS21_A4W93_21105	NS21	Rhizobacter gummiphilus NS21	CP015118.1	A4W93_21105	A4W93_21105	ARN22196.1		lactoylglutathione lyase	mapped	native_locus_tag	1	LGTHL	
CCG_NS21_A4W93_21125	NS21	Rhizobacter gummiphilus NS21	CP015118.1	A4W93_21125	A4W93_21125	ARN22198.1		sodium:proton antiporter	mapped	native_locus_tag	1	NAt3_2pp	
CCG_NS21_A4W93_21165	NS21	Rhizobacter gummiphilus NS21	CP015118.1	A4W93_21165	A4W93_21165	ARN22206.1		salicylaldehyde dehydrogenase	mapped	native_locus_tag	3	VNDH;VNDH_2;VNDH_3	
CCG_NS21_A4W93_21180	NS21	Rhizobacter gummiphilus NS21	CP015118.1	A4W93_21180	A4W93_21180	ARN22209.1		ABC transporter ATP-binding protein	mapped	native_locus_tag	5	ALAabc;ILEabc;LEUabc;THRabc;VALabc	
CCG_NS21_A4W93_21240	NS21	Rhizobacter gummiphilus NS21	CP015118.1	A4W93_21240	A4W93_21240	ARN22219.1		transporter	mapped	native_locus_tag	1	SKMt2pp	
CCG_NS21_A4W93_21330	NS21	Rhizobacter gummiphilus NS21	CP015118.1	A4W93_21330	A4W93_21330	ARN22235.1		hypothetical protein	mapped	native_locus_tag	1	UAG2EMA	
CCG_NS21_A4W93_21360	NS21	Rhizobacter gummiphilus NS21	CP015118.1	A4W93_21360	A4W93_21360	ARN22241.1		bifunctional demethylmenaquinone methyltransferase/2-methoxy-6-polyprenyl-1,4-benzoquinol methylase	mapped	native_locus_tag	3	AMMQLT8;AMMQT8;AMMQT8_2	
CCG_NS21_A4W93_21375	NS21	Rhizobacter gummiphilus NS21	CP015118.1	A4W93_21375	A4W93_21375	ARN22244.1		FAD-linked oxidase	mapped	native_locus_tag	1	GLYCTO1	
CCG_NS21_A4W93_21380	NS21	Rhizobacter gummiphilus NS21	CP015118.1	A4W93_21380	A4W93_21380	ARN22245.1		sn-glycerol-3-phosphate ABC transporter substrate-binding protein	mapped	native_locus_tag	7	G3PCabcpp;G3PEabcpp;G3PGabcpp;G3PIabcpp;G3PSabcpp;GLYC2Pabcpp;GLYC3Pabcpp	
CCG_NS21_A4W93_21385	NS21	Rhizobacter gummiphilus NS21	CP015118.1	A4W93_21385	A4W93_21385	ARN22246.1		glycerol-3-phosphate transporter permease	mapped	native_locus_tag	7	G3PCabcpp;G3PEabcpp;G3PGabcpp;G3PIabcpp;G3PSabcpp;GLYC2Pabcpp;GLYC3Pabcpp	
CCG_NS21_A4W93_21390	NS21	Rhizobacter gummiphilus NS21	CP015118.1	A4W93_21390	A4W93_21390	ARN22247.1		glycerol-3-phosphate transporter	mapped	native_locus_tag	7	G3PCabcpp;G3PEabcpp;G3PGabcpp;G3PIabcpp;G3PSabcpp;GLYC2Pabcpp;GLYC3Pabcpp	
CCG_NS21_A4W93_21395	NS21	Rhizobacter gummiphilus NS21	CP015118.1	A4W93_21395	A4W93_21395	ARN22248.1	ugpC	glycerol-3-phosphate transporter ATP-binding subunit	mapped	native_locus_tag	7	G3PCabcpp;G3PEabcpp;G3PGabcpp;G3PIabcpp;G3PSabcpp;GLYC2Pabcpp;GLYC3Pabcpp	
CCG_NS21_A4W93_21400	NS21	Rhizobacter gummiphilus NS21	CP015118.1	A4W93_21400	A4W93_21400	ARN22249.1	ugpQ	glycerophosphodiester phosphodiesterase	mapped	native_locus_tag	5	GPDDA1;GPDDA2;GPDDA3;GPDDA4;GPDDA5	
CCG_NS21_A4W93_21420	NS21	Rhizobacter gummiphilus NS21	CP015118.1	A4W93_21420	A4W93_21420	ARN22253.1		cobalt transporter	mapped	native_locus_tag	4	COBALTt5;FE2t;MGt5;r2465_1	
CCG_NS21_A4W93_21440	NS21	Rhizobacter gummiphilus NS21	CP015118.1	A4W93_21440	A4W93_21440	ARN23998.1		aspartate racemase	mapped	native_locus_tag	1	ASPR	
CCG_NS21_A4W93_21500	NS21	Rhizobacter gummiphilus NS21	CP015118.1	A4W93_21500	A4W93_21500	ARN22267.1		type I methionyl aminopeptidase	mapped	native_locus_tag	1	AMPTASECG	
CCG_NS21_A4W93_21785	NS21	Rhizobacter gummiphilus NS21	CP015118.1	A4W93_21785	A4W93_21785	ARN22319.1	argJ	bifunctional ornithine acetyltransferase/N-acetylglutamate synthase	mapped	native_locus_tag	3	ACGS;ACODA;ORNTAC	
CCG_NS21_A4W93_21795	NS21	Rhizobacter gummiphilus NS21	CP015118.1	A4W93_21795	A4W93_21795	ARN22321.1		peptidase M23	mapped	native_locus_tag	2	MLDEP1pp;MLDEP2pp	
CCG_NS21_A4W93_21815	NS21	Rhizobacter gummiphilus NS21	CP015118.1	A4W93_21815	A4W93_21815	ARN22324.1		glutathione S-transferase	mapped	native_locus_tag	1	MACACI	
CCG_NS21_A4W93_21820	NS21	Rhizobacter gummiphilus NS21	CP015118.1	A4W93_21820	A4W93_21820	ARN22325.1		cytochrome C	mapped	native_locus_tag	1	CYO1_KT	
CCG_NS21_A4W93_21825	NS21	Rhizobacter gummiphilus NS21	CP015118.1	A4W93_21825	A4W93_21825	ARN22326.1		cytochrome B	mapped	native_locus_tag	1	CYO1_KT	
CCG_NS21_A4W93_21830	NS21	Rhizobacter gummiphilus NS21	CP015118.1	A4W93_21830	A4W93_21830	ARN22327.1		ubiquinol-cytochrome c reductase iron-sulfur subunit	mapped	native_locus_tag	1	CYO1_KT	
CCG_NS21_A4W93_21845	NS21	Rhizobacter gummiphilus NS21	CP015118.1	A4W93_21845	A4W93_21845	ARN22330.1		4-hydroxythreonine-4-phosphate dehydrogenase PdxA	mapped	native_locus_tag	1	PDX5PS	
CCG_NS21_A4W93_21885	NS21	Rhizobacter gummiphilus NS21	CP015118.1	A4W93_21885	A4W93_21885	ARN22338.1		phosphoribosyl-ATP pyrophosphatase	mapped	native_locus_tag	1	PRATPP	
CCG_NS21_A4W93_21890	NS21	Rhizobacter gummiphilus NS21	CP015118.1	A4W93_21890	A4W93_21890	ARN22339.1	hisI	phosphoribosyl-AMP cyclohydrolase	mapped	native_locus_tag	2	PRAMPC;PRATPP	
CCG_NS21_A4W93_21895	NS21	Rhizobacter gummiphilus NS21	CP015118.1	A4W93_21895	A4W93_21895	ARN22340.1		7,8-dihydro-8-oxoguanine-triphosphatase	mapped	native_locus_tag	5	DNTPPA;NTPP1;NTPP2;NTPP3;NTPP4	
CCG_NS21_A4W93_21930	NS21	Rhizobacter gummiphilus NS21	CP015118.1	A4W93_21930	A4W93_21930	ARN22347.1		acetylglutamate kinase	mapped	native_locus_tag	1	ACGK	
CCG_NS21_A4W93_21960	NS21	Rhizobacter gummiphilus NS21	CP015118.1	A4W93_21960	A4W93_21960	ARN22353.1	purH	bifunctional phosphoribosylaminoimidazolecarboxamide formyltransferase/inosine monophosphate cyclohydrolase	mapped	native_locus_tag	2	AICART;IMPC	
CCG_NS21_A4W93_21995	NS21	Rhizobacter gummiphilus NS21	CP015118.1	A4W93_21995	A4W93_21995	ARN22360.1		peptidase M20	mapped	native_locus_tag	2	ACODA;SDPDS	
CCG_NS21_A4W93_22000	NS21	Rhizobacter gummiphilus NS21	CP015118.1	A4W93_22000	A4W93_22000	ARN22361.1		allantoate amidohydrolase	mapped	native_locus_tag	1	ALLTAMH	
CCG_NS21_A4W93_22005	NS21	Rhizobacter gummiphilus NS21	CP015118.1	A4W93_22005	A4W93_22005	ARN22362.1		allantoinase	mapped	native_locus_tag	1	ALLTN	
CCG_NS21_A4W93_22015	NS21	Rhizobacter gummiphilus NS21	CP015118.1	A4W93_22015	A4W93_22015	ARN22364.1		5-hydroxyisourate hydrolase	mapped	native_locus_tag	1	HIUH_c	
CCG_NS21_A4W93_22055	NS21	Rhizobacter gummiphilus NS21	CP015118.1	A4W93_22055	A4W93_22055	ARN22371.1		YggW family oxidoreductase	mapped	native_locus_tag	1	CPPPGO2	
CCG_NS21_A4W93_22060	NS21	Rhizobacter gummiphilus NS21	CP015118.1	A4W93_22060	A4W93_22060	ARN22372.1		non-canonical purine NTP pyrophosphatase	mapped	native_locus_tag	4	NTPP10;NTPP11;NTPP9;TDP	
CCG_NS21_A4W93_22065	NS21	Rhizobacter gummiphilus NS21	CP015118.1	A4W93_22065	A4W93_22065	ARN22373.1	rph	ribonuclease PH	mapped	native_locus_tag	1	NTP5	
CCG_NS21_A4W93_22085	NS21	Rhizobacter gummiphilus NS21	CP015118.1	A4W93_22085	A4W93_22085	ARN22377.1		guanylate kinase	mapped	native_locus_tag	2	DGK1;GK1	
CCG_NS21_A4W93_22095	NS21	Rhizobacter gummiphilus NS21	CP015118.1	A4W93_22095	A4W93_22095	ARN22379.1		guanosine-3',5'-bis(diphosphate) 3'-pyrophosphohydrolase	mapped	native_locus_tag	3	GDPDPK;GDPTPDP;PPGPPDP	
CCG_NS21_A4W93_22105	NS21	Rhizobacter gummiphilus NS21	CP015118.1	A4W93_22105	A4W93_22105	ARN22381.1		hypothetical protein	mapped	native_locus_tag	2	DGUNC;PDE4	
CCG_NS21_A4W93_22120	NS21	Rhizobacter gummiphilus NS21	CP015118.1	A4W93_22120	A4W93_22120	ARN22384.1		xylose isomerase	mapped	native_locus_tag	2	XYLI1;XYLI2	
CCG_NS21_A4W93_22125	NS21	Rhizobacter gummiphilus NS21	CP015118.1	A4W93_22125	A4W93_22125	ARN22385.1		xylulokinase	mapped	native_locus_tag	1	XYLK	
CCG_NS21_A4W93_22135	NS21	Rhizobacter gummiphilus NS21	CP015118.1	A4W93_22135	A4W93_22135	ARN22387.1		hypothetical protein	mapped	native_locus_tag	3	AMANK;HEX1;UAG2EMA	
CCG_NS21_A4W93_22140	NS21	Rhizobacter gummiphilus NS21	CP015118.1	A4W93_22140	A4W93_22140	ARN22388.1		sugar ABC transporter substrate-binding protein	mapped	native_locus_tag	3	GLCabc;MALTabc;RIBabc	
CCG_NS21_A4W93_22185	NS21	Rhizobacter gummiphilus NS21	CP015118.1	A4W93_22185	A4W93_22185	ARN22397.1		peptide-methionine (R)-S-oxide reductase	mapped	native_locus_tag	1	METSOXR2	
CCG_NS21_A4W93_22195	NS21	Rhizobacter gummiphilus NS21	CP015118.1	A4W93_22195	A4W93_22195	ARN22399.1		peptide-methionine (S)-S-oxide reductase	mapped	native_locus_tag	1	METSOXR1	
CCG_NS21_A4W93_22215	NS21	Rhizobacter gummiphilus NS21	CP015118.1	A4W93_22215	A4W93_22215	ARN22402.1	prpB	methylisocitrate lyase	mapped	native_locus_tag	1	MCITL2	
CCG_NS21_A4W93_22220	NS21	Rhizobacter gummiphilus NS21	CP015118.1	A4W93_22220	A4W93_22220	ARN22403.1		2-methylcitrate synthase	mapped	native_locus_tag	1	MCITS	
CCG_NS21_A4W93_22225	NS21	Rhizobacter gummiphilus NS21	CP015118.1	A4W93_22225	A4W93_22225	ARN22404.1		Fe/S-dependent 2-methylisocitrate dehydratase AcnD	mapped	native_locus_tag	2	ACONT;MICITDr	
CCG_NS21_A4W93_22230	NS21	Rhizobacter gummiphilus NS21	CP015118.1	A4W93_22230	A4W93_22230	ARN22405.1		3-methylitaconate isomerase	mapped	native_locus_tag	1	OMAIS	
CCG_NS21_A4W93_22260	NS21	Rhizobacter gummiphilus NS21	CP015118.1	A4W93_22260	A4W93_22260	ARN22410.1		hypothetical protein	mapped	native_locus_tag	1	SHCHCS3	
CCG_NS21_A4W93_22320	NS21	Rhizobacter gummiphilus NS21	CP015118.1	A4W93_22320	A4W93_22320	ARN22420.1		hypothetical protein	mapped	native_locus_tag	1	YUMPS	
CCG_NS21_A4W93_22335	NS21	Rhizobacter gummiphilus NS21	CP015118.1	A4W93_22335	A4W93_22335	ARN22423.1		isopropylmalate isomerase	mapped	native_locus_tag	2	IPPMIa;IPPMIb	
CCG_NS21_A4W93_22340	NS21	Rhizobacter gummiphilus NS21	CP015118.1	A4W93_22340	A4W93_22340	ARN22424.1		3-isopropylmalate dehydratase	mapped	native_locus_tag	2	IPPMIa;IPPMIb	
CCG_NS21_A4W93_22380	NS21	Rhizobacter gummiphilus NS21	CP015118.1	A4W93_22380	A4W93_22380	ARN22431.1		ABC transporter ATP-binding protein	mapped	native_locus_tag	13	5APTNabcpp;ALAabc;ALAabcpp;DALAabcpp;DVALabcpp;ILEabc;ILEabcpp;LEUabc;LEUabcpp;THRabc;THRabcpp;VALabc;VALabcpp	
CCG_NS21_A4W93_22385	NS21	Rhizobacter gummiphilus NS21	CP015118.1	A4W93_22385	A4W93_22385	ARN22432.1		ABC transporter ATP-binding protein	mapped	native_locus_tag	11	5APTNabcpp;ALAabc;ALAabcpp;ILEabc;ILEabcpp;LEUabc;LEUabcpp;THRabc;THRabcpp;VALabc;VALabcpp	
CCG_NS21_A4W93_22390	NS21	Rhizobacter gummiphilus NS21	CP015118.1	A4W93_22390	A4W93_22390	ARN22433.1		ABC transporter ATP-binding protein	mapped	native_locus_tag	8	5APTNabcpp;ALAabcpp;DALAabcpp;DVALabcpp;ILEabcpp;LEUabcpp;THRabcpp;VALabcpp	
CCG_NS21_A4W93_22395	NS21	Rhizobacter gummiphilus NS21	CP015118.1	A4W93_22395	A4W93_22395	ARN22434.1		ABC transporter permease	mapped	native_locus_tag	13	5APTNabcpp;ALAabc;ALAabcpp;DALAabcpp;DVALabcpp;ILEabc;ILEabcpp;LEUabc;LEUabcpp;THRabc;THRabcpp;VALabc;VALabcpp	
CCG_NS21_A4W93_22400	NS21	Rhizobacter gummiphilus NS21	CP015118.1	A4W93_22400	A4W93_22400	ARN22435.1		CDP-alcohol phosphatidyltransferase	mapped	native_locus_tag	1	CDPPT160	
CCG_NS21_A4W93_22405	NS21	Rhizobacter gummiphilus NS21	CP015118.1	A4W93_22405	A4W93_22405	ARN22436.1		hypothetical protein	mapped	native_locus_tag	9	LPLIPAL2A160;LPLIPAL2A161;LPLIPAL2A181;LPLIPAL2E160;LPLIPAL2E161;LPLIPAL2E181;LPLIPAL2G160;LPLIPAL2G161;LPLIPAL2G181	
CCG_NS21_A4W93_22420	NS21	Rhizobacter gummiphilus NS21	CP015118.1	A4W93_22420	A4W93_22420	ARN22439.1		acyl-phosphate glycerol 3-phosphate acyltransferase	mapped	native_locus_tag	2	AGPAT160;AGPAT181	
CCG_NS21_A4W93_22425	NS21	Rhizobacter gummiphilus NS21	CP015118.1	A4W93_22425	A4W93_22425	ARN22440.1		phosphatidate cytidylyltransferase	mapped	native_locus_tag	7	DASYN120;DASYN140;DASYN141;DASYN160;DASYN161;DASYN180;DASYN181	
CCG_NS21_A4W93_22450	NS21	Rhizobacter gummiphilus NS21	CP015118.1	A4W93_22450	A4W93_22450	ARN22443.1		thioredoxin-disulfide reductase	mapped	native_locus_tag	1	TRDR	
CCG_NS21_A4W93_22470	NS21	Rhizobacter gummiphilus NS21	CP015118.1	A4W93_22470	A4W93_22470	ARN22447.1		aminotransferase	mapped	native_locus_tag	2	DESATPE160;DESATPG160	
CCG_NS21_A4W93_22485	NS21	Rhizobacter gummiphilus NS21	CP015118.1	A4W93_22485	A4W93_22485	ARN22450.1		phosphoribosylglycinamide formyltransferase	mapped	native_locus_tag	1	GARFT	
CCG_NS21_A4W93_22685	NS21	Rhizobacter gummiphilus NS21	CP015118.1	A4W93_22685	A4W93_22685	ARN22488.1		efflux transporter periplasmic adaptor subunit	mapped	native_locus_tag	1	INDOLEt2pp	
CCG_NS21_A4W93_22690	NS21	Rhizobacter gummiphilus NS21	CP015118.1	A4W93_22690	A4W93_22690	ARN22489.1		aminoglycoside/multidrug transporter subunit AcrD	mapped	native_locus_tag	18	APCt5;APCt6;CMt2ex;CMtpp;DOXRBCNtpp;FUSAtpp;INDOLEt2pp;INDOLEt5;INDOLEt6;MXYLt5;MXYLt6;NOVBCNtpp;PXYLt5;PXYLt6;TOLt5;TOLt6;TTRCYCt5;TTRCYCtpp	
CCG_NS21_A4W93_22730	NS21	Rhizobacter gummiphilus NS21	CP015118.1	A4W93_22730	A4W93_22730	ARN22497.1		cobalamin biosynthesis protein CobW	mapped	native_locus_tag	1	NTP3	
CCG_NS21_A4W93_22815	NS21	Rhizobacter gummiphilus NS21	CP015118.1	A4W93_22815	A4W93_22815	ARN22512.1		3-hydroxyisobutyrate dehydrogenase	mapped	native_locus_tag	1	HIBDkt	
CCG_NS21_A4W93_22820	NS21	Rhizobacter gummiphilus NS21	CP015118.1	A4W93_22820	A4W93_22820	ARN22513.1		methylmalonate-semialdehyde dehydrogenase (acylating)	mapped	native_locus_tag	3	MMSAD3;MMTSAO;PPNDH2	
CCG_NS21_A4W93_22835	NS21	Rhizobacter gummiphilus NS21	CP015118.1	A4W93_22835	A4W93_22835	ARN22516.1		hypothetical protein	mapped	native_locus_tag	1	SPODM	
CCG_NS21_A4W93_22860	NS21	Rhizobacter gummiphilus NS21	CP015118.1	A4W93_22860	A4W93_22860	ARN22521.1		alkaline phosphatase	mapped	native_locus_tag	1	ALKP	
CCG_NS21_A4W93_22885	NS21	Rhizobacter gummiphilus NS21	CP015118.1	A4W93_22885	A4W93_22885	ARN22525.1		acyl-CoA dehydrogenase	mapped	native_locus_tag	40	ACOAD10f;ACOAD11f;ACOAD12f;ACOAD13f;ACOAD14f;ACOAD15f;ACOAD16f;ACOAD17f;ACOAD18f;ACOAD19f;ACOAD1f;ACOAD2;ACOAD20f;ACOAD21f;ACOAD22f;ACOAD23f;ACOAD24f;ACOAD25f;ACOAD26f;ACOAD27f;ACOAD28f;ACOAD29f;ACOAD2f;ACOAD3;ACOAD30f;ACOAD31f;ACOAD32f;ACOAD33f;ACOAD34f;ACOAD3f;ACOAD4;ACOAD4f;ACOAD5;ACOAD5f;ACOAD6;ACOAD6f;ACOAD7;ACOAD7f;ACOAD8f;VCOAD	
CCG_NS21_A4W93_22905	NS21	Rhizobacter gummiphilus NS21	CP015118.1	A4W93_22905	A4W93_22905	ARN22529.1		molybdate ABC transporter substrate-binding protein	mapped	native_locus_tag	3	MOBDabc;SULabc;TSULabc	
CCG_NS21_A4W93_22910	NS21	Rhizobacter gummiphilus NS21	CP015118.1	A4W93_22910	A4W93_22910	ARN22530.1		molybdenum ABC transporter permease subunit	mapped	native_locus_tag	3	MOBDabc;SULabc;TSULabc	
CCG_NS21_A4W93_22915	NS21	Rhizobacter gummiphilus NS21	CP015118.1	A4W93_22915	A4W93_22915	ARN22531.1		ABC transporter ATP-binding protein	mapped	native_locus_tag	16	4ABUTabcpp;GLYC3Pabc;MOBDabc;MOBDabc_rev;MOBDabcpp;PTRCabc;PTRCabcpp;SELabcpp;SELtpp;SLNTabcpp;SLNTtpp;SPMDabcpp;SULabc;SULabcpp;TSULabc;TSULabcpp	
CCG_NS21_A4W93_22920	NS21	Rhizobacter gummiphilus NS21	CP015118.1	A4W93_22920	A4W93_22920	ARN22532.1		molybdenum-dependent transcriptional regulator	mapped	native_locus_tag	3	MOBDabc;SULabc;TSULabc	
CCG_NS21_A4W93_22925	NS21	Rhizobacter gummiphilus NS21	CP015118.1	A4W93_22925	A4W93_22925	ARN22533.1		gamma-glutamyltransferase	mapped	native_locus_tag	2	GTHRDH_syn;GTMLT	
CCG_NS21_A4W93_22995	NS21	Rhizobacter gummiphilus NS21	CP015118.1	A4W93_22995	A4W93_22995	ARN22544.1	ispH	4-hydroxy-3-methylbut-2-enyl diphosphate reductase	mapped	native_locus_tag	2	DMPPS;IPDPS	
CCG_NS21_A4W93_23015	NS21	Rhizobacter gummiphilus NS21	CP015118.1	A4W93_23015	A4W93_23015	ARN22547.1		urease accessory protein ureD	mapped	native_locus_tag	1	UREA	
CCG_NS21_A4W93_23025	NS21	Rhizobacter gummiphilus NS21	CP015118.1	A4W93_23025	A4W93_23025	ARN22549.1		glutathione S-transferase	mapped	native_locus_tag	1	MACACI	
CCG_NS21_A4W93_23035	NS21	Rhizobacter gummiphilus NS21	CP015118.1	A4W93_23035	A4W93_23035	ARN22551.1		ABC transporter ATP-binding protein	mapped	native_locus_tag	1	UREAabcpp	
CCG_NS21_A4W93_23040	NS21	Rhizobacter gummiphilus NS21	CP015118.1	A4W93_23040	A4W93_23040	ARN22552.1		ABC transporter ATP-binding protein	mapped	native_locus_tag	1	UREAabcpp	
CCG_NS21_A4W93_23045	NS21	Rhizobacter gummiphilus NS21	CP015118.1	A4W93_23045	A4W93_23045	ARN24015.1		urea ABC transporter permease subunit UrtC	mapped	native_locus_tag	1	UREAabcpp	
CCG_NS21_A4W93_23050	NS21	Rhizobacter gummiphilus NS21	CP015118.1	A4W93_23050	A4W93_23050	ARN22553.1		urea ABC transporter permease subunit UrtB	mapped	native_locus_tag	1	UREAabcpp	
CCG_NS21_A4W93_23055	NS21	Rhizobacter gummiphilus NS21	CP015118.1	A4W93_23055	A4W93_23055	ARN22554.1		urea ABC transporter substrate-binding protein	mapped	native_locus_tag	1	UREAabcpp	
CCG_NS21_A4W93_23075	NS21	Rhizobacter gummiphilus NS21	CP015118.1	A4W93_23075	A4W93_23075	ARN22558.1		acyl-CoA dehydrogenase	mapped	native_locus_tag	5	ACOAD2f;ACOAD3f;ACOAD4f;ACOAD5f;ACOAD6f	
CCG_NS21_A4W93_23080	NS21	Rhizobacter gummiphilus NS21	CP015118.1	A4W93_23080	A4W93_23080	ARN22559.1		MFS transporter	mapped	native_locus_tag	2	GALURt2r;GLCURt2r	
CCG_NS21_A4W93_23115	NS21	Rhizobacter gummiphilus NS21	CP015118.1	A4W93_23115	A4W93_23115	ARN22565.1	ureA	urease subunit gamma	mapped	native_locus_tag	2	UREA;UREA_1	
CCG_NS21_A4W93_23125	NS21	Rhizobacter gummiphilus NS21	CP015118.1	A4W93_23125	A4W93_23125	ARN22567.1	ureB	urease subunit beta	mapped	native_locus_tag	2	UREA;UREA_1	
CCG_NS21_A4W93_23130	NS21	Rhizobacter gummiphilus NS21	CP015118.1	A4W93_23130	A4W93_23130	ARN22568.1	ureC	urease subunit alpha	mapped	native_locus_tag	2	UREA;UREA_1	
CCG_NS21_A4W93_23140	NS21	Rhizobacter gummiphilus NS21	CP015118.1	A4W93_23140	A4W93_23140	ARN22570.1		urease accessory protein UreE	mapped	native_locus_tag	1	UREA	
CCG_NS21_A4W93_23150	NS21	Rhizobacter gummiphilus NS21	CP015118.1	A4W93_23150	A4W93_23150	ARN24017.1		urease accessory protein UreF	mapped	native_locus_tag	1	UREA	
CCG_NS21_A4W93_23160	NS21	Rhizobacter gummiphilus NS21	CP015118.1	A4W93_23160	A4W93_23160	ARN22573.1		hypothetical protein	mapped	native_locus_tag	1	GALKr	
CCG_NS21_A4W93_23195	NS21	Rhizobacter gummiphilus NS21	CP015118.1	A4W93_23195	A4W93_23195	ARN22580.1		hypothetical protein	mapped	native_locus_tag	11	RECOAH10;RECOAH12;RECOAH13;RECOAH14;RECOAH15;RECOAH16;RECOAH19;RECOAH2;RECOAH3;RECOAH8;RECOAH9	
CCG_NS21_A4W93_23225	NS21	Rhizobacter gummiphilus NS21	CP015118.1	A4W93_23225	A4W93_23225	ARN22586.1		hypothetical protein	mapped	native_locus_tag	1	GLS2	
CCG_NS21_A4W93_23275	NS21	Rhizobacter gummiphilus NS21	CP015118.1	A4W93_23275	A4W93_23275	ARN22596.1		urease accessory protein UreG	mapped	native_locus_tag	2	UREA;UREA_1	
CCG_NS21_A4W93_23295	NS21	Rhizobacter gummiphilus NS21	CP015118.1	A4W93_23295	A4W93_23295	ARN22600.1		ribosomal large subunit pseudouridine synthase C	mapped	native_locus_tag	1	YUMPS	
CCG_NS21_A4W93_23305	NS21	Rhizobacter gummiphilus NS21	CP015118.1	A4W93_23305	A4W93_23305	ARN22602.1		beta-N-acetylhexosaminidase	mapped	native_locus_tag	3	AGM3PH;AGM4PH;AGMH	
CCG_NS21_A4W93_23310	NS21	Rhizobacter gummiphilus NS21	CP015118.1	A4W93_23310	A4W93_23310	ARN22603.1		holo-ACP synthase	mapped	native_locus_tag	1	ACPS1	
CCG_NS21_A4W93_23315	NS21	Rhizobacter gummiphilus NS21	CP015118.1	A4W93_23315	A4W93_23315	ARN22604.1		pyridoxine 5'-phosphate synthase	mapped	native_locus_tag	1	PDX5PS	
CCG_NS21_A4W93_23350	NS21	Rhizobacter gummiphilus NS21	CP015118.1	A4W93_23350	A4W93_23350	ARN22611.1		hypothetical protein	mapped	native_locus_tag	1	PEPA	
CCG_NS21_A4W93_23375	NS21	Rhizobacter gummiphilus NS21	CP015118.1	A4W93_23375	A4W93_23375	ARN22615.1		beta-ketoacyl-ACP synthase II	mapped	native_locus_tag	1	PYK	
CCG_NS21_A4W93_23380	NS21	Rhizobacter gummiphilus NS21	CP015118.1	A4W93_23380	A4W93_23380	ARN22616.1		acyl carrier protein	mapped	native_locus_tag	9	AACPS1;AACPS3;AACPS5;ACPPAT140;ACPPAT160;ACPPAT181;G3PAT160;G3PAT181;UAGAAT	
CCG_NS21_A4W93_23385	NS21	Rhizobacter gummiphilus NS21	CP015118.1	A4W93_23385	A4W93_23385	ARN22617.1	fabG	3-oxoacyl-[acyl-carrier-protein	mapped	native_locus_tag	1	3OAR40	
CCG_NS21_A4W93_23400	NS21	Rhizobacter gummiphilus NS21	CP015118.1	A4W93_23400	A4W93_23400	ARN22620.1		phosphate acyltransferase	mapped	native_locus_tag	3	ACPPAT140;ACPPAT160;ACPPAT181	
CCG_NS21_A4W93_23460	NS21	Rhizobacter gummiphilus NS21	CP015118.1	A4W93_23460	A4W93_23460	ARN24020.1	cpsB	mannose-1-phosphate guanylyltransferase/mannose-6-phosphate isomerase	mapped	native_locus_tag	3	MAN1PT;MAN1PT2;MAN6PI	
CCG_NS21_A4W93_23545	NS21	Rhizobacter gummiphilus NS21	CP015118.1	A4W93_23545	A4W93_23545	ARN22646.1		polysaccharide biosynthesis protein	mapped	native_locus_tag	1	UDPG4E	
CCG_NS21_A4W93_23590	NS21	Rhizobacter gummiphilus NS21	CP015118.1	A4W93_23590	A4W93_23590	ARN22654.1		serine acetyltransferase	mapped	native_locus_tag	2	THDPS;THPAT	
CCG_NS21_A4W93_23595	NS21	Rhizobacter gummiphilus NS21	CP015118.1	A4W93_23595	A4W93_23595	ARN22655.1		oxidoreductase	mapped	native_locus_tag	1	INOSR	
CCG_NS21_A4W93_23600	NS21	Rhizobacter gummiphilus NS21	CP015118.1	A4W93_23600	A4W93_23600	ARN22656.1		lysine--tRNA ligase	mapped	native_locus_tag	1	AP4AS	
CCG_NS21_A4W93_23635	NS21	Rhizobacter gummiphilus NS21	CP015118.1	A4W93_23635	A4W93_23635	ARN24023.1		2-octaprenyl-3-methyl-6-methoxy-1,4-benzoquinol hydroxylase	mapped	native_locus_tag	1	OPHHXy	
CCG_NS21_A4W93_23650	NS21	Rhizobacter gummiphilus NS21	CP015118.1	A4W93_23650	A4W93_23650	ARN22665.1	ychF	redox-regulated ATPase YchF	mapped	native_locus_tag	4	FE2Gabcpp;FE2abcpp;FE2t;FE2tex	
CCG_NS21_A4W93_23665	NS21	Rhizobacter gummiphilus NS21	CP015118.1	A4W93_23665	A4W93_23665	ARN22667.1		glycosyl hydrolase	mapped	native_locus_tag	4	BGLA;GLS2;XYLOS1;XYLOS2	
CCG_NS21_A4W93_23745	NS21	Rhizobacter gummiphilus NS21	CP015118.1	A4W93_23745	A4W93_23745	ARN22683.1		MFS transporter	mapped	native_locus_tag	1	CYTCAA3pp	
CCG_NS21_A4W93_23755	NS21	Rhizobacter gummiphilus NS21	CP015118.1	A4W93_23755	A4W93_23755	ARN24026.1		cytochrome C oxidase assembly protein	mapped	native_locus_tag	1	CYTCAA3pp	
CCG_NS21_A4W93_23760	NS21	Rhizobacter gummiphilus NS21	CP015118.1	A4W93_23760	A4W93_23760	ARN22684.1		cytochrome c oxidase subunit I	mapped	native_locus_tag	1	CYTCAA3pp	
CCG_NS21_A4W93_23765	NS21	Rhizobacter gummiphilus NS21	CP015118.1	A4W93_23765	A4W93_23765	ARN24027.1		cytochrome C oxidase subunit II	mapped	native_locus_tag	1	CYTCAA3pp	
CCG_NS21_A4W93_23780	NS21	Rhizobacter gummiphilus NS21	CP015118.1	A4W93_23780	A4W93_23780	ARN22685.1		hypothetical protein	mapped	native_locus_tag	2	ORPT;PRPPS	
CCG_NS21_A4W93_23795	NS21	Rhizobacter gummiphilus NS21	CP015118.1	A4W93_23795	A4W93_23795	ARN22688.1		glycerol-3-phosphate dehydrogenase	mapped	native_locus_tag	2	G3PD1ir;G3PD2	
CCG_NS21_A4W93_23805	NS21	Rhizobacter gummiphilus NS21	CP015118.1	A4W93_23805	A4W93_23805	ARN22690.1		glutaredoxin 3	mapped	native_locus_tag	8	ADSELR2;APSR2;GRXR;PAPSR2;RNDR1b;RNDR2b;RNDR3b;RNDR4b	
CCG_NS21_A4W93_23815	NS21	Rhizobacter gummiphilus NS21	CP015118.1	A4W93_23815	A4W93_23815	ARN22692.1	gpmA	phosphoglyceromutase	mapped	native_locus_tag	1	PGM	
CCG_NS21_A4W93_23820	NS21	Rhizobacter gummiphilus NS21	CP015118.1	A4W93_23820	A4W93_23820	ARN22693.1		thioredoxin reductase	mapped	native_locus_tag	2	NADHPO;TRDR	
CCG_NS21_A4W93_23860	NS21	Rhizobacter gummiphilus NS21	CP015118.1	A4W93_23860	A4W93_23860	ARN22699.1		lipase	mapped	native_locus_tag	12	DAGLIPA160ex;DAGLIPA180ex;DAGLIPA181d9ex;DAGLIPA182d9d12ex;MAGLIPA160ex;MAGLIPA180ex;MAGLIPA181d9ex;MAGLIPA182d9d12ex;TAGLIPA160ex;TAGLIPA180ex;TAGLIPA181d9ex;TAGLIPA182d9d12	
CCG_NS21_A4W93_23870	NS21	Rhizobacter gummiphilus NS21	CP015118.1	A4W93_23870	A4W93_23870	ARN22700.1		dihydroorotase	mapped	native_locus_tag	1	ASPCT	
CCG_NS21_A4W93_23875	NS21	Rhizobacter gummiphilus NS21	CP015118.1	A4W93_23875	A4W93_23875	ARN22701.1	pyrB	aspartate carbamoyltransferase catalytic subunit	mapped	native_locus_tag	1	ASPCT	
CCG_NS21_A4W93_23880	NS21	Rhizobacter gummiphilus NS21	CP015118.1	A4W93_23880	A4W93_23880	ARN22702.1		bifunctional pyr operon transcriptional regulator/uracil phosphoribosyltransferase	mapped	native_locus_tag	1	UPPRT	
CCG_NS21_A4W93_23995	NS21	Rhizobacter gummiphilus NS21	CP015118.1	A4W93_23995	A4W93_23995	ARN22725.1		hydroxymethylpyrimidine/phosphomethylpyrimidine kinase	mapped	native_locus_tag	2	HMPK1;PMPK	
CCG_NS21_A4W93_24000	NS21	Rhizobacter gummiphilus NS21	CP015118.1	A4W93_24000	A4W93_24000	ARN22726.1		glutamate-1-semialdehyde aminotransferase	mapped	native_locus_tag	1	G1SAT	
CCG_NS21_A4W93_24005	NS21	Rhizobacter gummiphilus NS21	CP015118.1	A4W93_24005	A4W93_24005	ARN22727.1		UDP-N-acetylmuramate:L-alanyl-gamma-D-glutamyl-meso-diaminopimelate ligase	mapped	native_locus_tag	3	UAMAS;UM3PL;UM4PL	
CCG_NS21_A4W93_24035	NS21	Rhizobacter gummiphilus NS21	CP015118.1	A4W93_24035	A4W93_24035	ARN22731.1	aroE	shikimate dehydrogenase	mapped	native_locus_tag	2	QUIDHy;SHK3Dr	
CCG_NS21_A4W93_24040	NS21	Rhizobacter gummiphilus NS21	CP015118.1	A4W93_24040	A4W93_24040	ARN22732.1		monofunctional biosynthetic peptidoglycan transglycosylase	mapped	native_locus_tag	2	MPTG;MPTG2	
CCG_NS21_A4W93_24055	NS21	Rhizobacter gummiphilus NS21	CP015118.1	A4W93_24055	A4W93_24055	ARN22735.1		3-dehydroquinate dehydratase	mapped	native_locus_tag	1	DHQTi	
CCG_NS21_A4W93_24060	NS21	Rhizobacter gummiphilus NS21	CP015118.1	A4W93_24060	A4W93_24060	ARN22736.1		acetyl-CoA carboxylase biotin carboxyl carrier protein subunit	mapped	native_locus_tag	1	ACCOAC	
CCG_NS21_A4W93_24065	NS21	Rhizobacter gummiphilus NS21	CP015118.1	A4W93_24065	A4W93_24065	ARN22737.1		acetyl-CoA carboxylase biotin carboxylase subunit	mapped	native_locus_tag	1	ACCOAC	
CCG_NS21_A4W93_24080	NS21	Rhizobacter gummiphilus NS21	CP015118.1	A4W93_24080	A4W93_24080	ARN22740.1		sugar kinase	mapped	native_locus_tag	3	ADNK1;ADNK3;ADNK4	
CCG_NS21_A4W93_24100	NS21	Rhizobacter gummiphilus NS21	CP015118.1	A4W93_24100	A4W93_24100	ARN22744.1		ribonucleotide-diphosphate reductase subunit beta	mapped	native_locus_tag	4	RNDR1;RNDR2;RNDR3;RNDR4	
CCG_NS21_A4W93_24105	NS21	Rhizobacter gummiphilus NS21	CP015118.1	A4W93_24105	A4W93_24105	ARN22745.1		ribonucleotide-diphosphate reductase subunit alpha	mapped	native_locus_tag	4	RNDR1;RNDR2;RNDR3;RNDR4	
CCG_NS21_A4W93_24110	NS21	Rhizobacter gummiphilus NS21	CP015118.1	A4W93_24110	A4W93_24110	ARN24035.1		anhydro-N-acetylmuramyl-tripeptide amidase	mapped	native_locus_tag	4	AGM3PA;AGM4PA;AM3PA;AM4PA	
CCG_NS21_A4W93_24190	NS21	Rhizobacter gummiphilus NS21	CP015118.1	A4W93_24190	A4W93_24190	ARN22759.1		chromate transporter	mapped	native_locus_tag	1	CRO4t3pp	
CCG_NS21_A4W93_24220	NS21	Rhizobacter gummiphilus NS21	CP015118.1	A4W93_24220	A4W93_24220	ARN22764.1		acetyl-CoA carboxylase biotin carboxyl carrier protein subunit	mapped	native_locus_tag	1	OAADCS	
CCG_NS21_A4W93_24230	NS21	Rhizobacter gummiphilus NS21	CP015118.1	A4W93_24230	A4W93_24230	ARN22766.1		hypothetical protein	mapped	native_locus_tag	2	ALPHNH;UREASE	
CCG_NS21_A4W93_24235	NS21	Rhizobacter gummiphilus NS21	CP015118.1	A4W93_24235	A4W93_24235	ARN22767.1		hypothetical protein	mapped	native_locus_tag	1	ALPHNH	
CCG_NS21_A4W93_24240	NS21	Rhizobacter gummiphilus NS21	CP015118.1	A4W93_24240	A4W93_24240	ARN22768.1		acetyl-CoA carboxylase biotin carboxylase subunit	mapped	native_locus_tag	3	ACCOAC;MCCC;PC	
CCG_NS21_A4W93_24265	NS21	Rhizobacter gummiphilus NS21	CP015118.1	A4W93_24265	A4W93_24265	ARN22773.1		enoyl-CoA hydratase	mapped	native_locus_tag	1	3HBCOAHL	
CCG_NS21_A4W93_24320	NS21	Rhizobacter gummiphilus NS21	CP015118.1	A4W93_24320	A4W93_24320	ARN22783.1		MFS transporter	mapped	native_locus_tag	1	OXFOt4pp	
CCG_NS21_A4W93_24325	NS21	Rhizobacter gummiphilus NS21	CP015118.1	A4W93_24325	A4W93_24325	ARN22784.1		ABC transporter permease	mapped	native_locus_tag	5	ALAabcpp;ILEabcpp;LEUabcpp;THRabcpp;VALabcpp	
CCG_NS21_A4W93_24390	NS21	Rhizobacter gummiphilus NS21	CP015118.1	A4W93_24390	A4W93_24390	ARN22795.1		glutamyl-tRNA reductase	mapped	native_locus_tag	1	GLUTRR	
CCG_NS21_A4W93_24400	NS21	Rhizobacter gummiphilus NS21	CP015118.1	A4W93_24400	A4W93_24400	ARN22797.1		protein-(glutamine-N5) methyltransferase, release factor-specific	mapped	native_locus_tag	1	PPPGO	
CCG_NS21_A4W93_24410	NS21	Rhizobacter gummiphilus NS21	CP015118.1	A4W93_24410	A4W93_24410	ARN22799.1		monothiol glutaredoxin, Grx4 family	mapped	native_locus_tag	7	GRXR;GTHPi;PAPSR2;RNDR1b;RNDR2b;RNDR3b;RNDR4b	
CCG_NS21_A4W93_24415	NS21	Rhizobacter gummiphilus NS21	CP015118.1	A4W93_24415	A4W93_24415	ARN22800.1		3-octaprenyl-4-hydroxybenzoate carboxy-lyase	mapped	native_locus_tag	1	OPHBDC	
CCG_NS21_A4W93_24430	NS21	Rhizobacter gummiphilus NS21	CP015118.1	A4W93_24430	A4W93_24430			RNA pyrophosphohydrolase	mapped	native_locus_tag	2	DNMPPA;DNTPPA	
CCG_NS21_A4W93_24435	NS21	Rhizobacter gummiphilus NS21	CP015118.1	A4W93_24435	A4W93_24435	ARN22803.1		glutamate 5-kinase	mapped	native_locus_tag	1	GLU5K	
CCG_NS21_A4W93_24455	NS21	Rhizobacter gummiphilus NS21	CP015118.1	A4W93_24455	A4W93_24455	ARN22807.1		octaprenyl diphosphate synthase	mapped	native_locus_tag	1	OCTDPS	
CCG_NS21_A4W93_24480	NS21	Rhizobacter gummiphilus NS21	CP015118.1	A4W93_24480	A4W93_24480	ARN22811.1		transposase	mapped	native_locus_tag	1	GLYBACT1r	
CCG_NS21_A4W93_24500	NS21	Rhizobacter gummiphilus NS21	CP015118.1	A4W93_24500	A4W93_24500	ARN24040.1		taurine dioxygenase	mapped	native_locus_tag	1	TAUDO	
CCG_NS21_A4W93_24510	NS21	Rhizobacter gummiphilus NS21	CP015118.1	A4W93_24510	A4W93_24510	ARN22816.1		alcohol dehydrogenase	mapped	native_locus_tag	1	NADPHQR2	
CCG_NS21_A4W93_24515	NS21	Rhizobacter gummiphilus NS21	CP015118.1	A4W93_24515	A4W93_24515	ARN22817.1		MFS transporter	mapped	native_locus_tag	2	GALURt2rpp;GLCURt2rpp	
CCG_NS21_A4W93_24535	NS21	Rhizobacter gummiphilus NS21	CP015118.1	A4W93_24535	A4W93_24535	ARN24041.1		acyl-CoA dehydrogenase	mapped	native_locus_tag	1	T2ECR	
CCG_NS21_A4W93_24555	NS21	Rhizobacter gummiphilus NS21	CP015118.1	A4W93_24555	A4W93_24555	ARN22824.1		dephospho-CoA kinase	mapped	native_locus_tag	1	DPCOAK	
CCG_NS21_A4W93_24590	NS21	Rhizobacter gummiphilus NS21	CP015118.1	A4W93_24590	A4W93_24590	ARN22831.1		cytidyltransferase	mapped	native_locus_tag	4	DNMPPA;DNTPPA;NMNAT;NNATr	
CCG_NS21_A4W93_24595	NS21	Rhizobacter gummiphilus NS21	CP015118.1	A4W93_24595	A4W93_24595	ARN22832.1		NAD+ synthase	mapped	native_locus_tag	1	NADS2	
CCG_NS21_A4W93_24600	NS21	Rhizobacter gummiphilus NS21	CP015118.1	A4W93_24600	A4W93_24600	ARN22833.1		nicotinate phosphoribosyltransferase	mapped	native_locus_tag	1	NAPRT	
CCG_NS21_A4W93_24625	NS21	Rhizobacter gummiphilus NS21	CP015118.1	A4W93_24625	A4W93_24625	ARN22838.1		bifunctional metallophosphatase/5'-nucleotidase	mapped	native_locus_tag	12	NMNHYD;NT5C;NTD10;NTD11;NTD2;NTD3;NTD4;NTD5;NTD6;NTD7;NTD8;NTD9	
CCG_NS21_A4W93_24640	NS21	Rhizobacter gummiphilus NS21	CP015118.1	A4W93_24640	A4W93_24640	ARN22841.1		magnesium transporter CorA	mapped	native_locus_tag	2	MGt2pp;MGt5	
CCG_NS21_A4W93_24655	NS21	Rhizobacter gummiphilus NS21	CP015118.1	A4W93_24655	A4W93_24655	ARN22844.1		aliphatic sulfonate ABC transporter substrate-binding protein	mapped	native_locus_tag	1	NO3abcpp	
CCG_NS21_A4W93_24660	NS21	Rhizobacter gummiphilus NS21	CP015118.1	A4W93_24660	A4W93_24660	ARN22845.1		nitrate transport permease nrtB	mapped	native_locus_tag	1	NO3abcpp	
CCG_NS21_A4W93_24680	NS21	Rhizobacter gummiphilus NS21	CP015118.1	A4W93_24680	A4W93_24680	ARN22848.1		urea carboxylase	mapped	native_locus_tag	2	ALPHNH;UREASE	
CCG_NS21_A4W93_24690	NS21	Rhizobacter gummiphilus NS21	CP015118.1	A4W93_24690	A4W93_24690	ARN22850.1		cysteine ABC transporter substrate-binding protein	mapped	native_locus_tag	2	CYSabcpp;DAPabcpp	
CCG_NS21_A4W93_24695	NS21	Rhizobacter gummiphilus NS21	CP015118.1	A4W93_24695	A4W93_24695	ARN22851.1		ABC transporter permease	mapped	native_locus_tag	1	CYSabcpp	
CCG_NS21_A4W93_24715	NS21	Rhizobacter gummiphilus NS21	CP015118.1	A4W93_24715	A4W93_24715	ARN22855.1		pyrimidine utilization transport protein G	mapped	native_locus_tag	1	URAt2pp	
CCG_NS21_A4W93_24760	NS21	Rhizobacter gummiphilus NS21	CP015118.1	A4W93_24760	A4W93_24760	ARN22864.1		NAD(P)H dehydrogenase	mapped	native_locus_tag	2	NADH5;NADPHQR2	
CCG_NS21_A4W93_24780	NS21	Rhizobacter gummiphilus NS21	CP015118.1	A4W93_24780	A4W93_24780	ARN22867.1		aldehyde dehydrogenase	mapped	native_locus_tag	13	4ABUTD;ABUTD;ALCD19;ALDD19xr;ALDD20x;ALDD20y;ALDD2x;ALDD2y;ALDD3y;GCALDD;GLYALDDr;LCADi;NABTNO	
CCG_NS21_A4W93_24800	NS21	Rhizobacter gummiphilus NS21	CP015118.1	A4W93_24800	A4W93_24800	ARN22869.1		threonine transporter	mapped	native_locus_tag	1	THRt2pp	
CCG_NS21_A4W93_24830	NS21	Rhizobacter gummiphilus NS21	CP015118.1	A4W93_24830	A4W93_24830	ARN22874.1		acyl-CoA dehydrogenase	mapped	native_locus_tag	2	GCDH;GLUTCOADHc	
CCG_NS21_A4W93_24835	NS21	Rhizobacter gummiphilus NS21	CP015118.1	A4W93_24835	A4W93_24835	ARN22875.1		acetyl-CoA acetyltransferase	mapped	native_locus_tag	1	ACACT1r	
CCG_NS21_A4W93_24850	NS21	Rhizobacter gummiphilus NS21	CP015118.1	A4W93_24850	A4W93_24850	ARN22878.1		hypothetical protein	mapped	native_locus_tag	1	INDOLEt2pp	
CCG_NS21_A4W93_24865	NS21	Rhizobacter gummiphilus NS21	CP015118.1	A4W93_24865	A4W93_24865	ARN22881.1		FMN reductase	mapped	native_locus_tag	1	FMNRx	
CCG_NS21_A4W93_24875	NS21	Rhizobacter gummiphilus NS21	CP015118.1	A4W93_24875	A4W93_24875	ARN22883.1		5-methyltetrahydropteroyltriglutamate--homocysteine methyltransferase	mapped	native_locus_tag	2	MCTC_1;METS	
CCG_NS21_A4W93_24885	NS21	Rhizobacter gummiphilus NS21	CP015118.1	A4W93_24885	A4W93_24885	ARN22885.1		aldo/keto reductase	mapped	native_locus_tag	1	ALR2	
CCG_NS21_A4W93_24940	NS21	Rhizobacter gummiphilus NS21	CP015118.1	A4W93_24940	A4W93_24940	ARN22895.1		cation transporter	mapped	native_locus_tag	4	CD2t5;CD2t6;ZN2t5;ZN2t6	
CCG_NS21_A4W93_24945	NS21	Rhizobacter gummiphilus NS21	CP015118.1	A4W93_24945	A4W93_24945	ARN22896.1		efflux transporter periplasmic adaptor subunit	mapped	native_locus_tag	4	CD2t5;CD2t6;ZN2t5;ZN2t6	
CCG_NS21_A4W93_24950	NS21	Rhizobacter gummiphilus NS21	CP015118.1	A4W93_24950	A4W93_24950	ARN22897.1		hypothetical protein	mapped	native_locus_tag	4	CD2t5;CD2t6;ZN2t5;ZN2t6	
CCG_NS21_A4W93_25090	NS21	Rhizobacter gummiphilus NS21	CP015118.1	A4W93_25090	A4W93_25090	ARN22923.1		trehalose-6-phosphate synthase	mapped	native_locus_tag	2	TRE6PP;TRE6PS	
CCG_NS21_A4W93_25095	NS21	Rhizobacter gummiphilus NS21	CP015118.1	A4W93_25095	A4W93_25095	ARN22924.1		trehalose-phosphatase	mapped	native_locus_tag	1	TRE6PP	
CCG_NS21_A4W93_25100	NS21	Rhizobacter gummiphilus NS21	CP015118.1	A4W93_25100	A4W93_25100	ARN22925.1		chloride channel protein	mapped	native_locus_tag	1	CLt3_2pp	
CCG_NS21_A4W93_25125	NS21	Rhizobacter gummiphilus NS21	CP015118.1	A4W93_25125	A4W93_25125	ARN22930.1		dehydratase	mapped	native_locus_tag	1	OXCOAHDH	
CCG_NS21_A4W93_25145	NS21	Rhizobacter gummiphilus NS21	CP015118.1	A4W93_25145	A4W93_25145	ARN22933.1		4-carboxymuconolactone decarboxylase	mapped	native_locus_tag	1	4CMLCL_kt	
CCG_NS21_A4W93_25150	NS21	Rhizobacter gummiphilus NS21	CP015118.1	A4W93_25150	A4W93_25150	ARN22934.1		LacI family transcriptional regulator	mapped	native_locus_tag	1	XYLabc	
CCG_NS21_A4W93_25165	NS21	Rhizobacter gummiphilus NS21	CP015118.1	A4W93_25165	A4W93_25165	ARN22937.1		ABC transporter ATP-binding protein	mapped	native_locus_tag	2	RIBabc;RIBabcpp	
CCG_NS21_A4W93_25175	NS21	Rhizobacter gummiphilus NS21	CP015118.1	A4W93_25175	A4W93_25175	ARN22939.1		ABC transporter substrate-binding protein	mapped	native_locus_tag	1	RIBabc	
CCG_NS21_A4W93_25185	NS21	Rhizobacter gummiphilus NS21	CP015118.1	A4W93_25185	A4W93_25185	ARN22941.1		FMN reductase	mapped	native_locus_tag	1	PYROX	
CCG_NS21_A4W93_25190	NS21	Rhizobacter gummiphilus NS21	CP015118.1	A4W93_25190	A4W93_25190	ARN22942.1		pyrimidine utilization protein D	mapped	native_locus_tag	1	3AMACHYD	
CCG_NS21_A4W93_25195	NS21	Rhizobacter gummiphilus NS21	CP015118.1	A4W93_25195	A4W93_25195	ARN22943.1		pyrimidine utilization protein C	mapped	native_locus_tag	1	POAACR	
CCG_NS21_A4W93_25200	NS21	Rhizobacter gummiphilus NS21	CP015118.1	A4W93_25200	A4W93_25200	ARN24049.1		pyrimidine utilization protein B	mapped	native_locus_tag	1	URACPAH	
CCG_NS21_A4W93_25205	NS21	Rhizobacter gummiphilus NS21	CP015118.1	A4W93_25205	A4W93_25205	ARN22944.1		pyrimidine utilization protein A	mapped	native_locus_tag	1	PYROX	
CCG_NS21_A4W93_25245	NS21	Rhizobacter gummiphilus NS21	CP015118.1	A4W93_25245	A4W93_25245	ARN22951.1		tricarboxylate transporter	mapped	native_locus_tag	3	ACONCt4pp;CITt4pp_1;ICITt4pp	
CCG_NS21_A4W93_25260	NS21	Rhizobacter gummiphilus NS21	CP015118.1	A4W93_25260	A4W93_25260	ARN24051.1		lytic transglycosylase	mapped	native_locus_tag	4	MLTGY1pp;MLTGY2pp;MLTGY3pp;MLTGY4pp	
CCG_NS21_A4W93_25325	NS21	Rhizobacter gummiphilus NS21	CP015118.1	A4W93_25325	A4W93_25325	ARN22965.1		MFS transporter	mapped	native_locus_tag	9	AKGt2rpp;CRNDt2rpp;CRNt2rpp;CTBTt2rpp;GLYBt2pp;PROt2r;PROt2rpp;QUINtpp;SKMt2pp	
CCG_NS21_A4W93_25375	NS21	Rhizobacter gummiphilus NS21	CP015118.1	A4W93_25375	A4W93_25375	ARN22975.1		3-methylcrotonyl-CoA carboxylase	mapped	native_locus_tag	1	MCCC	
CCG_NS21_A4W93_25385	NS21	Rhizobacter gummiphilus NS21	CP015118.1	A4W93_25385	A4W93_25385	ARN22977.1		enoyl-CoA hydratase	mapped	native_locus_tag	5	ECOAH12;ECOAH9ir;HMGL_2;HPHL;MGCH	
CCG_NS21_A4W93_25395	NS21	Rhizobacter gummiphilus NS21	CP015118.1	A4W93_25395	A4W93_25395	ARN22978.1		methylcrotonoyl-CoA carboxylase	mapped	native_locus_tag	1	MCCC	
CCG_NS21_A4W93_25405	NS21	Rhizobacter gummiphilus NS21	CP015118.1	A4W93_25405	A4W93_25405	ARN22980.1		bifunctional isocitrate dehydrogenase kinase/phosphatase	mapped	native_locus_tag	1	PMDPHT	
CCG_NS21_A4W93_25410	NS21	Rhizobacter gummiphilus NS21	CP015118.1	A4W93_25410	A4W93_25410	ARN22981.1		carbonic anhydrase	mapped	native_locus_tag	1	HCO3E	
CCG_NS21_A4W93_25415	NS21	Rhizobacter gummiphilus NS21	CP015118.1	A4W93_25415	A4W93_25415	ARN22982.1		isovaleryl-CoA dehydrogenase	mapped	native_locus_tag	1	MBCOAi	
CCG_NS21_A4W93_25425	NS21	Rhizobacter gummiphilus NS21	CP015118.1	A4W93_25425	A4W93_25425	ARN22984.1		iron ABC transporter permease	mapped	native_locus_tag	1	FE3abcpp	
CCG_NS21_A4W93_25430	NS21	Rhizobacter gummiphilus NS21	CP015118.1	A4W93_25430	A4W93_25430	ARN22985.1		ABC transporter	mapped	native_locus_tag	1	FE3abcpp	
CCG_NS21_A4W93_25480	NS21	Rhizobacter gummiphilus NS21	CP015118.1	A4W93_25480	A4W93_25480	ARN22993.1		hypothetical protein	mapped	native_locus_tag	1	NAt3_1	
CCG_NS21_A4W93_25500	NS21	Rhizobacter gummiphilus NS21	CP015118.1	A4W93_25500	A4W93_25500	ARN22997.1		acyl-CoA-binding protein	mapped	native_locus_tag	6	FAS100;FAS120;FAS140;FAS160;FAS180;FAS80_L	
CCG_NS21_A4W93_25505	NS21	Rhizobacter gummiphilus NS21	CP015118.1	A4W93_25505	A4W93_25505	ARN22998.1		ABC transporter permease	mapped	native_locus_tag	2	PTRCabcpp;SPMDabcpp	
CCG_NS21_A4W93_25510	NS21	Rhizobacter gummiphilus NS21	CP015118.1	A4W93_25510	A4W93_25510	ARN22999.1		ABC transporter permease	mapped	native_locus_tag	1	PTRCabcpp	
CCG_NS21_A4W93_25515	NS21	Rhizobacter gummiphilus NS21	CP015118.1	A4W93_25515	A4W93_25515	ARN23000.1		ABC transporter substrate-binding protein	mapped	native_locus_tag	1	PTRCabc	
CCG_NS21_A4W93_25520	NS21	Rhizobacter gummiphilus NS21	CP015118.1	A4W93_25520	A4W93_25520	ARN23001.1		Fe3+/spermidine/putrescine ABC transporter ATP-binding protein	mapped	native_locus_tag	5	FE3abc;PTRCabc;PTRCabcpp;SPMDabc;SPMDabcpp	
CCG_NS21_A4W93_25525	NS21	Rhizobacter gummiphilus NS21	CP015118.1	A4W93_25525	A4W93_25525	ARN23002.1		Asp/Glu/hydantoin racemase	mapped	native_locus_tag	1	URIC	
CCG_NS21_A4W93_25560	NS21	Rhizobacter gummiphilus NS21	CP015118.1	A4W93_25560	A4W93_25560	ARN23007.1		molybdopterin oxidoreductase	mapped	native_locus_tag	1	FDH	
CCG_NS21_A4W93_25565	NS21	Rhizobacter gummiphilus NS21	CP015118.1	A4W93_25565	A4W93_25565	ARN23008.1		amidohydrolase	mapped	native_locus_tag	1	ACODA	
CCG_NS21_A4W93_25600	NS21	Rhizobacter gummiphilus NS21	CP015118.1	A4W93_25600	A4W93_25600	ARN23012.1		acyl-phosphate glycerol 3-phosphate acyltransferase	mapped	native_locus_tag	2	AGPAT160;AGPAT181	
CCG_NS21_A4W93_25605	NS21	Rhizobacter gummiphilus NS21	CP015118.1	A4W93_25605	A4W93_25605	ARN23013.1		histidinol phosphate phosphatase	mapped	native_locus_tag	1	HISTP	
CCG_NS21_A4W93_25630	NS21	Rhizobacter gummiphilus NS21	CP015118.1	A4W93_25630	A4W93_25630	ARN24061.1		cobalamin biosynthesis protein CobW	mapped	native_locus_tag	1	NTP3	
CCG_NS21_A4W93_25660	NS21	Rhizobacter gummiphilus NS21	CP015118.1	A4W93_25660	A4W93_25660	ARN23022.1		type III pantothenate kinase	mapped	native_locus_tag	1	PNTK	
CCG_NS21_A4W93_25670	NS21	Rhizobacter gummiphilus NS21	CP015118.1	A4W93_25670	A4W93_25670	ARN23024.1		polyphosphate--nucleotide phosphotransferase	mapped	native_locus_tag	2	PPK;PPK2	
CCG_NS21_A4W93_25690	NS21	Rhizobacter gummiphilus NS21	CP015118.1	A4W93_25690	A4W93_25690	ARN23028.1		hypothetical protein	mapped	native_locus_tag	1	FNOR	
CCG_NS21_A4W93_25715	NS21	Rhizobacter gummiphilus NS21	CP015118.1	A4W93_25715	A4W93_25715	ARN23033.1		molecular chaperone	mapped	native_locus_tag	1	SPMDt3pp	
CCG_NS21_A4W93_25740	NS21	Rhizobacter gummiphilus NS21	CP015118.1	A4W93_25740	A4W93_25740			carbamoyl-phosphate synthase large subunit	mapped	native_locus_tag	2	ACCOAC;PPCOAC	
CCG_NS21_A4W93_25745	NS21	Rhizobacter gummiphilus NS21	CP015118.1	A4W93_25745	A4W93_25745	ARN23038.1		AMP nucleosidase	mapped	native_locus_tag	1	AMPN	
CCG_NS21_A4W93_25750	NS21	Rhizobacter gummiphilus NS21	CP015118.1	A4W93_25750	A4W93_25750	ARN23039.1		hypothetical protein	mapped	native_locus_tag	1	ACPS1	
CCG_NS21_A4W93_25755	NS21	Rhizobacter gummiphilus NS21	CP015118.1	A4W93_25755	A4W93_25755	ARN23040.1		beta-ketoacyl-ACP synthase II	mapped	native_locus_tag	5	KAS13;KAS17;KAS2;KAS7;KAS8	
CCG_NS21_A4W93_25760	NS21	Rhizobacter gummiphilus NS21	CP015118.1	A4W93_25760	A4W93_25760	ARN23041.1	fabG	3-oxoacyl-[acyl-carrier-protein	mapped	native_locus_tag	2	3HOXTPP;3OAR40	
CCG_NS21_A4W93_25800	NS21	Rhizobacter gummiphilus NS21	CP015118.1	A4W93_25800	A4W93_25800	ARN23049.1		MFS transporter	mapped	native_locus_tag	1	PYRt2	
CCG_NS21_A4W93_25820	NS21	Rhizobacter gummiphilus NS21	CP015118.1	A4W93_25820	A4W93_25820	ARN23053.1		4-hydroxybenzoyl-CoA thioesterase	mapped	native_locus_tag	1	DHNCOAT	
CCG_NS21_A4W93_25825	NS21	Rhizobacter gummiphilus NS21	CP015118.1	A4W93_25825	A4W93_25825	ARN23054.1		histidine ammonia-lyase	mapped	native_locus_tag	1	HISDr	
CCG_NS21_A4W93_25880	NS21	Rhizobacter gummiphilus NS21	CP015118.1	A4W93_25880	A4W93_25880	ARN23065.1		phosphoribosylglycinamide formyltransferase 2	mapped	native_locus_tag	3	FGFT;GARFT;GART	
CCG_NS21_A4W93_25930	NS21	Rhizobacter gummiphilus NS21	CP015118.1	A4W93_25930	A4W93_25930	ARN23075.1		long-chain fatty acid--CoA ligase	mapped	native_locus_tag	10	FACOAL100t2pp;FACOAL120t2pp;FACOAL140t2pp;FACOAL141t2pp;FACOAL160t2pp;FACOAL161t2pp;FACOAL180t2pp;FACOAL181t2pp;FACOAL60t2pp;FACOAL80t2pp	
CCG_NS21_A4W93_26010	NS21	Rhizobacter gummiphilus NS21	CP015118.1	A4W93_26010	A4W93_26010	ARN23076.1		phosphoenolpyruvate--protein phosphotransferase	mapped	native_locus_tag	29	ACGApts;ACGAptspp;ACMANApts;ACMANAptspp;ACMUMptspp;ARBTpts;ARBTptspp;CHTBSptspp;DHAPT;FRUpts;FRUpts2pp;FRUptspp;GALpts;GAMpts;GAMptspp;GLCpts;GLCptspp;MALTpts;MALTptspp;MANpts;MANptspp;MNLpts;MNLptspp;SBTpts;SBTptspp;SUCpts;SUCptspp;TREpts;TREptspp	
CCG_NS21_A4W93_26020	NS21	Rhizobacter gummiphilus NS21	CP015118.1	A4W93_26020	A4W93_26020	ARN23078.1		phosphocarrier protein HPr	mapped	native_locus_tag	13	ACGApts;ACMANApts;ARBTpts;FRUpts;GALpts;GAMpts;GLCpts;MALTpts;MANpts;MNLpts;SBTpts;SUCpts;TREpts	
CCG_NS21_A4W93_26025	NS21	Rhizobacter gummiphilus NS21	CP015118.1	A4W93_26025	A4W93_26025	ARN23079.1		PTS fructose transporter subunit IIA	mapped	native_locus_tag	5	ACMANAptspp;FRUpts2pp;GAMptspp;GLCptspp;MANptspp	
CCG_NS21_A4W93_26035	NS21	Rhizobacter gummiphilus NS21	CP015118.1	A4W93_26035	A4W93_26035	ARN23081.1		CoA-transferase	mapped	native_locus_tag	1	ACOXT	
CCG_NS21_A4W93_26050	NS21	Rhizobacter gummiphilus NS21	CP015118.1	A4W93_26050	A4W93_26050	ARN23084.1		thioredoxin	mapped	native_locus_tag	1	THIORDXi	
CCG_NS21_A4W93_26180	NS21	Rhizobacter gummiphilus NS21	CP015118.1	A4W93_26180	A4W93_26180	ARN23107.1		D-amino acid aminotransferase	mapped	native_locus_tag	1	ALATA_D	
CCG_NS21_A4W93_26185	NS21	Rhizobacter gummiphilus NS21	CP015118.1	A4W93_26185	A4W93_26185	ARN23108.1		peptidase	mapped	native_locus_tag	5	MDDCP1pp;MDDCP2pp;MDDCP3pp;MDDCP4pp;MDDCP5pp	
CCG_NS21_A4W93_26205	NS21	Rhizobacter gummiphilus NS21	CP015118.1	A4W93_26205	A4W93_26205	ARN23112.1		hypothetical protein	mapped	native_locus_tag	1	PPPGO	
CCG_NS21_A4W93_26210	NS21	Rhizobacter gummiphilus NS21	CP015118.1	A4W93_26210	A4W93_26210	ARN23113.1		delta-aminolevulinic acid dehydratase	mapped	native_locus_tag	1	PPBNGS	
CCG_NS21_A4W93_26215	NS21	Rhizobacter gummiphilus NS21	CP015118.1	A4W93_26215	A4W93_26215	ARN23114.1		magnesium transporter CorA	mapped	native_locus_tag	1	MG2tex	
CCG_NS21_A4W93_26280	NS21	Rhizobacter gummiphilus NS21	CP015118.1	A4W93_26280	A4W93_26280	ARN23126.1		glycerophosphodiester phosphodiesterase	mapped	native_locus_tag	2	GPDDA1;GPDDA2	
CCG_NS21_A4W93_26335	NS21	Rhizobacter gummiphilus NS21	CP015118.1	A4W93_26335	A4W93_26335	ARN23136.1		phosphatidylserine decarboxylase	mapped	native_locus_tag	3	PSD160;PSD161;PSD181	
CCG_NS21_A4W93_26340	NS21	Rhizobacter gummiphilus NS21	CP015118.1	A4W93_26340	A4W93_26340	ARN23137.1	aspA	aspartate ammonia-lyase	mapped	native_locus_tag	1	FUM	
CCG_NS21_A4W93_26360	NS21	Rhizobacter gummiphilus NS21	CP015118.1	A4W93_26360	A4W93_26360	ARN23141.1		hypothetical protein	mapped	native_locus_tag	1	FE3DCITtonex	
CCG_NS21_A4W93_26380	NS21	Rhizobacter gummiphilus NS21	CP015118.1	A4W93_26380	A4W93_26380	ARN23145.1		phosphoglycerate mutase	mapped	native_locus_tag	1	PGM	
CCG_NS21_A4W93_26400	NS21	Rhizobacter gummiphilus NS21	CP015118.1	A4W93_26400	A4W93_26400	ARN23149.1		phosphohydrolase	mapped	native_locus_tag	1	CDGUNPD	
CCG_NS21_A4W93_26405	NS21	Rhizobacter gummiphilus NS21	CP015118.1	A4W93_26405	A4W93_26405	ARN23150.1		beta-ketoadipyl CoA thiolase	mapped	native_locus_tag	3	3OXCOAT;ACACT1r;OXDHCOAT	
CCG_NS21_A4W93_26420	NS21	Rhizobacter gummiphilus NS21	CP015118.1	A4W93_26420	A4W93_26420	ARN23153.1		transporter	mapped	native_locus_tag	1	IND3ACtpp	
CCG_NS21_A4W93_26450	NS21	Rhizobacter gummiphilus NS21	CP015118.1	A4W93_26450	A4W93_26450	ARN23158.1		type I glyceraldehyde-3-phosphate dehydrogenase	mapped	native_locus_tag	6	E4PD;GAPD;NADHHR;NADHHS;NADPHHR;NADPHHS	
CCG_NS21_A4W93_26455	NS21	Rhizobacter gummiphilus NS21	CP015118.1	A4W93_26455	A4W93_26455	ARN23159.1		transketolase	mapped	native_locus_tag	2	TKT1;TKT2	
CCG_NS21_A4W93_26465	NS21	Rhizobacter gummiphilus NS21	CP015118.1	A4W93_26465	A4W93_26465	ARN23161.1		S-adenosylmethionine decarboxylase proenzyme	mapped	native_locus_tag	1	ADMDC	
CCG_NS21_A4W93_26470	NS21	Rhizobacter gummiphilus NS21	CP015118.1	A4W93_26470	A4W93_26470	ARN23162.1		mannose-1-phosphate guanylyltransferase	mapped	native_locus_tag	1	MAN1PT2	
CCG_NS21_A4W93_26480	NS21	Rhizobacter gummiphilus NS21	CP015118.1	A4W93_26480	A4W93_26480	ARN23164.1		Xaa-Pro aminopeptidase	mapped	native_locus_tag	10	AMPEP1;AMPEP10;AMPEP11;AMPEP13;AMPEP14;AMPEP15;AMPEP18;AMPEP5;AMPEP8;AMPTASECG	
CCG_NS21_A4W93_26490	NS21	Rhizobacter gummiphilus NS21	CP015118.1	A4W93_26490	A4W93_26490	ARN23166.1		spermidine synthase	mapped	native_locus_tag	1	SPMS	
CCG_NS21_A4W93_26565	NS21	Rhizobacter gummiphilus NS21	CP015118.1	A4W93_26565	A4W93_26565	ARN23179.1		glutathione peroxidase	mapped	native_locus_tag	1	GTHPi	
CCG_NS21_A4W93_26600	NS21	Rhizobacter gummiphilus NS21	CP015118.1	A4W93_26600	A4W93_26600	ARN23186.1		magnesium transporter CorA	mapped	native_locus_tag	3	COBALT2tpp;MG2tpp;NI2tpp	
CCG_NS21_A4W93_26610	NS21	Rhizobacter gummiphilus NS21	CP015118.1	A4W93_26610	A4W93_26610	ARN23188.1		PTS sugar transporter subunit IIA	mapped	native_locus_tag	2	FRUpts;FRUpts2	
CCG_NS21_A4W93_26615	NS21	Rhizobacter gummiphilus NS21	CP015118.1	A4W93_26615	A4W93_26615	ARN23189.1		HPr kinase/phosphorylase	mapped	native_locus_tag	1	AMANK_1	
CCG_NS21_A4W93_26630	NS21	Rhizobacter gummiphilus NS21	CP015118.1	A4W93_26630	A4W93_26630	ARN23191.1		4-hydroxy-tetrahydrodipicolinate reductase	mapped	native_locus_tag	2	DHDPRx_r;DHDPRy	
CCG_NS21_A4W93_26640	NS21	Rhizobacter gummiphilus NS21	CP015118.1	A4W93_26640	A4W93_26640	ARN23193.1		biopolymer transporter ExbD	mapped	native_locus_tag	5	CU2tonex;FE3DCITtonex;FEENTERtonex;PHEMEtonex;SHEMEtonex	
CCG_NS21_A4W93_26675	NS21	Rhizobacter gummiphilus NS21	CP015118.1	A4W93_26675	A4W93_26675	ARN23200.1		hypothetical protein	mapped	native_locus_tag	1	TMPPP	
CCG_NS21_A4W93_26680	NS21	Rhizobacter gummiphilus NS21	CP015118.1	A4W93_26680	A4W93_26680	ARN23201.1		thiazole synthase	mapped	native_locus_tag	2	GOX;THZPSN	
CCG_NS21_A4W93_26685	NS21	Rhizobacter gummiphilus NS21	CP015118.1	A4W93_26685	A4W93_26685	ARN23202.1		thiamine biosynthesis protein ThiS	mapped	native_locus_tag	1	THZPSN	
CCG_NS21_A4W93_26695	NS21	Rhizobacter gummiphilus NS21	CP015118.1	A4W93_26695	A4W93_26695	ARN23204.1		phosphomethylpyrimidine synthase ThiC	mapped	native_locus_tag	2	AHMMPS_1;AMPMS2	
CCG_NS21_A4W93_26735	NS21	Rhizobacter gummiphilus NS21	CP015118.1	A4W93_26735	A4W93_26735	ARN23212.1		damage-inducible protein CinA	mapped	native_locus_tag	1	NMNDA	
CCG_NS21_A4W93_26740	NS21	Rhizobacter gummiphilus NS21	CP015118.1	A4W93_26740	A4W93_26740	ARN23213.1		phosphatidylglycerophosphatase A	mapped	native_locus_tag	14	PGPP120;PGPP120pp;PGPP140;PGPP140pp;PGPP141;PGPP141pp;PGPP160;PGPP160pp;PGPP161;PGPP161pp;PGPP180;PGPP180pp;PGPP181;PGPP181pp	
CCG_NS21_A4W93_26745	NS21	Rhizobacter gummiphilus NS21	CP015118.1	A4W93_26745	A4W93_26745	ARN23214.1		thiamine-phosphate kinase	mapped	native_locus_tag	2	THZPSN;TMPK	
CCG_NS21_A4W93_26760	NS21	Rhizobacter gummiphilus NS21	CP015118.1	A4W93_26760	A4W93_26760	ARN23217.1		malate dehydrogenase	mapped	native_locus_tag	4	ME1;ME2;PTA2;PTAr	
CCG_NS21_A4W93_26815	NS21	Rhizobacter gummiphilus NS21	CP015118.1	A4W93_26815	A4W93_26815			multidrug ABC transporter ATP-binding protein	mapped	native_locus_tag	2	CMCBTFL;CMCBTFU	
CCG_NS21_A4W93_26835	NS21	Rhizobacter gummiphilus NS21	CP015118.1	A4W93_26835	A4W93_26835	ARN24073.1		transporter	mapped	native_locus_tag	1	FALDtpp2	
CCG_NS21_A4W93_26845	NS21	Rhizobacter gummiphilus NS21	CP015118.1	A4W93_26845	A4W93_26845	ARN23229.1	nadE	NAD(+) synthetase	mapped	native_locus_tag	2	NADS1;NADS2	
CCG_NS21_A4W93_26855	NS21	Rhizobacter gummiphilus NS21	CP015118.1	A4W93_26855	A4W93_26855	ARN23231.1		AMP-dependent synthetase	mapped	native_locus_tag	4	FACOAL40It2pp;FACOAL40t2pp;FACOAL50It2pp;FACOAL50t2pp	
CCG_NS21_A4W93_26860	NS21	Rhizobacter gummiphilus NS21	CP015118.1	A4W93_26860	A4W93_26860	ARN23232.1		asparagine synthetase B	mapped	native_locus_tag	1	ASNS1	
CCG_NS21_A4W93_26880	NS21	Rhizobacter gummiphilus NS21	CP015118.1	A4W93_26880	A4W93_26880	ARN23236.1		aldehyde dehydrogenase	mapped	native_locus_tag	7	4ABUTD;ABUTD;ALDD2x;ALDD31;GCALDD;GLYALDDr;SSALy	
CCG_NS21_A4W93_26890	NS21	Rhizobacter gummiphilus NS21	CP015118.1	A4W93_26890	A4W93_26890	ARN23238.1		NAD(P)H-dependent oxidoreductase	mapped	native_locus_tag	2	DHMPTRx;TNTR1x	
CCG_NS21_A4W93_26895	NS21	Rhizobacter gummiphilus NS21	CP015118.1	A4W93_26895	A4W93_26895	ARN23239.1		hypothetical protein	mapped	native_locus_tag	1	LPLIPAL2E160	
CCG_NS21_A4W93_26905	NS21	Rhizobacter gummiphilus NS21	CP015118.1	A4W93_26905	A4W93_26905	ARN23241.1		methionine biosynthesis protein MetW	mapped	native_locus_tag	1	HSERTA	
CCG_NS21_A4W93_26910	NS21	Rhizobacter gummiphilus NS21	CP015118.1	A4W93_26910	A4W93_26910	ARN23242.1	metX	homoserine O-acetyltransferase	mapped	native_locus_tag	1	HSERTA	
CCG_NS21_A4W93_26930	NS21	Rhizobacter gummiphilus NS21	CP015118.1	A4W93_26930	A4W93_26930	ARN23245.1		ABC transporter ATP-binding protein	mapped	native_locus_tag	1	NAabc	
CCG_NS21_A4W93_26945	NS21	Rhizobacter gummiphilus NS21	CP015118.1	A4W93_26945	A4W93_26945			hypothetical protein	mapped	native_locus_tag	4	BGLA;GLS2;XYLOS1;XYLOS2	
CCG_NS21_A4W93_26965	NS21	Rhizobacter gummiphilus NS21	CP015118.1	A4W93_26965	A4W93_26965	ARN23251.1		urea ABC transporter substrate-binding protein	mapped	native_locus_tag	1	UREAabcpp	
CCG_NS21_A4W93_26975	NS21	Rhizobacter gummiphilus NS21	CP015118.1	A4W93_26975	A4W93_26975	ARN23253.1		urea ABC transporter permease subunit UrtC	mapped	native_locus_tag	1	UREAabcpp	
CCG_NS21_A4W93_26980	NS21	Rhizobacter gummiphilus NS21	CP015118.1	A4W93_26980	A4W93_26980	ARN23254.1		ABC transporter ATP-binding protein	mapped	native_locus_tag	1	UREAabcpp	
CCG_NS21_A4W93_26985	NS21	Rhizobacter gummiphilus NS21	CP015118.1	A4W93_26985	A4W93_26985	ARN23255.1		ABC transporter ATP-binding protein	mapped	native_locus_tag	1	UREAabcpp	
CCG_NS21_A4W93_26990	NS21	Rhizobacter gummiphilus NS21	CP015118.1	A4W93_26990	A4W93_26990	ARN23256.1		formamidase	mapped	native_locus_tag	1	FORAMD	
CCG_NS21_A4W93_27000	NS21	Rhizobacter gummiphilus NS21	CP015118.1	A4W93_27000	A4W93_27000	ARN23258.1		cyanate hydratase	mapped	native_locus_tag	2	CYNTAH;CYNTAH_1	
CCG_NS21_A4W93_27085	NS21	Rhizobacter gummiphilus NS21	CP015118.1	A4W93_27085	A4W93_27085	ARN23274.1		gamma-glutamyl-phosphate reductase	mapped	native_locus_tag	1	G5SD	
CCG_NS21_A4W93_27110	NS21	Rhizobacter gummiphilus NS21	CP015118.1	A4W93_27110	A4W93_27110	ARN23279.1		GTP cyclohydrolase	mapped	native_locus_tag	1	GTPCI	
CCG_NS21_A4W93_27175	NS21	Rhizobacter gummiphilus NS21	CP015118.1	A4W93_27175	A4W93_27175	ARN23290.1		hypothetical protein	mapped	native_locus_tag	1	TRE6PP	
CCG_NS21_A4W93_27180	NS21	Rhizobacter gummiphilus NS21	CP015118.1	A4W93_27180	A4W93_27180	ARN23291.1		hydroxypyruvate reductase	mapped	native_locus_tag	2	GLYCLTDy;HPYRRy	
CCG_NS21_A4W93_27185	NS21	Rhizobacter gummiphilus NS21	CP015118.1	A4W93_27185	A4W93_27185	ARN23292.1		hypothetical protein	mapped	native_locus_tag	2	GALURt2rpp;GLCURt2rpp	
CCG_NS21_A4W93_27195	NS21	Rhizobacter gummiphilus NS21	CP015118.1	A4W93_27195	A4W93_27195	ARN23294.1		C4-dicarboxylate ABC transporter	mapped	native_locus_tag	2	GALURt2rpp;GLCURt2rpp	
CCG_NS21_A4W93_27205	NS21	Rhizobacter gummiphilus NS21	CP015118.1	A4W93_27205	A4W93_27205	ARN23296.1		NAD-dependent dehydratase	mapped	native_locus_tag	2	GALURDH;GLCURDH	
CCG_NS21_A4W93_27220	NS21	Rhizobacter gummiphilus NS21	CP015118.1	A4W93_27220	A4W93_27220	ARN23299.1		2-dehydro-3-deoxyglucarate aldolase	mapped	native_locus_tag	1	GLCRAL	
CCG_NS21_A4W93_27225	NS21	Rhizobacter gummiphilus NS21	CP015118.1	A4W93_27225	A4W93_27225	ARN23300.1		2-hydroxy-3-oxopropionate reductase	mapped	native_locus_tag	1	TRSARr	
CCG_NS21_A4W93_27230	NS21	Rhizobacter gummiphilus NS21	CP015118.1	A4W93_27230	A4W93_27230	ARN23301.1		sodium:proton antiporter	mapped	native_locus_tag	1	Kt3pp	
CCG_NS21_A4W93_27260	NS21	Rhizobacter gummiphilus NS21	CP015118.1	A4W93_27260	A4W93_27260	ARN23307.1		signal peptide peptidase SppA	mapped	native_locus_tag	2	MLDEP1pp;MLDEP2pp	
CCG_NS21_A4W93_27265	NS21	Rhizobacter gummiphilus NS21	CP015118.1	A4W93_27265	A4W93_27265	ARN23308.1		catalase	mapped	native_locus_tag	1	CATpp	
CCG_NS21_A4W93_27270	NS21	Rhizobacter gummiphilus NS21	CP015118.1	A4W93_27270	A4W93_27270	ARN23309.1		hydroperoxidase	mapped	native_locus_tag	1	CAT	
CCG_NS21_A4W93_27275	NS21	Rhizobacter gummiphilus NS21	CP015118.1	A4W93_27275	A4W93_27275	ARN23310.1		hypothetical protein	mapped	native_locus_tag	1	DGUNC	
CCG_NS21_A4W93_27305	NS21	Rhizobacter gummiphilus NS21	CP015118.1	A4W93_27305	A4W93_27305	ARN23315.1		uroporphyrinogen decarboxylase	mapped	native_locus_tag	1	UPPDC1	
CCG_NS21_A4W93_27310	NS21	Rhizobacter gummiphilus NS21	CP015118.1	A4W93_27310	A4W93_27310	ARN23316.1		cysteine synthase A	mapped	native_locus_tag	5	ACSERHS;AHSERL4;CYSS;CYSS_2;SLCYSS	
CCG_NS21_A4W93_27455	NS21	Rhizobacter gummiphilus NS21	CP015118.1	A4W93_27455	A4W93_27455	ARN23340.1		F0F1 ATP synthase subunit epsilon	mapped	native_locus_tag	1	ATPS4rpp	
CCG_NS21_A4W93_27460	NS21	Rhizobacter gummiphilus NS21	CP015118.1	A4W93_27460	A4W93_27460	ARN23341.1		F0F1 ATP synthase subunit beta	mapped	native_locus_tag	1	ATPS4rpp	
CCG_NS21_A4W93_27465	NS21	Rhizobacter gummiphilus NS21	CP015118.1	A4W93_27465	A4W93_27465	ARN23342.1		F0F1 ATP synthase subunit gamma	mapped	native_locus_tag	1	ATPS4rpp	
CCG_NS21_A4W93_27470	NS21	Rhizobacter gummiphilus NS21	CP015118.1	A4W93_27470	A4W93_27470	ARN23343.1		F0F1 ATP synthase subunit alpha	mapped	native_locus_tag	1	ATPS4rpp	
CCG_NS21_A4W93_27475	NS21	Rhizobacter gummiphilus NS21	CP015118.1	A4W93_27475	A4W93_27475	ARN23344.1		F0F1 ATP synthase subunit delta	mapped	native_locus_tag	1	ATPS4rpp	
CCG_NS21_A4W93_27480	NS21	Rhizobacter gummiphilus NS21	CP015118.1	A4W93_27480	A4W93_27480	ARN23345.1		F0F1 ATP synthase subunit B	mapped	native_locus_tag	1	ATPS4rpp	
CCG_NS21_A4W93_27485	NS21	Rhizobacter gummiphilus NS21	CP015118.1	A4W93_27485	A4W93_27485	ARN23346.1		F0F1 ATP synthase subunit C	mapped	native_locus_tag	1	ATPS4rpp	
CCG_NS21_A4W93_27490	NS21	Rhizobacter gummiphilus NS21	CP015118.1	A4W93_27490	A4W93_27490	ARN23347.1		F0F1 ATP synthase subunit A	mapped	native_locus_tag	1	ATPS4rpp	
CCG_NS21_A4W93_27530	NS21	Rhizobacter gummiphilus NS21	CP015118.1	A4W93_27530	A4W93_27530	ARN23355.1		2-aminoadipate aminotransferase	mapped	native_locus_tag	1	VPAMTr	
CCG_NS21_A4W93_27535	NS21	Rhizobacter gummiphilus NS21	CP015118.1	A4W93_27535	A4W93_27535	ARN23356.1		GntR family transcriptional regulator	mapped	native_locus_tag	1	AATA	
CCG_NS21_A4W93_27545	NS21	Rhizobacter gummiphilus NS21	CP015118.1	A4W93_27545	A4W93_27545	ARN23358.1		ABC transporter ATP-binding protein	mapped	native_locus_tag	4	CUabcpp;MNabc_1;ZNabc;ZNabcpp	
CCG_NS21_A4W93_27550	NS21	Rhizobacter gummiphilus NS21	CP015118.1	A4W93_27550	A4W93_27550	ARN23359.1		glutathione synthase	mapped	native_locus_tag	1	GTHS	
CCG_NS21_A4W93_27555	NS21	Rhizobacter gummiphilus NS21	CP015118.1	A4W93_27555	A4W93_27555	ARN23360.1		potassium transporter Kup	mapped	native_locus_tag	1	Kt2pp	
CCG_NS21_A4W93_27565	NS21	Rhizobacter gummiphilus NS21	CP015118.1	A4W93_27565	A4W93_27565	ARN24082.1		ammonia channel protein	mapped	native_locus_tag	1	NH4tpp	
CCG_NS21_A4W93_27645	NS21	Rhizobacter gummiphilus NS21	CP015118.1	A4W93_27645	A4W93_27645			ketoreductase	mapped	native_locus_tag	2	ALR2;BTS	
CCG_NS21_A4W93_27690	NS21	Rhizobacter gummiphilus NS21	CP015118.1	A4W93_27690	A4W93_27690	ARN23380.1		NmrA family transcriptional regulator	mapped	native_locus_tag	1	UDPG4E	
CCG_NS21_A4W93_27715	NS21	Rhizobacter gummiphilus NS21	CP015118.1	A4W93_27715	A4W93_27715	ARN23385.1		chloroperoxidase	mapped	native_locus_tag	1	ACTD2	
CCG_NS21_A4W93_27740	NS21	Rhizobacter gummiphilus NS21	CP015118.1	A4W93_27740	A4W93_27740	ARN23389.1		NADH-quinone oxidoreductase subunit F	mapped	native_locus_tag	7	H2ASE_syn;H2tex;H2tpp;NADH16pp;NADH17pp;NADH18pp;NADH6	
CCG_NS21_A4W93_27745	NS21	Rhizobacter gummiphilus NS21	CP015118.1	A4W93_27745	A4W93_27745	ARN23390.1		L-aspartate oxidase	mapped	native_locus_tag	5	ASPO2;FRD2;FRD3;SUCD1;SUCDi	
CCG_NS21_A4W93_27755	NS21	Rhizobacter gummiphilus NS21	CP015118.1	A4W93_27755	A4W93_27755	ARN23391.1		C4-dicarboxylate ABC transporter	mapped	native_locus_tag	5	AKGt2r;FUMt2r;MALt2r;MALt4;SUCCt2r	
CCG_NS21_A4W93_27805	NS21	Rhizobacter gummiphilus NS21	CP015118.1	A4W93_27805	A4W93_27805	ARN24090.1		ABC transporter	mapped	native_locus_tag	2	ASPabcpp;GLUabcpp	
CCG_NS21_A4W93_27845	NS21	Rhizobacter gummiphilus NS21	CP015118.1	A4W93_27845	A4W93_27845			methionine synthase	mapped	native_locus_tag	1	METS	
CCG_NS21_A4W93_27850	NS21	Rhizobacter gummiphilus NS21	CP015118.1	A4W93_27850	A4W93_27850	ARN23405.1		hypothetical protein	mapped	native_locus_tag	57	3MBtex;4HBZtex;ACtex;ASO4tex;BUTSO3tex;BUTtex;BZtex;CA2tex;CD2tex;CLtex;CO2tex;COBALT2tex;CRO4tex;CU2tex;ETHSO3tex;ETOHtex;FE2tex;FE3tex;FORtex;GALURtex;GLCURtex;GLYCtex;GUAtex;H2Otex;H2tex;HYXNtex;Htex;IBTtex;ILEtex;ISETACtex;Ktex;LCYSTtex;LEUtex;LYStex;MEOHtex;MG2tex;MNtex;MOBDtex;MSO3tex;NAtex;NH4tex;NI2tex;NO2tex;NO3tex;OXFOtex;PItex;PPAtex;PTAtex;PYRtex;SO3tex;SO4tex;SULFACtex;TAURtex;TOLtex;TSULtex;VALtex;Zn2tex	
CCG_NS21_A4W93_27895	NS21	Rhizobacter gummiphilus NS21	CP015118.1	A4W93_27895	A4W93_27895	ARN23412.1		hypothetical protein	mapped	native_locus_tag	1	GLYAT	
CCG_NS21_A4W93_27925	NS21	Rhizobacter gummiphilus NS21	CP015118.1	A4W93_27925	A4W93_27925	ARN23418.1		glycolate oxidase subunit GlcD	mapped	native_locus_tag	6	GLYCTO1;GLYCTO2;GLYCTO3;GLYCTO4;LDH_D2;UAPGR	
CCG_NS21_A4W93_27930	NS21	Rhizobacter gummiphilus NS21	CP015118.1	A4W93_27930	A4W93_27930	ARN24093.1	glcE	glycolate oxidase subunit GlcE	mapped	native_locus_tag	5	GLYCTO1;GLYCTO2;GLYCTO3;GLYCTO4;LDH_D2	
CCG_NS21_A4W93_27935	NS21	Rhizobacter gummiphilus NS21	CP015118.1	A4W93_27935	A4W93_27935	ARN23419.1	glcF	glycolate oxidase iron-sulfur subunit	mapped	native_locus_tag	5	GLYCTO1;GLYCTO2;GLYCTO3;GLYCTO4;LDH_D2	
CCG_NS21_A4W93_27965	NS21	Rhizobacter gummiphilus NS21	CP015118.1	A4W93_27965	A4W93_27965	ARN23424.1		sugar ABC transporter permease	mapped	native_locus_tag	8	GLCabc;MALTHPabc;MALTHXabc;MALTTRabc;MALTabc;RIBabc;SUCRabcpp_syn;TREabc	
CCG_NS21_A4W93_27985	NS21	Rhizobacter gummiphilus NS21	CP015118.1	A4W93_27985	A4W93_27985	ARN23428.1		glycerol-3-phosphate dehydrogenase	mapped	native_locus_tag	3	G3PD4;G3PD5;G3PD6	
CCG_NS21_A4W93_27995	NS21	Rhizobacter gummiphilus NS21	CP015118.1	A4W93_27995	A4W93_27995	ARN23430.1	glpK	glycerol kinase	mapped	native_locus_tag	1	GLYK	
CCG_NS21_A4W93_28000	NS21	Rhizobacter gummiphilus NS21	CP015118.1	A4W93_28000	A4W93_28000	ARN23431.1		hypothetical protein	mapped	native_locus_tag	1	GLYCS_II	
CCG_NS21_A4W93_28020	NS21	Rhizobacter gummiphilus NS21	CP015118.1	A4W93_28020	A4W93_28020	ARN23435.1		3-deoxy-7-phosphoheptulonate synthase	mapped	native_locus_tag	1	DDPA	
CCG_NS21_A4W93_28045	NS21	Rhizobacter gummiphilus NS21	CP015118.1	A4W93_28045	A4W93_28045	ARN23440.1		choline dehydrogenase	mapped	native_locus_tag	1	GAD2ktpp	
CCG_NS21_A4W93_28055	NS21	Rhizobacter gummiphilus NS21	CP015118.1	A4W93_28055	A4W93_28055	ARN23442.1		cytochrome C	mapped	native_locus_tag	1	GAD2ktpp	
CCG_NS21_A4W93_28085	NS21	Rhizobacter gummiphilus NS21	CP015118.1	A4W93_28085	A4W93_28085	ARN23447.1		oxidoreductase	mapped	native_locus_tag	1	HIBD	
CCG_NS21_A4W93_28105	NS21	Rhizobacter gummiphilus NS21	CP015118.1	A4W93_28105	A4W93_28105	ARN23450.1		YggS family pyridoxal phosphate enzyme	mapped	native_locus_tag	1	ALAR	
CCG_NS21_A4W93_28140	NS21	Rhizobacter gummiphilus NS21	CP015118.1	A4W93_28140	A4W93_28140	ARN23457.1		pyrroline-5-carboxylate reductase	mapped	native_locus_tag	1	P5CR	
CCG_NS21_A4W93_28145	NS21	Rhizobacter gummiphilus NS21	CP015118.1	A4W93_28145	A4W93_28145	ARN23458.1		hypothetical protein	mapped	native_locus_tag	1	GUACYC	
CCG_NS21_A4W93_28150	NS21	Rhizobacter gummiphilus NS21	CP015118.1	A4W93_28150	A4W93_28150	ARN23459.1		4-hydroxybenzoate octaprenyltransferase	mapped	native_locus_tag	1	HBZOPT	
CCG_NS21_A4W93_28170	NS21	Rhizobacter gummiphilus NS21	CP015118.1	A4W93_28170	A4W93_28170	ARN23463.1		nicotinamide mononucleotide transporter	mapped	native_locus_tag	1	NMNPtpp	
CCG_NS21_A4W93_28175	NS21	Rhizobacter gummiphilus NS21	CP015118.1	A4W93_28175	A4W93_28175	ARN23464.1		hypothetical protein	mapped	native_locus_tag	2	NMNAT;RNMK	
CCG_NS21_A4W93_28180	NS21	Rhizobacter gummiphilus NS21	CP015118.1	A4W93_28180	A4W93_28180	ARN23465.1		iron transporter	mapped	native_locus_tag	1	MNt2	
CCG_NS21_A4W93_28200	NS21	Rhizobacter gummiphilus NS21	CP015118.1	A4W93_28200	A4W93_28200	ARN23469.1		aromatic amino acid aminotransferase	mapped	native_locus_tag	11	ARAT;AROAT;ASPTA;DLYSOXGAT;DLYSPYRAT;LEUTAi;PHETA1;TRPTA;TYRTA;TYRTAi;UNK3	
CCG_NS21_A4W93_28205	NS21	Rhizobacter gummiphilus NS21	CP015118.1	A4W93_28205	A4W93_28205	ARN23470.1		glutathione peroxidase	mapped	native_locus_tag	1	GTHPi	
CCG_NS21_A4W93_28220	NS21	Rhizobacter gummiphilus NS21	CP015118.1	A4W93_28220	A4W93_28220	ARN23473.1		MFS transporter	mapped	native_locus_tag	14	2AGPA160tipp;2AGPA161tipp;2AGPA181tipp;2AGPE120tipp;2AGPE140tipp;2AGPE141tipp;2AGPE160tipp;2AGPE161tipp;2AGPE180tipp;2AGPE181tipp;2AGPG160tipp;2AGPG161tipp;2AGPG180tipp;2AGPG181tipp	
CCG_NS21_A4W93_28225	NS21	Rhizobacter gummiphilus NS21	CP015118.1	A4W93_28225	A4W93_28225	ARN23474.1		alanine racemase	mapped	native_locus_tag	1	ALAR	
CCG_NS21_A4W93_28245	NS21	Rhizobacter gummiphilus NS21	CP015118.1	A4W93_28245	A4W93_28245	ARN23476.1		ferrous iron transporter B	mapped	native_locus_tag	2	FE2abc;FE2t	
CCG_NS21_A4W93_28260	NS21	Rhizobacter gummiphilus NS21	CP015118.1	A4W93_28260	A4W93_28260	ARN23479.1		branched chain amino acid aminotransferase	mapped	native_locus_tag	3	ILETA;ILETA2;LEUTA	
CCG_NS21_A4W93_28275	NS21	Rhizobacter gummiphilus NS21	CP015118.1	A4W93_28275	A4W93_28275	ARN23482.1	purU	formyltetrahydrofolate deformylase	mapped	native_locus_tag	1	FTHFD	
CCG_NS21_A4W93_28310	NS21	Rhizobacter gummiphilus NS21	CP015118.1	A4W93_28310	A4W93_28310	ARN23487.1		molecular chaperone HscC	mapped	native_locus_tag	1	NTP1	
CCG_NS21_A4W93_28325	NS21	Rhizobacter gummiphilus NS21	CP015118.1	A4W93_28325	A4W93_28325	ARN23490.1		hypothetical protein	mapped	native_locus_tag	2	ADNCYC;GUACYC	
CCG_NS21_A4W93_28355	NS21	Rhizobacter gummiphilus NS21	CP015118.1	A4W93_28355	A4W93_28355	ARN23495.1		lysine transporter LysE	mapped	native_locus_tag	3	ACSERtpp;CYStpp;LYSt3r	
CCG_NS21_A4W93_28405	NS21	Rhizobacter gummiphilus NS21	CP015118.1	A4W93_28405	A4W93_28405	ARN24101.1		spermidine synthase	mapped	native_locus_tag	1	SPMS	
CCG_NS21_A4W93_28470	NS21	Rhizobacter gummiphilus NS21	CP015118.1	A4W93_28470	A4W93_28470	ARN23512.1		amino acid dehydrogenase	mapped	native_locus_tag	9	DAAD;DAAD12;DAAD2;DAAD4;DAAD5;DAAD7;DAAD8;DLYSAD;PHET	
CCG_NS21_A4W93_28505	NS21	Rhizobacter gummiphilus NS21	CP015118.1	A4W93_28505	A4W93_28505	ARN23519.1		carboxymuconolactone decarboxylase	mapped	native_locus_tag	1	CMLDC	
CCG_NS21_A4W93_28690	NS21	Rhizobacter gummiphilus NS21	CP015118.1	A4W93_28690	A4W93_28690	ARN23553.1		phosphoenolpyruvate carboxykinase	mapped	native_locus_tag	2	PEPCK_re;PPCK	
CCG_NS21_A4W93_28700	NS21	Rhizobacter gummiphilus NS21	CP015118.1	A4W93_28700	A4W93_28700	ARN23555.1	garD	galactarate dehydratase	mapped	native_locus_tag	2	GALCTD;GALCTD_1	
CCG_NS21_A4W93_28705	NS21	Rhizobacter gummiphilus NS21	CP015118.1	A4W93_28705	A4W93_28705	ARN23556.1		aldehyde dehydrogenase	mapped	native_locus_tag	5	ALCD19;ALDD20x;ALDD2x;GLYALDDr;LCADi	
CCG_NS21_A4W93_28710	NS21	Rhizobacter gummiphilus NS21	CP015118.1	A4W93_28710	A4W93_28710	ARN23557.1		5-dehydro-4-deoxyglucarate dehydratase	mapped	native_locus_tag	1	5DH4DGLCD	
CCG_NS21_A4W93_28745	NS21	Rhizobacter gummiphilus NS21	CP015118.1	A4W93_28745	A4W93_28745	ARN23564.1		alkene reductase	mapped	native_locus_tag	6	TNTR1;TNTR1x;TNTR2;TNTR2x;TNTR3;TNTR4	
CCG_NS21_A4W93_28800	NS21	Rhizobacter gummiphilus NS21	CP015118.1	A4W93_28800	A4W93_28800	ARN23574.1		glycerol acyltransferase	mapped	native_locus_tag	12	2AACLPGT160;2AACLPGT181;2AACLPPEAT160;2AACLPPEAT181;2AGPE160tipp;2AGPE161tipp;2AGPE180tipp;2AGPE181tipp;2AGPG160tipp;2AGPG161tipp;2AGPG180tipp;2AGPG181tipp	
CCG_NS21_A4W93_28805	NS21	Rhizobacter gummiphilus NS21	CP015118.1	A4W93_28805	A4W93_28805	ARN23575.1		short-chain dehydrogenase	mapped	native_locus_tag	2	ALR2;BTS	
CCG_NS21_A4W93_28815	NS21	Rhizobacter gummiphilus NS21	CP015118.1	A4W93_28815	A4W93_28815	ARN23577.1		coproporphyrinogen III oxidase	mapped	native_locus_tag	2	CPPPGO;CPPPGO2	
CCG_NS21_A4W93_28950	NS21	Rhizobacter gummiphilus NS21	CP015118.1	A4W93_28950	A4W93_28950	ARN23602.1		DNA starvation/stationary phase protection protein	mapped	native_locus_tag	1	FEROc	
CCG_NS21_A4W93_29000	NS21	Rhizobacter gummiphilus NS21	CP015118.1	A4W93_29000	A4W93_29000	ARN23611.1		N-acetyl-gamma-glutamyl-phosphate reductase	mapped	native_locus_tag	1	AGPR	
CCG_NS21_A4W93_29010	NS21	Rhizobacter gummiphilus NS21	CP015118.1	A4W93_29010	A4W93_29010	ARN23613.1		lysine transporter LysE	mapped	native_locus_tag	2	LEUt3pp;METt3pp	
CCG_NS21_A4W93_29035	NS21	Rhizobacter gummiphilus NS21	CP015118.1	A4W93_29035	A4W93_29035	ARN23618.1		ABC transporter	mapped	native_locus_tag	2	CMCBTFL;CMCBTFU	
CCG_NS21_A4W93_29055	NS21	Rhizobacter gummiphilus NS21	CP015118.1	A4W93_29055	A4W93_29055	ARN23622.1		sodium ABC transporter permease	mapped	native_locus_tag	1	NAabcO	
CCG_NS21_A4W93_29060	NS21	Rhizobacter gummiphilus NS21	CP015118.1	A4W93_29060	A4W93_29060	ARN24110.1		ABC transporter ATP-binding protein	mapped	native_locus_tag	1	NAabcO	
CCG_NS21_A4W93_29090	NS21	Rhizobacter gummiphilus NS21	CP015118.1	A4W93_29090	A4W93_29090	ARN23628.1		cardiolipin synthase B	mapped	native_locus_tag	7	CLPNS120pp;CLPNS140pp;CLPNS141pp;CLPNS160pp;CLPNS161pp;CLPNS180pp;CLPNS181pp	
CCG_NS21_A4W93_29105	NS21	Rhizobacter gummiphilus NS21	CP015118.1	A4W93_29105	A4W93_29105	ARN23631.1		hypothetical protein	mapped	native_locus_tag	2	ADCS;GLUN	
CCG_NS21_A4W93_29150	NS21	Rhizobacter gummiphilus NS21	CP015118.1	A4W93_29150	A4W93_29150	ARN23639.1		potassium transporter	mapped	native_locus_tag	1	Kt3pp	
CCG_NS21_A4W93_29155	NS21	Rhizobacter gummiphilus NS21	CP015118.1	A4W93_29155	A4W93_29155	ARN23640.1		arabinose-5-phosphate isomerase	mapped	native_locus_tag	1	A5PISO	
CCG_NS21_A4W93_29160	NS21	Rhizobacter gummiphilus NS21	CP015118.1	A4W93_29160	A4W93_29160	ARN23641.1		3-deoxy-D-manno-octulosonate 8-phosphate phosphatase	mapped	native_locus_tag	1	KDOPP	
CCG_OR16_ACTI_00080	OR16	Actinoplanes sp. OR16	AP019371.1	ACTI_00080	ACTI_00080	BBH63323.1		beta-galactosidase	mapped	native_locus_tag	1	LACZ	
CCG_OR16_ACTI_00250	OR16	Actinoplanes sp. OR16	AP019371.1	ACTI_00250	ACTI_00250	BBH63340.1		hypothetical protein	mapped	native_locus_tag	1	ALR2	
CCG_OR16_ACTI_00330	OR16	Actinoplanes sp. OR16	AP019371.1	ACTI_00330	ACTI_00330	BBH63348.1	engA	GTPase Der	mapped	native_locus_tag	5	FE2Gabcpp;FE2abc;FE2abcpp;FE2tex;FE3Gabcpp	
CCG_OR16_ACTI_00340	OR16	Actinoplanes sp. OR16	AP019371.1	ACTI_00340	ACTI_00340	BBH63349.1	cmk	cytidylate kinase	mapped	native_locus_tag	3	CYTK1;CYTK2;UMPK	
CCG_OR16_ACTI_00360	OR16	Actinoplanes sp. OR16	AP019371.1	ACTI_00360	ACTI_00360	BBH63351.1		MFS transporter	mapped	native_locus_tag	2	ARBt3ipp;LCTSt3ipp	
CCG_OR16_ACTI_00370	OR16	Actinoplanes sp. OR16	AP019371.1	ACTI_00370	ACTI_00370	BBH63352.1	ribA_1	GTP cyclohydrolase II	mapped	native_locus_tag	3	DB4PS;GTPCII;GTPCII2	
CCG_OR16_ACTI_00380	OR16	Actinoplanes sp. OR16	AP019371.1	ACTI_00380	ACTI_00380	BBH63353.1		hypothetical protein	mapped	native_locus_tag	2	APRAUR;DHPPDA2	
CCG_OR16_ACTI_00660	OR16	Actinoplanes sp. OR16	AP019371.1	ACTI_00660	ACTI_00660	BBH63381.1		acetyl-CoA acetyltransferase	mapped	native_locus_tag	7	ACACT1r;FAO1;FAO10;FAO11;FAO2;FAO3;MACCOAT	
CCG_OR16_ACTI_00670	OR16	Actinoplanes sp. OR16	AP019371.1	ACTI_00670	ACTI_00670	BBH63382.1		3-hydroxyacyl-CoA dehydrogenase	mapped	native_locus_tag	5	FAO1;FAO10;FAO11;FAO2;FAO3	
CCG_OR16_ACTI_00760	OR16	Actinoplanes sp. OR16	AP019371.1	ACTI_00760	ACTI_00760	BBH63391.1		putative multi-drug efflux transporter	mapped	native_locus_tag	3	ARBt2r;GALt2;XYLt2	
CCG_OR16_ACTI_00800	OR16	Actinoplanes sp. OR16	AP019371.1	ACTI_00800	ACTI_00800	BBH63395.1	rluB	pseudouridine synthase	mapped	native_locus_tag	1	YUMPS	
CCG_OR16_ACTI_00940	OR16	Actinoplanes sp. OR16	AP019371.1	ACTI_00940	ACTI_00940	BBH63409.1		ADP-ribose pyrophosphatase	mapped	native_locus_tag	2	ADPRDP;ADPRDP_1	
CCG_OR16_ACTI_00950	OR16	Actinoplanes sp. OR16	AP019371.1	ACTI_00950	ACTI_00950	BBH63410.1	pyrG	CTP synthase	mapped	native_locus_tag	2	CTPS1;CTPS2	
CCG_OR16_ACTI_01010	OR16	Actinoplanes sp. OR16	AP019371.1	ACTI_01010	ACTI_01010	BBH63416.1		thiamin pyrophosphokinase	mapped	native_locus_tag	1	TMDPK	
CCG_OR16_ACTI_01030	OR16	Actinoplanes sp. OR16	AP019371.1	ACTI_01030	ACTI_01030	BBH63418.1	nadK2	NAD kinase 2	mapped	native_locus_tag	1	NADK	
CCG_OR16_ACTI_01100	OR16	Actinoplanes sp. OR16	AP019371.1	ACTI_01100	ACTI_01100	BBH63425.1		acid sugar phosphatase	mapped	native_locus_tag	1	G3PT	
CCG_OR16_ACTI_01140	OR16	Actinoplanes sp. OR16	AP019371.1	ACTI_01140	ACTI_01140	BBH63429.1		hypothetical protein	mapped	native_locus_tag	2	PPK;PPK2	
CCG_OR16_ACTI_01160	OR16	Actinoplanes sp. OR16	AP019371.1	ACTI_01160	ACTI_01160	BBH63431.1	ptsI	phosphoenolpyruvate-protein phosphotransferase	mapped	native_locus_tag	21	ACGApts;ARBTpts;CELBpts;DHAPT;FRUpts;FRUpts2pp;FRUptspp;GALTpts;GAMpts;GLCpts;GLCptspp;MALTpts;MALTptspp;MANpts;MNLpts;MNLptspp;SALCpts;SUCpts;SUCptspp;TAGptspp;TREpts	
CCG_OR16_ACTI_01170	OR16	Actinoplanes sp. OR16	AP019371.1	ACTI_01170	ACTI_01170	BBH63432.1		hypothetical protein	mapped	native_locus_tag	15	ACGApts;ARBTpts;CELBpts;DHAPT;FRUpts;GALTpts;GAMpts;GLCpts;MALTpts;MANpts;MNLpts;SALCpts;SUCpts;TAGptspp;TREpts	
CCG_OR16_ACTI_01180	OR16	Actinoplanes sp. OR16	AP019371.1	ACTI_01180	ACTI_01180	BBH63433.1		alcohol dehydrogenase	mapped	native_locus_tag	3	GLTPD;SBTD_D2;THRD	
CCG_OR16_ACTI_01190	OR16	Actinoplanes sp. OR16	AP019371.1	ACTI_01190	ACTI_01190	BBH63434.1		hypothetical protein	mapped	native_locus_tag	2	FRUptspp;MNLpts	
CCG_OR16_ACTI_01200	OR16	Actinoplanes sp. OR16	AP019371.1	ACTI_01200	ACTI_01200	BBH63435.1		hypothetical protein	mapped	native_locus_tag	1	MNLptspp	
CCG_OR16_ACTI_01210	OR16	Actinoplanes sp. OR16	AP019371.1	ACTI_01210	ACTI_01210	BBH63436.1		hypothetical protein	mapped	native_locus_tag	2	MNLpts;MNLptspp	
CCG_OR16_ACTI_01220	OR16	Actinoplanes sp. OR16	AP019371.1	ACTI_01220	ACTI_01220	BBH63437.1		hypothetical protein	mapped	native_locus_tag	4	FRUK;PFK;PFK_2;TAG1PK	
CCG_OR16_ACTI_01250	OR16	Actinoplanes sp. OR16	AP019371.1	ACTI_01250	ACTI_01250	BBH63440.1	adk_1	adenylate kinase	mapped	native_locus_tag	13	ADK1;ADK3;ADK4;ADNK1;DADK;NDPK1;NDPK2;NDPK3;NDPK4;NDPK5;NDPK6;NDPK7;NDPK8	
CCG_OR16_ACTI_01280	OR16	Actinoplanes sp. OR16	AP019371.1	ACTI_01280	ACTI_01280	BBH63443.1	speB_1	agmatinase	mapped	native_locus_tag	1	GUDBUTNAH	
CCG_OR16_ACTI_01370	OR16	Actinoplanes sp. OR16	AP019371.1	ACTI_01370	ACTI_01370	BBH63452.1		spermidine/putrescine ABC transporter permease	mapped	native_locus_tag	2	PTRCabcpp;SPMDabcpp	
CCG_OR16_ACTI_01380	OR16	Actinoplanes sp. OR16	AP019371.1	ACTI_01380	ACTI_01380	BBH63453.1		spermidine/putrescine ABC transporter permease	mapped	native_locus_tag	2	PTRCabcpp;SPMDabcpp	
CCG_OR16_ACTI_01390	OR16	Actinoplanes sp. OR16	AP019371.1	ACTI_01390	ACTI_01390	BBH63454.1		spermidine/putrescine ABC transporter substrate-binding protein	mapped	native_locus_tag	2	PTRCabcpp;SPMDabcpp	
CCG_OR16_ACTI_01400	OR16	Actinoplanes sp. OR16	AP019371.1	ACTI_01400	ACTI_01400	BBH63455.1		ABC transporter ATP-binding protein	mapped	native_locus_tag	3	PTRCabc;PTRCabcpp;SPMDabcpp	
CCG_OR16_ACTI_01440	OR16	Actinoplanes sp. OR16	AP019371.1	ACTI_01440	ACTI_01440	BBH63459.1		signal transduction protein	mapped	native_locus_tag	1	IMPD	
CCG_OR16_ACTI_01500	OR16	Actinoplanes sp. OR16	AP019371.1	ACTI_01500	ACTI_01500	BBH63465.1		hypothetical protein	mapped	native_locus_tag	3	CDGUNPD;DGUNC;GUACYC	
CCG_OR16_ACTI_01600	OR16	Actinoplanes sp. OR16	AP019371.1	ACTI_01600	ACTI_01600	BBH63475.1		alpha-glycosidase	mapped	native_locus_tag	6	GALS3;MLTG1;MLTG2;MLTG3;MLTG4;MLTG5	
CCG_OR16_ACTI_01610	OR16	Actinoplanes sp. OR16	AP019371.1	ACTI_01610	ACTI_01610	BBH63476.1		sugar ABC transporter permease	mapped	native_locus_tag	3	MALTHXabc;MALTTRabc;MALTabc	
CCG_OR16_ACTI_01620	OR16	Actinoplanes sp. OR16	AP019371.1	ACTI_01620	ACTI_01620	BBH63477.1		sugar ABC transporter permease	mapped	native_locus_tag	10	GALabc;GLCabc;LMN2abc;MALTHXabcpp;MALTTRabc;MALTTTRabc;MALTabc;MALTabcpp;MELIBabc;RAFFabc	
CCG_OR16_ACTI_01630	OR16	Actinoplanes sp. OR16	AP019371.1	ACTI_01630	ACTI_01630	BBH63478.1		sugar ABC transporter substrate-binding protein	mapped	native_locus_tag	9	GALabc;GLCabc;LMN2abc;MALTTRabc;MALTTTRabc;MALTabc;MELIBabc;RAFFabc;TREabc	
CCG_OR16_ACTI_01670	OR16	Actinoplanes sp. OR16	AP019371.1	ACTI_01670	ACTI_01670	BBH63482.1	argH_1	argininosuccinate lyase	mapped	native_locus_tag	1	ARGSL	
CCG_OR16_ACTI_01680	OR16	Actinoplanes sp. OR16	AP019371.1	ACTI_01680	ACTI_01680	BBH63483.1		succinyl-diaminopimelate desuccinylase	mapped	native_locus_tag	1	SDPDS	
CCG_OR16_ACTI_01690	OR16	Actinoplanes sp. OR16	AP019371.1	ACTI_01690	ACTI_01690	BBH63484.1	argG	argininosuccinate synthase	mapped	native_locus_tag	2	ARGSS;ARGSS2	
CCG_OR16_ACTI_01720	OR16	Actinoplanes sp. OR16	AP019371.1	ACTI_01720	ACTI_01720	BBH63487.1	argF	ornithine carbamoyltransferase	mapped	native_locus_tag	1	OCBT	
CCG_OR16_ACTI_01730	OR16	Actinoplanes sp. OR16	AP019371.1	ACTI_01730	ACTI_01730	BBH63488.1	argD	acetylornithine aminotransferase	mapped	native_locus_tag	2	ACOTA;SDPTA	
CCG_OR16_ACTI_01740	OR16	Actinoplanes sp. OR16	AP019371.1	ACTI_01740	ACTI_01740	BBH63489.1	argB	acetylglutamate kinase	mapped	native_locus_tag	1	ACGK	
CCG_OR16_ACTI_01750	OR16	Actinoplanes sp. OR16	AP019371.1	ACTI_01750	ACTI_01750	BBH63490.1	argJ	arginine biosynthesis bifunctional protein ArgJ	mapped	native_locus_tag	1	ORNTAC	
CCG_OR16_ACTI_01760	OR16	Actinoplanes sp. OR16	AP019371.1	ACTI_01760	ACTI_01760	BBH63491.1	argC	N-acetyl-gamma-glutamyl-phosphate reductase	mapped	native_locus_tag	1	AGPR	
CCG_OR16_ACTI_01810	OR16	Actinoplanes sp. OR16	AP019371.1	ACTI_01810	ACTI_01810	BBH63496.1	bglX_1	glycosyl hydrolase	mapped	native_locus_tag	2	BGLApp;LACZpp	
CCG_OR16_ACTI_02060	OR16	Actinoplanes sp. OR16	AP019371.1	ACTI_02060	ACTI_02060	BBH63521.1	hisG	ATP phosphoribosyltransferase	mapped	native_locus_tag	1	ATPPRT	
CCG_OR16_ACTI_02070	OR16	Actinoplanes sp. OR16	AP019371.1	ACTI_02070	ACTI_02070	BBH63522.1	hisE	phosphoribosyl-ATP pyrophosphatase	mapped	native_locus_tag	1	PRATPP	
CCG_OR16_ACTI_02110	OR16	Actinoplanes sp. OR16	AP019371.1	ACTI_02110	ACTI_02110	BBH63526.1	ribE	6,7-dimethyl-8-ribityllumazine synthase	mapped	native_locus_tag	1	RBFSa	
CCG_OR16_ACTI_02120	OR16	Actinoplanes sp. OR16	AP019371.1	ACTI_02120	ACTI_02120	BBH63527.1	ribA_2	riboflavin biosynthesis protein RibBA	mapped	native_locus_tag	2	GTPCII;GTPCII2	
CCG_OR16_ACTI_02130	OR16	Actinoplanes sp. OR16	AP019371.1	ACTI_02130	ACTI_02130	BBH63528.1		riboflavin synthase subunit alpha	mapped	native_locus_tag	1	RBFSb	
CCG_OR16_ACTI_02140	OR16	Actinoplanes sp. OR16	AP019371.1	ACTI_02140	ACTI_02140	BBH63529.1		putative bifunctional riboflavin biosynthesis protein RibG	mapped	native_locus_tag	3	APRAUR;DHPPDA;DHPPDA2	
CCG_OR16_ACTI_02180	OR16	Actinoplanes sp. OR16	AP019371.1	ACTI_02180	ACTI_02180	BBH63533.1	rpe	ribulose-phosphate 3-epimerase	mapped	native_locus_tag	1	RPE	
CCG_OR16_ACTI_02250	OR16	Actinoplanes sp. OR16	AP019371.1	ACTI_02250	ACTI_02250	BBH63540.1	metK	S-adenosylmethionine synthase	mapped	native_locus_tag	1	METAT	
CCG_OR16_ACTI_02260	OR16	Actinoplanes sp. OR16	AP019371.1	ACTI_02260	ACTI_02260	BBH63541.1		phosphopantothenoylcysteine decarboxylase	mapped	native_locus_tag	2	PPCDC;PPNCL3	
CCG_OR16_ACTI_02280	OR16	Actinoplanes sp. OR16	AP019371.1	ACTI_02280	ACTI_02280	BBH63543.1	gmk	guanylate kinase	mapped	native_locus_tag	3	DGK1;GK1;GK2	
CCG_OR16_ACTI_02300	OR16	Actinoplanes sp. OR16	AP019371.1	ACTI_02300	ACTI_02300	BBH63545.1	pyrF	orotidine 5'-phosphate decarboxylase	mapped	native_locus_tag	1	OMPDC	
CCG_OR16_ACTI_02310	OR16	Actinoplanes sp. OR16	AP019371.1	ACTI_02310	ACTI_02310	BBH63546.1	bioA	adenosylmethionine-8-amino-7-oxononanoate aminotransferase	mapped	native_locus_tag	1	AMAOTr	
CCG_OR16_ACTI_02320	OR16	Actinoplanes sp. OR16	AP019371.1	ACTI_02320	ACTI_02320	BBH63547.1	pyrD	dihydroorotate dehydrogenase (quinone)	mapped	native_locus_tag	4	DHORD2;DHORD5;DHORDfum;DHORDi	
CCG_OR16_ACTI_02330	OR16	Actinoplanes sp. OR16	AP019371.1	ACTI_02330	ACTI_02330	BBH63548.1	carB	carbamoyl-phosphate synthase large chain	mapped	native_locus_tag	1	CBPS	
CCG_OR16_ACTI_02340	OR16	Actinoplanes sp. OR16	AP019371.1	ACTI_02340	ACTI_02340	BBH63549.1	carA	carbamoyl-phosphate synthase small chain	mapped	native_locus_tag	1	CBPS	
CCG_OR16_ACTI_02350	OR16	Actinoplanes sp. OR16	AP019371.1	ACTI_02350	ACTI_02350	BBH63550.1	pyrC	dihydroorotase	mapped	native_locus_tag	1	DHORTS	
CCG_OR16_ACTI_02360	OR16	Actinoplanes sp. OR16	AP019371.1	ACTI_02360	ACTI_02360	BBH63551.1	pyrB	aspartate carbamoyltransferase	mapped	native_locus_tag	1	ASPCT	
CCG_OR16_ACTI_02370	OR16	Actinoplanes sp. OR16	AP019371.1	ACTI_02370	ACTI_02370	BBH63552.1	pyrR	bifunctional protein PyrR	mapped	native_locus_tag	1	UPPRT	
CCG_OR16_ACTI_02420	OR16	Actinoplanes sp. OR16	AP019371.1	ACTI_02420	ACTI_02420	BBH63557.1	aroQ	3-dehydroquinate dehydratase	mapped	native_locus_tag	1	DHQTi	
CCG_OR16_ACTI_02430	OR16	Actinoplanes sp. OR16	AP019371.1	ACTI_02430	ACTI_02430	BBH63558.1	aroB	3-dehydroquinate synthase	mapped	native_locus_tag	1	DHQS	
CCG_OR16_ACTI_02450	OR16	Actinoplanes sp. OR16	AP019371.1	ACTI_02450	ACTI_02450	BBH63560.1	aroK	shikimate kinase	mapped	native_locus_tag	1	SHKK	
CCG_OR16_ACTI_02460	OR16	Actinoplanes sp. OR16	AP019371.1	ACTI_02460	ACTI_02460	BBH63561.1	aroC	chorismate synthase	mapped	native_locus_tag	1	CHORS	
CCG_OR16_ACTI_02470	OR16	Actinoplanes sp. OR16	AP019371.1	ACTI_02470	ACTI_02470	BBH63562.1	aroE_1	shikimate 5-dehydrogenase	mapped	native_locus_tag	1	SHK3Dr	
CCG_OR16_ACTI_02480	OR16	Actinoplanes sp. OR16	AP019371.1	ACTI_02480	ACTI_02480	BBH63563.1		hypothetical protein	mapped	native_locus_tag	4	MLTGY1pp;MLTGY2pp;MLTGY3pp;MLTGY4pp	
CCG_OR16_ACTI_02490	OR16	Actinoplanes sp. OR16	AP019371.1	ACTI_02490	ACTI_02490	BBH63564.1		ABC transporter substrate-binding protein	mapped	native_locus_tag	1	ADCL	
CCG_OR16_ACTI_02690	OR16	Actinoplanes sp. OR16	AP019371.1	ACTI_02690	ACTI_02690	BBH63584.1		sugar ABC transporter permease	mapped	native_locus_tag	9	GALabc;GLCabc;LMN2abc;MALTTRabc;MALTTTRabc;MALTabc;MELIBabc;RAFFabc;TREabc	
CCG_OR16_ACTI_02730	OR16	Actinoplanes sp. OR16	AP019371.1	ACTI_02730	ACTI_02730	BBH63588.1		amidohydrolase	mapped	native_locus_tag	1	DHORTS	
CCG_OR16_ACTI_02770	OR16	Actinoplanes sp. OR16	AP019371.1	ACTI_02770	ACTI_02770	BBH63592.1		NADPH--cytochrome P450 reductase	mapped	native_locus_tag	1	SULR_1	
CCG_OR16_ACTI_02790	OR16	Actinoplanes sp. OR16	AP019371.1	ACTI_02790	ACTI_02790	BBH63594.1	ureA	urease subunit gamma	mapped	native_locus_tag	2	UREA;UREA_1	
CCG_OR16_ACTI_02800	OR16	Actinoplanes sp. OR16	AP019371.1	ACTI_02800	ACTI_02800	BBH63595.1		hypothetical protein	mapped	native_locus_tag	2	UREA;UREA_1	
CCG_OR16_ACTI_02810	OR16	Actinoplanes sp. OR16	AP019371.1	ACTI_02810	ACTI_02810	BBH63596.1	ureC	urease subunit alpha	mapped	native_locus_tag	1	UREA	
CCG_OR16_ACTI_02820	OR16	Actinoplanes sp. OR16	AP019371.1	ACTI_02820	ACTI_02820	BBH63597.1	ureF	urease accessory protein UreF	mapped	native_locus_tag	1	UREA	
CCG_OR16_ACTI_02830	OR16	Actinoplanes sp. OR16	AP019371.1	ACTI_02830	ACTI_02830	BBH63598.1	ureG	urease accessory protein UreG	mapped	native_locus_tag	1	UREA	
CCG_OR16_ACTI_02840	OR16	Actinoplanes sp. OR16	AP019371.1	ACTI_02840	ACTI_02840	BBH63599.1	ureD	urease accessory protein UreD	mapped	native_locus_tag	1	UREA	
CCG_OR16_ACTI_02960	OR16	Actinoplanes sp. OR16	AP019371.1	ACTI_02960	ACTI_02960	BBH63611.1		hydrolase	mapped	native_locus_tag	1	GLYCS_I	
CCG_OR16_ACTI_02990	OR16	Actinoplanes sp. OR16	AP019371.1	ACTI_02990	ACTI_02990	BBH63614.1	relA	GTP pyrophosphokinase	mapped	native_locus_tag	2	GTPDPK;GTPH1	
CCG_OR16_ACTI_03000	OR16	Actinoplanes sp. OR16	AP019371.1	ACTI_03000	ACTI_03000	BBH63615.1	apt_1	adenine phosphoribosyltransferase	mapped	native_locus_tag	2	ADPT;GUAPRT	
CCG_OR16_ACTI_03090	OR16	Actinoplanes sp. OR16	AP019371.1	ACTI_03090	ACTI_03090	BBH63624.1	pdxT	pyridoxal 5'-phosphate synthase subunit PdxT	mapped	native_locus_tag	4	PDBL_3;PDBL_4;PLPS;PYDXS	
CCG_OR16_ACTI_03100	OR16	Actinoplanes sp. OR16	AP019371.1	ACTI_03100	ACTI_03100	BBH63625.1	pdxS	pyridoxal 5'-phosphate synthase subunit PdxS	mapped	native_locus_tag	4	PDBL_3;PDBL_4;PLPS;PYDXS	
CCG_OR16_ACTI_03270	OR16	Actinoplanes sp. OR16	AP019371.1	ACTI_03270	ACTI_03270	BBH63642.1		aminodeoxyfutalosine deaminase	mapped	native_locus_tag	3	ADA;ADD;DADA	
CCG_OR16_ACTI_03390	OR16	Actinoplanes sp. OR16	AP019371.1	ACTI_03390	ACTI_03390	BBH63654.1		hydrolase	mapped	native_locus_tag	3	AGM3PH;AGM4PH;AGMH	
CCG_OR16_ACTI_03420	OR16	Actinoplanes sp. OR16	AP019371.1	ACTI_03420	ACTI_03420	BBH63657.1	recQ_1	ATP-dependent DNA helicase RecQ	mapped	native_locus_tag	2	DNMPPA;DNTPPA	
CCG_OR16_ACTI_03450	OR16	Actinoplanes sp. OR16	AP019371.1	ACTI_03450	ACTI_03450	BBH63660.1		branched-chain amino acid ABC transporter substrate-binding protein	mapped	native_locus_tag	5	DALAabcpp;ILEabcpp;LEUabcpp;THRabcpp;VALabcpp	
CCG_OR16_ACTI_03470	OR16	Actinoplanes sp. OR16	AP019371.1	ACTI_03470	ACTI_03470	BBH63662.1		branched-chain amino acid ABC transporter permease	mapped	native_locus_tag	5	ALAabc;ILEabc;LEUabc;THRabc;VALabc	
CCG_OR16_ACTI_03480	OR16	Actinoplanes sp. OR16	AP019371.1	ACTI_03480	ACTI_03480	BBH63663.1		ABC transporter ATP-binding protein	mapped	native_locus_tag	4	ILEabcpp;LEUabcpp;THRabcpp;VALabcpp	
CCG_OR16_ACTI_03540	OR16	Actinoplanes sp. OR16	AP019371.1	ACTI_03540	ACTI_03540	BBH63669.1		hydrolase	mapped	native_locus_tag	1	GLYCS_I	
CCG_OR16_ACTI_03560	OR16	Actinoplanes sp. OR16	AP019371.1	ACTI_03560	ACTI_03560	BBH63671.1		monooxygenase	mapped	native_locus_tag	1	URIC	
CCG_OR16_ACTI_03780	OR16	Actinoplanes sp. OR16	AP019371.1	ACTI_03780	ACTI_03780	BBH63693.1		haloacid dehalogenase	mapped	native_locus_tag	1	PGMT	
CCG_OR16_ACTI_03800	OR16	Actinoplanes sp. OR16	AP019371.1	ACTI_03800	ACTI_03800	BBH63695.1		hypothetical protein	mapped	native_locus_tag	1	GLYCS_II	
CCG_OR16_ACTI_03920	OR16	Actinoplanes sp. OR16	AP019371.1	ACTI_03920	ACTI_03920	BBH63707.1	alc	putative allantoicase	mapped	native_locus_tag	2	ALLTAHr;DHR_1	
CCG_OR16_ACTI_03930	OR16	Actinoplanes sp. OR16	AP019371.1	ACTI_03930	ACTI_03930	BBH63708.1	allB	allantoinase	mapped	native_locus_tag	1	ALLTN	
CCG_OR16_ACTI_03970	OR16	Actinoplanes sp. OR16	AP019371.1	ACTI_03970	ACTI_03970	BBH63712.1	aceB_1	malate synthase	mapped	native_locus_tag	1	MALS	
CCG_OR16_ACTI_04000	OR16	Actinoplanes sp. OR16	AP019371.1	ACTI_04000	ACTI_04000	BBH63715.1	hiuH	5-hydroxyisourate hydrolase	mapped	native_locus_tag	1	URIC	
CCG_OR16_ACTI_04010	OR16	Actinoplanes sp. OR16	AP019371.1	ACTI_04010	ACTI_04010	BBH63716.1		OHCU decarboxylase	mapped	native_locus_tag	1	URIC	
CCG_OR16_ACTI_04160	OR16	Actinoplanes sp. OR16	AP019371.1	ACTI_04160	ACTI_04160	BBH63731.1		Na+/H+ antiporter	mapped	native_locus_tag	1	NAt	
CCG_OR16_ACTI_04250	OR16	Actinoplanes sp. OR16	AP019371.1	ACTI_04250	ACTI_04250	BBH63740.1	ggt_1	gamma-glutamyltranspeptidase	mapped	native_locus_tag	1	GGTAe2	
CCG_OR16_ACTI_04270	OR16	Actinoplanes sp. OR16	AP019371.1	ACTI_04270	ACTI_04270	BBH63742.1		hypothetical protein	mapped	native_locus_tag	1	GLCDpp	
CCG_OR16_ACTI_04300	OR16	Actinoplanes sp. OR16	AP019371.1	ACTI_04300	ACTI_04300	BBH63745.1		sodium:solute symporter	mapped	native_locus_tag	4	GLCt2;H2Ot;NAt;UREAt	
CCG_OR16_ACTI_04310	OR16	Actinoplanes sp. OR16	AP019371.1	ACTI_04310	ACTI_04310	BBH63746.1		haloacid dehalogenase	mapped	native_locus_tag	2	GAPP;MN6PP	
CCG_OR16_ACTI_04410	OR16	Actinoplanes sp. OR16	AP019371.1	ACTI_04410	ACTI_04410	BBH63756.1		hypothetical protein	mapped	native_locus_tag	1	ALAALAD	
CCG_OR16_ACTI_04550	OR16	Actinoplanes sp. OR16	AP019371.1	ACTI_04550	ACTI_04550	BBH63770.1		peptide ABC transporter substrate-binding protein	mapped	native_locus_tag	5	CELLBabc;LMN2abc;MANBabc;MANTRabc;MANTTRabc	
CCG_OR16_ACTI_04560	OR16	Actinoplanes sp. OR16	AP019371.1	ACTI_04560	ACTI_04560	BBH63771.1		dipeptide/oligopeptide/nickel ABC transporter ATP-binding protein	mapped	native_locus_tag	7	ALAALAabcpp;CELLBabc;CGLYabcpp;MANBabc;MANTRabc;MANTTRabc;PROGLYabcpp	
CCG_OR16_ACTI_04570	OR16	Actinoplanes sp. OR16	AP019371.1	ACTI_04570	ACTI_04570	BBH63772.1		peptide ABC transporter permease	mapped	native_locus_tag	9	CELLBabc;LMN2abc;MANBabc;MANTRabc;MANTTRabc;XYL3abc;XYLANabc;XYLBabc;XYLabc	
CCG_OR16_ACTI_04580	OR16	Actinoplanes sp. OR16	AP019371.1	ACTI_04580	ACTI_04580	BBH63773.1		peptide ABC transporter permease	mapped	native_locus_tag	4	CELLBabc;MANBabc;MANTRabc;MANTTRabc	
CCG_OR16_ACTI_04590	OR16	Actinoplanes sp. OR16	AP019371.1	ACTI_04590	ACTI_04590	BBH63774.1		dipeptide/oligopeptide/nickel ABC transporter ATP-binding protein	mapped	native_locus_tag	7	GLUCAN2abc;GLUCANabc;LCTSabc;XYL3abc;XYLANabc;XYLBabc;XYLabc	
CCG_OR16_ACTI_04630	OR16	Actinoplanes sp. OR16	AP019371.1	ACTI_04630	ACTI_04630	BBH63778.1		oxidoreductase	mapped	native_locus_tag	1	ALR2	
CCG_OR16_ACTI_04660	OR16	Actinoplanes sp. OR16	AP019371.1	ACTI_04660	ACTI_04660	BBH63781.1		hypothetical protein	mapped	native_locus_tag	1	ADNCYC	
CCG_OR16_ACTI_04900	OR16	Actinoplanes sp. OR16	AP019371.1	ACTI_04900	ACTI_04900	BBH63805.1	purA_1	adenylosuccinate synthetase	mapped	native_locus_tag	1	ADSS	
CCG_OR16_ACTI_04980	OR16	Actinoplanes sp. OR16	AP019371.1	ACTI_04980	ACTI_04980	BBH63813.1		oxidoreductase	mapped	native_locus_tag	2	NODOx;NODOy	
CCG_OR16_ACTI_05010	OR16	Actinoplanes sp. OR16	AP019371.1	ACTI_05010	ACTI_05010	BBH63816.1	galA_1	alpha-galactosidase	mapped	native_locus_tag	2	GALS3;RAFGH	
CCG_OR16_ACTI_05020	OR16	Actinoplanes sp. OR16	AP019371.1	ACTI_05020	ACTI_05020	BBH63817.1		sugar ABC transporter substrate-binding protein	mapped	native_locus_tag	1	ARBabc	
CCG_OR16_ACTI_05040	OR16	Actinoplanes sp. OR16	AP019371.1	ACTI_05040	ACTI_05040	BBH63819.1		sugar ABC transporter permease	mapped	native_locus_tag	5	G3PCabcpp;G3PEabcpp;G3PGabcpp;G3PIabcpp;G3PSabcpp	
CCG_OR16_ACTI_05050	OR16	Actinoplanes sp. OR16	AP019371.1	ACTI_05050	ACTI_05050	BBH63820.1		beta-galactosidase	mapped	native_locus_tag	1	LACZ	
CCG_OR16_ACTI_05060	OR16	Actinoplanes sp. OR16	AP019371.1	ACTI_05060	ACTI_05060	BBH63821.1		LacI family transcriptional regulator	mapped	native_locus_tag	2	RIBabc;RIBabcpp	
CCG_OR16_ACTI_05130	OR16	Actinoplanes sp. OR16	AP019371.1	ACTI_05130	ACTI_05130	BBH63828.1		putative ribose-phosphate pyrophosphokinase	mapped	native_locus_tag	1	PRPPS	
CCG_OR16_ACTI_05180	OR16	Actinoplanes sp. OR16	AP019371.1	ACTI_05180	ACTI_05180	BBH63833.1		magnesium transporter CorA	mapped	native_locus_tag	3	COBALT2tpp;MG2tpp;NI2tpp	
CCG_OR16_ACTI_05240	OR16	Actinoplanes sp. OR16	AP019371.1	ACTI_05240	ACTI_05240	BBH63839.1	solA	N-methyltryptophan oxidase	mapped	native_locus_tag	1	SARCOX	
CCG_OR16_ACTI_05330	OR16	Actinoplanes sp. OR16	AP019371.1	ACTI_05330	ACTI_05330	BBH63848.1		alpha-amylase	mapped	native_locus_tag	1	AAMYLpp	
CCG_OR16_ACTI_05550	OR16	Actinoplanes sp. OR16	AP019371.1	ACTI_05550	ACTI_05550	BBH63870.1		short-chain dehydrogenase	mapped	native_locus_tag	1	DHBD	
CCG_OR16_ACTI_05700	OR16	Actinoplanes sp. OR16	AP019371.1	ACTI_05700	ACTI_05700	BBH63885.1		hypothetical protein	mapped	native_locus_tag	2	4CMLCL_kt;CMLDC	
CCG_OR16_ACTI_05770	OR16	Actinoplanes sp. OR16	AP019371.1	ACTI_05770	ACTI_05770	BBH63892.1		glutathione-dependent formaldehyde dehydrogenase	mapped	native_locus_tag	1	ALDD1	
CCG_OR16_ACTI_05850	OR16	Actinoplanes sp. OR16	AP019371.1	ACTI_05850	ACTI_05850	BBH63900.1		hypothetical protein	mapped	native_locus_tag	1	PGPP160	
CCG_OR16_ACTI_05870	OR16	Actinoplanes sp. OR16	AP019371.1	ACTI_05870	ACTI_05870	BBH63902.1		hypothetical protein	mapped	native_locus_tag	1	DAGK160	
CCG_OR16_ACTI_05960	OR16	Actinoplanes sp. OR16	AP019371.1	ACTI_05960	ACTI_05960	BBH63911.1		FMN reductase	mapped	native_locus_tag	2	FMNRx;FMNRx2	
CCG_OR16_ACTI_06110	OR16	Actinoplanes sp. OR16	AP019371.1	ACTI_06110	ACTI_06110	BBH63926.1		sugar kinase	mapped	native_locus_tag	2	2DHGLCK;DDGLK	
CCG_OR16_ACTI_06120	OR16	Actinoplanes sp. OR16	AP019371.1	ACTI_06120	ACTI_06120	BBH63927.1		2-keto-3-deoxy-phosphogluconate aldolase	mapped	native_locus_tag	2	DDPGA;EDA	
CCG_OR16_ACTI_06190	OR16	Actinoplanes sp. OR16	AP019371.1	ACTI_06190	ACTI_06190	BBH63934.1		SGNH hydrolase	mapped	native_locus_tag	7	LPLIPAL1E160pp;LPLIPAL1E161pp;LPLIPAL1E180pp;LPLIPAL1E181d11pp;LPLIPAL1G160pp;LPLIPAL1G161pp;LPLIPAL1G180pp	
CCG_OR16_ACTI_06230	OR16	Actinoplanes sp. OR16	AP019371.1	ACTI_06230	ACTI_06230	BBH63938.1		glucohydrolase	mapped	native_locus_tag	9	MALT;MLTG1;MLTG2;MLTG3;MLTG4;MLTG5;MLTG6;SUCR;TRE6PH	
CCG_OR16_ACTI_06240	OR16	Actinoplanes sp. OR16	AP019371.1	ACTI_06240	ACTI_06240	BBH63939.1		glycosyl transferase	mapped	native_locus_tag	1	MAN6PI	
CCG_OR16_ACTI_06370	OR16	Actinoplanes sp. OR16	AP019371.1	ACTI_06370	ACTI_06370	BBH63952.1		LacI family transcriptional regulator	mapped	native_locus_tag	1	RIBabcpp	
CCG_OR16_ACTI_06380	OR16	Actinoplanes sp. OR16	AP019371.1	ACTI_06380	ACTI_06380	BBH63953.1		sugar-binding protein	mapped	native_locus_tag	1	GLYC3Pabc	
CCG_OR16_ACTI_06430	OR16	Actinoplanes sp. OR16	AP019371.1	ACTI_06430	ACTI_06430	BBH63958.1		carbonic anhydrase	mapped	native_locus_tag	2	H2CO3D;HCO3E	
CCG_OR16_ACTI_06460	OR16	Actinoplanes sp. OR16	AP019371.1	ACTI_06460	ACTI_06460	BBH63961.1	asnB	asparagine synthetase B	mapped	native_locus_tag	1	ASNS1	
CCG_OR16_ACTI_06470	OR16	Actinoplanes sp. OR16	AP019371.1	ACTI_06470	ACTI_06470	BBH63962.1		peptidase S9	mapped	native_locus_tag	2	LPLIPAL2E160;LPLIPAL2E180	
CCG_OR16_ACTI_06480	OR16	Actinoplanes sp. OR16	AP019371.1	ACTI_06480	ACTI_06480	BBH63963.1		MFS transporter	mapped	native_locus_tag	1	GLCURt2r	
CCG_OR16_ACTI_06520	OR16	Actinoplanes sp. OR16	AP019371.1	ACTI_06520	ACTI_06520	BBH63967.1	trxB_1	fused response regulator/thioredoxin-disulfide reductase	mapped	native_locus_tag	1	TRDR	
CCG_OR16_ACTI_06530	OR16	Actinoplanes sp. OR16	AP019371.1	ACTI_06530	ACTI_06530	BBH63968.1		hypothetical protein	mapped	native_locus_tag	1	NADK	
CCG_OR16_ACTI_06610	OR16	Actinoplanes sp. OR16	AP019371.1	ACTI_06610	ACTI_06610	BBH63976.1		adenosylcobinamide amidohydrolase	mapped	native_locus_tag	1	ADOCBIAH	
CCG_OR16_ACTI_06670	OR16	Actinoplanes sp. OR16	AP019371.1	ACTI_06670	ACTI_06670	BBH63982.1		multidrug ABC transporter ATP-binding protein	mapped	native_locus_tag	15	PE120abcpp;PE141abcpp;PE160abcpp;PE161abcpp;PE180abcpp;PE181abcpp;PG140abcpp;PG160abcpp;PG161abcpp;PG180abcpp;PG181abcpp;PGP160abcpp;PGP161abcpp;PGP180abcpp;PGP181abcpp	
CCG_OR16_ACTI_06770	OR16	Actinoplanes sp. OR16	AP019371.1	ACTI_06770	ACTI_06770	BBH63992.1		sugar ABC transporter substrate-binding protein	mapped	native_locus_tag	1	GLCabcpp	
CCG_OR16_ACTI_06850	OR16	Actinoplanes sp. OR16	AP019371.1	ACTI_06850	ACTI_06850	BBH64000.1		hypothetical protein	mapped	native_locus_tag	2	CDGUNPD;DGUNC	
CCG_OR16_ACTI_07070	OR16	Actinoplanes sp. OR16	AP019371.1	ACTI_07070	ACTI_07070	BBH64022.1		glycerophosphoryl diester phosphodiesterase	mapped	native_locus_tag	1	GPDDA2	
CCG_OR16_ACTI_07090	OR16	Actinoplanes sp. OR16	AP019371.1	ACTI_07090	ACTI_07090	BBH64024.1		siderophore-interacting protein	mapped	native_locus_tag	2	CMCBTFL;CMCBTFU	
CCG_OR16_ACTI_07100	OR16	Actinoplanes sp. OR16	AP019371.1	ACTI_07100	ACTI_07100	BBH64025.1		MFS transporter	mapped	native_locus_tag	1	CYANt2pp	
CCG_OR16_ACTI_07130	OR16	Actinoplanes sp. OR16	AP019371.1	ACTI_07130	ACTI_07130	BBH64028.1		putative 4'-phosphopantetheinyl transferase	mapped	native_locus_tag	1	ACPS1	
CCG_OR16_ACTI_07240	OR16	Actinoplanes sp. OR16	AP019371.1	ACTI_07240	ACTI_07240	BBH64039.1		4-hydroxyphenylpyruvate dioxygenase	mapped	native_locus_tag	1	DHSKDH	
CCG_OR16_ACTI_07260	OR16	Actinoplanes sp. OR16	AP019371.1	ACTI_07260	ACTI_07260	BBH64041.1	aroE_2	shikimate dehydrogenase	mapped	native_locus_tag	2	QUIDHy;SHK3Dr	
CCG_OR16_ACTI_07340	OR16	Actinoplanes sp. OR16	AP019371.1	ACTI_07340	ACTI_07340	BBH64049.1		hypothetical protein	mapped	native_locus_tag	1	XYLe	
CCG_OR16_ACTI_07410	OR16	Actinoplanes sp. OR16	AP019371.1	ACTI_07410	ACTI_07410	BBH64056.1		hypothetical protein	mapped	native_locus_tag	1	PREPTHS2	
CCG_OR16_ACTI_07560	OR16	Actinoplanes sp. OR16	AP019371.1	ACTI_07560	ACTI_07560	BBH64071.1		serine protease	mapped	native_locus_tag	1	PEPA	
CCG_OR16_ACTI_07790	OR16	Actinoplanes sp. OR16	AP019371.1	ACTI_07790	ACTI_07790	BBH64094.1		pyridoxal-dependent decarboxylase	mapped	native_locus_tag	1	AIRCr	
CCG_OR16_ACTI_07810	OR16	Actinoplanes sp. OR16	AP019371.1	ACTI_07810	ACTI_07810	BBH64096.1		alpha-N-arabinofuranosidase	mapped	native_locus_tag	1	LAAF	
CCG_OR16_ACTI_07820	OR16	Actinoplanes sp. OR16	AP019371.1	ACTI_07820	ACTI_07820	BBH64097.1		ABC transporter permease	mapped	native_locus_tag	4	GLCabc;LCTSabc;MALTabc;RIBabc	
CCG_OR16_ACTI_07860	OR16	Actinoplanes sp. OR16	AP019371.1	ACTI_07860	ACTI_07860	BBH64101.1		MFS transporter	mapped	native_locus_tag	1	OXFOt4pp	
CCG_OR16_ACTI_07880	OR16	Actinoplanes sp. OR16	AP019371.1	ACTI_07880	ACTI_07880	BBH64103.1	acaD9	acyl-CoA dehydrogenase	mapped	native_locus_tag	17	ACOAD12f;ACOAD13f;ACOAD14f;ACOAD15f;ACOAD16f;ACOAD17f;ACOAD18f;ACOAD19f;ACOAD1f;ACOAD2f;ACOAD3f;ACOAD4f;ACOAD5f;ACOAD6f;ACOAD7f;ACOAD8f;VCOAD	
CCG_OR16_ACTI_07960	OR16	Actinoplanes sp. OR16	AP019371.1	ACTI_07960	ACTI_07960	BBH64111.1	poxB	pyruvate dehydrogenase	mapped	native_locus_tag	1	POX	
CCG_OR16_ACTI_07970	OR16	Actinoplanes sp. OR16	AP019371.1	ACTI_07970	ACTI_07970	BBH64112.1		hypothetical protein	mapped	native_locus_tag	4	PGSA160;PGSA161;PGSA180;PGSA181	
CCG_OR16_ACTI_08000	OR16	Actinoplanes sp. OR16	AP019371.1	ACTI_08000	ACTI_08000	BBH64115.1		cholesterol oxidase	mapped	native_locus_tag	1	CHOD	
CCG_OR16_ACTI_08230	OR16	Actinoplanes sp. OR16	AP019371.1	ACTI_08230	ACTI_08230	BBH64138.1		hypothetical protein	mapped	native_locus_tag	2	APRAUR;DHPPDA2	
CCG_OR16_ACTI_08260	OR16	Actinoplanes sp. OR16	AP019371.1	ACTI_08260	ACTI_08260	BBH64141.1	bioB	biotin synthase	mapped	native_locus_tag	3	BTS2;BTS3r;DTBTST	
CCG_OR16_ACTI_08270	OR16	Actinoplanes sp. OR16	AP019371.1	ACTI_08270	ACTI_08270	BBH64142.1		8-amino-7-oxononanoate synthase	mapped	native_locus_tag	1	AOXSr	
CCG_OR16_ACTI_08280	OR16	Actinoplanes sp. OR16	AP019371.1	ACTI_08280	ACTI_08280	BBH64143.1		hypothetical protein	mapped	native_locus_tag	1	DBTS	
CCG_OR16_ACTI_08330	OR16	Actinoplanes sp. OR16	AP019371.1	ACTI_08330	ACTI_08330	BBH64148.1		hypothetical protein	mapped	native_locus_tag	2	CDGUNPD;DGUNC	
CCG_OR16_ACTI_08440	OR16	Actinoplanes sp. OR16	AP019371.1	ACTI_08440	ACTI_08440	BBH64159.1		hypothetical protein	mapped	native_locus_tag	1	Kt1	
CCG_OR16_ACTI_08490	OR16	Actinoplanes sp. OR16	AP019371.1	ACTI_08490	ACTI_08490	BBH64164.1		peptide-methionine (R)-S-oxide reductase	mapped	native_locus_tag	1	METSOXR2	
CCG_OR16_ACTI_08530	OR16	Actinoplanes sp. OR16	AP019371.1	ACTI_08530	ACTI_08530	BBH64168.1	thyA	thymidylate synthase	mapped	native_locus_tag	1	TMDS	
CCG_OR16_ACTI_08540	OR16	Actinoplanes sp. OR16	AP019371.1	ACTI_08540	ACTI_08540	BBH64169.1	wrbA	NAD(P)H:quinone oxidoreductase type IV	mapped	native_locus_tag	2	NADH10;NADPHQR3	
CCG_OR16_ACTI_08550	OR16	Actinoplanes sp. OR16	AP019371.1	ACTI_08550	ACTI_08550	BBH64170.1		isoamylase	mapped	native_locus_tag	1	GLBRAN3	
CCG_OR16_ACTI_08580	OR16	Actinoplanes sp. OR16	AP019371.1	ACTI_08580	ACTI_08580	BBH64173.1	hemY	protoporphyrinogen oxidase	mapped	native_locus_tag	1	PPPGO	
CCG_OR16_ACTI_08590	OR16	Actinoplanes sp. OR16	AP019371.1	ACTI_08590	ACTI_08590	BBH64174.1	hemE	uroporphyrinogen decarboxylase	mapped	native_locus_tag	1	UPPDC1	
CCG_OR16_ACTI_08650	OR16	Actinoplanes sp. OR16	AP019371.1	ACTI_08650	ACTI_08650	BBH64180.1	fadA_1	acetyl-CoA acyltransferase	mapped	native_locus_tag	15	ACACT10;ACACT11;ACACT12;ACACT13;ACACT1r;ACACT2r;ACACT3r;ACACT4r;ACACT5r;ACACT6r;ACACT7r;ACACT8;ACACT8r;ACACT9;KAT1	
CCG_OR16_ACTI_08660	OR16	Actinoplanes sp. OR16	AP019371.1	ACTI_08660	ACTI_08660	BBH64181.1		3-hydroxyacyl-CoA dehydrogenase	mapped	native_locus_tag	80	23CTI1;23CTI2;23CTI3;3HPTNCOAR;CTECOAI6;CTECOAI7;CTECOAI8;DHACOAH;ECOAH1;ECOAH14;ECOAH15;ECOAH16;ECOAH17;ECOAH18;ECOAH19;ECOAH2;ECOAH20;ECOAH21;ECOAH22;ECOAH23;ECOAH24;ECOAH25;ECOAH26;ECOAH27;ECOAH28;ECOAH29;ECOAH3;ECOAH30;ECOAH31;ECOAH34;ECOAH35;ECOAH36;ECOAH37;ECOAH38;ECOAH4;ECOAH5;ECOAH6;ECOAH7;ECOAH8;HACD1;HACD10i;HACD11i;HACD12i;HACD13i;HACD14i;HACD15i;HACD16i;HACD17i;HACD18i;HACD19i;HACD1i;HACD2;HACD20i;HACD21i;HACD22i;HACD23i;HACD24i;HACD25i;HACD26i;HACD29i;HACD2i;HACD3;HACD30i;HACD31i;HACD32i;HACD33i;HACD3i;HACD4;HACD4i;HACD5;HACD5i;HACD6;HACD6i;HACD7;HACD7i;HACD8;HACD8i;HBCE;HVCD;VECOAH	
CCG_OR16_ACTI_08730	OR16	Actinoplanes sp. OR16	AP019371.1	ACTI_08730	ACTI_08730	BBH64188.1	dxs	1-deoxy-D-xylulose-5-phosphate synthase	mapped	native_locus_tag	1	DXPS	
CCG_OR16_ACTI_08740	OR16	Actinoplanes sp. OR16	AP019371.1	ACTI_08740	ACTI_08740	BBH64189.1	folD	bifunctional protein FolD	mapped	native_locus_tag	2	MTHFC;MTHFD	
CCG_OR16_ACTI_08770	OR16	Actinoplanes sp. OR16	AP019371.1	ACTI_08770	ACTI_08770	BBH64192.1	trkA_1	potassium transporter TrkA	mapped	native_locus_tag	1	Kt1	
CCG_OR16_ACTI_08780	OR16	Actinoplanes sp. OR16	AP019371.1	ACTI_08780	ACTI_08780	BBH64193.1	trkA_2	potassium transporter TrkA	mapped	native_locus_tag	1	Kt1	
CCG_OR16_ACTI_08820	OR16	Actinoplanes sp. OR16	AP019371.1	ACTI_08820	ACTI_08820	BBH64197.1	dut	deoxyuridine 5'-triphosphate nucleotidohydrolase	mapped	native_locus_tag	1	DUTPDP	
CCG_OR16_ACTI_08870	OR16	Actinoplanes sp. OR16	AP019371.1	ACTI_08870	ACTI_08870	BBH64202.1	suhB	inositol monophosphatase	mapped	native_locus_tag	2	MI1PP;MI3PP	
CCG_OR16_ACTI_08930	OR16	Actinoplanes sp. OR16	AP019371.1	ACTI_08930	ACTI_08930	BBH64208.1	psuG	pseudouridine-5'-phosphate glycosidase	mapped	native_locus_tag	1	YUMPS	
CCG_OR16_ACTI_08940	OR16	Actinoplanes sp. OR16	AP019371.1	ACTI_08940	ACTI_08940	BBH64209.1	rbsK_1	ribokinase	mapped	native_locus_tag	2	DRBK;RBK	
CCG_OR16_ACTI_09190	OR16	Actinoplanes sp. OR16	AP019371.1	ACTI_09190	ACTI_09190	BBH64234.1	acuC	acetoin utilization protein AcuC	mapped	native_locus_tag	1	ACTD2	
CCG_OR16_ACTI_09200	OR16	Actinoplanes sp. OR16	AP019371.1	ACTI_09200	ACTI_09200	BBH64235.1		GNAT family N-acetyltransferase	mapped	native_locus_tag	1	ACS	
CCG_OR16_ACTI_09220	OR16	Actinoplanes sp. OR16	AP019371.1	ACTI_09220	ACTI_09220	BBH64237.1	nrdA	ribonucleoside-diphosphate reductase subunit alpha	mapped	native_locus_tag	4	RNDR1;RNDR2;RNDR3;RNDR4	
CCG_OR16_ACTI_09260	OR16	Actinoplanes sp. OR16	AP019371.1	ACTI_09260	ACTI_09260	BBH64241.1	hflX	GTPase HflX	mapped	native_locus_tag	1	NTP3	
CCG_OR16_ACTI_09270	OR16	Actinoplanes sp. OR16	AP019371.1	ACTI_09270	ACTI_09270	BBH64242.1	sfcA	malate dehydrogenase	mapped	native_locus_tag	1	ME2	
CCG_OR16_ACTI_09280	OR16	Actinoplanes sp. OR16	AP019371.1	ACTI_09280	ACTI_09280	BBH64243.1		glycerophosphodiester phosphodiesterase	mapped	native_locus_tag	9	GPDDA1;GPDDA1_1;GPDDA2;GPDDA2_1;GPDDA3;GPDDA3_1;GPDDA4;GPDDA4_1;GPDDA5	
CCG_OR16_ACTI_09290	OR16	Actinoplanes sp. OR16	AP019371.1	ACTI_09290	ACTI_09290	BBH64244.1	dapF	diaminopimelate epimerase	mapped	native_locus_tag	1	DAPE	
CCG_OR16_ACTI_09320	OR16	Actinoplanes sp. OR16	AP019371.1	ACTI_09320	ACTI_09320	BBH64247.1		serine/threonine dehydratase	mapped	native_locus_tag	2	SERD_L;THRD_L	
CCG_OR16_ACTI_09360	OR16	Actinoplanes sp. OR16	AP019371.1	ACTI_09360	ACTI_09360	BBH64251.1		arginine ABC transporter ATP-binding protein	mapped	native_locus_tag	8	ARGabcpp;GLNabc;GLUabcpp;GLYabcpp;ILEabcpp;LEUabcpp;METabcpp;VALabcpp	
CCG_OR16_ACTI_09370	OR16	Actinoplanes sp. OR16	AP019371.1	ACTI_09370	ACTI_09370	BBH64252.1		glutamate-binding protein	mapped	native_locus_tag	1	GLNabc	
CCG_OR16_ACTI_09390	OR16	Actinoplanes sp. OR16	AP019371.1	ACTI_09390	ACTI_09390	BBH64254.1		glutamate ABC transporter permease	mapped	native_locus_tag	2	GLNabc;GLUabcpp	
CCG_OR16_ACTI_09460	OR16	Actinoplanes sp. OR16	AP019371.1	ACTI_09460	ACTI_09460	BBH64261.1		putative membrane protein	mapped	native_locus_tag	2	LEUt3pp;METt3pp	
CCG_OR16_ACTI_09560	OR16	Actinoplanes sp. OR16	AP019371.1	ACTI_09560	ACTI_09560	BBH64271.1		competence damage-inducible protein A	mapped	native_locus_tag	1	NMNDA	
CCG_OR16_ACTI_09570	OR16	Actinoplanes sp. OR16	AP019371.1	ACTI_09570	ACTI_09570	BBH64272.1	pgsA_1	CDP-diacylglycerol--glycerol-3-phosphate 3-phosphatidyltransferase	mapped	native_locus_tag	1	PGSA160	
CCG_OR16_ACTI_09660	OR16	Actinoplanes sp. OR16	AP019371.1	ACTI_09660	ACTI_09660	BBH64281.1	dapA2_1	4-hydroxy-tetrahydrodipicolinate synthase 2	mapped	native_locus_tag	1	DHDPS	
CCG_OR16_ACTI_09730	OR16	Actinoplanes sp. OR16	AP019371.1	ACTI_09730	ACTI_09730	BBH64288.1	dapB	4-hydroxy-tetrahydrodipicolinate reductase	mapped	native_locus_tag	1	DHDPRy	
CCG_OR16_ACTI_09780	OR16	Actinoplanes sp. OR16	AP019371.1	ACTI_09780	ACTI_09780	BBH64293.1		riboflavin biosynthesis protein	mapped	native_locus_tag	2	FMNAT;RBFK	
CCG_OR16_ACTI_09790	OR16	Actinoplanes sp. OR16	AP019371.1	ACTI_09790	ACTI_09790	BBH64294.1	truB	tRNA pseudouridine synthase B	mapped	native_locus_tag	1	YUMPS	
CCG_OR16_ACTI_09810	OR16	Actinoplanes sp. OR16	AP019371.1	ACTI_09810	ACTI_09810	BBH64296.1	nrnA	bifunctional oligoribonuclease and PAP phosphatase NrnA	mapped	native_locus_tag	5	DASYN120;DASYN160;DASYN161;DASYN180;DASYN181	
CCG_OR16_ACTI_09920	OR16	Actinoplanes sp. OR16	AP019371.1	ACTI_09920	ACTI_09920	BBH64307.1	map_1	methionine aminopeptidase	mapped	native_locus_tag	1	AMPTASECG	
CCG_OR16_ACTI_09950	OR16	Actinoplanes sp. OR16	AP019371.1	ACTI_09950	ACTI_09950	BBH64310.1		putative glutamine amidotransferase	mapped	native_locus_tag	3	GG15DAPAH;GGDAPAH;GGGABAH	
CCG_OR16_ACTI_09960	OR16	Actinoplanes sp. OR16	AP019371.1	ACTI_09960	ACTI_09960	BBH64311.1		gamma-glutamyl-gamma-aminobutyrate hydrolase	mapped	native_locus_tag	1	GGGABAH	
CCG_OR16_ACTI_09980	OR16	Actinoplanes sp. OR16	AP019371.1	ACTI_09980	ACTI_09980	BBH64313.1	feaB	phenylacetaldehyde dehydrogenase	mapped	native_locus_tag	2	ALDD19xr;GLYALDDr	
CCG_OR16_ACTI_09990	OR16	Actinoplanes sp. OR16	AP019371.1	ACTI_09990	ACTI_09990	BBH64314.1	glnA4-1	glutamine synthetase	mapped	native_locus_tag	1	GLNS	
CCG_OR16_ACTI_10000	OR16	Actinoplanes sp. OR16	AP019371.1	ACTI_10000	ACTI_10000	BBH64315.1		amino acid transporter	mapped	native_locus_tag	2	ABUTt2r;CHLt2	
CCG_OR16_ACTI_10090	OR16	Actinoplanes sp. OR16	AP019371.1	ACTI_10090	ACTI_10090	BBH64324.1		hypothetical protein	mapped	native_locus_tag	1	ZNabc	
CCG_OR16_ACTI_10140	OR16	Actinoplanes sp. OR16	AP019371.1	ACTI_10140	ACTI_10140	BBH64329.1	ispG1	4-hydroxy-3-methylbut-2-en-1-yl diphosphate synthase (flavodoxin) 1	mapped	native_locus_tag	1	HMEDS	
CCG_OR16_ACTI_10160	OR16	Actinoplanes sp. OR16	AP019371.1	ACTI_10160	ACTI_10160	BBH64331.1	dxr	1-deoxy-D-xylulose 5-phosphate reductoisomerase	mapped	native_locus_tag	1	DXPRIi	
CCG_OR16_ACTI_10230	OR16	Actinoplanes sp. OR16	AP019371.1	ACTI_10230	ACTI_10230	BBH64338.1		hypothetical protein	mapped	native_locus_tag	1	DASYN160	
CCG_OR16_ACTI_10250	OR16	Actinoplanes sp. OR16	AP019371.1	ACTI_10250	ACTI_10250	BBH64340.1	pyrH	uridylate kinase	mapped	native_locus_tag	1	UMPK	
CCG_OR16_ACTI_10340	OR16	Actinoplanes sp. OR16	AP019371.1	ACTI_10340	ACTI_10340	BBH64349.1		aminotransferase class V	mapped	native_locus_tag	1	PYOVDM1	
CCG_OR16_ACTI_10680	OR16	Actinoplanes sp. OR16	AP019371.1	ACTI_10680	ACTI_10680	BBH64383.1	amtB	ammonium transporter	mapped	native_locus_tag	1	NH4t	
CCG_OR16_ACTI_10820	OR16	Actinoplanes sp. OR16	AP019371.1	ACTI_10820	ACTI_10820	BBH64397.1		hypothetical protein	mapped	native_locus_tag	6	ACPPAT120;ACPPAT141;ACPPAT160;ACPPAT161;ACPPAT180;ACPPAT181	
CCG_OR16_ACTI_10860	OR16	Actinoplanes sp. OR16	AP019371.1	ACTI_10860	ACTI_10860	BBH64401.1	coaD_1	phosphopantetheine adenylyltransferase	mapped	native_locus_tag	1	PTPATi	
CCG_OR16_ACTI_10970	OR16	Actinoplanes sp. OR16	AP019371.1	ACTI_10970	ACTI_10970	BBH64412.1	thiL	thiamine-monophosphate kinase	mapped	native_locus_tag	1	TMPK	
CCG_OR16_ACTI_11000	OR16	Actinoplanes sp. OR16	AP019371.1	ACTI_11000	ACTI_11000	BBH64415.1	ddlA_1	D-alanine--D-alanine ligase	mapped	native_locus_tag	1	ALAALAr	
CCG_OR16_ACTI_11030	OR16	Actinoplanes sp. OR16	AP019371.1	ACTI_11030	ACTI_11030	BBH64418.1	cysA	putative cystathionine gamma-lyase	mapped	native_locus_tag	3	CYSTGL;SHSL1;TRPAS1	
CCG_OR16_ACTI_11040	OR16	Actinoplanes sp. OR16	AP019371.1	ACTI_11040	ACTI_11040	BBH64419.1	gpsA_1	glycerol-3-phosphate dehydrogenase [NAD(P)+	mapped	native_locus_tag	1	G3PD1ir	
CCG_OR16_ACTI_11080	OR16	Actinoplanes sp. OR16	AP019371.1	ACTI_11080	ACTI_11080	BBH64423.1	ppk	polyphosphate kinase	mapped	native_locus_tag	1	PPK2	
CCG_OR16_ACTI_11120	OR16	Actinoplanes sp. OR16	AP019371.1	ACTI_11120	ACTI_11120	BBH64427.1	leuD	3-isopropylmalate dehydratase small subunit	mapped	native_locus_tag	2	IPPMIa;IPPMIb	
CCG_OR16_ACTI_11130	OR16	Actinoplanes sp. OR16	AP019371.1	ACTI_11130	ACTI_11130	BBH64428.1	leuC	3-isopropylmalate dehydratase large subunit	mapped	native_locus_tag	2	IPPMIa;IPPMIb	
CCG_OR16_ACTI_11250	OR16	Actinoplanes sp. OR16	AP019371.1	ACTI_11250	ACTI_11250	BBH64440.1		zinc protease	mapped	native_locus_tag	2	MLDEP1pp;MLDEP2pp	
CCG_OR16_ACTI_11290	OR16	Actinoplanes sp. OR16	AP019371.1	ACTI_11290	ACTI_11290	BBH64444.1	leuA_1	2-isopropylmalate synthase	mapped	native_locus_tag	1	IPPS	
CCG_OR16_ACTI_11310	OR16	Actinoplanes sp. OR16	AP019371.1	ACTI_11310	ACTI_11310	BBH64446.1		branched-chain-amino-acid aminotransferase	mapped	native_locus_tag	3	ILETA;LEUTA;VALTA	
CCG_OR16_ACTI_11320	OR16	Actinoplanes sp. OR16	AP019371.1	ACTI_11320	ACTI_11320	BBH64447.1	leuB	3-isopropylmalate dehydrogenase	mapped	native_locus_tag	1	IPMD	
CCG_OR16_ACTI_11340	OR16	Actinoplanes sp. OR16	AP019371.1	ACTI_11340	ACTI_11340	BBH64449.1		D-3-phosphoglycerate dehydrogenase	mapped	native_locus_tag	1	PGCD	
CCG_OR16_ACTI_11350	OR16	Actinoplanes sp. OR16	AP019371.1	ACTI_11350	ACTI_11350	BBH64450.1	ilvC	ketol-acid reductoisomerase	mapped	native_locus_tag	2	KARA1;KARA2	
CCG_OR16_ACTI_11360	OR16	Actinoplanes sp. OR16	AP019371.1	ACTI_11360	ACTI_11360	BBH64451.1	ilvH	acetolactate synthase small subunit	mapped	native_locus_tag	2	ACHBS;ACLS	
CCG_OR16_ACTI_11370	OR16	Actinoplanes sp. OR16	AP019371.1	ACTI_11370	ACTI_11370	BBH64452.1	ilvB_1	acetolactate synthase	mapped	native_locus_tag	2	ACHBS;ACLS	
CCG_OR16_ACTI_11390	OR16	Actinoplanes sp. OR16	AP019371.1	ACTI_11390	ACTI_11390	BBH64454.1	ilvD_1	dihydroxy-acid dehydratase	mapped	native_locus_tag	2	DHAD1;DHAD2	
CCG_OR16_ACTI_11400	OR16	Actinoplanes sp. OR16	AP019371.1	ACTI_11400	ACTI_11400	BBH64455.1		NUDIX hydrolase	mapped	native_locus_tag	3	ADPRDP;DNTPPA;NTPP5	
CCG_OR16_ACTI_11410	OR16	Actinoplanes sp. OR16	AP019371.1	ACTI_11410	ACTI_11410	BBH64456.1		sugar ABC transporter permease	mapped	native_locus_tag	3	GLCabc;MALTabc;RIBabc	
CCG_OR16_ACTI_11470	OR16	Actinoplanes sp. OR16	AP019371.1	ACTI_11470	ACTI_11470	BBH64462.1		oxidoreductase	mapped	native_locus_tag	1	GLCDpp	
CCG_OR16_ACTI_11530	OR16	Actinoplanes sp. OR16	AP019371.1	ACTI_11530	ACTI_11530	BBH64468.1		hypothetical protein	mapped	native_locus_tag	2	NADDP;NADDPp_1	
CCG_OR16_ACTI_11630	OR16	Actinoplanes sp. OR16	AP019371.1	ACTI_11630	ACTI_11630	BBH64478.1		enoyl-CoA hydratase	mapped	native_locus_tag	41	CTECOAI6;CTECOAI7;CTECOAI8;ECOAH1;ECOAH12;ECOAH14;ECOAH15;ECOAH16;ECOAH17;ECOAH18;ECOAH19;ECOAH2;ECOAH20;ECOAH21;ECOAH22;ECOAH23;ECOAH24;ECOAH25;ECOAH26;ECOAH27;ECOAH28;ECOAH29;ECOAH3;ECOAH30;ECOAH31;ECOAH34;ECOAH35;ECOAH36;ECOAH37;ECOAH38;ECOAH4;ECOAH5;ECOAH6;ECOAH7;ECOAH8;ECOAH9ir;HACD8i;HBCHLR;HMGL_2;NPHS;VECOAH	
CCG_OR16_ACTI_11680	OR16	Actinoplanes sp. OR16	AP019371.1	ACTI_11680	ACTI_11680	BBH64483.1	rbsK_2	ribokinase	mapped	native_locus_tag	2	DRBK;RBK	
CCG_OR16_ACTI_11690	OR16	Actinoplanes sp. OR16	AP019371.1	ACTI_11690	ACTI_11690	BBH64484.1		iron ABC transporter ATP-binding protein	mapped	native_locus_tag	4	MNabc;MNabc_1;MNt2pp;ZNabc	
CCG_OR16_ACTI_11740	OR16	Actinoplanes sp. OR16	AP019371.1	ACTI_11740	ACTI_11740	BBH64489.1		NAD-glutamate dehydrogenase	mapped	native_locus_tag	1	GLUDxi	
CCG_OR16_ACTI_11760	OR16	Actinoplanes sp. OR16	AP019371.1	ACTI_11760	ACTI_11760	BBH64491.1		hypothetical protein	mapped	native_locus_tag	1	ARGN_1	
CCG_OR16_ACTI_11770	OR16	Actinoplanes sp. OR16	AP019371.1	ACTI_11770	ACTI_11770	BBH64492.1		co-chaperone YbbN	mapped	native_locus_tag	10	APSR;METSOXR1;METSOXR2;PAPSR;RNDR1;RNDR2;RNDR3;RNDR4;THIORDXi;TRDR	
CCG_OR16_ACTI_11820	OR16	Actinoplanes sp. OR16	AP019371.1	ACTI_11820	ACTI_11820	BBH64497.1		transporter	mapped	native_locus_tag	1	NTP3	
CCG_OR16_ACTI_11830	OR16	Actinoplanes sp. OR16	AP019371.1	ACTI_11830	ACTI_11830	BBH64498.1		acetyl-CoA acetyltransferase	mapped	native_locus_tag	7	ACACT1r;FAO1;FAO10;FAO11;FAO2;FAO3;MACCOAT	
CCG_OR16_ACTI_11840	OR16	Actinoplanes sp. OR16	AP019371.1	ACTI_11840	ACTI_11840	BBH64499.1	mce	methylmalonyl-CoA epimerase	mapped	native_locus_tag	1	MME	
CCG_OR16_ACTI_11910	OR16	Actinoplanes sp. OR16	AP019371.1	ACTI_11910	ACTI_11910	BBH64506.1		aldehyde dehydrogenase	mapped	native_locus_tag	1	AASAD3	
CCG_OR16_ACTI_11920	OR16	Actinoplanes sp. OR16	AP019371.1	ACTI_11920	ACTI_11920	BBH64507.1		hypothetical protein	mapped	native_locus_tag	2	ARGabcpp;PHEMEabcpp	
CCG_OR16_ACTI_11990	OR16	Actinoplanes sp. OR16	AP019371.1	ACTI_11990	ACTI_11990	BBH64514.1		3-hydroxybutyryl-CoA dehydrogenase	mapped	native_locus_tag	12	HACD1;HACD1_1;HACD1i;HACD2;HACD3;HACD4;HACD5;HACD6;HACD7;HACD8;HBCO_nadp;HVCD	
CCG_OR16_ACTI_12010	OR16	Actinoplanes sp. OR16	AP019371.1	ACTI_12010	ACTI_12010	BBH64516.1	murA_1	UDP-N-acetylglucosamine 1-carboxyvinyltransferase	mapped	native_locus_tag	1	UAGCVT	
CCG_OR16_ACTI_12160	OR16	Actinoplanes sp. OR16	AP019371.1	ACTI_12160	ACTI_12160	BBH64531.1	glyA_1	serine hydroxymethyltransferase	mapped	native_locus_tag	7	ALATA_D2;ALATA_L2;GHMT2r;MS_1;THFAT;THRA;THRA2	
CCG_OR16_ACTI_12170	OR16	Actinoplanes sp. OR16	AP019371.1	ACTI_12170	ACTI_12170	BBH64532.1		NAD(P)-dependent oxidoreductase	mapped	native_locus_tag	2	CHOL1;UDPG4E	
CCG_OR16_ACTI_12190	OR16	Actinoplanes sp. OR16	AP019371.1	ACTI_12190	ACTI_12190	BBH64534.1		hypothetical protein	mapped	native_locus_tag	1	ACP1_FMN	
CCG_OR16_ACTI_12210	OR16	Actinoplanes sp. OR16	AP019371.1	ACTI_12210	ACTI_12210	BBH64536.1	prmC	release factor glutamine methyltransferase	mapped	native_locus_tag	1	PPPGO	
CCG_OR16_ACTI_12240	OR16	Actinoplanes sp. OR16	AP019371.1	ACTI_12240	ACTI_12240	BBH64539.1		hypothetical protein	mapped	native_locus_tag	1	PRFGS_1	
CCG_OR16_ACTI_12320	OR16	Actinoplanes sp. OR16	AP019371.1	ACTI_12320	ACTI_12320	BBH64547.1	thrB	homoserine kinase	mapped	native_locus_tag	1	HSK	
CCG_OR16_ACTI_12340	OR16	Actinoplanes sp. OR16	AP019371.1	ACTI_12340	ACTI_12340	BBH64549.1		hydrogenase expression protein	mapped	native_locus_tag	5	CD2t4pp;COBALTt4pp;FE2t4pp;NI2t4pp;ZN2t4pp	
CCG_OR16_ACTI_12360	OR16	Actinoplanes sp. OR16	AP019371.1	ACTI_12360	ACTI_12360	BBH64551.1		threonine synthase	mapped	native_locus_tag	3	4HTHRS_1;THRS;THRS_2	
CCG_OR16_ACTI_12370	OR16	Actinoplanes sp. OR16	AP019371.1	ACTI_12370	ACTI_12370	BBH64552.1		homoserine dehydrogenase	mapped	native_locus_tag	1	HSDy	
CCG_OR16_ACTI_12380	OR16	Actinoplanes sp. OR16	AP019371.1	ACTI_12380	ACTI_12380	BBH64553.1	lysA_1	diaminopimelate decarboxylase	mapped	native_locus_tag	1	DAPDC	
CCG_OR16_ACTI_12580	OR16	Actinoplanes sp. OR16	AP019371.1	ACTI_12580	ACTI_12580	BBH64573.1		putative glutathionylspermidine synthase	mapped	native_locus_tag	2	GSPMDA;GSPMDS	
CCG_OR16_ACTI_12610	OR16	Actinoplanes sp. OR16	AP019371.1	ACTI_12610	ACTI_12610	BBH64576.1		trehalose synthase	mapped	native_locus_tag	2	MAK;MTI	
CCG_OR16_ACTI_12650	OR16	Actinoplanes sp. OR16	AP019371.1	ACTI_12650	ACTI_12650	BBH64580.1		hypothetical protein	mapped	native_locus_tag	1	ALKP	
CCG_OR16_ACTI_12740	OR16	Actinoplanes sp. OR16	AP019371.1	ACTI_12740	ACTI_12740	BBH64589.1		amidinotransferase	mapped	native_locus_tag	1	ARGDI_1	
CCG_OR16_ACTI_12750	OR16	Actinoplanes sp. OR16	AP019371.1	ACTI_12750	ACTI_12750	BBH64590.1	rocD	ornithine--oxo-acid transaminase	mapped	native_locus_tag	1	ORNTA_1	
CCG_OR16_ACTI_12860	OR16	Actinoplanes sp. OR16	AP019371.1	ACTI_12860	ACTI_12860	BBH64601.1		putative DNA-binding response regulator PhoP	mapped	native_locus_tag	1	CDGUNPD	
CCG_OR16_ACTI_12870	OR16	Actinoplanes sp. OR16	AP019371.1	ACTI_12870	ACTI_12870	BBH64602.1		hypothetical protein	mapped	native_locus_tag	6	AGPAT120;AGPAT141;AGPAT160;AGPAT161;AGPAT180;AGPAT181	
CCG_OR16_ACTI_12900	OR16	Actinoplanes sp. OR16	AP019371.1	ACTI_12900	ACTI_12900	BBH64605.1	kgd	alpha-ketoglutarate decarboxylase	mapped	native_locus_tag	3	AKGDa;KGD2;OXGDC	
CCG_OR16_ACTI_12920	OR16	Actinoplanes sp. OR16	AP019371.1	ACTI_12920	ACTI_12920	BBH64607.1	pta	phosphate acetyltransferase	mapped	native_locus_tag	2	PTA2;PTAr	
CCG_OR16_ACTI_12930	OR16	Actinoplanes sp. OR16	AP019371.1	ACTI_12930	ACTI_12930	BBH64608.1	ackA	acetate kinase	mapped	native_locus_tag	2	ACKr;PPAKr	
CCG_OR16_ACTI_12950	OR16	Actinoplanes sp. OR16	AP019371.1	ACTI_12950	ACTI_12950	BBH64610.1		Zn-dependent oxidoreductase	mapped	native_locus_tag	1	PCNO	
CCG_OR16_ACTI_12960	OR16	Actinoplanes sp. OR16	AP019371.1	ACTI_12960	ACTI_12960	BBH64611.1		malate dehydrogenase	mapped	native_locus_tag	2	ME1;ME2	
CCG_OR16_ACTI_13050	OR16	Actinoplanes sp. OR16	AP019371.1	ACTI_13050	ACTI_13050	BBH64620.1	cysH	phosphoadenosine phosphosulfate reductase	mapped	native_locus_tag	2	APSR;PAPSR	
CCG_OR16_ACTI_13060	OR16	Actinoplanes sp. OR16	AP019371.1	ACTI_13060	ACTI_13060	BBH64621.1	nirA	ferredoxin--nitrite reductase	mapped	native_locus_tag	1	SIRA2	
CCG_OR16_ACTI_13080	OR16	Actinoplanes sp. OR16	AP019371.1	ACTI_13080	ACTI_13080	BBH64623.1		glutamine-fructose-6-phosphate transaminase	mapped	native_locus_tag	1	GF6PTA	
CCG_OR16_ACTI_13100	OR16	Actinoplanes sp. OR16	AP019371.1	ACTI_13100	ACTI_13100	BBH64625.1		biotinylated protein TB7.3	mapped	native_locus_tag	3	ALPHNH;OAADCS;UREASE	
CCG_OR16_ACTI_13160	OR16	Actinoplanes sp. OR16	AP019371.1	ACTI_13160	ACTI_13160	BBH64631.1	aroA1	3-phosphoshikimate 1-carboxyvinyltransferase 1	mapped	native_locus_tag	1	PSCVT	
CCG_OR16_ACTI_13170	OR16	Actinoplanes sp. OR16	AP019371.1	ACTI_13170	ACTI_13170	BBH64632.1	rsgA_1	putative ribosome biogenesis GTPase RsgA	mapped	native_locus_tag	4	NTP1;NTP10;NTP3;NTP5	
CCG_OR16_ACTI_13180	OR16	Actinoplanes sp. OR16	AP019371.1	ACTI_13180	ACTI_13180	BBH64633.1	hisN	histidinol-phosphatase	mapped	native_locus_tag	2	BPNT;MI1PP	
CCG_OR16_ACTI_13220	OR16	Actinoplanes sp. OR16	AP019371.1	ACTI_13220	ACTI_13220	BBH64637.1		hydrolase	mapped	native_locus_tag	2	GLS;GLS2	
CCG_OR16_ACTI_13250	OR16	Actinoplanes sp. OR16	AP019371.1	ACTI_13250	ACTI_13250	BBH64640.1	malQ	4-alpha-glucanotransferase	mapped	native_locus_tag	4	AMALT1;AMALT2;AMALT3;AMALT4	
CCG_OR16_ACTI_13460	OR16	Actinoplanes sp. OR16	AP019371.1	ACTI_13460	ACTI_13460	BBH64661.1		putative NADH pyrophosphatase/NUDIX hydrolase	mapped	native_locus_tag	1	NADDP	
CCG_OR16_ACTI_13470	OR16	Actinoplanes sp. OR16	AP019371.1	ACTI_13470	ACTI_13470	BBH64662.1		peptidase M16	mapped	native_locus_tag	2	MLDEP1pp;MLDEP2pp	
CCG_OR16_ACTI_13500	OR16	Actinoplanes sp. OR16	AP019371.1	ACTI_13500	ACTI_13500	BBH64665.1		lipoprotein	mapped	native_locus_tag	4	BUTSO3abcpp;ETHSO3abcpp;ISETACabcpp;SULFACabcpp	
CCG_OR16_ACTI_13520	OR16	Actinoplanes sp. OR16	AP019371.1	ACTI_13520	ACTI_13520	BBH64667.1	ssuC_1	sulfate ABC transporter permease	mapped	native_locus_tag	4	BUTSO3abcpp;ETHSO3abcpp;ISETACabcpp;SULFACabcpp	
CCG_OR16_ACTI_13540	OR16	Actinoplanes sp. OR16	AP019371.1	ACTI_13540	ACTI_13540	BBH64669.1		1-acyl-sn-glycerol-3-phosphate acyltransferase	mapped	native_locus_tag	5	AGPAT160;AGPAT161;AGPAT180;AGPAT181;AGPATr_BS	
CCG_OR16_ACTI_13610	OR16	Actinoplanes sp. OR16	AP019371.1	ACTI_13610	ACTI_13610	BBH64676.1		cytokinin riboside 5'-monophosphate phosphoribohydrolase	mapped	native_locus_tag	1	LYSDC	
CCG_OR16_ACTI_13640	OR16	Actinoplanes sp. OR16	AP019371.1	ACTI_13640	ACTI_13640	BBH64679.1	dapD	2,3,4,5-tetrahydropyridine-2,6-dicarboxylate N-succinyltransferase	mapped	native_locus_tag	1	THDPS	
CCG_OR16_ACTI_13660	OR16	Actinoplanes sp. OR16	AP019371.1	ACTI_13660	ACTI_13660	BBH64681.1		amino acid transporter	mapped	native_locus_tag	1	LYSt3r	
CCG_OR16_ACTI_13710	OR16	Actinoplanes sp. OR16	AP019371.1	ACTI_13710	ACTI_13710	BBH64686.1		aminotransferase	mapped	native_locus_tag	1	SDPTA	
CCG_OR16_ACTI_13800	OR16	Actinoplanes sp. OR16	AP019371.1	ACTI_13800	ACTI_13800	BBH64695.1		membrane protein	mapped	native_locus_tag	1	SUCD1	
CCG_OR16_ACTI_13810	OR16	Actinoplanes sp. OR16	AP019371.1	ACTI_13810	ACTI_13810	BBH64696.1	sdhA_1	succinate dehydrogenase flavoprotein subunit	mapped	native_locus_tag	3	FRD2;FRD3;SUCD1	
CCG_OR16_ACTI_13820	OR16	Actinoplanes sp. OR16	AP019371.1	ACTI_13820	ACTI_13820	BBH64697.1		hypothetical protein	mapped	native_locus_tag	3	FRD2;FRD3;SUCD1	
CCG_OR16_ACTI_13850	OR16	Actinoplanes sp. OR16	AP019371.1	ACTI_13850	ACTI_13850	BBH64700.1	livG	ABC transporter ATP-binding protein	mapped	native_locus_tag	5	ALAabc;ILEabc;LEUabc;THRabc;VALabc	
CCG_OR16_ACTI_13860	OR16	Actinoplanes sp. OR16	AP019371.1	ACTI_13860	ACTI_13860	BBH64701.1	livF_1	ABC transporter ATP-binding protein	mapped	native_locus_tag	9	ALAabc;ILEabc;ILEabcpp;LEUabc;LEUabcpp;THRabc;THRabcpp;VALabc;VALabcpp	
CCG_OR16_ACTI_13880	OR16	Actinoplanes sp. OR16	AP019371.1	ACTI_13880	ACTI_13880	BBH64703.1	livM_1	branched-chain amino acid ABC transporter permease	mapped	native_locus_tag	5	DALAabcpp;ILEabcpp;LEUabcpp;THRabcpp;VALabcpp	
CCG_OR16_ACTI_13900	OR16	Actinoplanes sp. OR16	AP019371.1	ACTI_13900	ACTI_13900	BBH64705.1	fabG_2	3-oxoacyl-ACP reductase	mapped	native_locus_tag	2	ACTD;ACTDa	
CCG_OR16_ACTI_13930	OR16	Actinoplanes sp. OR16	AP019371.1	ACTI_13930	ACTI_13930	BBH64708.1	acd_1	acyl-CoA dehydrogenase	mapped	native_locus_tag	3	ACOAD4f;ACOAD5f;ACOAD6f	
CCG_OR16_ACTI_13970	OR16	Actinoplanes sp. OR16	AP019371.1	ACTI_13970	ACTI_13970	BBH64712.1		aldehyde dehydrogenase	mapped	native_locus_tag	8	4ABUTD;ABUTD;ALDD2x;ALDD31;BETALDHx;GCALDD;GLYALDDr;SSALy	
CCG_OR16_ACTI_13990	OR16	Actinoplanes sp. OR16	AP019371.1	ACTI_13990	ACTI_13990	BBH64714.1		AMP-dependent synthetase	mapped	native_locus_tag	11	FACOAL140;FACOAL140_ISO;FACOAL150_ISO;FACOAL150_anteiso;FACOAL160;FACOAL160_ISO;FACOAL161;FACOAL170_ISO;FACOAL170_anteiso;FACOAL180_2;FACOAL181	
CCG_OR16_ACTI_14000	OR16	Actinoplanes sp. OR16	AP019371.1	ACTI_14000	ACTI_14000	BBH64715.1		DNA mismatch repair protein MutT	mapped	native_locus_tag	1	NTPP4	
CCG_OR16_ACTI_14130	OR16	Actinoplanes sp. OR16	AP019371.1	ACTI_14130	ACTI_14130	BBH64728.1	ychF	ribosome-binding ATPase YchF	mapped	native_locus_tag	1	FE2t	
CCG_OR16_ACTI_14200	OR16	Actinoplanes sp. OR16	AP019371.1	ACTI_14200	ACTI_14200	BBH64735.1	ispH	4-hydroxy-3-methylbut-2-enyl diphosphate reductase	mapped	native_locus_tag	2	DMPPS;HMEDR	
CCG_OR16_ACTI_14260	OR16	Actinoplanes sp. OR16	AP019371.1	ACTI_14260	ACTI_14260	BBH64741.1	glpX	fructose-1,6-bisphosphatase	mapped	native_locus_tag	1	FBP	
CCG_OR16_ACTI_14310	OR16	Actinoplanes sp. OR16	AP019371.1	ACTI_14310	ACTI_14310	BBH64746.1		hypothetical protein	mapped	native_locus_tag	1	TRE6PP	
CCG_OR16_ACTI_14320	OR16	Actinoplanes sp. OR16	AP019371.1	ACTI_14320	ACTI_14320	BBH64747.1	uppS_1	isoprenyl transferase	mapped	native_locus_tag	1	GRTT	
CCG_OR16_ACTI_14340	OR16	Actinoplanes sp. OR16	AP019371.1	ACTI_14340	ACTI_14340	BBH64749.1	pckA	phosphoenolpyruvate carboxykinase [GTP	mapped	native_locus_tag	1	PEPCK_re	
CCG_OR16_ACTI_14410	OR16	Actinoplanes sp. OR16	AP019371.1	ACTI_14410	ACTI_14410	BBH64756.1		methylmalonyl-CoA carboxyltransferase	mapped	native_locus_tag	2	MCD;PPCOAC	
CCG_OR16_ACTI_14480	OR16	Actinoplanes sp. OR16	AP019371.1	ACTI_14480	ACTI_14480	BBH64763.1		Maf-like protein	mapped	native_locus_tag	2	NTPP7;NTPP8	
CCG_OR16_ACTI_14490	OR16	Actinoplanes sp. OR16	AP019371.1	ACTI_14490	ACTI_14490	BBH64764.1		acetyl-/propionyl-CoA carboxylase subunit alpha	mapped	native_locus_tag	3	ACCOAC;MCD;PPCOAC	
CCG_OR16_ACTI_14510	OR16	Actinoplanes sp. OR16	AP019371.1	ACTI_14510	ACTI_14510	BBH64766.1	pdhD_1	dihydrolipoamide dehydrogenase	mapped	native_locus_tag	1	GCCc	
CCG_OR16_ACTI_14580	OR16	Actinoplanes sp. OR16	AP019371.1	ACTI_14580	ACTI_14580	BBH64773.1		peptidase	mapped	native_locus_tag	1	ACODA	
CCG_OR16_ACTI_14590	OR16	Actinoplanes sp. OR16	AP019371.1	ACTI_14590	ACTI_14590	BBH64774.1		methylmalonyl-CoA mutase	mapped	native_locus_tag	2	IBTMr;MMM2	
CCG_OR16_ACTI_14610	OR16	Actinoplanes sp. OR16	AP019371.1	ACTI_14610	ACTI_14610	BBH64776.1		phosphomannomutase	mapped	native_locus_tag	1	PMANM	
CCG_OR16_ACTI_14630	OR16	Actinoplanes sp. OR16	AP019371.1	ACTI_14630	ACTI_14630	BBH64778.1		hypothetical protein	mapped	native_locus_tag	3	TECA1S45;TECA2S45;TECA3S45	
CCG_OR16_ACTI_14640	OR16	Actinoplanes sp. OR16	AP019371.1	ACTI_14640	ACTI_14640	BBH64779.1	mutT	7,8-dihydro-8-oxoguanine triphosphatase	mapped	native_locus_tag	1	NADDP	
CCG_OR16_ACTI_14660	OR16	Actinoplanes sp. OR16	AP019371.1	ACTI_14660	ACTI_14660	BBH64781.1	upp	uracil phosphoribosyltransferase	mapped	native_locus_tag	1	UPPRT	
CCG_OR16_ACTI_14670	OR16	Actinoplanes sp. OR16	AP019371.1	ACTI_14670	ACTI_14670	BBH64782.1		2-deoxyribose-5-phosphate aldolase	mapped	native_locus_tag	1	DRPA	
CCG_OR16_ACTI_14680	OR16	Actinoplanes sp. OR16	AP019371.1	ACTI_14680	ACTI_14680	BBH64783.1		aldehyde dehydrogenase	mapped	native_locus_tag	17	ABUTD;ALDD1;ALDD19xr;ALDD20x;ALDD2x;ALDD2y;ALDD3;ALDD31_1;ALDD4;ALDD4x;ALDD5;ALDD6;GCALDD;GLXO1;GLYALDDr;LCADi;NABTNO	
CCG_OR16_ACTI_14690	OR16	Actinoplanes sp. OR16	AP019371.1	ACTI_14690	ACTI_14690	BBH64784.1		aldehyde dehydrogenase	mapped	native_locus_tag	1	FDH	
CCG_OR16_ACTI_14770	OR16	Actinoplanes sp. OR16	AP019371.1	ACTI_14770	ACTI_14770	BBH64792.1	add1	adenosine deaminase 1	mapped	native_locus_tag	1	ADA	
CCG_OR16_ACTI_14800	OR16	Actinoplanes sp. OR16	AP019371.1	ACTI_14800	ACTI_14800	BBH64795.1	deoA	thymidine phosphorylase	mapped	native_locus_tag	1	TMDPP	
CCG_OR16_ACTI_14810	OR16	Actinoplanes sp. OR16	AP019371.1	ACTI_14810	ACTI_14810	BBH64796.1		hypothetical protein	mapped	native_locus_tag	1	CYTD	
CCG_OR16_ACTI_14910	OR16	Actinoplanes sp. OR16	AP019371.1	ACTI_14910	ACTI_14910	BBH64806.1		UDP-glucose 4-epimerase GalE	mapped	native_locus_tag	1	UDPG4E	
CCG_OR16_ACTI_14920	OR16	Actinoplanes sp. OR16	AP019371.1	ACTI_14920	ACTI_14920	BBH64807.1	galK	galactokinase	mapped	native_locus_tag	1	GALKr	
CCG_OR16_ACTI_14970	OR16	Actinoplanes sp. OR16	AP019371.1	ACTI_14970	ACTI_14970	BBH64812.1		hypothetical protein	mapped	native_locus_tag	2	ADSK;SADT	
CCG_OR16_ACTI_14980	OR16	Actinoplanes sp. OR16	AP019371.1	ACTI_14980	ACTI_14980	BBH64813.1		sulfate adenylyltransferase	mapped	native_locus_tag	1	SADT	
CCG_OR16_ACTI_14990	OR16	Actinoplanes sp. OR16	AP019371.1	ACTI_14990	ACTI_14990	BBH64814.1		3'(2'),5'-bisphosphate nucleotidase CysQ	mapped	native_locus_tag	5	BPNT;BPNT2;FBP;MI1PP;MI3PP	
CCG_OR16_ACTI_15030	OR16	Actinoplanes sp. OR16	AP019371.1	ACTI_15030	ACTI_15030	BBH64818.1	prsA	ribose-phosphate pyrophosphokinase	mapped	native_locus_tag	1	PRPPS	
CCG_OR16_ACTI_15040	OR16	Actinoplanes sp. OR16	AP019371.1	ACTI_15040	ACTI_15040	BBH64819.1	glmU	bifunctional protein GlmU	mapped	native_locus_tag	1	UAGDP	
CCG_OR16_ACTI_15070	OR16	Actinoplanes sp. OR16	AP019371.1	ACTI_15070	ACTI_15070	BBH64822.1		ABC transporter ATP-binding protein	mapped	native_locus_tag	4	COBALT2abcpp;Cobalt2abcppI;NI2uabcpp;ZNabcpp	
CCG_OR16_ACTI_15080	OR16	Actinoplanes sp. OR16	AP019371.1	ACTI_15080	ACTI_15080	BBH64823.1	ispE	4-diphosphocytidyl-2-C-methyl-D-erythritol kinase	mapped	native_locus_tag	1	CDPMEK	
CCG_OR16_ACTI_15180	OR16	Actinoplanes sp. OR16	AP019371.1	ACTI_15180	ACTI_15180	BBH64833.1	rsmI	ribosomal RNA small subunit methyltransferase I	mapped	native_locus_tag	3	SHCHD2;SHCHF;UPP3MT	
CCG_OR16_ACTI_15400	OR16	Actinoplanes sp. OR16	AP019371.1	ACTI_15400	ACTI_15400	BBH64855.1		UTP--glucose-1-phosphate uridylyltransferase	mapped	native_locus_tag	2	GALUi;GLGC	
CCG_OR16_ACTI_15410	OR16	Actinoplanes sp. OR16	AP019371.1	ACTI_15410	ACTI_15410	BBH64856.1		hypothetical protein	mapped	native_locus_tag	1	DGUNC	
CCG_OR16_ACTI_15420	OR16	Actinoplanes sp. OR16	AP019371.1	ACTI_15420	ACTI_15420	BBH64857.1		hypothetical protein	mapped	native_locus_tag	1	FTHFCL	
CCG_OR16_ACTI_15570	OR16	Actinoplanes sp. OR16	AP019371.1	ACTI_15570	ACTI_15570	BBH64872.1		thioredoxin	mapped	native_locus_tag	6	RNDR1;RNDR2;RNDR3;RNDR4;THIORDXi;TRDR	
CCG_OR16_ACTI_15660	OR16	Actinoplanes sp. OR16	AP019371.1	ACTI_15660	ACTI_15660	BBH64881.1		magnesium transporter	mapped	native_locus_tag	1	MG2uabcpp	
CCG_OR16_ACTI_15720	OR16	Actinoplanes sp. OR16	AP019371.1	ACTI_15720	ACTI_15720	BBH64887.1		hypothetical protein	mapped	native_locus_tag	1	AMPTASECG	
CCG_OR16_ACTI_15750	OR16	Actinoplanes sp. OR16	AP019371.1	ACTI_15750	ACTI_15750	BBH64890.1	paaG_2	enoyl-CoA hydratase	mapped	native_locus_tag	6	DHPACCOAHIT;ECOAH12;ECOAH9ir;HMGL_2;OXDHCOAT;REPHACCOAI	
CCG_OR16_ACTI_15810	OR16	Actinoplanes sp. OR16	AP019371.1	ACTI_15810	ACTI_15810	BBH64896.1		oxidoreductase	mapped	native_locus_tag	1	KGD2	
CCG_OR16_ACTI_15820	OR16	Actinoplanes sp. OR16	AP019371.1	ACTI_15820	ACTI_15820	BBH64897.1		2-oxoglutarate ferredoxin oxidoreductase subunit beta	mapped	native_locus_tag	1	KGD2	
CCG_OR16_ACTI_15850	OR16	Actinoplanes sp. OR16	AP019371.1	ACTI_15850	ACTI_15850	BBH64900.1		NAD-binding protein of Kef-type K+ transporter	mapped	native_locus_tag	1	Kt2pp	
CCG_OR16_ACTI_15910	OR16	Actinoplanes sp. OR16	AP019371.1	ACTI_15910	ACTI_15910	BBH64906.1	hemB	delta-aminolevulinic acid dehydratase	mapped	native_locus_tag	1	PPBNGS	
CCG_OR16_ACTI_15920	OR16	Actinoplanes sp. OR16	AP019371.1	ACTI_15920	ACTI_15920	BBH64907.1	hemD	bifunctional uroporphyrinogen-III C-methyltransferase/uroporphyrinogen-III synthase	mapped	native_locus_tag	1	UPP3S	
CCG_OR16_ACTI_15930	OR16	Actinoplanes sp. OR16	AP019371.1	ACTI_15930	ACTI_15930	BBH64908.1	hemC	porphobilinogen deaminase	mapped	native_locus_tag	1	HMBS	
CCG_OR16_ACTI_15940	OR16	Actinoplanes sp. OR16	AP019371.1	ACTI_15940	ACTI_15940	BBH64909.1	hemA	glutamyl-tRNA reductase	mapped	native_locus_tag	1	GLUTRR	
CCG_OR16_ACTI_15960	OR16	Actinoplanes sp. OR16	AP019371.1	ACTI_15960	ACTI_15960	BBH64911.1		phosphatase	mapped	native_locus_tag	1	THMDP	
CCG_OR16_ACTI_15980	OR16	Actinoplanes sp. OR16	AP019371.1	ACTI_15980	ACTI_15980	BBH64913.1	fadD_1	long-chain acyl-CoA synthetase	mapped	native_locus_tag	54	ACSPHAC100;ACSPHAC101;ACSPHAC120;ACSPHAC121;ACSPHAC121d6;ACSPHAC140;ACSPHAC141;ACSPHAC141d5;ACSPHAC142;ACSPHAC160;ACSPHAC40;ACSPHAC50;ACSPHAC60;ACSPHAC70;ACSPHAC80;ACSPHAC90;ACSPHACP100;ACSPHACP40;ACSPHACP50;ACSPHACP60;ACSPHACP70;ACSPHACP80;ACSPHACP90;ACSPHACT40;ACSPHACT60;FACOAL100t2pp;FACOAL120t2pp;FACOAL140;FACOAL140t2pp;FACOAL141;FACOAL141t2pp;FACOAL160;FACOAL160t2pp;FACOAL161;FACOAL161t2pp;FACOAL180;FACOAL180t2pp;FACOAL181;FACOAL1812;FACOAL181d11tpp;FACOAL181t2pp;FACOAL1821;FACOAL182t2pp;FACOAL50i;FACOAL60i;FACOAL60t2pp;FACOAL80;FACOAL80t2pp;FACOAL90i;FACOAL90t2pp;FACOALP100t2pp;FACOALP90t2pp;FACOAL_70_c;HMR_0188	
CCG_OR16_ACTI_16030	OR16	Actinoplanes sp. OR16	AP019371.1	ACTI_16030	ACTI_16030	BBH64918.1		hypothetical protein	mapped	native_locus_tag	1	UDPG4E	
CCG_OR16_ACTI_16060	OR16	Actinoplanes sp. OR16	AP019371.1	ACTI_16060	ACTI_16060	BBH64921.1		transcriptional regulator	mapped	native_locus_tag	1	MOBDabc	
CCG_OR16_ACTI_16070	OR16	Actinoplanes sp. OR16	AP019371.1	ACTI_16070	ACTI_16070	BBH64922.1	putA_1	proline dehydrogenase	mapped	native_locus_tag	1	PROD2	
CCG_OR16_ACTI_16110	OR16	Actinoplanes sp. OR16	AP019371.1	ACTI_16110	ACTI_16110	BBH64926.1	regX_1	DNA-binding response regulator	mapped	native_locus_tag	1	DGUNC	
CCG_OR16_ACTI_16140	OR16	Actinoplanes sp. OR16	AP019371.1	ACTI_16140	ACTI_16140	BBH64929.1	gpmA	2,3-bisphosphoglycerate-dependent phosphoglycerate mutase	mapped	native_locus_tag	1	PGM	
CCG_OR16_ACTI_16180	OR16	Actinoplanes sp. OR16	AP019371.1	ACTI_16180	ACTI_16180	BBH64933.1		oxidoreductase	mapped	native_locus_tag	3	ATHRDHr;DSERDHr;LSERDHr	
CCG_OR16_ACTI_16440	OR16	Actinoplanes sp. OR16	AP019371.1	ACTI_16440	ACTI_16440	BBH64959.1		hypothetical protein	mapped	native_locus_tag	4	MLTGY1pp;MLTGY2pp;MLTGY3pp;MLTGY4pp	
CCG_OR16_ACTI_16720	OR16	Actinoplanes sp. OR16	AP019371.1	ACTI_16720	ACTI_16720	BBH64987.1	murB	UDP-N-acetylenolpyruvoylglucosamine reductase	mapped	native_locus_tag	1	UAPGR	
CCG_OR16_ACTI_16740	OR16	Actinoplanes sp. OR16	AP019371.1	ACTI_16740	ACTI_16740	BBH64989.1		beta-glucosidase	mapped	native_locus_tag	1	BG_CELLB	
CCG_OR16_ACTI_16760	OR16	Actinoplanes sp. OR16	AP019371.1	ACTI_16760	ACTI_16760	BBH64991.1		membrane protein	mapped	native_locus_tag	2	HMPK1;SO4t2pp	
CCG_OR16_ACTI_16820	OR16	Actinoplanes sp. OR16	AP019371.1	ACTI_16820	ACTI_16820	BBH64997.1		asparaginase	mapped	native_locus_tag	1	ASNN_1	
CCG_OR16_ACTI_16860	OR16	Actinoplanes sp. OR16	AP019371.1	ACTI_16860	ACTI_16860	BBH65001.1		4-amino-4-deoxychorismate lyase	mapped	native_locus_tag	1	ADCL	
CCG_OR16_ACTI_16900	OR16	Actinoplanes sp. OR16	AP019371.1	ACTI_16900	ACTI_16900	BBH65005.1		hypothetical protein	mapped	native_locus_tag	2	ADPRDP;DNTPPA	
CCG_OR16_ACTI_16960	OR16	Actinoplanes sp. OR16	AP019371.1	ACTI_16960	ACTI_16960	BBH65011.1		inorganic phosphate transporter	mapped	native_locus_tag	2	ASO4rt2rpp;PIt2rpp	
CCG_OR16_ACTI_17000	OR16	Actinoplanes sp. OR16	AP019371.1	ACTI_17000	ACTI_17000	BBH65015.1	pstB	phosphate import ATP-binding protein PstB	mapped	native_locus_tag	1	PIabc	
CCG_OR16_ACTI_17010	OR16	Actinoplanes sp. OR16	AP019371.1	ACTI_17010	ACTI_17010	BBH65016.1		phosphate transport system permease protein PstA	mapped	native_locus_tag	1	PIabc	
CCG_OR16_ACTI_17020	OR16	Actinoplanes sp. OR16	AP019371.1	ACTI_17020	ACTI_17020	BBH65017.1		phosphate transport system permease protein	mapped	native_locus_tag	1	PIabc	
CCG_OR16_ACTI_17030	OR16	Actinoplanes sp. OR16	AP019371.1	ACTI_17030	ACTI_17030	BBH65018.1		phosphate-binding protein PstS	mapped	native_locus_tag	1	PIabc	
CCG_OR16_ACTI_17040	OR16	Actinoplanes sp. OR16	AP019371.1	ACTI_17040	ACTI_17040	BBH65019.1	mshD	mycothiol acetyltransferase	mapped	native_locus_tag	1	MSHS	
CCG_OR16_ACTI_17080	OR16	Actinoplanes sp. OR16	AP019371.1	ACTI_17080	ACTI_17080	BBH65023.1		putative thiosulfate sulfurtransferase	mapped	native_locus_tag	1	CYANST	
CCG_OR16_ACTI_17210	OR16	Actinoplanes sp. OR16	AP019371.1	ACTI_17210	ACTI_17210	BBH65036.1		threonine synthase	mapped	native_locus_tag	1	THRS	
CCG_OR16_ACTI_17300	OR16	Actinoplanes sp. OR16	AP019371.1	ACTI_17300	ACTI_17300	BBH65045.1		hypothetical protein	mapped	native_locus_tag	1	G6PDA	
CCG_OR16_ACTI_17310	OR16	Actinoplanes sp. OR16	AP019371.1	ACTI_17310	ACTI_17310	BBH65046.1		sugar kinase	mapped	native_locus_tag	1	HEX1	
CCG_OR16_ACTI_17320	OR16	Actinoplanes sp. OR16	AP019371.1	ACTI_17320	ACTI_17320	BBH65047.1	nagA	N-acetylglucosamine-6-phosphate deacetylase	mapped	native_locus_tag	1	AGDC	
CCG_OR16_ACTI_17330	OR16	Actinoplanes sp. OR16	AP019371.1	ACTI_17330	ACTI_17330	BBH65048.1		phosphatidic acid phosphatase	mapped	native_locus_tag	4	PAPA160;PAPA161;PAPA180;PAPA181	
CCG_OR16_ACTI_17390	OR16	Actinoplanes sp. OR16	AP019371.1	ACTI_17390	ACTI_17390	BBH65054.1		N-acetyltransferase	mapped	native_locus_tag	1	PTRCAT1	
CCG_OR16_ACTI_17460	OR16	Actinoplanes sp. OR16	AP019371.1	ACTI_17460	ACTI_17460	BBH65061.1	fumC	fumarate hydratase class II	mapped	native_locus_tag	1	FUM	
CCG_OR16_ACTI_17490	OR16	Actinoplanes sp. OR16	AP019371.1	ACTI_17490	ACTI_17490	BBH65064.1		fumarate hydratase class I	mapped	native_locus_tag	2	DTARTD;FUM	
CCG_OR16_ACTI_17530	OR16	Actinoplanes sp. OR16	AP019371.1	ACTI_17530	ACTI_17530	BBH65068.1	pat	putative phenylalanine aminotransferase	mapped	native_locus_tag	1	HSTPT	
CCG_OR16_ACTI_17540	OR16	Actinoplanes sp. OR16	AP019371.1	ACTI_17540	ACTI_17540	BBH65069.1		MFS transporter	mapped	native_locus_tag	4	ARBt3ipp;LCTSt3ipp;L_LACt2r;L_LACt3	
CCG_OR16_ACTI_17550	OR16	Actinoplanes sp. OR16	AP019371.1	ACTI_17550	ACTI_17550	BBH65070.1		xylose repressor	mapped	native_locus_tag	1	HEX7	
CCG_OR16_ACTI_17600	OR16	Actinoplanes sp. OR16	AP019371.1	ACTI_17600	ACTI_17600	BBH65075.1		hypothetical protein	mapped	native_locus_tag	1	MECDPS	
CCG_OR16_ACTI_17610	OR16	Actinoplanes sp. OR16	AP019371.1	ACTI_17610	ACTI_17610	BBH65076.1	ispD	2-C-methyl-D-erythritol 4-phosphate cytidylyltransferase	mapped	native_locus_tag	1	MEPCT	
CCG_OR16_ACTI_17750	OR16	Actinoplanes sp. OR16	AP019371.1	ACTI_17750	ACTI_17750	BBH65090.1		hypothetical protein	mapped	native_locus_tag	1	PSP_L	
CCG_OR16_ACTI_17800	OR16	Actinoplanes sp. OR16	AP019371.1	ACTI_17800	ACTI_17800	BBH65095.1	lysS	lysine--tRNA ligase	mapped	native_locus_tag	1	AP4AS	
CCG_OR16_ACTI_17810	OR16	Actinoplanes sp. OR16	AP019371.1	ACTI_17810	ACTI_17810	BBH65096.1	coaX	type III pantothenate kinase	mapped	native_locus_tag	1	PNTK	
CCG_OR16_ACTI_17820	OR16	Actinoplanes sp. OR16	AP019371.1	ACTI_17820	ACTI_17820	BBH65097.1		nicotinate-nucleotide diphosphorylase	mapped	native_locus_tag	1	NNDPR	
CCG_OR16_ACTI_17830	OR16	Actinoplanes sp. OR16	AP019371.1	ACTI_17830	ACTI_17830	BBH65098.1	nadB	L-aspartate oxidase	mapped	native_locus_tag	2	ASPO5;ASPO6	
CCG_OR16_ACTI_17850	OR16	Actinoplanes sp. OR16	AP019371.1	ACTI_17850	ACTI_17850	BBH65100.1	panD	aspartate 1-decarboxylase	mapped	native_locus_tag	1	ASP1DC	
CCG_OR16_ACTI_17860	OR16	Actinoplanes sp. OR16	AP019371.1	ACTI_17860	ACTI_17860	BBH65101.1	panC	pantothenate synthetase	mapped	native_locus_tag	1	PANTS	
CCG_OR16_ACTI_17870	OR16	Actinoplanes sp. OR16	AP019371.1	ACTI_17870	ACTI_17870	BBH65102.1		hypothetical protein	mapped	native_locus_tag	1	DPR	
CCG_OR16_ACTI_17950	OR16	Actinoplanes sp. OR16	AP019371.1	ACTI_17950	ACTI_17950	BBH65110.1	folK	2-amino-4-hydroxy-6-hydroxymethyldihydropteridine diphosphokinase	mapped	native_locus_tag	2	HPPK;HPPK2	
CCG_OR16_ACTI_17960	OR16	Actinoplanes sp. OR16	AP019371.1	ACTI_17960	ACTI_17960	BBH65111.1	folB	7,8-dihydroneopterin aldolase	mapped	native_locus_tag	2	DHNPA2r;DHNPA_1	
CCG_OR16_ACTI_17970	OR16	Actinoplanes sp. OR16	AP019371.1	ACTI_17970	ACTI_17970	BBH65112.1	folP	dihydropteroate synthase	mapped	native_locus_tag	2	DHPS2;FOLD3	
CCG_OR16_ACTI_18120	OR16	Actinoplanes sp. OR16	AP019371.1	ACTI_18120	ACTI_18120	BBH65127.1	folE	GTP cyclohydrolase 1	mapped	native_locus_tag	1	GTPCI	
CCG_OR16_ACTI_18140	OR16	Actinoplanes sp. OR16	AP019371.1	ACTI_18140	ACTI_18140	BBH65129.1	hpt	hypoxanthine phosphoribosyltransferase	mapped	native_locus_tag	3	GUAPRT;HXPRT;XPPT	
CCG_OR16_ACTI_18180	OR16	Actinoplanes sp. OR16	AP019371.1	ACTI_18180	ACTI_18180	BBH65133.1	ppa	inorganic pyrophosphatase	mapped	native_locus_tag	1	PPA	
CCG_OR16_ACTI_18290	OR16	Actinoplanes sp. OR16	AP019371.1	ACTI_18290	ACTI_18290	BBH65144.1		ATPase	mapped	native_locus_tag	1	DNMPPA	
CCG_OR16_ACTI_18330	OR16	Actinoplanes sp. OR16	AP019371.1	ACTI_18330	ACTI_18330	BBH65148.1		MBL fold metallo-hydrolase	mapped	native_locus_tag	1	GLYOX	
CCG_OR16_ACTI_18360	OR16	Actinoplanes sp. OR16	AP019371.1	ACTI_18360	ACTI_18360	BBH65151.1		acetyl/propionyl-CoA carboxylase subuit alpha	mapped	native_locus_tag	2	MCCC;VALTA	
CCG_OR16_ACTI_18370	OR16	Actinoplanes sp. OR16	AP019371.1	ACTI_18370	ACTI_18370	BBH65152.1		acetyl-CoA carboxylase carboxyltransferase subunit	mapped	native_locus_tag	1	MCCC	
CCG_OR16_ACTI_18420	OR16	Actinoplanes sp. OR16	AP019371.1	ACTI_18420	ACTI_18420	BBH65157.1		coenzyme A pyrophosphatase	mapped	native_locus_tag	2	ACPS;HPYRP	
CCG_OR16_ACTI_18450	OR16	Actinoplanes sp. OR16	AP019371.1	ACTI_18450	ACTI_18450	BBH65160.1	pyrE	orotate phosphoribosyltransferase	mapped	native_locus_tag	2	OMPDC;ORPT	
CCG_OR16_ACTI_18460	OR16	Actinoplanes sp. OR16	AP019371.1	ACTI_18460	ACTI_18460	BBH65161.1	asd_1	aspartate-semialdehyde dehydrogenase	mapped	native_locus_tag	1	ASAD	
CCG_OR16_ACTI_18470	OR16	Actinoplanes sp. OR16	AP019371.1	ACTI_18470	ACTI_18470	BBH65162.1		aspartokinase	mapped	native_locus_tag	1	ASPK	
CCG_OR16_ACTI_18490	OR16	Actinoplanes sp. OR16	AP019371.1	ACTI_18490	ACTI_18490	BBH65164.1	leuA_2	2-isopropylmalate synthase	mapped	native_locus_tag	1	IPPS	
CCG_OR16_ACTI_18550	OR16	Actinoplanes sp. OR16	AP019371.1	ACTI_18550	ACTI_18550	BBH65170.1		hypothetical protein	mapped	native_locus_tag	7	GALMAN4abc;GALMAN6abc;GLCMAN4abc;GLCMAN6abc;RMNabc;XYLANabc;XYLabc	
CCG_OR16_ACTI_18560	OR16	Actinoplanes sp. OR16	AP019371.1	ACTI_18560	ACTI_18560	BBH65171.1		dipeptide/oligopeptide/nickel ABC transporter ATP-binding protein	mapped	native_locus_tag	11	3PEPTabcpp;4PEPTabcpp;DIPEPabc1;DIPEPabc10;DIPEPabc12;DIPEPabc13;DIPEPabc14;DIPEPabc15;DIPEPabc3;DIPEPabc8;RMNabc	
CCG_OR16_ACTI_18570	OR16	Actinoplanes sp. OR16	AP019371.1	ACTI_18570	ACTI_18570	BBH65172.1		ABC transporter permease	mapped	native_locus_tag	4	GALMAN4abc;GALMAN6abc;GLCMAN4abc;GLCMAN6abc	
CCG_OR16_ACTI_18590	OR16	Actinoplanes sp. OR16	AP019371.1	ACTI_18590	ACTI_18590	BBH65174.1		peptide ABC transporter permease	mapped	native_locus_tag	3	3PEPTabcpp;4PEPTabcpp;GTHRDabcpp	
CCG_OR16_ACTI_18670	OR16	Actinoplanes sp. OR16	AP019371.1	ACTI_18670	ACTI_18670	BBH65182.1	deoD	purine nucleoside phosphorylase DeoD-type	mapped	native_locus_tag	9	DURIPP;PNP;PUNP1;PUNP2;PUNP3;PUNP4;PUNP5;PUNP6;PUNP7	
CCG_OR16_ACTI_18680	OR16	Actinoplanes sp. OR16	AP019371.1	ACTI_18680	ACTI_18680	BBH65183.1	tadA	tRNA-specific adenosine deaminase	mapped	native_locus_tag	2	ADA;CSND	
CCG_OR16_ACTI_18730	OR16	Actinoplanes sp. OR16	AP019371.1	ACTI_18730	ACTI_18730	BBH65188.1		prephenate dehydrogenase	mapped	native_locus_tag	1	PPND	
CCG_OR16_ACTI_18750	OR16	Actinoplanes sp. OR16	AP019371.1	ACTI_18750	ACTI_18750	BBH65190.1	mtnA	methylthioribose-1-phosphate isomerase	mapped	native_locus_tag	1	MTRI	
CCG_OR16_ACTI_18760	OR16	Actinoplanes sp. OR16	AP019371.1	ACTI_18760	ACTI_18760	BBH65191.1		PHP domain-containing protein	mapped	native_locus_tag	1	HISTP_1	
CCG_OR16_ACTI_18850	OR16	Actinoplanes sp. OR16	AP019371.1	ACTI_18850	ACTI_18850	BBH65200.1	wecB	UDP-N-acetyl glucosamine 2-epimerase	mapped	native_locus_tag	2	UAG2E;UAG2EMA	
CCG_OR16_ACTI_18940	OR16	Actinoplanes sp. OR16	AP019371.1	ACTI_18940	ACTI_18940	BBH65209.1		hypothetical protein	mapped	native_locus_tag	1	DGUNC	
CCG_OR16_ACTI_19030	OR16	Actinoplanes sp. OR16	AP019371.1	ACTI_19030	ACTI_19030	BBH65218.1	purC	phosphoribosylaminoimidazole-succinocarboxamide synthase	mapped	native_locus_tag	1	PRASCSi	
CCG_OR16_ACTI_19130	OR16	Actinoplanes sp. OR16	AP019371.1	ACTI_19130	ACTI_19130	BBH65228.1		biotin synthase	mapped	native_locus_tag	1	BTNt2i	
CCG_OR16_ACTI_19190	OR16	Actinoplanes sp. OR16	AP019371.1	ACTI_19190	ACTI_19190	BBH65234.1		dehydrogenase	mapped	native_locus_tag	2	GLYCLTDx;HIBD	
CCG_OR16_ACTI_19210	OR16	Actinoplanes sp. OR16	AP019371.1	ACTI_19210	ACTI_19210	BBH65236.1		glyceraldehyde 3-phosphate reductase	mapped	native_locus_tag	1	ALR2	
CCG_OR16_ACTI_19240	OR16	Actinoplanes sp. OR16	AP019371.1	ACTI_19240	ACTI_19240	BBH65239.1		xylose isomerase	mapped	native_locus_tag	1	PPOR	
CCG_OR16_ACTI_19300	OR16	Actinoplanes sp. OR16	AP019371.1	ACTI_19300	ACTI_19300	BBH65245.1		threonine aldolase	mapped	native_locus_tag	1	THRA	
CCG_OR16_ACTI_19360	OR16	Actinoplanes sp. OR16	AP019371.1	ACTI_19360	ACTI_19360	BBH65251.1		ABC transporter substrate-binding protein	mapped	native_locus_tag	1	PHEME2abcpp	
CCG_OR16_ACTI_19370	OR16	Actinoplanes sp. OR16	AP019371.1	ACTI_19370	ACTI_19370	BBH65252.1		ABC transporter permease	mapped	native_locus_tag	2	FE3abc;PHEME2abcpp	
CCG_OR16_ACTI_19540	OR16	Actinoplanes sp. OR16	AP019371.1	ACTI_19540	ACTI_19540	BBH65269.1		imidazolonepropionase	mapped	native_locus_tag	1	ADD	
CCG_OR16_ACTI_19730	OR16	Actinoplanes sp. OR16	AP019371.1	ACTI_19730	ACTI_19730	BBH65288.1		AI-2E family transporter	mapped	native_locus_tag	1	AMPD2	
CCG_OR16_ACTI_19740	OR16	Actinoplanes sp. OR16	AP019371.1	ACTI_19740	ACTI_19740	BBH65289.1		sphingosine kinase	mapped	native_locus_tag	4	DAGK160;DAGK161;DAGK180;DAGK181	
CCG_OR16_ACTI_20050	OR16	Actinoplanes sp. OR16	AP019371.1	ACTI_20050	ACTI_20050	BBH65320.1		flavohemoprotein	mapped	native_locus_tag	2	NODOx;NODOy	
CCG_OR16_ACTI_20160	OR16	Actinoplanes sp. OR16	AP019371.1	ACTI_20160	ACTI_20160	BBH65331.1		transketolase	mapped	native_locus_tag	3	DXPS;TKT1;TKT2	
CCG_OR16_ACTI_20230	OR16	Actinoplanes sp. OR16	AP019371.1	ACTI_20230	ACTI_20230	BBH65338.1	corA_1	magnesium transport protein CorA	mapped	native_locus_tag	2	COBALTt5;MGt5	
CCG_OR16_ACTI_20250	OR16	Actinoplanes sp. OR16	AP019371.1	ACTI_20250	ACTI_20250	BBH65340.1		nucleotide sugar-1-phosphate transferase	mapped	native_locus_tag	2	MAN1PT;MAN1PT2	
CCG_OR16_ACTI_20370	OR16	Actinoplanes sp. OR16	AP019371.1	ACTI_20370	ACTI_20370	BBH65352.1		cation acetate symporter	mapped	native_locus_tag	10	3MBt2pp;3MBt4pp;ACt2rpp;ACt4pp;BUTt2rpp;BUTt4pp;PPAt2pp;PPAt4pp;PYRt2rpp;PYRt4pp	
CCG_OR16_ACTI_20440	OR16	Actinoplanes sp. OR16	AP019371.1	ACTI_20440	ACTI_20440	BBH65359.1		cation acetate symporter	mapped	native_locus_tag	1	PNTOt2	
CCG_OR16_ACTI_20470	OR16	Actinoplanes sp. OR16	AP019371.1	ACTI_20470	ACTI_20470	BBH65362.1		sulfurtransferase	mapped	native_locus_tag	1	CYANST	
CCG_OR16_ACTI_20480	OR16	Actinoplanes sp. OR16	AP019371.1	ACTI_20480	ACTI_20480	BBH65363.1		glycerophosphoryl diester phosphodiesterase	mapped	native_locus_tag	1	GPDDA2	
CCG_OR16_ACTI_20510	OR16	Actinoplanes sp. OR16	AP019371.1	ACTI_20510	ACTI_20510	BBH65366.1	arcA_1	arginine deiminase	mapped	native_locus_tag	1	ARGDr	
CCG_OR16_ACTI_20570	OR16	Actinoplanes sp. OR16	AP019371.1	ACTI_20570	ACTI_20570	BBH65372.1		prephenate dehydratase	mapped	native_locus_tag	1	PPNDH	
CCG_OR16_ACTI_20630	OR16	Actinoplanes sp. OR16	AP019371.1	ACTI_20630	ACTI_20630	BBH65378.1		hydrolase	mapped	native_locus_tag	6	F1PP;F6PP;FBP;G1PP;MN6PP;R5PP	
CCG_OR16_ACTI_20640	OR16	Actinoplanes sp. OR16	AP019371.1	ACTI_20640	ACTI_20640	BBH65379.1		haloacid dehalogenase	mapped	native_locus_tag	5	F6PP;G6PP;MN6PP;PDXPP;PYDXPP	
CCG_OR16_ACTI_20710	OR16	Actinoplanes sp. OR16	AP019371.1	ACTI_20710	ACTI_20710	BBH65386.1	fdhD	sulfurtransferase FdhD	mapped	native_locus_tag	1	FDH	
CCG_OR16_ACTI_20720	OR16	Actinoplanes sp. OR16	AP019371.1	ACTI_20720	ACTI_20720	BBH65387.1		alkaline phosphatase	mapped	native_locus_tag	1	AKP1	
CCG_OR16_ACTI_21050	OR16	Actinoplanes sp. OR16	AP019371.1	ACTI_21050	ACTI_21050	BBH65420.1		myo-inositol-1-phosphate synthase	mapped	native_locus_tag	2	MI1PS;MI3PS	
CCG_OR16_ACTI_21130	OR16	Actinoplanes sp. OR16	AP019371.1	ACTI_21130	ACTI_21130	BBH65428.1		hypothetical protein	mapped	native_locus_tag	2	MPTG;MPTG2	
CCG_OR16_ACTI_21170	OR16	Actinoplanes sp. OR16	AP019371.1	ACTI_21170	ACTI_21170	BBH65432.1	trxB_2	thioredoxin reductase	mapped	native_locus_tag	1	TRDR	
CCG_OR16_ACTI_21180	OR16	Actinoplanes sp. OR16	AP019371.1	ACTI_21180	ACTI_21180	BBH65433.1	trxA_2	thioredoxin-1	mapped	native_locus_tag	10	APSR;METSOXR1;METSOXR2;PAPSR;RNDR1;RNDR2;RNDR3;RNDR4;THIORDXi;TRDR	
CCG_OR16_ACTI_21210	OR16	Actinoplanes sp. OR16	AP019371.1	ACTI_21210	ACTI_21210	BBH65436.1	avtA	GntR family transcriptional regulator	mapped	native_locus_tag	1	VPAMTr	
CCG_OR16_ACTI_21220	OR16	Actinoplanes sp. OR16	AP019371.1	ACTI_21220	ACTI_21220	BBH65437.1	ddlA_2	D-alanine--D-alanine ligase	mapped	native_locus_tag	1	ALAALAr	
CCG_OR16_ACTI_21360	OR16	Actinoplanes sp. OR16	AP019371.1	ACTI_21360	ACTI_21360	BBH65451.1	gnd_1	6-phosphogluconate dehydrogenase	mapped	native_locus_tag	1	GND	
CCG_OR16_ACTI_21470	OR16	Actinoplanes sp. OR16	AP019371.1	ACTI_21470	ACTI_21470	BBH65462.1		hypothetical protein	mapped	native_locus_tag	1	NADDP	
CCG_OR16_ACTI_21520	OR16	Actinoplanes sp. OR16	AP019371.1	ACTI_21520	ACTI_21520	BBH65467.1		inosine-5-monophosphate dehydrogenase	mapped	native_locus_tag	1	IMPD	
CCG_OR16_ACTI_21550	OR16	Actinoplanes sp. OR16	AP019371.1	ACTI_21550	ACTI_21550	BBH65470.1	sseA	sulfurtransferase	mapped	native_locus_tag	1	CYANST	
CCG_OR16_ACTI_21590	OR16	Actinoplanes sp. OR16	AP019371.1	ACTI_21590	ACTI_21590	BBH65474.1	accC	acetyl-CoA carboxylase biotin carboxylase subunit	mapped	native_locus_tag	3	ACCOAC;MCCC;PC	
CCG_OR16_ACTI_21600	OR16	Actinoplanes sp. OR16	AP019371.1	ACTI_21600	ACTI_21600	BBH65475.1		hydroxymethylglutaryl-CoA lyase	mapped	native_locus_tag	2	ATAH_1;HMGL	
CCG_OR16_ACTI_21630	OR16	Actinoplanes sp. OR16	AP019371.1	ACTI_21630	ACTI_21630	BBH65478.1	pccB	propionyl-CoA carboxylase	mapped	native_locus_tag	1	PPCOAC	
CCG_OR16_ACTI_21740	OR16	Actinoplanes sp. OR16	AP019371.1	ACTI_21740	ACTI_21740	BBH65489.1	wecG	UDP-N-acetyl-D-mannosaminuronic acid transferase	mapped	native_locus_tag	3	TECA1S45;TECA2S45;TECA3S45	
CCG_OR16_ACTI_21750	OR16	Actinoplanes sp. OR16	AP019371.1	ACTI_21750	ACTI_21750	BBH65490.1		phosphopeptide-binding protein	mapped	native_locus_tag	2	ADNCYC;GUACYC	
CCG_OR16_ACTI_21770	OR16	Actinoplanes sp. OR16	AP019371.1	ACTI_21770	ACTI_21770	BBH65492.1		protein phosphatase	mapped	native_locus_tag	1	PSP_L	
CCG_OR16_ACTI_21800	OR16	Actinoplanes sp. OR16	AP019371.1	ACTI_21800	ACTI_21800	BBH65495.1	pbpA	penicillin-binding protein A	mapped	native_locus_tag	3	MCTP1App;MCTP1Bpp;MCTP2App	
CCG_OR16_ACTI_21830	OR16	Actinoplanes sp. OR16	AP019371.1	ACTI_21830	ACTI_21830	BBH65498.1	pabA	aminodeoxychorismate/anthranilate synthase component II	mapped	native_locus_tag	1	ADCS	
CCG_OR16_ACTI_21880	OR16	Actinoplanes sp. OR16	AP019371.1	ACTI_21880	ACTI_21880	BBH65503.1		Fe-S oxidoreductase	mapped	native_locus_tag	1	FADMQOR	
CCG_OR16_ACTI_21940	OR16	Actinoplanes sp. OR16	AP019371.1	ACTI_21940	ACTI_21940	BBH65509.1	dcd	dCTP deaminase	mapped	native_locus_tag	2	DCTPD;DCTPD2	
CCG_OR16_ACTI_21960	OR16	Actinoplanes sp. OR16	AP019371.1	ACTI_21960	ACTI_21960	BBH65511.1	apt_2	adenine phosphoribosyltransferase	mapped	native_locus_tag	2	ADPT;GUAPRT	
CCG_OR16_ACTI_22100	OR16	Actinoplanes sp. OR16	AP019371.1	ACTI_22100	ACTI_22100	BBH65525.1		allophanate hydrolase	mapped	native_locus_tag	1	ALPHNH	
CCG_OR16_ACTI_22150	OR16	Actinoplanes sp. OR16	AP019371.1	ACTI_22150	ACTI_22150	BBH65530.1		dihydrolipoamide acetyltransferase component of pyruvate dehydrogenase complex	mapped	native_locus_tag	2	PDH;PDHbr	
CCG_OR16_ACTI_22170	OR16	Actinoplanes sp. OR16	AP019371.1	ACTI_22170	ACTI_22170	BBH65532.1	pdhA_1	pyruvate dehydrogenase E1 component subunit alpha	mapped	native_locus_tag	4	OBDHc;OIVD1r;OIVD2;OIVD3	
CCG_OR16_ACTI_22220	OR16	Actinoplanes sp. OR16	AP019371.1	ACTI_22220	ACTI_22220	BBH65537.1	dnaK	chaperone protein DnaK	mapped	native_locus_tag	1	NTP1	
CCG_OR16_ACTI_22270	OR16	Actinoplanes sp. OR16	AP019371.1	ACTI_22270	ACTI_22270	BBH65542.1		potassium transporter	mapped	native_locus_tag	1	NAKtr	
CCG_OR16_ACTI_22290	OR16	Actinoplanes sp. OR16	AP019371.1	ACTI_22290	ACTI_22290	BBH65544.1	setA	sugar efflux transporter SetB	mapped	native_locus_tag	1	LCTSt3ipp	
CCG_OR16_ACTI_22300	OR16	Actinoplanes sp. OR16	AP019371.1	ACTI_22300	ACTI_22300	BBH65545.1	clpB	chaperone protein ClpB	mapped	native_locus_tag	1	DHQTi	
CCG_OR16_ACTI_22390	OR16	Actinoplanes sp. OR16	AP019371.1	ACTI_22390	ACTI_22390	BBH65554.1		polynucleotide kinase-phosphatase	mapped	native_locus_tag	1	AP4AH	
CCG_OR16_ACTI_22430	OR16	Actinoplanes sp. OR16	AP019371.1	ACTI_22430	ACTI_22430	BBH65558.1	fba	fructose-bisphosphate aldolase	mapped	native_locus_tag	1	FBA	
CCG_OR16_ACTI_22510	OR16	Actinoplanes sp. OR16	AP019371.1	ACTI_22510	ACTI_22510	BBH65566.1	purA_2	adenylosuccinate synthetase	mapped	native_locus_tag	1	ADSS	
CCG_OR16_ACTI_22520	OR16	Actinoplanes sp. OR16	AP019371.1	ACTI_22520	ACTI_22520	BBH65567.1	purD	phosphoribosylamine--glycine ligase	mapped	native_locus_tag	1	PRAGSr	
CCG_OR16_ACTI_22540	OR16	Actinoplanes sp. OR16	AP019371.1	ACTI_22540	ACTI_22540	BBH65569.1		adenylosuccinate lyase	mapped	native_locus_tag	2	ADSL1r;ADSL2r	
CCG_OR16_ACTI_22560	OR16	Actinoplanes sp. OR16	AP019371.1	ACTI_22560	ACTI_22560	BBH65571.1	purS	phosphoribosylformylglycinamidine synthase subunit PurS	mapped	native_locus_tag	1	PRFGS_1	
CCG_OR16_ACTI_22570	OR16	Actinoplanes sp. OR16	AP019371.1	ACTI_22570	ACTI_22570	BBH65572.1	purL_1	phosphoribosylformylglycinamidine synthase subunit PurQ	mapped	native_locus_tag	1	PRFGS	
CCG_OR16_ACTI_22580	OR16	Actinoplanes sp. OR16	AP019371.1	ACTI_22580	ACTI_22580	BBH65573.1	purL_2	phosphoribosylformylglycinamidine synthase subunit PurL	mapped	native_locus_tag	1	PRFGS	
CCG_OR16_ACTI_22610	OR16	Actinoplanes sp. OR16	AP019371.1	ACTI_22610	ACTI_22610	BBH65576.1	purF	amidophosphoribosyltransferase	mapped	native_locus_tag	1	GLUPRT	
CCG_OR16_ACTI_22620	OR16	Actinoplanes sp. OR16	AP019371.1	ACTI_22620	ACTI_22620	BBH65577.1	purM	phosphoribosylformylglycinamidine cyclo-ligase	mapped	native_locus_tag	1	PRAIS	
CCG_OR16_ACTI_22630	OR16	Actinoplanes sp. OR16	AP019371.1	ACTI_22630	ACTI_22630	BBH65578.1		radical SAM protein	mapped	native_locus_tag	1	PEAMNO2pp	
CCG_OR16_ACTI_22660	OR16	Actinoplanes sp. OR16	AP019371.1	ACTI_22660	ACTI_22660	BBH65581.1		valine dehydrogenase	mapped	native_locus_tag	3	ILEDHr;LLEUDr;VALDHr	
CCG_OR16_ACTI_22690	OR16	Actinoplanes sp. OR16	AP019371.1	ACTI_22690	ACTI_22690	BBH65584.1		PPOX class F420-dependent oxidoreductase	mapped	native_locus_tag	1	MNabc_rev	
CCG_OR16_ACTI_22900	OR16	Actinoplanes sp. OR16	AP019371.1	ACTI_22900	ACTI_22900	BBH65605.1		hypothetical protein	mapped	native_locus_tag	5	NTR3B;NTRIR2x;NTRIR2y;NTRIRx;NTRIRy	
CCG_OR16_ACTI_22930	OR16	Actinoplanes sp. OR16	AP019371.1	ACTI_22930	ACTI_22930	BBH65608.1		peptidoglycan-binding protein	mapped	native_locus_tag	6	AGM3PA;AGM3PApp;AGM4PA;AGM4PApp;AM3PA;AM4PA	
CCG_OR16_ACTI_23090	OR16	Actinoplanes sp. OR16	AP019371.1	ACTI_23090	ACTI_23090	BBH65624.1	glcE_1	glycolate oxidase	mapped	native_locus_tag	2	GLYCTO1;LDH_D2	
CCG_OR16_ACTI_23190	OR16	Actinoplanes sp. OR16	AP019371.1	ACTI_23190	ACTI_23190	BBH65634.1	hemL	glutamate-1-semialdehyde 2,1-aminomutase	mapped	native_locus_tag	1	G1SAT	
CCG_OR16_ACTI_23270	OR16	Actinoplanes sp. OR16	AP019371.1	ACTI_23270	ACTI_23270	BBH65642.1	ubiA	4-hydroxybenzoate octaprenyltransferase	mapped	native_locus_tag	1	DHNAOT4	
CCG_OR16_ACTI_23300	OR16	Actinoplanes sp. OR16	AP019371.1	ACTI_23300	ACTI_23300	BBH65645.1	ubiX	flavin prenyltransferase UbiX	mapped	native_locus_tag	1	DHNAOT4	
CCG_OR16_ACTI_23360	OR16	Actinoplanes sp. OR16	AP019371.1	ACTI_23360	ACTI_23360	BBH65651.1		hypothetical protein	mapped	native_locus_tag	3	MDDEP1pp;MDDEP3pp;MDDEP4pp	
CCG_OR16_ACTI_23420	OR16	Actinoplanes sp. OR16	AP019371.1	ACTI_23420	ACTI_23420	BBH65657.1		hemin ABC transporter ATP-binding protein	mapped	native_locus_tag	2	FE3DCIT2abcpp;FE3DCITabcpp	
CCG_OR16_ACTI_23440	OR16	Actinoplanes sp. OR16	AP019371.1	ACTI_23440	ACTI_23440	BBH65659.1		putative glyoxalase/bleomycin resistance protein	mapped	native_locus_tag	1	GLYCS_II	
CCG_OR16_ACTI_23560	OR16	Actinoplanes sp. OR16	AP019371.1	ACTI_23560	ACTI_23560	BBH65671.1	menG	demethylmenaquinone methyltransferase	mapped	native_locus_tag	3	AMMQLT8;AMMQT8;AMMQT8_2	
CCG_OR16_ACTI_23590	OR16	Actinoplanes sp. OR16	AP019371.1	ACTI_23590	ACTI_23590	BBH65674.1	nuoA	NADH-quinone oxidoreductase subunit A	mapped	native_locus_tag	2	NADH10;NADH9	
CCG_OR16_ACTI_23600	OR16	Actinoplanes sp. OR16	AP019371.1	ACTI_23600	ACTI_23600	BBH65675.1	nuoB1	NADH-quinone oxidoreductase subunit B 1	mapped	native_locus_tag	2	NADH10;NADH9	
CCG_OR16_ACTI_23610	OR16	Actinoplanes sp. OR16	AP019371.1	ACTI_23610	ACTI_23610	BBH65676.1	nuoC	NADH-quinone oxidoreductase subunit C	mapped	native_locus_tag	2	NADH10;NADH9	
CCG_OR16_ACTI_23620	OR16	Actinoplanes sp. OR16	AP019371.1	ACTI_23620	ACTI_23620	BBH65677.1	nuoD2	NADH-quinone oxidoreductase subunit D 2	mapped	native_locus_tag	2	NADH10;NADH9	
CCG_OR16_ACTI_23630	OR16	Actinoplanes sp. OR16	AP019371.1	ACTI_23630	ACTI_23630	BBH65678.1		hypothetical protein	mapped	native_locus_tag	2	NADH10;NADH9	
CCG_OR16_ACTI_23640	OR16	Actinoplanes sp. OR16	AP019371.1	ACTI_23640	ACTI_23640	BBH65679.1	nuoF	NADH-quinone oxidoreductase subunit F	mapped	native_locus_tag	2	NADH10;NADH9	
CCG_OR16_ACTI_23650	OR16	Actinoplanes sp. OR16	AP019371.1	ACTI_23650	ACTI_23650	BBH65680.1	nuoG	NADH-quinone oxidoreductase subunit G	mapped	native_locus_tag	2	NADH10;NADH9	
CCG_OR16_ACTI_23660	OR16	Actinoplanes sp. OR16	AP019371.1	ACTI_23660	ACTI_23660	BBH65681.1	nuoH_1	NADH-quinone oxidoreductase subunit H	mapped	native_locus_tag	2	NADH10;NADH9	
CCG_OR16_ACTI_23670	OR16	Actinoplanes sp. OR16	AP019371.1	ACTI_23670	ACTI_23670	BBH65682.1	nuoI	NADH-quinone oxidoreductase subunit I	mapped	native_locus_tag	2	NADH10;NADH9	
CCG_OR16_ACTI_23680	OR16	Actinoplanes sp. OR16	AP019371.1	ACTI_23680	ACTI_23680	BBH65683.1	nuoJ	NADH:ubiquinone oxidoreductase subunit J	mapped	native_locus_tag	2	NADH10;NADH9	
CCG_OR16_ACTI_23690	OR16	Actinoplanes sp. OR16	AP019371.1	ACTI_23690	ACTI_23690	BBH65684.1	nuoK	NADH-quinone oxidoreductase subunit K	mapped	native_locus_tag	2	NADH10;NADH9	
CCG_OR16_ACTI_23700	OR16	Actinoplanes sp. OR16	AP019371.1	ACTI_23700	ACTI_23700	BBH65685.1	nuoL	NADH-quinone oxidoreductase subunit L	mapped	native_locus_tag	2	NADH10;NADH9	
CCG_OR16_ACTI_23710	OR16	Actinoplanes sp. OR16	AP019371.1	ACTI_23710	ACTI_23710	BBH65686.1		NADH-quinone oxidoreductase subunit M	mapped	native_locus_tag	2	NADH10;NADH9	
CCG_OR16_ACTI_23720	OR16	Actinoplanes sp. OR16	AP019371.1	ACTI_23720	ACTI_23720	BBH65687.1	nuoN_1	NADH-quinone oxidoreductase subunit N	mapped	native_locus_tag	2	NADH10;NADH9	
CCG_OR16_ACTI_23740	OR16	Actinoplanes sp. OR16	AP019371.1	ACTI_23740	ACTI_23740	BBH65689.1		geranylgeranyl pyrophosphate synthase	mapped	native_locus_tag	1	HEXTT	
CCG_OR16_ACTI_23900	OR16	Actinoplanes sp. OR16	AP019371.1	ACTI_23900	ACTI_23900	BBH65705.1	acsA_1	acetyl-coenzyme A synthetase	mapped	native_locus_tag	2	ACS;ACS2	
CCG_OR16_ACTI_23930	OR16	Actinoplanes sp. OR16	AP019371.1	ACTI_23930	ACTI_23930	BBH65708.1		morphological differentiation-associated protein	mapped	native_locus_tag	1	PSP_L	
CCG_OR16_ACTI_24050	OR16	Actinoplanes sp. OR16	AP019371.1	ACTI_24050	ACTI_24050	BBH65720.1	hppA	K(+)-insensitive pyrophosphate-energized proton pump	mapped	native_locus_tag	1	PPA_1pp	
CCG_OR16_ACTI_24120	OR16	Actinoplanes sp. OR16	AP019371.1	ACTI_24120	ACTI_24120	BBH65727.1	tmk	dTMP kinase	mapped	native_locus_tag	1	DTMPK	
CCG_OR16_ACTI_24230	OR16	Actinoplanes sp. OR16	AP019371.1	ACTI_24230	ACTI_24230	BBH65738.1		protease	mapped	native_locus_tag	2	PRFGS;THZPSN	
CCG_OR16_ACTI_24310	OR16	Actinoplanes sp. OR16	AP019371.1	ACTI_24310	ACTI_24310	BBH65746.1		MFS transporter	mapped	native_locus_tag	1	FEENTERtpp	
CCG_OR16_ACTI_24380	OR16	Actinoplanes sp. OR16	AP019371.1	ACTI_24380	ACTI_24380	BBH65753.1		tryptophan synthase subunit beta	mapped	native_locus_tag	5	TRPS1;TRPS2;TRPS2_1;TRPS3;TRPS3_1	
CCG_OR16_ACTI_24390	OR16	Actinoplanes sp. OR16	AP019371.1	ACTI_24390	ACTI_24390	BBH65754.1	trpA_1	tryptophan synthase alpha chain	mapped	native_locus_tag	4	TRPS1;TRPS2_1;TRPS3;TRPS3_1	
CCG_OR16_ACTI_24560	OR16	Actinoplanes sp. OR16	AP019371.1	ACTI_24560	ACTI_24560	BBH65771.1	pbuG	MFS transporter	mapped	native_locus_tag	5	GUAt2pp;GUAt2r;HXANt2pp;HXANt2r;XANt3	
CCG_OR16_ACTI_24580	OR16	Actinoplanes sp. OR16	AP019371.1	ACTI_24580	ACTI_24580	BBH65773.1		hypothetical protein	mapped	native_locus_tag	1	STFRNAt	
CCG_OR16_ACTI_24640	OR16	Actinoplanes sp. OR16	AP019371.1	ACTI_24640	ACTI_24640	BBH65779.1	serC	phosphoserine aminotransferase	mapped	native_locus_tag	1	PSERT	
CCG_OR16_ACTI_24650	OR16	Actinoplanes sp. OR16	AP019371.1	ACTI_24650	ACTI_24650	BBH65780.1		citrate synthase 2	mapped	native_locus_tag	1	CS	
CCG_OR16_ACTI_24660	OR16	Actinoplanes sp. OR16	AP019371.1	ACTI_24660	ACTI_24660	BBH65781.1	pdxH	pyridoxine/pyridoxamine 5'-phosphate oxidase	mapped	native_locus_tag	4	PDX5POi;PYAM5PO;PYDXNO;PYDXO	
CCG_OR16_ACTI_24740	OR16	Actinoplanes sp. OR16	AP019371.1	ACTI_24740	ACTI_24740	BBH65789.1		sugar ABC transporter ATP-binding protein	mapped	native_locus_tag	12	G3PCabcpp;G3PEabcpp;G3PGabcpp;G3PIabcpp;G3PSabcpp;GLCabcpp;MALTHXabc;MALTHXabcpp;MALTTRabc;MALTabc;MALTabcpp;SUCRabcpp_syn	
CCG_OR16_ACTI_24770	OR16	Actinoplanes sp. OR16	AP019371.1	ACTI_24770	ACTI_24770	BBH65792.1		hydrolase	mapped	native_locus_tag	1	PGMT	
CCG_OR16_ACTI_24780	OR16	Actinoplanes sp. OR16	AP019371.1	ACTI_24780	ACTI_24780	BBH65793.1		glycosyl hydrolase	mapped	native_locus_tag	1	TREP	
CCG_OR16_ACTI_24810	OR16	Actinoplanes sp. OR16	AP019371.1	ACTI_24810	ACTI_24810	BBH65796.1		ABC transporter ATP-binding protein	mapped	native_locus_tag	3	TECA1S45;TECA2S45;TECA3S45	
CCG_OR16_ACTI_24910	OR16	Actinoplanes sp. OR16	AP019371.1	ACTI_24910	ACTI_24910	BBH65806.1		hypothetical protein	mapped	native_locus_tag	1	CDGUNPD	
CCG_OR16_ACTI_25010	OR16	Actinoplanes sp. OR16	AP019371.1	ACTI_25010	ACTI_25010	BBH65816.1		AMP-dependent acyl-CoA synthetase	mapped	native_locus_tag	16	2AGPEAT120;2AGPEAT141;2AGPEAT160;2AGPEAT180;2AGPGAT140;2AGPGAT180;2AGPGAT181;AACPS1;AACPS2;AACPS3;AACPS4;AACPS5;AACPS6;AACPS7;FACOAL40t2pp;FACOAL50It2pp	
CCG_OR16_ACTI_25170	OR16	Actinoplanes sp. OR16	AP019371.1	ACTI_25170	ACTI_25170	BBH65832.1		pseudaminic acid synthase	mapped	native_locus_tag	1	ACNPLYS	
CCG_OR16_ACTI_25200	OR16	Actinoplanes sp. OR16	AP019371.1	ACTI_25200	ACTI_25200	BBH65835.1		hypothetical protein	mapped	native_locus_tag	2	CDGUNPD;DGUNC	
CCG_OR16_ACTI_25420	OR16	Actinoplanes sp. OR16	AP019371.1	ACTI_25420	ACTI_25420	BBH65857.1	glyA_2	serine hydroxymethyltransferase	mapped	native_locus_tag	6	ALATA_D2;ALATA_L2;GHMT2r;THFAT;THRA;THRA2	
CCG_OR16_ACTI_25450	OR16	Actinoplanes sp. OR16	AP019371.1	ACTI_25450	ACTI_25450	BBH65860.1		sugar ABC transporter	mapped	native_locus_tag	2	RIBabcpp;XYLabc	
CCG_OR16_ACTI_25460	OR16	Actinoplanes sp. OR16	AP019371.1	ACTI_25460	ACTI_25460	BBH65861.1		ABC transporter permease	mapped	native_locus_tag	3	DRIBabc;RIBabc;RIBabc1	
CCG_OR16_ACTI_25490	OR16	Actinoplanes sp. OR16	AP019371.1	ACTI_25490	ACTI_25490	BBH65864.1		ABC transporter substrate-binding protein	mapped	native_locus_tag	3	ARGabc;HISabc;LYSabcpp	
CCG_OR16_ACTI_25610	OR16	Actinoplanes sp. OR16	AP019371.1	ACTI_25610	ACTI_25610	BBH65876.1		MFS transporter	mapped	native_locus_tag	3	FALDtpp2;INSTt2;XYLt2	
CCG_OR16_ACTI_25790	OR16	Actinoplanes sp. OR16	AP019371.1	ACTI_25790	ACTI_25790	BBH65894.1		hypothetical protein	mapped	native_locus_tag	3	MDDEP1pp;MDDEP3pp;MDDEP4pp	
CCG_OR16_ACTI_25800	OR16	Actinoplanes sp. OR16	AP019371.1	ACTI_25800	ACTI_25800	BBH65895.1	deoC	deoxyribose-phosphate aldolase	mapped	native_locus_tag	1	DRPA	
CCG_OR16_ACTI_25820	OR16	Actinoplanes sp. OR16	AP019371.1	ACTI_25820	ACTI_25820	BBH65897.1		multifunctional nuclease/2',3'-cyclic-nucleotide 2'-phosphodiesterase/5'-nucleotidase/3'-nucleotidase	mapped	native_locus_tag	4	NTD2pp;NTD4pp;NTD7pp;NTD9pp	
CCG_OR16_ACTI_25860	OR16	Actinoplanes sp. OR16	AP019371.1	ACTI_25860	ACTI_25860	BBH65901.1	aroF_1	phospho-2-dehydro-3-deoxyheptonate aldolase	mapped	native_locus_tag	1	DDPA	
CCG_OR16_ACTI_25970	OR16	Actinoplanes sp. OR16	AP019371.1	ACTI_25970	ACTI_25970	BBH65912.1		inositol monophosphatase	mapped	native_locus_tag	2	MI1PP;MI1PP_1	
CCG_OR16_ACTI_26000	OR16	Actinoplanes sp. OR16	AP019371.1	ACTI_26000	ACTI_26000	BBH65915.1		hypothetical protein	mapped	native_locus_tag	2	APRAUR;DHPPDA	
CCG_OR16_ACTI_26250	OR16	Actinoplanes sp. OR16	AP019371.1	ACTI_26250	ACTI_26250	BBH65940.1	proA	gamma-glutamyl phosphate reductase	mapped	native_locus_tag	2	G5SD;G5SD2	
CCG_OR16_ACTI_26260	OR16	Actinoplanes sp. OR16	AP019371.1	ACTI_26260	ACTI_26260	BBH65941.1	proB	glutamate 5-kinase	mapped	native_locus_tag	1	GLU5K	
CCG_OR16_ACTI_26320	OR16	Actinoplanes sp. OR16	AP019371.1	ACTI_26320	ACTI_26320	BBH65947.1		gamma-glutamyltransferase	mapped	native_locus_tag	1	GTHRDH_syn	
CCG_OR16_ACTI_26330	OR16	Actinoplanes sp. OR16	AP019371.1	ACTI_26330	ACTI_26330	BBH65948.1		MFS transporter	mapped	native_locus_tag	1	SBTt2	
CCG_OR16_ACTI_26350	OR16	Actinoplanes sp. OR16	AP019371.1	ACTI_26350	ACTI_26350	BBH65950.1		hypothetical protein	mapped	native_locus_tag	6	NADH10;NADH16pp;NADH17pp;NADH18pp;NADH5;NADH9	
CCG_OR16_ACTI_26360	OR16	Actinoplanes sp. OR16	AP019371.1	ACTI_26360	ACTI_26360	BBH65951.1	hemC2	porphobilinogen deaminase 2	mapped	native_locus_tag	1	HMBS	
CCG_OR16_ACTI_26420	OR16	Actinoplanes sp. OR16	AP019371.1	ACTI_26420	ACTI_26420	BBH65957.1		hypothetical protein	mapped	native_locus_tag	3	NADH16pp;NADH17pp;NADH18pp	
CCG_OR16_ACTI_26480	OR16	Actinoplanes sp. OR16	AP019371.1	ACTI_26480	ACTI_26480	BBH65963.1		NADH dehydrogenase	mapped	native_locus_tag	3	NADH16pp;NADH17pp;NADH18pp	
CCG_OR16_ACTI_26500	OR16	Actinoplanes sp. OR16	AP019371.1	ACTI_26500	ACTI_26500	BBH65965.1	nuoN_2	NADH-quinone oxidoreductase subunit N	mapped	native_locus_tag	1	NADH16pp	
CCG_OR16_ACTI_26650	OR16	Actinoplanes sp. OR16	AP019371.1	ACTI_26650	ACTI_26650	BBH65980.1		MaoC family dehydratase	mapped	native_locus_tag	11	FA120ACPHi;FA140ACPHi;FA141ACPHi;FA160ACPHi;FA161ACPHi;FAS100;FAS120;FAS140;FAS160;FAS180;FAS80_L	
CCG_OR16_ACTI_26790	OR16	Actinoplanes sp. OR16	AP019371.1	ACTI_26790	ACTI_26790	BBH65994.1	fusA_2	elongation factor G	mapped	native_locus_tag	1	NTP3	
CCG_OR16_ACTI_26800	OR16	Actinoplanes sp. OR16	AP019371.1	ACTI_26800	ACTI_26800	BBH65995.1	tuf1	elongation factor Tu-1	mapped	native_locus_tag	1	NTP3	
CCG_OR16_ACTI_27030	OR16	Actinoplanes sp. OR16	AP019371.1	ACTI_27030	ACTI_27030	BBH66018.1	adk_2	adenylate kinase	mapped	native_locus_tag	16	ADK1;ADK2;ADK2_1;ADK3;ADK4;ADKd;ADNK1;DADK;NDPK1;NDPK2;NDPK3;NDPK4;NDPK5;NDPK6;NDPK7;NDPK8	
CCG_OR16_ACTI_27040	OR16	Actinoplanes sp. OR16	AP019371.1	ACTI_27040	ACTI_27040	BBH66019.1	map_2	methionine aminopeptidase	mapped	native_locus_tag	1	AMPTASECG	
CCG_OR16_ACTI_27120	OR16	Actinoplanes sp. OR16	AP019371.1	ACTI_27120	ACTI_27120	BBH66027.1	truA	tRNA pseudouridine synthase A	mapped	native_locus_tag	1	YUMPS	
CCG_OR16_ACTI_27160	OR16	Actinoplanes sp. OR16	AP019371.1	ACTI_27160	ACTI_27160	BBH66031.1	thiE_1	thiamine-phosphate synthase	mapped	native_locus_tag	1	TMPPP	
CCG_OR16_ACTI_27170	OR16	Actinoplanes sp. OR16	AP019371.1	ACTI_27170	ACTI_27170	BBH66032.1	thiO	glycine oxidase ThiO	mapped	native_locus_tag	1	GOX	
CCG_OR16_ACTI_27180	OR16	Actinoplanes sp. OR16	AP019371.1	ACTI_27180	ACTI_27180	BBH66033.1		thiamine biosynthesis protein ThiS	mapped	native_locus_tag	1	THZPSN	
CCG_OR16_ACTI_27190	OR16	Actinoplanes sp. OR16	AP019371.1	ACTI_27190	ACTI_27190	BBH66034.1	thiG	thiazole synthase	mapped	native_locus_tag	1	THZPSN	
CCG_OR16_ACTI_27200	OR16	Actinoplanes sp. OR16	AP019371.1	ACTI_27200	ACTI_27200	BBH66035.1	thiE_2	thiamine-phosphate synthase	mapped	native_locus_tag	1	TMPPP	
CCG_OR16_ACTI_27210	OR16	Actinoplanes sp. OR16	AP019371.1	ACTI_27210	ACTI_27210	BBH66036.1		hydroxymethylpyrimidine/phosphomethylpyrimidine kinase	mapped	native_locus_tag	6	HMPK1;HMPK2;HMPK3;HMPK4;PMPK;TMPPP	
CCG_OR16_ACTI_27220	OR16	Actinoplanes sp. OR16	AP019371.1	ACTI_27220	ACTI_27220	BBH66037.1	thiC	phosphomethylpyrimidine synthase	mapped	native_locus_tag	3	AHMMPS;AHMMPS_1;AMPMS2	
CCG_OR16_ACTI_27360	OR16	Actinoplanes sp. OR16	AP019371.1	ACTI_27360	ACTI_27360	BBH66051.1	glmM	phosphoglucosamine mutase	mapped	native_locus_tag	2	ACGAMPM;PGAMT	
CCG_OR16_ACTI_27370	OR16	Actinoplanes sp. OR16	AP019371.1	ACTI_27370	ACTI_27370	BBH66052.1		aminotransferase	mapped	native_locus_tag	1	SDPTA	
CCG_OR16_ACTI_27390	OR16	Actinoplanes sp. OR16	AP019371.1	ACTI_27390	ACTI_27390	BBH66054.1	glmS_2	glutamine--fructose-6-phosphate aminotransferase [isomerizing	mapped	native_locus_tag	1	GF6PTA	
CCG_OR16_ACTI_27420	OR16	Actinoplanes sp. OR16	AP019371.1	ACTI_27420	ACTI_27420	BBH66057.1	acpS	holo-[acyl-carrier-protein	mapped	native_locus_tag	1	ACPS1	
CCG_OR16_ACTI_27430	OR16	Actinoplanes sp. OR16	AP019371.1	ACTI_27430	ACTI_27430	BBH66058.1	nnr	bifunctional NAD(P)H-hydrate repair enzyme Nnr	mapped	native_locus_tag	4	NADHXD;NADHXE;NADPHXD;NADPHXE	
CCG_OR16_ACTI_27440	OR16	Actinoplanes sp. OR16	AP019371.1	ACTI_27440	ACTI_27440	BBH66059.1	alr	alanine racemase	mapped	native_locus_tag	1	ALAR	
CCG_OR16_ACTI_27590	OR16	Actinoplanes sp. OR16	AP019371.1	ACTI_27590	ACTI_27590	BBH66074.1		sugar ABC transporter ATP-binding protein	mapped	native_locus_tag	2	GALabcpp;GLCabcpp	
CCG_OR16_ACTI_27610	OR16	Actinoplanes sp. OR16	AP019371.1	ACTI_27610	ACTI_27610	BBH66076.1		sugar kinase	mapped	native_locus_tag	1	HEX1	
CCG_OR16_ACTI_27690	OR16	Actinoplanes sp. OR16	AP019371.1	ACTI_27690	ACTI_27690	BBH66084.1	guaB_1	inosine-5'-monophosphate dehydrogenase	mapped	native_locus_tag	1	IMPD	
CCG_OR16_ACTI_27700	OR16	Actinoplanes sp. OR16	AP019371.1	ACTI_27700	ACTI_27700	BBH66085.1	guaB_2	IMP dehydrogenase	mapped	native_locus_tag	1	IMPD	
CCG_OR16_ACTI_27710	OR16	Actinoplanes sp. OR16	AP019371.1	ACTI_27710	ACTI_27710	BBH66086.1		peptidase	mapped	native_locus_tag	1	AMPTASECG	
CCG_OR16_ACTI_27750	OR16	Actinoplanes sp. OR16	AP019371.1	ACTI_27750	ACTI_27750	BBH66090.1	guaA_1	GMP synthase [glutamine-hydrolyzing	mapped	native_locus_tag	1	GMPS2	
CCG_OR16_ACTI_27770	OR16	Actinoplanes sp. OR16	AP019371.1	ACTI_27770	ACTI_27770	BBH66092.1		DNA mismatch repair protein MutT	mapped	native_locus_tag	6	DNTPPA;DUTPDP;NTPP1;NTPP2;NTPP3;NTPP7	
CCG_OR16_ACTI_27780	OR16	Actinoplanes sp. OR16	AP019371.1	ACTI_27780	ACTI_27780	BBH66093.1		CDP-diacylglycerol--serine O-phosphatidyltransferase	mapped	native_locus_tag	6	PSSA120;PSSA141;PSSA160;PSSA161;PSSA180;PSSA181	
CCG_OR16_ACTI_27790	OR16	Actinoplanes sp. OR16	AP019371.1	ACTI_27790	ACTI_27790	BBH66094.1		hypothetical protein	mapped	native_locus_tag	6	PSD120;PSD141;PSD160;PSD161;PSD180;PSD181	
CCG_OR16_ACTI_27840	OR16	Actinoplanes sp. OR16	AP019371.1	ACTI_27840	ACTI_27840	BBH66099.1		putative peptide ABC transporter DppA	mapped	native_locus_tag	10	3PEPTabcpp;4PEPTabcpp;DIPEPabc1;DIPEPabc10;DIPEPabc12;DIPEPabc13;DIPEPabc14;DIPEPabc15;DIPEPabc3;DIPEPabc8	
CCG_OR16_ACTI_27850	OR16	Actinoplanes sp. OR16	AP019371.1	ACTI_27850	ACTI_27850	BBH66100.1		putative dipeptide-transport integral membrane protein ABC transporter DppB	mapped	native_locus_tag	1	GTHRDt2_1	
CCG_OR16_ACTI_27860	OR16	Actinoplanes sp. OR16	AP019371.1	ACTI_27860	ACTI_27860	BBH66101.1		peptide ABC transporter permease	mapped	native_locus_tag	10	DIPEPabc1;DIPEPabc10;DIPEPabc12;DIPEPabc13;DIPEPabc14;DIPEPabc15;DIPEPabc3;DIPEPabc8;XYLANabc;XYLabc	
CCG_OR16_ACTI_27870	OR16	Actinoplanes sp. OR16	AP019371.1	ACTI_27870	ACTI_27870	BBH66102.1		ABC transporter ATP-binding protein	mapped	native_locus_tag	26	ALAALAabcpp;ALAGLUabcpp;ALAHISabcpp;ALALEUabcpp;ALATHRabcpp;ALATRPabcpp;CARNabcpp;CGLYabcpp;GALMAN4abc;GALMAN6abc;GLCMAN4abc;GLCMAN6abc;GLYGLNabcpp;GLYGLUabcpp;GLYGLYabcpp;GLYMETabcpp;GLYPHEabcpp;GLYSERabcpp;HISGLYabcpp;HISHISabcpp;LEULEUabcpp;PROGLYabcpp;PROHISGLUtr;SERGLUGLNtr;XYLANabc;XYLabc	
CCG_OR16_ACTI_27880	OR16	Actinoplanes sp. OR16	AP019371.1	ACTI_27880	ACTI_27880	BBH66103.1		ABC transporter ATP-binding protein	mapped	native_locus_tag	20	3PEPTabcpp;4PEPTabcpp;ALAALAabcpp;ALAGLUabcpp;ALAHISabcpp;ALALEUabcpp;ALATHRabcpp;ALATRPabcpp;CARNabcpp;CGLYabcpp;GLYGLNabcpp;GLYGLUabcpp;GLYGLYabcpp;GLYMETabcpp;GLYPHEabcpp;GLYSERabcpp;HISGLYabcpp;HISHISabcpp;LEULEUabcpp;PROGLYabcpp	
CCG_OR16_ACTI_27890	OR16	Actinoplanes sp. OR16	AP019371.1	ACTI_27890	ACTI_27890	BBH66104.1		hypothetical protein	mapped	native_locus_tag	1	CHORM	
CCG_OR16_ACTI_27900	OR16	Actinoplanes sp. OR16	AP019371.1	ACTI_27900	ACTI_27900	BBH66105.1		bifunctional metallophosphatase/5'-nucleotidase	mapped	native_locus_tag	12	NMNHYD;NT5C;NTD10;NTD11;NTD2;NTD3;NTD4;NTD5;NTD6;NTD7;NTD8;NTD9	
CCG_OR16_ACTI_27920	OR16	Actinoplanes sp. OR16	AP019371.1	ACTI_27920	ACTI_27920	BBH66107.1		hypothetical protein	mapped	native_locus_tag	5	MDDEP1pp;MDDEP3pp;MDDEP4pp;MLDEP1pp;MLDEP2pp	
CCG_OR16_ACTI_27940	OR16	Actinoplanes sp. OR16	AP019371.1	ACTI_27940	ACTI_27940	BBH66109.1		methylmalonyl-CoA mutase	mapped	native_locus_tag	2	IBTMr;MMM2	
CCG_OR16_ACTI_27960	OR16	Actinoplanes sp. OR16	AP019371.1	ACTI_27960	ACTI_27960	BBH66111.1	sucC1	succinate--CoA ligase [ADP-forming	mapped	native_locus_tag	1	SUCOAS	
CCG_OR16_ACTI_27970	OR16	Actinoplanes sp. OR16	AP019371.1	ACTI_27970	ACTI_27970	BBH66112.1		succinate--CoA ligase [ADP-forming	mapped	native_locus_tag	1	SUCOAS	
CCG_OR16_ACTI_28000	OR16	Actinoplanes sp. OR16	AP019371.1	ACTI_28000	ACTI_28000	BBH66115.1	purN	phosphoribosylglycinamide formyltransferase	mapped	native_locus_tag	1	GARFT	
CCG_OR16_ACTI_28010	OR16	Actinoplanes sp. OR16	AP019371.1	ACTI_28010	ACTI_28010	BBH66116.1	purH	bifunctional purine biosynthesis protein PurH	mapped	native_locus_tag	2	AICART;IMPC	
CCG_OR16_ACTI_28030	OR16	Actinoplanes sp. OR16	AP019371.1	ACTI_28030	ACTI_28030	BBH66118.1	icd1	isocitrate dehydrogenase [NADP	mapped	native_locus_tag	1	ICDHyr	
CCG_OR16_ACTI_28040	OR16	Actinoplanes sp. OR16	AP019371.1	ACTI_28040	ACTI_28040	BBH66119.1	adhE	aldehyde-alcohol dehydrogenase	mapped	native_locus_tag	2	ACALD;ALCD19	
CCG_OR16_ACTI_28050	OR16	Actinoplanes sp. OR16	AP019371.1	ACTI_28050	ACTI_28050	BBH66120.1	galT	galactose-1-phosphate uridylyltransferase	mapped	native_locus_tag	1	GALT	
CCG_OR16_ACTI_28190	OR16	Actinoplanes sp. OR16	AP019371.1	ACTI_28190	ACTI_28190	BBH66134.1		adenylyl-sulfate kinase	mapped	native_locus_tag	1	ADSK	
CCG_OR16_ACTI_28230	OR16	Actinoplanes sp. OR16	AP019371.1	ACTI_28230	ACTI_28230	BBH66138.1		ABC transporter ATP-binding protein	mapped	native_locus_tag	3	PTRCabc;PTRCabcpp;SULabcpp	
CCG_OR16_ACTI_28250	OR16	Actinoplanes sp. OR16	AP019371.1	ACTI_28250	ACTI_28250	BBH66140.1	ppc	phosphoenolpyruvate carboxylase	mapped	native_locus_tag	2	PEPC;PPC	
CCG_OR16_ACTI_28360	OR16	Actinoplanes sp. OR16	AP019371.1	ACTI_28360	ACTI_28360	BBH66151.1		nucleoside triphosphate pyrophosphohydrolase	mapped	native_locus_tag	13	GDPTPDP;NTPP1;NTPP10;NTPP2;NTPP3;NTPP4;NTPP5;NTPP6;NTPP7;NTPP8;NTPP9;PPGPPDP;RNDR4	
CCG_OR16_ACTI_28410	OR16	Actinoplanes sp. OR16	AP019371.1	ACTI_28410	ACTI_28410	BBH66156.1	eno1	enolase 1	mapped	native_locus_tag	1	ENO	
CCG_OR16_ACTI_28440	OR16	Actinoplanes sp. OR16	AP019371.1	ACTI_28440	ACTI_28440	BBH66159.1		N-acetylglutamate synthase	mapped	native_locus_tag	1	ACGS	
CCG_OR16_ACTI_28450	OR16	Actinoplanes sp. OR16	AP019371.1	ACTI_28450	ACTI_28450	BBH66160.1		hydrolase	mapped	native_locus_tag	1	GDTPR	
CCG_OR16_ACTI_28550	OR16	Actinoplanes sp. OR16	AP019371.1	ACTI_28550	ACTI_28550	BBH66170.1	ndh	NADH dehydrogenase	mapped	native_locus_tag	2	FADH2D;NADH4	
CCG_OR16_ACTI_28580	OR16	Actinoplanes sp. OR16	AP019371.1	ACTI_28580	ACTI_28580	BBH66173.1	atoB_1	acetyl-CoA acetyltransferase	mapped	native_locus_tag	1	MACCOAT	
CCG_OR16_ACTI_28620	OR16	Actinoplanes sp. OR16	AP019371.1	ACTI_28620	ACTI_28620	BBH66177.1		putative cystathionine beta-synthase	mapped	native_locus_tag	1	CYSTS	
CCG_OR16_ACTI_28730	OR16	Actinoplanes sp. OR16	AP019371.1	ACTI_28730	ACTI_28730	BBH66188.1		hypothetical protein	mapped	native_locus_tag	0		
CCG_OR16_ACTI_28740	OR16	Actinoplanes sp. OR16	AP019371.1	ACTI_28740	ACTI_28740	BBH66189.1		hypothetical protein	mapped	native_locus_tag	0		
CCG_OR16_ACTI_28770	OR16	Actinoplanes sp. OR16	AP019371.1	ACTI_28770	ACTI_28770	BBH66192.1		hydrolase	mapped	native_locus_tag	1	AP4AH	
CCG_OR16_ACTI_28780	OR16	Actinoplanes sp. OR16	AP019371.1	ACTI_28780	ACTI_28780	BBH66193.1		cystathionine gamma-synthase	mapped	native_locus_tag	2	SHSL1;SHSL4r	
CCG_OR16_ACTI_28790	OR16	Actinoplanes sp. OR16	AP019371.1	ACTI_28790	ACTI_28790	BBH66194.1	amiB2	putative amidase AmiB2	mapped	native_locus_tag	1	AMID4	
CCG_OR16_ACTI_28800	OR16	Actinoplanes sp. OR16	AP019371.1	ACTI_28800	ACTI_28800	BBH66195.1	ilvA_1	threonine ammonia-lyase	mapped	native_locus_tag	2	SERD_L;THRD_L	
CCG_OR16_ACTI_28830	OR16	Actinoplanes sp. OR16	AP019371.1	ACTI_28830	ACTI_28830	BBH66198.1	mca	mycothiol S-conjugate amidase	mapped	native_locus_tag	1	MSHAMID	
CCG_OR16_ACTI_28850	OR16	Actinoplanes sp. OR16	AP019371.1	ACTI_28850	ACTI_28850	BBH66200.1		hypothetical protein	mapped	native_locus_tag	2	CDGUNPD;LDGUNPD	
CCG_OR16_ACTI_28900	OR16	Actinoplanes sp. OR16	AP019371.1	ACTI_28900	ACTI_28900	BBH66205.1	purK	N5-carboxyaminoimidazole ribonucleotide synthase	mapped	native_locus_tag	1	AIRCr	
CCG_OR16_ACTI_28910	OR16	Actinoplanes sp. OR16	AP019371.1	ACTI_28910	ACTI_28910	BBH66206.1	purE	N5-carboxyaminoimidazole ribonucleotide mutase	mapped	native_locus_tag	1	AIRCr	
CCG_OR16_ACTI_28930	OR16	Actinoplanes sp. OR16	AP019371.1	ACTI_28930	ACTI_28930	BBH66208.1		acyl-CoA dehydrogenase	mapped	native_locus_tag	1	LPLIPAL2E180	
CCG_OR16_ACTI_29000	OR16	Actinoplanes sp. OR16	AP019371.1	ACTI_29000	ACTI_29000	BBH66215.1		pyridine nucleotide-disulfide oxidoreductase	mapped	native_locus_tag	2	NADH4;NADTRHD	
CCG_OR16_ACTI_29060	OR16	Actinoplanes sp. OR16	AP019371.1	ACTI_29060	ACTI_29060	BBH66221.1		amidohydrolase	mapped	native_locus_tag	1	ACODA	
CCG_OR16_ACTI_29070	OR16	Actinoplanes sp. OR16	AP019371.1	ACTI_29070	ACTI_29070	BBH66222.1		MFS transporter	mapped	native_locus_tag	2	GALt2pp;GLCt2pp	
CCG_OR16_ACTI_29090	OR16	Actinoplanes sp. OR16	AP019371.1	ACTI_29090	ACTI_29090	BBH66224.1		acyl-CoA thioesterase	mapped	native_locus_tag	3	FACOAE140;FACOAE160;FACOAE161	
CCG_OR16_ACTI_29100	OR16	Actinoplanes sp. OR16	AP019371.1	ACTI_29100	ACTI_29100	BBH66225.1	acsA_2	acetoacetyl-CoA synthetase	mapped	native_locus_tag	2	AACOAT;ACS	
CCG_OR16_ACTI_29130	OR16	Actinoplanes sp. OR16	AP019371.1	ACTI_29130	ACTI_29130	BBH66228.1		mannose-1-phosphate guanyltransferase	mapped	native_locus_tag	2	MAN1PT;MAN1PT2	
CCG_OR16_ACTI_29240	OR16	Actinoplanes sp. OR16	AP019371.1	ACTI_29240	ACTI_29240	BBH66239.1		putative aldehyde dehydrogenase	mapped	native_locus_tag	8	4ABUTD;ABUTD;ALDD20x;ALDD20y;ALDD2x;ALDD2y;GLYALDDr;NABTNO	
CCG_OR16_ACTI_29270	OR16	Actinoplanes sp. OR16	AP019371.1	ACTI_29270	ACTI_29270	BBH66242.1	manB	phosphomannomutase/phosphoglucomutase	mapped	native_locus_tag	1	PMANM	
CCG_OR16_ACTI_29300	OR16	Actinoplanes sp. OR16	AP019371.1	ACTI_29300	ACTI_29300	BBH66245.1		transporter	mapped	native_locus_tag	4	COBALTt5;FE2t;MGt5;r2465_1	
CCG_OR16_ACTI_29310	OR16	Actinoplanes sp. OR16	AP019371.1	ACTI_29310	ACTI_29310	BBH66246.1		putative mannose-6-phosphate isomerase ManA	mapped	native_locus_tag	1	MAN6PI	
CCG_OR16_ACTI_29330	OR16	Actinoplanes sp. OR16	AP019371.1	ACTI_29330	ACTI_29330	BBH66248.1	ahcY_2	adenosylhomocysteinase	mapped	native_locus_tag	1	AHCi	
CCG_OR16_ACTI_29450	OR16	Actinoplanes sp. OR16	AP019371.1	ACTI_29450	ACTI_29450	BBH66260.1		DNA-binding protein	mapped	native_locus_tag	1	MOBDabc	
CCG_OR16_ACTI_29480	OR16	Actinoplanes sp. OR16	AP019371.1	ACTI_29480	ACTI_29480	BBH66263.1	putA_2	1-pyrroline-5-carboxylate dehydrogenase	mapped	native_locus_tag	1	P5CD	
CCG_OR16_ACTI_29510	OR16	Actinoplanes sp. OR16	AP019371.1	ACTI_29510	ACTI_29510	BBH66266.1		cell division ATP-binding protein FtsE	mapped	native_locus_tag	2	METabc;METabcpp	
CCG_OR16_ACTI_29580	OR16	Actinoplanes sp. OR16	AP019371.1	ACTI_29580	ACTI_29580	BBH66273.1		purine nucleoside phosphorylase	mapped	native_locus_tag	1	MTAP	
CCG_OR16_ACTI_29710	OR16	Actinoplanes sp. OR16	AP019371.1	ACTI_29710	ACTI_29710	BBH66286.1		MFS transporter	mapped	native_locus_tag	5	ACACt2;ACt2r;D_LACt2;L_LACt2r;PYRt2	
CCG_OR16_ACTI_29900	OR16	Actinoplanes sp. OR16	AP019371.1	ACTI_29900	ACTI_29900	BBH66305.1		hypothetical protein	mapped	native_locus_tag	1	PDE4	
CCG_OR16_ACTI_29970	OR16	Actinoplanes sp. OR16	AP019371.1	ACTI_29970	ACTI_29970	BBH66312.1	coxA_1	cytochrome c oxidase subunit 1	mapped	native_locus_tag	1	CYO1b	
CCG_OR16_ACTI_30020	OR16	Actinoplanes sp. OR16	AP019371.1	ACTI_30020	ACTI_30020	BBH66317.1		amidase	mapped	native_locus_tag	1	NNAM	
CCG_OR16_ACTI_30030	OR16	Actinoplanes sp. OR16	AP019371.1	ACTI_30030	ACTI_30030	BBH66318.1	pncB	nicotinate phosphoribosyltransferase	mapped	native_locus_tag	1	NAPRT	
CCG_OR16_ACTI_30080	OR16	Actinoplanes sp. OR16	AP019371.1	ACTI_30080	ACTI_30080	BBH66323.1		putative cysteine synthase	mapped	native_locus_tag	1	CYSS	
CCG_OR16_ACTI_30120	OR16	Actinoplanes sp. OR16	AP019371.1	ACTI_30120	ACTI_30120	BBH66327.1	rph	ribonuclease PH	mapped	native_locus_tag	1	NTP5	
CCG_OR16_ACTI_30130	OR16	Actinoplanes sp. OR16	AP019371.1	ACTI_30130	ACTI_30130	BBH66328.1		non-canonical purine NTP pyrophosphatase	mapped	native_locus_tag	3	NTPP10;NTPP11;NTPP9	
CCG_OR16_ACTI_30140	OR16	Actinoplanes sp. OR16	AP019371.1	ACTI_30140	ACTI_30140	BBH66329.1	hutH_1	histidine ammonia-lyase	mapped	native_locus_tag	1	HISDr	
CCG_OR16_ACTI_30150	OR16	Actinoplanes sp. OR16	AP019371.1	ACTI_30150	ACTI_30150	BBH66330.1	hutI	imidazolonepropionase	mapped	native_locus_tag	2	IZPN;IZPN_1	
CCG_OR16_ACTI_30160	OR16	Actinoplanes sp. OR16	AP019371.1	ACTI_30160	ACTI_30160	BBH66331.1	hutF	formimidoylglutamate deiminase	mapped	native_locus_tag	1	FORGLUIH2	
CCG_OR16_ACTI_30170	OR16	Actinoplanes sp. OR16	AP019371.1	ACTI_30170	ACTI_30170	BBH66332.1		Zn-dependent hydrolase	mapped	native_locus_tag	1	ALLTAMH	
CCG_OR16_ACTI_30180	OR16	Actinoplanes sp. OR16	AP019371.1	ACTI_30180	ACTI_30180	BBH66333.1	hutU	urocanate hydratase	mapped	native_locus_tag	1	URCN	
CCG_OR16_ACTI_30230	OR16	Actinoplanes sp. OR16	AP019371.1	ACTI_30230	ACTI_30230	BBH66338.1		peroxiredoxin	mapped	native_locus_tag	1	THIORDXi	
CCG_OR16_ACTI_30240	OR16	Actinoplanes sp. OR16	AP019371.1	ACTI_30240	ACTI_30240	BBH66339.1		adenosylmethionine decarboxylase	mapped	native_locus_tag	1	ADMDC	
CCG_OR16_ACTI_30300	OR16	Actinoplanes sp. OR16	AP019371.1	ACTI_30300	ACTI_30300	BBH66345.1		hypothetical protein	mapped	native_locus_tag	1	Cut1	
CCG_OR16_ACTI_30450	OR16	Actinoplanes sp. OR16	AP019371.1	ACTI_30450	ACTI_30450	BBH66360.1		hypothetical protein	mapped	native_locus_tag	3	NADH10;NADH5;NADH9	
CCG_OR16_ACTI_30480	OR16	Actinoplanes sp. OR16	AP019371.1	ACTI_30480	ACTI_30480	BBH66363.1		cytochrome P450 hydroxylase	mapped	native_locus_tag	3	CYP1;CYP2;CYP3	
CCG_OR16_ACTI_30690	OR16	Actinoplanes sp. OR16	AP019371.1	ACTI_30690	ACTI_30690	BBH66384.1		ABC transporter permease	mapped	native_locus_tag	5	G3PCabcpp;G3PEabcpp;G3PGabcpp;G3PIabcpp;G3PSabcpp	
CCG_OR16_ACTI_30850	OR16	Actinoplanes sp. OR16	AP019371.1	ACTI_30850	ACTI_30850	BBH66400.1		hypothetical protein	mapped	native_locus_tag	1	ACGS	
CCG_OR16_ACTI_31000	OR16	Actinoplanes sp. OR16	AP019371.1	ACTI_31000	ACTI_31000	BBH66415.1		hypothetical protein	mapped	native_locus_tag	1	PGL	
CCG_OR16_ACTI_31030	OR16	Actinoplanes sp. OR16	AP019371.1	ACTI_31030	ACTI_31030	BBH66418.1	xylA	xylose isomerase	mapped	native_locus_tag	2	XYLI1;XYLI2	
CCG_OR16_ACTI_31040	OR16	Actinoplanes sp. OR16	AP019371.1	ACTI_31040	ACTI_31040	BBH66419.1	xylB_1	xylulokinase	mapped	native_locus_tag	1	XYLK	
CCG_OR16_ACTI_31100	OR16	Actinoplanes sp. OR16	AP019371.1	ACTI_31100	ACTI_31100	BBH66425.1		alpha-glucosidase	mapped	native_locus_tag	1	MALT	
CCG_OR16_ACTI_31170	OR16	Actinoplanes sp. OR16	AP019371.1	ACTI_31170	ACTI_31170	BBH66432.1		hypothetical protein	mapped	native_locus_tag	2	DTMPK;TMDK1	
CCG_OR16_ACTI_31340	OR16	Actinoplanes sp. OR16	AP019371.1	ACTI_31340	ACTI_31340	BBH66449.1	serA	D-3-phosphoglycerate dehydrogenase	mapped	native_locus_tag	1	PGCD	
CCG_OR16_ACTI_31580	OR16	Actinoplanes sp. OR16	AP019371.1	ACTI_31580	ACTI_31580	BBH66473.1	cobD	cobalamin biosynthesis protein CobD	mapped	native_locus_tag	2	ADCPS1;ADCPS2	
CCG_OR16_ACTI_31610	OR16	Actinoplanes sp. OR16	AP019371.1	ACTI_31610	ACTI_31610	BBH66476.1		dipeptidase	mapped	native_locus_tag	1	NBAHH_ir	
CCG_OR16_ACTI_31690	OR16	Actinoplanes sp. OR16	AP019371.1	ACTI_31690	ACTI_31690	BBH66484.1		penicillin-binding protein	mapped	native_locus_tag	5	MCTP1App;MCTP1Bpp;MCTP2App;MPTG;MPTG2	
CCG_OR16_ACTI_31700	OR16	Actinoplanes sp. OR16	AP019371.1	ACTI_31700	ACTI_31700	BBH66485.1	hisC_1	aminotransferase	mapped	native_locus_tag	1	ADOCBIAH	
CCG_OR16_ACTI_31720	OR16	Actinoplanes sp. OR16	AP019371.1	ACTI_31720	ACTI_31720	BBH66487.1	cysG	uroporphyrinogen-III C-methyltransferase	mapped	native_locus_tag	3	SHCHD2;SHCHF;UPP3MT	
CCG_OR16_ACTI_31730	OR16	Actinoplanes sp. OR16	AP019371.1	ACTI_31730	ACTI_31730	BBH66488.1	otsA_1	trehalose-6-phosphate synthase	mapped	native_locus_tag	1	TRE6PS	
CCG_OR16_ACTI_31750	OR16	Actinoplanes sp. OR16	AP019371.1	ACTI_31750	ACTI_31750	BBH66490.1	ettA	energy-dependent translational throttle protein EttA	mapped	native_locus_tag	1	COabc	
CCG_OR16_ACTI_31890	OR16	Actinoplanes sp. OR16	AP019371.1	ACTI_31890	ACTI_31890	BBH66504.1	pepN	aminopeptidase N	mapped	native_locus_tag	1	AMPTASECG	
CCG_OR16_ACTI_31930	OR16	Actinoplanes sp. OR16	AP019371.1	ACTI_31930	ACTI_31930	BBH66508.1		ribose-5-phosphate isomerase	mapped	native_locus_tag	1	RPI	
CCG_OR16_ACTI_31960	OR16	Actinoplanes sp. OR16	AP019371.1	ACTI_31960	ACTI_31960	BBH66511.1		oxidoreductase	mapped	native_locus_tag	1	ALDD2y	
CCG_OR16_ACTI_32050	OR16	Actinoplanes sp. OR16	AP019371.1	ACTI_32050	ACTI_32050	BBH66520.1		hydrolase	mapped	native_locus_tag	2	BUP2;BUPN	
CCG_OR16_ACTI_32090	OR16	Actinoplanes sp. OR16	AP019371.1	ACTI_32090	ACTI_32090	BBH66524.1		dihydrofolate synthase	mapped	native_locus_tag	1	DHFS	
CCG_OR16_ACTI_32120	OR16	Actinoplanes sp. OR16	AP019371.1	ACTI_32120	ACTI_32120	BBH66527.1	ndk	nucleoside diphosphate kinase	mapped	native_locus_tag	8	NDPK1;NDPK2;NDPK3;NDPK4;NDPK5;NDPK6;NDPK7;NDPK8	
CCG_OR16_ACTI_32150	OR16	Actinoplanes sp. OR16	AP019371.1	ACTI_32150	ACTI_32150	BBH66530.1		daunorubicin resistance protein DrrA family ABC transporter ATP-binding protein	mapped	native_locus_tag	1	NAabcO	
CCG_OR16_ACTI_32370	OR16	Actinoplanes sp. OR16	AP019371.1	ACTI_32370	ACTI_32370	BBH66552.1	nadD	putative nicotinate-nucleotide adenylyltransferase	mapped	native_locus_tag	2	NMNAT;NNATr	
CCG_OR16_ACTI_32390	OR16	Actinoplanes sp. OR16	AP019371.1	ACTI_32390	ACTI_32390	BBH66554.1		phosphoglycerate mutase	mapped	native_locus_tag	1	PGM	
CCG_OR16_ACTI_32570	OR16	Actinoplanes sp. OR16	AP019371.1	ACTI_32570	ACTI_32570	BBH66572.1		coproporphyrinogen III oxidase	mapped	native_locus_tag	2	CPPPGO;CPPPGO2	
CCG_OR16_ACTI_32840	OR16	Actinoplanes sp. OR16	AP019371.1	ACTI_32840	ACTI_32840	BBH66599.1		ABC transporter	mapped	native_locus_tag	2	BTNt;RIBFLVt2	
CCG_OR16_ACTI_32850	OR16	Actinoplanes sp. OR16	AP019371.1	ACTI_32850	ACTI_32850	BBH66600.1		ABC transporter ATP-binding protein	mapped	native_locus_tag	2	HMPPtr;THMabc	
CCG_OR16_ACTI_32860	OR16	Actinoplanes sp. OR16	AP019371.1	ACTI_32860	ACTI_32860	BBH66601.1		ABC transporter permease	mapped	native_locus_tag	2	HMPPtr;THMabc	
CCG_OR16_ACTI_32920	OR16	Actinoplanes sp. OR16	AP019371.1	ACTI_32920	ACTI_32920	BBH66607.1		ABC transporter	mapped	native_locus_tag	4	CUabcpp;MNabc_1;ZNabc;ZNabcpp	
CCG_OR16_ACTI_32930	OR16	Actinoplanes sp. OR16	AP019371.1	ACTI_32930	ACTI_32930	BBH66608.1		ABC transporter	mapped	native_locus_tag	4	CUabcpp;MNabc_1;ZNabc;ZNabcpp	
CCG_OR16_ACTI_32940	OR16	Actinoplanes sp. OR16	AP019371.1	ACTI_32940	ACTI_32940	BBH66609.1		zinc ABC transporter substrate-binding protein	mapped	native_locus_tag	1	ZNabc	
CCG_OR16_ACTI_33130	OR16	Actinoplanes sp. OR16	AP019371.1	ACTI_33130	ACTI_33130	BBH66628.1	dgt_2	deoxyguanosinetriphosphate triphosphohydrolase-like protein	mapped	native_locus_tag	2	NTPTP1;NTPTP2	
CCG_OR16_ACTI_33200	OR16	Actinoplanes sp. OR16	AP019371.1	ACTI_33200	ACTI_33200	BBH66635.1		sugar kinase	mapped	native_locus_tag	1	HEX1	
CCG_OR16_ACTI_33210	OR16	Actinoplanes sp. OR16	AP019371.1	ACTI_33210	ACTI_33210	BBH66636.1		sugar ABC transporter ATP-binding protein	mapped	native_locus_tag	5	GALabcpp;GLCabcpp;RIBabc;RIBabcpp;XYLabc	
CCG_OR16_ACTI_33220	OR16	Actinoplanes sp. OR16	AP019371.1	ACTI_33220	ACTI_33220	BBH66637.1		ABC transporter	mapped	native_locus_tag	1	RIBabc	
CCG_OR16_ACTI_33230	OR16	Actinoplanes sp. OR16	AP019371.1	ACTI_33230	ACTI_33230	BBH66638.1		sugar ABC transporter substrate-binding protein	mapped	native_locus_tag	1	RIBabc	
CCG_OR16_ACTI_33280	OR16	Actinoplanes sp. OR16	AP019371.1	ACTI_33280	ACTI_33280	BBH66643.1		oxidoreductase	mapped	native_locus_tag	1	PPPGO	
CCG_OR16_ACTI_33390	OR16	Actinoplanes sp. OR16	AP019371.1	ACTI_33390	ACTI_33390	BBH66654.1		hypothetical protein	mapped	native_locus_tag	1	CSNt2	
CCG_OR16_ACTI_33400	OR16	Actinoplanes sp. OR16	AP019371.1	ACTI_33400	ACTI_33400	BBH66655.1		ABC transporter ATP-binding protein	mapped	native_locus_tag	1	UREAabcpp	
CCG_OR16_ACTI_33410	OR16	Actinoplanes sp. OR16	AP019371.1	ACTI_33410	ACTI_33410	BBH66656.1		ABC transporter ATP-binding protein	mapped	native_locus_tag	1	UREAabcpp	
CCG_OR16_ACTI_33420	OR16	Actinoplanes sp. OR16	AP019371.1	ACTI_33420	ACTI_33420	BBH66657.1		urea ABC transporter permease subunit UrtC	mapped	native_locus_tag	1	UREAabcpp	
CCG_OR16_ACTI_33430	OR16	Actinoplanes sp. OR16	AP019371.1	ACTI_33430	ACTI_33430	BBH66658.1		branched-chain amino acid ABC transporter permease	mapped	native_locus_tag	1	UREAabcpp	
CCG_OR16_ACTI_33440	OR16	Actinoplanes sp. OR16	AP019371.1	ACTI_33440	ACTI_33440	BBH66659.1		urea ABC transporter substrate-binding protein	mapped	native_locus_tag	1	UREAabcpp	
CCG_OR16_ACTI_33520	OR16	Actinoplanes sp. OR16	AP019371.1	ACTI_33520	ACTI_33520	BBH66667.1	rihA	pyrimidine-specific ribonucleoside hydrolase RihA	mapped	native_locus_tag	2	CYTDH;URIH	
CCG_OR16_ACTI_33540	OR16	Actinoplanes sp. OR16	AP019371.1	ACTI_33540	ACTI_33540	BBH66669.1		ribose 5-phosphate isomerase B	mapped	native_locus_tag	1	RPI	
CCG_OR16_ACTI_33920	OR16	Actinoplanes sp. OR16	AP019371.1	ACTI_33920	ACTI_33920	BBH66707.1		multifunctional 2',3'-cyclic-nucleotide 2'-phosphodiesterase/5'-nucleotidase/3'-nucleotidase	mapped	native_locus_tag	22	23PDE2pp;23PDE4pp;23PDE7pp;23PDE9pp;3NTD2pp;3NTD4pp;3NTD7pp;3NTD9pp;3NUCLE1;3NUCLE2;3NUCLE3;3NUCLE4;NTD1;NTD10;NTD2;NTD3;NTD4;NTD5;NTD6;NTD7;NTD8;NTD9	
CCG_OR16_ACTI_33970	OR16	Actinoplanes sp. OR16	AP019371.1	ACTI_33970	ACTI_33970	BBH66712.1	surE	5'/3'-nucleotidase SurE	mapped	native_locus_tag	14	NTD1;NTD10;NTD11;NTD12;NTD2;NTD3;NTD4;NTD5;NTD6;NTD7;NTD8;NTD9;PPA;PPA2	
CCG_OR16_ACTI_33980	OR16	Actinoplanes sp. OR16	AP019371.1	ACTI_33980	ACTI_33980	BBH66713.1	fruK_1	1-phosphofructokinase	mapped	native_locus_tag	1	PFK	
CCG_OR16_ACTI_34000	OR16	Actinoplanes sp. OR16	AP019371.1	ACTI_34000	ACTI_34000	BBH66715.1		cation efflux system protein	mapped	native_locus_tag	5	CD2t4pp;COBALTt4pp;CU2t4pp;NI2t4pp;ZN2t4pp	
CCG_OR16_ACTI_34070	OR16	Actinoplanes sp. OR16	AP019371.1	ACTI_34070	ACTI_34070	BBH66722.1		beta-N-acetylhexosaminidase	mapped	native_locus_tag	3	AGM3PH;AGM4PH;AGMH	
CCG_OR16_ACTI_34080	OR16	Actinoplanes sp. OR16	AP019371.1	ACTI_34080	ACTI_34080	BBH66723.1		putative propionyl-CoA carboxylase beta chain 6	mapped	native_locus_tag	2	ACCOAC;MCD	
CCG_OR16_ACTI_34090	OR16	Actinoplanes sp. OR16	AP019371.1	ACTI_34090	ACTI_34090	BBH66724.1	fabF_1	3-oxoacyl-ACP synthase	mapped	native_locus_tag	11	KAS1;KAS11;KAS12;KAS13;KAS17;KAS2;KAS3;KAS4;KAS6;KAS7;KAS8	
CCG_OR16_ACTI_34100	OR16	Actinoplanes sp. OR16	AP019371.1	ACTI_34100	ACTI_34100	BBH66725.1	acpP	acyl carrier protein	mapped	native_locus_tag	14	AACPS1;AACPS2;AACPS3;AACPS4;AACPS5;AACPS6;AACPS7;ACPPAT120;ACPPAT141;ACPPAT160;ACPPAT161;ACPPAT180;ACPPAT181;ACPS1_1	
CCG_OR16_ACTI_34170	OR16	Actinoplanes sp. OR16	AP019371.1	ACTI_34170	ACTI_34170	BBH66732.1	gltX	glutamate--tRNA ligase	mapped	native_locus_tag	1	GLUTRS	
CCG_OR16_ACTI_34190	OR16	Actinoplanes sp. OR16	AP019371.1	ACTI_34190	ACTI_34190	BBH66734.1	aceE_1	pyruvate dehydrogenase E1 component	mapped	native_locus_tag	2	PDH;PDHa	
CCG_OR16_ACTI_34210	OR16	Actinoplanes sp. OR16	AP019371.1	ACTI_34210	ACTI_34210	BBH66736.1		MFS transporter	mapped	native_locus_tag	4	AAAN;ACLS_a;ACLS_d;PDH	
CCG_OR16_ACTI_34230	OR16	Actinoplanes sp. OR16	AP019371.1	ACTI_34230	ACTI_34230	BBH66738.1		putative peroxiredoxin (thioredoxin reductase) AhpE	mapped	native_locus_tag	3	GTHPi;NADHPO;THIORDXi	
CCG_OR16_ACTI_34270	OR16	Actinoplanes sp. OR16	AP019371.1	ACTI_34270	ACTI_34270	BBH66742.1		flavoprotein	mapped	native_locus_tag	2	PPCDC;PPNCL2	
CCG_OR16_ACTI_34330	OR16	Actinoplanes sp. OR16	AP019371.1	ACTI_34330	ACTI_34330	BBH66748.1		solute:Na+ symporter, SSS family protein	mapped	native_locus_tag	1	PROt2r	
CCG_OR16_ACTI_34400	OR16	Actinoplanes sp. OR16	AP019371.1	ACTI_34400	ACTI_34400	BBH66755.1		glyceraldehyde-3-phosphate dehydrogenase	mapped	native_locus_tag	7	E4PD;GAPD;GAPDi_nadp;NADHHR;NADHHS;NADPHHR;NADPHHS	
CCG_OR16_ACTI_34430	OR16	Actinoplanes sp. OR16	AP019371.1	ACTI_34430	ACTI_34430	BBH66758.1		hypothetical protein	mapped	native_locus_tag	1	AMMQT8_2	
CCG_OR16_ACTI_34440	OR16	Actinoplanes sp. OR16	AP019371.1	ACTI_34440	ACTI_34440	BBH66759.1	asd_2	aspartate-semialdehyde dehydrogenase	mapped	native_locus_tag	1	ASAD	
CCG_OR16_ACTI_34490	OR16	Actinoplanes sp. OR16	AP019371.1	ACTI_34490	ACTI_34490	BBH66764.1	panB	3-methyl-2-oxobutanoate hydroxymethyltransferase	mapped	native_locus_tag	1	MOHMT	
CCG_OR16_ACTI_34500	OR16	Actinoplanes sp. OR16	AP019371.1	ACTI_34500	ACTI_34500	BBH66765.1		NAD+ synthase	mapped	native_locus_tag	2	NADS1;NADS2	
CCG_OR16_ACTI_34510	OR16	Actinoplanes sp. OR16	AP019371.1	ACTI_34510	ACTI_34510	BBH66766.1	glnA2	type I glutamate--ammonia ligase	mapped	native_locus_tag	1	GLNS	
CCG_OR16_ACTI_34570	OR16	Actinoplanes sp. OR16	AP019371.1	ACTI_34570	ACTI_34570	BBH66772.1	guaA_2	glutamine amidotransferase	mapped	native_locus_tag	1	GMPS2	
CCG_OR16_ACTI_34670	OR16	Actinoplanes sp. OR16	AP019371.1	ACTI_34670	ACTI_34670	BBH66782.1	glnA	glutamine synthetase	mapped	native_locus_tag	1	GLNS	
CCG_OR16_ACTI_34900	OR16	Actinoplanes sp. OR16	AP019371.1	ACTI_34900	ACTI_34900	BBH66805.1	sucB	dihydrolipoamide acetyltransferase component of pyruvate dehydrogenase complex	mapped	native_locus_tag	4	AKGDb;PDH;PDHa;PDHbr	
CCG_OR16_ACTI_34910	OR16	Actinoplanes sp. OR16	AP019371.1	ACTI_34910	ACTI_34910	BBH66806.1	pdhD_2	dihydrolipoyl dehydrogenase	mapped	native_locus_tag	7	AKGDH;GCCc_1;OIVD1r;OIVD2;OIVD3;PDH;PDHcr	
CCG_OR16_ACTI_34930	OR16	Actinoplanes sp. OR16	AP019371.1	ACTI_34930	ACTI_34930	BBH66808.1	pepA	putative cytosol aminopeptidase	mapped	native_locus_tag	16	AMPTASEAH;AMPTASEAL;AMPTASEAT;AMPTASEATRP;AMPTASECG;AMPTASEGGLN;AMPTASEGGLU;AMPTASEGM;AMPTASEGS;AMPTASEHG;AMPTASEHH;AMPTASEPG;GLYGLYCNc;GLYPHEHYc;LALGP;LEULEULAPc	
CCG_OR16_ACTI_34940	OR16	Actinoplanes sp. OR16	AP019371.1	ACTI_34940	ACTI_34940	BBH66809.1	gcvT_1	aminomethyltransferase	mapped	native_locus_tag	2	FOMETRi;GCCb	
CCG_OR16_ACTI_35060	OR16	Actinoplanes sp. OR16	AP019371.1	ACTI_35060	ACTI_35060	BBH66821.1		hypothetical protein	mapped	native_locus_tag	3	ILEt2r;LEUt2r;VALt2r	
CCG_OR16_ACTI_35090	OR16	Actinoplanes sp. OR16	AP019371.1	ACTI_35090	ACTI_35090	BBH66824.1	murA_2	UDP-N-acetylglucosamine 1-carboxyvinyltransferase	mapped	native_locus_tag	2	UAGCVT;UAGCVT_1	
CCG_OR16_ACTI_35100	OR16	Actinoplanes sp. OR16	AP019371.1	ACTI_35100	ACTI_35100	BBH66825.1	nadA	quinolinate synthase A	mapped	native_locus_tag	1	QULNS	
CCG_OR16_ACTI_35110	OR16	Actinoplanes sp. OR16	AP019371.1	ACTI_35110	ACTI_35110	BBH66826.1	glxK	glycerate kinase	mapped	native_locus_tag	2	GLYCK;GLYCK2	
CCG_OR16_ACTI_35130	OR16	Actinoplanes sp. OR16	AP019371.1	ACTI_35130	ACTI_35130	BBH66828.1		adenosine kinase	mapped	native_locus_tag	3	ADNK1;ADNK3;ADNK4	
CCG_OR16_ACTI_35170	OR16	Actinoplanes sp. OR16	AP019371.1	ACTI_35170	ACTI_35170	BBH66832.1	coxB	cytochrome c oxidase subunit II	mapped	native_locus_tag	1	CYO1b	
CCG_OR16_ACTI_35200	OR16	Actinoplanes sp. OR16	AP019371.1	ACTI_35200	ACTI_35200	BBH66835.1	trpD	anthranilate phosphoribosyltransferase	mapped	native_locus_tag	1	ANPRT	
CCG_OR16_ACTI_35230	OR16	Actinoplanes sp. OR16	AP019371.1	ACTI_35230	ACTI_35230	BBH66838.1		cytochrome b	mapped	native_locus_tag	1	CYO1b	
CCG_OR16_ACTI_35280	OR16	Actinoplanes sp. OR16	AP019371.1	ACTI_35280	ACTI_35280	BBH66843.1		hypothetical protein	mapped	native_locus_tag	2	G1PACT;UAGDP	
CCG_OR16_ACTI_35360	OR16	Actinoplanes sp. OR16	AP019371.1	ACTI_35360	ACTI_35360	BBH66851.1		multidrug ABC transporter permease	mapped	native_locus_tag	2	CMCBTFL;CMCBTFU	
CCG_OR16_ACTI_35460	OR16	Actinoplanes sp. OR16	AP019371.1	ACTI_35460	ACTI_35460	BBH66861.1	glkA	glucokinase	mapped	native_locus_tag	1	HEX1	
CCG_OR16_ACTI_35520	OR16	Actinoplanes sp. OR16	AP019371.1	ACTI_35520	ACTI_35520	BBH66867.1	plsC_2	1-acyl-sn-glycerol-3-phosphate acyltransferase	mapped	native_locus_tag	1	AGPAT160	
CCG_OR16_ACTI_35580	OR16	Actinoplanes sp. OR16	AP019371.1	ACTI_35580	ACTI_35580	BBH66873.1		hypothetical protein	mapped	native_locus_tag	2	HEX4;HEX7	
CCG_OR16_ACTI_35620	OR16	Actinoplanes sp. OR16	AP019371.1	ACTI_35620	ACTI_35620	BBH66877.1	pfkA1	pyrophosphate--fructose 6-phosphate 1-phosphotransferase	mapped	native_locus_tag	1	PFK	
CCG_OR16_ACTI_35630	OR16	Actinoplanes sp. OR16	AP019371.1	ACTI_35630	ACTI_35630	BBH66878.1	proC	pyrroline-5-carboxylate reductase	mapped	native_locus_tag	2	P5CR;P5CRx	
CCG_OR16_ACTI_35650	OR16	Actinoplanes sp. OR16	AP019371.1	ACTI_35650	ACTI_35650	BBH66880.1		amino acid oxidase	mapped	native_locus_tag	1	DALAOX	
CCG_OR16_ACTI_35720	OR16	Actinoplanes sp. OR16	AP019371.1	ACTI_35720	ACTI_35720	BBH66887.1		glutathione peroxidase	mapped	native_locus_tag	1	GTHPi	
CCG_OR16_ACTI_35740	OR16	Actinoplanes sp. OR16	AP019371.1	ACTI_35740	ACTI_35740	BBH66889.1	aroF_2	phospho-2-dehydro-3-deoxyheptonate aldolase	mapped	native_locus_tag	1	DDPA	
CCG_OR16_ACTI_35750	OR16	Actinoplanes sp. OR16	AP019371.1	ACTI_35750	ACTI_35750	BBH66890.1		threonine aldolase	mapped	native_locus_tag	2	THRA;THRA2	
CCG_OR16_ACTI_35790	OR16	Actinoplanes sp. OR16	AP019371.1	ACTI_35790	ACTI_35790	BBH66894.1		serine/threonine protein kinase	mapped	native_locus_tag	1	LTHRK	
CCG_OR16_ACTI_35820	OR16	Actinoplanes sp. OR16	AP019371.1	ACTI_35820	ACTI_35820	BBH66897.1		geranylgeranyl pyrophosphate synthase	mapped	native_locus_tag	2	DMATT;FRTT	
CCG_OR16_ACTI_35830	OR16	Actinoplanes sp. OR16	AP019371.1	ACTI_35830	ACTI_35830	BBH66898.1		methylenetetrahydrofolate reductase	mapped	native_locus_tag	1	MTHFR2	
CCG_OR16_ACTI_35880	OR16	Actinoplanes sp. OR16	AP019371.1	ACTI_35880	ACTI_35880	BBH66903.1		hypothetical protein	mapped	native_locus_tag	1	3HPPPNH	
CCG_OR16_ACTI_35930	OR16	Actinoplanes sp. OR16	AP019371.1	ACTI_35930	ACTI_35930	BBH66908.1	sdhB	succinate dehydrogenase	mapped	native_locus_tag	1	FRD2rpp	
CCG_OR16_ACTI_35940	OR16	Actinoplanes sp. OR16	AP019371.1	ACTI_35940	ACTI_35940	BBH66909.1	sdhA_2	succinate dehydrogenase flavoprotein subunit	mapped	native_locus_tag	1	FRD2rpp	
CCG_OR16_ACTI_35950	OR16	Actinoplanes sp. OR16	AP019371.1	ACTI_35950	ACTI_35950	BBH66910.1		succinate dehydrogenase	mapped	native_locus_tag	1	FRD2rpp	
CCG_OR16_ACTI_36240	OR16	Actinoplanes sp. OR16	AP019371.1	ACTI_36240	ACTI_36240	BBH66939.1		hypothetical protein	mapped	native_locus_tag	5	4PCPpp;AGM4PCPpp;MDDEP1pp;MDDEP3pp;MDDEP4pp	
CCG_OR16_ACTI_36260	OR16	Actinoplanes sp. OR16	AP019371.1	ACTI_36260	ACTI_36260	BBH66941.1	rsmH	ribosomal RNA small subunit methyltransferase H	mapped	native_locus_tag	1	HCYSMT	
CCG_OR16_ACTI_36280	OR16	Actinoplanes sp. OR16	AP019371.1	ACTI_36280	ACTI_36280	BBH66943.1	pbpB	penicillin-binding protein PbpB	mapped	native_locus_tag	1	MPTG	
CCG_OR16_ACTI_36290	OR16	Actinoplanes sp. OR16	AP019371.1	ACTI_36290	ACTI_36290	BBH66944.1	murE	UDP-N-acetylmuramoyl-L-alanyl-D-glutamate--2,6-diaminopimelate ligase	mapped	native_locus_tag	1	UAAGDS	
CCG_OR16_ACTI_36300	OR16	Actinoplanes sp. OR16	AP019371.1	ACTI_36300	ACTI_36300	BBH66945.1	murF	UDP-N-acetylmuramoyl-tripeptide--D-alanyl-D-alanine ligase	mapped	native_locus_tag	1	UGMDDS	
CCG_OR16_ACTI_36310	OR16	Actinoplanes sp. OR16	AP019371.1	ACTI_36310	ACTI_36310	BBH66946.1	mraY_1	phospho-N-acetylmuramoyl-pentapeptide-transferase	mapped	native_locus_tag	1	PAPPT3	
CCG_OR16_ACTI_36320	OR16	Actinoplanes sp. OR16	AP019371.1	ACTI_36320	ACTI_36320	BBH66947.1		hypothetical protein	mapped	native_locus_tag	2	MPTG;MPTG2	
CCG_OR16_ACTI_36330	OR16	Actinoplanes sp. OR16	AP019371.1	ACTI_36330	ACTI_36330	BBH66948.1	murG	UDP-N-acetylglucosamine--N-acetylmuramyl-(pentapeptide) pyrophosphoryl-undecaprenol N-acetylglucosamine transferase	mapped	native_locus_tag	2	UAGPT2;UAGPT3	
CCG_OR16_ACTI_36340	OR16	Actinoplanes sp. OR16	AP019371.1	ACTI_36340	ACTI_36340	BBH66949.1	murC_2	UDP-N-acetylmuramate--L-alanine ligase	mapped	native_locus_tag	1	UAMAS	
CCG_OR16_ACTI_36370	OR16	Actinoplanes sp. OR16	AP019371.1	ACTI_36370	ACTI_36370	BBH66952.1		YggS family pyridoxal phosphate enzyme	mapped	native_locus_tag	1	ALAR	
CCG_OR16_ACTI_36450	OR16	Actinoplanes sp. OR16	AP019371.1	ACTI_36450	ACTI_36450	BBH66960.1		pseudouridine synthase	mapped	native_locus_tag	2	PSUDS;YUMPS	
CCG_OR16_ACTI_36510	OR16	Actinoplanes sp. OR16	AP019371.1	ACTI_36510	ACTI_36510	BBH66966.1	hisD	histidinol dehydrogenase	mapped	native_locus_tag	1	HISTD	
CCG_OR16_ACTI_36520	OR16	Actinoplanes sp. OR16	AP019371.1	ACTI_36520	ACTI_36520	BBH66967.1	hisC_2	histidinol-phosphate aminotransferase	mapped	native_locus_tag	1	HSTPT	
CCG_OR16_ACTI_36530	OR16	Actinoplanes sp. OR16	AP019371.1	ACTI_36530	ACTI_36530	BBH66968.1	hisB	imidazoleglycerol-phosphate dehydratase	mapped	native_locus_tag	2	HISTP;IGPDH	
CCG_OR16_ACTI_36550	OR16	Actinoplanes sp. OR16	AP019371.1	ACTI_36550	ACTI_36550	BBH66970.1	hisH	imidazole glycerol phosphate synthase subunit HisH	mapped	native_locus_tag	1	IG3PS	
CCG_OR16_ACTI_36570	OR16	Actinoplanes sp. OR16	AP019371.1	ACTI_36570	ACTI_36570	BBH66972.1	priA	phosphoribosyl isomerase A	mapped	native_locus_tag	2	PRAIi;PRMICI	
CCG_OR16_ACTI_36590	OR16	Actinoplanes sp. OR16	AP019371.1	ACTI_36590	ACTI_36590	BBH66974.1		membrane protein	mapped	native_locus_tag	2	CYStpp;SERtpp	
CCG_OR16_ACTI_36600	OR16	Actinoplanes sp. OR16	AP019371.1	ACTI_36600	ACTI_36600	BBH66975.1	hisF	imidazole glycerol phosphate synthase subunit HisF	mapped	native_locus_tag	1	IG3PS	
CCG_OR16_ACTI_36690	OR16	Actinoplanes sp. OR16	AP019371.1	ACTI_36690	ACTI_36690	BBH66984.1		amino acid permease	mapped	native_locus_tag	4	ILEt3pp;LEUt3pp;METt3pp;VALt3pp	
CCG_OR16_ACTI_36760	OR16	Actinoplanes sp. OR16	AP019371.1	ACTI_36760	ACTI_36760	BBH66991.1	hisI	phosphoribosyl-AMP cyclohydrolase	mapped	native_locus_tag	1	PRAMPC	
CCG_OR16_ACTI_36770	OR16	Actinoplanes sp. OR16	AP019371.1	ACTI_36770	ACTI_36770	BBH66992.1		anthranilate synthase component I	mapped	native_locus_tag	1	ANS	
CCG_OR16_ACTI_36800	OR16	Actinoplanes sp. OR16	AP019371.1	ACTI_36800	ACTI_36800	BBH66995.1	trpC	indole-3-glycerol phosphate synthase	mapped	native_locus_tag	1	IGPS	
CCG_OR16_ACTI_36810	OR16	Actinoplanes sp. OR16	AP019371.1	ACTI_36810	ACTI_36810	BBH66996.1	trpB	tryptophan synthase beta chain	mapped	native_locus_tag	3	TRPS1;TRPS2;TRPS3	
CCG_OR16_ACTI_36820	OR16	Actinoplanes sp. OR16	AP019371.1	ACTI_36820	ACTI_36820	BBH66997.1	trpA_2	tryptophan synthase alpha chain	mapped	native_locus_tag	3	TRPS1;TRPS2;TRPS3	
CCG_OR16_ACTI_36860	OR16	Actinoplanes sp. OR16	AP019371.1	ACTI_36860	ACTI_36860	BBH67001.1	gltB	glutamate synthase	mapped	native_locus_tag	1	GLUSy	
CCG_OR16_ACTI_36870	OR16	Actinoplanes sp. OR16	AP019371.1	ACTI_36870	ACTI_36870	BBH67002.1	gltD	glutamate synthase	mapped	native_locus_tag	1	GLUSy	
CCG_OR16_ACTI_36880	OR16	Actinoplanes sp. OR16	AP019371.1	ACTI_36880	ACTI_36880	BBH67003.1	pyk	pyruvate kinase	mapped	native_locus_tag	1	PYK	
CCG_OR16_ACTI_36890	OR16	Actinoplanes sp. OR16	AP019371.1	ACTI_36890	ACTI_36890	BBH67004.1	tesB	acyl-CoA thioesterase II	mapped	native_locus_tag	42	FACOAE100;FACOAE120;FACOAE140;FACOAE141;FACOAE160;FACOAE161;FACOAE180;FACOAE181;FACOAE1829Z12Z;FACOAE50;FACOAE60;FACOAE70;FACOAE80;FACOAE90;FCOAH2;HATBH;HBRCH;HMR_0260;RHACOAE100;RHACOAE120;RHACOAE121;RHACOAE121d6;RHACOAE140;RHACOAE141;RHACOAE141d5;RHACOAE142;RHACOAE160;RHACOAE50;RHACOAE60;RHACOAE70;RHACOAE80;RHACOAE90;RHACOAEP100;RHACOAEP101;RHACOAEP40;RHACOAEP50;RHACOAEP60;RHACOAEP70;RHACOAEP80;RHACOAEP90;RHACOAET40;RHACOAET60	
CCG_OR16_ACTI_36920	OR16	Actinoplanes sp. OR16	AP019371.1	ACTI_36920	ACTI_36920	BBH67007.1		hypothetical protein	mapped	native_locus_tag	3	GLYabcpp;LEUabcpp;SERabcpp	
CCG_OR16_ACTI_36930	OR16	Actinoplanes sp. OR16	AP019371.1	ACTI_36930	ACTI_36930	BBH67008.1		branched-chain amino acid ABC transporter permease	mapped	native_locus_tag	3	GLYabcpp;LEUabcpp;SERabcpp	
CCG_OR16_ACTI_36940	OR16	Actinoplanes sp. OR16	AP019371.1	ACTI_36940	ACTI_36940	BBH67009.1		ABC transporter ATP-binding protein	mapped	native_locus_tag	3	GLYabcpp;LEUabcpp;SERabcpp	
CCG_OR16_ACTI_36950	OR16	Actinoplanes sp. OR16	AP019371.1	ACTI_36950	ACTI_36950	BBH67010.1		ABC transporter ATP-binding protein	mapped	native_locus_tag	3	GLYabcpp;LEUabcpp;SERabcpp	
CCG_OR16_ACTI_36960	OR16	Actinoplanes sp. OR16	AP019371.1	ACTI_36960	ACTI_36960	BBH67011.1		amino acid ABC transporter substrate-binding protein	mapped	native_locus_tag	3	GLYabcpp;LEUabcpp;SERabcpp	
CCG_OR16_ACTI_37020	OR16	Actinoplanes sp. OR16	AP019371.1	ACTI_37020	ACTI_37020	BBH67017.1	rpsA	30S ribosomal protein S1	mapped	native_locus_tag	2	DMPPS;IPDPS	
CCG_OR16_ACTI_37030	OR16	Actinoplanes sp. OR16	AP019371.1	ACTI_37030	ACTI_37030	BBH67018.1	coaE	dephospho-CoA kinase	mapped	native_locus_tag	1	DPCOAK	
CCG_OR16_ACTI_37210	OR16	Actinoplanes sp. OR16	AP019371.1	ACTI_37210	ACTI_37210	BBH67036.1	uvrA_1	UvrABC system protein A	mapped	native_locus_tag	1	MNabc	
CCG_OR16_ACTI_37270	OR16	Actinoplanes sp. OR16	AP019371.1	ACTI_37270	ACTI_37270	BBH67042.1	gapA	glyceraldehyde-3-phosphate dehydrogenase	mapped	native_locus_tag	1	GAPD	
CCG_OR16_ACTI_37280	OR16	Actinoplanes sp. OR16	AP019371.1	ACTI_37280	ACTI_37280	BBH67043.1	pgk	phosphoglycerate kinase	mapped	native_locus_tag	1	PGK	
CCG_OR16_ACTI_37290	OR16	Actinoplanes sp. OR16	AP019371.1	ACTI_37290	ACTI_37290	BBH67044.1	tpiA	triosephosphate isomerase	mapped	native_locus_tag	1	TPI	
CCG_OR16_ACTI_37330	OR16	Actinoplanes sp. OR16	AP019371.1	ACTI_37330	ACTI_37330	BBH67048.1	pgl	6-phosphogluconolactonase	mapped	native_locus_tag	1	PGL	
CCG_OR16_ACTI_37350	OR16	Actinoplanes sp. OR16	AP019371.1	ACTI_37350	ACTI_37350	BBH67050.1	zwf_1	glucose-6-phosphate 1-dehydrogenase	mapped	native_locus_tag	1	G6PDH2r	
CCG_OR16_ACTI_37360	OR16	Actinoplanes sp. OR16	AP019371.1	ACTI_37360	ACTI_37360	BBH67051.1	talA	transaldolase	mapped	native_locus_tag	1	TALA	
CCG_OR16_ACTI_37370	OR16	Actinoplanes sp. OR16	AP019371.1	ACTI_37370	ACTI_37370	BBH67052.1	tktA	transketolase	mapped	native_locus_tag	2	TKT1;TKT2	
CCG_OR16_ACTI_37380	OR16	Actinoplanes sp. OR16	AP019371.1	ACTI_37380	ACTI_37380	BBH67053.1	ctaB	protoheme IX farnesyltransferase	mapped	native_locus_tag	2	CYO1b;HEMEOS	
CCG_OR16_ACTI_37590	OR16	Actinoplanes sp. OR16	AP019371.1	ACTI_37590	ACTI_37590	BBH67074.1		ABC transporter ATP-binding protein	mapped	native_locus_tag	1	ZNabcpp	
CCG_OR16_ACTI_37620	OR16	Actinoplanes sp. OR16	AP019371.1	ACTI_37620	ACTI_37620	BBH67077.1		ABC transporter	mapped	native_locus_tag	15	PE120abcpp;PE141abcpp;PE160abcpp;PE161abcpp;PE180abcpp;PE181abcpp;PG140abcpp;PG160abcpp;PG161abcpp;PG180abcpp;PG181abcpp;PGP160abcpp;PGP161abcpp;PGP180abcpp;PGP181abcpp	
CCG_OR16_ACTI_37800	OR16	Actinoplanes sp. OR16	AP019371.1	ACTI_37800	ACTI_37800	BBH67095.1		hypothetical protein	mapped	native_locus_tag	0		
CCG_OR16_ACTI_38030	OR16	Actinoplanes sp. OR16	AP019371.1	ACTI_38030	ACTI_38030	BBH67118.1		hypothetical protein	mapped	native_locus_tag	3	NTD1;NTD2;NTD5	
CCG_OR16_ACTI_38100	OR16	Actinoplanes sp. OR16	AP019371.1	ACTI_38100	ACTI_38100	BBH67125.1		aconitate hydratase	mapped	native_locus_tag	2	ACONT;MICITDr	
CCG_OR16_ACTI_38180	OR16	Actinoplanes sp. OR16	AP019371.1	ACTI_38180	ACTI_38180	BBH67133.1		fructokinase	mapped	native_locus_tag	1	HEX7	
CCG_OR16_ACTI_38290	OR16	Actinoplanes sp. OR16	AP019371.1	ACTI_38290	ACTI_38290	BBH67144.1		enoyl-[acyl-carrier-protein	mapped	native_locus_tag	9	FAS100;FAS120;FAS140;FAS160;FAS161;FAS180;FAS181;FAS200;FAS80_L	
CCG_OR16_ACTI_38300	OR16	Actinoplanes sp. OR16	AP019371.1	ACTI_38300	ACTI_38300	BBH67145.1	hemH	ferrochelatase	mapped	native_locus_tag	2	FCLT;FCLT2	
CCG_OR16_ACTI_38310	OR16	Actinoplanes sp. OR16	AP019371.1	ACTI_38310	ACTI_38310	BBH67146.1		acid sugar phosphatase	mapped	native_locus_tag	7	G3PT;NTD2;NTD4;NTD7;NTD9;PYDXPP;R5PP	
CCG_OR16_ACTI_38350	OR16	Actinoplanes sp. OR16	AP019371.1	ACTI_38350	ACTI_38350	BBH67150.1		NUDIX hydrolase	mapped	native_locus_tag	1	DNADDP	
CCG_OR16_ACTI_38430	OR16	Actinoplanes sp. OR16	AP019371.1	ACTI_38430	ACTI_38430	BBH67158.1		serine hydrolase	mapped	native_locus_tag	8	MDDCP1pp;MDDCP2pp;MDDCP3pp;MDDCP4pp;MDDCP5pp;MDDEP1pp;MDDEP3pp;MDDEP4pp	
CCG_OR16_ACTI_38510	OR16	Actinoplanes sp. OR16	AP019371.1	ACTI_38510	ACTI_38510	BBH67166.1		putative cation antiporter NADH dehydrogenase subunit	mapped	native_locus_tag	1	Kt3pp	
CCG_OR16_ACTI_38520	OR16	Actinoplanes sp. OR16	AP019371.1	ACTI_38520	ACTI_38520	BBH67167.1		hypothetical protein	mapped	native_locus_tag	3	Kt3r;NAt3_1;NAt3_2	
CCG_OR16_ACTI_38530	OR16	Actinoplanes sp. OR16	AP019371.1	ACTI_38530	ACTI_38530	BBH67168.1		putative cation antiporter NADH dehydrogenase subunit	mapped	native_locus_tag	2	Kt3r;NAt3_1	
CCG_OR16_ACTI_38550	OR16	Actinoplanes sp. OR16	AP019371.1	ACTI_38550	ACTI_38550	BBH67170.1		hypothetical protein	mapped	native_locus_tag	3	Kt3r;NAt3_1;NAt3_2	
CCG_OR16_ACTI_38560	OR16	Actinoplanes sp. OR16	AP019371.1	ACTI_38560	ACTI_38560	BBH67171.1		hypothetical protein	mapped	native_locus_tag	3	Kt3r;NAt3_1;NAt3_2	
CCG_OR16_ACTI_38590	OR16	Actinoplanes sp. OR16	AP019371.1	ACTI_38590	ACTI_38590	BBH67174.1		hypothetical protein	mapped	native_locus_tag	6	FADRx;FE3Ri;FLVR;FLVRx;FMNRx;FMNRx2	
CCG_OR16_ACTI_38640	OR16	Actinoplanes sp. OR16	AP019371.1	ACTI_38640	ACTI_38640	BBH67179.1	murD	UDP-N-acetylmuramoylalanine--D-glutamate ligase	mapped	native_locus_tag	1	UAMAGS	
CCG_OR16_ACTI_38680	OR16	Actinoplanes sp. OR16	AP019371.1	ACTI_38680	ACTI_38680	BBH67183.1		sugar ABC transporter permease	mapped	native_locus_tag	1	MALTabc	
CCG_OR16_ACTI_38740	OR16	Actinoplanes sp. OR16	AP019371.1	ACTI_38740	ACTI_38740	BBH67189.1	metH	5-methyltetrahydrofolate--homocysteine methyltransferase	mapped	native_locus_tag	1	METS	
CCG_OR16_ACTI_38790	OR16	Actinoplanes sp. OR16	AP019371.1	ACTI_38790	ACTI_38790	BBH67194.1		NUDIX hydrolase	mapped	native_locus_tag	1	NADDP	
CCG_OR16_ACTI_38920	OR16	Actinoplanes sp. OR16	AP019371.1	ACTI_38920	ACTI_38920	BBH67207.1		glycosyl hydrolase	mapped	native_locus_tag	7	BGLA;GLS;GLS2;LMN2;XYLOS1;XYLOS2;XYLOS3	
CCG_OR16_ACTI_39070	OR16	Actinoplanes sp. OR16	AP019371.1	ACTI_39070	ACTI_39070	BBH67222.1		fatty-acyl-CoA synthase	mapped	native_locus_tag	2	IVCS;SUCBZL	
CCG_OR16_ACTI_39090	OR16	Actinoplanes sp. OR16	AP019371.1	ACTI_39090	ACTI_39090	BBH67224.1	fabH	3-oxoacyl-ACP synthase	mapped	native_locus_tag	10	KAS1;KAS11;KAS13;KAS17;KAS2;KAS3;KAS4;KAS6;KAS7;KAS8	
CCG_OR16_ACTI_39190	OR16	Actinoplanes sp. OR16	AP019371.1	ACTI_39190	ACTI_39190	BBH67234.1		arsenic transporter	mapped	native_locus_tag	2	ASO3t2pp;ASO3t8pp	
CCG_OR16_ACTI_39200	OR16	Actinoplanes sp. OR16	AP019371.1	ACTI_39200	ACTI_39200	BBH67235.1	kdpA	potassium-transporting ATPase potassium-binding subunit	mapped	native_locus_tag	2	Kabc;Kabcpp	
CCG_OR16_ACTI_39210	OR16	Actinoplanes sp. OR16	AP019371.1	ACTI_39210	ACTI_39210	BBH67236.1	kdpB	potassium-transporting ATPase ATP-binding subunit	mapped	native_locus_tag	2	Kabc;Kabcpp	
CCG_OR16_ACTI_39220	OR16	Actinoplanes sp. OR16	AP019371.1	ACTI_39220	ACTI_39220	BBH67237.1	kdpC	potassium-transporting ATPase KdpC subunit	mapped	native_locus_tag	1	Kabc	
CCG_OR16_ACTI_39230	OR16	Actinoplanes sp. OR16	AP019371.1	ACTI_39230	ACTI_39230	BBH67238.1		sensor histidine kinase	mapped	native_locus_tag	1	Kabcpp	
CCG_OR16_ACTI_39240	OR16	Actinoplanes sp. OR16	AP019371.1	ACTI_39240	ACTI_39240	BBH67239.1	kup	putative potassium transport system protein kup	mapped	native_locus_tag	1	Kt2pp	
CCG_OR16_ACTI_39350	OR16	Actinoplanes sp. OR16	AP019371.1	ACTI_39350	ACTI_39350	BBH67250.1		formate dehydrogenase subunit alpha	mapped	native_locus_tag	1	FDH	
CCG_OR16_ACTI_39360	OR16	Actinoplanes sp. OR16	AP019371.1	ACTI_39360	ACTI_39360	BBH67251.1		ABC transporter substrate-binding protein	mapped	native_locus_tag	1	NO3abc	
CCG_OR16_ACTI_39370	OR16	Actinoplanes sp. OR16	AP019371.1	ACTI_39370	ACTI_39370	BBH67252.1		ABC transporter permease	mapped	native_locus_tag	1	NO3abc	
CCG_OR16_ACTI_39430	OR16	Actinoplanes sp. OR16	AP019371.1	ACTI_39430	ACTI_39430	BBH67258.1	fruK_2	1-phosphofructokinase	mapped	native_locus_tag	1	FRUK	
CCG_OR16_ACTI_39450	OR16	Actinoplanes sp. OR16	AP019371.1	ACTI_39450	ACTI_39450	BBH67260.1	msmF_1	sugar ABC transporter permease	mapped	native_locus_tag	10	ACNAMt2;ARBt2r;CELBt2;GALt2_3;GLCAt2;MALTt2;MANt2;SBTt2;SUCRt2;XYLt2	
CCG_OR16_ACTI_39470	OR16	Actinoplanes sp. OR16	AP019371.1	ACTI_39470	ACTI_39470	BBH67262.1	ssuD_2	alkanesulfonate monooxygenase	mapped	native_locus_tag	5	FDMO;FDMO2;FDMO3;FDMO4;FDMO6	
CCG_OR16_ACTI_39560	OR16	Actinoplanes sp. OR16	AP019371.1	ACTI_39560	ACTI_39560	BBH67271.1		sensor histidine kinase	mapped	native_locus_tag	1	CDGUNPD	
CCG_OR16_ACTI_39580	OR16	Actinoplanes sp. OR16	AP019371.1	ACTI_39580	ACTI_39580	BBH67273.1		hypothetical protein	mapped	native_locus_tag	1	THRPDC	
CCG_OR16_ACTI_39600	OR16	Actinoplanes sp. OR16	AP019371.1	ACTI_39600	ACTI_39600	BBH67275.1		ATPase	mapped	native_locus_tag	3	CA2abc;CA2abc1;CA2abcpp	
CCG_OR16_ACTI_39700	OR16	Actinoplanes sp. OR16	AP019371.1	ACTI_39700	ACTI_39700	BBH67285.1		AI-2E family transporter	mapped	native_locus_tag	1	AI2tpp	
CCG_OR16_ACTI_39740	OR16	Actinoplanes sp. OR16	AP019371.1	ACTI_39740	ACTI_39740	BBH67289.1		transporter	mapped	native_locus_tag	1	SO4t2pp	
CCG_OR16_ACTI_39760	OR16	Actinoplanes sp. OR16	AP019371.1	ACTI_39760	ACTI_39760	BBH67291.1		hypothetical protein	mapped	native_locus_tag	3	AGM3PH;AGM4PH;AGMH	
CCG_OR16_ACTI_39830	OR16	Actinoplanes sp. OR16	AP019371.1	ACTI_39830	ACTI_39830	BBH67298.1	arcA_2	arginine deiminase	mapped	native_locus_tag	1	ARGDr	
CCG_OR16_ACTI_39840	OR16	Actinoplanes sp. OR16	AP019371.1	ACTI_39840	ACTI_39840	BBH67299.1		metallophosphoesterase	mapped	native_locus_tag	2	PDE1;PDE4	
CCG_OR16_ACTI_40020	OR16	Actinoplanes sp. OR16	AP019371.1	ACTI_40020	ACTI_40020	BBH67317.1		multidrug ABC transporter permease	mapped	native_locus_tag	2	CMCBTFL;CMCBTFU	
CCG_OR16_ACTI_40050	OR16	Actinoplanes sp. OR16	AP019371.1	ACTI_40050	ACTI_40050	BBH67320.1		dipeptidase	mapped	native_locus_tag	23	AMPEP1;AMPEP10;AMPEP11;AMPEP12;AMPEP13;AMPEP14;AMPEP15;AMPEP16;AMPEP17;AMPEP18;AMPEP2;AMPEP3;AMPEP4;AMPEP5;AMPEP6;AMPEP7;AMPEP8;AMPEP9;AMPTASECG;GLYCYSAP;GLYLEUAP;GLYPHEAP;GLYTYRAP	
CCG_OR16_ACTI_40100	OR16	Actinoplanes sp. OR16	AP019371.1	ACTI_40100	ACTI_40100	BBH67325.1		amino acid transporter	mapped	native_locus_tag	2	GLUABUTt7;GLUABUTt7pp	
CCG_OR16_ACTI_40120	OR16	Actinoplanes sp. OR16	AP019371.1	ACTI_40120	ACTI_40120	BBH67327.1		dipeptidase	mapped	native_locus_tag	1	NBAHH_ir	
CCG_OR16_ACTI_40260	OR16	Actinoplanes sp. OR16	AP019371.1	ACTI_40260	ACTI_40260	BBH67341.1		cation transporter E1-E2 family ATPase	mapped	native_locus_tag	1	NAabc	
CCG_OR16_ACTI_40370	OR16	Actinoplanes sp. OR16	AP019371.1	ACTI_40370	ACTI_40370	BBH67352.1		phosphate transporter	mapped	native_locus_tag	1	PIabc	
CCG_OR16_ACTI_40400	OR16	Actinoplanes sp. OR16	AP019371.1	ACTI_40400	ACTI_40400	BBH67355.1		ionic transporter y4hA	mapped	native_locus_tag	1	CAt4	
CCG_OR16_ACTI_40420	OR16	Actinoplanes sp. OR16	AP019371.1	ACTI_40420	ACTI_40420	BBH67357.1		cysteine desulfurase	mapped	native_locus_tag	1	SELCYSLY3	
CCG_OR16_ACTI_40430	OR16	Actinoplanes sp. OR16	AP019371.1	ACTI_40430	ACTI_40430	BBH67358.1		hypothetical protein	mapped	native_locus_tag	5	ACSERL;AHSERL4;CYSS;CYSTS;SLCYSS	
CCG_OR16_ACTI_40440	OR16	Actinoplanes sp. OR16	AP019371.1	ACTI_40440	ACTI_40440	BBH67359.1		diaminopimelate decarboxylase	mapped	native_locus_tag	1	DAPDC	
CCG_OR16_ACTI_40530	OR16	Actinoplanes sp. OR16	AP019371.1	ACTI_40530	ACTI_40530	BBH67368.1	nrdB	ribonucleoside-diphosphate reductase subunit beta	mapped	native_locus_tag	4	RNDR1;RNDR2;RNDR3;RNDR4	
CCG_OR16_ACTI_40540	OR16	Actinoplanes sp. OR16	AP019371.1	ACTI_40540	ACTI_40540	BBH67369.1		ribonucleoside-diphosphate reductase	mapped	native_locus_tag	8	RNDR1;RNDR1b;RNDR2;RNDR2b;RNDR3;RNDR3b;RNDR4;RNDR4b	
CCG_OR16_ACTI_40680	OR16	Actinoplanes sp. OR16	AP019371.1	ACTI_40680	ACTI_40680	BBH67383.1		alpha-amylase	mapped	native_locus_tag	2	MLTG1;MLTG2	
CCG_OR16_ACTI_40710	OR16	Actinoplanes sp. OR16	AP019371.1	ACTI_40710	ACTI_40710	BBH67386.1		hypothetical protein	mapped	native_locus_tag	1	DGUNC	
CCG_OR16_ACTI_40720	OR16	Actinoplanes sp. OR16	AP019371.1	ACTI_40720	ACTI_40720	BBH67387.1		hypothetical protein	mapped	native_locus_tag	1	GLYOX	
CCG_OR16_ACTI_40930	OR16	Actinoplanes sp. OR16	AP019371.1	ACTI_40930	ACTI_40930	BBH67408.1		bifunctional reductase	mapped	native_locus_tag	1	NITR	
CCG_OR16_ACTI_40940	OR16	Actinoplanes sp. OR16	AP019371.1	ACTI_40940	ACTI_40940	BBH67409.1		hypothetical protein	mapped	native_locus_tag	3	NTPP3;NTPP5;NTPP7	
CCG_OR16_ACTI_40950	OR16	Actinoplanes sp. OR16	AP019371.1	ACTI_40950	ACTI_40950	BBH67410.1		2-methylisocitrate lyase	mapped	native_locus_tag	1	MCITL2	
CCG_OR16_ACTI_41030	OR16	Actinoplanes sp. OR16	AP019371.1	ACTI_41030	ACTI_41030	BBH67418.1		3-ketosteroid-delta-1-dehydrogenase	mapped	native_locus_tag	1	KSTD	
CCG_OR16_ACTI_41060	OR16	Actinoplanes sp. OR16	AP019371.1	ACTI_41060	ACTI_41060	BBH67421.1		hypothetical protein	mapped	native_locus_tag	1	FADE282	
CCG_OR16_ACTI_41070	OR16	Actinoplanes sp. OR16	AP019371.1	ACTI_41070	ACTI_41070	BBH67422.1		acyl-CoA dehydrogenase	mapped	native_locus_tag	1	FADE282	
CCG_OR16_ACTI_41080	OR16	Actinoplanes sp. OR16	AP019371.1	ACTI_41080	ACTI_41080	BBH67423.1		hypothetical protein	mapped	native_locus_tag	1	ECHA193	
CCG_OR16_ACTI_41090	OR16	Actinoplanes sp. OR16	AP019371.1	ACTI_41090	ACTI_41090	BBH67424.1		lipid-transfer protein	mapped	native_locus_tag	1	PRCOA1	
CCG_OR16_ACTI_41130	OR16	Actinoplanes sp. OR16	AP019371.1	ACTI_41130	ACTI_41130	BBH67428.1		4-hydroxy-2-oxovalerate aldolase	mapped	native_locus_tag	2	HOPNTAL;HOPNTAL2	
CCG_OR16_ACTI_41140	OR16	Actinoplanes sp. OR16	AP019371.1	ACTI_41140	ACTI_41140	BBH67429.1		acetaldehyde dehydrogenase	mapped	native_locus_tag	2	ACALD;MMSAD2	
CCG_OR16_ACTI_41150	OR16	Actinoplanes sp. OR16	AP019371.1	ACTI_41150	ACTI_41150	BBH67430.1		2-keto-4-pentenoate hydratase	mapped	native_locus_tag	1	HSAE	
CCG_OR16_ACTI_41160	OR16	Actinoplanes sp. OR16	AP019371.1	ACTI_41160	ACTI_41160	BBH67431.1		23S rRNA methyltransferase	mapped	native_locus_tag	1	FRDx	
CCG_OR16_ACTI_41180	OR16	Actinoplanes sp. OR16	AP019371.1	ACTI_41180	ACTI_41180	BBH67433.1	kshB	3-ketosteroid-9-alpha-monooxygenase, ferredoxin reductase component	mapped	native_locus_tag	1	KSH	
CCG_OR16_ACTI_41200	OR16	Actinoplanes sp. OR16	AP019371.1	ACTI_41200	ACTI_41200	BBH67435.1		3-ketosteroid-9-alpha-hydroxylase oxygenase subunit	mapped	native_locus_tag	1	KSH	
CCG_OR16_ACTI_41210	OR16	Actinoplanes sp. OR16	AP019371.1	ACTI_41210	ACTI_41210	BBH67436.1		acyl-CoA dehydrogenase	mapped	native_locus_tag	1	HSA	
CCG_OR16_ACTI_41220	OR16	Actinoplanes sp. OR16	AP019371.1	ACTI_41220	ACTI_41220	BBH67437.1	mhpC	4,5-9,10-diseco-3-hydroxy-5,9,17-trioxoandrosta-1 (10),2-diene-4-oate hydrolase	mapped	native_locus_tag	1	HDAD	
CCG_OR16_ACTI_41230	OR16	Actinoplanes sp. OR16	AP019371.1	ACTI_41230	ACTI_41230	BBH67438.1		iron-dependent extradiol dioxygenase	mapped	native_locus_tag	1	HSAC	
CCG_OR16_ACTI_41240	OR16	Actinoplanes sp. OR16	AP019371.1	ACTI_41240	ACTI_41240	BBH67439.1		monooxygenase	mapped	native_locus_tag	1	HSA	
CCG_OR16_ACTI_41250	OR16	Actinoplanes sp. OR16	AP019371.1	ACTI_41250	ACTI_41250	BBH67440.1		acyl-CoA dehydrogenase	mapped	native_locus_tag	1	LPLIPAL2E180	
CCG_OR16_ACTI_41260	OR16	Actinoplanes sp. OR16	AP019371.1	ACTI_41260	ACTI_41260	BBH67441.1		putative acyl-CoA dehydrogenase FadE	mapped	native_locus_tag	1	LPLIPAL2E180	
CCG_OR16_ACTI_41290	OR16	Actinoplanes sp. OR16	AP019371.1	ACTI_41290	ACTI_41290	BBH67444.1		acyl-CoA synthetase	mapped	native_locus_tag	1	FADD3	
CCG_OR16_ACTI_41300	OR16	Actinoplanes sp. OR16	AP019371.1	ACTI_41300	ACTI_41300	BBH67445.1		acyl-CoA dehydrogenase	mapped	native_locus_tag	1	FADE30	
CCG_OR16_ACTI_41340	OR16	Actinoplanes sp. OR16	AP019371.1	ACTI_41340	ACTI_41340	BBH67449.1		putative acetyl-CoA acetyltransferase FadA	mapped	native_locus_tag	2	FADE51;FADE52	
CCG_OR16_ACTI_41350	OR16	Actinoplanes sp. OR16	AP019371.1	ACTI_41350	ACTI_41350	BBH67450.1		cytochrome P450	mapped	native_locus_tag	3	CYP1;CYP2;CYP3	
CCG_OR16_ACTI_41400	OR16	Actinoplanes sp. OR16	AP019371.1	ACTI_41400	ACTI_41400	BBH67455.1	atoB_2	acetyl-CoA acetyltransferase	mapped	native_locus_tag	1	FADE51	
CCG_OR16_ACTI_41410	OR16	Actinoplanes sp. OR16	AP019371.1	ACTI_41410	ACTI_41410	BBH67456.1		lipid-transfer protein	mapped	native_locus_tag	1	FADE52	
CCG_OR16_ACTI_41440	OR16	Actinoplanes sp. OR16	AP019371.1	ACTI_41440	ACTI_41440	BBH67459.1		ABC transporter ATP-binding protein	mapped	native_locus_tag	2	PACALtabcpp;PEAtabcpp	
CCG_OR16_ACTI_41460	OR16	Actinoplanes sp. OR16	AP019371.1	ACTI_41460	ACTI_41460	BBH67461.1		acyl-CoA synthetase	mapped	native_locus_tag	1	FADD17	
CCG_OR16_ACTI_41470	OR16	Actinoplanes sp. OR16	AP019371.1	ACTI_41470	ACTI_41470	BBH67462.1	paaG_5	enoyl-CoA hydratase	mapped	native_locus_tag	2	ECHA191;ECHA192	
CCG_OR16_ACTI_41480	OR16	Actinoplanes sp. OR16	AP019371.1	ACTI_41480	ACTI_41480	BBH67463.1		oxidoreductase	mapped	native_locus_tag	2	ALCD19;ALCD2ir	
CCG_OR16_ACTI_41510	OR16	Actinoplanes sp. OR16	AP019371.1	ACTI_41510	ACTI_41510	BBH67466.1		sulfotransferase	mapped	native_locus_tag	1	Kabc	
CCG_OR16_ACTI_41540	OR16	Actinoplanes sp. OR16	AP019371.1	ACTI_41540	ACTI_41540	BBH67469.1		hypothetical protein	mapped	native_locus_tag	1	FADE281	
CCG_OR16_ACTI_41550	OR16	Actinoplanes sp. OR16	AP019371.1	ACTI_41550	ACTI_41550	BBH67470.1		acyl-CoA dehydrogenase	mapped	native_locus_tag	1	FADE281	
CCG_OR16_ACTI_41560	OR16	Actinoplanes sp. OR16	AP019371.1	ACTI_41560	ACTI_41560	BBH67471.1	atoB_3	acetyl-CoA acetyltransferase	mapped	native_locus_tag	2	ACACT1r;MACCOAT	
CCG_OR16_ACTI_41570	OR16	Actinoplanes sp. OR16	AP019371.1	ACTI_41570	ACTI_41570	BBH67472.1		2-nitropropane dioxygenase	mapped	native_locus_tag	1	NMO	
CCG_OR16_ACTI_41580	OR16	Actinoplanes sp. OR16	AP019371.1	ACTI_41580	ACTI_41580	BBH67473.1		CoA-transferase	mapped	native_locus_tag	2	FADD3;IPDAB	
CCG_OR16_ACTI_41590	OR16	Actinoplanes sp. OR16	AP019371.1	ACTI_41590	ACTI_41590	BBH67474.1		CoA-transferase	mapped	native_locus_tag	2	FADD3;IPDAB	
CCG_OR16_ACTI_41600	OR16	Actinoplanes sp. OR16	AP019371.1	ACTI_41600	ACTI_41600	BBH67475.1	paaG_6	enoyl-CoA hydratase	mapped	native_locus_tag	1	ECHA20	
CCG_OR16_ACTI_41620	OR16	Actinoplanes sp. OR16	AP019371.1	ACTI_41620	ACTI_41620	BBH67477.1		aldehyde dehydrogenase	mapped	native_locus_tag	1	ALDD19xr	
CCG_OR16_ACTI_41670	OR16	Actinoplanes sp. OR16	AP019371.1	ACTI_41670	ACTI_41670	BBH67482.1	fabG_6	3-oxoacyl-ACP reductase	mapped	native_locus_tag	2	FADB2;FADB3	
CCG_OR16_ACTI_41680	OR16	Actinoplanes sp. OR16	AP019371.1	ACTI_41680	ACTI_41680	BBH67483.1		dehydrogenase	mapped	native_locus_tag	9	FAS100;FAS120;FAS140;FAS160;FAS161;FAS180;FAS181;FAS200;FAS80_L	
CCG_OR16_ACTI_41700	OR16	Actinoplanes sp. OR16	AP019371.1	ACTI_41700	ACTI_41700	BBH67485.1		alcohol dehydrogenase	mapped	native_locus_tag	2	ALCD19;ALCD2ir	
CCG_OR16_ACTI_41940	OR16	Actinoplanes sp. OR16	AP019371.1	ACTI_41940	ACTI_41940	BBH67509.1		glyoxalase	mapped	native_locus_tag	1	LGTHL	
CCG_OR16_ACTI_41960	OR16	Actinoplanes sp. OR16	AP019371.1	ACTI_41960	ACTI_41960	BBH67511.1		glycosyl transferase	mapped	native_locus_tag	1	CEPA	
CCG_OR16_ACTI_42100	OR16	Actinoplanes sp. OR16	AP019371.1	ACTI_42100	ACTI_42100	BBH67525.1		carbohydrate kinase	mapped	native_locus_tag	1	RBK	
CCG_OR16_ACTI_42290	OR16	Actinoplanes sp. OR16	AP019371.1	ACTI_42290	ACTI_42290	BBH67544.1		sodium:proton antiporter	mapped	native_locus_tag	1	NAt3_1	
CCG_OR16_ACTI_42370	OR16	Actinoplanes sp. OR16	AP019371.1	ACTI_42370	ACTI_42370	BBH67552.1		membrane protein	mapped	native_locus_tag	1	CYStpp	
CCG_OR16_ACTI_42460	OR16	Actinoplanes sp. OR16	AP019371.1	ACTI_42460	ACTI_42460	BBH67561.1		carbohydrate kinase	mapped	native_locus_tag	2	RBK_L1;XYLK	
CCG_OR16_ACTI_42470	OR16	Actinoplanes sp. OR16	AP019371.1	ACTI_42470	ACTI_42470	BBH67562.1		hypothetical protein	mapped	native_locus_tag	1	G1SAT	
CCG_OR16_ACTI_42500	OR16	Actinoplanes sp. OR16	AP019371.1	ACTI_42500	ACTI_42500	BBH67565.1		hypothetical protein	mapped	native_locus_tag	1	GUACYC	
CCG_OR16_ACTI_42580	OR16	Actinoplanes sp. OR16	AP019371.1	ACTI_42580	ACTI_42580	BBH67573.1	idi_2	isopentenyl-diphosphate Delta-isomerase	mapped	native_locus_tag	1	IPDDI	
CCG_OR16_ACTI_42600	OR16	Actinoplanes sp. OR16	AP019371.1	ACTI_42600	ACTI_42600	BBH67575.1	tnaA	tryptophanase	mapped	native_locus_tag	1	TRPAS2	
CCG_OR16_ACTI_42780	OR16	Actinoplanes sp. OR16	AP019371.1	ACTI_42780	ACTI_42780	BBH67593.1	arcA_3	arginine deiminase	mapped	native_locus_tag	2	ARGDI;ARGDr	
CCG_OR16_ACTI_42790	OR16	Actinoplanes sp. OR16	AP019371.1	ACTI_42790	ACTI_42790	BBH67594.1		amino acid APC transporter	mapped	native_locus_tag	1	ARGORNt7pp	
CCG_OR16_ACTI_42830	OR16	Actinoplanes sp. OR16	AP019371.1	ACTI_42830	ACTI_42830	BBH67598.1		spermidine/putrescine ABC transporter permease	mapped	native_locus_tag	1	4ABUTabcpp	
CCG_OR16_ACTI_42840	OR16	Actinoplanes sp. OR16	AP019371.1	ACTI_42840	ACTI_42840	BBH67599.1		ABC transporter permease	mapped	native_locus_tag	1	SULabc	
CCG_OR16_ACTI_42850	OR16	Actinoplanes sp. OR16	AP019371.1	ACTI_42850	ACTI_42850	BBH67600.1		ABC transporter ATP-binding protein	mapped	native_locus_tag	5	4ABUTabcpp;FE3abc;INSTabc;PTRCabc;SPMDabc	
CCG_OR16_ACTI_42950	OR16	Actinoplanes sp. OR16	AP019371.1	ACTI_42950	ACTI_42950	BBH67610.1		ATP-binding protein	mapped	native_locus_tag	1	CO2FO	
CCG_OR16_ACTI_42980	OR16	Actinoplanes sp. OR16	AP019371.1	ACTI_42980	ACTI_42980	BBH67613.1		aldehyde dehydrogenase	mapped	native_locus_tag	2	ALDD2x;BETALDHx	
CCG_OR16_ACTI_43030	OR16	Actinoplanes sp. OR16	AP019371.1	ACTI_43030	ACTI_43030	BBH67618.1		zinc-binding alcohol dehydrogenase	mapped	native_locus_tag	2	ALCD1;LCARS	
CCG_OR16_ACTI_43060	OR16	Actinoplanes sp. OR16	AP019371.1	ACTI_43060	ACTI_43060	BBH67621.1		dehydrogenase	mapped	native_locus_tag	3	FDH6r;NAR_syn_2;NITR	
CCG_OR16_ACTI_43090	OR16	Actinoplanes sp. OR16	AP019371.1	ACTI_43090	ACTI_43090	BBH67624.1		ABC transporter ATP-binding protein	mapped	native_locus_tag	1	GLNabc	
CCG_OR16_ACTI_43150	OR16	Actinoplanes sp. OR16	AP019371.1	ACTI_43150	ACTI_43150	BBH67630.1		oxidoreductase	mapped	native_locus_tag	11	AKGDH;GCCa;GCCc;GLYCL;OBDHc;OIVD1r;OIVD2;OIVD3;PDH;PDHa;PDHcr	
CCG_OR16_ACTI_43170	OR16	Actinoplanes sp. OR16	AP019371.1	ACTI_43170	ACTI_43170	BBH67632.1		ABC transporter ATP-binding protein	mapped	native_locus_tag	3	COBALT2abcpp;Cobalt2abcppI;NI2uabcpp	
CCG_OR16_ACTI_43220	OR16	Actinoplanes sp. OR16	AP019371.1	ACTI_43220	ACTI_43220	BBH67637.1		GTP pyrophosphokinase	mapped	native_locus_tag	1	GTPDPK_1	
CCG_OR16_ACTI_43540	OR16	Actinoplanes sp. OR16	AP019371.1	ACTI_43540	ACTI_43540	BBH67669.1		sugar ABC transporter permease	mapped	native_locus_tag	3	GLCabc;MALTabc;RIBabc	
CCG_OR16_ACTI_43720	OR16	Actinoplanes sp. OR16	AP019371.1	ACTI_43720	ACTI_43720	BBH67687.1	fpr	pyridine nucleotide-disulfide oxidoreductase	mapped	native_locus_tag	1	FPRA	
CCG_OR16_ACTI_43860	OR16	Actinoplanes sp. OR16	AP019371.1	ACTI_43860	ACTI_43860	BBH67701.1	bdh	3-hydroxybutyrate dehydrogenase	mapped	native_locus_tag	1	BDH	
CCG_OR16_ACTI_43880	OR16	Actinoplanes sp. OR16	AP019371.1	ACTI_43880	ACTI_43880	BBH67703.1		MFS transporter	mapped	native_locus_tag	1	SKMt2pp	
CCG_OR16_ACTI_43910	OR16	Actinoplanes sp. OR16	AP019371.1	ACTI_43910	ACTI_43910	BBH67706.1		membrane protein	mapped	native_locus_tag	1	IND3ACtpp	
CCG_OR16_ACTI_44030	OR16	Actinoplanes sp. OR16	AP019371.1	ACTI_44030	ACTI_44030	BBH67718.1		fused acetyl/propionyl-CoA carboxylase subuit alpha/methylmalonyl-CoA decarboxylase subunit alpha	mapped	native_locus_tag	1	PC	
CCG_OR16_ACTI_44110	OR16	Actinoplanes sp. OR16	AP019371.1	ACTI_44110	ACTI_44110	BBH67726.1	thyX	flavin-dependent thymidylate synthase	mapped	native_locus_tag	1	TMDS3	
CCG_OR16_ACTI_44140	OR16	Actinoplanes sp. OR16	AP019371.1	ACTI_44140	ACTI_44140	BBH67729.1		NAD-dependent succinate-semialdehyde dehydrogenase	mapped	native_locus_tag	2	SSALx;SSALy	
CCG_OR16_ACTI_44150	OR16	Actinoplanes sp. OR16	AP019371.1	ACTI_44150	ACTI_44150	BBH67730.1	gabT_1	aspartate aminotransferase family protein	mapped	native_locus_tag	1	ABTA	
CCG_OR16_ACTI_44180	OR16	Actinoplanes sp. OR16	AP019371.1	ACTI_44180	ACTI_44180	BBH67733.1	galM_2	aldose 1-epimerase	mapped	native_locus_tag	1	GALM1	
CCG_OR16_ACTI_44350	OR16	Actinoplanes sp. OR16	AP019371.1	ACTI_44350	ACTI_44350	BBH67750.1		gluconolaconase	mapped	native_locus_tag	1	ALR2	
CCG_OR16_ACTI_44480	OR16	Actinoplanes sp. OR16	AP019371.1	ACTI_44480	ACTI_44480	BBH67763.1		membrane protein	mapped	native_locus_tag	1	PHEMEt	
CCG_OR16_ACTI_44640	OR16	Actinoplanes sp. OR16	AP019371.1	ACTI_44640	ACTI_44640	BBH67779.1		alkene reductase	mapped	native_locus_tag	2	TNTR1;TNTR2	
CCG_OR16_ACTI_44720	OR16	Actinoplanes sp. OR16	AP019371.1	ACTI_44720	ACTI_44720	BBH67787.1		carbonic anhydrase	mapped	native_locus_tag	2	H2CO3D;HCO3E	
CCG_OR16_ACTI_44990	OR16	Actinoplanes sp. OR16	AP019371.1	ACTI_44990	ACTI_44990	BBH67814.1	galE3	UDP-glucose 4-epimerase	mapped	native_locus_tag	1	UDPG4E	
CCG_OR16_ACTI_45150	OR16	Actinoplanes sp. OR16	AP019371.1	ACTI_45150	ACTI_45150	BBH67830.1		salicylate hydroxylase	mapped	native_locus_tag	1	6HNACMO	
CCG_OR16_ACTI_45240	OR16	Actinoplanes sp. OR16	AP019371.1	ACTI_45240	ACTI_45240	BBH67839.1		hypothetical protein	mapped	native_locus_tag	1	NAt3pp	
CCG_OR16_ACTI_45250	OR16	Actinoplanes sp. OR16	AP019371.1	ACTI_45250	ACTI_45250	BBH67840.1		hypothetical protein	mapped	native_locus_tag	1	FBACS	
CCG_OR16_ACTI_45280	OR16	Actinoplanes sp. OR16	AP019371.1	ACTI_45280	ACTI_45280	BBH67843.1		syringomycin biosynthesis enzyme	mapped	native_locus_tag	1	ASP3H	
CCG_OR16_ACTI_45290	OR16	Actinoplanes sp. OR16	AP019371.1	ACTI_45290	ACTI_45290	BBH67844.1		aminotransferase	mapped	native_locus_tag	6	ASPTA;CYSTA;EHGLAT;PHETA1;TRPTA;TYRTA	
CCG_OR16_ACTI_45320	OR16	Actinoplanes sp. OR16	AP019371.1	ACTI_45320	ACTI_45320	BBH67847.1		kinase	mapped	native_locus_tag	1	LTHRK	
CCG_OR16_ACTI_45360	OR16	Actinoplanes sp. OR16	AP019371.1	ACTI_45360	ACTI_45360	BBH67851.1	argH_2	argininosuccinate lyase	mapped	native_locus_tag	2	ARGSL;ARGSS	
CCG_OR16_ACTI_45370	OR16	Actinoplanes sp. OR16	AP019371.1	ACTI_45370	ACTI_45370	BBH67852.1		putative cysteine synthase A CysK2	mapped	native_locus_tag	2	CYSK2_I;CYST_II	
CCG_OR16_ACTI_45430	OR16	Actinoplanes sp. OR16	AP019371.1	ACTI_45430	ACTI_45430	BBH67858.1		class V aminotransferase	mapped	native_locus_tag	6	AGTi;ASPTA6;GLYTA;PSTA;SPT_syn;SPTc	
CCG_OR16_ACTI_45440	OR16	Actinoplanes sp. OR16	AP019371.1	ACTI_45440	ACTI_45440	BBH67859.1		hypothetical protein	mapped	native_locus_tag	1	FBACS	
CCG_OR16_ACTI_45480	OR16	Actinoplanes sp. OR16	AP019371.1	ACTI_45480	ACTI_45480	BBH67863.1		ABC transporter substrate-binding protein	mapped	native_locus_tag	4	4PEPTabcpp;ALAALAabcpp;CGLYabcpp;PROGLYabcpp	
CCG_OR16_ACTI_45640	OR16	Actinoplanes sp. OR16	AP019371.1	ACTI_45640	ACTI_45640	BBH67879.1		short-chain dehydrogenase	mapped	native_locus_tag	1	AACOAR_syn	
CCG_OR16_ACTI_45660	OR16	Actinoplanes sp. OR16	AP019371.1	ACTI_45660	ACTI_45660	BBH67881.1	trxB_3	ferredoxin--NADP reductase	mapped	native_locus_tag	1	TRDR	
CCG_OR16_ACTI_45680	OR16	Actinoplanes sp. OR16	AP019371.1	ACTI_45680	ACTI_45680	BBH67883.1	mhpB	2,3-dihydroxyphenylpropionate 1,2-dioxygenase	mapped	native_locus_tag	2	DHCINDO;HPPPNDO	
CCG_OR16_ACTI_45700	OR16	Actinoplanes sp. OR16	AP019371.1	ACTI_45700	ACTI_45700	BBH67885.1		putative hydrolase, alpha/beta fold protein	mapped	native_locus_tag	2	HKNDDH;HKNTDH	
CCG_OR16_ACTI_45730	OR16	Actinoplanes sp. OR16	AP019371.1	ACTI_45730	ACTI_45730	BBH67888.1	ssuA	nitrate ABC transporter substrate-binding protein	mapped	native_locus_tag	1	TAURabc	
CCG_OR16_ACTI_45750	OR16	Actinoplanes sp. OR16	AP019371.1	ACTI_45750	ACTI_45750	BBH67890.1	xynA_1	beta-xylanase	mapped	native_locus_tag	1	XYLe	
CCG_OR16_ACTI_45830	OR16	Actinoplanes sp. OR16	AP019371.1	ACTI_45830	ACTI_45830	BBH67898.1		MFS transporter	mapped	native_locus_tag	1	GALt2	
CCG_OR16_ACTI_45850	OR16	Actinoplanes sp. OR16	AP019371.1	ACTI_45850	ACTI_45850	BBH67900.1		ABC transporter ATP-binding protein	mapped	native_locus_tag	1	TAURabc	
CCG_OR16_ACTI_45860	OR16	Actinoplanes sp. OR16	AP019371.1	ACTI_45860	ACTI_45860	BBH67901.1		ABC transporter permease	mapped	native_locus_tag	4	BUTSO3abcpp;ETHSO3abcpp;ISETACabcpp;SULFACabcpp	
CCG_OR16_ACTI_45900	OR16	Actinoplanes sp. OR16	AP019371.1	ACTI_45900	ACTI_45900	BBH67905.1		enoyl-CoA hydratase	mapped	native_locus_tag	16	CTECOAI6;CTECOAI7;CTECOAI8;ECOAH1;ECOAH1_1;ECOAH2;ECOAH3;ECOAH4;ECOAH5;ECOAH5_1;ECOAH6;ECOAH7;ECOAH8;ECOAH9ir;HBCHLR;VECOAH	
CCG_OR16_ACTI_45930	OR16	Actinoplanes sp. OR16	AP019371.1	ACTI_45930	ACTI_45930	BBH67908.1		putative hydratase/decarboxylase	mapped	native_locus_tag	1	OP4ENH	
CCG_OR16_ACTI_45940	OR16	Actinoplanes sp. OR16	AP019371.1	ACTI_45940	ACTI_45940	BBH67909.1		acetaldehyde dehydrogenase 2	mapped	native_locus_tag	1	ACALD	
CCG_OR16_ACTI_45950	OR16	Actinoplanes sp. OR16	AP019371.1	ACTI_45950	ACTI_45950	BBH67910.1		4-hydroxy-2-oxovalerate aldolase 2	mapped	native_locus_tag	1	HOPNTAL	
CCG_OR16_ACTI_46040	OR16	Actinoplanes sp. OR16	AP019371.1	ACTI_46040	ACTI_46040	BBH67919.1		alpha-xylosidase	mapped	native_locus_tag	6	GALS3;MLTG1;MLTG2;MLTG3;MLTG4;MLTG5	
CCG_OR16_ACTI_46060	OR16	Actinoplanes sp. OR16	AP019371.1	ACTI_46060	ACTI_46060	BBH67921.1		ABC transporter ATP-binding protein	mapped	native_locus_tag	2	ACTNabc;ACTNabc1	
CCG_OR16_ACTI_46070	OR16	Actinoplanes sp. OR16	AP019371.1	ACTI_46070	ACTI_46070	BBH67922.1	nhaA_1	Na(+)/H(+) antiporter NhaA	mapped	native_locus_tag	1	NAt3_2pp	
CCG_OR16_ACTI_46340	OR16	Actinoplanes sp. OR16	AP019371.1	ACTI_46340	ACTI_46340	BBH67949.1		putative Orn/Lys/Arg decarboxylase	mapped	native_locus_tag	1	ARGDC	
CCG_OR16_ACTI_46460	OR16	Actinoplanes sp. OR16	AP019371.1	ACTI_46460	ACTI_46460	BBH67961.1		ABC transporter permease	mapped	native_locus_tag	1	GLYC3Pabc	
CCG_OR16_ACTI_46470	OR16	Actinoplanes sp. OR16	AP019371.1	ACTI_46470	ACTI_46470	BBH67962.1		ABC transporter permease	mapped	native_locus_tag	1	GLCabcpp	
CCG_OR16_ACTI_46510	OR16	Actinoplanes sp. OR16	AP019371.1	ACTI_46510	ACTI_46510	BBH67966.1		MFS transporter	mapped	native_locus_tag	1	FEENTERtpp	
CCG_OR16_ACTI_46730	OR16	Actinoplanes sp. OR16	AP019371.1	ACTI_46730	ACTI_46730	BBH67988.1		alpha-L-arabinofuranosidase	mapped	native_locus_tag	1	ABFA	
CCG_OR16_ACTI_46750	OR16	Actinoplanes sp. OR16	AP019371.1	ACTI_46750	ACTI_46750	BBH67990.1	bioF	8-amino-7-oxononanoate synthase	mapped	native_locus_tag	1	AOXSr	
CCG_OR16_ACTI_46780	OR16	Actinoplanes sp. OR16	AP019371.1	ACTI_46780	ACTI_46780	BBH67993.1		putative aldehyde dehydrogenase	mapped	native_locus_tag	2	AASAD3;ALDD2x	
CCG_OR16_ACTI_46880	OR16	Actinoplanes sp. OR16	AP019371.1	ACTI_46880	ACTI_46880	BBH68003.1		cation efflux system protein	mapped	native_locus_tag	6	CD2t3pp;COBALT2t3pp;FE2t3pp;MN2t3pp;NI2t3pp;ZN2t3pp	
CCG_OR16_ACTI_46950	OR16	Actinoplanes sp. OR16	AP019371.1	ACTI_46950	ACTI_46950	BBH68010.1		oxidoreductase	mapped	native_locus_tag	1	ALCD22_L	
CCG_OR16_ACTI_47120	OR16	Actinoplanes sp. OR16	AP019371.1	ACTI_47120	ACTI_47120	BBH68027.1		asparagine synthetase B	mapped	native_locus_tag	1	ASNS1	
CCG_OR16_ACTI_47200	OR16	Actinoplanes sp. OR16	AP019371.1	ACTI_47200	ACTI_47200	BBH68035.1		MFS transporter	mapped	native_locus_tag	1	XYLt2pp	
CCG_OR16_ACTI_47250	OR16	Actinoplanes sp. OR16	AP019371.1	ACTI_47250	ACTI_47250	BBH68040.1		NAD-dependent epimerase	mapped	native_locus_tag	1	UDPG4E	
CCG_OR16_ACTI_47260	OR16	Actinoplanes sp. OR16	AP019371.1	ACTI_47260	ACTI_47260	BBH68041.1		oxidoreductase	mapped	native_locus_tag	1	INS2D	
CCG_OR16_ACTI_47320	OR16	Actinoplanes sp. OR16	AP019371.1	ACTI_47320	ACTI_47320	BBH68047.1		acetylglucosamine-1-phosphate uridylyltransferase	mapped	native_locus_tag	2	SERAT;THDPS	
CCG_OR16_ACTI_47490	OR16	Actinoplanes sp. OR16	AP019371.1	ACTI_47490	ACTI_47490	BBH68064.1	acpD_2	FMN-dependent NADH-azoreductase	mapped	native_locus_tag	1	ACPpds	
CCG_OR16_ACTI_47600	OR16	Actinoplanes sp. OR16	AP019371.1	ACTI_47600	ACTI_47600	BBH68075.1		1-pyrroline-5-carboxylate dehydrogenase	mapped	native_locus_tag	6	4HGLSD;HPROx;P5CD;PHCD;PROD2;PUTA3	
CCG_OR16_ACTI_47650	OR16	Actinoplanes sp. OR16	AP019371.1	ACTI_47650	ACTI_47650	BBH68080.1		hypothetical protein	mapped	native_locus_tag	1	GDPMNP	
CCG_OR16_ACTI_47690	OR16	Actinoplanes sp. OR16	AP019371.1	ACTI_47690	ACTI_47690	BBH68084.1		phosphoesterase	mapped	native_locus_tag	1	PGPP160	
CCG_OR16_ACTI_47720	OR16	Actinoplanes sp. OR16	AP019371.1	ACTI_47720	ACTI_47720	BBH68087.1		aspartate aminotransferase family protein	mapped	native_locus_tag	1	LTDCL	
CCG_OR16_ACTI_47790	OR16	Actinoplanes sp. OR16	AP019371.1	ACTI_47790	ACTI_47790	BBH68094.1		multidrug ABC transporter ATP-binding protein	mapped	native_locus_tag	1	PEALtabc	
CCG_OR16_ACTI_47940	OR16	Actinoplanes sp. OR16	AP019371.1	ACTI_47940	ACTI_47940	BBH68109.1	ulaF	L-ribulose-5-phosphate 4-epimerase UlaF	mapped	native_locus_tag	1	RBP4E	
CCG_OR16_ACTI_47970	OR16	Actinoplanes sp. OR16	AP019371.1	ACTI_47970	ACTI_47970	BBH68112.1		LacI family transcriptional regulator	mapped	native_locus_tag	2	GALabcpp;RIBabcpp	
CCG_OR16_ACTI_47980	OR16	Actinoplanes sp. OR16	AP019371.1	ACTI_47980	ACTI_47980	BBH68113.1		sugar ABC transporter ATP-binding protein	mapped	native_locus_tag	2	GALabcpp;RIBabcpp	
CCG_OR16_ACTI_47990	OR16	Actinoplanes sp. OR16	AP019371.1	ACTI_47990	ACTI_47990	BBH68114.1		sugar ABC transporter permease	mapped	native_locus_tag	2	GALabcpp;RIBabcpp	
CCG_OR16_ACTI_48000	OR16	Actinoplanes sp. OR16	AP019371.1	ACTI_48000	ACTI_48000	BBH68115.1		sugar ABC transporter permease	mapped	native_locus_tag	2	GALabcpp;RIBabcpp	
CCG_OR16_ACTI_48010	OR16	Actinoplanes sp. OR16	AP019371.1	ACTI_48010	ACTI_48010	BBH68116.1	araA_1	L-arabinose isomerase	mapped	native_locus_tag	1	ARAI	
CCG_OR16_ACTI_48210	OR16	Actinoplanes sp. OR16	AP019371.1	ACTI_48210	ACTI_48210	BBH68136.1		ABC transporter permease	mapped	native_locus_tag	5	G3PCabcpp;G3PEabcpp;G3PGabcpp;G3PIabcpp;G3PSabcpp	
CCG_OR16_ACTI_48290	OR16	Actinoplanes sp. OR16	AP019371.1	ACTI_48290	ACTI_48290	BBH68144.1		ABC transporter permease	mapped	native_locus_tag	7	BUTSO3abcpp;DMSO2abcpp;ETHSO3abcpp;ISETACabcpp;SELabcpp;SULFACabcpp;pentso3abcpp	
CCG_OR16_ACTI_48300	OR16	Actinoplanes sp. OR16	AP019371.1	ACTI_48300	ACTI_48300	BBH68145.1		ABC transporter substrate-binding protein	mapped	native_locus_tag	8	BUTSO3abcpp;DMSO2abcpp;ETHSO3abcpp;ISETACabcpp;SELabcpp;SULFACabcpp;TAURabc;pentso3abcpp	
CCG_OR16_ACTI_48310	OR16	Actinoplanes sp. OR16	AP019371.1	ACTI_48310	ACTI_48310	BBH68146.1		ABC transporter	mapped	native_locus_tag	7	BUTSabc;ETHSabc;HEXSabc;ISTNTabc;MSO3abc;SULAabc;TAURabc	
CCG_OR16_ACTI_48400	OR16	Actinoplanes sp. OR16	AP019371.1	ACTI_48400	ACTI_48400	BBH68155.1		carbohydrate kinase	mapped	native_locus_tag	1	RBK	
CCG_OR16_ACTI_48410	OR16	Actinoplanes sp. OR16	AP019371.1	ACTI_48410	ACTI_48410	BBH68156.1		6-phospho-beta-glucosidase	mapped	native_locus_tag	2	BGLA1;S6PG	
CCG_OR16_ACTI_48430	OR16	Actinoplanes sp. OR16	AP019371.1	ACTI_48430	ACTI_48430	BBH68158.1		putative fatty acid desaturase	mapped	native_locus_tag	2	DESAT16;DESAT18	
CCG_OR16_ACTI_48440	OR16	Actinoplanes sp. OR16	AP019371.1	ACTI_48440	ACTI_48440	BBH68159.1		oxidoreductase	mapped	native_locus_tag	1	DMGDH2	
CCG_OR16_ACTI_48490	OR16	Actinoplanes sp. OR16	AP019371.1	ACTI_48490	ACTI_48490	BBH68164.1	metN	methionine import ATP-binding protein MetN	mapped	native_locus_tag	2	METabc;METabcpp	
CCG_OR16_ACTI_48500	OR16	Actinoplanes sp. OR16	AP019371.1	ACTI_48500	ACTI_48500	BBH68165.1		metal ABC transporter permease	mapped	native_locus_tag	2	METabc;METabcpp	
CCG_OR16_ACTI_48510	OR16	Actinoplanes sp. OR16	AP019371.1	ACTI_48510	ACTI_48510	BBH68166.1		lipoprotein	mapped	native_locus_tag	1	METabcpp	
CCG_OR16_ACTI_48540	OR16	Actinoplanes sp. OR16	AP019371.1	ACTI_48540	ACTI_48540	BBH68169.1	ald	alanine dehydrogenase	mapped	native_locus_tag	2	ALAD_L;GLYDHDA	
CCG_OR16_ACTI_48640	OR16	Actinoplanes sp. OR16	AP019371.1	ACTI_48640	ACTI_48640	BBH68179.1		polyamine-binding lipoprotein	mapped	native_locus_tag	4	PTRCabc;PTRCabcpp;SPMDabc;SPMDabcpp	
CCG_OR16_ACTI_48660	OR16	Actinoplanes sp. OR16	AP019371.1	ACTI_48660	ACTI_48660	BBH68181.1		alkene reductase	mapped	native_locus_tag	4	TNTR1;TNTR2;TNTR3;TNTR4	
CCG_OR16_ACTI_48700	OR16	Actinoplanes sp. OR16	AP019371.1	ACTI_48700	ACTI_48700	BBH68185.1		heme ABC transporter ATP-binding protein	mapped	native_locus_tag	2	HMPPtr;THMabc	
CCG_OR16_ACTI_48710	OR16	Actinoplanes sp. OR16	AP019371.1	ACTI_48710	ACTI_48710	BBH68186.1		ABC transporter	mapped	native_locus_tag	2	HMPPtr;THMabc	
CCG_OR16_ACTI_48780	OR16	Actinoplanes sp. OR16	AP019371.1	ACTI_48780	ACTI_48780	BBH68193.1		haloacid dehalogenase	mapped	native_locus_tag	1	GNP	
CCG_OR16_ACTI_48880	OR16	Actinoplanes sp. OR16	AP019371.1	ACTI_48880	ACTI_48880	BBH68203.1		oxidoreductase	mapped	native_locus_tag	2	LALDO3;UDPG4E	
CCG_OR16_ACTI_48920	OR16	Actinoplanes sp. OR16	AP019371.1	ACTI_48920	ACTI_48920	BBH68207.1		acyl-CoA dehydrogenase	mapped	native_locus_tag	1	LPLIPAL2E180	
CCG_OR16_ACTI_48960	OR16	Actinoplanes sp. OR16	AP019371.1	ACTI_48960	ACTI_48960	BBH68211.1		ABC transporter ATP-binding protein	mapped	native_locus_tag	2	MOBDabc;MOBDabc_rev	
CCG_OR16_ACTI_48970	OR16	Actinoplanes sp. OR16	AP019371.1	ACTI_48970	ACTI_48970	BBH68212.1		molybdate ABC transporter permease	mapped	native_locus_tag	2	MOBDabc;MOBDabc_rev	
CCG_OR16_ACTI_48980	OR16	Actinoplanes sp. OR16	AP019371.1	ACTI_48980	ACTI_48980	BBH68213.1		molybdate-binding protein	mapped	native_locus_tag	2	MOBDabc;MOBDabc_rev	
CCG_OR16_ACTI_49060	OR16	Actinoplanes sp. OR16	AP019371.1	ACTI_49060	ACTI_49060	BBH68221.1		D-cysteine desulfhydrase	mapped	native_locus_tag	1	CYSDS	
CCG_OR16_ACTI_49080	OR16	Actinoplanes sp. OR16	AP019371.1	ACTI_49080	ACTI_49080	BBH68223.1		L-lactate 2-monooxygenase	mapped	native_locus_tag	2	L_LACD2;L_LACD3	
CCG_OR16_ACTI_49110	OR16	Actinoplanes sp. OR16	AP019371.1	ACTI_49110	ACTI_49110	BBH68226.1		serine/threonine protein kinase	mapped	native_locus_tag	2	DGUNC;GUACYC	
CCG_OR16_ACTI_49220	OR16	Actinoplanes sp. OR16	AP019371.1	ACTI_49220	ACTI_49220	BBH68237.1		MFS transporter	mapped	native_locus_tag	1	HPPPNt2rpp	
CCG_OR16_ACTI_49250	OR16	Actinoplanes sp. OR16	AP019371.1	ACTI_49250	ACTI_49250	BBH68240.1		ABC transporter permease	mapped	native_locus_tag	3	FE3DCIT2abcpp;FE3DCITabcpp;FE3abc	
CCG_OR16_ACTI_49260	OR16	Actinoplanes sp. OR16	AP019371.1	ACTI_49260	ACTI_49260	BBH68241.1		ABC transporter substrate-binding protein	mapped	native_locus_tag	1	FE3abc	
CCG_OR16_ACTI_49270	OR16	Actinoplanes sp. OR16	AP019371.1	ACTI_49270	ACTI_49270	BBH68242.1		ABC transporter ATPase	mapped	native_locus_tag	3	FE3DCITabcpp;FE3abc;PHEME2abcpp	
CCG_OR16_ACTI_49290	OR16	Actinoplanes sp. OR16	AP019371.1	ACTI_49290	ACTI_49290	BBH68244.1		GMC oxidoreductase	mapped	native_locus_tag	1	CHOLD	
CCG_OR16_ACTI_49340	OR16	Actinoplanes sp. OR16	AP019371.1	ACTI_49340	ACTI_49340	BBH68249.1	acs	acetyl-CoA synthetase	mapped	native_locus_tag	1	ACS2	
CCG_OR16_ACTI_49350	OR16	Actinoplanes sp. OR16	AP019371.1	ACTI_49350	ACTI_49350	BBH68250.1		enoyl-CoA hydratase	mapped	native_locus_tag	12	CTECOAI6;CTECOAI7;CTECOAI8;ECOAH1;ECOAH2;ECOAH3;ECOAH4;ECOAH5;ECOAH6;ECOAH7;ECOAH8;VECOAH	
CCG_OR16_ACTI_49420	OR16	Actinoplanes sp. OR16	AP019371.1	ACTI_49420	ACTI_49420	BBH68257.1		iron ABC transporter permease	mapped	native_locus_tag	2	FEDCabc;FEENTERabcpp	
CCG_OR16_ACTI_49440	OR16	Actinoplanes sp. OR16	AP019371.1	ACTI_49440	ACTI_49440	BBH68259.1	fepC	ABC transporter	mapped	native_locus_tag	5	FE2abc;SMIA1;SMIA1Eabc;SMIA2abc;SMIB1	
CCG_OR16_ACTI_49560	OR16	Actinoplanes sp. OR16	AP019371.1	ACTI_49560	ACTI_49560	BBH68271.1		hypothetical protein	mapped	native_locus_tag	2	ADNCYC;GUACYC	
CCG_OR16_ACTI_49690	OR16	Actinoplanes sp. OR16	AP019371.1	ACTI_49690	ACTI_49690	BBH68284.1	coaD_2	phosphopantetheine adenylyltransferase	mapped	native_locus_tag	2	APPAT;PTPATi	
CCG_OR16_ACTI_50050	OR16	Actinoplanes sp. OR16	AP019371.1	ACTI_50050	ACTI_50050	BBH68320.1		ferredoxin	mapped	native_locus_tag	1	XAND	
CCG_OR16_ACTI_50070	OR16	Actinoplanes sp. OR16	AP019371.1	ACTI_50070	ACTI_50070	BBH68322.1		oxidoreductase	mapped	native_locus_tag	2	ALDD1;THRD	
CCG_OR16_ACTI_50120	OR16	Actinoplanes sp. OR16	AP019371.1	ACTI_50120	ACTI_50120	BBH68327.1		ABC transporter substrate-binding protein	mapped	native_locus_tag	5	G3PCabcpp;G3PEabcpp;G3PGabcpp;G3PIabcpp;G3PSabcpp	
CCG_OR16_ACTI_50460	OR16	Actinoplanes sp. OR16	AP019371.1	ACTI_50460	ACTI_50460	BBH68361.1		hypothetical protein	mapped	native_locus_tag	1	5DOAN	
CCG_OR16_ACTI_50540	OR16	Actinoplanes sp. OR16	AP019371.1	ACTI_50540	ACTI_50540	BBH68369.1		oxidoreductase	mapped	native_locus_tag	2	TNTR1;TNTR2	
CCG_OR16_ACTI_50660	OR16	Actinoplanes sp. OR16	AP019371.1	ACTI_50660	ACTI_50660	BBH68381.1		hypothetical protein	mapped	native_locus_tag	5	GLYCLTDx;HPYRRx;PERD;PGCD;PGLCNDH	
CCG_OR16_ACTI_50670	OR16	Actinoplanes sp. OR16	AP019371.1	ACTI_50670	ACTI_50670	BBH68382.1	ilvB1	hypothetical protein	mapped	native_locus_tag	1	OARGDC	
CCG_OR16_ACTI_50680	OR16	Actinoplanes sp. OR16	AP019371.1	ACTI_50680	ACTI_50680	BBH68383.1		arginine ABC transporter ATP-binding protein	mapped	native_locus_tag	24	ALAabc;ARGabc;ARGabcpp;ASNabc;ASPabc;CYSabc;GLNabc;GLUabc;GLYabc;GTHRDt2_1;HISabc;ILEabc;LEUabc;LYSabc;LYSabcpp;METabc;ORNabcpp;PHEabc;PROabc;SERabc;THRabc;TRPabc;TYRabc;VALabc	
CCG_OR16_ACTI_50690	OR16	Actinoplanes sp. OR16	AP019371.1	ACTI_50690	ACTI_50690	BBH68384.1		amino acid ABC transporter	mapped	native_locus_tag	1	CYSabcpp	
CCG_OR16_ACTI_50770	OR16	Actinoplanes sp. OR16	AP019371.1	ACTI_50770	ACTI_50770	BBH68392.1		oxidoreductase	mapped	native_locus_tag	1	NADH4	
CCG_OR16_ACTI_50940	OR16	Actinoplanes sp. OR16	AP019371.1	ACTI_50940	ACTI_50940	BBH68409.1		aldehyde dehydrogenase	mapped	native_locus_tag	16	ABUTD;ALDD1;ALDD2x;ALDD3;ALDD31_1;ALDD4;ALDD4x;ALDD5;ALDD6;BZDH;GCALDD;GLXO1;GLYALDDr;LCADi;VNDH;VNDH_2	
CCG_OR16_ACTI_51020	OR16	Actinoplanes sp. OR16	AP019371.1	ACTI_51020	ACTI_51020	BBH68417.1		hypothetical protein	mapped	native_locus_tag	1	DGUNC	
CCG_OR16_ACTI_51100	OR16	Actinoplanes sp. OR16	AP019371.1	ACTI_51100	ACTI_51100	BBH68425.1		ABC transporter permease	mapped	native_locus_tag	19	ALAALAabcpp;ALAGLUabcpp;ALAHISabcpp;ALALEUabcpp;ALATHRabcpp;ALATRPabcpp;CARNabcpp;CGLYabcpp;GLYGLNabcpp;GLYGLUabcpp;GLYGLYabcpp;GLYMETabcpp;GLYPHEabcpp;GLYSERabcpp;GTHRDabcpp;HISGLYabcpp;HISHISabcpp;LEULEUabcpp;PROGLYabcpp	
CCG_OR16_ACTI_51110	OR16	Actinoplanes sp. OR16	AP019371.1	ACTI_51110	ACTI_51110	BBH68426.1		peptide ABC transporter permease	mapped	native_locus_tag	18	ALAALAabcpp;ALAGLUabcpp;ALAHISabcpp;ALALEUabcpp;ALATHRabcpp;ALATRPabcpp;CARNabcpp;CGLYabcpp;GLYGLNabcpp;GLYGLUabcpp;GLYGLYabcpp;GLYMETabcpp;GLYPHEabcpp;GLYSERabcpp;HISGLYabcpp;HISHISabcpp;LEULEUabcpp;PROGLYabcpp	
CCG_OR16_ACTI_51120	OR16	Actinoplanes sp. OR16	AP019371.1	ACTI_51120	ACTI_51120	BBH68427.1		ABC transporter substrate-binding protein	mapped	native_locus_tag	18	ALAALAabcpp;ALAGLUabcpp;ALAHISabcpp;ALALEUabcpp;ALATHRabcpp;ALATRPabcpp;CARNabcpp;CGLYabcpp;GLYGLNabcpp;GLYGLUabcpp;GLYGLYabcpp;GLYMETabcpp;GLYPHEabcpp;GLYSERabcpp;HISGLYabcpp;HISHISabcpp;LEULEUabcpp;PROGLYabcpp	
CCG_OR16_ACTI_51210	OR16	Actinoplanes sp. OR16	AP019371.1	ACTI_51210	ACTI_51210	BBH68436.1		sugar ABC transporter permease	mapped	native_locus_tag	1	GLYC3Pabc	
CCG_OR16_ACTI_51230	OR16	Actinoplanes sp. OR16	AP019371.1	ACTI_51230	ACTI_51230	BBH68438.1		isochorismatase	mapped	native_locus_tag	1	NNAM	
CCG_OR16_ACTI_51280	OR16	Actinoplanes sp. OR16	AP019371.1	ACTI_51280	ACTI_51280	BBH68443.1		flavin monoamine oxidase	mapped	native_locus_tag	1	ASPO1	
CCG_OR16_ACTI_51330	OR16	Actinoplanes sp. OR16	AP019371.1	ACTI_51330	ACTI_51330	BBH68448.1		alpha-N-arabinofuranosidase	mapped	native_locus_tag	1	LAAF	
CCG_OR16_ACTI_51390	OR16	Actinoplanes sp. OR16	AP019371.1	ACTI_51390	ACTI_51390	BBH68454.1	fadB	3-hydroxyacyl-CoA dehydrogenase	mapped	native_locus_tag	6	FAO1;FAO10;FAO11;FAO2;FAO3;HACD9	
CCG_OR16_ACTI_51420	OR16	Actinoplanes sp. OR16	AP019371.1	ACTI_51420	ACTI_51420	BBH68457.1	gno_2	2-deoxy-D-gluconate 3-dehydrogenase	mapped	native_locus_tag	1	5DKGR	
CCG_OR16_ACTI_51530	OR16	Actinoplanes sp. OR16	AP019371.1	ACTI_51530	ACTI_51530	BBH68468.1		ABC transporter permease	mapped	native_locus_tag	1	ARBabc	
CCG_OR16_ACTI_51540	OR16	Actinoplanes sp. OR16	AP019371.1	ACTI_51540	ACTI_51540	BBH68469.1		sugar ABC transporter permease	mapped	native_locus_tag	1	ARBabc	
CCG_OR16_ACTI_51560	OR16	Actinoplanes sp. OR16	AP019371.1	ACTI_51560	ACTI_51560	BBH68471.1		ABC transporter ATP-binding protein	mapped	native_locus_tag	4	GLCabc;GLYC3Pabc;MALTabc;RIBabc	
CCG_OR16_ACTI_51570	OR16	Actinoplanes sp. OR16	AP019371.1	ACTI_51570	ACTI_51570	BBH68472.1	gpsA_2	glycerol-3-phosphate dehydrogenase [NAD(P)+	mapped	native_locus_tag	1	G3PD1ir	
CCG_OR16_ACTI_51810	OR16	Actinoplanes sp. OR16	AP019371.1	ACTI_51810	ACTI_51810	BBH68496.1		succinyl-CoA--3-ketoacid-CoA transferase	mapped	native_locus_tag	1	OCOAT1	
CCG_OR16_ACTI_51820	OR16	Actinoplanes sp. OR16	AP019371.1	ACTI_51820	ACTI_51820	BBH68497.1	lpsJ	succinyl-CoA:3-ketoacid coenzyme A transferase subunit B	mapped	native_locus_tag	1	OCOAT1	
CCG_OR16_ACTI_51850	OR16	Actinoplanes sp. OR16	AP019371.1	ACTI_51850	ACTI_51850	BBH68500.1		putative short chain dehydrogenase/reductase	mapped	native_locus_tag	1	MTHFD2i	
CCG_OR16_ACTI_51870	OR16	Actinoplanes sp. OR16	AP019371.1	ACTI_51870	ACTI_51870	BBH68502.1	fadD_2	long-chain-fatty-acid--CoA ligase	mapped	native_locus_tag	10	FACOAL100t2pp;FACOAL120t2pp;FACOAL140t2pp;FACOAL141t2pp;FACOAL160t2pp;FACOAL161t2pp;FACOAL180t2pp;FACOAL181t2pp;FACOAL60t2pp;FACOAL80t2pp	
CCG_OR16_ACTI_51890	OR16	Actinoplanes sp. OR16	AP019371.1	ACTI_51890	ACTI_51890	BBH68504.1		acyl-CoA dehydrogenase	mapped	native_locus_tag	1	CHOLCOA	
CCG_OR16_ACTI_51900	OR16	Actinoplanes sp. OR16	AP019371.1	ACTI_51900	ACTI_51900	BBH68505.1	gabD2	succinic semialdehyde dehydrogenase	mapped	native_locus_tag	2	SSALx;SSALy	
CCG_OR16_ACTI_51940	OR16	Actinoplanes sp. OR16	AP019371.1	ACTI_51940	ACTI_51940	BBH68509.1		dehydrogenase	mapped	native_locus_tag	1	GAD2ktpp	
CCG_OR16_ACTI_51960	OR16	Actinoplanes sp. OR16	AP019371.1	ACTI_51960	ACTI_51960	BBH68511.1		cytochrome ubiquinol oxidase subunit I	mapped	native_locus_tag	1	CYTB_B2	
CCG_OR16_ACTI_51970	OR16	Actinoplanes sp. OR16	AP019371.1	ACTI_51970	ACTI_51970	BBH68512.1		pyridine nucleotide-disulfide oxidoreductase	mapped	native_locus_tag	1	NADH5	
CCG_OR16_ACTI_51980	OR16	Actinoplanes sp. OR16	AP019371.1	ACTI_51980	ACTI_51980	BBH68513.1	zwf1	glucose-6-phosphate 1-dehydrogenase 1	mapped	native_locus_tag	1	G6PDH2r	
CCG_OR16_ACTI_51990	OR16	Actinoplanes sp. OR16	AP019371.1	ACTI_51990	ACTI_51990	BBH68514.1		hypothetical protein	mapped	native_locus_tag	2	NTPP3;NTPP4	
CCG_OR16_ACTI_52010	OR16	Actinoplanes sp. OR16	AP019371.1	ACTI_52010	ACTI_52010	BBH68516.1		MFS transporter	mapped	native_locus_tag	1	NARK	
CCG_OR16_ACTI_52060	OR16	Actinoplanes sp. OR16	AP019371.1	ACTI_52060	ACTI_52060	BBH68521.1		molybdopterin oxidoreductase	mapped	native_locus_tag	2	FDH;NAR_syn	
CCG_OR16_ACTI_52540	OR16	Actinoplanes sp. OR16	AP019371.1	ACTI_52540	ACTI_52540	BBH68569.1	ssuD_3	LLM class F420-dependent oxidoreductase	mapped	native_locus_tag	2	FDMO;FDMO7	
CCG_OR16_ACTI_52690	OR16	Actinoplanes sp. OR16	AP019371.1	ACTI_52690	ACTI_52690	BBH68584.1	qor_3	NADPH:quinone reductase	mapped	native_locus_tag	1	NADPHQR2	
CCG_OR16_ACTI_52830	OR16	Actinoplanes sp. OR16	AP019371.1	ACTI_52830	ACTI_52830	BBH68598.1		transcriptional regulator	mapped	native_locus_tag	1	IMPD	
CCG_OR16_ACTI_52910	OR16	Actinoplanes sp. OR16	AP019371.1	ACTI_52910	ACTI_52910	BBH68606.1	aceE_2	pyruvate dehydrogenase E1 component	mapped	native_locus_tag	1	ACLS_d	
CCG_OR16_ACTI_53010	OR16	Actinoplanes sp. OR16	AP019371.1	ACTI_53010	ACTI_53010	BBH68616.1		ABC transporter substrate-binding protein	mapped	native_locus_tag	1	FE3DCITabcpp	
CCG_OR16_ACTI_53030	OR16	Actinoplanes sp. OR16	AP019371.1	ACTI_53030	ACTI_53030	BBH68618.1		ABC transporter permease	mapped	native_locus_tag	1	FEDCabc	
CCG_OR16_ACTI_53090	OR16	Actinoplanes sp. OR16	AP019371.1	ACTI_53090	ACTI_53090	BBH68624.1		MFS transporter	mapped	native_locus_tag	1	GALURt2rpp	
CCG_OR16_ACTI_53290	OR16	Actinoplanes sp. OR16	AP019371.1	ACTI_53290	ACTI_53290	BBH68644.1		peptidase S66	mapped	native_locus_tag	3	4PCP;AGM4PCP;AM4PCP	
CCG_OR16_ACTI_53300	OR16	Actinoplanes sp. OR16	AP019371.1	ACTI_53300	ACTI_53300	BBH68645.1	mdh	malate dehydrogenase	mapped	native_locus_tag	1	MDH	
CCG_OR16_ACTI_53410	OR16	Actinoplanes sp. OR16	AP019371.1	ACTI_53410	ACTI_53410	BBH68656.1		dihydrolipoamide acetyltransferase component of pyruvate dehydrogenase complex	mapped	native_locus_tag	4	OBDHc;OIVD1r;OIVD2;OIVD3	
CCG_OR16_ACTI_53420	OR16	Actinoplanes sp. OR16	AP019371.1	ACTI_53420	ACTI_53420	BBH68657.1		putative pyruvate dehydrogenase E1 component, beta subunit	mapped	native_locus_tag	2	3M2OPLOXRD;BKDA2	
CCG_OR16_ACTI_53430	OR16	Actinoplanes sp. OR16	AP019371.1	ACTI_53430	ACTI_53430	BBH68658.1	pdhA_2	pyruvate dehydrogenase E1 component subunit alpha	mapped	native_locus_tag	2	3M2OPLOXRD;BKDA2	
CCG_OR16_ACTI_53470	OR16	Actinoplanes sp. OR16	AP019371.1	ACTI_53470	ACTI_53470	BBH68662.1		aminotransferase	mapped	native_locus_tag	2	ARUH;ASPTA	
CCG_OR16_ACTI_53620	OR16	Actinoplanes sp. OR16	AP019371.1	ACTI_53620	ACTI_53620	BBH68677.1		NUDIX hydrolase	mapped	native_locus_tag	5	ADPRDP;DNMPPA;DNTPPA;NMNAT;NNATr	
CCG_OR16_ACTI_53630	OR16	Actinoplanes sp. OR16	AP019371.1	ACTI_53630	ACTI_53630	BBH68678.1		hypothetical protein	mapped	native_locus_tag	2	FE3DCITR5;FEENTERR4	
CCG_OR16_ACTI_53770	OR16	Actinoplanes sp. OR16	AP019371.1	ACTI_53770	ACTI_53770	BBH68692.1		aminotransferase	mapped	native_locus_tag	1	SELCYSLY3	
CCG_OR16_ACTI_53880	OR16	Actinoplanes sp. OR16	AP019371.1	ACTI_53880	ACTI_53880	BBH68703.1		luciferase-like hypothetical protein	mapped	native_locus_tag	1	PHTHS2	
CCG_OR16_ACTI_53920	OR16	Actinoplanes sp. OR16	AP019371.1	ACTI_53920	ACTI_53920	BBH68707.1		hypothetical protein	mapped	native_locus_tag	1	HISTP	
CCG_OR16_ACTI_54010	OR16	Actinoplanes sp. OR16	AP019371.1	ACTI_54010	ACTI_54010	BBH68716.1		glyoxalase	mapped	native_locus_tag	1	MME	
CCG_OR16_ACTI_54030	OR16	Actinoplanes sp. OR16	AP019371.1	ACTI_54030	ACTI_54030	BBH68718.1		hypothetical protein	mapped	native_locus_tag	4	ARGabcpp;GLNabc;LYSabcpp;ORNabcpp	
CCG_OR16_ACTI_54040	OR16	Actinoplanes sp. OR16	AP019371.1	ACTI_54040	ACTI_54040	BBH68719.1		amino acid ABC transporter permease	mapped	native_locus_tag	2	CYSabc;GTHRDt2_1	
CCG_OR16_ACTI_54150	OR16	Actinoplanes sp. OR16	AP019371.1	ACTI_54150	ACTI_54150	BBH68730.1	lacI_7	LacI family transcriptional regulator	mapped	native_locus_tag	1	RIBabcpp	
CCG_OR16_ACTI_54230	OR16	Actinoplanes sp. OR16	AP019371.1	ACTI_54230	ACTI_54230	BBH68738.1		aldo/keto reductase	mapped	native_locus_tag	1	ALCD19y	
CCG_OR16_ACTI_54330	OR16	Actinoplanes sp. OR16	AP019371.1	ACTI_54330	ACTI_54330	BBH68748.1		carbohydrate kinase	mapped	native_locus_tag	1	RMK	
CCG_OR16_ACTI_54340	OR16	Actinoplanes sp. OR16	AP019371.1	ACTI_54340	ACTI_54340	BBH68749.1		glycolate oxidase	mapped	native_locus_tag	2	L_LACD2;L_LACD3	
CCG_OR16_ACTI_54350	OR16	Actinoplanes sp. OR16	AP019371.1	ACTI_54350	ACTI_54350	BBH68750.1		iron-sulfur cluster-binding protein	mapped	native_locus_tag	2	L_LACD2;L_LACD3	
CCG_OR16_ACTI_54360	OR16	Actinoplanes sp. OR16	AP019371.1	ACTI_54360	ACTI_54360	BBH68751.1		hypothetical protein	mapped	native_locus_tag	2	L_LACD2;L_LACD3	
CCG_OR16_ACTI_54460	OR16	Actinoplanes sp. OR16	AP019371.1	ACTI_54460	ACTI_54460	BBH68761.1		macrolide ABC transporter ATP-binding protein	mapped	native_locus_tag	1	PYOVD2tex	
CCG_OR16_ACTI_54500	OR16	Actinoplanes sp. OR16	AP019371.1	ACTI_54500	ACTI_54500	BBH68765.1		N-acyl-D-amino-acid deacylase	mapped	native_locus_tag	1	DACL	
CCG_OR16_ACTI_54520	OR16	Actinoplanes sp. OR16	AP019371.1	ACTI_54520	ACTI_54520	BBH68767.1		peptidase M20	mapped	native_locus_tag	1	SDPDS	
CCG_OR16_ACTI_54550	OR16	Actinoplanes sp. OR16	AP019371.1	ACTI_54550	ACTI_54550	BBH68770.1	menC	o-succinylbenzoate synthase	mapped	native_locus_tag	1	SUCBZS	
CCG_OR16_ACTI_54610	OR16	Actinoplanes sp. OR16	AP019371.1	ACTI_54610	ACTI_54610	BBH68776.1		aminotransferase	mapped	native_locus_tag	1	G1SAT	
CCG_OR16_ACTI_54650	OR16	Actinoplanes sp. OR16	AP019371.1	ACTI_54650	ACTI_54650	BBH68780.1		amino acid permease	mapped	native_locus_tag	4	ARGt2r;ARGt5r;LYSt5r;ORNt	
CCG_OR16_ACTI_54730	OR16	Actinoplanes sp. OR16	AP019371.1	ACTI_54730	ACTI_54730	BBH68788.1	ssuB_1	ABC transporter	mapped	native_locus_tag	5	BUTSO3abcpp;ETHSO3abcpp;ISETACabcpp;NO3abc;SULFACabcpp	
CCG_OR16_ACTI_54850	OR16	Actinoplanes sp. OR16	AP019371.1	ACTI_54850	ACTI_54850	BBH68800.1	soxG	sarcosine oxidase subunit gamma	mapped	native_locus_tag	2	SARCOX;SARCOX2	
CCG_OR16_ACTI_54860	OR16	Actinoplanes sp. OR16	AP019371.1	ACTI_54860	ACTI_54860	BBH68801.1		sarcosine oxidase subunit alpha	mapped	native_locus_tag	2	SARCOX;SARCOX2	
CCG_OR16_ACTI_54870	OR16	Actinoplanes sp. OR16	AP019371.1	ACTI_54870	ACTI_54870	BBH68802.1	soxD	sarcosine oxidase subunit delta	mapped	native_locus_tag	2	SARCOX;SARCOX2	
CCG_OR16_ACTI_54880	OR16	Actinoplanes sp. OR16	AP019371.1	ACTI_54880	ACTI_54880	BBH68803.1	soxB	sarcosine oxidase subunit beta	mapped	native_locus_tag	2	SARCOX;SARCOX2	
CCG_OR16_ACTI_54890	OR16	Actinoplanes sp. OR16	AP019371.1	ACTI_54890	ACTI_54890	BBH68804.1		glycine/betaine-binding protein	mapped	native_locus_tag	1	GLYBabcpp	
CCG_OR16_ACTI_54900	OR16	Actinoplanes sp. OR16	AP019371.1	ACTI_54900	ACTI_54900	BBH68805.1		glycine/betaine ABC transporter permease	mapped	native_locus_tag	3	GLYBabc;GLYBabcpp;PROabc	
CCG_OR16_ACTI_54910	OR16	Actinoplanes sp. OR16	AP019371.1	ACTI_54910	ACTI_54910	BBH68806.1		glycine/betaine ABC transporter ATP-binding protein	mapped	native_locus_tag	3	GLYBabc;GLYBabcpp;PROabc	
CCG_OR16_ACTI_54920	OR16	Actinoplanes sp. OR16	AP019371.1	ACTI_54920	ACTI_54920	BBH68807.1	betB	betaine-aldehyde dehydrogenase	mapped	native_locus_tag	1	BETALDHx	
CCG_OR16_ACTI_54930	OR16	Actinoplanes sp. OR16	AP019371.1	ACTI_54930	ACTI_54930	BBH68808.1	betA	choline dehydrogenase	mapped	native_locus_tag	1	CHOLD	
CCG_OR16_ACTI_54940	OR16	Actinoplanes sp. OR16	AP019371.1	ACTI_54940	ACTI_54940	BBH68809.1	hcaC	bifunctional 3-phenylpropionate/cinnamic acid dioxygenase ferredoxin subunit	mapped	native_locus_tag	1	CINNDO	
CCG_OR16_ACTI_54980	OR16	Actinoplanes sp. OR16	AP019371.1	ACTI_54980	ACTI_54980	BBH68813.1		(2Fe-2S) ferredoxin	mapped	native_locus_tag	1	DMGDH2	
CCG_OR16_ACTI_54990	OR16	Actinoplanes sp. OR16	AP019371.1	ACTI_54990	ACTI_54990	BBH68814.1		hypothetical protein	mapped	native_locus_tag	6	ACONCt4pp;ACONCtupp;CITt4pp_1;CITtupp;ICITt4pp;ICITtupp	
CCG_OR16_ACTI_55010	OR16	Actinoplanes sp. OR16	AP019371.1	ACTI_55010	ACTI_55010	BBH68816.1		hypothetical protein	mapped	native_locus_tag	6	ACONCt4pp;ACONCtupp;CITt4pp_1;CITtupp;ICITt4pp;ICITtupp	
CCG_OR16_ACTI_55130	OR16	Actinoplanes sp. OR16	AP019371.1	ACTI_55130	ACTI_55130	BBH68828.1	pobA	4-hydroxybenzoate 3-monooxygenase	mapped	native_locus_tag	1	4HBHYOX	
CCG_OR16_ACTI_55150	OR16	Actinoplanes sp. OR16	AP019371.1	ACTI_55150	ACTI_55150	BBH68830.1	pcaH	protocatechuate 3,4-dioxygenase subunit beta	mapped	native_locus_tag	1	PCADYOX	
CCG_OR16_ACTI_55160	OR16	Actinoplanes sp. OR16	AP019371.1	ACTI_55160	ACTI_55160	BBH68831.1	pcaG	protocatechuate 3,4-dioxygenase subunit alpha	mapped	native_locus_tag	1	PCADYOX	
CCG_OR16_ACTI_55170	OR16	Actinoplanes sp. OR16	AP019371.1	ACTI_55170	ACTI_55170	BBH68832.1	pcaB	3-carboxy-cis,cis-muconate cycloisomerase	mapped	native_locus_tag	1	MUCCY_kt	
CCG_OR16_ACTI_55180	OR16	Actinoplanes sp. OR16	AP019371.1	ACTI_55180	ACTI_55180	BBH68833.1		3-oxoadipate enol-lactonase	mapped	native_locus_tag	2	4CMLCL_kt;OXOAEL	
CCG_OR16_ACTI_55270	OR16	Actinoplanes sp. OR16	AP019371.1	ACTI_55270	ACTI_55270	BBH68842.1		hydroxylase	mapped	native_locus_tag	1	FUMAC	
CCG_OR16_ACTI_55400	OR16	Actinoplanes sp. OR16	AP019371.1	ACTI_55400	ACTI_55400	BBH68855.1	tauD	taurine dioxygenase	mapped	native_locus_tag	1	TAUDO	
CCG_OR16_ACTI_55440	OR16	Actinoplanes sp. OR16	AP019371.1	ACTI_55440	ACTI_55440	BBH68859.1		signal transduction protein	mapped	native_locus_tag	1	IMPD	
CCG_OR16_ACTI_55450	OR16	Actinoplanes sp. OR16	AP019371.1	ACTI_55450	ACTI_55450	BBH68860.1		thiol reductase thioredoxin	mapped	native_locus_tag	10	APSR;METSOXR1;METSOXR2;PAPSR;RNDR1;RNDR2;RNDR3;RNDR4;THIORDXi;TRDR	
CCG_OR16_ACTI_55590	OR16	Actinoplanes sp. OR16	AP019371.1	ACTI_55590	ACTI_55590	BBH68874.1		glutamine synthetase	mapped	native_locus_tag	1	GLNS	
CCG_OR16_ACTI_55700	OR16	Actinoplanes sp. OR16	AP019371.1	ACTI_55700	ACTI_55700	BBH68885.1		acyl-CoA dehydrogenase	mapped	native_locus_tag	21	ACOAD1;ACOAD1f;ACOAD1fr;ACOAD2;ACOAD20;ACOAD2f;ACOAD3;ACOAD3f;ACOAD4_1;ACOAD4f;ACOAD5_1;ACOAD5f;ACOAD6;ACOAD6f;ACOAD7;ACOAD7f;ACOAD8f;ACOADH2;MB2CFO;T2ECR;VCOAD	
CCG_OR16_ACTI_55710	OR16	Actinoplanes sp. OR16	AP019371.1	ACTI_55710	ACTI_55710	BBH68886.1		3-oxoacyl-ACP reductase	mapped	native_locus_tag	15	ACTD_1;DHBD;HACD9;KAS1;KAS11;KAS12;KAS13;KAS17;KAS2;KAS3;KAS4;KAS6;KAS7;KAS8;SAOR	
CCG_OR16_ACTI_55780	OR16	Actinoplanes sp. OR16	AP019371.1	ACTI_55780	ACTI_55780	BBH68893.1		beta-glucosidase	mapped	native_locus_tag	1	LACZpp	
CCG_OR16_ACTI_55800	OR16	Actinoplanes sp. OR16	AP019371.1	ACTI_55800	ACTI_55800	BBH68895.1		sugar ABC transporter substrate-binding protein	mapped	native_locus_tag	1	MALTabc	
CCG_OR16_ACTI_55810	OR16	Actinoplanes sp. OR16	AP019371.1	ACTI_55810	ACTI_55810	BBH68896.1		ABC transporter permease	mapped	native_locus_tag	5	GLCabc;GLCabcpp;LCTSabc;MALTabc;RIBabc	
CCG_OR16_ACTI_55870	OR16	Actinoplanes sp. OR16	AP019371.1	ACTI_55870	ACTI_55870	BBH68902.1		putative enoyl-coa hydratase/isomerase family protein	mapped	native_locus_tag	1	3HBCOAHL	
CCG_OR16_ACTI_55890	OR16	Actinoplanes sp. OR16	AP019371.1	ACTI_55890	ACTI_55890	BBH68904.1	nhaA_2	Na(+)/H(+) antiporter NhaA	mapped	native_locus_tag	1	NAt3_2pp	
CCG_OR16_ACTI_55900	OR16	Actinoplanes sp. OR16	AP019371.1	ACTI_55900	ACTI_55900	BBH68905.1		putative phosphoketolase	mapped	native_locus_tag	2	PKETF;PKETX	
CCG_OR16_ACTI_55930	OR16	Actinoplanes sp. OR16	AP019371.1	ACTI_55930	ACTI_55930	BBH68908.1		putative ABC transporter ATP-binding protein	mapped	native_locus_tag	1	NI2uabcpp	
CCG_OR16_ACTI_55940	OR16	Actinoplanes sp. OR16	AP019371.1	ACTI_55940	ACTI_55940	BBH68909.1	cbiQ	cobalt ECF transporter T component CbiQ	mapped	native_locus_tag	1	NI2uabcpp	
CCG_OR16_ACTI_55960	OR16	Actinoplanes sp. OR16	AP019371.1	ACTI_55960	ACTI_55960	BBH68911.1	cbiM	cobalamin biosynthesis protein CbiM	mapped	native_locus_tag	1	NI2uabcpp	
CCG_OR16_ACTI_55980	OR16	Actinoplanes sp. OR16	AP019371.1	ACTI_55980	ACTI_55980	BBH68913.1		histidine kinase	mapped	native_locus_tag	1	CDGUNPD	
CCG_OR16_ACTI_56040	OR16	Actinoplanes sp. OR16	AP019371.1	ACTI_56040	ACTI_56040	BBH68919.1		hypothetical protein	mapped	native_locus_tag	1	CDGUNPD	
CCG_OR16_ACTI_56070	OR16	Actinoplanes sp. OR16	AP019371.1	ACTI_56070	ACTI_56070	BBH68922.1		ABC transporter permease	mapped	native_locus_tag	2	AI2abcpp;DGUNC	
CCG_OR16_ACTI_56090	OR16	Actinoplanes sp. OR16	AP019371.1	ACTI_56090	ACTI_56090	BBH68924.1	rbsA1	ribose import ATP-binding protein RbsA 1	mapped	native_locus_tag	5	ARBabcpp;DRIBabc;RIBabc;RIBabc1;RIBabcpp	
CCG_OR16_ACTI_56100	OR16	Actinoplanes sp. OR16	AP019371.1	ACTI_56100	ACTI_56100	BBH68925.1		sugar ABC transporter substrate-binding protein	mapped	native_locus_tag	1	AI2abcpp	
CCG_OR16_ACTI_56130	OR16	Actinoplanes sp. OR16	AP019371.1	ACTI_56130	ACTI_56130	BBH68928.1		phosphatase	mapped	native_locus_tag	2	MI1PP;MI3PP	
CCG_OR16_ACTI_56170	OR16	Actinoplanes sp. OR16	AP019371.1	ACTI_56170	ACTI_56170	BBH68932.1	mmsA_1	methylmalonate-semialdehyde dehydrogenase	mapped	native_locus_tag	4	MMSAD1;MMSAD3;MMTSAO;PPNDH2	
CCG_OR16_ACTI_56200	OR16	Actinoplanes sp. OR16	AP019371.1	ACTI_56200	ACTI_56200	BBH68935.1		ABC transporter ATP-binding protein	mapped	native_locus_tag	4	PTRCabc;PTRCabcpp;SPMDabc;SPMDabcpp	
CCG_OR16_ACTI_56210	OR16	Actinoplanes sp. OR16	AP019371.1	ACTI_56210	ACTI_56210	BBH68936.1		polyamine-binding lipoprotein	mapped	native_locus_tag	1	PTRCabc	
CCG_OR16_ACTI_56220	OR16	Actinoplanes sp. OR16	AP019371.1	ACTI_56220	ACTI_56220	BBH68937.1		ABC transporter permease	mapped	native_locus_tag	4	PTRCabc;PTRCabcpp;SPMDabc;SPMDabcpp	
CCG_OR16_ACTI_56230	OR16	Actinoplanes sp. OR16	AP019371.1	ACTI_56230	ACTI_56230	BBH68938.1		ABC transporter permease	mapped	native_locus_tag	4	PTRCabc;PTRCabcpp;SPMDabc;SPMDabcpp	
CCG_OR16_ACTI_56240	OR16	Actinoplanes sp. OR16	AP019371.1	ACTI_56240	ACTI_56240	BBH68939.1		aspartate aminotransferase family protein	mapped	native_locus_tag	3	DABAAT2;PTRCTA;PTRCTA2	
CCG_OR16_ACTI_56280	OR16	Actinoplanes sp. OR16	AP019371.1	ACTI_56280	ACTI_56280	BBH68943.1		FAD-dependent oxidoreductase	mapped	native_locus_tag	2	GG15DAPO;GGSPMDO	
CCG_OR16_ACTI_56310	OR16	Actinoplanes sp. OR16	AP019371.1	ACTI_56310	ACTI_56310	BBH68946.1		gamma-aminobutyraldehyde dehydrogenase	mapped	native_locus_tag	1	ABUTD	
CCG_OR16_ACTI_56330	OR16	Actinoplanes sp. OR16	AP019371.1	ACTI_56330	ACTI_56330	BBH68948.1		glycosyl hydrolase	mapped	native_locus_tag	7	BGLA;GLS;GLS2;LMN2;XYLOS1;XYLOS2;XYLOS3	
CCG_OR16_ACTI_56340	OR16	Actinoplanes sp. OR16	AP019371.1	ACTI_56340	ACTI_56340	BBH68949.1		sugar ABC transporter substrate-binding protein	mapped	native_locus_tag	5	G3PCabcpp;G3PEabcpp;G3PGabcpp;G3PIabcpp;G3PSabcpp	
CCG_OR16_ACTI_56390	OR16	Actinoplanes sp. OR16	AP019371.1	ACTI_56390	ACTI_56390	BBH68954.1		hypothetical protein	mapped	native_locus_tag	2	PPA;PPA2	
CCG_OR16_ACTI_56440	OR16	Actinoplanes sp. OR16	AP019371.1	ACTI_56440	ACTI_56440	BBH68959.1		catalase	mapped	native_locus_tag	1	CAT	
CCG_OR16_ACTI_56540	OR16	Actinoplanes sp. OR16	AP019371.1	ACTI_56540	ACTI_56540	BBH68969.1	mcr	CoA transferase	mapped	native_locus_tag	1	MME	
CCG_OR16_ACTI_56580	OR16	Actinoplanes sp. OR16	AP019371.1	ACTI_56580	ACTI_56580	BBH68973.1		peptide ABC transporter	mapped	native_locus_tag	2	GTHRDabcpp;NI2uabcpp	
CCG_OR16_ACTI_56610	OR16	Actinoplanes sp. OR16	AP019371.1	ACTI_56610	ACTI_56610	BBH68976.1		ABC transporter ATP-binding protein	mapped	native_locus_tag	3	3PEPTabcpp;4PEPTabcpp;GTHRDt2_1	
CCG_OR16_ACTI_56690	OR16	Actinoplanes sp. OR16	AP019371.1	ACTI_56690	ACTI_56690	BBH68984.1		putative amino acid ABC transporter, substrate-binding protein	mapped	native_locus_tag	1	CYSabcpp	
CCG_OR16_ACTI_56700	OR16	Actinoplanes sp. OR16	AP019371.1	ACTI_56700	ACTI_56700	BBH68985.1		glutamate ABC transporter ATP-binding protein	mapped	native_locus_tag	6	ARGabcpp;CYSabcpp;HISabc;LYSabcpp;METabc;ORNabcpp	
CCG_OR16_ACTI_56710	OR16	Actinoplanes sp. OR16	AP019371.1	ACTI_56710	ACTI_56710	BBH68986.1		putative amino acid ABC transporter, permease protein	mapped	native_locus_tag	1	GLUabcpp	
CCG_OR16_ACTI_56720	OR16	Actinoplanes sp. OR16	AP019371.1	ACTI_56720	ACTI_56720	BBH68987.1		putative ABC transporter, permease protein	mapped	native_locus_tag	8	BUTSO3abcpp;DMSO2abcpp;ETHSO3abcpp;ISETACabcpp;SELabcpp;SULFACabcpp;TAURabc;pentso3abcpp	
CCG_OR16_ACTI_56730	OR16	Actinoplanes sp. OR16	AP019371.1	ACTI_56730	ACTI_56730	BBH68988.1		glycine/betaine ABC transporter substrate-binding protein	mapped	native_locus_tag	8	BUTSO3abcpp;DMSO2abcpp;ETHSO3abcpp;ISETACabcpp;SELabcpp;SULFACabcpp;TAURabc;pentso3abcpp	
CCG_OR16_ACTI_56740	OR16	Actinoplanes sp. OR16	AP019371.1	ACTI_56740	ACTI_56740	BBH68989.1		putative ABC transporter, ATP-binding protein	mapped	native_locus_tag	2	BUTSO3abcpp;ISETACabcpp	
CCG_OR16_ACTI_56830	OR16	Actinoplanes sp. OR16	AP019371.1	ACTI_56830	ACTI_56830	BBH68998.1		alkanesulfonate monooxygenase	mapped	native_locus_tag	14	FDMO;FDMO1;FDMO2;FDMO2_1;FDMO3;FDMO3_1;FDMO4;FDMO4_1;FDMO5;FDMO5_1;FDMO6;FDMO6_1;FDMO_1;FDMOtau	
CCG_OR16_ACTI_56920	OR16	Actinoplanes sp. OR16	AP019371.1	ACTI_56920	ACTI_56920	BBH69007.1		citrate synthase	mapped	native_locus_tag	1	CS	
CCG_OR16_ACTI_56950	OR16	Actinoplanes sp. OR16	AP019371.1	ACTI_56950	ACTI_56950	BBH69010.1		alpha/beta hydrolase	mapped	native_locus_tag	1	ACTD2	
CCG_OR16_ACTI_56960	OR16	Actinoplanes sp. OR16	AP019371.1	ACTI_56960	ACTI_56960	BBH69011.1	ephD	short-chain dehydrogenase	mapped	native_locus_tag	1	ALR2	
CCG_OR16_ACTI_57020	OR16	Actinoplanes sp. OR16	AP019371.1	ACTI_57020	ACTI_57020	BBH69017.1		uroporphyrinogen-III synthase	mapped	native_locus_tag	2	UPP3MT;UPP3S	
CCG_OR16_ACTI_57030	OR16	Actinoplanes sp. OR16	AP019371.1	ACTI_57030	ACTI_57030	BBH69018.1		cobalamin biosynthesis protein CbiX	mapped	native_locus_tag	1	SHCHF	
CCG_OR16_ACTI_57040	OR16	Actinoplanes sp. OR16	AP019371.1	ACTI_57040	ACTI_57040	BBH69019.1	nasA	molybdopterin oxidoreductase	mapped	native_locus_tag	1	NTR3B	
CCG_OR16_ACTI_57050	OR16	Actinoplanes sp. OR16	AP019371.1	ACTI_57050	ACTI_57050	BBH69020.1	nasD	nitrite reductase [NAD(P)H	mapped	native_locus_tag	5	NTR3B;NTRIR2x;NTRIR2y;NTRIRx;NTRIRy	
CCG_OR16_ACTI_57060	OR16	Actinoplanes sp. OR16	AP019371.1	ACTI_57060	ACTI_57060	BBH69021.1		hypothetical protein	mapped	native_locus_tag	1	NTRIR2x	
CCG_OR16_ACTI_57070	OR16	Actinoplanes sp. OR16	AP019371.1	ACTI_57070	ACTI_57070	BBH69022.1		MFS transporter	mapped	native_locus_tag	1	NARK	
CCG_OR16_ACTI_57160	OR16	Actinoplanes sp. OR16	AP019371.1	ACTI_57160	ACTI_57160	BBH69031.1		hypothetical protein	mapped	native_locus_tag	1	DGUNC	
CCG_OR16_ACTI_57230	OR16	Actinoplanes sp. OR16	AP019371.1	ACTI_57230	ACTI_57230	BBH69038.1		putative short-chain dehydrogenase/reductase	mapped	native_locus_tag	1	ALDD2y	
CCG_OR16_ACTI_57300	OR16	Actinoplanes sp. OR16	AP019371.1	ACTI_57300	ACTI_57300	BBH69045.1		oxidoreductase	mapped	native_locus_tag	2	ATHRDHr;LSERDHr	
CCG_OR16_ACTI_57410	OR16	Actinoplanes sp. OR16	AP019371.1	ACTI_57410	ACTI_57410	BBH69056.1	tatA	tyrosine aminotransferase	mapped	native_locus_tag	4	ASPTA;CYSTA;PHETA1;TYRTA	
CCG_OR16_ACTI_57460	OR16	Actinoplanes sp. OR16	AP019371.1	ACTI_57460	ACTI_57460	BBH69061.1		hypothetical protein	mapped	native_locus_tag	2	DGUNC;GUACYC	
CCG_OR16_ACTI_57470	OR16	Actinoplanes sp. OR16	AP019371.1	ACTI_57470	ACTI_57470	BBH69062.1		xanthine dehydrogenase	mapped	native_locus_tag	2	HXAND;XAND	
CCG_OR16_ACTI_57490	OR16	Actinoplanes sp. OR16	AP019371.1	ACTI_57490	ACTI_57490	BBH69064.1		hypothetical protein	mapped	native_locus_tag	2	HXAND;XAND	
CCG_OR16_ACTI_57580	OR16	Actinoplanes sp. OR16	AP019371.1	ACTI_57580	ACTI_57580	BBH69073.1		peptide ABC transporter permease	mapped	native_locus_tag	1	NI2uabcpp	
CCG_OR16_ACTI_57690	OR16	Actinoplanes sp. OR16	AP019371.1	ACTI_57690	ACTI_57690	BBH69084.1		tRNA-specific adenosine deaminase	mapped	native_locus_tag	1	GUAD	
CCG_OR16_ACTI_57770	OR16	Actinoplanes sp. OR16	AP019371.1	ACTI_57770	ACTI_57770	BBH69092.1		putative putrescine oxidase	mapped	native_locus_tag	4	AACTOOR;APRTO2;PEAMNO;TRYPTAOX	
CCG_OR16_ACTI_57780	OR16	Actinoplanes sp. OR16	AP019371.1	ACTI_57780	ACTI_57780	BBH69093.1	rhaA	L-rhamnose isomerase	mapped	native_locus_tag	1	RMI	
CCG_OR16_ACTI_57790	OR16	Actinoplanes sp. OR16	AP019371.1	ACTI_57790	ACTI_57790	BBH69094.1		ferredoxin	mapped	native_locus_tag	1	CINNDO	
CCG_OR16_ACTI_57930	OR16	Actinoplanes sp. OR16	AP019371.1	ACTI_57930	ACTI_57930	BBH69108.1	tdk_1	thymidine kinase	mapped	native_locus_tag	5	DURIK1;DURIK1_1;NTD1_1;TMDK1;TMDK1_1	
CCG_OR16_ACTI_57960	OR16	Actinoplanes sp. OR16	AP019371.1	ACTI_57960	ACTI_57960	BBH69111.1		5-dehydro-2-deoxygluconokinase	mapped	native_locus_tag	2	D5KGK;INSCR	
CCG_OR16_ACTI_58060	OR16	Actinoplanes sp. OR16	AP019371.1	ACTI_58060	ACTI_58060	BBH69121.1		hydrolase	mapped	native_locus_tag	1	ICHORT	
CCG_OR16_ACTI_58090	OR16	Actinoplanes sp. OR16	AP019371.1	ACTI_58090	ACTI_58090	BBH69124.1		hypothetical protein	mapped	native_locus_tag	5	MDDCP1pp;MDDCP2pp;MDDCP3pp;MDDCP4pp;MDDCP5pp	
CCG_OR16_ACTI_58120	OR16	Actinoplanes sp. OR16	AP019371.1	ACTI_58120	ACTI_58120	BBH69127.1		aspartate aminotransferase family protein	mapped	native_locus_tag	4	ABTA;ACOTA;APTNAT;SDPTA	
CCG_OR16_ACTI_58320	OR16	Actinoplanes sp. OR16	AP019371.1	ACTI_58320	ACTI_58320	BBH69147.1		3-hydroxyisobutyryl-CoA hydrolase	mapped	native_locus_tag	1	3HBCOAHL	
CCG_OR16_ACTI_58360	OR16	Actinoplanes sp. OR16	AP019371.1	ACTI_58360	ACTI_58360	BBH69151.1		molybdopterin oxidoreductase	mapped	native_locus_tag	1	FDH	
CCG_OR16_ACTI_58390	OR16	Actinoplanes sp. OR16	AP019371.1	ACTI_58390	ACTI_58390	BBH69154.1	pntA	NAD(P) transhydrogenase subunit alpha	mapped	native_locus_tag	2	NADTRHD;THD2pp	
CCG_OR16_ACTI_58400	OR16	Actinoplanes sp. OR16	AP019371.1	ACTI_58400	ACTI_58400	BBH69155.1	pntB	NAD(P) transhydrogenase subunit beta	mapped	native_locus_tag	2	NADTRHD;THD2pp	
CCG_OR16_ACTI_58450	OR16	Actinoplanes sp. OR16	AP019371.1	ACTI_58450	ACTI_58450	BBH69160.1	ssuB_2	aliphatic sulfonates import ATP-binding protein SsuB	mapped	native_locus_tag	7	BUTSO3abcpp;DMSO2abcpp;ETHSO3abcpp;ISETACabcpp;SELabcpp;SULFACabcpp;pentso3abcpp	
CCG_OR16_ACTI_58460	OR16	Actinoplanes sp. OR16	AP019371.1	ACTI_58460	ACTI_58460	BBH69161.1	ssuC_4	ABC transporter permease	mapped	native_locus_tag	11	BUTSO3abcpp;BUTSabc;ETHSO3abcpp;ETHSabc;HEXSabc;ISETACabcpp;ISTNTabc;MSO3abc;SULAabc;SULFACabcpp;TAURabc	
CCG_OR16_ACTI_58470	OR16	Actinoplanes sp. OR16	AP019371.1	ACTI_58470	ACTI_58470	BBH69162.1		sulfonate ABC transporter periplasmic sulfonate-binding protein SsuA	mapped	native_locus_tag	7	BUTSabc;ETHSabc;HEXSabc;ISTNTabc;MSO3abc;SULAabc;TAURabc	
CCG_OR16_ACTI_58500	OR16	Actinoplanes sp. OR16	AP019371.1	ACTI_58500	ACTI_58500	BBH69165.1		phosphoenolpyruvate synthase	mapped	native_locus_tag	1	PPS	
CCG_OR16_ACTI_58560	OR16	Actinoplanes sp. OR16	AP019371.1	ACTI_58560	ACTI_58560	BBH69171.1		acetylornithine deacetylase	mapped	native_locus_tag	1	SDPDS	
CCG_OR16_ACTI_58800	OR16	Actinoplanes sp. OR16	AP019371.1	ACTI_58800	ACTI_58800	BBH69195.1	msrA	peptide methionine sulfoxide reductase MsrA	mapped	native_locus_tag	1	METSOXR1	
CCG_OR16_ACTI_58830	OR16	Actinoplanes sp. OR16	AP019371.1	ACTI_58830	ACTI_58830	BBH69198.1		DNA mismatch repair protein MutT	mapped	native_locus_tag	3	DUTPDP;NTPP3;NTPP7	
CCG_OR16_ACTI_58910	OR16	Actinoplanes sp. OR16	AP019371.1	ACTI_58910	ACTI_58910	BBH69206.1		alcohol dehydrogenase	mapped	native_locus_tag	1	ALCD2y	
CCG_OR16_ACTI_59000	OR16	Actinoplanes sp. OR16	AP019371.1	ACTI_59000	ACTI_59000	BBH69215.1		hydrolase	mapped	native_locus_tag	3	NTD1;NTD2;NTD5	
CCG_OR16_ACTI_59110	OR16	Actinoplanes sp. OR16	AP019371.1	ACTI_59110	ACTI_59110	BBH69226.1		inositol monophosphatase	mapped	native_locus_tag	3	FBP;HISTP;MI1PP	
CCG_OR16_ACTI_59210	OR16	Actinoplanes sp. OR16	AP019371.1	ACTI_59210	ACTI_59210	BBH69236.1		transcription regulator	mapped	native_locus_tag	2	NMNAT;RNMK	
CCG_OR16_ACTI_59240	OR16	Actinoplanes sp. OR16	AP019371.1	ACTI_59240	ACTI_59240	BBH69239.1	speB_2	agmatinase	mapped	native_locus_tag	1	GUDBUTNAH	
CCG_OR16_ACTI_59480	OR16	Actinoplanes sp. OR16	AP019371.1	ACTI_59480	ACTI_59480	BBH69263.1		hypothetical protein	mapped	native_locus_tag	1	GADOX	
CCG_OR16_ACTI_59490	OR16	Actinoplanes sp. OR16	AP019371.1	ACTI_59490	ACTI_59490	BBH69264.1	gltA_1	citryl-CoA lyase	mapped	native_locus_tag	1	MCITS	
CCG_OR16_ACTI_59500	OR16	Actinoplanes sp. OR16	AP019371.1	ACTI_59500	ACTI_59500	BBH69265.1		CoA transferase	mapped	native_locus_tag	1	ACOXT	
CCG_OR16_ACTI_59560	OR16	Actinoplanes sp. OR16	AP019371.1	ACTI_59560	ACTI_59560	BBH69271.1		NADP-dependent oxidoreductase	mapped	native_locus_tag	2	NADPHQR2;PREPTHS2	
CCG_OR16_ACTI_59580	OR16	Actinoplanes sp. OR16	AP019371.1	ACTI_59580	ACTI_59580	BBH69273.1		ABC transporter ATP-binding protein	mapped	native_locus_tag	5	GLCabc;MALTHPabc;MALTabc;RIBabc;TREabc	
CCG_OR16_ACTI_59590	OR16	Actinoplanes sp. OR16	AP019371.1	ACTI_59590	ACTI_59590	BBH69274.1		sugar ABC transporter permease	mapped	native_locus_tag	5	GLCabc;MALTHPabc;MALTabc;RIBabc;TREabc	
CCG_OR16_ACTI_59600	OR16	Actinoplanes sp. OR16	AP019371.1	ACTI_59600	ACTI_59600	BBH69275.1		sugar ABC transporter permease	mapped	native_locus_tag	5	GLCabc;MALTHPabc;MALTabc;RIBabc;TREabc	
CCG_OR16_ACTI_59610	OR16	Actinoplanes sp. OR16	AP019371.1	ACTI_59610	ACTI_59610	BBH69276.1		ABC transporter substrate-binding protein	mapped	native_locus_tag	3	GLCabc;MALTabc;RIBabc	
CCG_OR16_ACTI_59630	OR16	Actinoplanes sp. OR16	AP019371.1	ACTI_59630	ACTI_59630	BBH69278.1		secreted protein	mapped	native_locus_tag	1	R_LCP	
CCG_OR16_ACTI_59640	OR16	Actinoplanes sp. OR16	AP019371.1	ACTI_59640	ACTI_59640	BBH69279.1		secreted protein	mapped	native_locus_tag	1	R_LCP	
CCG_OR16_ACTI_59650	OR16	Actinoplanes sp. OR16	AP019371.1	ACTI_59650	ACTI_59650	BBH69280.1		isoquinoline 1-oxidoreductase subunit beta	mapped	native_locus_tag	1	NACHY	
CCG_OR16_ACTI_59700	OR16	Actinoplanes sp. OR16	AP019371.1	ACTI_59700	ACTI_59700	BBH69285.1		aminotransferase	mapped	native_locus_tag	1	CYSTL	
CCG_OR16_ACTI_59770	OR16	Actinoplanes sp. OR16	AP019371.1	ACTI_59770	ACTI_59770	BBH69292.1	katG	catalase-peroxidase	mapped	native_locus_tag	1	CAT	
CCG_OR16_ACTI_59790	OR16	Actinoplanes sp. OR16	AP019371.1	ACTI_59790	ACTI_59790	BBH69294.1		ABC transporter substrate-binding protein	mapped	native_locus_tag	5	CUabcpp;MNabc;MNabc_1;ZNabc;ZNabcpp	
CCG_OR16_ACTI_59800	OR16	Actinoplanes sp. OR16	AP019371.1	ACTI_59800	ACTI_59800	BBH69295.1		manganese ABC transporter ATP-binding protein	mapped	native_locus_tag	1	MNabc	
CCG_OR16_ACTI_59810	OR16	Actinoplanes sp. OR16	AP019371.1	ACTI_59810	ACTI_59810	BBH69296.1		ABC transporter permease	mapped	native_locus_tag	1	MNabc	
CCG_OR16_ACTI_59820	OR16	Actinoplanes sp. OR16	AP019371.1	ACTI_59820	ACTI_59820	BBH69297.1		membrane protein	mapped	native_locus_tag	1	ZNabcpp	
CCG_OR16_ACTI_59940	OR16	Actinoplanes sp. OR16	AP019371.1	ACTI_59940	ACTI_59940	BBH69309.1		dehydrogenase	mapped	native_locus_tag	4	ALCD19y;ALCD2ir;ALCD2y;ALDD1	
CCG_OR16_ACTI_60000	OR16	Actinoplanes sp. OR16	AP019371.1	ACTI_60000	ACTI_60000	BBH69315.1		ABC transporter ATP-binding protein	mapped	native_locus_tag	1	NAabc	
CCG_OR16_ACTI_60050	OR16	Actinoplanes sp. OR16	AP019371.1	ACTI_60050	ACTI_60050	BBH69320.1		short-chain dehydrogenase/reductas	mapped	native_locus_tag	2	ACTD;ACTDa	
CCG_OR16_ACTI_60160	OR16	Actinoplanes sp. OR16	AP019371.1	ACTI_60160	ACTI_60160	BBH69331.1		3-hydroxybutyrate dehydrogenase	mapped	native_locus_tag	1	DHFR	
CCG_OR16_ACTI_60220	OR16	Actinoplanes sp. OR16	AP019371.1	ACTI_60220	ACTI_60220	BBH69337.1		hypothetical protein	mapped	native_locus_tag	5	AHSERL2;CYSS;HSERTA;SHSL1;SHSL2r	
CCG_OR16_ACTI_60230	OR16	Actinoplanes sp. OR16	AP019371.1	ACTI_60230	ACTI_60230	BBH69338.1	metX	homoserine O-acetyltransferase	mapped	native_locus_tag	1	HSERTA	
CCG_OR16_ACTI_60250	OR16	Actinoplanes sp. OR16	AP019371.1	ACTI_60250	ACTI_60250	BBH69340.1		hypothetical protein	mapped	native_locus_tag	1	Kt2r	
CCG_OR16_ACTI_60440	OR16	Actinoplanes sp. OR16	AP019371.1	ACTI_60440	ACTI_60440	BBH69359.1		macro domain-containing protein	mapped	native_locus_tag	1	GCVHRADPr	
CCG_OR16_ACTI_60480	OR16	Actinoplanes sp. OR16	AP019371.1	ACTI_60480	ACTI_60480	BBH69363.1	pdxY	pyridoxal kinase PdxY	mapped	native_locus_tag	4	HMPK1;PYDAMK;PYDXK;PYDXNK	
CCG_OR16_ACTI_60760	OR16	Actinoplanes sp. OR16	AP019371.1	ACTI_60760	ACTI_60760	BBH69391.1		hypothetical protein	mapped	native_locus_tag	1	5DOAN	
CCG_OR16_ACTI_60990	OR16	Actinoplanes sp. OR16	AP019371.1	ACTI_60990	ACTI_60990	BBH69414.1	araJ	MFS transporter	mapped	native_locus_tag	1	FALDtpp2	
CCG_OR16_ACTI_61000	OR16	Actinoplanes sp. OR16	AP019371.1	ACTI_61000	ACTI_61000	BBH69415.1		oxidoreductase	mapped	native_locus_tag	1	ALR2	
CCG_OR16_ACTI_61150	OR16	Actinoplanes sp. OR16	AP019371.1	ACTI_61150	ACTI_61150	BBH69430.1	xylB_2	ATPase	mapped	native_locus_tag	1	RBK_L1	
CCG_OR16_ACTI_61350	OR16	Actinoplanes sp. OR16	AP019371.1	ACTI_61350	ACTI_61350	BBH69450.1		NADPH:quinone reductase	mapped	native_locus_tag	4	FASm220;FASm240;FASm260;FASm280	
CCG_OR16_ACTI_61520	OR16	Actinoplanes sp. OR16	AP019371.1	ACTI_61520	ACTI_61520	BBH69467.1		hypothetical protein	mapped	native_locus_tag	1	ARGN	
CCG_OR16_ACTI_61640	OR16	Actinoplanes sp. OR16	AP019371.1	ACTI_61640	ACTI_61640	BBH69479.1		carbonic anhydrase	mapped	native_locus_tag	1	HCO3E	
CCG_OR16_ACTI_61800	OR16	Actinoplanes sp. OR16	AP019371.1	ACTI_61800	ACTI_61800	BBH69495.1		UDP-glucose 4-epimerase	mapped	native_locus_tag	1	UDPG4E	
CCG_OR16_ACTI_61820	OR16	Actinoplanes sp. OR16	AP019371.1	ACTI_61820	ACTI_61820	BBH69497.1		hypothetical protein	mapped	native_locus_tag	1	HSERTA	
CCG_OR16_ACTI_61840	OR16	Actinoplanes sp. OR16	AP019371.1	ACTI_61840	ACTI_61840	BBH69499.1		1-acyl-sn-glycerol-3-phosphate acyltransferase	mapped	native_locus_tag	6	AGPAT120;AGPAT141;AGPAT160;AGPAT161;AGPAT180;AGPAT181	
CCG_OR16_ACTI_61890	OR16	Actinoplanes sp. OR16	AP019371.1	ACTI_61890	ACTI_61890	BBH69504.1	adk_3	adenylate kinase	mapped	native_locus_tag	3	ADK1;ADK2;DADK	
CCG_OR16_ACTI_62180	OR16	Actinoplanes sp. OR16	AP019371.1	ACTI_62180	ACTI_62180	BBH69533.1		glutathione-dependent formaldehyde dehydrogenase	mapped	native_locus_tag	1	ALCD2y	
CCG_OR16_ACTI_62250	OR16	Actinoplanes sp. OR16	AP019371.1	ACTI_62250	ACTI_62250	BBH69540.1		ABC transporter ATP-binding protein	mapped	native_locus_tag	3	3PEPTabcpp;4PEPTabcpp;GTHRDabcpp	
CCG_OR16_ACTI_62260	OR16	Actinoplanes sp. OR16	AP019371.1	ACTI_62260	ACTI_62260	BBH69541.1		ABC transporter permease	mapped	native_locus_tag	1	GTHRDt2_1	
CCG_OR16_ACTI_62280	OR16	Actinoplanes sp. OR16	AP019371.1	ACTI_62280	ACTI_62280	BBH69543.1		ABC transporter substrate-binding protein	mapped	native_locus_tag	1	NI2uabcpp	
CCG_OR16_ACTI_62290	OR16	Actinoplanes sp. OR16	AP019371.1	ACTI_62290	ACTI_62290	BBH69544.1	acd_4	acyl-CoA dehydrogenase	mapped	native_locus_tag	3	ACOAD1;ACOAD20;ACOADH2	
CCG_OR16_ACTI_62300	OR16	Actinoplanes sp. OR16	AP019371.1	ACTI_62300	ACTI_62300	BBH69545.1		hypothetical protein	mapped	native_locus_tag	1	FDMO	
CCG_OR16_ACTI_62330	OR16	Actinoplanes sp. OR16	AP019371.1	ACTI_62330	ACTI_62330	BBH69548.1		hypothetical protein	mapped	native_locus_tag	1	CYANST	
CCG_OR16_ACTI_62340	OR16	Actinoplanes sp. OR16	AP019371.1	ACTI_62340	ACTI_62340	BBH69549.1		FAD-linked oxidase	mapped	native_locus_tag	4	GLYCTO1;GLYCTO2;GLYCTO3;GLYCTO4	
CCG_OR16_ACTI_62660	OR16	Actinoplanes sp. OR16	AP019371.1	ACTI_62660	ACTI_62660	BBH69581.1	dapA2_2	4-hydroxy-tetrahydrodipicolinate synthase 2	mapped	native_locus_tag	1	DHDPS	
CCG_OR16_ACTI_62700	OR16	Actinoplanes sp. OR16	AP019371.1	ACTI_62700	ACTI_62700	BBH69585.1		dTDP-4-dehydrorhamnose reductase	mapped	native_locus_tag	1	METAT	
CCG_OR16_ACTI_62800	OR16	Actinoplanes sp. OR16	AP019371.1	ACTI_62800	ACTI_62800	BBH69595.1		ABC transporter	mapped	native_locus_tag	2	HEMEti;PHEMEabcpp	
CCG_OR16_ACTI_62810	OR16	Actinoplanes sp. OR16	AP019371.1	ACTI_62810	ACTI_62810	BBH69596.1	uppP1	undecaprenyl-diphosphatase 1	mapped	native_locus_tag	1	UDCPDP	
CCG_OR16_ACTI_63030	OR16	Actinoplanes sp. OR16	AP019371.1	ACTI_63030	ACTI_63030	BBH69618.1	sugE	quaternary ammonium compound-resistance protein SugE	mapped	native_locus_tag	1	SPMDt3pp	
CCG_OR16_ACTI_63300	OR16	Actinoplanes sp. OR16	AP019371.1	ACTI_63300	ACTI_63300	BBH69645.1		iron transporter	mapped	native_locus_tag	1	STAS	
CCG_OR16_ACTI_63310	OR16	Actinoplanes sp. OR16	AP019371.1	ACTI_63310	ACTI_63310	BBH69646.1		iron transporter	mapped	native_locus_tag	1	STAS	
CCG_OR16_ACTI_63320	OR16	Actinoplanes sp. OR16	AP019371.1	ACTI_63320	ACTI_63320	BBH69647.1	lysA_2	diaminopimelate decarboxylase	mapped	native_locus_tag	1	DAPDC	
CCG_OR16_ACTI_63450	OR16	Actinoplanes sp. OR16	AP019371.1	ACTI_63450	ACTI_63450	BBH69660.1		hypothetical protein	mapped	native_locus_tag	3	ADCS;ANS;GLUN	
CCG_OR16_ACTI_63470	OR16	Actinoplanes sp. OR16	AP019371.1	ACTI_63470	ACTI_63470	BBH69662.1	gcvP	glycine dehydrogenase	mapped	native_locus_tag	2	GCCa;GLYCL	
CCG_OR16_ACTI_63480	OR16	Actinoplanes sp. OR16	AP019371.1	ACTI_63480	ACTI_63480	BBH69663.1		glyceraldehyde 3-phosphate reductase	mapped	native_locus_tag	1	ALR2	
CCG_OR16_ACTI_63620	OR16	Actinoplanes sp. OR16	AP019371.1	ACTI_63620	ACTI_63620	BBH69677.1	nadE	NH(3)-dependent NAD(+) synthetase	mapped	native_locus_tag	1	NADS1	
CCG_OR16_ACTI_63790	OR16	Actinoplanes sp. OR16	AP019371.1	ACTI_63790	ACTI_63790	BBH69694.1		ArsR family transcriptional regulator	mapped	native_locus_tag	1	ASR2	
CCG_OR16_ACTI_63960	OR16	Actinoplanes sp. OR16	AP019371.1	ACTI_63960	ACTI_63960	BBH69711.1		isoquinoline 1-oxidoreductase subunit alpha	mapped	native_locus_tag	1	NACHY	
CCG_OR16_ACTI_64000	OR16	Actinoplanes sp. OR16	AP019371.1	ACTI_64000	ACTI_64000	BBH69715.1		sodium-independent anion transporter	mapped	native_locus_tag	1	SO4t2	
CCG_OR16_ACTI_64060	OR16	Actinoplanes sp. OR16	AP019371.1	ACTI_64060	ACTI_64060	BBH69721.1		alkene reductase	mapped	native_locus_tag	4	TNTR1;TNTR1x;TNTR2;TNTR2x	
CCG_OR16_ACTI_64090	OR16	Actinoplanes sp. OR16	AP019371.1	ACTI_64090	ACTI_64090	BBH69724.1		ABC transporter substrate-binding protein	mapped	native_locus_tag	2	FE2abcpp;MNabc_1	
CCG_OR16_ACTI_64110	OR16	Actinoplanes sp. OR16	AP019371.1	ACTI_64110	ACTI_64110	BBH69726.1		ABC transporter permease	mapped	native_locus_tag	1	MNabc	
CCG_OR16_ACTI_64120	OR16	Actinoplanes sp. OR16	AP019371.1	ACTI_64120	ACTI_64120	BBH69727.1		hypothetical protein	mapped	native_locus_tag	3	MNabc_1;ZNabc;ZNabcpp	
CCG_OR16_ACTI_64230	OR16	Actinoplanes sp. OR16	AP019371.1	ACTI_64230	ACTI_64230	BBH69738.1		fructose-bisphosphate aldolase	mapped	native_locus_tag	4	FBA;FBA2;FBA3;TGBPA	
CCG_OR16_ACTI_64320	OR16	Actinoplanes sp. OR16	AP019371.1	ACTI_64320	ACTI_64320	BBH69747.1		maleylacetate reductase	mapped	native_locus_tag	2	LCARR;LCARS	
CCG_OR16_ACTI_64340	OR16	Actinoplanes sp. OR16	AP019371.1	ACTI_64340	ACTI_64340	BBH69749.1	fadA_2	acetyl-CoA acyltransferase	mapped	native_locus_tag	4	3OXCOAT;ACACT1r;DHPACCOAHIT;OXDHCOAT	
CCG_OR16_ACTI_64350	OR16	Actinoplanes sp. OR16	AP019371.1	ACTI_64350	ACTI_64350	BBH69750.1	catI	3-oxoadipate CoA-transferase subunit A	mapped	native_locus_tag	3	3OADPCOAT;BUTCT;HXCT	
CCG_OR16_ACTI_64360	OR16	Actinoplanes sp. OR16	AP019371.1	ACTI_64360	ACTI_64360	BBH69751.1	catJ	3-oxoadipate CoA-transferase subunit B	mapped	native_locus_tag	1	3OADPCOAT	
CCG_OR16_ACTI_64460	OR16	Actinoplanes sp. OR16	AP019371.1	ACTI_64460	ACTI_64460	BBH69761.1		sugar kinase	mapped	native_locus_tag	1	HEX1	
CCG_OR16_ACTI_64470	OR16	Actinoplanes sp. OR16	AP019371.1	ACTI_64470	ACTI_64470	BBH69762.1		MFS transporter	mapped	native_locus_tag	1	ARBt2r	
CCG_OR16_ACTI_64530	OR16	Actinoplanes sp. OR16	AP019371.1	ACTI_64530	ACTI_64530	BBH69768.1		hypothetical protein	mapped	native_locus_tag	1	PHTHS2	
CCG_OR16_ACTI_64550	OR16	Actinoplanes sp. OR16	AP019371.1	ACTI_64550	ACTI_64550	BBH69770.1		aldo/keto reductase	mapped	native_locus_tag	1	ALCD19y	
CCG_OR16_ACTI_64660	OR16	Actinoplanes sp. OR16	AP019371.1	ACTI_64660	ACTI_64660	BBH69781.1		amino acid permease	mapped	native_locus_tag	3	LEUt2r;PTRCt2pp;VALt2r	
CCG_OR16_ACTI_64810	OR16	Actinoplanes sp. OR16	AP019371.1	ACTI_64810	ACTI_64810	BBH69796.1		myo-inositol-1-phosphate synthase	mapped	native_locus_tag	2	MI1PS;MI3PS	
CCG_OR16_ACTI_64930	OR16	Actinoplanes sp. OR16	AP019371.1	ACTI_64930	ACTI_64930	BBH69808.1		fumarylacetoacetase	mapped	native_locus_tag	1	FUMAC	
CCG_OR16_ACTI_64960	OR16	Actinoplanes sp. OR16	AP019371.1	ACTI_64960	ACTI_64960	BBH69811.1		4-hydroxyphenylpyruvate dioxygenase	mapped	native_locus_tag	2	34HPPOR;PPOR	
CCG_OR16_ACTI_65250	OR16	Actinoplanes sp. OR16	AP019371.1	ACTI_65250	ACTI_65250	BBH69840.1		iron transporter	mapped	native_locus_tag	1	FE3t	
CCG_OR16_ACTI_65260	OR16	Actinoplanes sp. OR16	AP019371.1	ACTI_65260	ACTI_65260	BBH69841.1	ycdO	lipoprotein	mapped	native_locus_tag	1	FE3t	
CCG_OR16_ACTI_65270	OR16	Actinoplanes sp. OR16	AP019371.1	ACTI_65270	ACTI_65270	BBH69842.1		peroxidase	mapped	native_locus_tag	1	FE3t	
CCG_OR16_ACTI_65290	OR16	Actinoplanes sp. OR16	AP019371.1	ACTI_65290	ACTI_65290	BBH69844.1		hypothetical protein	mapped	native_locus_tag	3	NTPP3;NTPP4;NTPP7	
CCG_OR16_ACTI_65320	OR16	Actinoplanes sp. OR16	AP019371.1	ACTI_65320	ACTI_65320	BBH69847.1		hypothetical protein	mapped	native_locus_tag	2	AMID4;AMID_1	
CCG_OR16_ACTI_65350	OR16	Actinoplanes sp. OR16	AP019371.1	ACTI_65350	ACTI_65350	BBH69850.1	leuA_3	2-isopropylmalate synthase	mapped	native_locus_tag	1	IPPS	
CCG_OR16_ACTI_65390	OR16	Actinoplanes sp. OR16	AP019371.1	ACTI_65390	ACTI_65390	BBH69854.1	tetA	tetracycline resistance MFS efflux pump	mapped	native_locus_tag	1	SPMDt3i	
CCG_OR16_ACTI_65410	OR16	Actinoplanes sp. OR16	AP019371.1	ACTI_65410	ACTI_65410	BBH69856.1		hypothetical protein	mapped	native_locus_tag	3	AGM3PH;AGM4PH;AGMH	
CCG_OR16_ACTI_65500	OR16	Actinoplanes sp. OR16	AP019371.1	ACTI_65500	ACTI_65500	BBH69865.1		MaoC family dehydratase	mapped	native_locus_tag	1	OXCOAHDH	
CCG_OR16_ACTI_65640	OR16	Actinoplanes sp. OR16	AP019371.1	ACTI_65640	ACTI_65640	BBH69879.1		lysine transporter LysE	mapped	native_locus_tag	1	LYSt3r	
CCG_OR16_ACTI_65710	OR16	Actinoplanes sp. OR16	AP019371.1	ACTI_65710	ACTI_65710	BBH69886.1		2,4-dienoyl-CoA reductase	mapped	native_locus_tag	1	24DECOAR	
CCG_OR16_ACTI_65720	OR16	Actinoplanes sp. OR16	AP019371.1	ACTI_65720	ACTI_65720	BBH69887.1		enoyl-CoA hydratase/isomerase family protein	mapped	native_locus_tag	3	ECOAH12;ECOAH9ir;HMGL_2	
CCG_OR16_ACTI_65790	OR16	Actinoplanes sp. OR16	AP019371.1	ACTI_65790	ACTI_65790	BBH69894.1	glnQ	peptide ABC transporter ATP-binding protein	mapped	native_locus_tag	25	ALAabc;ARGabc;ARGabcpp;ASNabc;ASPabc;CYSabc;CYSabcpp;GLNabc;GLUabc;GLUabcpp;GLYabc;GTHRDt2_1;HISabc;ILEabc;LEUabc;LYSabc;LYSabcpp;METabc;PHEabc;PROabc;SERabc;THRabc;TRPabc;TYRabc;VALabc	
CCG_OR16_ACTI_65800	OR16	Actinoplanes sp. OR16	AP019371.1	ACTI_65800	ACTI_65800	BBH69895.1		amino acid ABC transporter permease	mapped	native_locus_tag	23	ALAabc;ARGabc;ARGabcpp;ASNabc;ASPabc;CYSabc;GLNabc;GLUabc;GLUabcpp;GLYabc;HISabc;ILEabc;LEUabc;LYSabc;LYSabcpp;METabc;PHEabc;PROabc;SERabc;THRabc;TRPabc;TYRabc;VALabc	
CCG_OR16_ACTI_65810	OR16	Actinoplanes sp. OR16	AP019371.1	ACTI_65810	ACTI_65810	BBH69896.1		basic amino acid ABC transporter substrate-binding protein	mapped	native_locus_tag	1	ARGabcpp	
CCG_OR16_ACTI_65890	OR16	Actinoplanes sp. OR16	AP019371.1	ACTI_65890	ACTI_65890	BBH69904.1		monooxygenase	mapped	native_locus_tag	1	NMO	
CCG_OR16_ACTI_66240	OR16	Actinoplanes sp. OR16	AP019371.1	ACTI_66240	ACTI_66240	BBH69939.1		hydrolase	mapped	native_locus_tag	2	ICHORT;NNAM	
CCG_OR16_ACTI_66260	OR16	Actinoplanes sp. OR16	AP019371.1	ACTI_66260	ACTI_66260	BBH69941.1		enoyl-CoA hydratase	mapped	native_locus_tag	12	CTECOAI6;CTECOAI7;CTECOAI8;ECOAH1;ECOAH2;ECOAH3;ECOAH4;ECOAH5;ECOAH6;ECOAH7;ECOAH8;VECOAH	
CCG_OR16_ACTI_66370	OR16	Actinoplanes sp. OR16	AP019371.1	ACTI_66370	ACTI_66370	BBH69952.1		xylose repressor	mapped	native_locus_tag	2	HEX1;UAG2EMA	
CCG_OR16_ACTI_66380	OR16	Actinoplanes sp. OR16	AP019371.1	ACTI_66380	ACTI_66380	BBH69953.1		Bcr/CflA family drug resistance efflux transporter	mapped	native_locus_tag	2	Kt3pp;NAt3pp	
CCG_OR16_ACTI_66450	OR16	Actinoplanes sp. OR16	AP019371.1	ACTI_66450	ACTI_66450	BBH69960.1		C4-dicarboxylate ABC transporter	mapped	native_locus_tag	1	GALURt2rpp	
CCG_OR16_ACTI_66460	OR16	Actinoplanes sp. OR16	AP019371.1	ACTI_66460	ACTI_66460	BBH69961.1		hypothetical protein	mapped	native_locus_tag	2	PDE1;PDE4	
CCG_OR16_ACTI_66680	OR16	Actinoplanes sp. OR16	AP019371.1	ACTI_66680	ACTI_66680	BBH69983.1		hypothetical protein	mapped	native_locus_tag	3	PEAMNO;PEAMNOpp;TRYPTAOX	
CCG_OR16_ACTI_67150	OR16	Actinoplanes sp. OR16	AP019371.1	ACTI_67150	ACTI_67150	BBH70030.1		hypothetical protein	mapped	native_locus_tag	1	DGUNC	
CCG_OR16_ACTI_67230	OR16	Actinoplanes sp. OR16	AP019371.1	ACTI_67230	ACTI_67230	BBH70038.1		allantoin permease	mapped	native_locus_tag	6	ADNt2;CSNt2;DADNt2;GSNt2;INSt2;XTSNt2	
CCG_OR16_ACTI_67270	OR16	Actinoplanes sp. OR16	AP019371.1	ACTI_67270	ACTI_67270	BBH70042.1	sdaA_1	L-serine dehydratase	mapped	native_locus_tag	2	SERD_D;SERD_L	
CCG_OR16_ACTI_67280	OR16	Actinoplanes sp. OR16	AP019371.1	ACTI_67280	ACTI_67280	BBH70043.1		hypothetical protein	mapped	native_locus_tag	1	MGSA	
CCG_OR16_ACTI_67290	OR16	Actinoplanes sp. OR16	AP019371.1	ACTI_67290	ACTI_67290	BBH70044.1	ilvD_2	dihydroxy-acid dehydratase	mapped	native_locus_tag	2	DHAD1;DHAD2	
CCG_OR16_ACTI_67550	OR16	Actinoplanes sp. OR16	AP019371.1	ACTI_67550	ACTI_67550	BBH70070.1		dihydroxy-acid dehydratase	mapped	native_locus_tag	2	DHAD1;DHAD2	
CCG_OR16_ACTI_67590	OR16	Actinoplanes sp. OR16	AP019371.1	ACTI_67590	ACTI_67590	BBH70074.1	add-1	adenosine deaminase	mapped	native_locus_tag	2	ADA;DADA	
CCG_OR16_ACTI_67750	OR16	Actinoplanes sp. OR16	AP019371.1	ACTI_67750	ACTI_67750	BBH70090.1		ABC transporter ATP-binding protein	mapped	native_locus_tag	3	ARGabcpp;CHLabcpp;GLYBabcpp	
CCG_OR16_ACTI_68050	OR16	Actinoplanes sp. OR16	AP019371.1	ACTI_68050	ACTI_68050	BBH70120.1		aldose 1-epimerase	mapped	native_locus_tag	3	GALM1;GALM2;GalMr	
CCG_OR16_ACTI_68070	OR16	Actinoplanes sp. OR16	AP019371.1	ACTI_68070	ACTI_68070	BBH70122.1		sugar ABC transporter permease	mapped	native_locus_tag	1	XYLabc	
CCG_OR16_ACTI_68080	OR16	Actinoplanes sp. OR16	AP019371.1	ACTI_68080	ACTI_68080	BBH70123.1		ABC transporter ATP-binding protein	mapped	native_locus_tag	1	RIBabcpp	
CCG_OR16_ACTI_68380	OR16	Actinoplanes sp. OR16	AP019371.1	ACTI_68380	ACTI_68380	BBH70153.1		chromate transporter	mapped	native_locus_tag	1	CRO4t3pp	
CCG_OR16_ACTI_68510	OR16	Actinoplanes sp. OR16	AP019371.1	ACTI_68510	ACTI_68510	BBH70166.1	gltB2	FMN-binding glutamate synthase family protein	mapped	native_locus_tag	1	GLUSfx	
CCG_OR16_ACTI_68530	OR16	Actinoplanes sp. OR16	AP019371.1	ACTI_68530	ACTI_68530	BBH70168.1		glycerol uptake facilitator protein	mapped	native_locus_tag	3	GLYALDt;GLYCt;UREAt	
CCG_OR16_ACTI_68640	OR16	Actinoplanes sp. OR16	AP019371.1	ACTI_68640	ACTI_68640	BBH70179.1		haloacid dehalogenase	mapped	native_locus_tag	5	NTD11;NTD12;NTD7;NTD8;NTD9	
CCG_OR16_ACTI_68700	OR16	Actinoplanes sp. OR16	AP019371.1	ACTI_68700	ACTI_68700	BBH70185.1		sugar ABC transporter permease	mapped	native_locus_tag	1	MALTabc	
CCG_OR16_ACTI_68710	OR16	Actinoplanes sp. OR16	AP019371.1	ACTI_68710	ACTI_68710	BBH70186.1	msmF_2	sugar ABC transporter permease	mapped	native_locus_tag	1	MALTabc	
CCG_OR16_ACTI_68850	OR16	Actinoplanes sp. OR16	AP019371.1	ACTI_68850	ACTI_68850	BBH70200.1		ferredoxin	mapped	native_locus_tag	1	VNTDM	
CCG_OR16_ACTI_68870	OR16	Actinoplanes sp. OR16	AP019371.1	ACTI_68870	ACTI_68870	BBH70202.1		vanillate monooxygenase	mapped	native_locus_tag	1	VNTDM	
CCG_OR16_ACTI_68940	OR16	Actinoplanes sp. OR16	AP019371.1	ACTI_68940	ACTI_68940	BBH70209.1		peptide ABC transporter ATP-binding protein	mapped	native_locus_tag	2	PROHISGLUtr;SERGLUGLNtr	
CCG_OR16_ACTI_68960	OR16	Actinoplanes sp. OR16	AP019371.1	ACTI_68960	ACTI_68960	BBH70211.1		permease	mapped	native_locus_tag	1	ALAALAabcpp	
CCG_OR16_ACTI_68970	OR16	Actinoplanes sp. OR16	AP019371.1	ACTI_68970	ACTI_68970	BBH70212.1		peptide ABC transporter permease	mapped	native_locus_tag	1	ALAALAabcpp	
CCG_OR16_ACTI_68980	OR16	Actinoplanes sp. OR16	AP019371.1	ACTI_68980	ACTI_68980	BBH70213.1		twin-arginine translocation pathway signal protein	mapped	native_locus_tag	1	ALAALAabcpp	
CCG_OR16_ACTI_69060	OR16	Actinoplanes sp. OR16	AP019371.1	ACTI_69060	ACTI_69060	BBH70221.1		acyl-CoA dehydrogenase	mapped	native_locus_tag	1	LPLIPAL2E180	
CCG_OR16_ACTI_69140	OR16	Actinoplanes sp. OR16	AP019371.1	ACTI_69140	ACTI_69140	BBH70229.1		ABC transporter permease	mapped	native_locus_tag	1	GALURt2rpp	
CCG_OR16_ACTI_69170	OR16	Actinoplanes sp. OR16	AP019371.1	ACTI_69170	ACTI_69170	BBH70232.1		oxidoreductase	mapped	native_locus_tag	1	INS2D	
CCG_OR16_ACTI_69180	OR16	Actinoplanes sp. OR16	AP019371.1	ACTI_69180	ACTI_69180	BBH70233.1	aroQ2	3-dehydroquinate dehydratase	mapped	native_locus_tag	1	DHQTi	
CCG_OR16_ACTI_69200	OR16	Actinoplanes sp. OR16	AP019371.1	ACTI_69200	ACTI_69200	BBH70235.1		acetolactate synthase, large subunit, biosynthetic type	mapped	native_locus_tag	10	ACHBS;ACHBS2;ACLS;ACLS_b;ACLSa_1;ACLSb_1;GLXCL;MI1PS;OXGDC;ilvg	
CCG_OR16_ACTI_69210	OR16	Actinoplanes sp. OR16	AP019371.1	ACTI_69210	ACTI_69210	BBH70236.1	aldH1	aldehyde dehydrogenase	mapped	native_locus_tag	1	GAPDi_nadp	
CCG_OR16_ACTI_69230	OR16	Actinoplanes sp. OR16	AP019371.1	ACTI_69230	ACTI_69230	BBH70238.1		citryl-CoA lyase	mapped	native_locus_tag	2	ACITL;CS	
CCG_OR16_ACTI_69270	OR16	Actinoplanes sp. OR16	AP019371.1	ACTI_69270	ACTI_69270	BBH70242.1		aminotransferase	mapped	native_locus_tag	3	PHETA1;TYRTA;VPAMTr	
CCG_OR16_ACTI_69330	OR16	Actinoplanes sp. OR16	AP019371.1	ACTI_69330	ACTI_69330	BBH70248.1		peptide ABC transporter substrate-binding protein	mapped	native_locus_tag	1	GTHRDabcpp	
CCG_OR16_ACTI_69340	OR16	Actinoplanes sp. OR16	AP019371.1	ACTI_69340	ACTI_69340	BBH70249.1		peptide ABC transporter	mapped	native_locus_tag	2	GTHRDabcpp;NI2uabcpp	
CCG_OR16_ACTI_69350	OR16	Actinoplanes sp. OR16	AP019371.1	ACTI_69350	ACTI_69350	BBH70250.1		ABC transporter permease	mapped	native_locus_tag	1	NI2uabcpp	
CCG_OR16_ACTI_69520	OR16	Actinoplanes sp. OR16	AP019371.1	ACTI_69520	ACTI_69520	BBH70267.1		hypothetical protein	mapped	native_locus_tag	1	R_LCP	
CCG_OR16_ACTI_69530	OR16	Actinoplanes sp. OR16	AP019371.1	ACTI_69530	ACTI_69530	BBH70268.1		hypothetical protein	mapped	native_locus_tag	1	ACGAMK	
CCG_OR16_ACTI_69540	OR16	Actinoplanes sp. OR16	AP019371.1	ACTI_69540	ACTI_69540	BBH70269.1	murQ	N-acetylmuramic acid 6-phosphate etherase	mapped	native_locus_tag	1	ACM6PH	
CCG_OR16_ACTI_69570	OR16	Actinoplanes sp. OR16	AP019371.1	ACTI_69570	ACTI_69570	BBH70272.1	oppD	ABC transporter ATP-binding protein	mapped	native_locus_tag	2	GTHRDabcpp;GTHRDt2_1	
CCG_OR16_ACTI_69580	OR16	Actinoplanes sp. OR16	AP019371.1	ACTI_69580	ACTI_69580	BBH70273.1		ABC transporter permease	mapped	native_locus_tag	3	GTHRDt2_1;PROHISGLUtr;SERGLUGLNtr	
CCG_OR16_ACTI_69600	OR16	Actinoplanes sp. OR16	AP019371.1	ACTI_69600	ACTI_69600	BBH70275.1		ABC transporter substrate-binding protein	mapped	native_locus_tag	1	NI2uabcpp	
CCG_OR16_ACTI_69780	OR16	Actinoplanes sp. OR16	AP019371.1	ACTI_69780	ACTI_69780	BBH70293.1		serine/threonine dehydratase	mapped	native_locus_tag	2	SERD_L;THRD_L	
CCG_OR16_ACTI_69940	OR16	Actinoplanes sp. OR16	AP019371.1	ACTI_69940	ACTI_69940	BBH70309.1		putative regulatory protein, ArsR family	mapped	native_locus_tag	1	ASR	
CCG_OR16_ACTI_69950	OR16	Actinoplanes sp. OR16	AP019371.1	ACTI_69950	ACTI_69950	BBH70310.1		glycerol uptake transporter protein	mapped	native_locus_tag	2	H2Ot;H2Otpp	
CCG_OR16_ACTI_70000	OR16	Actinoplanes sp. OR16	AP019371.1	ACTI_70000	ACTI_70000	BBH70315.1	pps	putative phosphoenolpyruvate synthase	mapped	native_locus_tag	1	PPS	
CCG_OR16_ACTI_70150	OR16	Actinoplanes sp. OR16	AP019371.1	ACTI_70150	ACTI_70150	BBH70330.1	ilvE2	aminotransferase class IV	mapped	native_locus_tag	1	ADCL	
CCG_OR16_ACTI_70190	OR16	Actinoplanes sp. OR16	AP019371.1	ACTI_70190	ACTI_70190	BBH70334.1		2-dehydro-3-deoxygluconokinase	mapped	native_locus_tag	1	DDGLK	
CCG_OR16_ACTI_70200	OR16	Actinoplanes sp. OR16	AP019371.1	ACTI_70200	ACTI_70200	BBH70335.1		ketohydroxyglutarate aldolase	mapped	native_locus_tag	3	DDPGA;EDA;OAADC	
CCG_OR16_ACTI_70210	OR16	Actinoplanes sp. OR16	AP019371.1	ACTI_70210	ACTI_70210	BBH70336.1	uxaB	altronate oxidoreductase	mapped	native_locus_tag	1	TAGURr	
CCG_OR16_ACTI_70230	OR16	Actinoplanes sp. OR16	AP019371.1	ACTI_70230	ACTI_70230	BBH70338.1	garD	D-galactarate dehydratase	mapped	native_locus_tag	1	ALTRH	
CCG_OR16_ACTI_70410	OR16	Actinoplanes sp. OR16	AP019371.1	ACTI_70410	ACTI_70410	BBH70356.1	gadB	glutamate decarboxylase	mapped	native_locus_tag	2	ASP1DC;GLUDC	
CCG_OR16_ACTI_70530	OR16	Actinoplanes sp. OR16	AP019371.1	ACTI_70530	ACTI_70530	BBH70368.1	sdaA_2	L-serine dehydratase	mapped	native_locus_tag	1	SERD_L	
CCG_OR16_ACTI_70550	OR16	Actinoplanes sp. OR16	AP019371.1	ACTI_70550	ACTI_70550	BBH70370.1	gcvT_2	aminomethyltransferase	mapped	native_locus_tag	6	FOMETRi;GCCa;GCCb;GCCb_1;GLYCL;GLYCL_2	
CCG_OR16_ACTI_70600	OR16	Actinoplanes sp. OR16	AP019371.1	ACTI_70600	ACTI_70600	BBH70375.1		histidine kinase	mapped	native_locus_tag	1	DGUNC	
CCG_OR16_ACTI_70620	OR16	Actinoplanes sp. OR16	AP019371.1	ACTI_70620	ACTI_70620	BBH70377.1	adh_1	alcohol dehydrogenase	mapped	native_locus_tag	2	BTDD_RR;THRD	
CCG_OR16_ACTI_70650	OR16	Actinoplanes sp. OR16	AP019371.1	ACTI_70650	ACTI_70650	BBH70380.1		oxidoreductase	mapped	native_locus_tag	1	NMO	
CCG_OR16_ACTI_70770	OR16	Actinoplanes sp. OR16	AP019371.1	ACTI_70770	ACTI_70770	BBH70392.1		oxidoreductase	mapped	native_locus_tag	1	ALR2	
CCG_OR16_ACTI_70900	OR16	Actinoplanes sp. OR16	AP019371.1	ACTI_70900	ACTI_70900	BBH70405.1		amidohydrolase	mapped	native_locus_tag	1	IZPN	
CCG_OR16_ACTI_71300	OR16	Actinoplanes sp. OR16	AP019371.1	ACTI_71300	ACTI_71300	BBH70445.1		hypothetical protein	mapped	native_locus_tag	4	FFSD;RAFH;RAFHpp;SUCR	
CCG_OR16_ACTI_71360	OR16	Actinoplanes sp. OR16	AP019371.1	ACTI_71360	ACTI_71360	BBH70451.1		oxidoreductase	mapped	native_locus_tag	2	ALR2;ALR3	
CCG_OR16_ACTI_71480	OR16	Actinoplanes sp. OR16	AP019371.1	ACTI_71480	ACTI_71480	BBH70463.1	gnd_2	6-phosphogluconate dehydrogenase, decarboxylating	mapped	native_locus_tag	1	GND	
CCG_OR16_ACTI_71510	OR16	Actinoplanes sp. OR16	AP019371.1	ACTI_71510	ACTI_71510	BBH70466.1		phosphoglucomutase, alpha-D-glucose phosphate-specific	mapped	native_locus_tag	1	PGMT	
CCG_OR16_ACTI_71560	OR16	Actinoplanes sp. OR16	AP019371.1	ACTI_71560	ACTI_71560	BBH70471.1		hypothetical protein	mapped	native_locus_tag	1	PHEMEt	
CCG_OR16_ACTI_71650	OR16	Actinoplanes sp. OR16	AP019371.1	ACTI_71650	ACTI_71650	BBH70480.1		hypothetical protein	mapped	native_locus_tag	2	ALAALAD;ALAALAr	
CCG_OR16_ACTI_71700	OR16	Actinoplanes sp. OR16	AP019371.1	ACTI_71700	ACTI_71700	BBH70485.1		amino acid permease	mapped	native_locus_tag	4	ARGt2r;ARGt5r;LYSt5r;ORNt	
CCG_OR16_ACTI_71770	OR16	Actinoplanes sp. OR16	AP019371.1	ACTI_71770	ACTI_71770	BBH70492.1		nucleoside/nucleotide kinase family protein	mapped	native_locus_tag	1	PNTK	
CCG_OR16_ACTI_71900	OR16	Actinoplanes sp. OR16	AP019371.1	ACTI_71900	ACTI_71900	BBH70505.1	paaE	phenylacetic acid degradation protein	mapped	native_locus_tag	2	PACCOAE;PHACOAOR	
CCG_OR16_ACTI_71910	OR16	Actinoplanes sp. OR16	AP019371.1	ACTI_71910	ACTI_71910	BBH70506.1	paaD	phenylacetate-CoA oxygenase subunit PaaJ	mapped	native_locus_tag	2	PACCOAE;PHACOAOR	
CCG_OR16_ACTI_71920	OR16	Actinoplanes sp. OR16	AP019371.1	ACTI_71920	ACTI_71920	BBH70507.1	paaC	phenylacetate-CoA oxygenase subunit PaaI	mapped	native_locus_tag	2	PACCOAE;PHACOAOR	
CCG_OR16_ACTI_71930	OR16	Actinoplanes sp. OR16	AP019371.1	ACTI_71930	ACTI_71930	BBH70508.1	paaB	phenylacetate-CoA oxygenase subunit PaaB	mapped	native_locus_tag	2	PACCOAE;PHACOAOR	
CCG_OR16_ACTI_71940	OR16	Actinoplanes sp. OR16	AP019371.1	ACTI_71940	ACTI_71940	BBH70509.1	paaA	phenylacetate-CoA oxygenase subunit PaaA	mapped	native_locus_tag	2	PACCOAE;PHACOAOR	
CCG_OR16_ACTI_71950	OR16	Actinoplanes sp. OR16	AP019371.1	ACTI_71950	ACTI_71950	BBH70510.1		oxidoreductase	mapped	native_locus_tag	4	P5CD;PHCD;PROD2;PUTA3	
CCG_OR16_ACTI_71980	OR16	Actinoplanes sp. OR16	AP019371.1	ACTI_71980	ACTI_71980	BBH70513.1	iolG	inositol 2-dehydrogenase	mapped	native_locus_tag	1	INS2D	
CCG_OR16_ACTI_72030	OR16	Actinoplanes sp. OR16	AP019371.1	ACTI_72030	ACTI_72030	BBH70518.1		hypothetical protein	mapped	native_locus_tag	1	INSCR	
CCG_OR16_ACTI_72050	OR16	Actinoplanes sp. OR16	AP019371.1	ACTI_72050	ACTI_72050	BBH70520.1		3D-(3,5/4)-trihydroxycyclohexane-1,2-dione acylhydrolase	mapped	native_locus_tag	1	DKDID	
CCG_OR16_ACTI_72060	OR16	Actinoplanes sp. OR16	AP019371.1	ACTI_72060	ACTI_72060	BBH70521.1		5-deoxy-glucuronate isomerase	mapped	native_locus_tag	3	D5KGK;DKDID;INSCR	
CCG_OR16_ACTI_72080	OR16	Actinoplanes sp. OR16	AP019371.1	ACTI_72080	ACTI_72080	BBH70523.1		amino acid permease	mapped	native_locus_tag	1	PTRCt2pp	
CCG_OR16_ACTI_72250	OR16	Actinoplanes sp. OR16	AP019371.1	ACTI_72250	ACTI_72250	BBH70540.1	gpm_3	phosphoglycerate mutase	mapped	native_locus_tag	1	PGM	
CCG_OR16_ACTI_72300	OR16	Actinoplanes sp. OR16	AP019371.1	ACTI_72300	ACTI_72300	BBH70545.1		isochorismatase	mapped	native_locus_tag	1	ICHORT	
CCG_OR16_ACTI_72330	OR16	Actinoplanes sp. OR16	AP019371.1	ACTI_72330	ACTI_72330	BBH70548.1	mmr	multidrug resistance protein mmr	mapped	native_locus_tag	2	CHLt3pp;GLYBt3pp	
CCG_OR16_ACTI_72470	OR16	Actinoplanes sp. OR16	AP019371.1	ACTI_72470	ACTI_72470	BBH70562.1		FMN reductase	mapped	native_locus_tag	1	FMNRx	
CCG_OR16_ACTI_72490	OR16	Actinoplanes sp. OR16	AP019371.1	ACTI_72490	ACTI_72490	BBH70564.1		putative ABC transporter ATP-binding protein	mapped	native_locus_tag	1	GTHRDabc2pp	
CCG_OR16_ACTI_72570	OR16	Actinoplanes sp. OR16	AP019371.1	ACTI_72570	ACTI_72570	BBH70572.1	pgi	glucose-6-phosphate isomerase	mapped	native_locus_tag	1	PGI	
CCG_OR16_ACTI_72710	OR16	Actinoplanes sp. OR16	AP019371.1	ACTI_72710	ACTI_72710	BBH70586.1		membrane dipeptidase	mapped	native_locus_tag	1	PYOVDM2	
CCG_OR16_ACTI_72720	OR16	Actinoplanes sp. OR16	AP019371.1	ACTI_72720	ACTI_72720	BBH70587.1		hypothetical protein	mapped	native_locus_tag	1	PTRCt2pp	
CCG_OR16_ACTI_72820	OR16	Actinoplanes sp. OR16	AP019371.1	ACTI_72820	ACTI_72820	BBH70597.1		ABC transporter permease	mapped	native_locus_tag	1	XYLabcpp	
CCG_OR16_ACTI_72840	OR16	Actinoplanes sp. OR16	AP019371.1	ACTI_72840	ACTI_72840	BBH70599.1	chvE	multiple sugar-binding periplasmic receptor ChvE	mapped	native_locus_tag	1	XYLabcpp	
CCG_OR16_ACTI_72880	OR16	Actinoplanes sp. OR16	AP019371.1	ACTI_72880	ACTI_72880	BBH70603.1		L-lactate permease	mapped	native_locus_tag	6	D_LACt2pp;GLYCLTt2r;GLYCLTt2rpp;LACLt2;L_LACt2r;L_LACt2rpp	
CCG_OR16_ACTI_72890	OR16	Actinoplanes sp. OR16	AP019371.1	ACTI_72890	ACTI_72890	BBH70604.1		dehydrogenase	mapped	native_locus_tag	2	HXAND;SELR	
CCG_OR16_ACTI_72900	OR16	Actinoplanes sp. OR16	AP019371.1	ACTI_72900	ACTI_72900	BBH70605.1		FAD-binding molybdopterin dehydrogenase	mapped	native_locus_tag	2	HXAND;XAND	
CCG_OR16_ACTI_72910	OR16	Actinoplanes sp. OR16	AP019371.1	ACTI_72910	ACTI_72910	BBH70606.1	cydA_1	cytochrome ubiquinol oxidase subunit I	mapped	native_locus_tag	2	CYTBD2;CYTB_B2	
CCG_OR16_ACTI_72920	OR16	Actinoplanes sp. OR16	AP019371.1	ACTI_72920	ACTI_72920	BBH70607.1		cytochrome c oxidase assembly protein	mapped	native_locus_tag	2	CYTBD;CYTBD2	
CCG_OR16_ACTI_72930	OR16	Actinoplanes sp. OR16	AP019371.1	ACTI_72930	ACTI_72930	BBH70608.1		hypothetical protein	mapped	native_locus_tag	3	CYTBD;CYTBD2;CYTBD2pp	
CCG_OR16_ACTI_72940	OR16	Actinoplanes sp. OR16	AP019371.1	ACTI_72940	ACTI_72940	BBH70609.1		hypothetical protein	mapped	native_locus_tag	1	CYTBD2pp	
CCG_OR16_ACTI_73110	OR16	Actinoplanes sp. OR16	AP019371.1	ACTI_73110	ACTI_73110	BBH70626.1		copper-translocating P-type ATPase	mapped	native_locus_tag	1	Cut1	
CCG_OR16_ACTI_73180	OR16	Actinoplanes sp. OR16	AP019371.1	ACTI_73180	ACTI_73180	BBH70633.1		hypothetical protein	mapped	native_locus_tag	1	HEX1_1	
CCG_OR16_ACTI_73270	OR16	Actinoplanes sp. OR16	AP019371.1	ACTI_73270	ACTI_73270	BBH70642.1		dimethylallyltransferase	mapped	native_locus_tag	1	GLYOX3	
CCG_OR16_ACTI_73620	OR16	Actinoplanes sp. OR16	AP019371.1	ACTI_73620	ACTI_73620	BBH70677.1		mandelate racemase	mapped	native_locus_tag	1	GALCTD	
CCG_OR16_ACTI_73810	OR16	Actinoplanes sp. OR16	AP019371.1	ACTI_73810	ACTI_73810	BBH70696.1		alcohol dehydrogenase	mapped	native_locus_tag	2	ALCD19;ALCD2x	
CCG_OR16_ACTI_73900	OR16	Actinoplanes sp. OR16	AP019371.1	ACTI_73900	ACTI_73900	BBH70705.1		chloroperoxidase	mapped	native_locus_tag	1	OXOAEL	
CCG_OR16_ACTI_73990	OR16	Actinoplanes sp. OR16	AP019371.1	ACTI_73990	ACTI_73990	BBH70714.1		hypothetical protein	mapped	native_locus_tag	1	THZPSN	
CCG_OR16_ACTI_74210	OR16	Actinoplanes sp. OR16	AP019371.1	ACTI_74210	ACTI_74210	BBH70736.1	pcaC	4-carboxymuconolactone decarboxylase	mapped	native_locus_tag	1	CMLDC	
CCG_OR16_ACTI_74380	OR16	Actinoplanes sp. OR16	AP019371.1	ACTI_74380	ACTI_74380	BBH70753.1	arcB	ornithine carbamoyltransferase, catabolic	mapped	native_locus_tag	2	OCBT;OCBT2i	
CCG_OR16_ACTI_74400	OR16	Actinoplanes sp. OR16	AP019371.1	ACTI_74400	ACTI_74400	BBH70755.1		carbamate kinase	mapped	native_locus_tag	1	CBMK4	
CCG_OR16_ACTI_74410	OR16	Actinoplanes sp. OR16	AP019371.1	ACTI_74410	ACTI_74410	BBH70756.1		hypothetical protein	mapped	native_locus_tag	1	ARGAGMt7pp	
CCG_OR16_ACTI_74570	OR16	Actinoplanes sp. OR16	AP019371.1	ACTI_74570	ACTI_74570	BBH70772.1		ABC transporter ATP-binding protein	mapped	native_locus_tag	1	FE3DCITabcpp	
CCG_OR16_ACTI_74580	OR16	Actinoplanes sp. OR16	AP019371.1	ACTI_74580	ACTI_74580	BBH70773.1		ABC transporter substrate-binding protein	mapped	native_locus_tag	1	FE3DCITabcpp	
CCG_OR16_ACTI_74590	OR16	Actinoplanes sp. OR16	AP019371.1	ACTI_74590	ACTI_74590	BBH70774.1		iron-hydroxamate transporter permease subunit	mapped	native_locus_tag	1	FE3DCITabcpp	
CCG_OR16_ACTI_74620	OR16	Actinoplanes sp. OR16	AP019371.1	ACTI_74620	ACTI_74620	BBH70777.1		sodium:proton antiporter	mapped	native_locus_tag	1	NAt3_1	
CCG_OR16_ACTI_74660	OR16	Actinoplanes sp. OR16	AP019371.1	ACTI_74660	ACTI_74660	BBH70781.1		short-chain dehydrogenase	mapped	native_locus_tag	2	ATHRDHr;LSERDHr	
CCG_OR16_ACTI_74880	OR16	Actinoplanes sp. OR16	AP019371.1	ACTI_74880	ACTI_74880	BBH70803.1		hypothetical protein	mapped	native_locus_tag	4	GALMAN4;GALMAN6;GLCMAN4;GLCMAN6	
CCG_OR16_ACTI_75190	OR16	Actinoplanes sp. OR16	AP019371.1	ACTI_75190	ACTI_75190	BBH70834.1		cytochrome c oxidase assembly protein	mapped	native_locus_tag	1	CYTB_B2	
CCG_OR16_ACTI_75200	OR16	Actinoplanes sp. OR16	AP019371.1	ACTI_75200	ACTI_75200	BBH70835.1		hypothetical protein	mapped	native_locus_tag	2	CYTBD;CYTBD2	
CCG_OR16_ACTI_75370	OR16	Actinoplanes sp. OR16	AP019371.1	ACTI_75370	ACTI_75370	BBH70852.1		hypothetical protein	mapped	native_locus_tag	1	HISTP	
CCG_OR16_ACTI_75400	OR16	Actinoplanes sp. OR16	AP019371.1	ACTI_75400	ACTI_75400	BBH70855.1		aldehyde dehydrogenase	mapped	native_locus_tag	14	ABUTD;ALDD19xr;ALDD2x;BETALDHx;BETALDHy;GCALDD;GDBTALDH;GG15DAPDxr;GGDAPDxr;GGGABADr;GGGABADxr;LCADi;SSALx;SSALy	
CCG_OR16_ACTI_75460	OR16	Actinoplanes sp. OR16	AP019371.1	ACTI_75460	ACTI_75460	BBH70861.1		dihydropteroate synthase	mapped	native_locus_tag	3	DHPS;DHPS2;FOLD3	
CCG_OR16_ACTI_75580	OR16	Actinoplanes sp. OR16	AP019371.1	ACTI_75580	ACTI_75580	BBH70873.1		permease	mapped	native_locus_tag	1	GLCNt2rpp	
CCG_OR16_ACTI_75630	OR16	Actinoplanes sp. OR16	AP019371.1	ACTI_75630	ACTI_75630	BBH70878.1	htpG	chaperone protein HtpG	mapped	native_locus_tag	3	GUAt;THYMt;URAt	
CCG_OR16_ACTI_75650	OR16	Actinoplanes sp. OR16	AP019371.1	ACTI_75650	ACTI_75650	BBH70880.1		xanthine/uracil permease	mapped	native_locus_tag	7	GUAt2pp;URATEt_1;URATEtpp;URAt2;URAt2pp;XANt2;XANt2pp	
CCG_OR16_ACTI_75730	OR16	Actinoplanes sp. OR16	AP019371.1	ACTI_75730	ACTI_75730	BBH70888.1		membrane protein	mapped	native_locus_tag	6	PSSA120;PSSA141;PSSA160;PSSA161;PSSA180;PSSA181	
CCG_OR16_ACTI_75790	OR16	Actinoplanes sp. OR16	AP019371.1	ACTI_75790	ACTI_75790	BBH70894.1		hypothetical protein	mapped	native_locus_tag	1	DCTPD	
CCG_OR16_ACTI_75800	OR16	Actinoplanes sp. OR16	AP019371.1	ACTI_75800	ACTI_75800	BBH70895.1	ribA_4	GTP cyclohydrolase II	mapped	native_locus_tag	3	DB4PS;GTPCII;GTPCII2	
CCG_OR16_ACTI_75860	OR16	Actinoplanes sp. OR16	AP019371.1	ACTI_75860	ACTI_75860	BBH70901.1		pyruvate, phosphate dikinase	mapped	native_locus_tag	1	PPDK	
CCG_OR16_ACTI_75920	OR16	Actinoplanes sp. OR16	AP019371.1	ACTI_75920	ACTI_75920	BBH70907.1	glcD	FAD-binding protein	mapped	native_locus_tag	7	GLYCLTDx;GLYCTO1;GLYCTO2;GLYCTO3;GLYCTO4;LDH_D2;UAPGR	
CCG_OR16_ACTI_75930	OR16	Actinoplanes sp. OR16	AP019371.1	ACTI_75930	ACTI_75930	BBH70908.1	glcE_2	glycolate oxidase	mapped	native_locus_tag	2	GLYCLTDx;GLYCTO1	
CCG_OR16_ACTI_75940	OR16	Actinoplanes sp. OR16	AP019371.1	ACTI_75940	ACTI_75940	BBH70909.1	glcF	glycolate oxidase iron-sulfur subunit	mapped	native_locus_tag	2	GLYCLTDx;GLYCTO1	
CCG_OR16_ACTI_76100	OR16	Actinoplanes sp. OR16	AP019371.1	ACTI_76100	ACTI_76100	BBH70925.1		NAD-dependent succinate-semialdehyde dehydrogenase	mapped	native_locus_tag	4	OXPTNDH;SSALx;SSALy;SSCOARy	
CCG_OR16_ACTI_76120	OR16	Actinoplanes sp. OR16	AP019371.1	ACTI_76120	ACTI_76120	BBH70927.1		hypothetical protein	mapped	native_locus_tag	7	2MAHMP;DNTPPA;NDP3;NTPP3;NTPP4;NTPP5;TDP	
CCG_OR16_ACTI_76190	OR16	Actinoplanes sp. OR16	AP019371.1	ACTI_76190	ACTI_76190	BBH70934.1		alpha-glucoside ABC transporter substrate-binding protein	mapped	native_locus_tag	1	SUCRabcpp_syn	
CCG_OR16_ACTI_76200	OR16	Actinoplanes sp. OR16	AP019371.1	ACTI_76200	ACTI_76200	BBH70935.1		ABC transporter	mapped	native_locus_tag	1	SUCRabcpp_syn	
CCG_OR16_ACTI_76210	OR16	Actinoplanes sp. OR16	AP019371.1	ACTI_76210	ACTI_76210	BBH70936.1		sugar ABC transporter permease	mapped	native_locus_tag	1	SUCRabcpp_syn	
CCG_OR16_ACTI_76220	OR16	Actinoplanes sp. OR16	AP019371.1	ACTI_76220	ACTI_76220	BBH70937.1		putative reductase	mapped	native_locus_tag	2	FMNRx;FMNRx2	
CCG_OR16_ACTI_76230	OR16	Actinoplanes sp. OR16	AP019371.1	ACTI_76230	ACTI_76230	BBH70938.1		ABC transporter ATP-binding protein	mapped	native_locus_tag	2	ACTNabc;ACTNabc1	
CCG_OR16_ACTI_76470	OR16	Actinoplanes sp. OR16	AP019371.1	ACTI_76470	ACTI_76470	BBH70962.1		glycine/betaine ABC transporter substrate-binding protein	mapped	native_locus_tag	4	CHLabc;CHLabc_rev;GLYBabc;PROabc	
CCG_OR16_ACTI_76480	OR16	Actinoplanes sp. OR16	AP019371.1	ACTI_76480	ACTI_76480	BBH70963.1	proW	glycine/betaine ABC transporter permease	mapped	native_locus_tag	4	CHLabc;CHLabc_rev;GLYBabc;PROabc	
CCG_OR16_ACTI_76490	OR16	Actinoplanes sp. OR16	AP019371.1	ACTI_76490	ACTI_76490	BBH70964.1		glycine/betaine ABC transporter permease	mapped	native_locus_tag	4	CHLabc;CHLabc_rev;GLYBabc;PROabc	
CCG_OR16_ACTI_76500	OR16	Actinoplanes sp. OR16	AP019371.1	ACTI_76500	ACTI_76500	BBH70965.1		proline/glycine betaine ABC transporter ATP-binding protein	mapped	native_locus_tag	4	CHLabc;CHLabc_rev;GLYBabc;PROabc	
CCG_OR16_ACTI_76550	OR16	Actinoplanes sp. OR16	AP019371.1	ACTI_76550	ACTI_76550	BBH70970.1	hutH_3	histidine ammonia-lyase	mapped	native_locus_tag	1	HISDr	
CCG_OR16_ACTI_76560	OR16	Actinoplanes sp. OR16	AP019371.1	ACTI_76560	ACTI_76560	BBH70971.1	ocd	ornithine cyclodeaminase	mapped	native_locus_tag	1	ORNCD	
CCG_OR16_ACTI_76590	OR16	Actinoplanes sp. OR16	AP019371.1	ACTI_76590	ACTI_76590	BBH70974.1		oxidoreductase	mapped	native_locus_tag	3	GG15DAPO;GGDAPO;GGSPMDO	
CCG_OR16_ACTI_76600	OR16	Actinoplanes sp. OR16	AP019371.1	ACTI_76600	ACTI_76600	BBH70975.1		hypothetical protein	mapped	native_locus_tag	1	SLGH	
CCG_OR16_ACTI_76640	OR16	Actinoplanes sp. OR16	AP019371.1	ACTI_76640	ACTI_76640	BBH70979.1	purU	formyltetrahydrofolate deformylase	mapped	native_locus_tag	1	FTHFD	
CCG_OR16_ACTI_76670	OR16	Actinoplanes sp. OR16	AP019371.1	ACTI_76670	ACTI_76670	BBH70982.1		putative asparagine synthetase AsnB	mapped	native_locus_tag	1	ASNS1	
CCG_OR16_ACTI_76780	OR16	Actinoplanes sp. OR16	AP019371.1	ACTI_76780	ACTI_76780	BBH70993.1	gcvH_2	glycine cleavage system H protein	mapped	native_locus_tag	2	GCCb;GLYCL	
CCG_OR16_ACTI_76820	OR16	Actinoplanes sp. OR16	AP019371.1	ACTI_76820	ACTI_76820	BBH70997.1	pgsA_3	CDP-diacylglycerol--glycerol-3-phosphate 3-phosphatidyltransferase	mapped	native_locus_tag	1	PGSA160	
CCG_OR16_ACTI_76870	OR16	Actinoplanes sp. OR16	AP019371.1	ACTI_76870	ACTI_76870	BBH71002.1		PPOX class F420-dependent enzyme	mapped	native_locus_tag	1	PYAM5PO	
CCG_OR16_ACTI_76880	OR16	Actinoplanes sp. OR16	AP019371.1	ACTI_76880	ACTI_76880	BBH71003.1		ABC transporter ATP-binding protein	mapped	native_locus_tag	1	ZNabcpp	
CCG_OR16_ACTI_76940	OR16	Actinoplanes sp. OR16	AP019371.1	ACTI_76940	ACTI_76940	BBH71009.1	glgC	glucose-1-phosphate adenylyltransferase	mapped	native_locus_tag	1	GLGC	
CCG_OR16_ACTI_77100	OR16	Actinoplanes sp. OR16	AP019371.1	ACTI_77100	ACTI_77100	BBH71025.1	zwf_2	glucose-6-phosphate 1-dehydrogenase	mapped	native_locus_tag	2	G6PBDH;G6PDH2r	
CCG_OR16_ACTI_77150	OR16	Actinoplanes sp. OR16	AP019371.1	ACTI_77150	ACTI_77150	BBH71030.1	xylH	sugar ABC transporter permease	mapped	native_locus_tag	1	XYLabcpp	
CCG_OR16_ACTI_77160	OR16	Actinoplanes sp. OR16	AP019371.1	ACTI_77160	ACTI_77160	BBH71031.1	xylG_2	xylose ABC transporter ATP-binding protein	mapped	native_locus_tag	1	XYLabcpp	
CCG_OR16_ACTI_77180	OR16	Actinoplanes sp. OR16	AP019371.1	ACTI_77180	ACTI_77180	BBH71033.1	araA_2	L-arabinose isomerase	mapped	native_locus_tag	1	ARAI	
CCG_OR16_ACTI_77210	OR16	Actinoplanes sp. OR16	AP019371.1	ACTI_77210	ACTI_77210	BBH71036.1		PPOX class F420-dependent enzyme	mapped	native_locus_tag	1	PYAM5PO	
CCG_OR16_ACTI_77260	OR16	Actinoplanes sp. OR16	AP019371.1	ACTI_77260	ACTI_77260	BBH71041.1		hypothetical protein	mapped	native_locus_tag	1	DGUNC	
CCG_OR16_ACTI_77270	OR16	Actinoplanes sp. OR16	AP019371.1	ACTI_77270	ACTI_77270	BBH71042.1		hypothetical protein	mapped	native_locus_tag	1	THRt2pp	
CCG_OR16_ACTI_77420	OR16	Actinoplanes sp. OR16	AP019371.1	ACTI_77420	ACTI_77420	BBH71057.1		membrane protein	mapped	native_locus_tag	2	ACTNabc;ACTNabc1	
CCG_OR16_ACTI_77460	OR16	Actinoplanes sp. OR16	AP019371.1	ACTI_77460	ACTI_77460	BBH71061.1		sulfotransferase	mapped	native_locus_tag	1	Kabc	
CCG_OR16_ACTI_77530	OR16	Actinoplanes sp. OR16	AP019371.1	ACTI_77530	ACTI_77530	BBH71068.1		isocitrate lyase	mapped	native_locus_tag	2	ICL;MCITL2	
CCG_OR16_ACTI_77540	OR16	Actinoplanes sp. OR16	AP019371.1	ACTI_77540	ACTI_77540	BBH71069.1	aceB_2	malate synthase	mapped	native_locus_tag	1	MALS	
CCG_OR16_ACTI_77700	OR16	Actinoplanes sp. OR16	AP019371.1	ACTI_77700	ACTI_77700	BBH71085.1		lysine transporter LysE	mapped	native_locus_tag	1	LYSt3pp	
CCG_OR16_ACTI_77730	OR16	Actinoplanes sp. OR16	AP019371.1	ACTI_77730	ACTI_77730	BBH71088.1		ABC transporter permease	mapped	native_locus_tag	3	SELabcpp;SELtpp;SULabcpp	
CCG_OR16_ACTI_77740	OR16	Actinoplanes sp. OR16	AP019371.1	ACTI_77740	ACTI_77740	BBH71089.1		ABC transporter permease	mapped	native_locus_tag	2	SULabc;TSULabc	
CCG_OR16_ACTI_77750	OR16	Actinoplanes sp. OR16	AP019371.1	ACTI_77750	ACTI_77750	BBH71090.1		ABC transporter ATP-binding protein	mapped	native_locus_tag	7	CRO4abcpp;PTRCabc;SELabcpp;SELtpp;SULabc;SULabcpp;TSULabc	
CCG_OR16_ACTI_77810	OR16	Actinoplanes sp. OR16	AP019371.1	ACTI_77810	ACTI_77810	BBH71096.1		iron ABC transporter permease	mapped	native_locus_tag	2	FEENTERabcpp;SALCHS4FEabcpp	
CCG_OR16_ACTI_77820	OR16	Actinoplanes sp. OR16	AP019371.1	ACTI_77820	ACTI_77820	BBH71097.1		ABC transporter substrate-binding protein	mapped	native_locus_tag	5	FE2abc;FE3DCITabc;SMIA1;SMIA1Eabc;SMIB1	
CCG_OR16_ACTI_77850	OR16	Actinoplanes sp. OR16	AP019371.1	ACTI_77850	ACTI_77850	BBH71100.1		ABC transporter permease	mapped	native_locus_tag	2	FEENTERabcpp;SALCHS4FEabcpp	
CCG_OR16_ACTI_77860	OR16	Actinoplanes sp. OR16	AP019371.1	ACTI_77860	ACTI_77860	BBH71101.1		ABC transporter	mapped	native_locus_tag	2	FEENTERabcpp;SALCHS4FEabcpp	
CCG_OR16_ACTI_77880	OR16	Actinoplanes sp. OR16	AP019371.1	ACTI_77880	ACTI_77880	BBH71103.1		putative acetolactate synthase large subunit IlvB	mapped	native_locus_tag	2	ACHBS;ACLS	
CCG_OR16_ACTI_77900	OR16	Actinoplanes sp. OR16	AP019371.1	ACTI_77900	ACTI_77900	BBH71105.1		hydroxyglutarate oxidase	mapped	native_locus_tag	1	SHGO	
CCG_OR16_ACTI_77910	OR16	Actinoplanes sp. OR16	AP019371.1	ACTI_77910	ACTI_77910	BBH71106.1		aldehyde dehydrogenase	mapped	native_locus_tag	1	ALDD2x	
CCG_OR16_ACTI_77950	OR16	Actinoplanes sp. OR16	AP019371.1	ACTI_77950	ACTI_77950	BBH71110.1		alpha/beta hydrolase	mapped	native_locus_tag	1	SHCHCS3	
CCG_OR16_ACTI_77960	OR16	Actinoplanes sp. OR16	AP019371.1	ACTI_77960	ACTI_77960	BBH71111.1		hypothetical protein	mapped	native_locus_tag	1	MLG	
CCG_OR16_ACTI_78010	OR16	Actinoplanes sp. OR16	AP019371.1	ACTI_78010	ACTI_78010	BBH71116.1	rbsB	D-ribose ABC transporter substrate-binding protein	mapped	native_locus_tag	4	DRIBabc;RIBabc;RIBabc1;RIBabcpp	
CCG_OR16_ACTI_78020	OR16	Actinoplanes sp. OR16	AP019371.1	ACTI_78020	ACTI_78020	BBH71117.1		ribose ABC transporter permease	mapped	native_locus_tag	2	RIBabc;RIBabcpp	
CCG_OR16_ACTI_78170	OR16	Actinoplanes sp. OR16	AP019371.1	ACTI_78170	ACTI_78170	BBH71132.1		hypothetical protein	mapped	native_locus_tag	1	DGUNC	
CCG_OR16_ACTI_78180	OR16	Actinoplanes sp. OR16	AP019371.1	ACTI_78180	ACTI_78180	BBH71133.1		SARP family transcriptional regulator	mapped	native_locus_tag	1	ADNCYC	
CCG_OR16_ACTI_78190	OR16	Actinoplanes sp. OR16	AP019371.1	ACTI_78190	ACTI_78190	BBH71134.1		daunorubicin resistance protein DrrA family ABC transporter ATP-binding protein	mapped	native_locus_tag	1	PPDIMAT	
CCG_OR16_ACTI_78200	OR16	Actinoplanes sp. OR16	AP019371.1	ACTI_78200	ACTI_78200	BBH71135.1		transport permease protein	mapped	native_locus_tag	1	PPDIMAT	
CCG_OR16_ACTI_78500	OR16	Actinoplanes sp. OR16	AP019371.1	ACTI_78500	ACTI_78500	BBH71165.1		hypothetical protein	mapped	native_locus_tag	1	CDGUNPD	
CCG_OR16_ACTI_78510	OR16	Actinoplanes sp. OR16	AP019371.1	ACTI_78510	ACTI_78510	BBH71166.1	fadD_3	long-chain-fatty-acid--CoA ligase	mapped	native_locus_tag	11	FACOAL140;FACOAL140_ISO;FACOAL150_ISO;FACOAL150_anteiso;FACOAL160;FACOAL160_ISO;FACOAL161;FACOAL170_ISO;FACOAL170_anteiso;FACOAL180_2;FACOAL181	
CCG_OR16_ACTI_78530	OR16	Actinoplanes sp. OR16	AP019371.1	ACTI_78530	ACTI_78530	BBH71168.1		putative glutamine-binding protein GlnH	mapped	native_locus_tag	1	GLNabc	
CCG_OR16_ACTI_78550	OR16	Actinoplanes sp. OR16	AP019371.1	ACTI_78550	ACTI_78550	BBH71170.1		putative serine/threonine-protein kinase	mapped	native_locus_tag	1	LTHRK	
CCG_OR16_ACTI_78710	OR16	Actinoplanes sp. OR16	AP019371.1	ACTI_78710	ACTI_78710	BBH71186.1		hypothetical protein	mapped	native_locus_tag	1	DAGK160	
CCG_OR16_ACTI_78770	OR16	Actinoplanes sp. OR16	AP019371.1	ACTI_78770	ACTI_78770	BBH71192.1		cation diffusion facilitator transporter	mapped	native_locus_tag	10	CD2t3pp;COBALT2t3pp;COBALTt5;FE2t;FE2t3pp;MGt5;MN2t3pp;NI2t3pp;ZN2t3pp;r2465_1	
CCG_OR16_ACTI_78960	OR16	Actinoplanes sp. OR16	AP019371.1	ACTI_78960	ACTI_78960	BBH71211.1		haloacid dehalogenase	mapped	native_locus_tag	5	F1PP;F6PP;G1PP;G6PP;R5PP	
CCG_OR16_ACTI_78980	OR16	Actinoplanes sp. OR16	AP019371.1	ACTI_78980	ACTI_78980	BBH71213.1		ABC transporter ATP-binding protein	mapped	native_locus_tag	1	ACTNabc	
CCG_OR16_ACTI_79170	OR16	Actinoplanes sp. OR16	AP019371.1	ACTI_79170	ACTI_79170	BBH71232.1	cysS_2	L-cysteine:1D-myo-inositol 2-amino-2-deoxy-alpha-D-glucopyranoside ligase	mapped	native_locus_tag	1	CIGAMS	
CCG_OR16_ACTI_79200	OR16	Actinoplanes sp. OR16	AP019371.1	ACTI_79200	ACTI_79200	BBH71235.1		phosphoglycerate mutase	mapped	native_locus_tag	2	PGM;PSP_1	
CCG_OR16_ACTI_79250	OR16	Actinoplanes sp. OR16	AP019371.1	ACTI_79250	ACTI_79250	BBH71240.1		peptidase M20	mapped	native_locus_tag	1	ACODA	
CCG_OR16_ACTI_79670	OR16	Actinoplanes sp. OR16	AP019371.1	ACTI_79670	ACTI_79670	BBH71282.1		gluconate kinase	mapped	native_locus_tag	3	GNK_1;GNKr;XYLK	
CCG_OR16_ACTI_79680	OR16	Actinoplanes sp. OR16	AP019371.1	ACTI_79680	ACTI_79680	BBH71283.1	gltA_2	citrate synthase	mapped	native_locus_tag	1	CS	
CCG_OR16_ACTI_79740	OR16	Actinoplanes sp. OR16	AP019371.1	ACTI_79740	ACTI_79740	BBH71289.1		cobalamin-binding protein	mapped	native_locus_tag	1	METS	
CCG_OR16_ACTI_79860	OR16	Actinoplanes sp. OR16	AP019371.1	ACTI_79860	ACTI_79860	BBH71301.1		polyphosphate glucokinase	mapped	native_locus_tag	2	G6PP;HEX1	
CCG_OR16_ACTI_79930	OR16	Actinoplanes sp. OR16	AP019371.1	ACTI_79930	ACTI_79930	BBH71308.1	treS	trehalose synthase/amylase TreS	mapped	native_locus_tag	1	MTI	
CCG_OR16_ACTI_79940	OR16	Actinoplanes sp. OR16	AP019371.1	ACTI_79940	ACTI_79940	BBH71309.1	mak	maltokinase	mapped	native_locus_tag	1	MAK	
CCG_OR16_ACTI_80060	OR16	Actinoplanes sp. OR16	AP019371.1	ACTI_80060	ACTI_80060	BBH71321.1		oxidoreductase	mapped	native_locus_tag	1	NADH6	
CCG_OR16_ACTI_80130	OR16	Actinoplanes sp. OR16	AP019371.1	ACTI_80130	ACTI_80130	BBH71328.1	gcdH	glutaryl-CoA dehydrogenase	mapped	native_locus_tag	1	GLUTCOADHc	
CCG_OR16_ACTI_80170	OR16	Actinoplanes sp. OR16	AP019371.1	ACTI_80170	ACTI_80170	BBH71332.1	glpQ	glycerophosphoryl diester phosphodiesterase	mapped	native_locus_tag	2	GPDDA1;GPDDA2	
CCG_OR16_ACTI_80220	OR16	Actinoplanes sp. OR16	AP019371.1	ACTI_80220	ACTI_80220	BBH71337.1		aminotransferase	mapped	native_locus_tag	3	ABTA;ACOTA;APTNAT	
CCG_OR16_ACTI_80230	OR16	Actinoplanes sp. OR16	AP019371.1	ACTI_80230	ACTI_80230	BBH71338.1		GntR family transcriptional regulator	mapped	native_locus_tag	4	AATA;PHETA1;TRPTA;TYRTA	
CCG_OR16_ACTI_80240	OR16	Actinoplanes sp. OR16	AP019371.1	ACTI_80240	ACTI_80240	BBH71339.1		apolipoprotein acyltransferase	mapped	native_locus_tag	1	CBPAH	
CCG_OR16_ACTI_80250	OR16	Actinoplanes sp. OR16	AP019371.1	ACTI_80250	ACTI_80250	BBH71340.1	hydA	dihydropyrimidinase	mapped	native_locus_tag	2	DHPD;DHPM2	
CCG_OR16_ACTI_80390	OR16	Actinoplanes sp. OR16	AP019371.1	ACTI_80390	ACTI_80390	BBH71354.1		glyceraldehyde-3-phosphate dehydrogenase	mapped	native_locus_tag	3	E4PD;GAPD;GAPDi_nadp	
CCG_OR16_ACTI_80560	OR16	Actinoplanes sp. OR16	AP019371.1	ACTI_80560	ACTI_80560	BBH71371.1	uxuB	mannitol dehydrogenase	mapped	native_locus_tag	1	MANAO	
CCG_OR16_ACTI_80570	OR16	Actinoplanes sp. OR16	AP019371.1	ACTI_80570	ACTI_80570	BBH71372.1	uxaC_2	uronate isomerase	mapped	native_locus_tag	2	GUI1;GUI2	
CCG_OR16_ACTI_80580	OR16	Actinoplanes sp. OR16	AP019371.1	ACTI_80580	ACTI_80580	BBH71373.1		dehydrogenase	mapped	native_locus_tag	1	INOSR	
CCG_OR16_ACTI_80600	OR16	Actinoplanes sp. OR16	AP019371.1	ACTI_80600	ACTI_80600	BBH71375.1		sugar ABC transporter substrate-binding protein	mapped	native_locus_tag	1	LCTSabc	
CCG_OR16_ACTI_80610	OR16	Actinoplanes sp. OR16	AP019371.1	ACTI_80610	ACTI_80610	BBH71376.1		sugar ABC transporter permease	mapped	native_locus_tag	1	LCTSabc	
CCG_OR16_ACTI_80620	OR16	Actinoplanes sp. OR16	AP019371.1	ACTI_80620	ACTI_80620	BBH71377.1		sugar ABC transporter permease	mapped	native_locus_tag	1	LCTSabc	
CCG_OR16_ACTI_80660	OR16	Actinoplanes sp. OR16	AP019371.1	ACTI_80660	ACTI_80660	BBH71381.1		phosphatase	mapped	native_locus_tag	6	ALKP;F1PP;F6PP;GNP;PGMT;R5PP	
CCG_OR16_ACTI_80770	OR16	Actinoplanes sp. OR16	AP019371.1	ACTI_80770	ACTI_80770	BBH71392.1		dihydroxyacetone kinase subunit L	mapped	native_locus_tag	1	DHAPT	
CCG_OR16_ACTI_80780	OR16	Actinoplanes sp. OR16	AP019371.1	ACTI_80780	ACTI_80780	BBH71393.1	dhaK	dihydroxyacetone kinase subunit DhaK	mapped	native_locus_tag	1	DHAPT	
CCG_OR16_ACTI_80790	OR16	Actinoplanes sp. OR16	AP019371.1	ACTI_80790	ACTI_80790	BBH71394.1		PTS fructose transporter subunit IIA	mapped	native_locus_tag	1	DHAPT	
CCG_OR16_ACTI_80800	OR16	Actinoplanes sp. OR16	AP019371.1	ACTI_80800	ACTI_80800	BBH71395.1		hypothetical protein	mapped	native_locus_tag	8	CELBpts;DHAPT;FRUpts2pp;FRUptspp;GLCptspp;MALTptspp;MNLptspp;SUCptspp	
CCG_OR16_ACTI_80820	OR16	Actinoplanes sp. OR16	AP019371.1	ACTI_80820	ACTI_80820	BBH71397.1		hypothetical protein	mapped	native_locus_tag	11	ECHA191;ECHA192;FAS100;FAS120;FAS140;FAS160;FAS161;FAS180;FAS181;FAS200;FAS80_L	
CCG_OR16_ACTI_80840	OR16	Actinoplanes sp. OR16	AP019371.1	ACTI_80840	ACTI_80840	BBH71399.1	atoB_4	acetyl-CoA acetyltransferase	mapped	native_locus_tag	1	MACCOAT	
CCG_OR16_ACTI_80900	OR16	Actinoplanes sp. OR16	AP019371.1	ACTI_80900	ACTI_80900	BBH71405.1		methyltransferase	mapped	native_locus_tag	2	GTHOr;TRDR	
CCG_OR16_ACTI_80920	OR16	Actinoplanes sp. OR16	AP019371.1	ACTI_80920	ACTI_80920	BBH71407.1		phosphoglycerate dehydrogenase	mapped	native_locus_tag	1	PGCD	
CCG_OR16_ACTI_80980	OR16	Actinoplanes sp. OR16	AP019371.1	ACTI_80980	ACTI_80980	BBH71413.1		hypothetical protein	mapped	native_locus_tag	3	CDGUNPD;PDE1;PDE4	
CCG_OR16_ACTI_81050	OR16	Actinoplanes sp. OR16	AP019371.1	ACTI_81050	ACTI_81050	BBH71420.1		acyl-CoA synthetase	mapped	native_locus_tag	1	SUCBZL	
CCG_OR16_ACTI_81060	OR16	Actinoplanes sp. OR16	AP019371.1	ACTI_81060	ACTI_81060	BBH71421.1		MaoC family dehydratase	mapped	native_locus_tag	25	HBCHLR;RECOAH10;RECOAH11;RECOAH12;RECOAH13;RECOAH14;RECOAH15;RECOAH16;RECOAH17;RECOAH19;RECOAH2;RECOAH20;RECOAH21;RECOAH22;RECOAH23;RECOAH24;RECOAH25;RECOAH26;RECOAH3;RECOAH4;RECOAH5;RECOAH6;RECOAH7;RECOAH8;RECOAH9	
CCG_OR16_ACTI_81140	OR16	Actinoplanes sp. OR16	AP019371.1	ACTI_81140	ACTI_81140	BBH71429.1	dppF	ABC transporter ATP-binding protein	mapped	native_locus_tag	2	COabc;ZNabc	
CCG_OR16_ACTI_81150	OR16	Actinoplanes sp. OR16	AP019371.1	ACTI_81150	ACTI_81150	BBH71430.1		ABC transporter ATP-binding protein	mapped	native_locus_tag	1	ALAALAabcpp	
CCG_OR16_ACTI_81170	OR16	Actinoplanes sp. OR16	AP019371.1	ACTI_81170	ACTI_81170	BBH71432.1		ABC transporter permease	mapped	native_locus_tag	3	3PEPTabcpp;4PEPTabcpp;NI2uabcpp	
CCG_OR16_ACTI_81180	OR16	Actinoplanes sp. OR16	AP019371.1	ACTI_81180	ACTI_81180	BBH71433.1		ABC transporter substrate-binding protein	mapped	native_locus_tag	1	3PEPTabcpp	
CCG_OR16_ACTI_81260	OR16	Actinoplanes sp. OR16	AP019371.1	ACTI_81260	ACTI_81260	BBH71441.1		transketolase	mapped	native_locus_tag	2	TKT1;TKT2	
CCG_OR16_ACTI_81270	OR16	Actinoplanes sp. OR16	AP019371.1	ACTI_81270	ACTI_81270	BBH71442.1		1-deoxy-D-xylulose-5-phosphate synthase	mapped	native_locus_tag	2	TKT1;TKT2	
CCG_OR16_ACTI_81390	OR16	Actinoplanes sp. OR16	AP019371.1	ACTI_81390	ACTI_81390	BBH71454.1	livM_2	branched-chain amino acid ABC transporter permease	mapped	native_locus_tag	3	ILEabcpp;LEUabcpp;VALabcpp	
CCG_OR16_ACTI_81400	OR16	Actinoplanes sp. OR16	AP019371.1	ACTI_81400	ACTI_81400	BBH71455.1		branched-chain amino acid ABC transporter permease	mapped	native_locus_tag	3	ILEabcpp;LEUabcpp;VALabcpp	
CCG_OR16_ACTI_81410	OR16	Actinoplanes sp. OR16	AP019371.1	ACTI_81410	ACTI_81410	BBH71456.1		ABC transporter ATP-binding protein	mapped	native_locus_tag	4	DALAabcpp;ILEabcpp;LEUabcpp;VALabcpp	
CCG_OR16_ACTI_81420	OR16	Actinoplanes sp. OR16	AP019371.1	ACTI_81420	ACTI_81420	BBH71457.1		ABC transporter ATP-binding protein	mapped	native_locus_tag	4	ILEabcpp;LEUabcpp;THRabcpp;VALabcpp	
CCG_OR16_ACTI_81430	OR16	Actinoplanes sp. OR16	AP019371.1	ACTI_81430	ACTI_81430	BBH71458.1	livK-1	branched-chain amino acid ABC transporter substrate-binding protein	mapped	native_locus_tag	3	ILEabcpp;LEUabcpp;VALabcpp	
CCG_OR16_ACTI_81490	OR16	Actinoplanes sp. OR16	AP019371.1	ACTI_81490	ACTI_81490	BBH71464.1		putative NADH dehydrogenase	mapped	native_locus_tag	1	NADH5	
CCG_OR16_ACTI_81500	OR16	Actinoplanes sp. OR16	AP019371.1	ACTI_81500	ACTI_81500	BBH71465.1	tdk_2	thymidine kinase	mapped	native_locus_tag	2	DURIK1;TMDK1	
CCG_OR16_ACTI_81520	OR16	Actinoplanes sp. OR16	AP019371.1	ACTI_81520	ACTI_81520	BBH71467.1		hypothetical protein	mapped	native_locus_tag	15	PE120abcpp;PE141abcpp;PE160abcpp;PE161abcpp;PE180abcpp;PE181abcpp;PG140abcpp;PG160abcpp;PG161abcpp;PG180abcpp;PG181abcpp;PGP160abcpp;PGP161abcpp;PGP180abcpp;PGP181abcpp	
CCG_OR16_ACTI_81530	OR16	Actinoplanes sp. OR16	AP019371.1	ACTI_81530	ACTI_81530	BBH71468.1		ABC transporter ATP-binding protein	mapped	native_locus_tag	2	FEENTER2tpp;SALCHS4abcpp	
CCG_OR16_ACTI_81570	OR16	Actinoplanes sp. OR16	AP019371.1	ACTI_81570	ACTI_81570	BBH71472.1		CoA ester lyase	mapped	native_locus_tag	1	CITL	
CCG_OR16_ACTI_81580	OR16	Actinoplanes sp. OR16	AP019371.1	ACTI_81580	ACTI_81580	BBH71473.1		isovaleryl-CoA dehydrogenase	mapped	native_locus_tag	2	MB2CFO;T2ECR	
CCG_OR16_ACTI_81600	OR16	Actinoplanes sp. OR16	AP019371.1	ACTI_81600	ACTI_81600	BBH71475.1		thiolase	mapped	native_locus_tag	1	ACACT1r	
CCG_OR16_ACTI_81670	OR16	Actinoplanes sp. OR16	AP019371.1	ACTI_81670	ACTI_81670	BBH71482.1		transcription regulatory protein	mapped	native_locus_tag	11	RECOAH10;RECOAH12;RECOAH13;RECOAH14;RECOAH15;RECOAH16;RECOAH19;RECOAH2;RECOAH3;RECOAH8;RECOAH9	
CCG_OR16_ACTI_81720	OR16	Actinoplanes sp. OR16	AP019371.1	ACTI_81720	ACTI_81720	BBH71487.1		aldehyde dehydrogenase	mapped	native_locus_tag	8	4ABUTD;ABUTD;ALDD20x;ALDD20y;ALDD2x;ALDD2y;GLYALDDr;NABTNO	
CCG_OR16_ACTI_81730	OR16	Actinoplanes sp. OR16	AP019371.1	ACTI_81730	ACTI_81730	BBH71488.1	prpB	2-methylisocitrate lyase	mapped	native_locus_tag	1	MCITL2	
CCG_OR16_ACTI_81750	OR16	Actinoplanes sp. OR16	AP019371.1	ACTI_81750	ACTI_81750	BBH71490.1		aldehyde dehydrogenase	mapped	native_locus_tag	9	4ABUTD;ABUTD;ALDD19xr;ALDD20x;ALDD20y;ALDD2x;ALDD2y;GLYALDDr;NABTNO	
CCG_OR16_ACTI_81870	OR16	Actinoplanes sp. OR16	AP019371.1	ACTI_81870	ACTI_81870	BBH71502.1		igiC	mapped	native_locus_tag	1	MALEI	
CCG_OR16_ACTI_81890	OR16	Actinoplanes sp. OR16	AP019371.1	ACTI_81890	ACTI_81890	BBH71504.1		ABC transporter	mapped	native_locus_tag	4	ILEabcpp;LEUabcpp;THRabcpp;VALabcpp	
CCG_OR16_ACTI_81950	OR16	Actinoplanes sp. OR16	AP019371.1	ACTI_81950	ACTI_81950	BBH71510.1		MmgE/Prp family protein	mapped	native_locus_tag	1	MCITD	
CCG_OR16_ACTI_81980	OR16	Actinoplanes sp. OR16	AP019371.1	ACTI_81980	ACTI_81980	BBH71513.1		dihydroorotase-like protein	mapped	native_locus_tag	2	ALLTN;DHORTS	
CCG_OR16_ACTI_82050	OR16	Actinoplanes sp. OR16	AP019371.1	ACTI_82050	ACTI_82050	BBH71520.1		N-carbamoylsarcosine amidase	mapped	native_locus_tag	1	PYRZAM	
CCG_OR16_ACTI_82060	OR16	Actinoplanes sp. OR16	AP019371.1	ACTI_82060	ACTI_82060	BBH71521.1		succinyl-CoA--D-citramalate CoA-transferase	mapped	native_locus_tag	1	FORCT	
CCG_OR16_ACTI_82070	OR16	Actinoplanes sp. OR16	AP019371.1	ACTI_82070	ACTI_82070	BBH71522.1		hydroxymethylglutaryl-CoA lyase	mapped	native_locus_tag	1	HMGL	
CCG_OR16_ACTI_82150	OR16	Actinoplanes sp. OR16	AP019371.1	ACTI_82150	ACTI_82150	BBH71530.1		sugar ABC transporter substrate-binding protein	mapped	native_locus_tag	1	ARBabc	
CCG_OR16_ACTI_82240	OR16	Actinoplanes sp. OR16	AP019371.1	ACTI_82240	ACTI_82240	BBH71539.1		hypothetical protein	mapped	native_locus_tag	1	HIBD	
CCG_OR16_ACTI_82250	OR16	Actinoplanes sp. OR16	AP019371.1	ACTI_82250	ACTI_82250	BBH71540.1		GlcNAc-PI de-N-acetylase	mapped	native_locus_tag	1	OMAHY	
CCG_OR16_ACTI_82260	OR16	Actinoplanes sp. OR16	AP019371.1	ACTI_82260	ACTI_82260	BBH71541.1		4-carboxy-4-hydroxy-2-oxoadipate aldolase/oxaloacetate decarboxylase	mapped	native_locus_tag	1	OCAALD	
CCG_OR16_ACTI_82270	OR16	Actinoplanes sp. OR16	AP019371.1	ACTI_82270	ACTI_82270	BBH71542.1		hypothetical protein	mapped	native_locus_tag	1	OMAIS	
CCG_OR16_ACTI_82350	OR16	Actinoplanes sp. OR16	AP019371.1	ACTI_82350	ACTI_82350	BBH71550.1		hypothetical protein	mapped	native_locus_tag	2	HXAND;XAND	
CCG_OR16_ACTI_82370	OR16	Actinoplanes sp. OR16	AP019371.1	ACTI_82370	ACTI_82370	BBH71552.1		carbon-monoxide dehydrogenase large subunit	mapped	native_locus_tag	1	COCO2	
CCG_OR16_ACTI_82380	OR16	Actinoplanes sp. OR16	AP019371.1	ACTI_82380	ACTI_82380	BBH71553.1		(2Fe-2S)-binding protein	mapped	native_locus_tag	1	COCO2	
CCG_OR16_ACTI_82390	OR16	Actinoplanes sp. OR16	AP019371.1	ACTI_82390	ACTI_82390	BBH71554.1		carbon monoxide dehydrogenase medium subunit	mapped	native_locus_tag	1	COCO2	
CCG_OR16_ACTI_82400	OR16	Actinoplanes sp. OR16	AP019371.1	ACTI_82400	ACTI_82400	BBH71555.1		hypothetical protein	mapped	native_locus_tag	2	HXAND;XAND	
CCG_OR16_ACTI_82440	OR16	Actinoplanes sp. OR16	AP019371.1	ACTI_82440	ACTI_82440	BBH71559.1		carbonate dehydratase	mapped	native_locus_tag	2	Cuabc;Cut1	
CCG_OR16_ACTI_82570	OR16	Actinoplanes sp. OR16	AP019371.1	ACTI_82570	ACTI_82570	BBH71572.1		FAD-dependent oxidoreductase	mapped	native_locus_tag	1	G3PD5	
CCG_OR16_ACTI_82580	OR16	Actinoplanes sp. OR16	AP019371.1	ACTI_82580	ACTI_82580	BBH71573.1	glpK_3	glycerol kinase	mapped	native_locus_tag	1	GLYK	
CCG_OR16_ACTI_82590	OR16	Actinoplanes sp. OR16	AP019371.1	ACTI_82590	ACTI_82590	BBH71574.1		aquaporin	mapped	native_locus_tag	7	12PPDt;GLYCt;GLYCtpp;GLYtpp;H2Ot;UREAt;UREAtpp	
CCG_OR16_ACTI_82610	OR16	Actinoplanes sp. OR16	AP019371.1	ACTI_82610	ACTI_82610	BBH71576.1	glpK_4	glycerol kinase	mapped	native_locus_tag	1	GLYK	
CCG_OR16_ACTI_82820	OR16	Actinoplanes sp. OR16	AP019371.1	ACTI_82820	ACTI_82820	BBH71597.1	yycR	putative zinc-type alcohol dehydrogenase-like protein YycR	mapped	native_locus_tag	2	ALDD1;FALDM	
CCG_OR16_ACTI_82900	OR16	Actinoplanes sp. OR16	AP019371.1	ACTI_82900	ACTI_82900	BBH71605.1		dTDP-glucose 4,6-dehydratase	mapped	native_locus_tag	1	UDPG4E	
CCG_OR16_ACTI_83040	OR16	Actinoplanes sp. OR16	AP019371.1	ACTI_83040	ACTI_83040	BBH71619.1	fusA_3	translation elongation factor G	mapped	native_locus_tag	1	NTP3	
CCG_OR16_ACTI_83160	OR16	Actinoplanes sp. OR16	AP019371.1	ACTI_83160	ACTI_83160	BBH71631.1		C4-dicarboxylate transporter DctA	mapped	native_locus_tag	3	FUMt2r;MALt2r;SUCCt2r	
CCG_OR16_ACTI_83200	OR16	Actinoplanes sp. OR16	AP019371.1	ACTI_83200	ACTI_83200	BBH71635.1		transport permease protein	mapped	native_locus_tag	1	PPDIMAT	
CCG_OR16_ACTI_83300	OR16	Actinoplanes sp. OR16	AP019371.1	ACTI_83300	ACTI_83300	BBH71645.1		potassium transporter Trk	mapped	native_locus_tag	3	Kt2pp;Kt2r;NAKt2pp	
CCG_OR16_ACTI_83310	OR16	Actinoplanes sp. OR16	AP019371.1	ACTI_83310	ACTI_83310	BBH71646.1		potassium transporter	mapped	native_locus_tag	2	Kt1;Kt2r	
CCG_OR16_ACTI_83410	OR16	Actinoplanes sp. OR16	AP019371.1	ACTI_83410	ACTI_83410	BBH71656.1		UDP-N-acetylglucosamine 2-epimerase	mapped	native_locus_tag	2	UAG2E;UAG2EMA	
CCG_OR16_ACTI_83460	OR16	Actinoplanes sp. OR16	AP019371.1	ACTI_83460	ACTI_83460	BBH71661.1		hypothetical protein	mapped	native_locus_tag	1	FBACS	
CCG_OR16_ACTI_83570	OR16	Actinoplanes sp. OR16	AP019371.1	ACTI_83570	ACTI_83570	BBH71672.1		zinc-dependent alcohol dehydrogenase	mapped	native_locus_tag	3	AALDH;ALCD19;ALCD2x	
CCG_OR16_ACTI_83580	OR16	Actinoplanes sp. OR16	AP019371.1	ACTI_83580	ACTI_83580	BBH71673.1		formate acetyltransferase	mapped	native_locus_tag	2	OBTFL;PFL	
CCG_OR16_ACTI_83590	OR16	Actinoplanes sp. OR16	AP019371.1	ACTI_83590	ACTI_83590	BBH71674.1	pflA	pyruvate formate-lyase-activating enzyme	mapped	native_locus_tag	2	OBTFL;PFL	
CCG_OR16_ACTI_83610	OR16	Actinoplanes sp. OR16	AP019371.1	ACTI_83610	ACTI_83610	BBH71676.1		cobalt transporter	mapped	native_locus_tag	5	CD2t3pp;COBALT2t3pp;MN2t3pp;NI2t3pp;ZN2t3pp	
CCG_OR16_ACTI_83670	OR16	Actinoplanes sp. OR16	AP019371.1	ACTI_83670	ACTI_83670	BBH71682.1		UDP-glucose 4-epimerase GalE	mapped	native_locus_tag	1	UDPG4E	
CCG_OR16_ACTI_83730	OR16	Actinoplanes sp. OR16	AP019371.1	ACTI_83730	ACTI_83730	BBH71688.1	selB	selenocysteine-specific translation elongation factor	mapped	native_locus_tag	1	NTP3	
CCG_OR16_ACTI_83760	OR16	Actinoplanes sp. OR16	AP019371.1	ACTI_83760	ACTI_83760	BBH71691.1		hypothetical protein	mapped	native_locus_tag	1	PSP_L	
CCG_OR16_ACTI_83790	OR16	Actinoplanes sp. OR16	AP019371.1	ACTI_83790	ACTI_83790	BBH71694.1		leucine dehydrogenase	mapped	native_locus_tag	3	ILEDHr_1;LLEUDr;VALDHr	
CCG_OR16_ACTI_83850	OR16	Actinoplanes sp. OR16	AP019371.1	ACTI_83850	ACTI_83850	BBH71700.1		4Fe-4S ferredoxin	mapped	native_locus_tag	4	FDH;FDH4pp;FDH5pp;FDH5pp_1	
CCG_OR16_ACTI_83860	OR16	Actinoplanes sp. OR16	AP019371.1	ACTI_83860	ACTI_83860	BBH71701.1		formate dehydrogenase subunit alpha	mapped	native_locus_tag	4	FDH;FDH4pp;FDH5pp;FDH5r2pp	
CCG_OR16_ACTI_83960	OR16	Actinoplanes sp. OR16	AP019371.1	ACTI_83960	ACTI_83960	BBH71711.1		glycerophosphoryl diester phosphodiesterase	mapped	native_locus_tag	5	GPDDA1_1;GPDDA2_1;GPDDA3_1;GPDDA4_1;GPDDA5	
CCG_OR16_ACTI_84250	OR16	Actinoplanes sp. OR16	AP019371.1	ACTI_84250	ACTI_84250	BBH71740.1		MFS transporter	mapped	native_locus_tag	2	Kt3pp;NAt3pp	
CCG_OR16_ACTI_84290	OR16	Actinoplanes sp. OR16	AP019371.1	ACTI_84290	ACTI_84290	BBH71744.1		multicopper oxidase	mapped	native_locus_tag	2	CU1Opp;FEROpp	
CCG_OR16_ACTI_84320	OR16	Actinoplanes sp. OR16	AP019371.1	ACTI_84320	ACTI_84320	BBH71747.1		MFS transporter	mapped	native_locus_tag	2	Kt3pp;NAt3pp	
CCG_OR16_ACTI_84370	OR16	Actinoplanes sp. OR16	AP019371.1	ACTI_84370	ACTI_84370	BBH71752.1	phoA	alkaline phosphatase	mapped	native_locus_tag	2	AKP1;ALKP	
CCG_OR16_ACTI_84460	OR16	Actinoplanes sp. OR16	AP019371.1	ACTI_84460	ACTI_84460	BBH71761.1		hypothetical protein	mapped	native_locus_tag	4	ILEabcpp;LEUabcpp;THRabcpp;VALabcpp	
CCG_OR16_ACTI_84490	OR16	Actinoplanes sp. OR16	AP019371.1	ACTI_84490	ACTI_84490	BBH71764.1	ubiE	ubiquinone/menaquinone biosynthesis methyltransferase	mapped	native_locus_tag	1	AMMQLT8	
CCG_OR16_ACTI_84570	OR16	Actinoplanes sp. OR16	AP019371.1	ACTI_84570	ACTI_84570	BBH71772.1		MFS transporter	mapped	native_locus_tag	22	ALAGLNtr;ALAGLYtr;ALAHIStr;ALALEUt;ALATHRtr;DIPEPabc1;DIPEPabc10;DIPEPabc12;DIPEPabc13;DIPEPabc14;DIPEPabc15;DIPEPabc3;DIPEPabc8;GLYCYSabc;GLYGLNtr;GLYGLYGLNtr;GLYLEUtr;GLYMETtr;GLYPHEtr;GLYTYRabc;LYSGLUGLYtr;SERGLUGLNtr	
CCG_OR16_ACTI_84600	OR16	Actinoplanes sp. OR16	AP019371.1	ACTI_84600	ACTI_84600	BBH71775.1		beta-mannosidase	mapped	native_locus_tag	7	GALMAN4;GALMAN6;GLCMAN4;GLCMAN6;MANA1;MANA2;MANA3	
CCG_OR16_ACTI_84610	OR16	Actinoplanes sp. OR16	AP019371.1	ACTI_84610	ACTI_84610	BBH71776.1		sugar ABC transporter permease	mapped	native_locus_tag	3	MALTHXabcpp;MALTabc;MALTabcpp	
CCG_OR16_ACTI_84620	OR16	Actinoplanes sp. OR16	AP019371.1	ACTI_84620	ACTI_84620	BBH71777.1		ABC transporter permease	mapped	native_locus_tag	1	GLYC3Pabc	
CCG_OR16_ACTI_84730	OR16	Actinoplanes sp. OR16	AP019371.1	ACTI_84730	ACTI_84730	BBH71788.1		glucarate dehydratase	mapped	native_locus_tag	1	GLCRD	
CCG_OR16_ACTI_84740	OR16	Actinoplanes sp. OR16	AP019371.1	ACTI_84740	ACTI_84740	BBH71789.1		putative 5-dehydro-4-deoxyglucarate dehydratase 1	mapped	native_locus_tag	1	5DH4DGLCD	
CCG_OR16_ACTI_84780	OR16	Actinoplanes sp. OR16	AP019371.1	ACTI_84780	ACTI_84780	BBH71793.1		NAD-dependent dehydratase	mapped	native_locus_tag	2	GALURDH;GLCURDH	
CCG_OR16_ACTI_84790	OR16	Actinoplanes sp. OR16	AP019371.1	ACTI_84790	ACTI_84790	BBH71794.1		aldehyde dehydrogenase	mapped	native_locus_tag	1	DOPDH	
CCG_OR16_ACTI_84860	OR16	Actinoplanes sp. OR16	AP019371.1	ACTI_84860	ACTI_84860	BBH71801.1		phenylacetate--CoA ligase	mapped	native_locus_tag	1	PACCOAL	
CCG_OR16_ACTI_84880	OR16	Actinoplanes sp. OR16	AP019371.1	ACTI_84880	ACTI_84880	BBH71803.1		fructose-bisphosphate aldolase	mapped	native_locus_tag	2	FBA;FBA2	
CCG_OR16_ACTI_85030	OR16	Actinoplanes sp. OR16	AP019371.1	ACTI_85030	ACTI_85030	BBH71818.1	fabH1	3-oxoacyl-[acyl-carrier-protein	mapped	native_locus_tag	1	FAS140	
CCG_OR16_ACTI_85040	OR16	Actinoplanes sp. OR16	AP019371.1	ACTI_85040	ACTI_85040	BBH71819.1		sodium-independent anion transporter	mapped	native_locus_tag	2	SO4t2;SO4tex	
CCG_RETIRED_WCFS1_lp1406	WCFS1	Lactiplantibacillus plantarum WCFS1	AL935263.2		lp1406				retired_unresolved	boolean_equivalent_retirement	0		Not auto-mapped: lp_1406 already exists as a different model gene, while the DAPRPL Boolean rule containing lp1406 is internally redundant. Sequence-level evidence is required before changing it.
CCG_SPECIAL_NS21_spontaneous	NS21	Rhizobacter gummiphilus NS21	CP015118.1		spontaneous				special		62	1P2CBXLCYCL;ACALDt;ACALDtpp;ATPHs;BZt;CBMD;CMCBTFexs;CO2t;CO2tex;CO2tpp;COt_1;CPGNexs;Cotpp;DATPHs;DHBSZ3FEexs;ETOHtrpp;FALDtpp;FALGTHLs;FE3DCITCH;FE3DCITexs;FE3HOXexs;FE3PYOVDL2;FEENTERexs;FEOXAMexs;G5SADs;GLYCtpp;GTPHs;H2CO3D2;H2O2tex;H2Ot;H2Otex;H2Otpp;H2St1;H2St1pp;H2tpp;HCO3E;MCBTFUexs;MEOHtex;MEOHtrpp;METOX1s;METOX2s;MGSA;N2Otpp;NADHHR;NADHHS;NADPHHR;NADPHHS;NH3c;NH4tex;NH4tpp;NOVBCNtex;NOtpp;O2tex;O2tpp;OHCUDC2;OMCDC;SALCHS2FEexs;SALCHS4FEexs;St;TCYNTtpp;TNTHAC1;TNTHAC2	
CCG_SPECIAL_OR16_spontaneous	OR16	Actinoplanes sp. OR16	AP019371.1		spontaneous				special		53	AALDCDLsi;ACALDt;ACALDtpp;AOBUTDs;ATPHs;BZt;CO2t;CO2tex;CO2tpp;COt_1;Cotpp;DATPHs;DHBSZ3FEexs;ETOHtrpp;FALDtpp;FE3DCITCH;FE3DCITexs;FE3PYOVDL2;FEENTERexs;FEOXAMexs;G5SADs;GLYCtpp;GTPHs;H2CO3D2;H2O2tex;H2Ot;H2Otex;H2Otpp;H2SO;H2St1;HCO3E;MCBTFUexs;MEOHtex;MEOHtrpp;METOX1s;METOX2s;MGSA;NADHHR;NADHHS;NADPHHR;NADPHHS;NH3c;NH4tex;NH4tpp;O2tex;O2tpp;OMCDC;SALCHS2FEexs;SALCHS4FEexs;St;TCYNTtpp;TNTHAC1;TNTHAC2	
CCG_WCFS1_lp_0016	WCFS1	Lactiplantibacillus plantarum WCFS1	AL935263.2	lp_0016	lp_0016				mapped	native_locus_tag	1	GLU5K	
CCG_WCFS1_lp_0017	WCFS1	Lactiplantibacillus plantarum WCFS1	AL935263.2	lp_0017	lp_0017				mapped	native_locus_tag	1	G5SD	
CCG_WCFS1_lp_0020	WCFS1	Lactiplantibacillus plantarum WCFS1	AL935263.2	lp_0020	lp_0020				mapped	native_locus_tag	3	GBEZ;GLBRAN;GLCS1	
CCG_WCFS1_lp_0021	WCFS1	Lactiplantibacillus plantarum WCFS1	AL935263.2	lp_0021	lp_0021				mapped	native_locus_tag	1	GLGC	
CCG_WCFS1_lp_0022	WCFS1	Lactiplantibacillus plantarum WCFS1	AL935263.2	lp_0022	lp_0022				mapped	native_locus_tag	1	GLGC	
CCG_WCFS1_lp_0023	WCFS1	Lactiplantibacillus plantarum WCFS1	AL935263.2	lp_0023	lp_0023				mapped	native_locus_tag	1	GLCS1	
CCG_WCFS1_lp_0024	WCFS1	Lactiplantibacillus plantarum WCFS1	AL935263.2	lp_0024	lp_0024				mapped	native_locus_tag	1	GLCP	
CCG_WCFS1_lp_0025	WCFS1	Lactiplantibacillus plantarum WCFS1	AL935263.2	lp_0025	lp_0025				mapped	native_locus_tag	8	CYCLOMALTODEXTRINASE-RXN;GBEZ;GLBRAN;GLCNMLTHYD;ISOMALTULOSE-SYNTHASE-RXN;O16G1lu;O16G2lu;TRE6PH	
CCG_WCFS1_lp_0027	WCFS1	Lactiplantibacillus plantarum WCFS1	AL935263.2	lp_0027	lp_0027				mapped	native_locus_tag	1	PGMT_B	
CCG_WCFS1_lp_0028	WCFS1	Lactiplantibacillus plantarum WCFS1	AL935263.2	lp_0028	lp_0028				mapped	native_locus_tag	2	MALP;TRE6PP	
CCG_WCFS1_lp_0047	WCFS1	Lactiplantibacillus plantarum WCFS1	AL935263.2	lp_0047	lp_0047				mapped	native_locus_tag	2	ALDD2x;ALDD8x	
CCG_WCFS1_lp_0052	WCFS1	Lactiplantibacillus plantarum WCFS1	AL935263.2	lp_0052	lp_0052				mapped	native_locus_tag	1	PTHPS	
CCG_WCFS1_lp_0055	WCFS1	Lactiplantibacillus plantarum WCFS1	AL935263.2	lp_0055	lp_0055				mapped	native_locus_tag	1	SUCD3BC	
CCG_WCFS1_lp_0061	WCFS1	Lactiplantibacillus plantarum WCFS1	AL935263.2	lp_0061	lp_0061				mapped	native_locus_tag	1	ACACCL	
CCG_WCFS1_lp_0066	WCFS1	Lactiplantibacillus plantarum WCFS1	AL935263.2	lp_0066	lp_0066				mapped	native_locus_tag	1	PGMT_B	
CCG_WCFS1_lp_0070	WCFS1	Lactiplantibacillus plantarum WCFS1	AL935263.2	lp_0070	lp_0070				mapped	native_locus_tag	1	HP3MO	
CCG_WCFS1_lp_0071	WCFS1	Lactiplantibacillus plantarum WCFS1	AL935263.2	lp_0071	lp_0071				mapped	native_locus_tag	1	HP3MO	
CCG_WCFS1_lp_0073	WCFS1	Lactiplantibacillus plantarum WCFS1	AL935263.2	lp_0073	lp_0073				mapped	native_locus_tag	2	ADCS;GMPS2	
CCG_WCFS1_lp_0108	WCFS1	Lactiplantibacillus plantarum WCFS1	AL935263.2	lp_0108	lp_0108				mapped	native_locus_tag	1	GLYCt1	
CCG_WCFS1_lp_0113	WCFS1	Lactiplantibacillus plantarum WCFS1	AL935263.2	lp_0113	lp_0113				mapped	native_locus_tag	1	HETZK	
CCG_WCFS1_lp_0114	WCFS1	Lactiplantibacillus plantarum WCFS1	AL935263.2	lp_0114	lp_0114				mapped	native_locus_tag	2	HMPK1;PMPK	
CCG_WCFS1_lp_0115	WCFS1	Lactiplantibacillus plantarum WCFS1	AL935263.2	lp_0115	lp_0115				mapped	native_locus_tag	1	TMPPP	
CCG_WCFS1_lp_0117	WCFS1	Lactiplantibacillus plantarum WCFS1	AL935263.2	lp_0117	lp_0117				mapped	native_locus_tag	3	ADCS;GLUN;GMPS2	
CCG_WCFS1_lp_0119	WCFS1	Lactiplantibacillus plantarum WCFS1	AL935263.2	lp_0119	lp_0119				mapped	native_locus_tag	8	NTPP2;NTPP3;NTPP4;NTPP5;NTPP6;NTPP7;NTPP8;NTPP9	
CCG_WCFS1_lp_0124	WCFS1	Lactiplantibacillus plantarum WCFS1	AL935263.2	lp_0124	lp_0124				mapped	native_locus_tag	2	Moabc;Niabc	
CCG_WCFS1_lp_0125	WCFS1	Lactiplantibacillus plantarum WCFS1	AL935263.2	lp_0125	lp_0125				mapped	native_locus_tag	8	DURIPP;PUNP1;PUNP2;PUNP3;PUNP4;PUNP5;PUNP6;PUNP7	
CCG_WCFS1_lp_0127	WCFS1	Lactiplantibacillus plantarum WCFS1	AL935263.2	lp_0127	lp_0127				mapped	native_locus_tag	2	FLVR;FMNRy	
CCG_WCFS1_lp_0134	WCFS1	Lactiplantibacillus plantarum WCFS1	AL935263.2	lp_0134	lp_0134				mapped	native_locus_tag	1	CYANTt	
CCG_WCFS1_lp_0146	WCFS1	Lactiplantibacillus plantarum WCFS1	AL935263.2	lp_0146	lp_0146				mapped	native_locus_tag	2	FMNRx;NFOR	
CCG_WCFS1_lp_0148	WCFS1	Lactiplantibacillus plantarum WCFS1	AL935263.2	lp_0148	lp_0148				mapped	native_locus_tag	1	Coabc	
CCG_WCFS1_lp_0149	WCFS1	Lactiplantibacillus plantarum WCFS1	AL935263.2	lp_0149	lp_0149				mapped	native_locus_tag	1	Coabc	
CCG_WCFS1_lp_0166	WCFS1	Lactiplantibacillus plantarum WCFS1	AL935263.2	lp_0166	lp_0166				mapped	native_locus_tag	1	DHAPT	
CCG_WCFS1_lp_0168	WCFS1	Lactiplantibacillus plantarum WCFS1	AL935263.2	lp_0168	lp_0168				mapped	native_locus_tag	1	DHAPT	
CCG_WCFS1_lp_0169	WCFS1	Lactiplantibacillus plantarum WCFS1	AL935263.2	lp_0169	lp_0169				mapped	native_locus_tag	1	DHAPT	
CCG_WCFS1_lp_0170	WCFS1	Lactiplantibacillus plantarum WCFS1	AL935263.2	lp_0170	lp_0170				mapped	native_locus_tag	1	DHAPT	
CCG_WCFS1_lp_0171	WCFS1	Lactiplantibacillus plantarum WCFS1	AL935263.2	lp_0171	lp_0171				mapped	native_locus_tag	1	DHAt	
CCG_WCFS1_lp_0174	WCFS1	Lactiplantibacillus plantarum WCFS1	AL935263.2	lp_0174	lp_0174				mapped	native_locus_tag	9	AMY1;CYCLOMALTODEXTRINASE-RXN;GBEZ;GLBRAN;ISOMALTULOSE-SYNTHASE-RXN;MALT;O16G1lu;O16G2lu;TRE6PH	
CCG_WCFS1_lp_0175	WCFS1	Lactiplantibacillus plantarum WCFS1	AL935263.2	lp_0175	lp_0175				mapped	native_locus_tag	2	MALTabc;STRCHabc	
CCG_WCFS1_lp_0176	WCFS1	Lactiplantibacillus plantarum WCFS1	AL935263.2	lp_0176	lp_0176				mapped	native_locus_tag	2	MALTabc;STRCHabc	
CCG_WCFS1_lp_0177	WCFS1	Lactiplantibacillus plantarum WCFS1	AL935263.2	lp_0177	lp_0177				mapped	native_locus_tag	2	MALTabc;STRCHabc	
CCG_WCFS1_lp_0178	WCFS1	Lactiplantibacillus plantarum WCFS1	AL935263.2	lp_0178	lp_0178				mapped	native_locus_tag	2	MALTabc;STRCHabc	
CCG_WCFS1_lp_0179	WCFS1	Lactiplantibacillus plantarum WCFS1	AL935263.2	lp_0179	lp_0179				mapped	native_locus_tag	7	CYCLOMALTODEXTRINASE-RXN;GBEZ;GLBRAN;ISOMALTULOSE-SYNTHASE-RXN;O16G1lu;O16G2lu;TRE6PH	
CCG_WCFS1_lp_0181	WCFS1	Lactiplantibacillus plantarum WCFS1	AL935263.2	lp_0181	lp_0181				mapped	native_locus_tag	3	ALPHAALPHA-TREHALOSE-PHOSPHORYLASE-RXN;MALP;TRE6PP	
CCG_WCFS1_lp_0182	WCFS1	Lactiplantibacillus plantarum WCFS1	AL935263.2	lp_0182	lp_0182				mapped	native_locus_tag	1	ENGASE3	
CCG_WCFS1_lp_0184	WCFS1	Lactiplantibacillus plantarum WCFS1	AL935263.2	lp_0184	lp_0184				mapped	native_locus_tag	1	FRUK	
CCG_WCFS1_lp_0185	WCFS1	Lactiplantibacillus plantarum WCFS1	AL935263.2	lp_0185	lp_0185				mapped	native_locus_tag	2	KESTOpts;SUCpts	
CCG_WCFS1_lp_0187	WCFS1	Lactiplantibacillus plantarum WCFS1	AL935263.2	lp_0187	lp_0187				mapped	native_locus_tag	4	FFSD;FFSD_2;RAFH;SUCR	
CCG_WCFS1_lp_0189	WCFS1	Lactiplantibacillus plantarum WCFS1	AL935263.2	lp_0189	lp_0189				mapped	native_locus_tag	7	CYCLOMALTODEXTRINASE-RXN;GBEZ;GLBRAN;ISOMALTULOSE-SYNTHASE-RXN;O16G1lu;O16G2lu;TRE6PH	
CCG_WCFS1_lp_0193	WCFS1	Lactiplantibacillus plantarum WCFS1	AL935263.2	lp_0193	lp_0193				mapped	native_locus_tag	8	CYCLOMALTODEXTRINASE-RXN;GBEZ;GLBRAN;ISOMALTULOSE-SYNTHASE-RXN;O16G1lu;O16G2lu;TRE6PH;TREHe	
CCG_WCFS1_lp_0203	WCFS1	Lactiplantibacillus plantarum WCFS1	AL935263.2	lp_0203	lp_0203				mapped	native_locus_tag	1	PGCD	
CCG_WCFS1_lp_0204	WCFS1	Lactiplantibacillus plantarum WCFS1	AL935263.2	lp_0204	lp_0204				mapped	native_locus_tag	2	OHPBAT;PSERT	
CCG_WCFS1_lp_0205	WCFS1	Lactiplantibacillus plantarum WCFS1	AL935263.2	lp_0205	lp_0205				mapped	native_locus_tag	1	PGM	
CCG_WCFS1_lp_0210	WCFS1	Lactiplantibacillus plantarum WCFS1	AL935263.2	lp_0210	lp_0210				mapped	native_locus_tag	1	ACKr	
CCG_WCFS1_lp_0217	WCFS1	Lactiplantibacillus plantarum WCFS1	AL935263.2	lp_0217	lp_0217				mapped	native_locus_tag	1	Coabc	
CCG_WCFS1_lp_0218	WCFS1	Lactiplantibacillus plantarum WCFS1	AL935263.2	lp_0218	lp_0218				mapped	native_locus_tag	1	Coabc	
CCG_WCFS1_lp_0219	WCFS1	Lactiplantibacillus plantarum WCFS1	AL935263.2	lp_0219	lp_0219				mapped	native_locus_tag	1	Coabc	
CCG_WCFS1_lp_0220	WCFS1	Lactiplantibacillus plantarum WCFS1	AL935263.2	lp_0220	lp_0220				mapped	native_locus_tag	1	GTHP	
CCG_WCFS1_lp_0221	WCFS1	Lactiplantibacillus plantarum WCFS1	AL935263.2	lp_0221	lp_0221				mapped	native_locus_tag	1	DKGLCNR1	
CCG_WCFS1_lp_0226	WCFS1	Lactiplantibacillus plantarum WCFS1	AL935263.2	lp_0226	lp_0226				mapped	native_locus_tag	1	G6PDA	
CCG_WCFS1_lp_0230	WCFS1	Lactiplantibacillus plantarum WCFS1	AL935263.2	lp_0230	lp_0230				mapped	native_locus_tag	1	MNLpts	
CCG_WCFS1_lp_0232	WCFS1	Lactiplantibacillus plantarum WCFS1	AL935263.2	lp_0232	lp_0232				mapped	native_locus_tag	1	MNLpts	
CCG_WCFS1_lp_0233	WCFS1	Lactiplantibacillus plantarum WCFS1	AL935263.2	lp_0233	lp_0233				mapped	native_locus_tag	1	M1PD	
CCG_WCFS1_lp_0242	WCFS1	Lactiplantibacillus plantarum WCFS1	AL935263.2	lp_0242	lp_0242				mapped	native_locus_tag	10	NDPK1;NDPK10;NDPK2;NDPK3;NDPK4;NDPK5;NDPK6;NDPK7;NDPK8;NDPK9	
CCG_WCFS1_lp_0244	WCFS1	Lactiplantibacillus plantarum WCFS1	AL935263.2	lp_0244	lp_0244				mapped	native_locus_tag	2	FLVR;FMNRy	
CCG_WCFS1_lp_0253	WCFS1	Lactiplantibacillus plantarum WCFS1	AL935263.2	lp_0253	lp_0253				mapped	native_locus_tag	1	DDGLK	
CCG_WCFS1_lp_0254	WCFS1	Lactiplantibacillus plantarum WCFS1	AL935263.2	lp_0254	lp_0254				mapped	native_locus_tag	1	SERAT	
CCG_WCFS1_lp_0255	WCFS1	Lactiplantibacillus plantarum WCFS1	AL935263.2	lp_0255	lp_0255				mapped	native_locus_tag	5	CYSTGL;CYSTGS;CYSTL;METGL;TRPAS1	
CCG_WCFS1_lp_0256	WCFS1	Lactiplantibacillus plantarum WCFS1	AL935263.2	lp_0256	lp_0256				mapped	native_locus_tag	2	CYSS;CYSTS	
CCG_WCFS1_lp_0257	WCFS1	Lactiplantibacillus plantarum WCFS1	AL935263.2	lp_0257	lp_0257				mapped	native_locus_tag	2	MEAMP1(gly-asp);MEAMP1(gly-glu)	
CCG_WCFS1_lp_0259	WCFS1	Lactiplantibacillus plantarum WCFS1	AL935263.2	lp_0259	lp_0259				mapped	native_locus_tag	1	NMNt	
CCG_WCFS1_lp_0263	WCFS1	Lactiplantibacillus plantarum WCFS1	AL935263.2	lp_0263	lp_0263				mapped	native_locus_tag	8	CYCLOMALTODEXTRINASE-RXN;GBEZ;GLBRAN;ISOMALTULOSE-SYNTHASE-RXN;NEOPUL;O16G1lu;O16G2lu;TRE6PH	
CCG_WCFS1_lp_0264	WCFS1	Lactiplantibacillus plantarum WCFS1	AL935263.2	lp_0264	lp_0264				mapped	native_locus_tag	1	TREpts	
CCG_WCFS1_lp_0265	WCFS1	Lactiplantibacillus plantarum WCFS1	AL935263.2	lp_0265	lp_0265				mapped	native_locus_tag	1	TREpts	
CCG_WCFS1_lp_0267	WCFS1	Lactiplantibacillus plantarum WCFS1	AL935263.2	lp_0267	lp_0267				mapped	native_locus_tag	1	G3PCT	
CCG_WCFS1_lp_0268	WCFS1	Lactiplantibacillus plantarum WCFS1	AL935263.2	lp_0268	lp_0268				mapped	native_locus_tag	1	CGPT	
CCG_WCFS1_lp_0269	WCFS1	Lactiplantibacillus plantarum WCFS1	AL935263.2	lp_0269	lp_0269				mapped	native_locus_tag	1	CGPT	
CCG_WCFS1_lp_0271	WCFS1	Lactiplantibacillus plantarum WCFS1	AL935263.2	lp_0271	lp_0271				mapped	native_locus_tag	1	OPHBDC	
CCG_WCFS1_lp_0275	WCFS1	Lactiplantibacillus plantarum WCFS1	AL935263.2	lp_0275	lp_0275				mapped	native_locus_tag	1	MNt6	
CCG_WCFS1_lp_0291	WCFS1	Lactiplantibacillus plantarum WCFS1	AL935263.2	lp_0291	lp_0291				mapped	native_locus_tag	1	LOXD	
CCG_WCFS1_lp_0293	WCFS1	Lactiplantibacillus plantarum WCFS1	AL935263.2	lp_0293	lp_0293				mapped	native_locus_tag	1	GTPDPK	
CCG_WCFS1_lp_0310	WCFS1	Lactiplantibacillus plantarum WCFS1	AL935263.2	lp_0310	lp_0310				mapped	native_locus_tag	3	ACKLEU;ACKVAL;ACKr	
CCG_WCFS1_lp_0313	WCFS1	Lactiplantibacillus plantarum WCFS1	AL935263.2	lp_0313	lp_0313				mapped	native_locus_tag	1	NADH7	
CCG_WCFS1_lp_0315	WCFS1	Lactiplantibacillus plantarum WCFS1	AL935263.2	lp_0315	lp_0315				mapped	native_locus_tag	2	PTRCabc;SPMDabc	
CCG_WCFS1_lp_0316	WCFS1	Lactiplantibacillus plantarum WCFS1	AL935263.2	lp_0316	lp_0316				mapped	native_locus_tag	2	PTRCabc;SPMDabc	
CCG_WCFS1_lp_0317	WCFS1	Lactiplantibacillus plantarum WCFS1	AL935263.2	lp_0317	lp_0317				mapped	native_locus_tag	2	PTRCabc;SPMDabc	
CCG_WCFS1_lp_0318	WCFS1	Lactiplantibacillus plantarum WCFS1	AL935263.2	lp_0318	lp_0318				mapped	native_locus_tag	2	PTRCabc;SPMDabc	
CCG_WCFS1_lp_0326	WCFS1	Lactiplantibacillus plantarum WCFS1	AL935263.2	lp_0326	lp_0326				mapped	native_locus_tag	1	ACTNabc	
CCG_WCFS1_lp_0327	WCFS1	Lactiplantibacillus plantarum WCFS1	AL935263.2	lp_0327	lp_0327				mapped	native_locus_tag	1	ACTNabc	
CCG_WCFS1_lp_0329	WCFS1	Lactiplantibacillus plantarum WCFS1	AL935263.2	lp_0329	lp_0329				mapped	native_locus_tag	1	ACALD	
CCG_WCFS1_lp_0330	WCFS1	Lactiplantibacillus plantarum WCFS1	AL935263.2	lp_0330	lp_0330				mapped	native_locus_tag	3	FBA;FBA2;FBA3	
CCG_WCFS1_lp_0331	WCFS1	Lactiplantibacillus plantarum WCFS1	AL935263.2	lp_0331	lp_0331				mapped	native_locus_tag	1	XYLSDt4	
CCG_WCFS1_lp_0336	WCFS1	Lactiplantibacillus plantarum WCFS1	AL935263.2	lp_0336	lp_0336				mapped	native_locus_tag	1	BTNt2	
CCG_WCFS1_lp_0337	WCFS1	Lactiplantibacillus plantarum WCFS1	AL935263.2	lp_0337	lp_0337				mapped	native_locus_tag	2	BACCL;BACLIG	
CCG_WCFS1_lp_0339	WCFS1	Lactiplantibacillus plantarum WCFS1	AL935263.2	lp_0339	lp_0339				mapped	native_locus_tag	1	SDPTA	
CCG_WCFS1_lp_0343	WCFS1	Lactiplantibacillus plantarum WCFS1	AL935263.2	lp_0343	lp_0343				mapped	native_locus_tag	1	CRPT	
CCG_WCFS1_lp_0344	WCFS1	Lactiplantibacillus plantarum WCFS1	AL935263.2	lp_0344	lp_0344				mapped	native_locus_tag	1	CRPT	
CCG_WCFS1_lp_0349	WCFS1	Lactiplantibacillus plantarum WCFS1	AL935263.2	lp_0349	lp_0349				mapped	native_locus_tag	2	NH4t;NH4t2	
CCG_WCFS1_lp_0350	WCFS1	Lactiplantibacillus plantarum WCFS1	AL935263.2	lp_0350	lp_0350				mapped	native_locus_tag	1	2HXICDH	
CCG_WCFS1_lp_0354	WCFS1	Lactiplantibacillus plantarum WCFS1	AL935263.2	lp_0354	lp_0354				mapped	native_locus_tag	1	RPI	
CCG_WCFS1_lp_0362	WCFS1	Lactiplantibacillus plantarum WCFS1	AL935263.2	lp_0362	lp_0362				mapped	native_locus_tag	1	BTNCC	
CCG_WCFS1_lp_0363	WCFS1	Lactiplantibacillus plantarum WCFS1	AL935263.2	lp_0363	lp_0363				mapped	native_locus_tag	4	PNS1;PNS2;PNS3;PNS4	
CCG_WCFS1_lp_0367	WCFS1	Lactiplantibacillus plantarum WCFS1	AL935263.2	lp_0367	lp_0367				mapped	native_locus_tag	2	CHLabc;GLYBabc	
CCG_WCFS1_lp_0368	WCFS1	Lactiplantibacillus plantarum WCFS1	AL935263.2	lp_0368	lp_0368				mapped	native_locus_tag	2	CHLabc;GLYBabc	
CCG_WCFS1_lp_0369	WCFS1	Lactiplantibacillus plantarum WCFS1	AL935263.2	lp_0369	lp_0369				mapped	native_locus_tag	1	GTHRD	
CCG_WCFS1_lp_0370	WCFS1	Lactiplantibacillus plantarum WCFS1	AL935263.2	lp_0370	lp_0370				mapped	native_locus_tag	1	GLYK	
CCG_WCFS1_lp_0371	WCFS1	Lactiplantibacillus plantarum WCFS1	AL935263.2	lp_0371	lp_0371				mapped	native_locus_tag	3	G3PD;G3PD6;G3PO	
CCG_WCFS1_lp_0372	WCFS1	Lactiplantibacillus plantarum WCFS1	AL935263.2	lp_0372	lp_0372				mapped	native_locus_tag	1	GLYCt1	
CCG_WCFS1_lp_0395	WCFS1	Lactiplantibacillus plantarum WCFS1	AL935263.2	lp_0395	lp_0395				mapped	native_locus_tag	1	PMDPHT	
CCG_WCFS1_lp_0399	WCFS1	Lactiplantibacillus plantarum WCFS1	AL935263.2	lp_0399	lp_0399				mapped	native_locus_tag	3	ILEt6;LEUt6;VALt6	
CCG_WCFS1_lp_0400	WCFS1	Lactiplantibacillus plantarum WCFS1	AL935263.2	lp_0400	lp_0400				mapped	native_locus_tag	1	NAt3	
CCG_WCFS1_lp_0433	WCFS1	Lactiplantibacillus plantarum WCFS1	AL935263.2	lp_0433	lp_0433				mapped	native_locus_tag	2	AMID3;AMID4	
CCG_WCFS1_lp_0434	WCFS1	Lactiplantibacillus plantarum WCFS1	AL935263.2	lp_0434	lp_0434				mapped	native_locus_tag	1	TRPTRS	
CCG_WCFS1_lp_0440	WCFS1	Lactiplantibacillus plantarum WCFS1	AL935263.2	lp_0440	lp_0440				mapped	native_locus_tag	3	CBGH;GNGH;PGGH	
CCG_WCFS1_lp_0446	WCFS1	Lactiplantibacillus plantarum WCFS1	AL935263.2	lp_0446	lp_0446				mapped	native_locus_tag	2	EPPP;GTPDPDP	
CCG_WCFS1_lp_0447	WCFS1	Lactiplantibacillus plantarum WCFS1	AL935263.2	lp_0447	lp_0447				mapped	native_locus_tag	2	HMGCOAR;MVNOR	
CCG_WCFS1_lp_0454	WCFS1	Lactiplantibacillus plantarum WCFS1	AL935263.2	lp_0454	lp_0454				mapped	native_locus_tag	1	METTRS	
CCG_WCFS1_lp_0460	WCFS1	Lactiplantibacillus plantarum WCFS1	AL935263.2	lp_0460	lp_0460				mapped	native_locus_tag	1	CDPMEK	
CCG_WCFS1_lp_0464	WCFS1	Lactiplantibacillus plantarum WCFS1	AL935263.2	lp_0464	lp_0464				mapped	native_locus_tag	1	ZN2abc2	
CCG_WCFS1_lp_0467	WCFS1	Lactiplantibacillus plantarum WCFS1	AL935263.2	lp_0467	lp_0467				mapped	native_locus_tag	2	G1PACT;UAGDP	
CCG_WCFS1_lp_0471	WCFS1	Lactiplantibacillus plantarum WCFS1	AL935263.2	lp_0471	lp_0471				mapped	native_locus_tag	1	PRPPS	
CCG_WCFS1_lp_0481	WCFS1	Lactiplantibacillus plantarum WCFS1	AL935263.2	lp_0481	lp_0481				mapped	native_locus_tag	3	CTPS1;CTPS2;GLUN	
CCG_WCFS1_lp_0487	WCFS1	Lactiplantibacillus plantarum WCFS1	AL935263.2	lp_0487	lp_0487				mapped	native_locus_tag	1	AGPR	
CCG_WCFS1_lp_0488	WCFS1	Lactiplantibacillus plantarum WCFS1	AL935263.2	lp_0488	lp_0488				mapped	native_locus_tag	2	ACGK;ACODA	
CCG_WCFS1_lp_0489	WCFS1	Lactiplantibacillus plantarum WCFS1	AL935263.2	lp_0489	lp_0489				mapped	native_locus_tag	2	TKT1;TKT2	
CCG_WCFS1_lp_0490	WCFS1	Lactiplantibacillus plantarum WCFS1	AL935263.2	lp_0490	lp_0490				mapped	native_locus_tag	2	FLVR;FMNRy	
CCG_WCFS1_lp_0491	WCFS1	Lactiplantibacillus plantarum WCFS1	AL935263.2	lp_0491	lp_0491				mapped	native_locus_tag	2	TKT1;TKT2	
CCG_WCFS1_lp_0497	WCFS1	Lactiplantibacillus plantarum WCFS1	AL935263.2	lp_0497	lp_0497				mapped	native_locus_tag	1	DRPA	
CCG_WCFS1_lp_0498	WCFS1	Lactiplantibacillus plantarum WCFS1	AL935263.2	lp_0498	lp_0498				mapped	native_locus_tag	2	DRIBt2;FUCt	
CCG_WCFS1_lp_0500	WCFS1	Lactiplantibacillus plantarum WCFS1	AL935263.2	lp_0500	lp_0500				mapped	native_locus_tag	2	DRBK;RBK	
CCG_WCFS1_lp_0501	WCFS1	Lactiplantibacillus plantarum WCFS1	AL935263.2	lp_0501	lp_0501				mapped	native_locus_tag	1	SERTRS	
CCG_WCFS1_lp_0502	WCFS1	Lactiplantibacillus plantarum WCFS1	AL935263.2	lp_0502	lp_0502				mapped	native_locus_tag	1	SERt6	
CCG_WCFS1_lp_0505	WCFS1	Lactiplantibacillus plantarum WCFS1	AL935263.2	lp_0505	lp_0505				mapped	native_locus_tag	1	SERD_L	
CCG_WCFS1_lp_0506	WCFS1	Lactiplantibacillus plantarum WCFS1	AL935263.2	lp_0506	lp_0506				mapped	native_locus_tag	1	SERD_L	
CCG_WCFS1_lp_0510	WCFS1	Lactiplantibacillus plantarum WCFS1	AL935263.2	lp_0510	lp_0510				mapped	native_locus_tag	1	UAGCVT	
CCG_WCFS1_lp_0518	WCFS1	Lactiplantibacillus plantarum WCFS1	AL935263.2	lp_0518	lp_0518				mapped	native_locus_tag	3	UGLDDS1;UGLDDS2;UGMDDS2	
CCG_WCFS1_lp_0522	WCFS1	Lactiplantibacillus plantarum WCFS1	AL935263.2	lp_0522	lp_0522				mapped	native_locus_tag	2	ACPS;ACPpds	
CCG_WCFS1_lp_0523	WCFS1	Lactiplantibacillus plantarum WCFS1	AL935263.2	lp_0523	lp_0523				mapped	native_locus_tag	1	ALAR	
CCG_WCFS1_lp_0526	WCFS1	Lactiplantibacillus plantarum WCFS1	AL935263.2	lp_0526	lp_0526				mapped	native_locus_tag	2	CBPS;CBPS2	
CCG_WCFS1_lp_0527	WCFS1	Lactiplantibacillus plantarum WCFS1	AL935263.2	lp_0527	lp_0527				mapped	native_locus_tag	2	CBPS;CBPS2	
CCG_WCFS1_lp_0528	WCFS1	Lactiplantibacillus plantarum WCFS1	AL935263.2	lp_0528	lp_0528				mapped	native_locus_tag	1	AGPR	
CCG_WCFS1_lp_0529	WCFS1	Lactiplantibacillus plantarum WCFS1	AL935263.2	lp_0529	lp_0529				mapped	native_locus_tag	2	ACGS;ORNTAC	
CCG_WCFS1_lp_0530	WCFS1	Lactiplantibacillus plantarum WCFS1	AL935263.2	lp_0530	lp_0530				mapped	native_locus_tag	1	ACGK	
CCG_WCFS1_lp_0531	WCFS1	Lactiplantibacillus plantarum WCFS1	AL935263.2	lp_0531	lp_0531				mapped	native_locus_tag	1	ACOTA	
CCG_WCFS1_lp_0532	WCFS1	Lactiplantibacillus plantarum WCFS1	AL935263.2	lp_0532	lp_0532				mapped	native_locus_tag	1	OCBT	
CCG_WCFS1_lp_0537	WCFS1	Lactiplantibacillus plantarum WCFS1	AL935263.2	lp_0537	lp_0537				mapped	native_locus_tag	1	LDH_L	
CCG_WCFS1_lp_0538	WCFS1	Lactiplantibacillus plantarum WCFS1	AL935263.2	lp_0538	lp_0538				mapped	native_locus_tag	1	ASNTRH	
CCG_WCFS1_lp_0546	WCFS1	Lactiplantibacillus plantarum WCFS1	AL935263.2	lp_0546	lp_0546				mapped	native_locus_tag	2	GUAPRT;HXPRT	
CCG_WCFS1_lp_0550	WCFS1	Lactiplantibacillus plantarum WCFS1	AL935263.2	lp_0550	lp_0550				mapped	native_locus_tag	1	LYSTRS	
CCG_WCFS1_lp_0559	WCFS1	Lactiplantibacillus plantarum WCFS1	AL935263.2	lp_0559	lp_0559				mapped	native_locus_tag	1	NMNt	
CCG_WCFS1_lp_0561	WCFS1	Lactiplantibacillus plantarum WCFS1	AL935263.2	lp_0561	lp_0561				mapped	native_locus_tag	2	P5CR;P5CRx	
CCG_WCFS1_lp_0562	WCFS1	Lactiplantibacillus plantarum WCFS1	AL935263.2	lp_0562	lp_0562				mapped	native_locus_tag	1	AGDC	
CCG_WCFS1_lp_0564	WCFS1	Lactiplantibacillus plantarum WCFS1	AL935263.2	lp_0564	lp_0564				mapped	native_locus_tag	1	UNAGAMAMT	
CCG_WCFS1_lp_0565	WCFS1	Lactiplantibacillus plantarum WCFS1	AL935263.2	lp_0565	lp_0565				mapped	native_locus_tag	2	NAMNPP;NAPRT	
CCG_WCFS1_lp_0566	WCFS1	Lactiplantibacillus plantarum WCFS1	AL935263.2	lp_0566	lp_0566				mapped	native_locus_tag	2	NADS1;NADS2	
CCG_WCFS1_lp_0567	WCFS1	Lactiplantibacillus plantarum WCFS1	AL935263.2	lp_0567	lp_0567				mapped	native_locus_tag	3	Coabc;Moabc;Niabc	
CCG_WCFS1_lp_0571	WCFS1	Lactiplantibacillus plantarum WCFS1	AL935263.2	lp_0571	lp_0571				mapped	native_locus_tag	2	HSDx;HSDy	
CCG_WCFS1_lp_0572	WCFS1	Lactiplantibacillus plantarum WCFS1	AL935263.2	lp_0572	lp_0572				mapped	native_locus_tag	2	HSK;PYDXNK	
CCG_WCFS1_lp_0575	WCFS1	Lactiplantibacillus plantarum WCFS1	AL935263.2	lp_0575	lp_0575				mapped	native_locus_tag	2	FRUpts2;MANpts	
CCG_WCFS1_lp_0576	WCFS1	Lactiplantibacillus plantarum WCFS1	AL935263.2	lp_0576	lp_0576				mapped	native_locus_tag	1	MANpts	
CCG_WCFS1_lp_0577	WCFS1	Lactiplantibacillus plantarum WCFS1	AL935263.2	lp_0577	lp_0577				mapped	native_locus_tag	1	MANpts	
CCG_WCFS1_lp_0579	WCFS1	Lactiplantibacillus plantarum WCFS1	AL935263.2	lp_0579	lp_0579				mapped	native_locus_tag	1	ASP1DC	
CCG_WCFS1_lp_0582	WCFS1	Lactiplantibacillus plantarum WCFS1	AL935263.2	lp_0582	lp_0582				mapped	native_locus_tag	1	ACPpds	
CCG_WCFS1_lp_0586	WCFS1	Lactiplantibacillus plantarum WCFS1	AL935263.2	lp_0586	lp_0586				mapped	native_locus_tag	2	FRUpts2;MANpts	
CCG_WCFS1_lp_0587	WCFS1	Lactiplantibacillus plantarum WCFS1	AL935263.2	lp_0587	lp_0587				mapped	native_locus_tag	1	MANpts	
CCG_WCFS1_lp_0588	WCFS1	Lactiplantibacillus plantarum WCFS1	AL935263.2	lp_0588	lp_0588				mapped	native_locus_tag	2	ACOATA;KAS15	
CCG_WCFS1_lp_0589	WCFS1	Lactiplantibacillus plantarum WCFS1	AL935263.2	lp_0589	lp_0589				mapped	native_locus_tag	1	BTNCC	
CCG_WCFS1_lp_0590	WCFS1	Lactiplantibacillus plantarum WCFS1	AL935263.2	lp_0590	lp_0590				mapped	native_locus_tag	1	BTNCC	
CCG_WCFS1_lp_0591	WCFS1	Lactiplantibacillus plantarum WCFS1	AL935263.2	lp_0591	lp_0591				mapped	native_locus_tag	1	ACCOACDL	
CCG_WCFS1_lp_0592	WCFS1	Lactiplantibacillus plantarum WCFS1	AL935263.2	lp_0592	lp_0592				mapped	native_locus_tag	1	ACCOACDL	
CCG_WCFS1_lp_0594	WCFS1	Lactiplantibacillus plantarum WCFS1	AL935263.2	lp_0594	lp_0594				mapped	native_locus_tag	3	MALLACap;MALt4;MALt6	
CCG_WCFS1_lp_0597	WCFS1	Lactiplantibacillus plantarum WCFS1	AL935263.2	lp_0597	lp_0597				mapped	native_locus_tag	1	PGM	
CCG_WCFS1_lp_0601	WCFS1	Lactiplantibacillus plantarum WCFS1	AL935263.2	lp_0601	lp_0601				mapped	native_locus_tag	1	LEULEULAPc	
CCG_WCFS1_lp_0602	WCFS1	Lactiplantibacillus plantarum WCFS1	AL935263.2	lp_0602	lp_0602				mapped	native_locus_tag	1	RPI	
CCG_WCFS1_lp_0604	WCFS1	Lactiplantibacillus plantarum WCFS1	AL935263.2	lp_0604	lp_0604				mapped	native_locus_tag	1	DUTPDP	
CCG_WCFS1_lp_0609	WCFS1	Lactiplantibacillus plantarum WCFS1	AL935263.2	lp_0609	lp_0609				mapped	native_locus_tag	2	GLUTRS;GLUTRS2	
CCG_WCFS1_lp_0610	WCFS1	Lactiplantibacillus plantarum WCFS1	AL935263.2	lp_0610	lp_0610				mapped	native_locus_tag	1	CYSTRS	
CCG_WCFS1_lp_0690	WCFS1	Lactiplantibacillus plantarum WCFS1	AL935263.2	lp_0690	lp_0690				mapped	native_locus_tag	1	LPGS	
CCG_WCFS1_lp_0692	WCFS1	Lactiplantibacillus plantarum WCFS1	AL935263.2	lp_0692	lp_0692				mapped	native_locus_tag	4	RNDR1;RNDR2;RNDR3;RNDR4	
CCG_WCFS1_lp_0693	WCFS1	Lactiplantibacillus plantarum WCFS1	AL935263.2	lp_0693	lp_0693				mapped	native_locus_tag	4	RNDR1;RNDR2;RNDR3;RNDR4	
CCG_WCFS1_lp_0696	WCFS1	Lactiplantibacillus plantarum WCFS1	AL935263.2	lp_0696	lp_0696				mapped	native_locus_tag	2	ADA;CSND	
CCG_WCFS1_lp_0703	WCFS1	Lactiplantibacillus plantarum WCFS1	AL935263.2	lp_0703	lp_0703				mapped	native_locus_tag	1	DTMPK	
CCG_WCFS1_lp_0708	WCFS1	Lactiplantibacillus plantarum WCFS1	AL935263.2	lp_0708	lp_0708				mapped	native_locus_tag	7	FA100ACPHi;FA120ACPHi;FA140ACPHi;FA141ACPHi;FA160ACPHi;FA161ACPHi;FA80ACPHi	
CCG_WCFS1_lp_0709	WCFS1	Lactiplantibacillus plantarum WCFS1	AL935263.2	lp_0709	lp_0709				mapped	native_locus_tag	1	UDPG4E	
CCG_WCFS1_lp_0710	WCFS1	Lactiplantibacillus plantarum WCFS1	AL935263.2	lp_0710	lp_0710				mapped	native_locus_tag	1	AEPPT	
CCG_WCFS1_lp_0711	WCFS1	Lactiplantibacillus plantarum WCFS1	AL935263.2	lp_0711	lp_0711				mapped	native_locus_tag	1	PACTH	
CCG_WCFS1_lp_0712	WCFS1	Lactiplantibacillus plantarum WCFS1	AL935263.2	lp_0712	lp_0712				mapped	native_locus_tag	1	AEPabc	
CCG_WCFS1_lp_0713	WCFS1	Lactiplantibacillus plantarum WCFS1	AL935263.2	lp_0713	lp_0713				mapped	native_locus_tag	1	AEPabc	
CCG_WCFS1_lp_0714	WCFS1	Lactiplantibacillus plantarum WCFS1	AL935263.2	lp_0714	lp_0714				mapped	native_locus_tag	1	AEPabc	
CCG_WCFS1_lp_0715	WCFS1	Lactiplantibacillus plantarum WCFS1	AL935263.2	lp_0715	lp_0715				mapped	native_locus_tag	1	AEPabc	
CCG_WCFS1_lp_0730	WCFS1	Lactiplantibacillus plantarum WCFS1	AL935263.2	lp_0730	lp_0730				mapped	native_locus_tag	1	ACGAMT	
CCG_WCFS1_lp_0733	WCFS1	Lactiplantibacillus plantarum WCFS1	AL935263.2	lp_0733	lp_0733				mapped	native_locus_tag	2	PIabc;PPIabc	
CCG_WCFS1_lp_0746	WCFS1	Lactiplantibacillus plantarum WCFS1	AL935263.2	lp_0746	lp_0746				mapped	native_locus_tag	2	PIabc;PPIabc	
CCG_WCFS1_lp_0747	WCFS1	Lactiplantibacillus plantarum WCFS1	AL935263.2	lp_0747	lp_0747				mapped	native_locus_tag	2	PIabc;PPIabc	
CCG_WCFS1_lp_0748	WCFS1	Lactiplantibacillus plantarum WCFS1	AL935263.2	lp_0748	lp_0748				mapped	native_locus_tag	2	PIabc;PPIabc	
CCG_WCFS1_lp_0749	WCFS1	Lactiplantibacillus plantarum WCFS1	AL935263.2	lp_0749	lp_0749				mapped	native_locus_tag	2	PIabc;PPIabc	
CCG_WCFS1_lp_0750	WCFS1	Lactiplantibacillus plantarum WCFS1	AL935263.2	lp_0750	lp_0750				mapped	native_locus_tag	2	PIabc;PPIabc	
CCG_WCFS1_lp_0751	WCFS1	Lactiplantibacillus plantarum WCFS1	AL935263.2	lp_0751	lp_0751				mapped	native_locus_tag	2	PIabc;PPIabc	
CCG_WCFS1_lp_0756	WCFS1	Lactiplantibacillus plantarum WCFS1	AL935263.2	lp_0756	lp_0756				mapped	native_locus_tag	2	G3PD1;G3PD2	
CCG_WCFS1_lp_0757	WCFS1	Lactiplantibacillus plantarum WCFS1	AL935263.2	lp_0757	lp_0757				mapped	native_locus_tag	1	GALU	
CCG_WCFS1_lp_0760	WCFS1	Lactiplantibacillus plantarum WCFS1	AL935263.2	lp_0760	lp_0760				mapped	native_locus_tag	1	NOX1	
CCG_WCFS1_lp_0761	WCFS1	Lactiplantibacillus plantarum WCFS1	AL935263.2	lp_0761	lp_0761				mapped	native_locus_tag	1	TRDR	
CCG_WCFS1_lp_0764	WCFS1	Lactiplantibacillus plantarum WCFS1	AL935263.2	lp_0764	lp_0764				mapped	native_locus_tag	2	PGMT;PMANM	
CCG_WCFS1_lp_0766	WCFS1	Lactiplantibacillus plantarum WCFS1	AL935263.2	lp_0766	lp_0766				mapped	native_locus_tag	1	NOX1	
CCG_WCFS1_lp_0769	WCFS1	Lactiplantibacillus plantarum WCFS1	AL935263.2	lp_0769	lp_0769				mapped	native_locus_tag	1	ALAALAD	
CCG_WCFS1_lp_0774	WCFS1	Lactiplantibacillus plantarum WCFS1	AL935263.2	lp_0774	lp_0774				mapped	native_locus_tag	1	DRHCHCL	
CCG_WCFS1_lp_0775	WCFS1	Lactiplantibacillus plantarum WCFS1	AL935263.2	lp_0775	lp_0775				mapped	native_locus_tag	1	ARGSS	
CCG_WCFS1_lp_0776	WCFS1	Lactiplantibacillus plantarum WCFS1	AL935263.2	lp_0776	lp_0776				mapped	native_locus_tag	1	ARGSL	
CCG_WCFS1_lp_0785	WCFS1	Lactiplantibacillus plantarum WCFS1	AL935263.2	lp_0785	lp_0785				mapped	native_locus_tag	1	PGCD	
CCG_WCFS1_lp_0789	WCFS1	Lactiplantibacillus plantarum WCFS1	AL935263.2	lp_0789	lp_0789				mapped	native_locus_tag	2	E4PD;GAPD	
CCG_WCFS1_lp_0790	WCFS1	Lactiplantibacillus plantarum WCFS1	AL935263.2	lp_0790	lp_0790				mapped	native_locus_tag	1	PGK	
CCG_WCFS1_lp_0791	WCFS1	Lactiplantibacillus plantarum WCFS1	AL935263.2	lp_0791	lp_0791				mapped	native_locus_tag	1	TPI	
CCG_WCFS1_lp_0792	WCFS1	Lactiplantibacillus plantarum WCFS1	AL935263.2	lp_0792	lp_0792				mapped	native_locus_tag	1	ENO	
CCG_WCFS1_lp_0802	WCFS1	Lactiplantibacillus plantarum WCFS1	AL935263.2	lp_0802	lp_0802				mapped	native_locus_tag	1	GLNabc	
CCG_WCFS1_lp_0803	WCFS1	Lactiplantibacillus plantarum WCFS1	AL935263.2	lp_0803	lp_0803				mapped	native_locus_tag	1	GLNabc	
CCG_WCFS1_lp_0807	WCFS1	Lactiplantibacillus plantarum WCFS1	AL935263.2	lp_0807	lp_0807				mapped	native_locus_tag	5	PTA2;PTAILE;PTALEU;PTAVAL;PTAr	
CCG_WCFS1_lp_0809	WCFS1	Lactiplantibacillus plantarum WCFS1	AL935263.2	lp_0809	lp_0809				mapped	native_locus_tag	1	ATPM	
CCG_WCFS1_lp_0814	WCFS1	Lactiplantibacillus plantarum WCFS1	AL935263.2	lp_0814	lp_0814				mapped	native_locus_tag	1	UAPGR	
CCG_WCFS1_lp_0815	WCFS1	Lactiplantibacillus plantarum WCFS1	AL935263.2	lp_0815	lp_0815				mapped	native_locus_tag	1	NAt3	
CCG_WCFS1_lp_0820	WCFS1	Lactiplantibacillus plantarum WCFS1	AL935263.2	lp_0820	lp_0820				mapped	native_locus_tag	1	PGAMT	
CCG_WCFS1_lp_0822	WCFS1	Lactiplantibacillus plantarum WCFS1	AL935263.2	lp_0822	lp_0822				mapped	native_locus_tag	1	GF6PTA	
CCG_WCFS1_lp_0826	WCFS1	Lactiplantibacillus plantarum WCFS1	AL935263.2	lp_0826	lp_0826				mapped	native_locus_tag	1	GALM	
CCG_WCFS1_lp_0834	WCFS1	Lactiplantibacillus plantarum WCFS1	AL935263.2	lp_0834	lp_0834				mapped	native_locus_tag	1	GLYK	
CCG_WCFS1_lp_0841	WCFS1	Lactiplantibacillus plantarum WCFS1	AL935263.2	lp_0841	lp_0841				mapped	native_locus_tag	1	EPPP	
CCG_WCFS1_lp_0842	WCFS1	Lactiplantibacillus plantarum WCFS1	AL935263.2	lp_0842	lp_0842				mapped	native_locus_tag	1	PPIK	
CCG_WCFS1_lp_0843	WCFS1	Lactiplantibacillus plantarum WCFS1	AL935263.2	lp_0843	lp_0843				mapped	native_locus_tag	2	EPPP;GTPDPDP	
CCG_WCFS1_lp_0848	WCFS1	Lactiplantibacillus plantarum WCFS1	AL935263.2	lp_0848	lp_0848				mapped	native_locus_tag	3	ASCBt2;GUAt2;HXANt2	
CCG_WCFS1_lp_0849	WCFS1	Lactiplantibacillus plantarum WCFS1	AL935263.2	lp_0849	lp_0849				mapped	native_locus_tag	1	PYROX	
CCG_WCFS1_lp_0850	WCFS1	Lactiplantibacillus plantarum WCFS1	AL935263.2	lp_0850	lp_0850				mapped	native_locus_tag	2	FMNAT;RBFK	
CCG_WCFS1_lp_0852	WCFS1	Lactiplantibacillus plantarum WCFS1	AL935263.2	lp_0852	lp_0852				mapped	native_locus_tag	1	PYROX	
CCG_WCFS1_lp_0854	WCFS1	Lactiplantibacillus plantarum WCFS1	AL935263.2	lp_0854	lp_0854				mapped	native_locus_tag	1	BTNCC	
CCG_WCFS1_lp_0863	WCFS1	Lactiplantibacillus plantarum WCFS1	AL935263.2	lp_0863	lp_0863				mapped	native_locus_tag	2	PYDAMK;PYDXK	
CCG_WCFS1_lp_0866	WCFS1	Lactiplantibacillus plantarum WCFS1	AL935263.2	lp_0866	lp_0866				mapped	native_locus_tag	2	GK1;GK2	
CCG_WCFS1_lp_0872	WCFS1	Lactiplantibacillus plantarum WCFS1	AL935263.2	lp_0872	lp_0872				mapped	native_locus_tag	1	PGLYCP	
CCG_WCFS1_lp_0878	WCFS1	Lactiplantibacillus plantarum WCFS1	AL935263.2	lp_0878	lp_0878				mapped	native_locus_tag	1	GLNabc	
CCG_WCFS1_lp_0881	WCFS1	Lactiplantibacillus plantarum WCFS1	AL935263.2	lp_0881	lp_0881				mapped	native_locus_tag	1	GLNabc	
CCG_WCFS1_lp_0882	WCFS1	Lactiplantibacillus plantarum WCFS1	AL935263.2	lp_0882	lp_0882				mapped	native_locus_tag	2	GF6PTA;GLNabc	
CCG_WCFS1_lp_0883	WCFS1	Lactiplantibacillus plantarum WCFS1	AL935263.2	lp_0883	lp_0883				mapped	native_locus_tag	1	GLNabc	
CCG_WCFS1_lp_0884	WCFS1	Lactiplantibacillus plantarum WCFS1	AL935263.2	lp_0884	lp_0884				mapped	native_locus_tag	1	ACMUMpts	
CCG_WCFS1_lp_0896	WCFS1	Lactiplantibacillus plantarum WCFS1	AL935263.2	lp_0896	lp_0896				mapped	native_locus_tag	1	NTP3	
CCG_WCFS1_lp_0900	WCFS1	Lactiplantibacillus plantarum WCFS1	AL935263.2	lp_0900	lp_0900				mapped	native_locus_tag	1	PGM	
CCG_WCFS1_lp_0901	WCFS1	Lactiplantibacillus plantarum WCFS1	AL935263.2	lp_0901	lp_0901				mapped	native_locus_tag	1	PGM	
CCG_WCFS1_lp_0906	WCFS1	Lactiplantibacillus plantarum WCFS1	AL935263.2	lp_0906	lp_0906				mapped	native_locus_tag	3	CBGH;GNGH;PGGH	
CCG_WCFS1_lp_0912	WCFS1	Lactiplantibacillus plantarum WCFS1	AL935263.2	lp_0912	lp_0912				mapped	native_locus_tag	8	EAR121x;EAR141x;EAR161x;EAR181x;EAR181x2;EGMEACPR;EPMEACPR;NPPDO	
CCG_WCFS1_lp_0913	WCFS1	Lactiplantibacillus plantarum WCFS1	AL935263.2	lp_0913	lp_0913				mapped	native_locus_tag	1	PNTK	
CCG_WCFS1_lp_0914	WCFS1	Lactiplantibacillus plantarum WCFS1	AL935263.2	lp_0914	lp_0914				mapped	native_locus_tag	1	GMPS2	
CCG_WCFS1_lp_0918	WCFS1	Lactiplantibacillus plantarum WCFS1	AL935263.2	lp_0918	lp_0918				mapped	native_locus_tag	1	ATPM	
CCG_WCFS1_lp_0937	WCFS1	Lactiplantibacillus plantarum WCFS1	AL935263.2	lp_0937	lp_0937				mapped	native_locus_tag	1	AMPTASEPG	
CCG_WCFS1_lp_0952	WCFS1	Lactiplantibacillus plantarum WCFS1	AL935263.2	lp_0952	lp_0952				mapped	native_locus_tag	1	SUCD3BC	
CCG_WCFS1_lp_0956	WCFS1	Lactiplantibacillus plantarum WCFS1	AL935263.2	lp_0956	lp_0956				mapped	native_locus_tag	1	ASNTRS	
CCG_WCFS1_lp_0957	WCFS1	Lactiplantibacillus plantarum WCFS1	AL935263.2	lp_0957	lp_0957				mapped	native_locus_tag	1	ASNS2	
CCG_WCFS1_lp_0963	WCFS1	Lactiplantibacillus plantarum WCFS1	AL935263.2	lp_0963	lp_0963				mapped	native_locus_tag	1	PSUDS	
CCG_WCFS1_lp_0966	WCFS1	Lactiplantibacillus plantarum WCFS1	AL935263.2	lp_0966	lp_0966				mapped	native_locus_tag	2	FLVR;FMNRy	
CCG_WCFS1_lp_0971	WCFS1	Lactiplantibacillus plantarum WCFS1	AL935263.2	lp_0971	lp_0971				mapped	native_locus_tag	1	PGM	
CCG_WCFS1_lp_0977	WCFS1	Lactiplantibacillus plantarum WCFS1	AL935263.2	lp_0977	lp_0977				mapped	native_locus_tag	1	UAAGDS	
CCG_WCFS1_lp_0979	WCFS1	Lactiplantibacillus plantarum WCFS1	AL935263.2	lp_0979	lp_0979				mapped	native_locus_tag	1	ASPK	
CCG_WCFS1_lp_0980	WCFS1	Lactiplantibacillus plantarum WCFS1	AL935263.2	lp_0980	lp_0980				mapped	native_locus_tag	1	ASNS1	
CCG_WCFS1_lp_0981	WCFS1	Lactiplantibacillus plantarum WCFS1	AL935263.2	lp_0981	lp_0981				mapped	native_locus_tag	3	ILEt6;LEUt6;VALt6	
CCG_WCFS1_lp_0982	WCFS1	Lactiplantibacillus plantarum WCFS1	AL935263.2	lp_0982	lp_0982				mapped	native_locus_tag	3	ILEt6;LEUt6;VALt6	
CCG_WCFS1_lp_1005	WCFS1	Lactiplantibacillus plantarum WCFS1	AL935263.2	lp_1005	lp_1005				mapped	native_locus_tag	2	ACHBS;ACLS	
CCG_WCFS1_lp_1008	WCFS1	Lactiplantibacillus plantarum WCFS1	AL935263.2	lp_1008	lp_1008				mapped	native_locus_tag	1	LYSt6	
CCG_WCFS1_lp_1010	WCFS1	Lactiplantibacillus plantarum WCFS1	AL935263.2	lp_1010	lp_1010				mapped	native_locus_tag	1	SDADACP	
CCG_WCFS1_lp_1011	WCFS1	Lactiplantibacillus plantarum WCFS1	AL935263.2	lp_1011	lp_1011				mapped	native_locus_tag	3	DADNK;DGNSK;DINSK	
CCG_WCFS1_lp_1012	WCFS1	Lactiplantibacillus plantarum WCFS1	AL935263.2	lp_1012	lp_1012				mapped	native_locus_tag	2	SERTRS;SERTRS2	
CCG_WCFS1_lp_1058	WCFS1	Lactiplantibacillus plantarum WCFS1	AL935263.2	lp_1058	lp_1058				mapped	native_locus_tag	3	ADK1;ADK2;DADK	
CCG_WCFS1_lp_1066	WCFS1	Lactiplantibacillus plantarum WCFS1	AL935263.2	lp_1066	lp_1066				mapped	native_locus_tag	1	UDCPDPS	
CCG_WCFS1_lp_1067	WCFS1	Lactiplantibacillus plantarum WCFS1	AL935263.2	lp_1067	lp_1067				mapped	native_locus_tag	4	FRTT;FRTT2;OCTDPS;UDCPDPS	
CCG_WCFS1_lp_1069	WCFS1	Lactiplantibacillus plantarum WCFS1	AL935263.2	lp_1069	lp_1069				mapped	native_locus_tag	1	NADH7	
CCG_WCFS1_lp_1072	WCFS1	Lactiplantibacillus plantarum WCFS1	AL935263.2	lp_1072	lp_1072				mapped	native_locus_tag	1	AHMMPS	
CCG_WCFS1_lp_1073	WCFS1	Lactiplantibacillus plantarum WCFS1	AL935263.2	lp_1073	lp_1073				mapped	native_locus_tag	1	Coabc	
CCG_WCFS1_lp_1074	WCFS1	Lactiplantibacillus plantarum WCFS1	AL935263.2	lp_1074	lp_1074				mapped	native_locus_tag	1	Coabc	
CCG_WCFS1_lp_1075	WCFS1	Lactiplantibacillus plantarum WCFS1	AL935263.2	lp_1075	lp_1075				mapped	native_locus_tag	1	Coabc	
CCG_WCFS1_lp_1076	WCFS1	Lactiplantibacillus plantarum WCFS1	AL935263.2	lp_1076	lp_1076				mapped	native_locus_tag	1	PSUDS	
CCG_WCFS1_lp_1082	WCFS1	Lactiplantibacillus plantarum WCFS1	AL935263.2	lp_1082	lp_1082				mapped	native_locus_tag	2	LDH_L;MDH	
CCG_WCFS1_lp_1083	WCFS1	Lactiplantibacillus plantarum WCFS1	AL935263.2	lp_1083	lp_1083				mapped	native_locus_tag	2	TKT1;TKT2	
CCG_WCFS1_lp_1084	WCFS1	Lactiplantibacillus plantarum WCFS1	AL935263.2	lp_1084	lp_1084				mapped	native_locus_tag	2	SHK3D;SHK3D2	
CCG_WCFS1_lp_1085	WCFS1	Lactiplantibacillus plantarum WCFS1	AL935263.2	lp_1085	lp_1085				mapped	native_locus_tag	2	CHORM;DAHPS	
CCG_WCFS1_lp_1086	WCFS1	Lactiplantibacillus plantarum WCFS1	AL935263.2	lp_1086	lp_1086				mapped	native_locus_tag	1	DHQS	
CCG_WCFS1_lp_1089	WCFS1	Lactiplantibacillus plantarum WCFS1	AL935263.2	lp_1089	lp_1089				mapped	native_locus_tag	1	TARTD	
CCG_WCFS1_lp_1090	WCFS1	Lactiplantibacillus plantarum WCFS1	AL935263.2	lp_1090	lp_1090				mapped	native_locus_tag	1	TARTD	
CCG_WCFS1_lp_1093	WCFS1	Lactiplantibacillus plantarum WCFS1	AL935263.2	lp_1093	lp_1093				mapped	native_locus_tag	1	CITL	
CCG_WCFS1_lp_1095	WCFS1	Lactiplantibacillus plantarum WCFS1	AL935263.2	lp_1095	lp_1095				mapped	native_locus_tag	1	MNabc	
CCG_WCFS1_lp_1096	WCFS1	Lactiplantibacillus plantarum WCFS1	AL935263.2	lp_1096	lp_1096				mapped	native_locus_tag	1	MNabc	
CCG_WCFS1_lp_1097	WCFS1	Lactiplantibacillus plantarum WCFS1	AL935263.2	lp_1097	lp_1097				mapped	native_locus_tag	1	MNabc	
CCG_WCFS1_lp_1101	WCFS1	Lactiplantibacillus plantarum WCFS1	AL935263.2	lp_1101	lp_1101				mapped	native_locus_tag	1	LDH_L	
CCG_WCFS1_lp_1102	WCFS1	Lactiplantibacillus plantarum WCFS1	AL935263.2	lp_1102	lp_1102				mapped	native_locus_tag	1	AKGt6	
CCG_WCFS1_lp_1105	WCFS1	Lactiplantibacillus plantarum WCFS1	AL935263.2	lp_1105	lp_1105				mapped	native_locus_tag	1	ME1x	
CCG_WCFS1_lp_1106	WCFS1	Lactiplantibacillus plantarum WCFS1	AL935263.2	lp_1106	lp_1106				mapped	native_locus_tag	1	CITL	
CCG_WCFS1_lp_1107	WCFS1	Lactiplantibacillus plantarum WCFS1	AL935263.2	lp_1107	lp_1107				mapped	native_locus_tag	1	CITL	
CCG_WCFS1_lp_1108	WCFS1	Lactiplantibacillus plantarum WCFS1	AL935263.2	lp_1108	lp_1108				mapped	native_locus_tag	1	CITL	
CCG_WCFS1_lp_1109	WCFS1	Lactiplantibacillus plantarum WCFS1	AL935263.2	lp_1109	lp_1109				mapped	native_locus_tag	1	CITL	
CCG_WCFS1_lp_1112	WCFS1	Lactiplantibacillus plantarum WCFS1	AL935263.2	lp_1112	lp_1112				mapped	native_locus_tag	1	FUM	
CCG_WCFS1_lp_1113	WCFS1	Lactiplantibacillus plantarum WCFS1	AL935263.2	lp_1113	lp_1113				mapped	native_locus_tag	3	ASPO1;ASPO6;SUCD3BC	
CCG_WCFS1_lp_1114	WCFS1	Lactiplantibacillus plantarum WCFS1	AL935263.2	lp_1114	lp_1114				mapped	native_locus_tag	1	CITL	
CCG_WCFS1_lp_1118	WCFS1	Lactiplantibacillus plantarum WCFS1	AL935263.2	lp_1118	lp_1118				mapped	native_locus_tag	3	MALLAC;ME2;OAADC	
CCG_WCFS1_lp_1119	WCFS1	Lactiplantibacillus plantarum WCFS1	AL935263.2	lp_1119	lp_1119				mapped	native_locus_tag	1	MALLACap	
CCG_WCFS1_lp_1125	WCFS1	Lactiplantibacillus plantarum WCFS1	AL935263.2	lp_1125	lp_1125				mapped	native_locus_tag	2	CYTBD;CYTBD2	
CCG_WCFS1_lp_1126	WCFS1	Lactiplantibacillus plantarum WCFS1	AL935263.2	lp_1126	lp_1126				mapped	native_locus_tag	2	CYTBD;CYTBD2	
CCG_WCFS1_lp_1128	WCFS1	Lactiplantibacillus plantarum WCFS1	AL935263.2	lp_1128	lp_1128				mapped	native_locus_tag	1	CYTBD2	
CCG_WCFS1_lp_1129	WCFS1	Lactiplantibacillus plantarum WCFS1	AL935263.2	lp_1129	lp_1129				mapped	native_locus_tag	1	CYTBD2	
CCG_WCFS1_lp_1134	WCFS1	Lactiplantibacillus plantarum WCFS1	AL935263.2	lp_1134	lp_1134				mapped	native_locus_tag	1	UDCPDPS	
CCG_WCFS1_lp_1135	WCFS1	Lactiplantibacillus plantarum WCFS1	AL935263.2	lp_1135	lp_1135				mapped	native_locus_tag	2	DHNAOT;DHNAOT1	
CCG_WCFS1_lp_1138	WCFS1	Lactiplantibacillus plantarum WCFS1	AL935263.2	lp_1138	lp_1138				mapped	native_locus_tag	6	CHTNASEe;GDPMANMANHYDRO-RXN;RXN-12188;RXN-12220;RXN-12554;RXN0-5395	
CCG_WCFS1_lp_1139	WCFS1	Lactiplantibacillus plantarum WCFS1	AL935263.2	lp_1139	lp_1139				mapped	native_locus_tag	1	XPPT	
CCG_WCFS1_lp_1141	WCFS1	Lactiplantibacillus plantarum WCFS1	AL935263.2	lp_1141	lp_1141				mapped	native_locus_tag	1	AIRC	
CCG_WCFS1_lp_1147	WCFS1	Lactiplantibacillus plantarum WCFS1	AL935263.2	lp_1147	lp_1147				mapped	native_locus_tag	3	ASPTAT;GLNTAL;GLNTRS	
CCG_WCFS1_lp_1148	WCFS1	Lactiplantibacillus plantarum WCFS1	AL935263.2	lp_1148	lp_1148				mapped	native_locus_tag	3	ASPTAT;GLNTAL;GLNTRS	
CCG_WCFS1_lp_1149	WCFS1	Lactiplantibacillus plantarum WCFS1	AL935263.2	lp_1149	lp_1149				mapped	native_locus_tag	3	ASPTAT;GLNTAL;GLNTRS	
CCG_WCFS1_lp_1150	WCFS1	Lactiplantibacillus plantarum WCFS1	AL935263.2	lp_1150	lp_1150				mapped	native_locus_tag	1	DAGK	
CCG_WCFS1_lp_1169	WCFS1	Lactiplantibacillus plantarum WCFS1	AL935263.2	lp_1169	lp_1169				mapped	native_locus_tag	1	GLUDy	
CCG_WCFS1_lp_1173	WCFS1	Lactiplantibacillus plantarum WCFS1	AL935263.2	lp_1173	lp_1173				mapped	native_locus_tag	1	UAG2E	
CCG_WCFS1_lp_1175	WCFS1	Lactiplantibacillus plantarum WCFS1	AL935263.2	lp_1175	lp_1175				mapped	native_locus_tag	2	GLYCt1;GLYCt2	
CCG_WCFS1_lp_1176	WCFS1	Lactiplantibacillus plantarum WCFS1	AL935263.2	lp_1176	lp_1176				mapped	native_locus_tag	1	UDPGALM	
CCG_WCFS1_lp_1177	WCFS1	Lactiplantibacillus plantarum WCFS1	AL935263.2	lp_1177	lp_1177				mapped	native_locus_tag	1	CRB	
CCG_WCFS1_lp_1178	WCFS1	Lactiplantibacillus plantarum WCFS1	AL935263.2	lp_1178	lp_1178				mapped	native_locus_tag	1	CRB	
CCG_WCFS1_lp_1179	WCFS1	Lactiplantibacillus plantarum WCFS1	AL935263.2	lp_1179	lp_1179				mapped	native_locus_tag	1	CRB	
CCG_WCFS1_lp_1180	WCFS1	Lactiplantibacillus plantarum WCFS1	AL935263.2	lp_1180	lp_1180				mapped	native_locus_tag	1	CRB	
CCG_WCFS1_lp_1181	WCFS1	Lactiplantibacillus plantarum WCFS1	AL935263.2	lp_1181	lp_1181				mapped	native_locus_tag	1	CRB	
CCG_WCFS1_lp_1182	WCFS1	Lactiplantibacillus plantarum WCFS1	AL935263.2	lp_1182	lp_1182				mapped	native_locus_tag	1	CRB	
CCG_WCFS1_lp_1183	WCFS1	Lactiplantibacillus plantarum WCFS1	AL935263.2	lp_1183	lp_1183				mapped	native_locus_tag	1	CRB	
CCG_WCFS1_lp_1184	WCFS1	Lactiplantibacillus plantarum WCFS1	AL935263.2	lp_1184	lp_1184				mapped	native_locus_tag	1	CRB	
CCG_WCFS1_lp_1185	WCFS1	Lactiplantibacillus plantarum WCFS1	AL935263.2	lp_1185	lp_1185				mapped	native_locus_tag	1	CRB	
CCG_WCFS1_lp_1186	WCFS1	Lactiplantibacillus plantarum WCFS1	AL935263.2	lp_1186	lp_1186				mapped	native_locus_tag	1	G1PTT	
CCG_WCFS1_lp_1188	WCFS1	Lactiplantibacillus plantarum WCFS1	AL935263.2	lp_1188	lp_1188				mapped	native_locus_tag	1	TDPDRE	
CCG_WCFS1_lp_1189	WCFS1	Lactiplantibacillus plantarum WCFS1	AL935263.2	lp_1189	lp_1189				mapped	native_locus_tag	2	GALCTD;TDPGDH	
CCG_WCFS1_lp_1190	WCFS1	Lactiplantibacillus plantarum WCFS1	AL935263.2	lp_1190	lp_1190				mapped	native_locus_tag	1	TDPDRR	
CCG_WCFS1_lp_1197	WCFS1	Lactiplantibacillus plantarum WCFS1	AL935263.2	lp_1197	lp_1197				mapped	native_locus_tag	1	CRB	
CCG_WCFS1_lp_1198	WCFS1	Lactiplantibacillus plantarum WCFS1	AL935263.2	lp_1198	lp_1198				mapped	native_locus_tag	1	CRB	
CCG_WCFS1_lp_1199	WCFS1	Lactiplantibacillus plantarum WCFS1	AL935263.2	lp_1199	lp_1199				mapped	native_locus_tag	1	CRB	
CCG_WCFS1_lp_1200	WCFS1	Lactiplantibacillus plantarum WCFS1	AL935263.2	lp_1200	lp_1200				mapped	native_locus_tag	1	UDPG4E	
CCG_WCFS1_lp_1201	WCFS1	Lactiplantibacillus plantarum WCFS1	AL935263.2	lp_1201	lp_1201				mapped	native_locus_tag	1	CRB	
CCG_WCFS1_lp_1202	WCFS1	Lactiplantibacillus plantarum WCFS1	AL935263.2	lp_1202	lp_1202				mapped	native_locus_tag	1	CRB	
CCG_WCFS1_lp_1203	WCFS1	Lactiplantibacillus plantarum WCFS1	AL935263.2	lp_1203	lp_1203				mapped	native_locus_tag	1	CRB	
CCG_WCFS1_lp_1204	WCFS1	Lactiplantibacillus plantarum WCFS1	AL935263.2	lp_1204	lp_1204				mapped	native_locus_tag	1	CRB	
CCG_WCFS1_lp_1205	WCFS1	Lactiplantibacillus plantarum WCFS1	AL935263.2	lp_1205	lp_1205				mapped	native_locus_tag	1	CRB	
CCG_WCFS1_lp_1206	WCFS1	Lactiplantibacillus plantarum WCFS1	AL935263.2	lp_1206	lp_1206				mapped	native_locus_tag	1	CRB	
CCG_WCFS1_lp_1215	WCFS1	Lactiplantibacillus plantarum WCFS1	AL935263.2	lp_1215	lp_1215				mapped	native_locus_tag	1	CRB	
CCG_WCFS1_lp_1216	WCFS1	Lactiplantibacillus plantarum WCFS1	AL935263.2	lp_1216	lp_1216				mapped	native_locus_tag	1	CRB	
CCG_WCFS1_lp_1219	WCFS1	Lactiplantibacillus plantarum WCFS1	AL935263.2	lp_1219	lp_1219				mapped	native_locus_tag	1	UDPGALM	
CCG_WCFS1_lp_1220	WCFS1	Lactiplantibacillus plantarum WCFS1	AL935263.2	lp_1220	lp_1220				mapped	native_locus_tag	1	CRB	
CCG_WCFS1_lp_1221	WCFS1	Lactiplantibacillus plantarum WCFS1	AL935263.2	lp_1221	lp_1221				mapped	native_locus_tag	1	CRB	
CCG_WCFS1_lp_1222	WCFS1	Lactiplantibacillus plantarum WCFS1	AL935263.2	lp_1222	lp_1222				mapped	native_locus_tag	1	CRB	
CCG_WCFS1_lp_1224	WCFS1	Lactiplantibacillus plantarum WCFS1	AL935263.2	lp_1224	lp_1224				mapped	native_locus_tag	1	CRB	
CCG_WCFS1_lp_1225	WCFS1	Lactiplantibacillus plantarum WCFS1	AL935263.2	lp_1225	lp_1225				mapped	native_locus_tag	1	CRB	
CCG_WCFS1_lp_1226	WCFS1	Lactiplantibacillus plantarum WCFS1	AL935263.2	lp_1226	lp_1226				mapped	native_locus_tag	1	CRB	
CCG_WCFS1_lp_1227	WCFS1	Lactiplantibacillus plantarum WCFS1	AL935263.2	lp_1227	lp_1227				mapped	native_locus_tag	1	CRB	
CCG_WCFS1_lp_1245	WCFS1	Lactiplantibacillus plantarum WCFS1	AL935263.2	lp_1245	lp_1245				mapped	native_locus_tag	1	MDH2	
CCG_WCFS1_lp_1248	WCFS1	Lactiplantibacillus plantarum WCFS1	AL935263.2	lp_1248	lp_1248				mapped	native_locus_tag	1	G3PCT	
CCG_WCFS1_lp_1249	WCFS1	Lactiplantibacillus plantarum WCFS1	AL935263.2	lp_1249	lp_1249				mapped	native_locus_tag	1	GLCNt2	
CCG_WCFS1_lp_1250	WCFS1	Lactiplantibacillus plantarum WCFS1	AL935263.2	lp_1250	lp_1250				mapped	native_locus_tag	1	GNK	
CCG_WCFS1_lp_1251	WCFS1	Lactiplantibacillus plantarum WCFS1	AL935263.2	lp_1251	lp_1251				mapped	native_locus_tag	1	GND	
CCG_WCFS1_lp_1253	WCFS1	Lactiplantibacillus plantarum WCFS1	AL935263.2	lp_1253	lp_1253				mapped	native_locus_tag	1	GTHRD	
CCG_WCFS1_lp_1264	WCFS1	Lactiplantibacillus plantarum WCFS1	AL935263.2	lp_1264	lp_1264				mapped	native_locus_tag	5	NTP10;NTP11;NTP5;Niabc;TDP	
CCG_WCFS1_lp_1273	WCFS1	Lactiplantibacillus plantarum WCFS1	AL935263.2	lp_1273	lp_1273				mapped	native_locus_tag	13	ACGALpts;ACGAMpts;CELBpts;DHAPT;FRUpts;GALTpts;GLCpts;KESTOpts;MANpts;MNLpts;SBTpts;SUCpts;TREpts	
CCG_WCFS1_lp_1274	WCFS1	Lactiplantibacillus plantarum WCFS1	AL935263.2	lp_1274	lp_1274				mapped	native_locus_tag	15	ACGALpts;ACGAMpts;ARBTpts;CELBpts;DHAPT;FRUpts;GALTpts;GAMpts;GLCpts;KESTOpts;MANpts;MNLpts;SBTpts;SUCpts;TREpts	
CCG_WCFS1_lp_1275	WCFS1	Lactiplantibacillus plantarum WCFS1	AL935263.2	lp_1275	lp_1275				mapped	native_locus_tag	1	DAGGT	
CCG_WCFS1_lp_1276	WCFS1	Lactiplantibacillus plantarum WCFS1	AL935263.2	lp_1276	lp_1276				mapped	native_locus_tag	1	DAGGT	
CCG_WCFS1_lp_1280	WCFS1	Lactiplantibacillus plantarum WCFS1	AL935263.2	lp_1280	lp_1280				mapped	native_locus_tag	6	AAAAT;ADAPAT;PHETA;TRPTA;TRPTA2;TRPTA3	
CCG_WCFS1_lp_1283	WCFS1	Lactiplantibacillus plantarum WCFS1	AL935263.2	lp_1283	lp_1283				mapped	native_locus_tag	1	LTAS1	
CCG_WCFS1_lp_1295	WCFS1	Lactiplantibacillus plantarum WCFS1	AL935263.2	lp_1295	lp_1295				mapped	native_locus_tag	1	MNt6	
CCG_WCFS1_lp_1296	WCFS1	Lactiplantibacillus plantarum WCFS1	AL935263.2	lp_1296	lp_1296				mapped	native_locus_tag	1	FCLT	
CCG_WCFS1_lp_1298	WCFS1	Lactiplantibacillus plantarum WCFS1	AL935263.2	lp_1298	lp_1298				mapped	native_locus_tag	2	HCYSMT;HCYSMT2	
CCG_WCFS1_lp_1299	WCFS1	Lactiplantibacillus plantarum WCFS1	AL935263.2	lp_1299	lp_1299				mapped	native_locus_tag	1	GLTAL	
CCG_WCFS1_lp_1301	WCFS1	Lactiplantibacillus plantarum WCFS1	AL935263.2	lp_1301	lp_1301				mapped	native_locus_tag	1	METAT	
CCG_WCFS1_lp_1302	WCFS1	Lactiplantibacillus plantarum WCFS1	AL935263.2	lp_1302	lp_1302				mapped	native_locus_tag	1	METt6	
CCG_WCFS1_lp_1311	WCFS1	Lactiplantibacillus plantarum WCFS1	AL935263.2	lp_1311	lp_1311				mapped	native_locus_tag	1	GLTAL	
CCG_WCFS1_lp_1312	WCFS1	Lactiplantibacillus plantarum WCFS1	AL935263.2	lp_1312	lp_1312				mapped	native_locus_tag	1	GLTAL	
CCG_WCFS1_lp_1315	WCFS1	Lactiplantibacillus plantarum WCFS1	AL935263.2	lp_1315	lp_1315				mapped	native_locus_tag	1	PAPA	
CCG_WCFS1_lp_1316	WCFS1	Lactiplantibacillus plantarum WCFS1	AL935263.2	lp_1316	lp_1316				mapped	native_locus_tag	1	LEUTRS	
CCG_WCFS1_lp_1319	WCFS1	Lactiplantibacillus plantarum WCFS1	AL935263.2	lp_1319	lp_1319				mapped	native_locus_tag	1	PSUDS	
CCG_WCFS1_lp_1325	WCFS1	Lactiplantibacillus plantarum WCFS1	AL935263.2	lp_1325	lp_1325				mapped	native_locus_tag	1	GLYCPabc	
CCG_WCFS1_lp_1326	WCFS1	Lactiplantibacillus plantarum WCFS1	AL935263.2	lp_1326	lp_1326				mapped	native_locus_tag	1	GLYCPabc	
CCG_WCFS1_lp_1328	WCFS1	Lactiplantibacillus plantarum WCFS1	AL935263.2	lp_1328	lp_1328				mapped	native_locus_tag	5	GPDDA1;GPDDA2;GPDDA3;GPDDA4;GPDDA5	
CCG_WCFS1_lp_1329	WCFS1	Lactiplantibacillus plantarum WCFS1	AL935263.2	lp_1329	lp_1329				mapped	native_locus_tag	3	DADNK;DGNSK;DINSK	
CCG_WCFS1_lp_1346	WCFS1	Lactiplantibacillus plantarum WCFS1	AL935263.2	lp_1346	lp_1346				mapped	native_locus_tag	1	ASAD	
CCG_WCFS1_lp_1350	WCFS1	Lactiplantibacillus plantarum WCFS1	AL935263.2	lp_1350	lp_1350				mapped	native_locus_tag	2	FMNRx;NOX1	
CCG_WCFS1_lp_1372	WCFS1	Lactiplantibacillus plantarum WCFS1	AL935263.2	lp_1372	lp_1372				mapped	native_locus_tag	1	GRTAL	
CCG_WCFS1_lp_1374	WCFS1	Lactiplantibacillus plantarum WCFS1	AL935263.2	lp_1374	lp_1374				mapped	native_locus_tag	1	METS	
CCG_WCFS1_lp_1375	WCFS1	Lactiplantibacillus plantarum WCFS1	AL935263.2	lp_1375	lp_1375				mapped	native_locus_tag	2	MTHPTGHM;MTHPTGHMr	
CCG_WCFS1_lp_1378	WCFS1	Lactiplantibacillus plantarum WCFS1	AL935263.2	lp_1378	lp_1378				mapped	native_locus_tag	1	SADT1	
CCG_WCFS1_lp_1379	WCFS1	Lactiplantibacillus plantarum WCFS1	AL935263.2	lp_1379	lp_1379				mapped	native_locus_tag	1	ADSK	
CCG_WCFS1_lp_1385	WCFS1	Lactiplantibacillus plantarum WCFS1	AL935263.2	lp_1385	lp_1385				mapped	native_locus_tag	1	SO4t4	
CCG_WCFS1_lp_1391	WCFS1	Lactiplantibacillus plantarum WCFS1	AL935263.2	lp_1391	lp_1391				mapped	native_locus_tag	1	ARGTRS	
CCG_WCFS1_lp_1401	WCFS1	Lactiplantibacillus plantarum WCFS1	AL935263.2	lp_1401	lp_1401				mapped	native_locus_tag	3	CBGH;GNGH;PGGH	
CCG_WCFS1_lp_1406	WCFS1	Lactiplantibacillus plantarum WCFS1	AL935263.2	lp_1406	lp_1406				mapped	native_locus_tag	2	DALTAL;DARTAL	
CCG_WCFS1_lp_1413	WCFS1	Lactiplantibacillus plantarum WCFS1	AL935263.2	lp_1413	lp_1413				mapped	native_locus_tag	2	PGGT4;PPTGS	
CCG_WCFS1_lp_1424	WCFS1	Lactiplantibacillus plantarum WCFS1	AL935263.2	lp_1424	lp_1424				mapped	native_locus_tag	3	FLVR;FMNRy;SUCD1	
CCG_WCFS1_lp_1425	WCFS1	Lactiplantibacillus plantarum WCFS1	AL935263.2	lp_1425	lp_1425				mapped	native_locus_tag	1	SUCD3BC	
CCG_WCFS1_lp_1436	WCFS1	Lactiplantibacillus plantarum WCFS1	AL935263.2	lp_1436	lp_1436				mapped	native_locus_tag	2	RBFSa;RBFSb	
CCG_WCFS1_lp_1437	WCFS1	Lactiplantibacillus plantarum WCFS1	AL935263.2	lp_1437	lp_1437				mapped	native_locus_tag	2	DB4PS;GTPCII	
CCG_WCFS1_lp_1445	WCFS1	Lactiplantibacillus plantarum WCFS1	AL935263.2	lp_1445	lp_1445				mapped	native_locus_tag	1	NPR	
CCG_WCFS1_lp_1462	WCFS1	Lactiplantibacillus plantarum WCFS1	AL935263.2	lp_1462	lp_1462				mapped	native_locus_tag	1	UAMAS	
CCG_WCFS1_lp_1466	WCFS1	Lactiplantibacillus plantarum WCFS1	AL935263.2	lp_1466	lp_1466				mapped	native_locus_tag	1	FE2abc	
CCG_WCFS1_lp_1470	WCFS1	Lactiplantibacillus plantarum WCFS1	AL935263.2	lp_1470	lp_1470				mapped	native_locus_tag	2	CYSDES;SELCYSLY2	
CCG_WCFS1_lp_1478	WCFS1	Lactiplantibacillus plantarum WCFS1	AL935263.2	lp_1478	lp_1478				mapped	native_locus_tag	1	MPTS	
CCG_WCFS1_lp_1479	WCFS1	Lactiplantibacillus plantarum WCFS1	AL935263.2	lp_1479	lp_1479				mapped	native_locus_tag	3	MOADCST;MPTS;THZPSN2	
CCG_WCFS1_lp_1480	WCFS1	Lactiplantibacillus plantarum WCFS1	AL935263.2	lp_1480	lp_1480				mapped	native_locus_tag	1	PZS	
CCG_WCFS1_lp_1481	WCFS1	Lactiplantibacillus plantarum WCFS1	AL935263.2	lp_1481	lp_1481				mapped	native_locus_tag	1	NO2t3	
CCG_WCFS1_lp_1491	WCFS1	Lactiplantibacillus plantarum WCFS1	AL935263.2	lp_1491	lp_1491				mapped	native_locus_tag	1	MGDS	
CCG_WCFS1_lp_1492	WCFS1	Lactiplantibacillus plantarum WCFS1	AL935263.2	lp_1492	lp_1492				mapped	native_locus_tag	1	PZS	
CCG_WCFS1_lp_1493	WCFS1	Lactiplantibacillus plantarum WCFS1	AL935263.2	lp_1493	lp_1493				mapped	native_locus_tag	1	MGDS	
CCG_WCFS1_lp_1494	WCFS1	Lactiplantibacillus plantarum WCFS1	AL935263.2	lp_1494	lp_1494				mapped	native_locus_tag	1	MOCOS	
CCG_WCFS1_lp_1495	WCFS1	Lactiplantibacillus plantarum WCFS1	AL935263.2	lp_1495	lp_1495				mapped	native_locus_tag	1	PZS	
CCG_WCFS1_lp_1496	WCFS1	Lactiplantibacillus plantarum WCFS1	AL935263.2	lp_1496	lp_1496				mapped	native_locus_tag	1	MOADCST	
CCG_WCFS1_lp_1497	WCFS1	Lactiplantibacillus plantarum WCFS1	AL935263.2	lp_1497	lp_1497				mapped	native_locus_tag	2	NTRARx;NTRARy	
CCG_WCFS1_lp_1498	WCFS1	Lactiplantibacillus plantarum WCFS1	AL935263.2	lp_1498	lp_1498				mapped	native_locus_tag	2	NTRARx;NTRARy	
CCG_WCFS1_lp_1499	WCFS1	Lactiplantibacillus plantarum WCFS1	AL935263.2	lp_1499	lp_1499				mapped	native_locus_tag	2	NTRARx;NTRARy	
CCG_WCFS1_lp_1500	WCFS1	Lactiplantibacillus plantarum WCFS1	AL935263.2	lp_1500	lp_1500				mapped	native_locus_tag	2	NTRARx;NTRARy	
CCG_WCFS1_lp_1510	WCFS1	Lactiplantibacillus plantarum WCFS1	AL935263.2	lp_1510	lp_1510				mapped	native_locus_tag	1	DPCOAK	
CCG_WCFS1_lp_1514	WCFS1	Lactiplantibacillus plantarum WCFS1	AL935263.2	lp_1514	lp_1514				mapped	native_locus_tag	1	THRTRS	
CCG_WCFS1_lp_1521	WCFS1	Lactiplantibacillus plantarum WCFS1	AL935263.2	lp_1521	lp_1521				mapped	native_locus_tag	2	ALCD3MB;QRr	
CCG_WCFS1_lp_1523	WCFS1	Lactiplantibacillus plantarum WCFS1	AL935263.2	lp_1523	lp_1523				mapped	native_locus_tag	1	ASPR	
CCG_WCFS1_lp_1530	WCFS1	Lactiplantibacillus plantarum WCFS1	AL935263.2	lp_1530	lp_1530				mapped	native_locus_tag	2	NMNAT;NNAT	
CCG_WCFS1_lp_1541	WCFS1	Lactiplantibacillus plantarum WCFS1	AL935263.2	lp_1541	lp_1541				mapped	native_locus_tag	2	GND;GNDx	
CCG_WCFS1_lp_1546	WCFS1	Lactiplantibacillus plantarum WCFS1	AL935263.2	lp_1546	lp_1546				mapped	native_locus_tag	5	DHNAOT;DHNAOT1;FRTT;FRTT2;OCTDPS	
CCG_WCFS1_lp_1554	WCFS1	Lactiplantibacillus plantarum WCFS1	AL935263.2	lp_1554	lp_1554				mapped	native_locus_tag	2	ACYP;ACYP_2	
CCG_WCFS1_lp_1558	WCFS1	Lactiplantibacillus plantarum WCFS1	AL935263.2	lp_1558	lp_1558				mapped	native_locus_tag	1	PHETRS	
CCG_WCFS1_lp_1559	WCFS1	Lactiplantibacillus plantarum WCFS1	AL935263.2	lp_1559	lp_1559				mapped	native_locus_tag	1	PHETRS	
CCG_WCFS1_lp_1561	WCFS1	Lactiplantibacillus plantarum WCFS1	AL935263.2	lp_1561	lp_1561				mapped	native_locus_tag	1	ADCL	
CCG_WCFS1_lp_1562	WCFS1	Lactiplantibacillus plantarum WCFS1	AL935263.2	lp_1562	lp_1562				mapped	native_locus_tag	19	CYTDK1;CYTDK2;CYTDK3;CYTDK4;CYTDK5;CYTDK6;CYTDK7;CYTDK8;CYTDK9;DCK1;URIK1;URIK2;URIK3;URIK4;URIK5;URIK6;URIK7;URIK8;URIK9	
CCG_WCFS1_lp_1568	WCFS1	Lactiplantibacillus plantarum WCFS1	AL935263.2	lp_1568	lp_1568				mapped	native_locus_tag	1	PGGT4	
CCG_WCFS1_lp_1570	WCFS1	Lactiplantibacillus plantarum WCFS1	AL935263.2	lp_1570	lp_1570				mapped	native_locus_tag	1	FTHFCL	
CCG_WCFS1_lp_1573	WCFS1	Lactiplantibacillus plantarum WCFS1	AL935263.2	lp_1573	lp_1573				mapped	native_locus_tag	2	GLUK;MANK	
CCG_WCFS1_lp_1578	WCFS1	Lactiplantibacillus plantarum WCFS1	AL935263.2	lp_1578	lp_1578				mapped	native_locus_tag	5	GPDDA1;GPDDA2;GPDDA3;GPDDA4;GPDDA5	
CCG_WCFS1_lp_1581	WCFS1	Lactiplantibacillus plantarum WCFS1	AL935263.2	lp_1581	lp_1581				mapped	native_locus_tag	1	GLNS	
CCG_WCFS1_lp_1585	WCFS1	Lactiplantibacillus plantarum WCFS1	AL935263.2	lp_1585	lp_1585				mapped	native_locus_tag	1	DUTPDP	
CCG_WCFS1_lp_1599	WCFS1	Lactiplantibacillus plantarum WCFS1	AL935263.2	lp_1599	lp_1599				mapped	native_locus_tag	4	MEFPGDH;MFPGC;MTHFC;MTHFD	
CCG_WCFS1_lp_1602	WCFS1	Lactiplantibacillus plantarum WCFS1	AL935263.2	lp_1602	lp_1602				mapped	native_locus_tag	2	DMATT;GRTT	
CCG_WCFS1_lp_1607	WCFS1	Lactiplantibacillus plantarum WCFS1	AL935263.2	lp_1607	lp_1607				mapped	native_locus_tag	3	CHLabc;GLYBabc;PROabc	
CCG_WCFS1_lp_1608	WCFS1	Lactiplantibacillus plantarum WCFS1	AL935263.2	lp_1608	lp_1608				mapped	native_locus_tag	3	CHLabc;GLYBabc;HCO3abc	
CCG_WCFS1_lp_1609	WCFS1	Lactiplantibacillus plantarum WCFS1	AL935263.2	lp_1609	lp_1609				mapped	native_locus_tag	2	CHLabc;GLYBabc	
CCG_WCFS1_lp_1610	WCFS1	Lactiplantibacillus plantarum WCFS1	AL935263.2	lp_1610	lp_1610				mapped	native_locus_tag	2	CHLabc;GLYBabc	
CCG_WCFS1_lp_1612	WCFS1	Lactiplantibacillus plantarum WCFS1	AL935263.2	lp_1612	lp_1612				mapped	native_locus_tag	3	DGK1;GK1;GK2	
CCG_WCFS1_lp_1614	WCFS1	Lactiplantibacillus plantarum WCFS1	AL935263.2	lp_1614	lp_1614				mapped	native_locus_tag	3	PPCDC;PPNCL;PPNCL3	
CCG_WCFS1_lp_1616	WCFS1	Lactiplantibacillus plantarum WCFS1	AL935263.2	lp_1616	lp_1616				mapped	native_locus_tag	2	FMETTRS;GluForTx	
CCG_WCFS1_lp_1621	WCFS1	Lactiplantibacillus plantarum WCFS1	AL935263.2	lp_1621	lp_1621				mapped	native_locus_tag	1	RPE	
CCG_WCFS1_lp_1622	WCFS1	Lactiplantibacillus plantarum WCFS1	AL935263.2	lp_1622	lp_1622				mapped	native_locus_tag	1	TMDPK	
CCG_WCFS1_lp_1626	WCFS1	Lactiplantibacillus plantarum WCFS1	AL935263.2	lp_1626	lp_1626				mapped	native_locus_tag	1	DAK	
CCG_WCFS1_lp_1628	WCFS1	Lactiplantibacillus plantarum WCFS1	AL935263.2	lp_1628	lp_1628				mapped	native_locus_tag	1	GAT1	
CCG_WCFS1_lp_1629	WCFS1	Lactiplantibacillus plantarum WCFS1	AL935263.2	lp_1629	lp_1629				mapped	native_locus_tag	1	ACPS	
CCG_WCFS1_lp_1645	WCFS1	Lactiplantibacillus plantarum WCFS1	AL935263.2	lp_1645	lp_1645				mapped	native_locus_tag	2	ALCD2MB;ALCD3MB	
CCG_WCFS1_lp_1652	WCFS1	Lactiplantibacillus plantarum WCFS1	AL935263.2	lp_1652	lp_1652				mapped	native_locus_tag	1	ANS1	
CCG_WCFS1_lp_1653	WCFS1	Lactiplantibacillus plantarum WCFS1	AL935263.2	lp_1653	lp_1653				mapped	native_locus_tag	1	ANS1	
CCG_WCFS1_lp_1654	WCFS1	Lactiplantibacillus plantarum WCFS1	AL935263.2	lp_1654	lp_1654				mapped	native_locus_tag	1	ANPRT	
CCG_WCFS1_lp_1655	WCFS1	Lactiplantibacillus plantarum WCFS1	AL935263.2	lp_1655	lp_1655				mapped	native_locus_tag	1	IGPS	
CCG_WCFS1_lp_1656	WCFS1	Lactiplantibacillus plantarum WCFS1	AL935263.2	lp_1656	lp_1656				mapped	native_locus_tag	1	PRAI	
CCG_WCFS1_lp_1657	WCFS1	Lactiplantibacillus plantarum WCFS1	AL935263.2	lp_1657	lp_1657				mapped	native_locus_tag	2	TRPS2;TRPS3	
CCG_WCFS1_lp_1658	WCFS1	Lactiplantibacillus plantarum WCFS1	AL935263.2	lp_1658	lp_1658				mapped	native_locus_tag	2	TRPS2;TRPS3	
CCG_WCFS1_lp_1659	WCFS1	Lactiplantibacillus plantarum WCFS1	AL935263.2	lp_1659	lp_1659				mapped	native_locus_tag	1	ICHORT	
CCG_WCFS1_lp_1660	WCFS1	Lactiplantibacillus plantarum WCFS1	AL935263.2	lp_1660	lp_1660				mapped	native_locus_tag	2	ALCD2MB;ALCD3MB	
CCG_WCFS1_lp_1665	WCFS1	Lactiplantibacillus plantarum WCFS1	AL935263.2	lp_1665	lp_1665				mapped	native_locus_tag	5	ALCD19;ALCD2MB;ALCD2x;ALCD3MB;CHOLD	
CCG_WCFS1_lp_1670	WCFS1	Lactiplantibacillus plantarum WCFS1	AL935263.2	lp_1670	lp_1670				mapped	native_locus_tag	15	3HAD100;3HAD120;3HAD121;3HAD140;3HAD141;3HAD160;3HAD161;3HAD180;3HAD181;3HAD181v;3HAD40;3HAD60;3HAD80;OGMEACPD;OPMEACPD	
CCG_WCFS1_lp_1671	WCFS1	Lactiplantibacillus plantarum WCFS1	AL935263.2	lp_1671	lp_1671				mapped	native_locus_tag	10	3OAS121;3OAS141;3OAS161;3OAS181;3OAS181v;KAS14;KAS15;KAS2;KAS7;KAS8	
CCG_WCFS1_lp_1672	WCFS1	Lactiplantibacillus plantarum WCFS1	AL935263.2	lp_1672	lp_1672				mapped	native_locus_tag	1	ACPS	
CCG_WCFS1_lp_1673	WCFS1	Lactiplantibacillus plantarum WCFS1	AL935263.2	lp_1673	lp_1673				mapped	native_locus_tag	1	MCOATA	
CCG_WCFS1_lp_1674	WCFS1	Lactiplantibacillus plantarum WCFS1	AL935263.2	lp_1674	lp_1674				mapped	native_locus_tag	15	3OAR100;3OAR120;3OAR121;3OAR140;3OAR141;3OAR160;3OAR161;3OAR180;3OAR181;3OAR181v;3OAR40;3OAR60;3OAR80;OGMEACPR;OPMEACPR	
CCG_WCFS1_lp_1675	WCFS1	Lactiplantibacillus plantarum WCFS1	AL935263.2	lp_1675	lp_1675				mapped	native_locus_tag	9	3OAS100;3OAS120;3OAS140;3OAS160;3OAS180;3OAS60;3OAS80;OGMEACPS;OPMEACPS	
CCG_WCFS1_lp_1676	WCFS1	Lactiplantibacillus plantarum WCFS1	AL935263.2	lp_1676	lp_1676				mapped	native_locus_tag	1	BTNCC	
CCG_WCFS1_lp_1677	WCFS1	Lactiplantibacillus plantarum WCFS1	AL935263.2	lp_1677	lp_1677				mapped	native_locus_tag	8	3HAD100;3HAD120;3HAD140;3HAD160;3HAD180;3HAD40;3HAD60;3HAD80	
CCG_WCFS1_lp_1678	WCFS1	Lactiplantibacillus plantarum WCFS1	AL935263.2	lp_1678	lp_1678				mapped	native_locus_tag	1	BTNCC	
CCG_WCFS1_lp_1679	WCFS1	Lactiplantibacillus plantarum WCFS1	AL935263.2	lp_1679	lp_1679				mapped	native_locus_tag	1	ACCOACDL	
CCG_WCFS1_lp_1680	WCFS1	Lactiplantibacillus plantarum WCFS1	AL935263.2	lp_1680	lp_1680				mapped	native_locus_tag	1	ACCOACDL	
CCG_WCFS1_lp_1681	WCFS1	Lactiplantibacillus plantarum WCFS1	AL935263.2	lp_1681	lp_1681				mapped	native_locus_tag	8	EAR100x;EAR120x;EAR140x;EAR160x;EAR180x;EAR40x;EAR60x;EAR80x	
CCG_WCFS1_lp_1686	WCFS1	Lactiplantibacillus plantarum WCFS1	AL935263.2	lp_1686	lp_1686				mapped	native_locus_tag	1	ACTEH2	
CCG_WCFS1_lp_1687	WCFS1	Lactiplantibacillus plantarum WCFS1	AL935263.2	lp_1687	lp_1687				mapped	native_locus_tag	1	NTP3	
CCG_WCFS1_lp_1696	WCFS1	Lactiplantibacillus plantarum WCFS1	AL935263.2	lp_1696	lp_1696				mapped	native_locus_tag	1	CFAS_180	
CCG_WCFS1_lp_1703	WCFS1	Lactiplantibacillus plantarum WCFS1	AL935263.2	lp_1703	lp_1703				mapped	native_locus_tag	1	DAGK	
CCG_WCFS1_lp_1713	WCFS1	Lactiplantibacillus plantarum WCFS1	AL935263.2	lp_1713	lp_1713				mapped	native_locus_tag	2	DAPDC;ORNDC	
CCG_WCFS1_lp_1721	WCFS1	Lactiplantibacillus plantarum WCFS1	AL935263.2	lp_1721	lp_1721				mapped	native_locus_tag	3	3AIBT;ABTA;APAT2	
CCG_WCFS1_lp_1722	WCFS1	Lactiplantibacillus plantarum WCFS1	AL935263.2	lp_1722	lp_1722				mapped	native_locus_tag	1	GABAt6	
CCG_WCFS1_lp_1729	WCFS1	Lactiplantibacillus plantarum WCFS1	AL935263.2	lp_1729	lp_1729				mapped	native_locus_tag	2	MALTt2;STRCHt2	
CCG_WCFS1_lp_1730	WCFS1	Lactiplantibacillus plantarum WCFS1	AL935263.2	lp_1730	lp_1730				mapped	native_locus_tag	3	ALPHAALPHA-TREHALOSE-PHOSPHORYLASE-RXN;MALP;TRE6PP	
CCG_WCFS1_lp_1731	WCFS1	Lactiplantibacillus plantarum WCFS1	AL935263.2	lp_1731	lp_1731				mapped	native_locus_tag	1	GALM	
CCG_WCFS1_lp_1732	WCFS1	Lactiplantibacillus plantarum WCFS1	AL935263.2	lp_1732	lp_1732				mapped	native_locus_tag	1	IPDDI	
CCG_WCFS1_lp_1733	WCFS1	Lactiplantibacillus plantarum WCFS1	AL935263.2	lp_1733	lp_1733				mapped	native_locus_tag	1	PMEVK	
CCG_WCFS1_lp_1734	WCFS1	Lactiplantibacillus plantarum WCFS1	AL935263.2	lp_1734	lp_1734				mapped	native_locus_tag	1	DPMVD	
CCG_WCFS1_lp_1735	WCFS1	Lactiplantibacillus plantarum WCFS1	AL935263.2	lp_1735	lp_1735				mapped	native_locus_tag	1	MEVK	
CCG_WCFS1_lp_1739	WCFS1	Lactiplantibacillus plantarum WCFS1	AL935263.2	lp_1739	lp_1739				mapped	native_locus_tag	5	ASPTA;CYSTA;PHETA;TRPTA2;TRPTA3	
CCG_WCFS1_lp_1740	WCFS1	Lactiplantibacillus plantarum WCFS1	AL935263.2	lp_1740	lp_1740				mapped	native_locus_tag	1	ASNTRS	
CCG_WCFS1_lp_1744	WCFS1	Lactiplantibacillus plantarum WCFS1	AL935263.2	lp_1744	lp_1744				mapped	native_locus_tag	2	METDabc;METabc	
CCG_WCFS1_lp_1745	WCFS1	Lactiplantibacillus plantarum WCFS1	AL935263.2	lp_1745	lp_1745				mapped	native_locus_tag	2	METDabc;METabc	
CCG_WCFS1_lp_1746	WCFS1	Lactiplantibacillus plantarum WCFS1	AL935263.2	lp_1746	lp_1746				mapped	native_locus_tag	2	METDabc;METabc	
CCG_WCFS1_lp_1751	WCFS1	Lactiplantibacillus plantarum WCFS1	AL935263.2	lp_1751	lp_1751				mapped	native_locus_tag	2	PGGT4;PPTGS	
CCG_WCFS1_lp_1779	WCFS1	Lactiplantibacillus plantarum WCFS1	AL935263.2	lp_1779	lp_1779				mapped	native_locus_tag	2	FFPGL;FTHFL	
CCG_WCFS1_lp_1781	WCFS1	Lactiplantibacillus plantarum WCFS1	AL935263.2	lp_1781	lp_1781				mapped	native_locus_tag	1	PSUDS	
CCG_WCFS1_lp_1783	WCFS1	Lactiplantibacillus plantarum WCFS1	AL935263.2	lp_1783	lp_1783				mapped	native_locus_tag	3	CBPS;CBPS2;GLUN	
CCG_WCFS1_lp_1784	WCFS1	Lactiplantibacillus plantarum WCFS1	AL935263.2	lp_1784	lp_1784				mapped	native_locus_tag	3	CBPS;CBPS2;GLUN	
CCG_WCFS1_lp_1785	WCFS1	Lactiplantibacillus plantarum WCFS1	AL935263.2	lp_1785	lp_1785				mapped	native_locus_tag	1	PGM	
CCG_WCFS1_lp_1790	WCFS1	Lactiplantibacillus plantarum WCFS1	AL935263.2	lp_1790	lp_1790				mapped	native_locus_tag	1	ADPRDP	
CCG_WCFS1_lp_1814	WCFS1	Lactiplantibacillus plantarum WCFS1	AL935263.2	lp_1814	lp_1814				mapped	native_locus_tag	2	D-LACt2;L-LACt2	
CCG_WCFS1_lp_1816	WCFS1	Lactiplantibacillus plantarum WCFS1	AL935263.2	lp_1816	lp_1816				mapped	native_locus_tag	1	CRCT	
CCG_WCFS1_lp_1817	WCFS1	Lactiplantibacillus plantarum WCFS1	AL935263.2	lp_1817	lp_1817				mapped	native_locus_tag	1	RBT5PDHy	
CCG_WCFS1_lp_1818	WCFS1	Lactiplantibacillus plantarum WCFS1	AL935263.2	lp_1818	lp_1818				mapped	native_locus_tag	1	CRPT	
CCG_WCFS1_lp_1819	WCFS1	Lactiplantibacillus plantarum WCFS1	AL935263.2	lp_1819	lp_1819				mapped	native_locus_tag	1	CRPT	
CCG_WCFS1_lp_1822	WCFS1	Lactiplantibacillus plantarum WCFS1	AL935263.2	lp_1822	lp_1822				mapped	native_locus_tag	1	GTHRD	
CCG_WCFS1_lp_1837	WCFS1	Lactiplantibacillus plantarum WCFS1	AL935263.2	lp_1837	lp_1837				mapped	native_locus_tag	2	GTPDPDP;PPA	
CCG_WCFS1_lp_1842	WCFS1	Lactiplantibacillus plantarum WCFS1	AL935263.2	lp_1842	lp_1842				mapped	native_locus_tag	1	GAT1	
CCG_WCFS1_lp_1843	WCFS1	Lactiplantibacillus plantarum WCFS1	AL935263.2	lp_1843	lp_1843				mapped	native_locus_tag	1	GALM	
CCG_WCFS1_lp_1869	WCFS1	Lactiplantibacillus plantarum WCFS1	AL935263.2	lp_1869	lp_1869				mapped	native_locus_tag	2	DHFR;FOLR2	
CCG_WCFS1_lp_1870	WCFS1	Lactiplantibacillus plantarum WCFS1	AL935263.2	lp_1870	lp_1870				mapped	native_locus_tag	1	TMDS	
CCG_WCFS1_lp_1874	WCFS1	Lactiplantibacillus plantarum WCFS1	AL935263.2	lp_1874	lp_1874				mapped	native_locus_tag	2	DHDPRx;DHDPRy	
CCG_WCFS1_lp_1883	WCFS1	Lactiplantibacillus plantarum WCFS1	AL935263.2	lp_1883	lp_1883				mapped	native_locus_tag	2	CYTK1;CYTK2	
CCG_WCFS1_lp_1887	WCFS1	Lactiplantibacillus plantarum WCFS1	AL935263.2	lp_1887	lp_1887				mapped	native_locus_tag	1	RIBFLVt2	
CCG_WCFS1_lp_1888	WCFS1	Lactiplantibacillus plantarum WCFS1	AL935263.2	lp_1888	lp_1888				mapped	native_locus_tag	1	PSUDS	
CCG_WCFS1_lp_1897	WCFS1	Lactiplantibacillus plantarum WCFS1	AL935263.2	lp_1897	lp_1897				mapped	native_locus_tag	7	PYK;PYK2;PYK3;PYK4;PYK5;PYK6;PYK7	
CCG_WCFS1_lp_1898	WCFS1	Lactiplantibacillus plantarum WCFS1	AL935263.2	lp_1898	lp_1898				mapped	native_locus_tag	3	PFK;PFK_2;S7PPT	
CCG_WCFS1_lp_1912	WCFS1	Lactiplantibacillus plantarum WCFS1	AL935263.2	lp_1912	lp_1912				mapped	native_locus_tag	1	PPS	
CCG_WCFS1_lp_1918	WCFS1	Lactiplantibacillus plantarum WCFS1	AL935263.2	lp_1918	lp_1918				mapped	native_locus_tag	1	NADPHQR	
CCG_WCFS1_lp_1919	WCFS1	Lactiplantibacillus plantarum WCFS1	AL935263.2	lp_1919	lp_1919				mapped	native_locus_tag	1	MNabc	
CCG_WCFS1_lp_1920	WCFS1	Lactiplantibacillus plantarum WCFS1	AL935263.2	lp_1920	lp_1920				mapped	native_locus_tag	1	ENO	
CCG_WCFS1_lp_1923	WCFS1	Lactiplantibacillus plantarum WCFS1	AL935263.2	lp_1923	lp_1923				mapped	native_locus_tag	2	BTND1;SDPDS	
CCG_WCFS1_lp_1925	WCFS1	Lactiplantibacillus plantarum WCFS1	AL935263.2	lp_1925	lp_1925				mapped	native_locus_tag	1	NOX1	
CCG_WCFS1_lp_1932	WCFS1	Lactiplantibacillus plantarum WCFS1	AL935263.2	lp_1932	lp_1932				mapped	native_locus_tag	1	PGLYCP	
CCG_WCFS1_lp_1941	WCFS1	Lactiplantibacillus plantarum WCFS1	AL935263.2	lp_1941	lp_1941				mapped	native_locus_tag	1	NOX1	
CCG_WCFS1_lp_1964	WCFS1	Lactiplantibacillus plantarum WCFS1	AL935263.2	lp_1964	lp_1964				mapped	native_locus_tag	1	GLYTRS	
CCG_WCFS1_lp_1965	WCFS1	Lactiplantibacillus plantarum WCFS1	AL935263.2	lp_1965	lp_1965				mapped	native_locus_tag	1	GLYTRS	
CCG_WCFS1_lp_1968	WCFS1	Lactiplantibacillus plantarum WCFS1	AL935263.2	lp_1968	lp_1968				mapped	native_locus_tag	1	DAGK	
CCG_WCFS1_lp_1977	WCFS1	Lactiplantibacillus plantarum WCFS1	AL935263.2	lp_1977	lp_1977				mapped	native_locus_tag	1	CRPT	
CCG_WCFS1_lp_1979	WCFS1	Lactiplantibacillus plantarum WCFS1	AL935263.2	lp_1979	lp_1979				mapped	native_locus_tag	1	METSOXR2	
CCG_WCFS1_lp_1980	WCFS1	Lactiplantibacillus plantarum WCFS1	AL935263.2	lp_1980	lp_1980				mapped	native_locus_tag	1	ASPTRS	
CCG_WCFS1_lp_1981	WCFS1	Lactiplantibacillus plantarum WCFS1	AL935263.2	lp_1981	lp_1981				mapped	native_locus_tag	1	HISTRS	
CCG_WCFS1_lp_1982	WCFS1	Lactiplantibacillus plantarum WCFS1	AL935263.2	lp_1982	lp_1982				mapped	native_locus_tag	1	AMAA	
CCG_WCFS1_lp_1987	WCFS1	Lactiplantibacillus plantarum WCFS1	AL935263.2	lp_1987	lp_1987				mapped	native_locus_tag	3	GDPDPK;GTPDPK;PPGPPDP	
CCG_WCFS1_lp_2016	WCFS1	Lactiplantibacillus plantarum WCFS1	AL935263.2	lp_2016	lp_2016				mapped	native_locus_tag	2	DALTAL;DARTAL	
CCG_WCFS1_lp_2017	WCFS1	Lactiplantibacillus plantarum WCFS1	AL935263.2	lp_2017	lp_2017				mapped	native_locus_tag	2	DALTAL;DARTAL	
CCG_WCFS1_lp_2018	WCFS1	Lactiplantibacillus plantarum WCFS1	AL935263.2	lp_2018	lp_2018				mapped	native_locus_tag	2	DALTAL;DARTAL	
CCG_WCFS1_lp_2019	WCFS1	Lactiplantibacillus plantarum WCFS1	AL935263.2	lp_2019	lp_2019				mapped	native_locus_tag	3	DALTAL;DAPRPL;DARTAL	
CCG_WCFS1_lp_2030	WCFS1	Lactiplantibacillus plantarum WCFS1	AL935263.2	lp_2030	lp_2030				mapped	native_locus_tag	1	ACLDC	
CCG_WCFS1_lp_2031	WCFS1	Lactiplantibacillus plantarum WCFS1	AL935263.2	lp_2031	lp_2031				mapped	native_locus_tag	3	FMNAT;RBFK;RNMK	
CCG_WCFS1_lp_2032	WCFS1	Lactiplantibacillus plantarum WCFS1	AL935263.2	lp_2032	lp_2032				mapped	native_locus_tag	1	PSUDS	
CCG_WCFS1_lp_2033	WCFS1	Lactiplantibacillus plantarum WCFS1	AL935263.2	lp_2033	lp_2033				mapped	native_locus_tag	1	SHKK	
CCG_WCFS1_lp_2034	WCFS1	Lactiplantibacillus plantarum WCFS1	AL935263.2	lp_2034	lp_2034				mapped	native_locus_tag	1	PPND	
CCG_WCFS1_lp_2035	WCFS1	Lactiplantibacillus plantarum WCFS1	AL935263.2	lp_2035	lp_2035				mapped	native_locus_tag	1	PSCVT	
CCG_WCFS1_lp_2036	WCFS1	Lactiplantibacillus plantarum WCFS1	AL935263.2	lp_2036	lp_2036				mapped	native_locus_tag	1	PPHNDHT	
CCG_WCFS1_lp_2037	WCFS1	Lactiplantibacillus plantarum WCFS1	AL935263.2	lp_2037	lp_2037				mapped	native_locus_tag	1	CHORS	
CCG_WCFS1_lp_2048	WCFS1	Lactiplantibacillus plantarum WCFS1	AL935263.2	lp_2048	lp_2048				mapped	native_locus_tag	1	PROTRS	
CCG_WCFS1_lp_2050	WCFS1	Lactiplantibacillus plantarum WCFS1	AL935263.2	lp_2050	lp_2050				mapped	native_locus_tag	2	ASYN;DASYN	
CCG_WCFS1_lp_2051	WCFS1	Lactiplantibacillus plantarum WCFS1	AL935263.2	lp_2051	lp_2051				mapped	native_locus_tag	2	FT;UDCPDPS	
CCG_WCFS1_lp_2053	WCFS1	Lactiplantibacillus plantarum WCFS1	AL935263.2	lp_2053	lp_2053				mapped	native_locus_tag	2	URIDK1;URIDK2	
CCG_WCFS1_lp_2057	WCFS1	Lactiplantibacillus plantarum WCFS1	AL935263.2	lp_2057	lp_2057				mapped	native_locus_tag	1	LDH_D	
CCG_WCFS1_lp_2060	WCFS1	Lactiplantibacillus plantarum WCFS1	AL935263.2	lp_2060	lp_2060				mapped	native_locus_tag	1	AGAT	
CCG_WCFS1_lp_2067	WCFS1	Lactiplantibacillus plantarum WCFS1	AL935263.2	lp_2067	lp_2067				mapped	native_locus_tag	1	HMGCOAS	
CCG_WCFS1_lp_2076	WCFS1	Lactiplantibacillus plantarum WCFS1	AL935263.2	lp_2076	lp_2076				mapped	native_locus_tag	1	NO3abc	
CCG_WCFS1_lp_2077	WCFS1	Lactiplantibacillus plantarum WCFS1	AL935263.2	lp_2077	lp_2077				mapped	native_locus_tag	1	NO3abc	
CCG_WCFS1_lp_2086	WCFS1	Lactiplantibacillus plantarum WCFS1	AL935263.2	lp_2086	lp_2086				mapped	native_locus_tag	1	ADPT	
CCG_WCFS1_lp_2094	WCFS1	Lactiplantibacillus plantarum WCFS1	AL935263.2	lp_2094	lp_2094				mapped	native_locus_tag	1	NTP3	
CCG_WCFS1_lp_2096	WCFS1	Lactiplantibacillus plantarum WCFS1	AL935263.2	lp_2096	lp_2096				mapped	native_locus_tag	1	F1PK	
CCG_WCFS1_lp_2097	WCFS1	Lactiplantibacillus plantarum WCFS1	AL935263.2	lp_2097	lp_2097				mapped	native_locus_tag	1	FRUpts	
CCG_WCFS1_lp_2099	WCFS1	Lactiplantibacillus plantarum WCFS1	AL935263.2	lp_2099	lp_2099				mapped	native_locus_tag	1	CRB	
CCG_WCFS1_lp_2100	WCFS1	Lactiplantibacillus plantarum WCFS1	AL935263.2	lp_2100	lp_2100				mapped	native_locus_tag	1	CRB	
CCG_WCFS1_lp_2101	WCFS1	Lactiplantibacillus plantarum WCFS1	AL935263.2	lp_2101	lp_2101				mapped	native_locus_tag	1	CRB	
CCG_WCFS1_lp_2102	WCFS1	Lactiplantibacillus plantarum WCFS1	AL935263.2	lp_2102	lp_2102				mapped	native_locus_tag	1	CRB	
CCG_WCFS1_lp_2103	WCFS1	Lactiplantibacillus plantarum WCFS1	AL935263.2	lp_2103	lp_2103				mapped	native_locus_tag	1	CRB	
CCG_WCFS1_lp_2104	WCFS1	Lactiplantibacillus plantarum WCFS1	AL935263.2	lp_2104	lp_2104				mapped	native_locus_tag	1	CRB	
CCG_WCFS1_lp_2105	WCFS1	Lactiplantibacillus plantarum WCFS1	AL935263.2	lp_2105	lp_2105				mapped	native_locus_tag	1	UDPG4E	
CCG_WCFS1_lp_2106	WCFS1	Lactiplantibacillus plantarum WCFS1	AL935263.2	lp_2106	lp_2106				mapped	native_locus_tag	1	CRB	
CCG_WCFS1_lp_2107	WCFS1	Lactiplantibacillus plantarum WCFS1	AL935263.2	lp_2107	lp_2107				mapped	native_locus_tag	1	CRB	
CCG_WCFS1_lp_2108	WCFS1	Lactiplantibacillus plantarum WCFS1	AL935263.2	lp_2108	lp_2108				mapped	native_locus_tag	1	CRB	
CCG_WCFS1_lp_2110	WCFS1	Lactiplantibacillus plantarum WCFS1	AL935263.2	lp_2110	lp_2110				mapped	native_locus_tag	3	ARGabc;GLNabc;GLUabc	
CCG_WCFS1_lp_2111	WCFS1	Lactiplantibacillus plantarum WCFS1	AL935263.2	lp_2111	lp_2111				mapped	native_locus_tag	1	GLNabc	
CCG_WCFS1_lp_2114	WCFS1	Lactiplantibacillus plantarum WCFS1	AL935263.2	lp_2114	lp_2114				mapped	native_locus_tag	8	NTPP2;NTPP3;NTPP4;NTPP5;NTPP6;NTPP7;NTPP8;NTPP9	
CCG_WCFS1_lp_2119	WCFS1	Lactiplantibacillus plantarum WCFS1	AL935263.2	lp_2119	lp_2119				mapped	native_locus_tag	1	NTP3	
CCG_WCFS1_lp_2123	WCFS1	Lactiplantibacillus plantarum WCFS1	AL935263.2	lp_2123	lp_2123				mapped	native_locus_tag	1	DHDPS	
CCG_WCFS1_lp_2130	WCFS1	Lactiplantibacillus plantarum WCFS1	AL935263.2	lp_2130	lp_2130				mapped	native_locus_tag	2	DCMPDA;DCMPDA2	
CCG_WCFS1_lp_2133	WCFS1	Lactiplantibacillus plantarum WCFS1	AL935263.2	lp_2133	lp_2133				mapped	native_locus_tag	1	PTPAT	
CCG_WCFS1_lp_2136	WCFS1	Lactiplantibacillus plantarum WCFS1	AL935263.2	lp_2136	lp_2136				mapped	native_locus_tag	1	PC	
CCG_WCFS1_lp_2147	WCFS1	Lactiplantibacillus plantarum WCFS1	AL935263.2	lp_2147	lp_2147				mapped	native_locus_tag	2	FBP;MI1PP	
CCG_WCFS1_lp_2150	WCFS1	Lactiplantibacillus plantarum WCFS1	AL935263.2	lp_2150	lp_2150				mapped	native_locus_tag	2	LDH_L;MDH	
CCG_WCFS1_lp_2151	WCFS1	Lactiplantibacillus plantarum WCFS1	AL935263.2	lp_2151	lp_2151				mapped	native_locus_tag	8	ACNDHE1B;AKGDH;GLYS;GLYS2;OIVD1;OIVD2;OIVD3;PDHcr	
CCG_WCFS1_lp_2152	WCFS1	Lactiplantibacillus plantarum WCFS1	AL935263.2	lp_2152	lp_2152				mapped	native_locus_tag	5	ACNDHE1B;OIVD1;OIVD2;OIVD3;PDHbr	
CCG_WCFS1_lp_2153	WCFS1	Lactiplantibacillus plantarum WCFS1	AL935263.2	lp_2153	lp_2153				mapped	native_locus_tag	5	ACNDHE1B;OIVD1;OIVD2;OIVD3;PDHa	
CCG_WCFS1_lp_2154	WCFS1	Lactiplantibacillus plantarum WCFS1	AL935263.2	lp_2154	lp_2154				mapped	native_locus_tag	5	ACNDHE1B;OIVD1;OIVD2;OIVD3;PDHa	
CCG_WCFS1_lp_2155	WCFS1	Lactiplantibacillus plantarum WCFS1	AL935263.2	lp_2155	lp_2155				mapped	native_locus_tag	1	FMETDF	
CCG_WCFS1_lp_2159	WCFS1	Lactiplantibacillus plantarum WCFS1	AL935263.2	lp_2159	lp_2159				mapped	native_locus_tag	1	DAGK	
CCG_WCFS1_lp_2166	WCFS1	Lactiplantibacillus plantarum WCFS1	AL935263.2	lp_2166	lp_2166				mapped	native_locus_tag	1	PRPPS	
CCG_WCFS1_lp_2170	WCFS1	Lactiplantibacillus plantarum WCFS1	AL935263.2	lp_2170	lp_2170				mapped	native_locus_tag	1	PGM	
CCG_WCFS1_lp_2179	WCFS1	Lactiplantibacillus plantarum WCFS1	AL935263.2	lp_2179	lp_2179				mapped	native_locus_tag	1	MOADCST	
CCG_WCFS1_lp_2180	WCFS1	Lactiplantibacillus plantarum WCFS1	AL935263.2	lp_2180	lp_2180				mapped	native_locus_tag	2	CYSDES;MOADCST	
CCG_WCFS1_lp_2181	WCFS1	Lactiplantibacillus plantarum WCFS1	AL935263.2	lp_2181	lp_2181				mapped	native_locus_tag	2	AHCYSNS;MTAN	
CCG_WCFS1_lp_2183	WCFS1	Lactiplantibacillus plantarum WCFS1	AL935263.2	lp_2183	lp_2183				mapped	native_locus_tag	1	ADPRDP	
CCG_WCFS1_lp_2185	WCFS1	Lactiplantibacillus plantarum WCFS1	AL935263.2	lp_2185	lp_2185				mapped	native_locus_tag	1	DAPE	
CCG_WCFS1_lp_2187	WCFS1	Lactiplantibacillus plantarum WCFS1	AL935263.2	lp_2187	lp_2187				mapped	native_locus_tag	1	ILETRS	
CCG_WCFS1_lp_2196	WCFS1	Lactiplantibacillus plantarum WCFS1	AL935263.2	lp_2196	lp_2196				mapped	native_locus_tag	5	UAGPT2;UAGPT3;UAGPT5;UGT1;UGT2	
CCG_WCFS1_lp_2197	WCFS1	Lactiplantibacillus plantarum WCFS1	AL935263.2	lp_2197	lp_2197				mapped	native_locus_tag	1	UAMAGS	
CCG_WCFS1_lp_2199	WCFS1	Lactiplantibacillus plantarum WCFS1	AL935263.2	lp_2199	lp_2199				mapped	native_locus_tag	1	PAPPT5	
CCG_WCFS1_lp_2200	WCFS1	Lactiplantibacillus plantarum WCFS1	AL935263.2	lp_2200	lp_2200				mapped	native_locus_tag	1	PGGT4	
CCG_WCFS1_lp_2212	WCFS1	Lactiplantibacillus plantarum WCFS1	AL935263.2	lp_2212	lp_2212				mapped	native_locus_tag	1	FLVRx	
CCG_WCFS1_lp_2213	WCFS1	Lactiplantibacillus plantarum WCFS1	AL935263.2	lp_2213	lp_2213				mapped	native_locus_tag	3	ILEt6;LEUt6;VALt6	
CCG_WCFS1_lp_2219	WCFS1	Lactiplantibacillus plantarum WCFS1	AL935263.2	lp_2219	lp_2219				mapped	native_locus_tag	1	PGL	
CCG_WCFS1_lp_2221	WCFS1	Lactiplantibacillus plantarum WCFS1	AL935263.2	lp_2221	lp_2221				mapped	native_locus_tag	1	PSUDS	
CCG_WCFS1_lp_2222	WCFS1	Lactiplantibacillus plantarum WCFS1	AL935263.2	lp_2222	lp_2222				mapped	native_locus_tag	1	NADK	
CCG_WCFS1_lp_2223	WCFS1	Lactiplantibacillus plantarum WCFS1	AL935263.2	lp_2223	lp_2223				mapped	native_locus_tag	1	GTPDPK	
CCG_WCFS1_lp_2237	WCFS1	Lactiplantibacillus plantarum WCFS1	AL935263.2	lp_2237	lp_2237				mapped	native_locus_tag	13	NMRPH;NT5C;NTD1;NTD10;NTD11;NTD2;NTD3;NTD4;NTD5;NTD6;NTD7;NTD8;NTD9	
CCG_WCFS1_lp_2242	WCFS1	Lactiplantibacillus plantarum WCFS1	AL935263.2	lp_2242	lp_2242				mapped	native_locus_tag	5	ACKILE;ACKLEU;ACKVAL;ACKr;PPAKr	
CCG_WCFS1_lp_2251	WCFS1	Lactiplantibacillus plantarum WCFS1	AL935263.2	lp_2251	lp_2251				mapped	native_locus_tag	2	DRBK;RBK	
CCG_WCFS1_lp_2262	WCFS1	Lactiplantibacillus plantarum WCFS1	AL935263.2	lp_2262	lp_2262				mapped	native_locus_tag	1	Kt2	
CCG_WCFS1_lp_2263	WCFS1	Lactiplantibacillus plantarum WCFS1	AL935263.2	lp_2263	lp_2263				mapped	native_locus_tag	2	ADMHAH;ADPDS	
CCG_WCFS1_lp_2264	WCFS1	Lactiplantibacillus plantarum WCFS1	AL935263.2	lp_2264	lp_2264				mapped	native_locus_tag	3	APAT;THDPS;THPAT	
CCG_WCFS1_lp_2267	WCFS1	Lactiplantibacillus plantarum WCFS1	AL935263.2	lp_2267	lp_2267				mapped	native_locus_tag	3	AKP1;NTPP10;NTPP11	
CCG_WCFS1_lp_2268	WCFS1	Lactiplantibacillus plantarum WCFS1	AL935263.2	lp_2268	lp_2268				mapped	native_locus_tag	1	GLUR	
CCG_WCFS1_lp_2277	WCFS1	Lactiplantibacillus plantarum WCFS1	AL935263.2	lp_2277	lp_2277				mapped	native_locus_tag	1	ALATRS	
CCG_WCFS1_lp_2303	WCFS1	Lactiplantibacillus plantarum WCFS1	AL935263.2	lp_2303	lp_2303				mapped	native_locus_tag	2	LPGSA;PGSA	
CCG_WCFS1_lp_2308	WCFS1	Lactiplantibacillus plantarum WCFS1	AL935263.2	lp_2308	lp_2308				mapped	native_locus_tag	1	ASPK	
CCG_WCFS1_lp_2312	WCFS1	Lactiplantibacillus plantarum WCFS1	AL935263.2	lp_2312	lp_2312				mapped	native_locus_tag	1	GLNabc	
CCG_WCFS1_lp_2313	WCFS1	Lactiplantibacillus plantarum WCFS1	AL935263.2	lp_2313	lp_2313				mapped	native_locus_tag	1	GLNabc	
CCG_WCFS1_lp_2314	WCFS1	Lactiplantibacillus plantarum WCFS1	AL935263.2	lp_2314	lp_2314				mapped	native_locus_tag	1	GLNabc	
CCG_WCFS1_lp_2321	WCFS1	Lactiplantibacillus plantarum WCFS1	AL935263.2	lp_2321	lp_2321				mapped	native_locus_tag	2	DHFS;THFGLUS	
CCG_WCFS1_lp_2322	WCFS1	Lactiplantibacillus plantarum WCFS1	AL935263.2	lp_2322	lp_2322				mapped	native_locus_tag	1	VALTRS	
CCG_WCFS1_lp_2323	WCFS1	Lactiplantibacillus plantarum WCFS1	AL935263.2	lp_2323	lp_2323				mapped	native_locus_tag	1	CCP	
CCG_WCFS1_lp_2324	WCFS1	Lactiplantibacillus plantarum WCFS1	AL935263.2	lp_2324	lp_2324				mapped	native_locus_tag	1	GLUCYS	
CCG_WCFS1_lp_2325	WCFS1	Lactiplantibacillus plantarum WCFS1	AL935263.2	lp_2325	lp_2325				mapped	native_locus_tag	2	MOADCST;R07461	
CCG_WCFS1_lp_2326	WCFS1	Lactiplantibacillus plantarum WCFS1	AL935263.2	lp_2326	lp_2326				mapped	native_locus_tag	2	CYSDES;MOADCST	
CCG_WCFS1_lp_2336	WCFS1	Lactiplantibacillus plantarum WCFS1	AL935263.2	lp_2336	lp_2336				mapped	native_locus_tag	1	GTHS	
CCG_WCFS1_lp_2344	WCFS1	Lactiplantibacillus plantarum WCFS1	AL935263.2	lp_2344	lp_2344				mapped	native_locus_tag	5	GPDDA1;GPDDA2;GPDDA3;GPDDA4;GPDDA5	
CCG_WCFS1_lp_2345	WCFS1	Lactiplantibacillus plantarum WCFS1	AL935263.2	lp_2345	lp_2345				mapped	native_locus_tag	2	ALAALAr;ALALAC	
CCG_WCFS1_lp_2346	WCFS1	Lactiplantibacillus plantarum WCFS1	AL935263.2	lp_2346	lp_2346				mapped	native_locus_tag	2	ALCD2MB;ALCD3MB	
CCG_WCFS1_lp_2361	WCFS1	Lactiplantibacillus plantarum WCFS1	AL935263.2	lp_2361	lp_2361				mapped	native_locus_tag	1	UAGCVT	
CCG_WCFS1_lp_2363	WCFS1	Lactiplantibacillus plantarum WCFS1	AL935263.2	lp_2363	lp_2363				mapped	native_locus_tag	1	F1ATPASE	
CCG_WCFS1_lp_2364	WCFS1	Lactiplantibacillus plantarum WCFS1	AL935263.2	lp_2364	lp_2364				mapped	native_locus_tag	1	F1ATPASE	
CCG_WCFS1_lp_2365	WCFS1	Lactiplantibacillus plantarum WCFS1	AL935263.2	lp_2365	lp_2365				mapped	native_locus_tag	1	F1ATPASE	
CCG_WCFS1_lp_2366	WCFS1	Lactiplantibacillus plantarum WCFS1	AL935263.2	lp_2366	lp_2366				mapped	native_locus_tag	1	F1ATPASE	
CCG_WCFS1_lp_2367	WCFS1	Lactiplantibacillus plantarum WCFS1	AL935263.2	lp_2367	lp_2367				mapped	native_locus_tag	1	F1ATPASE	
CCG_WCFS1_lp_2368	WCFS1	Lactiplantibacillus plantarum WCFS1	AL935263.2	lp_2368	lp_2368				mapped	native_locus_tag	1	F1ATPASE	
CCG_WCFS1_lp_2369	WCFS1	Lactiplantibacillus plantarum WCFS1	AL935263.2	lp_2369	lp_2369				mapped	native_locus_tag	1	F1ATPASE	
CCG_WCFS1_lp_2370	WCFS1	Lactiplantibacillus plantarum WCFS1	AL935263.2	lp_2370	lp_2370				mapped	native_locus_tag	1	F1ATPASE	
CCG_WCFS1_lp_2371	WCFS1	Lactiplantibacillus plantarum WCFS1	AL935263.2	lp_2371	lp_2371				mapped	native_locus_tag	1	URAt2	
CCG_WCFS1_lp_2374	WCFS1	Lactiplantibacillus plantarum WCFS1	AL935263.2	lp_2374	lp_2374				mapped	native_locus_tag	1	UPPRT	
CCG_WCFS1_lp_2375	WCFS1	Lactiplantibacillus plantarum WCFS1	AL935263.2	lp_2375	lp_2375				mapped	native_locus_tag	2	GHMT;GHMT2	
CCG_WCFS1_lp_2377	WCFS1	Lactiplantibacillus plantarum WCFS1	AL935263.2	lp_2377	lp_2377				mapped	native_locus_tag	1	PPPGO	
CCG_WCFS1_lp_2379	WCFS1	Lactiplantibacillus plantarum WCFS1	AL935263.2	lp_2379	lp_2379				mapped	native_locus_tag	4	DURIK1;R1PK;TMDK1;TMDK2	
CCG_WCFS1_lp_2380	WCFS1	Lactiplantibacillus plantarum WCFS1	AL935263.2	lp_2380	lp_2380				mapped	native_locus_tag	1	UAAGLS1	
CCG_WCFS1_lp_2382	WCFS1	Lactiplantibacillus plantarum WCFS1	AL935263.2	lp_2382	lp_2382				mapped	native_locus_tag	2	ADCYRS;GLUN	
CCG_WCFS1_lp_2384	WCFS1	Lactiplantibacillus plantarum WCFS1	AL935263.2	lp_2384	lp_2384				mapped	native_locus_tag	1	MAN6PI	
CCG_WCFS1_lp_2390	WCFS1	Lactiplantibacillus plantarum WCFS1	AL935263.2	lp_2390	lp_2390				mapped	native_locus_tag	3	ILETA;LEUTA;VALTA	
CCG_WCFS1_lp_2498	WCFS1	Lactiplantibacillus plantarum WCFS1	AL935263.2	lp_2498	lp_2498				mapped	native_locus_tag	1	GLTAL	
CCG_WCFS1_lp_2502	WCFS1	Lactiplantibacillus plantarum WCFS1	AL935263.2	lp_2502	lp_2502				mapped	native_locus_tag	4	G6PI;G6PI2;PGI;XYLI1	
CCG_WCFS1_lp_2503	WCFS1	Lactiplantibacillus plantarum WCFS1	AL935263.2	lp_2503	lp_2503				mapped	native_locus_tag	1	GLCt2	
CCG_WCFS1_lp_2531	WCFS1	Lactiplantibacillus plantarum WCFS1	AL935263.2	lp_2531	lp_2531				mapped	native_locus_tag	2	ACGAMpts;GLCpts	
CCG_WCFS1_lp_2532	WCFS1	Lactiplantibacillus plantarum WCFS1	AL935263.2	lp_2532	lp_2532				mapped	native_locus_tag	1	DPR	
CCG_WCFS1_lp_2535	WCFS1	Lactiplantibacillus plantarum WCFS1	AL935263.2	lp_2535	lp_2535				mapped	native_locus_tag	1	HSDy	
CCG_WCFS1_lp_2536	WCFS1	Lactiplantibacillus plantarum WCFS1	AL935263.2	lp_2536	lp_2536				mapped	native_locus_tag	3	AHSERL;METACH;OASTSCET	
CCG_WCFS1_lp_2537	WCFS1	Lactiplantibacillus plantarum WCFS1	AL935263.2	lp_2537	lp_2537				mapped	native_locus_tag	2	HSST;HSST1	
CCG_WCFS1_lp_2542	WCFS1	Lactiplantibacillus plantarum WCFS1	AL935263.2	lp_2542	lp_2542				mapped	native_locus_tag	2	ARABabc;RIBabc	
CCG_WCFS1_lp_2543	WCFS1	Lactiplantibacillus plantarum WCFS1	AL935263.2	lp_2543	lp_2543				mapped	native_locus_tag	1	XYLabc	
CCG_WCFS1_lp_2544	WCFS1	Lactiplantibacillus plantarum WCFS1	AL935263.2	lp_2544	lp_2544				mapped	native_locus_tag	2	NOX2;NPR	
CCG_WCFS1_lp_2548	WCFS1	Lactiplantibacillus plantarum WCFS1	AL935263.2	lp_2548	lp_2548				mapped	native_locus_tag	2	HIBD;HIBDkt	
CCG_WCFS1_lp_2550	WCFS1	Lactiplantibacillus plantarum WCFS1	AL935263.2	lp_2550	lp_2550				mapped	native_locus_tag	1	MALTAT	
CCG_WCFS1_lp_2551	WCFS1	Lactiplantibacillus plantarum WCFS1	AL935263.2	lp_2551	lp_2551				mapped	native_locus_tag	8	HSTPT;PHETA;PHETA2;PHETA3;PHETA4;TRPTA2;TRPTA3;TYRTA	
CCG_WCFS1_lp_2552	WCFS1	Lactiplantibacillus plantarum WCFS1	AL935263.2	lp_2552	lp_2552				mapped	native_locus_tag	2	PRATPP;TYRTA2	
CCG_WCFS1_lp_2553	WCFS1	Lactiplantibacillus plantarum WCFS1	AL935263.2	lp_2553	lp_2553				mapped	native_locus_tag	2	PRAMPC;TYRTA3	
CCG_WCFS1_lp_2554	WCFS1	Lactiplantibacillus plantarum WCFS1	AL935263.2	lp_2554	lp_2554				mapped	native_locus_tag	2	IG3PS;TYRTA4	
CCG_WCFS1_lp_2555	WCFS1	Lactiplantibacillus plantarum WCFS1	AL935263.2	lp_2555	lp_2555				mapped	native_locus_tag	1	TYRTA5	
CCG_WCFS1_lp_2556	WCFS1	Lactiplantibacillus plantarum WCFS1	AL935263.2	lp_2556	lp_2556				mapped	native_locus_tag	1	PRMICI	
CCG_WCFS1_lp_2557	WCFS1	Lactiplantibacillus plantarum WCFS1	AL935263.2	lp_2557	lp_2557				mapped	native_locus_tag	1	IG3PS	
CCG_WCFS1_lp_2558	WCFS1	Lactiplantibacillus plantarum WCFS1	AL935263.2	lp_2558	lp_2558				mapped	native_locus_tag	2	HISTP;IGPDH	
CCG_WCFS1_lp_2559	WCFS1	Lactiplantibacillus plantarum WCFS1	AL935263.2	lp_2559	lp_2559				mapped	native_locus_tag	1	HISTD	
CCG_WCFS1_lp_2560	WCFS1	Lactiplantibacillus plantarum WCFS1	AL935263.2	lp_2560	lp_2560				mapped	native_locus_tag	1	ATPPRT	
CCG_WCFS1_lp_2561	WCFS1	Lactiplantibacillus plantarum WCFS1	AL935263.2	lp_2561	lp_2561				mapped	native_locus_tag	1	HISTRS	
CCG_WCFS1_lp_2563	WCFS1	Lactiplantibacillus plantarum WCFS1	AL935263.2	lp_2563	lp_2563				mapped	native_locus_tag	1	HISTP	
CCG_WCFS1_lp_2565	WCFS1	Lactiplantibacillus plantarum WCFS1	AL935263.2	lp_2565	lp_2565				mapped	native_locus_tag	4	Cot;Cot2;MGt;MGt2	
CCG_WCFS1_lp_2570	WCFS1	Lactiplantibacillus plantarum WCFS1	AL935263.2	lp_2570	lp_2570				mapped	native_locus_tag	1	ASAD	
CCG_WCFS1_lp_2580	WCFS1	Lactiplantibacillus plantarum WCFS1	AL935263.2	lp_2580	lp_2580				mapped	native_locus_tag	2	LTAS;LTAS1	
CCG_WCFS1_lp_2582	WCFS1	Lactiplantibacillus plantarum WCFS1	AL935263.2	lp_2582	lp_2582				mapped	native_locus_tag	5	GPDDA1;GPDDA2;GPDDA3;GPDDA4;GPDDA5	
CCG_WCFS1_lp_2585	WCFS1	Lactiplantibacillus plantarum WCFS1	AL935263.2	lp_2585	lp_2585				mapped	native_locus_tag	2	FRDOr;TRDR	
CCG_WCFS1_lp_2591	WCFS1	Lactiplantibacillus plantarum WCFS1	AL935263.2	lp_2591	lp_2591				mapped	native_locus_tag	5	NRNRH;PNS1;PNS2;PNS3;PNS4	
CCG_WCFS1_lp_2596	WCFS1	Lactiplantibacillus plantarum WCFS1	AL935263.2	lp_2596	lp_2596				mapped	native_locus_tag	1	PFL	
CCG_WCFS1_lp_2598	WCFS1	Lactiplantibacillus plantarum WCFS1	AL935263.2	lp_2598	lp_2598				mapped	native_locus_tag	1	PFL	
CCG_WCFS1_lp_2600	WCFS1	Lactiplantibacillus plantarum WCFS1	AL935263.2	lp_2600	lp_2600				mapped	native_locus_tag	1	TAL	
CCG_WCFS1_lp_2610	WCFS1	Lactiplantibacillus plantarum WCFS1	AL935263.2	lp_2610	lp_2610				mapped	native_locus_tag	1	DXPS	
CCG_WCFS1_lp_2612	WCFS1	Lactiplantibacillus plantarum WCFS1	AL935263.2	lp_2612	lp_2612				mapped	native_locus_tag	1	ICHORT	
CCG_WCFS1_lp_2629	WCFS1	Lactiplantibacillus plantarum WCFS1	AL935263.2	lp_2629	lp_2629				mapped	native_locus_tag	1	PYROX	
CCG_WCFS1_lp_2634	WCFS1	Lactiplantibacillus plantarum WCFS1	AL935263.2	lp_2634	lp_2634				mapped	native_locus_tag	5	METB2;SHSL1;SHSL2;SHSL4;SHSL5	
CCG_WCFS1_lp_2645	WCFS1	Lactiplantibacillus plantarum WCFS1	AL935263.2	lp_2645	lp_2645				mapped	native_locus_tag	6	CHTNASEe;GDPMANMANHYDRO-RXN;RXN-12188;RXN-12220;RXN-12554;RXN0-5395	
CCG_WCFS1_lp_2647	WCFS1	Lactiplantibacillus plantarum WCFS1	AL935263.2	lp_2647	lp_2647				mapped	native_locus_tag	1	ACGALpts	
CCG_WCFS1_lp_2648	WCFS1	Lactiplantibacillus plantarum WCFS1	AL935263.2	lp_2648	lp_2648				mapped	native_locus_tag	1	ACGALpts	
CCG_WCFS1_lp_2649	WCFS1	Lactiplantibacillus plantarum WCFS1	AL935263.2	lp_2649	lp_2649				mapped	native_locus_tag	1	ACGALpts	
CCG_WCFS1_lp_2650	WCFS1	Lactiplantibacillus plantarum WCFS1	AL935263.2	lp_2650	lp_2650				mapped	native_locus_tag	1	ACGALpts	
CCG_WCFS1_lp_2653	WCFS1	Lactiplantibacillus plantarum WCFS1	AL935263.2	lp_2653	lp_2653				mapped	native_locus_tag	1	PSUDS	
CCG_WCFS1_lp_2659	WCFS1	Lactiplantibacillus plantarum WCFS1	AL935263.2	lp_2659	lp_2659				mapped	native_locus_tag	3	PKL;PKL2;XYLPL	
CCG_WCFS1_lp_2673	WCFS1	Lactiplantibacillus plantarum WCFS1	AL935263.2	lp_2673	lp_2673				mapped	native_locus_tag	4	RNTR1;RNTR2;RNTR3;RNTR4	
CCG_WCFS1_lp_2674	WCFS1	Lactiplantibacillus plantarum WCFS1	AL935263.2	lp_2674	lp_2674				mapped	native_locus_tag	1	NAt3	
CCG_WCFS1_lp_2681	WCFS1	Lactiplantibacillus plantarum WCFS1	AL935263.2	lp_2681	lp_2681				mapped	native_locus_tag	2	G6PBDH;G6PDHy	
CCG_WCFS1_lp_2684	WCFS1	Lactiplantibacillus plantarum WCFS1	AL935263.2	lp_2684	lp_2684				mapped	native_locus_tag	2	PHETA;TRPTA	
CCG_WCFS1_lp_2685	WCFS1	Lactiplantibacillus plantarum WCFS1	AL935263.2	lp_2685	lp_2685				mapped	native_locus_tag	1	DHDPS	
CCG_WCFS1_lp_2688	WCFS1	Lactiplantibacillus plantarum WCFS1	AL935263.2	lp_2688	lp_2688				mapped	native_locus_tag	1	SO3tex	
CCG_WCFS1_lp_2697	WCFS1	Lactiplantibacillus plantarum WCFS1	AL935263.2	lp_2697	lp_2697				mapped	native_locus_tag	1	ORPT	
CCG_WCFS1_lp_2698	WCFS1	Lactiplantibacillus plantarum WCFS1	AL935263.2	lp_2698	lp_2698				mapped	native_locus_tag	1	OMPDC	
CCG_WCFS1_lp_2699	WCFS1	Lactiplantibacillus plantarum WCFS1	AL935263.2	lp_2699	lp_2699				mapped	native_locus_tag	3	DHORD;DHORD6;DHORFOR_S	
CCG_WCFS1_lp_2700	WCFS1	Lactiplantibacillus plantarum WCFS1	AL935263.2	lp_2700	lp_2700				mapped	native_locus_tag	3	CBPS;CBPS2;GLUN	
CCG_WCFS1_lp_2701	WCFS1	Lactiplantibacillus plantarum WCFS1	AL935263.2	lp_2701	lp_2701				mapped	native_locus_tag	3	CBPS;CBPS2;GLUN	
CCG_WCFS1_lp_2702	WCFS1	Lactiplantibacillus plantarum WCFS1	AL935263.2	lp_2702	lp_2702				mapped	native_locus_tag	1	DHORTS	
CCG_WCFS1_lp_2703	WCFS1	Lactiplantibacillus plantarum WCFS1	AL935263.2	lp_2703	lp_2703				mapped	native_locus_tag	1	ASPCT	
CCG_WCFS1_lp_2710	WCFS1	Lactiplantibacillus plantarum WCFS1	AL935263.2	lp_2710	lp_2710				mapped	native_locus_tag	1	XANt2	
CCG_WCFS1_lp_2718	WCFS1	Lactiplantibacillus plantarum WCFS1	AL935263.2	lp_2718	lp_2718				mapped	native_locus_tag	1	METS	
CCG_WCFS1_lp_2719	WCFS1	Lactiplantibacillus plantarum WCFS1	AL935263.2	lp_2719	lp_2719				mapped	native_locus_tag	1	PRAGS	
CCG_WCFS1_lp_2720	WCFS1	Lactiplantibacillus plantarum WCFS1	AL935263.2	lp_2720	lp_2720				mapped	native_locus_tag	5	AICART;DHPFL;FGLU;IMPC;MOHMT	
CCG_WCFS1_lp_2721	WCFS1	Lactiplantibacillus plantarum WCFS1	AL935263.2	lp_2721	lp_2721				mapped	native_locus_tag	4	AMDHAT;FOMETR;GARFT;GARFT2	
CCG_WCFS1_lp_2722	WCFS1	Lactiplantibacillus plantarum WCFS1	AL935263.2	lp_2722	lp_2722				mapped	native_locus_tag	1	PRAIS	
CCG_WCFS1_lp_2723	WCFS1	Lactiplantibacillus plantarum WCFS1	AL935263.2	lp_2723	lp_2723				mapped	native_locus_tag	1	GLUPRT	
CCG_WCFS1_lp_2724	WCFS1	Lactiplantibacillus plantarum WCFS1	AL935263.2	lp_2724	lp_2724				mapped	native_locus_tag	1	PRFGS	
CCG_WCFS1_lp_2725	WCFS1	Lactiplantibacillus plantarum WCFS1	AL935263.2	lp_2725	lp_2725				mapped	native_locus_tag	1	PRFGS	
CCG_WCFS1_lp_2726	WCFS1	Lactiplantibacillus plantarum WCFS1	AL935263.2	lp_2726	lp_2726				mapped	native_locus_tag	1	PRFGS	
CCG_WCFS1_lp_2727	WCFS1	Lactiplantibacillus plantarum WCFS1	AL935263.2	lp_2727	lp_2727				mapped	native_locus_tag	1	PRASCS	
CCG_WCFS1_lp_2728	WCFS1	Lactiplantibacillus plantarum WCFS1	AL935263.2	lp_2728	lp_2728				mapped	native_locus_tag	2	AIRC;AIRC2	
CCG_WCFS1_lp_2729	WCFS1	Lactiplantibacillus plantarum WCFS1	AL935263.2	lp_2729	lp_2729				mapped	native_locus_tag	2	AIRC;AIRC3	
CCG_WCFS1_lp_2732	WCFS1	Lactiplantibacillus plantarum WCFS1	AL935263.2	lp_2732	lp_2732				mapped	native_locus_tag	2	FLVR;FMNRy	
CCG_WCFS1_lp_2733	WCFS1	Lactiplantibacillus plantarum WCFS1	AL935263.2	lp_2733	lp_2733				mapped	native_locus_tag	2	FLVR;FMNRy	
CCG_WCFS1_lp_2736	WCFS1	Lactiplantibacillus plantarum WCFS1	AL935263.2	lp_2736	lp_2736				mapped	native_locus_tag	2	H2CO3D;HCO3E	
CCG_WCFS1_lp_2738	WCFS1	Lactiplantibacillus plantarum WCFS1	AL935263.2	lp_2738	lp_2738				mapped	native_locus_tag	2	ASNN;ASPTAT	
CCG_WCFS1_lp_2747	WCFS1	Lactiplantibacillus plantarum WCFS1	AL935263.2	lp_2747	lp_2747				mapped	native_locus_tag	1	GRTAL	
CCG_WCFS1_lp_2751	WCFS1	Lactiplantibacillus plantarum WCFS1	AL935263.2	lp_2751	lp_2751				mapped	native_locus_tag	1	CYSTGL	
CCG_WCFS1_lp_2757	WCFS1	Lactiplantibacillus plantarum WCFS1	AL935263.2	lp_2757	lp_2757				mapped	native_locus_tag	8	CYCLOMALTODEXTRINASE-RXN;GBEZ;GLBRAN;GLCNMLTHYD;ISOMALTULOSE-SYNTHASE-RXN;O16G1lu;O16G2lu;TRE6PH	
CCG_WCFS1_lp_2758	WCFS1	Lactiplantibacillus plantarum WCFS1	AL935263.2	lp_2758	lp_2758				mapped	native_locus_tag	2	4HTHRS;THRS	
CCG_WCFS1_lp_2762	WCFS1	Lactiplantibacillus plantarum WCFS1	AL935263.2	lp_2762	lp_2762				mapped	native_locus_tag	1	ADPRDP	
CCG_WCFS1_lp_2764	WCFS1	Lactiplantibacillus plantarum WCFS1	AL935263.2	lp_2764	lp_2764				mapped	native_locus_tag	15	3OAR100;3OAR120;3OAR121;3OAR140;3OAR141;3OAR160;3OAR161;3OAR180;3OAR181;3OAR181v;3OAR40;3OAR60;3OAR80;OGMEACPR;OPMEACPR	
CCG_WCFS1_lp_2771	WCFS1	Lactiplantibacillus plantarum WCFS1	AL935263.2	lp_2771	lp_2771				mapped	native_locus_tag	2	NAMNPP;NAPRT	
CCG_WCFS1_lp_2776	WCFS1	Lactiplantibacillus plantarum WCFS1	AL935263.2	lp_2776	lp_2776				mapped	native_locus_tag	1	SERD_D	
CCG_WCFS1_lp_2777	WCFS1	Lactiplantibacillus plantarum WCFS1	AL935263.2	lp_2777	lp_2777				mapped	native_locus_tag	3	CBGH;GNGH;PGGH	
CCG_WCFS1_lp_2778	WCFS1	Lactiplantibacillus plantarum WCFS1	AL935263.2	lp_2778	lp_2778				mapped	native_locus_tag	3	CBGH;GNGH;PGGH	
CCG_WCFS1_lp_2780	WCFS1	Lactiplantibacillus plantarum WCFS1	AL935263.2	lp_2780	lp_2780				mapped	native_locus_tag	1	CELBpts	
CCG_WCFS1_lp_2781	WCFS1	Lactiplantibacillus plantarum WCFS1	AL935263.2	lp_2781	lp_2781				mapped	native_locus_tag	1	CELBpts	
CCG_WCFS1_lp_2785	WCFS1	Lactiplantibacillus plantarum WCFS1	AL935263.2	lp_2785	lp_2785				mapped	native_locus_tag	1	PGM	
CCG_WCFS1_lp_2788	WCFS1	Lactiplantibacillus plantarum WCFS1	AL935263.2	lp_2788	lp_2788				mapped	native_locus_tag	1	DPR	
CCG_WCFS1_lp_2790	WCFS1	Lactiplantibacillus plantarum WCFS1	AL935263.2	lp_2790	lp_2790				mapped	native_locus_tag	1	PGCD	
CCG_WCFS1_lp_2798	WCFS1	Lactiplantibacillus plantarum WCFS1	AL935263.2	lp_2798	lp_2798				mapped	native_locus_tag	1	DHQD	
CCG_WCFS1_lp_2807	WCFS1	Lactiplantibacillus plantarum WCFS1	AL935263.2	lp_2807	lp_2807				mapped	native_locus_tag	1	TYRTRS	
CCG_WCFS1_lp_2818	WCFS1	Lactiplantibacillus plantarum WCFS1	AL935263.2	lp_2818	lp_2818				mapped	native_locus_tag	1	GLUt6	
CCG_WCFS1_lp_2825	WCFS1	Lactiplantibacillus plantarum WCFS1	AL935263.2	lp_2825	lp_2825				mapped	native_locus_tag	5	NRNRH;PNS1;PNS2;PNS3;PNS4	
CCG_WCFS1_lp_2826	WCFS1	Lactiplantibacillus plantarum WCFS1	AL935263.2	lp_2826	lp_2826				mapped	native_locus_tag	1	FOLR2	
CCG_WCFS1_lp_2827	WCFS1	Lactiplantibacillus plantarum WCFS1	AL935263.2	lp_2827	lp_2827				mapped	native_locus_tag	1	NAt3	
CCG_WCFS1_lp_2829	WCFS1	Lactiplantibacillus plantarum WCFS1	AL935263.2	lp_2829	lp_2829				mapped	native_locus_tag	1	MALLACap	
CCG_WCFS1_lp_2830	WCFS1	Lactiplantibacillus plantarum WCFS1	AL935263.2	lp_2830	lp_2830				mapped	native_locus_tag	1	ASPT	
CCG_WCFS1_lp_2843	WCFS1	Lactiplantibacillus plantarum WCFS1	AL935263.2	lp_2843	lp_2843				mapped	native_locus_tag	1	GLTAL	
CCG_WCFS1_lp_2844	WCFS1	Lactiplantibacillus plantarum WCFS1	AL935263.2	lp_2844	lp_2844				mapped	native_locus_tag	2	GLTAL;UGPGPADGT	
CCG_WCFS1_lp_2852	WCFS1	Lactiplantibacillus plantarum WCFS1	AL935263.2	lp_2852	lp_2852				mapped	native_locus_tag	3	4CMLCL-kt;CMLDC;HPYRDC	
CCG_WCFS1_lp_2855	WCFS1	Lactiplantibacillus plantarum WCFS1	AL935263.2	lp_2855	lp_2855				mapped	native_locus_tag	1	SDPDS	
CCG_WCFS1_lp_2868	WCFS1	Lactiplantibacillus plantarum WCFS1	AL935263.2	lp_2868	lp_2868				mapped	native_locus_tag	1	PGM	
CCG_WCFS1_lp_2873	WCFS1	Lactiplantibacillus plantarum WCFS1	AL935263.2	lp_2873	lp_2873				mapped	native_locus_tag	5	ALCD19;ALCD2MB;ALCD2x;ALCD3MB;ALCDIB	
CCG_WCFS1_lp_2878	WCFS1	Lactiplantibacillus plantarum WCFS1	AL935263.2	lp_2878	lp_2878				mapped	native_locus_tag	1	MALTAT	
CCG_WCFS1_lp_2888	WCFS1	Lactiplantibacillus plantarum WCFS1	AL935263.2	lp_2888	lp_2888				mapped	native_locus_tag	1	CYSTGL	
CCG_WCFS1_lp_2931	WCFS1	Lactiplantibacillus plantarum WCFS1	AL935263.2	lp_2931	lp_2931				mapped	native_locus_tag	1	BTS5	
CCG_WCFS1_lp_2932	WCFS1	Lactiplantibacillus plantarum WCFS1	AL935263.2	lp_2932	lp_2932				mapped	native_locus_tag	5	BTS5;RNTR1;RNTR2;RNTR3;RNTR4	
CCG_WCFS1_lp_2935	WCFS1	Lactiplantibacillus plantarum WCFS1	AL935263.2	lp_2935	lp_2935				mapped	native_locus_tag	1	FMETDF	
CCG_WCFS1_lp_2936	WCFS1	Lactiplantibacillus plantarum WCFS1	AL935263.2	lp_2936	lp_2936				mapped	native_locus_tag	1	AHMMPS	
CCG_WCFS1_lp_2969	WCFS1	Lactiplantibacillus plantarum WCFS1	AL935263.2	lp_2969	lp_2969				mapped	native_locus_tag	1	ACGAMpts	
CCG_WCFS1_lp_2981	WCFS1	Lactiplantibacillus plantarum WCFS1	AL935263.2	lp_2981	lp_2981				mapped	native_locus_tag	3	ILEabc;LEUabc;VALabc	
CCG_WCFS1_lp_2982	WCFS1	Lactiplantibacillus plantarum WCFS1	AL935263.2	lp_2982	lp_2982				mapped	native_locus_tag	3	ILEabc;LEUabc;VALabc	
CCG_WCFS1_lp_2983	WCFS1	Lactiplantibacillus plantarum WCFS1	AL935263.2	lp_2983	lp_2983				mapped	native_locus_tag	3	ILEabc;LEUabc;VALabc	
CCG_WCFS1_lp_2984	WCFS1	Lactiplantibacillus plantarum WCFS1	AL935263.2	lp_2984	lp_2984				mapped	native_locus_tag	3	ILEabc;LEUabc;VALabc	
CCG_WCFS1_lp_2985	WCFS1	Lactiplantibacillus plantarum WCFS1	AL935263.2	lp_2985	lp_2985				mapped	native_locus_tag	3	ILEabc;LEUabc;VALabc	
CCG_WCFS1_lp_2989	WCFS1	Lactiplantibacillus plantarum WCFS1	AL935263.2	lp_2989	lp_2989				mapped	native_locus_tag	1	GRTAL	
CCG_WCFS1_lp_2992	WCFS1	Lactiplantibacillus plantarum WCFS1	AL935263.2	lp_2992	lp_2992				mapped	native_locus_tag	1	MNt6	
CCG_WCFS1_lp_3008	WCFS1	Lactiplantibacillus plantarum WCFS1	AL935263.2	lp_3008	lp_3008				mapped	native_locus_tag	2	ACMUMpts;CELBpts	
CCG_WCFS1_lp_3009	WCFS1	Lactiplantibacillus plantarum WCFS1	AL935263.2	lp_3009	lp_3009				mapped	native_locus_tag	1	CELBpts	
CCG_WCFS1_lp_3010	WCFS1	Lactiplantibacillus plantarum WCFS1	AL935263.2	lp_3010	lp_3010				mapped	native_locus_tag	1	CELBpts	
CCG_WCFS1_lp_3011	WCFS1	Lactiplantibacillus plantarum WCFS1	AL935263.2	lp_3011	lp_3011				mapped	native_locus_tag	3	CBGH;GNGH;PGGH	
CCG_WCFS1_lp_3033	WCFS1	Lactiplantibacillus plantarum WCFS1	AL935263.2	lp_3033	lp_3033				mapped	native_locus_tag	1	ACTD	
CCG_WCFS1_lp_3051	WCFS1	Lactiplantibacillus plantarum WCFS1	AL935263.2	lp_3051	lp_3051				mapped	native_locus_tag	1	PPN13D	
CCG_WCFS1_lp_3054	WCFS1	Lactiplantibacillus plantarum WCFS1	AL935263.2	lp_3054	lp_3054				mapped	native_locus_tag	2	AALDH;CHOLD	
CCG_WCFS1_lp_3085	WCFS1	Lactiplantibacillus plantarum WCFS1	AL935263.2	lp_3085	lp_3085				mapped	native_locus_tag	1	ASNS1	
CCG_WCFS1_lp_3092	WCFS1	Lactiplantibacillus plantarum WCFS1	AL935263.2	lp_3092	lp_3092				mapped	native_locus_tag	2	SSALx;SSALy	
CCG_WCFS1_lp_3093	WCFS1	Lactiplantibacillus plantarum WCFS1	AL935263.2	lp_3093	lp_3093				mapped	native_locus_tag	1	CHTNASEe	
CCG_WCFS1_lp_3103	WCFS1	Lactiplantibacillus plantarum WCFS1	AL935263.2	lp_3103	lp_3103				mapped	native_locus_tag	1	FCCabc	
CCG_WCFS1_lp_3104	WCFS1	Lactiplantibacillus plantarum WCFS1	AL935263.2	lp_3104	lp_3104				mapped	native_locus_tag	1	FCCabc	
CCG_WCFS1_lp_3105	WCFS1	Lactiplantibacillus plantarum WCFS1	AL935263.2	lp_3105	lp_3105				mapped	native_locus_tag	1	FCCabc	
CCG_WCFS1_lp_3106	WCFS1	Lactiplantibacillus plantarum WCFS1	AL935263.2	lp_3106	lp_3106				mapped	native_locus_tag	1	FCCabc	
CCG_WCFS1_lp_3125	WCFS1	Lactiplantibacillus plantarum WCFS1	AL935263.2	lp_3125	lp_3125				mapped	native_locus_tag	1	SUCD3BC	
CCG_WCFS1_lp_3132	WCFS1	Lactiplantibacillus plantarum WCFS1	AL935263.2	lp_3132	lp_3132				mapped	native_locus_tag	3	CBGH;GNGH;PGGH	
CCG_WCFS1_lp_3135	WCFS1	Lactiplantibacillus plantarum WCFS1	AL935263.2	lp_3135	lp_3135				mapped	native_locus_tag	2	TKT1;TKT2	
CCG_WCFS1_lp_3136	WCFS1	Lactiplantibacillus plantarum WCFS1	AL935263.2	lp_3136	lp_3136				mapped	native_locus_tag	1	ASCBPTSTr	
CCG_WCFS1_lp_3150	WCFS1	Lactiplantibacillus plantarum WCFS1	AL935263.2	lp_3150	lp_3150				mapped	native_locus_tag	1	MDH	
CCG_WCFS1_lp_3170	WCFS1	Lactiplantibacillus plantarum WCFS1	AL935263.2	lp_3170	lp_3170				mapped	native_locus_tag	1	PGM	
CCG_WCFS1_lp_3174	WCFS1	Lactiplantibacillus plantarum WCFS1	AL935263.2	lp_3174	lp_3174				mapped	native_locus_tag	1	CFAS_180	
CCG_WCFS1_lp_3185	WCFS1	Lactiplantibacillus plantarum WCFS1	AL935263.2	lp_3185	lp_3185				mapped	native_locus_tag	3	ILEt6;LEUt6;VALt6	
CCG_WCFS1_lp_3187	WCFS1	Lactiplantibacillus plantarum WCFS1	AL935263.2	lp_3187	lp_3187				mapped	native_locus_tag	1	ACPINAT	
CCG_WCFS1_lp_3189	WCFS1	Lactiplantibacillus plantarum WCFS1	AL935263.2	lp_3189	lp_3189				mapped	native_locus_tag	2	DADACBXP;SDADACP	
CCG_WCFS1_lp_3194	WCFS1	Lactiplantibacillus plantarum WCFS1	AL935263.2	lp_3194	lp_3194				mapped	native_locus_tag	1	IMPD	
CCG_WCFS1_lp_3204	WCFS1	Lactiplantibacillus plantarum WCFS1	AL935263.2	lp_3204	lp_3204				mapped	native_locus_tag	1	THMDt2	
CCG_WCFS1_lp_3207	WCFS1	Lactiplantibacillus plantarum WCFS1	AL935263.2	lp_3207	lp_3207				mapped	native_locus_tag	1	AAAAT	
CCG_WCFS1_lp_3209	WCFS1	Lactiplantibacillus plantarum WCFS1	AL935263.2	lp_3209	lp_3209				mapped	native_locus_tag	1	ARGabc	
CCG_WCFS1_lp_3210	WCFS1	Lactiplantibacillus plantarum WCFS1	AL935263.2	lp_3210	lp_3210				mapped	native_locus_tag	1	ARGabc	
CCG_WCFS1_lp_3219	WCFS1	Lactiplantibacillus plantarum WCFS1	AL935263.2	lp_3219	lp_3219				mapped	native_locus_tag	2	KESTOpts;SUCpts	
CCG_WCFS1_lp_3220	WCFS1	Lactiplantibacillus plantarum WCFS1	AL935263.2	lp_3220	lp_3220				mapped	native_locus_tag	8	CYCLOMALTODEXTRINASE-RXN;GBEZ;GLBRAN;ISOMALTULOSE-SYNTHASE-RXN;O16G1lu;O16G2lu;SUCH;TRE6PH	
CCG_WCFS1_lp_3236	WCFS1	Lactiplantibacillus plantarum WCFS1	AL935263.2	lp_3236	lp_3236				mapped	native_locus_tag	1	NADPHQR	
CCG_WCFS1_lp_3244	WCFS1	Lactiplantibacillus plantarum WCFS1	AL935263.2	lp_3244	lp_3244				mapped	native_locus_tag	2	FLVR;FMNRy	
CCG_WCFS1_lp_3251	WCFS1	Lactiplantibacillus plantarum WCFS1	AL935263.2	lp_3251	lp_3251				mapped	native_locus_tag	5	PDE1;PDE2;PDE3;PDE4;PDE5	
CCG_WCFS1_lp_3252	WCFS1	Lactiplantibacillus plantarum WCFS1	AL935263.2	lp_3252	lp_3252				mapped	native_locus_tag	2	SPMDAT1;SPMDAT2	
CCG_WCFS1_lp_3262	WCFS1	Lactiplantibacillus plantarum WCFS1	AL935263.2	lp_3262	lp_3262				mapped	native_locus_tag	1	DPPFOR2	
CCG_WCFS1_lp_3263	WCFS1	Lactiplantibacillus plantarum WCFS1	AL935263.2	lp_3263	lp_3263				mapped	native_locus_tag	1	SQLS	
CCG_WCFS1_lp_3266	WCFS1	Lactiplantibacillus plantarum WCFS1	AL935263.2	lp_3266	lp_3266				mapped	native_locus_tag	1	GLYCK	
CCG_WCFS1_lp_3267	WCFS1	Lactiplantibacillus plantarum WCFS1	AL935263.2	lp_3267	lp_3267				mapped	native_locus_tag	1	GTHRD	
CCG_WCFS1_lp_3269	WCFS1	Lactiplantibacillus plantarum WCFS1	AL935263.2	lp_3269	lp_3269				mapped	native_locus_tag	3	ADSL1;ADSL2;MUCCY-kt	
CCG_WCFS1_lp_3270	WCFS1	Lactiplantibacillus plantarum WCFS1	AL935263.2	lp_3270	lp_3270				mapped	native_locus_tag	1	ADSS	
CCG_WCFS1_lp_3271	WCFS1	Lactiplantibacillus plantarum WCFS1	AL935263.2	lp_3271	lp_3271				mapped	native_locus_tag	1	GMPR	
CCG_WCFS1_lp_3273	WCFS1	Lactiplantibacillus plantarum WCFS1	AL935263.2	lp_3273	lp_3273				mapped	native_locus_tag	1	CLPNS	
CCG_WCFS1_lp_3280	WCFS1	Lactiplantibacillus plantarum WCFS1	AL935263.2	lp_3280	lp_3280				mapped	native_locus_tag	3	Cot;MGt;Znt	
CCG_WCFS1_lp_3288	WCFS1	Lactiplantibacillus plantarum WCFS1	AL935263.2	lp_3288	lp_3288				mapped	native_locus_tag	1	Coabc	
CCG_WCFS1_lp_3294	WCFS1	Lactiplantibacillus plantarum WCFS1	AL935263.2	lp_3294	lp_3294				mapped	native_locus_tag	1	DHPS3	
CCG_WCFS1_lp_3295	WCFS1	Lactiplantibacillus plantarum WCFS1	AL935263.2	lp_3295	lp_3295				mapped	native_locus_tag	1	DNTPPA	
CCG_WCFS1_lp_3296	WCFS1	Lactiplantibacillus plantarum WCFS1	AL935263.2	lp_3296	lp_3296				mapped	native_locus_tag	2	DHFS;THFGLUS	
CCG_WCFS1_lp_3297	WCFS1	Lactiplantibacillus plantarum WCFS1	AL935263.2	lp_3297	lp_3297				mapped	native_locus_tag	1	GTPCI	
CCG_WCFS1_lp_3298	WCFS1	Lactiplantibacillus plantarum WCFS1	AL935263.2	lp_3298	lp_3298				mapped	native_locus_tag	1	HPPK	
CCG_WCFS1_lp_3299	WCFS1	Lactiplantibacillus plantarum WCFS1	AL935263.2	lp_3299	lp_3299				mapped	native_locus_tag	1	DHNPA	
CCG_WCFS1_lp_3313	WCFS1	Lactiplantibacillus plantarum WCFS1	AL935263.2	lp_3313	lp_3313				mapped	native_locus_tag	2	OBTFL;PFL	
CCG_WCFS1_lp_3314	WCFS1	Lactiplantibacillus plantarum WCFS1	AL935263.2	lp_3314	lp_3314				mapped	native_locus_tag	1	PFL	
CCG_WCFS1_lp_3324	WCFS1	Lactiplantibacillus plantarum WCFS1	AL935263.2	lp_3324	lp_3324				mapped	native_locus_tag	2	CHLt6;GLYBt6	
CCG_WCFS1_lp_3334	WCFS1	Lactiplantibacillus plantarum WCFS1	AL935263.2	lp_3334	lp_3334				mapped	native_locus_tag	5	ADD;AHDHPT;FAPNTPDH;GDH;GTP89H	
CCG_WCFS1_lp_3335	WCFS1	Lactiplantibacillus plantarum WCFS1	AL935263.2	lp_3335	lp_3335				mapped	native_locus_tag	1	GF6PTA	
CCG_WCFS1_lp_3338	WCFS1	Lactiplantibacillus plantarum WCFS1	AL935263.2	lp_3338	lp_3338				mapped	native_locus_tag	1	NAt3	
CCG_WCFS1_lp_3339	WCFS1	Lactiplantibacillus plantarum WCFS1	AL935263.2	lp_3339	lp_3339				mapped	native_locus_tag	5	ALA_Dt6;ALA_Lt6;ASP_Dt6;GLYt6;SER_Dt6	
CCG_WCFS1_lp_3342	WCFS1	Lactiplantibacillus plantarum WCFS1	AL935263.2	lp_3342	lp_3342				mapped	native_locus_tag	1	PGPP	
CCG_WCFS1_lp_3363	WCFS1	Lactiplantibacillus plantarum WCFS1	AL935263.2	lp_3363	lp_3363				mapped	native_locus_tag	3	Coabc;Moabc;Niabc	
CCG_WCFS1_lp_3374	WCFS1	Lactiplantibacillus plantarum WCFS1	AL935263.2	lp_3374	lp_3374				mapped	native_locus_tag	2	CSNt6;GUAt2	
CCG_WCFS1_lp_3400	WCFS1	Lactiplantibacillus plantarum WCFS1	AL935263.2	lp_3400	lp_3400				mapped	native_locus_tag	4	23PDE2;23PDE4;23PDE7;23PDE9	
CCG_WCFS1_lp_3403	WCFS1	Lactiplantibacillus plantarum WCFS1	AL935263.2	lp_3403	lp_3403				mapped	native_locus_tag	1	ARABR	
CCG_WCFS1_lp_3407	WCFS1	Lactiplantibacillus plantarum WCFS1	AL935263.2	lp_3407	lp_3407				mapped	native_locus_tag	1	UDCPK	
CCG_WCFS1_lp_3418	WCFS1	Lactiplantibacillus plantarum WCFS1	AL935263.2	lp_3418	lp_3418				mapped	native_locus_tag	1	PPCK	
CCG_WCFS1_lp_3420	WCFS1	Lactiplantibacillus plantarum WCFS1	AL935263.2	lp_3420	lp_3420				mapped	native_locus_tag	1	GLUDC	
CCG_WCFS1_lp_3431	WCFS1	Lactiplantibacillus plantarum WCFS1	AL935263.2	lp_3431	lp_3431				mapped	native_locus_tag	2	AMMQT8_1;AMMQT8_2	
CCG_WCFS1_lp_3436	WCFS1	Lactiplantibacillus plantarum WCFS1	AL935263.2	lp_3436	lp_3436				mapped	native_locus_tag	1	GLYCt1	
CCG_WCFS1_lp_3441	WCFS1	Lactiplantibacillus plantarum WCFS1	AL935263.2	lp_3441	lp_3441				mapped	native_locus_tag	1	FERO	
CCG_WCFS1_lp_3449	WCFS1	Lactiplantibacillus plantarum WCFS1	AL935263.2	lp_3449	lp_3449				mapped	native_locus_tag	1	NOX1	
CCG_WCFS1_lp_3461	WCFS1	Lactiplantibacillus plantarum WCFS1	AL935263.2	lp_3461	lp_3461				mapped	native_locus_tag	4	NTP10;NTP11;NTP5;TDP	
CCG_WCFS1_lp_3463	WCFS1	Lactiplantibacillus plantarum WCFS1	AL935263.2	lp_3463	lp_3463				mapped	native_locus_tag	2	GLYCt1;GLYCt2	
CCG_WCFS1_lp_3466	WCFS1	Lactiplantibacillus plantarum WCFS1	AL935263.2	lp_3466	lp_3466				mapped	native_locus_tag	3	ILEt6;LEUt6;VALt6	
CCG_WCFS1_lp_3468	WCFS1	Lactiplantibacillus plantarum WCFS1	AL935263.2	lp_3468	lp_3468				mapped	native_locus_tag	2	LCTSt4;LCTSt6	
CCG_WCFS1_lp_3471	WCFS1	Lactiplantibacillus plantarum WCFS1	AL935263.2	lp_3471	lp_3471				mapped	native_locus_tag	1	ARMNASE	
CCG_WCFS1_lp_3473	WCFS1	Lactiplantibacillus plantarum WCFS1	AL935263.2	lp_3473	lp_3473				mapped	native_locus_tag	1	ARMNASE	
CCG_WCFS1_lp_3480	WCFS1	Lactiplantibacillus plantarum WCFS1	AL935263.2	lp_3480	lp_3480				mapped	native_locus_tag	2	GALT;UGLT	
CCG_WCFS1_lp_3481	WCFS1	Lactiplantibacillus plantarum WCFS1	AL935263.2	lp_3481	lp_3481				mapped	native_locus_tag	2	UAG4E;UDPG4E	
CCG_WCFS1_lp_3482	WCFS1	Lactiplantibacillus plantarum WCFS1	AL935263.2	lp_3482	lp_3482				mapped	native_locus_tag	1	GALK	
CCG_WCFS1_lp_3483	WCFS1	Lactiplantibacillus plantarum WCFS1	AL935263.2	lp_3483	lp_3483				mapped	native_locus_tag	1	LACZ	
CCG_WCFS1_lp_3484	WCFS1	Lactiplantibacillus plantarum WCFS1	AL935263.2	lp_3484	lp_3484				mapped	native_locus_tag	1	LACZ	
CCG_WCFS1_lp_3485	WCFS1	Lactiplantibacillus plantarum WCFS1	AL935263.2	lp_3485	lp_3485				mapped	native_locus_tag	7	EPMGH;GALIGH;GALS3;GGLGH;MBS;RAFGH;STGH	
CCG_WCFS1_lp_3486	WCFS1	Lactiplantibacillus plantarum WCFS1	AL935263.2	lp_3486	lp_3486				mapped	native_locus_tag	9	1DGALIt2;EPMt2;GALt2;GGLt2;LCTSt6;MANNTRIt2;MELIBt2;RAFFINt2;STYSEt2	
CCG_WCFS1_lp_3487	WCFS1	Lactiplantibacillus plantarum WCFS1	AL935263.2	lp_3487	lp_3487				mapped	native_locus_tag	2	GALM;X5PL3E	
CCG_WCFS1_lp_3491	WCFS1	Lactiplantibacillus plantarum WCFS1	AL935263.2	lp_3491	lp_3491				mapped	native_locus_tag	1	SUCD3BC	
CCG_WCFS1_lp_3492	WCFS1	Lactiplantibacillus plantarum WCFS1	AL935263.2	lp_3492	lp_3492				mapped	native_locus_tag	1	AHMMPS	
CCG_WCFS1_lp_3493	WCFS1	Lactiplantibacillus plantarum WCFS1	AL935263.2	lp_3493	lp_3493				mapped	native_locus_tag	1	DHQD	
CCG_WCFS1_lp_3494	WCFS1	Lactiplantibacillus plantarum WCFS1	AL935263.2	lp_3494	lp_3494				mapped	native_locus_tag	1	SHK3D	
CCG_WCFS1_lp_3498	WCFS1	Lactiplantibacillus plantarum WCFS1	AL935263.2	lp_3498	lp_3498				mapped	native_locus_tag	1	SHK3D	
CCG_WCFS1_lp_3499	WCFS1	Lactiplantibacillus plantarum WCFS1	AL935263.2	lp_3499	lp_3499				mapped	native_locus_tag	1	SHK3D	
CCG_WCFS1_lp_3500	WCFS1	Lactiplantibacillus plantarum WCFS1	AL935263.2	lp_3500	lp_3500				mapped	native_locus_tag	1	DGC3D	
CCG_WCFS1_lp_3508	WCFS1	Lactiplantibacillus plantarum WCFS1	AL935263.2	lp_3508	lp_3508				mapped	native_locus_tag	1	ACM6PH	
CCG_WCFS1_lp_3509	WCFS1	Lactiplantibacillus plantarum WCFS1	AL935263.2	lp_3509	lp_3509				mapped	native_locus_tag	1	ACGAMK	
CCG_WCFS1_lp_3512	WCFS1	Lactiplantibacillus plantarum WCFS1	AL935263.2	lp_3512	lp_3512				mapped	native_locus_tag	3	CBGH;GNGH;PGGH	
CCG_WCFS1_lp_3517	WCFS1	Lactiplantibacillus plantarum WCFS1	AL935263.2	lp_3517	lp_3517				mapped	native_locus_tag	2	CYSTGL;CYSTL	
CCG_WCFS1_lp_3520	WCFS1	Lactiplantibacillus plantarum WCFS1	AL935263.2	lp_3520	lp_3520				mapped	native_locus_tag	4	ACMUMpts;GLCpts;KESTOpts;SUCpts	
CCG_WCFS1_lp_3522	WCFS1	Lactiplantibacillus plantarum WCFS1	AL935263.2	lp_3522	lp_3522				mapped	native_locus_tag	3	GLCpts;KESTOpts;SUCpts	
CCG_WCFS1_lp_3523	WCFS1	Lactiplantibacillus plantarum WCFS1	AL935263.2	lp_3523	lp_3523				mapped	native_locus_tag	1	ACM6PH	
CCG_WCFS1_lp_3525	WCFS1	Lactiplantibacillus plantarum WCFS1	AL935263.2	lp_3525	lp_3525				mapped	native_locus_tag	3	CBGH;GNGH;PGGH	
CCG_WCFS1_lp_3526	WCFS1	Lactiplantibacillus plantarum WCFS1	AL935263.2	lp_3526	lp_3526				mapped	native_locus_tag	3	CBGH;GNGH;PGGH	
CCG_WCFS1_lp_3530	WCFS1	Lactiplantibacillus plantarum WCFS1	AL935263.2	lp_3530	lp_3530				mapped	native_locus_tag	3	ALPHAALPHA-TREHALOSE-PHOSPHORYLASE-RXN;MALP;TRE6PP	
CCG_WCFS1_lp_3533	WCFS1	Lactiplantibacillus plantarum WCFS1	AL935263.2	lp_3533	lp_3533				mapped	native_locus_tag	1	MALTt2	
CCG_WCFS1_lp_3534	WCFS1	Lactiplantibacillus plantarum WCFS1	AL935263.2	lp_3534	lp_3534				mapped	native_locus_tag	3	AMY1;AXYLDS;MALT	
CCG_WCFS1_lp_3538	WCFS1	Lactiplantibacillus plantarum WCFS1	AL935263.2	lp_3538	lp_3538				mapped	native_locus_tag	3	CPACOCT;TKT1;TKT2	
CCG_WCFS1_lp_3539	WCFS1	Lactiplantibacillus plantarum WCFS1	AL935263.2	lp_3539	lp_3539				mapped	native_locus_tag	1	TAL	
CCG_WCFS1_lp_3542	WCFS1	Lactiplantibacillus plantarum WCFS1	AL935263.2	lp_3542	lp_3542				mapped	native_locus_tag	2	ASCBPTSTr;FRUpts2	
CCG_WCFS1_lp_3544	WCFS1	Lactiplantibacillus plantarum WCFS1	AL935263.2	lp_3544	lp_3544				mapped	native_locus_tag	1	PGLYCP	
CCG_WCFS1_lp_3545	WCFS1	Lactiplantibacillus plantarum WCFS1	AL935263.2	lp_3545	lp_3545				mapped	native_locus_tag	7	BTDD-RR;GLTPD;MNTLD;SBTD;SBTD_D;SBTD_L;THRD	
CCG_WCFS1_lp_3546	WCFS1	Lactiplantibacillus plantarum WCFS1	AL935263.2	lp_3546	lp_3546				mapped	native_locus_tag	1	GALTpts	
CCG_WCFS1_lp_3547	WCFS1	Lactiplantibacillus plantarum WCFS1	AL935263.2	lp_3547	lp_3547				mapped	native_locus_tag	1	GALTpts	
CCG_WCFS1_lp_3548	WCFS1	Lactiplantibacillus plantarum WCFS1	AL935263.2	lp_3548	lp_3548				mapped	native_locus_tag	1	GALTpts	
CCG_WCFS1_lp_3551	WCFS1	Lactiplantibacillus plantarum WCFS1	AL935263.2	lp_3551	lp_3551				mapped	native_locus_tag	1	PKL	
CCG_WCFS1_lp_3553	WCFS1	Lactiplantibacillus plantarum WCFS1	AL935263.2	lp_3553	lp_3553				mapped	native_locus_tag	1	MALTAT	
CCG_WCFS1_lp_3554	WCFS1	Lactiplantibacillus plantarum WCFS1	AL935263.2	lp_3554	lp_3554				mapped	native_locus_tag	1	ARAI	
CCG_WCFS1_lp_3555	WCFS1	Lactiplantibacillus plantarum WCFS1	AL935263.2	lp_3555	lp_3555				mapped	native_locus_tag	1	RBP4E	
CCG_WCFS1_lp_3556	WCFS1	Lactiplantibacillus plantarum WCFS1	AL935263.2	lp_3556	lp_3556				mapped	native_locus_tag	3	RBK_D;RBLK1;RBLK2	
CCG_WCFS1_lp_3557	WCFS1	Lactiplantibacillus plantarum WCFS1	AL935263.2	lp_3557	lp_3557				mapped	native_locus_tag	3	ARAB-Lt;FRUt2;XYLt2	
CCG_WCFS1_lp_3565	WCFS1	Lactiplantibacillus plantarum WCFS1	AL935263.2	lp_3565	lp_3565				mapped	native_locus_tag	1	NAt3	
CCG_WCFS1_lp_3566	WCFS1	Lactiplantibacillus plantarum WCFS1	AL935263.2	lp_3566	lp_3566				mapped	native_locus_tag	1	UAG2E	
CCG_WCFS1_lp_3567	WCFS1	Lactiplantibacillus plantarum WCFS1	AL935263.2	lp_3567	lp_3567				mapped	native_locus_tag	1	AMANK	
CCG_WCFS1_lp_3568	WCFS1	Lactiplantibacillus plantarum WCFS1	AL935263.2	lp_3568	lp_3568				mapped	native_locus_tag	1	ACNML	
CCG_WCFS1_lp_3571	WCFS1	Lactiplantibacillus plantarum WCFS1	AL935263.2	lp_3571	lp_3571				mapped	native_locus_tag	1	AMANAPE	
CCG_WCFS1_lp_3573	WCFS1	Lactiplantibacillus plantarum WCFS1	AL935263.2	lp_3573	lp_3573				mapped	native_locus_tag	1	TREH	
CCG_WCFS1_lp_3578	WCFS1	Lactiplantibacillus plantarum WCFS1	AL935263.2	lp_3578	lp_3578				mapped	native_locus_tag	1	CAT	
CCG_WCFS1_lp_3586	WCFS1	Lactiplantibacillus plantarum WCFS1	AL935263.2	lp_3586	lp_3586				mapped	native_locus_tag	1	LOXL	
CCG_WCFS1_lp_3587	WCFS1	Lactiplantibacillus plantarum WCFS1	AL935263.2	lp_3587	lp_3587				mapped	native_locus_tag	1	PYROX	
CCG_WCFS1_lp_3589	WCFS1	Lactiplantibacillus plantarum WCFS1	AL935263.2	lp_3589	lp_3589				mapped	native_locus_tag	1	PYROX	
CCG_WCFS1_lp_3592	WCFS1	Lactiplantibacillus plantarum WCFS1	AL935263.2	lp_3592	lp_3592				mapped	native_locus_tag	1	RMPA	
CCG_WCFS1_lp_3593	WCFS1	Lactiplantibacillus plantarum WCFS1	AL935263.2	lp_3593	lp_3593				mapped	native_locus_tag	1	RMI	
CCG_WCFS1_lp_3595	WCFS1	Lactiplantibacillus plantarum WCFS1	AL935263.2	lp_3595	lp_3595				mapped	native_locus_tag	1	RMK	
CCG_WCFS1_lp_3596	WCFS1	Lactiplantibacillus plantarum WCFS1	AL935263.2	lp_3596	lp_3596				mapped	native_locus_tag	1	RMNtpp	
CCG_WCFS1_lp_3599	WCFS1	Lactiplantibacillus plantarum WCFS1	AL935263.2	lp_3599	lp_3599				mapped	native_locus_tag	1	GALTpts	
CCG_WCFS1_lp_3600	WCFS1	Lactiplantibacillus plantarum WCFS1	AL935263.2	lp_3600	lp_3600				mapped	native_locus_tag	1	GALTpts	
CCG_WCFS1_lp_3601	WCFS1	Lactiplantibacillus plantarum WCFS1	AL935263.2	lp_3601	lp_3601				mapped	native_locus_tag	1	GALTpts	
CCG_WCFS1_lp_3603	WCFS1	Lactiplantibacillus plantarum WCFS1	AL935263.2	lp_3603	lp_3603				mapped	native_locus_tag	1	FBA2	
CCG_WCFS1_lp_3605	WCFS1	Lactiplantibacillus plantarum WCFS1	AL935263.2	lp_3605	lp_3605				mapped	native_locus_tag	1	INS2D	
CCG_WCFS1_lp_3606	WCFS1	Lactiplantibacillus plantarum WCFS1	AL935263.2	lp_3606	lp_3606				mapped	native_locus_tag	1	INS2D	
CCG_WCFS1_lp_3607	WCFS1	Lactiplantibacillus plantarum WCFS1	AL935263.2	lp_3607	lp_3607				mapped	native_locus_tag	1	2INSD	
CCG_WCFS1_lp_3608	WCFS1	Lactiplantibacillus plantarum WCFS1	AL935263.2	lp_3608	lp_3608				mapped	native_locus_tag	1	INS2D	
CCG_WCFS1_lp_3611	WCFS1	Lactiplantibacillus plantarum WCFS1	AL935263.2	lp_3611	lp_3611				mapped	native_locus_tag	1	XYLt2	
CCG_WCFS1_lp_3612	WCFS1	Lactiplantibacillus plantarum WCFS1	AL935263.2	lp_3612	lp_3612				mapped	native_locus_tag	1	INS2D	
CCG_WCFS1_lp_3615	WCFS1	Lactiplantibacillus plantarum WCFS1	AL935263.2	lp_3615	lp_3615				mapped	native_locus_tag	1	PYRNS1	
CCG_WCFS1_lp_3617	WCFS1	Lactiplantibacillus plantarum WCFS1	AL935263.2	lp_3617	lp_3617				mapped	native_locus_tag	1	TAL	
CCG_WCFS1_lp_3618	WCFS1	Lactiplantibacillus plantarum WCFS1	AL935263.2	lp_3618	lp_3618				mapped	native_locus_tag	1	SBTpts	
CCG_WCFS1_lp_3619	WCFS1	Lactiplantibacillus plantarum WCFS1	AL935263.2	lp_3619	lp_3619				mapped	native_locus_tag	1	SBTpts	
CCG_WCFS1_lp_3620	WCFS1	Lactiplantibacillus plantarum WCFS1	AL935263.2	lp_3620	lp_3620				mapped	native_locus_tag	1	SBTpts	
CCG_WCFS1_lp_3623	WCFS1	Lactiplantibacillus plantarum WCFS1	AL935263.2	lp_3623	lp_3623				mapped	native_locus_tag	1	SBTPD	
CCG_WCFS1_lp_3626	WCFS1	Lactiplantibacillus plantarum WCFS1	AL935263.2	lp_3626	lp_3626				mapped	native_locus_tag	1	MALTt2	
CCG_WCFS1_lp_3627	WCFS1	Lactiplantibacillus plantarum WCFS1	AL935263.2	lp_3627	lp_3627				mapped	native_locus_tag	7	CYCLOMALTODEXTRINASE-RXN;GBEZ;GLBRAN;ISOMALTULOSE-SYNTHASE-RXN;O16G1lu;O16G2lu;TRE6PH	
CCG_WCFS1_lp_3629	WCFS1	Lactiplantibacillus plantarum WCFS1	AL935263.2	lp_3629	lp_3629				mapped	native_locus_tag	4	CBGH;GNGH;LACZ;PGGH	
CCG_WCFS1_lp_3637	WCFS1	Lactiplantibacillus plantarum WCFS1	AL935263.2	lp_3637	lp_3637				mapped	native_locus_tag	1	FRUK	
CCG_WCFS1_lp_3641	WCFS1	Lactiplantibacillus plantarum WCFS1	AL935263.2	lp_3641	lp_3641				mapped	native_locus_tag	7	CYCLOMALTODEXTRINASE-RXN;GBEZ;GLBRAN;ISOMALTULOSE-SYNTHASE-RXN;O16G1lu;O16G2lu;TRE6PH	
CCG_WCFS1_lp_3652	WCFS1	Lactiplantibacillus plantarum WCFS1	AL935263.2	lp_3652	lp_3652				mapped	native_locus_tag	1	SBTpts	
CCG_WCFS1_lp_3653	WCFS1	Lactiplantibacillus plantarum WCFS1	AL935263.2	lp_3653	lp_3653				mapped	native_locus_tag	1	SBTpts	
CCG_WCFS1_lp_3654	WCFS1	Lactiplantibacillus plantarum WCFS1	AL935263.2	lp_3654	lp_3654				mapped	native_locus_tag	1	SBTpts	
CCG_WCFS1_lp_3657	WCFS1	Lactiplantibacillus plantarum WCFS1	AL935263.2	lp_3657	lp_3657				mapped	native_locus_tag	1	SBTPD	
CCG_WCFS1_lp_3658	WCFS1	Lactiplantibacillus plantarum WCFS1	AL935263.2	lp_3658	lp_3658				mapped	native_locus_tag	1	RIBt2	
CCG_WCFS1_lp_3660	WCFS1	Lactiplantibacillus plantarum WCFS1	AL935263.2	lp_3660	lp_3660				mapped	native_locus_tag	2	DRBK;RBK	
CCG_WCFS1_lp_3662	WCFS1	Lactiplantibacillus plantarum WCFS1	AL935263.2	lp_3662	lp_3662				mapped	native_locus_tag	6	ACALD;ALCD2MB;ALCD2x;ALCDIB;BUTALD;CHOLD	
CCG_WCFS1_lp_3665	WCFS1	Lactiplantibacillus plantarum WCFS1	AL935263.2	lp_3665	lp_3665				mapped	native_locus_tag	2	CMPDC;PHPDC	
CCG_WCFS1_lp_3666	WCFS1	Lactiplantibacillus plantarum WCFS1	AL935263.2	lp_3666	lp_3666				mapped	native_locus_tag	4	3MOBDC;3MOPDC;4MOPDC;OP4ENH	
CCG_WCFS1_pWCFS103_16	WCFS1	Lactiplantibacillus plantarum WCFS1	AL935263.2	pWCFS103_16	pWCFS103_16				mapped	native_locus_tag	1	NOX1	
