OR16_biomass,NS21_biomass,Value,Action_0,Action_1,Action_2,Action_3,Action_4
0.0,0.0,-1.1000397205352783,1.0,0.03533778,1.0,1.0,0.0
0.0,0.10204081632653061,-1.035710096359253,1.0,0.029382149,1.0,1.0,0.0
0.0,0.20408163265306123,-0.9753390550613403,1.0,0.023384258,1.0,1.0,0.0
0.0,0.30612244897959184,-0.9199401140213013,1.0,0.01742012,1.0,1.0,0.0
0.0,0.40816326530612246,-0.87043297290802,1.0,0.011562713,1.0,1.0,0.0
0.0,0.5102040816326531,-0.8276491165161133,1.0,0.0058861068,1.0,1.0,0.0
0.0,0.6122448979591837,-0.7923368215560913,1.0,0.00046304142,1.0,1.0,0.0
0.0,0.7142857142857143,-0.7651872634887695,1.0,0.0,1.0,1.0,0.0
0.0,0.8163265306122449,-0.7468846440315247,1.0,0.0,1.0,1.0,0.0
0.0,0.9183673469387755,-0.7381508350372314,1.0,0.0,1.0,1.0,0.0
0.0,1.0204081632653061,-0.7397478222846985,1.0,0.0,1.0,1.0,0.0
0.0,1.1224489795918369,-0.7523679733276367,1.0,0.0,1.0,1.0,0.0
0.0,1.2244897959183674,-0.7763527631759644,1.0,0.0,1.0,1.0,0.0
0.0,1.3265306122448979,-0.8112503290176392,1.0,0.0,1.0,1.0,0.0
0.0,1.4285714285714286,-0.8554090261459351,1.0,0.0,1.0,1.0,0.0
0.0,1.5306122448979593,-0.9059658050537109,1.0,0.0,1.0,1.0,0.0
0.0,1.6326530612244898,-0.9594823122024536,1.0,0.0,1.0,1.0,0.0
0.0,1.7346938775510203,-1.0129473209381104,1.0,0.0,1.0,1.0,0.0
0.0,1.836734693877551,-1.0645076036453247,1.0,0.0,1.0,1.0,0.0
0.0,1.9387755102040818,-1.1135308742523193,1.0,0.0,1.0,1.0,0.0
0.0,2.0408163265306123,-1.1601853370666504,1.0,0.0,1.0,1.0,0.0
0.0,2.142857142857143,-1.2049356698989868,1.0,0.0,1.0,1.0,0.0
0.0,2.2448979591836737,-1.2482191324234009,1.0,0.0,1.0,1.0,0.0
0.0,2.3469387755102042,-1.290331482887268,1.0,0.0,1.0,1.0,0.0
0.0,2.4489795918367347,-1.3314480781555176,1.0,0.0,1.0,1.0,0.0
0.0,2.5510204081632653,-1.3716808557510376,1.0,0.0,1.0,1.0,0.0
0.0,2.6530612244897958,-1.4111239910125732,1.0,0.0,1.0,1.0,0.0
0.0,2.7551020408163267,-1.4498668909072876,1.0,0.0,1.0,1.0,0.0
0.0,2.857142857142857,-1.4879891872406006,1.0,0.0,1.0,1.0,0.0
0.0,2.9591836734693877,-1.5255457162857056,1.0,0.0,1.0,1.0,0.0
0.0,3.0612244897959187,-1.5625596046447754,1.0,0.0,1.0,1.0,0.0
0.0,3.163265306122449,-1.5990177392959595,1.0,0.0,1.0,1.0,0.0
0.0,3.2653061224489797,-1.6348752975463867,1.0,0.0,1.0,1.0,0.0
0.0,3.36734693877551,-1.6700663566589355,1.0,0.0,1.0,1.0,0.0
0.0,3.4693877551020407,-1.7045164108276367,1.0,0.0,1.0,1.0,0.0
0.0,3.5714285714285716,-1.7381563186645508,1.0,0.0,1.0,1.0,0.0
0.0,3.673469387755102,-1.7709349393844604,1.0,0.0,1.0,1.0,0.0
0.0,3.7755102040816326,-1.802828073501587,1.0,0.0,1.0,1.0,0.0
0.0,3.8775510204081636,-1.833846092224121,1.0,0.0,1.0,1.0,0.0
0.0,3.979591836734694,-1.86403489112854,1.0,0.0,1.0,1.0,0.0
0.0,4.081632653061225,-1.8934743404388428,1.0,0.0,1.0,1.0,0.0
0.0,4.183673469387755,-1.922271966934204,1.0,0.0,1.0,1.0,0.0
0.0,4.285714285714286,-1.9505550861358643,1.0,0.0,1.0,1.0,0.0
0.0,4.387755102040816,-1.9784598350524902,1.0,0.0,1.0,1.0,0.0
0.0,4.4897959183673475,-2.0061216354370117,1.0,0.0,1.0,1.0,0.0
0.0,4.591836734693878,-2.0336649417877197,1.0,0.0,1.0,1.0,0.0
0.0,4.6938775510204085,-2.06119704246521,1.0,0.0,1.0,1.0,0.0
0.0,4.795918367346939,-2.088801622390747,1.0,0.0,1.0,1.0,0.0
0.0,4.8979591836734695,-2.116537570953369,1.0,0.0,1.0,1.0,0.0
0.0,5.0,-2.1444382667541504,1.0,0.0,1.0,1.0,0.0
0.10204081632653061,0.0,-1.091203212738037,1.0,0.038836267,1.0,1.0,0.0
0.10204081632653061,0.10204081632653061,-1.0251407623291016,1.0,0.03293631,1.0,1.0,0.0
0.10204081632653061,0.20408163265306123,-0.9628204107284546,1.0,0.026958525,1.0,1.0,0.0
0.10204081632653061,0.30612244897959184,-0.9053241014480591,1.0,0.020977946,1.0,1.0,0.0
0.10204081632653061,0.40816326530612246,-0.8536398410797119,1.0,0.015067221,1.0,1.0,0.0
0.10204081632653061,0.5102040816326531,-0.8086725473403931,1.0,0.009302902,1.0,1.0,0.0
0.10204081632653061,0.6122448979591837,-0.7712467908859253,1.0,0.0037638312,1.0,1.0,0.0
0.10204081632653061,0.7142857142857143,-0.7421265840530396,1.0,0.0,1.0,1.0,0.0
0.10204081632653061,0.8163265306122449,-0.7220548391342163,1.0,0.0,1.0,1.0,0.0
0.10204081632653061,0.9183673469387755,-0.7117975354194641,1.0,0.0,1.0,1.0,0.0
0.10204081632653061,1.0204081632653061,-0.7121478319168091,1.0,0.0,1.0,1.0,0.0
0.10204081632653061,1.1224489795918369,-0.7238278985023499,1.0,0.0,1.0,1.0,0.0
0.10204081632653061,1.2244897959183674,-0.7472180128097534,1.0,0.0,1.0,1.0,0.0
0.10204081632653061,1.3265306122448979,-0.781920313835144,1.0,0.0,1.0,1.0,0.0
0.10204081632653061,1.4285714285714286,-0.8263329267501831,1.0,0.0,1.0,1.0,0.0
0.10204081632653061,1.5306122448979593,-0.8776052594184875,1.0,0.0,1.0,1.0,0.0
0.10204081632653061,1.6326530612244898,-0.932242214679718,1.0,0.0,1.0,1.0,0.0
0.10204081632653061,1.7346938775510203,-0.9871183633804321,1.0,0.0,1.0,1.0,0.0
0.10204081632653061,1.836734693877551,-1.0402499437332153,1.0,0.0,1.0,1.0,0.0
0.10204081632653061,1.9387755102040818,-1.0908958911895752,1.0,0.0,1.0,1.0,0.0
0.10204081632653061,2.0408163265306123,-1.1391479969024658,1.0,0.0,1.0,1.0,0.0
0.10204081632653061,2.142857142857143,-1.1854203939437866,1.0,0.0,1.0,1.0,0.0
0.10204081632653061,2.2448979591836737,-1.2301139831542969,1.0,0.0,1.0,1.0,0.0
0.10204081632653061,2.3469387755102042,-1.2734980583190918,1.0,0.0,1.0,1.0,0.0
0.10204081632653061,2.4489795918367347,-1.3157273530960083,1.0,0.0,1.0,1.0,0.0
0.10204081632653061,2.5510204081632653,-1.356899380683899,1.0,0.0,1.0,1.0,0.0
0.10204081632653061,2.6530612244897958,-1.3970997333526611,1.0,0.0,1.0,1.0,0.0
0.10204081632653061,2.7551020408163267,-1.4364160299301147,1.0,0.0,1.0,1.0,0.0
0.10204081632653061,2.857142857142857,-1.474932074546814,1.0,0.0,1.0,1.0,0.0
0.10204081632653061,2.9591836734693877,-1.512714147567749,1.0,0.0,1.0,1.0,0.0
0.10204081632653061,3.0612244897959187,-1.5498026609420776,1.0,0.0,1.0,1.0,0.0
0.10204081632653061,3.163265306122449,-1.586205244064331,1.0,0.0,1.0,1.0,0.0
0.10204081632653061,3.2653061224489797,-1.621902585029602,1.0,0.0,1.0,1.0,0.0
0.10204081632653061,3.36734693877551,-1.6568561792373657,1.0,0.0,1.0,1.0,0.0
0.10204081632653061,3.4693877551020407,-1.6910195350646973,1.0,0.0,1.0,1.0,0.0
0.10204081632653061,3.5714285714285716,-1.7243516445159912,1.0,0.0,1.0,1.0,0.0
0.10204081632653061,3.673469387755102,-1.7568297386169434,1.0,0.0,1.0,1.0,0.0
0.10204081632653061,3.7755102040816326,-1.7884567975997925,1.0,0.0,1.0,1.0,0.0
0.10204081632653061,3.8775510204081636,-1.8192672729492188,1.0,0.0,1.0,1.0,0.0
0.10204081632653061,3.979591836734694,-1.8493289947509766,1.0,0.0,1.0,1.0,0.0
0.10204081632653061,4.081632653061225,-1.878738522529602,1.0,0.0,1.0,1.0,0.0
0.10204081632653061,4.183673469387755,-1.907615065574646,1.0,0.0,1.0,1.0,0.0
0.10204081632653061,4.285714285714286,-1.9360929727554321,1.0,0.0,1.0,1.0,0.0
0.10204081632653061,4.387755102040816,-1.9643083810806274,1.0,0.0,1.0,1.0,0.0
0.10204081632653061,4.4897959183673475,-1.9923920631408691,1.0,0.0,1.0,1.0,0.0
0.10204081632653061,4.591836734693878,-2.020458459854126,1.0,0.0,1.0,1.0,0.0
0.10204081632653061,4.6938775510204085,-2.0486018657684326,1.0,0.0,1.0,1.0,0.0
0.10204081632653061,4.795918367346939,-2.076890468597412,1.0,0.0,1.0,1.0,0.0
0.10204081632653061,4.8979591836734695,-2.1053667068481445,1.0,0.0,1.0,1.0,0.0
0.10204081632653061,5.0,-2.134047508239746,1.0,0.0,1.0,1.0,0.0
0.20408163265306123,0.0,-1.0825166702270508,1.0,0.042333856,1.0,1.0,0.0
0.20408163265306123,0.10204081632653061,-1.0148096084594727,1.0,0.036501758,1.0,1.0,0.0
0.20408163265306123,0.20408163265306123,-0.9506072998046875,1.0,0.030557042,1.0,1.0,0.0
0.20408163265306123,0.30612244897959184,-0.8910648226737976,1.0,0.024573715,1.0,1.0,0.0
0.20408163265306123,0.40816326530612246,-0.8372386693954468,1.0,0.01862313,1.0,1.0,0.0
0.20408163265306123,0.5102040816326531,-0.790103554725647,1.0,0.012782889,1.0,1.0,0.0
0.20408163265306123,0.6122448979591837,-0.7505590915679932,1.0,0.007136696,1.0,1.0,0.0
0.20408163265306123,0.7142857142857143,-0.7194422483444214,1.0,0.0017657066,1.0,1.0,0.0
0.20408163265306123,0.8163265306122449,-0.6975588798522949,1.0,0.0,1.0,1.0,0.0
0.20408163265306123,0.9183673469387755,-0.6857227683067322,1.0,0.0,1.0,1.0,0.0
0.20408163265306123,1.0204081632653061,-0.6847631931304932,1.0,0.0,1.0,1.0,0.0
0.20408163265306123,1.1224489795918369,-0.6954329013824463,1.0,0.0,1.0,1.0,0.0
0.20408163265306123,1.2244897959183674,-0.7181531190872192,1.0,0.0,1.0,1.0,0.0
0.20408163265306123,1.3265306122448979,-0.7525808811187744,1.0,0.0,1.0,1.0,0.0
0.20408163265306123,1.4285714285714286,-0.7971673011779785,1.0,0.0,1.0,1.0,0.0
0.20408163265306123,1.5306122448979593,-0.8490803241729736,1.0,0.0,1.0,1.0,0.0
0.20408163265306123,1.6326530612244898,-0.9047731757164001,1.0,0.0,1.0,1.0,0.0
0.20408163265306123,1.7346938775510203,-0.9610083103179932,1.0,0.0,1.0,1.0,0.0
0.20408163265306123,1.836734693877551,-1.015669345855713,1.0,0.0,1.0,1.0,0.0
0.20408163265306123,1.9387755102040818,-1.0679043531417847,1.0,0.0,1.0,1.0,0.0
0.20408163265306123,2.0408163265306123,-1.117727279663086,1.0,0.0,1.0,1.0,0.0
0.20408163265306123,2.142857142857143,-1.1655004024505615,1.0,0.0,1.0,1.0,0.0
0.20408163265306123,2.2448979591836737,-1.2115910053253174,1.0,0.0,1.0,1.0,0.0
0.20408163265306123,2.3469387755102042,-1.2562419176101685,1.0,0.0,1.0,1.0,0.0
0.20408163265306123,2.4489795918367347,-1.2995866537094116,1.0,0.0,1.0,1.0,0.0
0.20408163265306123,2.5510204081632653,-1.3417067527770996,1.0,0.0,1.0,1.0,0.0
0.20408163265306123,2.6530612244897958,-1.382676601409912,1.0,0.0,1.0,1.0,0.0
0.20408163265306123,2.7551020408163267,-1.422579050064087,1.0,0.0,1.0,1.0,0.0
0.20408163265306123,2.857142857142857,-1.4614983797073364,1.0,0.0,1.0,1.0,0.0
0.20408163265306123,2.9591836734693877,-1.499510407447815,1.0,0.0,1.0,1.0,0.0
0.20408163265306123,3.0612244897959187,-1.536670446395874,1.0,0.0,1.0,1.0,0.0
0.20408163265306123,3.163265306122449,-1.5730090141296387,1.0,0.0,1.0,1.0,0.0
0.20408163265306123,3.2653061224489797,-1.608532428741455,1.0,0.0,1.0,1.0,0.0
0.20408163265306123,3.36734693877551,-1.6432321071624756,1.0,0.0,1.0,1.0,0.0
0.20408163265306123,3.4693877551020407,-1.6770920753479004,1.0,0.0,1.0,1.0,0.0
0.20408163265306123,3.5714285714285716,-1.7101037502288818,1.0,0.0,1.0,1.0,0.0
0.20408163265306123,3.673469387755102,-1.7422741651535034,1.0,0.0,1.0,1.0,0.0
0.20408163265306123,3.7755102040816326,-1.7736361026763916,1.0,0.0,1.0,1.0,0.0
0.20408163265306123,3.8775510204081636,-1.8042492866516113,1.0,0.0,1.0,1.0,0.0
0.20408163265306123,3.979591836734694,-1.8342030048370361,1.0,0.0,1.0,1.0,0.0
0.20408163265306123,4.081632653061225,-1.863610029220581,1.0,0.0,1.0,1.0,0.0
0.20408163265306123,4.183673469387755,-1.8926019668579102,1.0,0.0,1.0,1.0,0.0
0.20408163265306123,4.285714285714286,-1.9213154315948486,1.0,0.0,1.0,1.0,0.0
0.20408163265306123,4.387755102040816,-1.949885368347168,1.0,0.0,1.0,1.0,0.0
0.20408163265306123,4.4897959183673475,-1.9784345626831055,1.0,0.0,1.0,1.0,0.0
0.20408163265306123,4.591836734693878,-2.0070672035217285,1.0,0.0,1.0,1.0,0.0
0.20408163265306123,4.6938775510204085,-2.0358614921569824,1.0,0.0,1.0,1.0,0.0
0.20408163265306123,4.795918367346939,-2.0648696422576904,1.0,0.0,1.0,1.0,0.0
0.20408163265306123,4.8979591836734695,-2.0941162109375,1.0,0.0,1.0,1.0,0.0
0.20408163265306123,5.0,-2.1236023902893066,1.0,0.0,1.0,1.0,0.0
0.30612244897959184,0.0,-1.0739407539367676,1.0,0.045827225,1.0,1.0,0.0
0.30612244897959184,0.10204081632653061,-1.0046911239624023,1.0,0.04007486,1.0,1.0,0.0
0.30612244897959184,0.20408163265306123,-0.9386838674545288,1.0,0.0341759,1.0,1.0,0.0
0.30612244897959184,0.30612244897959184,-0.877154529094696,1.0,0.02820328,1.0,1.0,0.0
0.30612244897959184,0.40816326530612246,-0.8212294578552246,1.0,0.022226505,1.0,1.0,0.0
0.30612244897959184,0.5102040816326531,-0.7719519734382629,1.0,0.016322846,1.0,1.0,0.0
0.30612244897959184,0.6122448979591837,-0.7302932739257812,1.0,0.010579462,1.0,1.0,0.0
0.30612244897959184,0.7142857142857143,-0.6971628069877625,1.0,0.005084877,1.0,1.0,0.0
0.30612244897959184,0.8163265306122449,-0.6734321117401123,1.0,0.0,1.0,1.0,0.0
0.30612244897959184,0.9183673469387755,-0.6599670052528381,1.0,0.0,1.0,1.0,0.0
0.30612244897959184,1.0204081632653061,-0.6576357483863831,1.0,0.0,1.0,1.0,0.0
0.30612244897959184,1.1224489795918369,-0.66722571849823,1.0,0.0,1.0,1.0,0.0
0.30612244897959184,1.2244897959183674,-0.6892000436782837,1.0,0.0,1.0,1.0,0.0
0.30612244897959184,1.3265306122448979,-0.7232709527015686,1.0,0.0,1.0,1.0,0.0
0.30612244897959184,1.4285714285714286,-0.7679487466812134,1.0,0.0,1.0,1.0,0.0
0.30612244897959184,1.5306122448979593,-0.8204232454299927,1.0,0.0,1.0,1.0,0.0
0.30612244897959184,1.6326530612244898,-0.8771024346351624,1.0,0.0,1.0,1.0,0.0
0.30612244897959184,1.7346938775510203,-0.9346393346786499,1.0,0.0,1.0,1.0,0.0
0.30612244897959184,1.836734693877551,-0.9907828569412231,1.0,0.0,1.0,1.0,0.0
0.30612244897959184,1.9387755102040818,-1.0445671081542969,1.0,0.0,1.0,1.0,0.0
0.30612244897959184,2.0408163265306123,-1.0959258079528809,1.0,0.0,1.0,1.0,0.0
0.30612244897959184,2.142857142857143,-1.1451724767684937,1.0,0.0,1.0,1.0,0.0
0.30612244897959184,2.2448979591836737,-1.192638635635376,1.0,0.0,1.0,1.0,0.0
0.30612244897959184,2.3469387755102042,-1.2385432720184326,1.0,0.0,1.0,1.0,0.0
0.30612244897959184,2.4489795918367347,-1.282999038696289,1.0,0.0,1.0,1.0,0.0
0.30612244897959184,2.5510204081632653,-1.32607102394104,1.0,0.0,1.0,1.0,0.0
0.30612244897959184,2.6530612244897958,-1.36781907081604,1.0,0.0,1.0,1.0,0.0
0.30612244897959184,2.7551020408163267,-1.4083178043365479,1.0,0.0,1.0,1.0,0.0
0.30612244897959184,2.857142857142857,-1.4476503133773804,1.0,0.0,1.0,1.0,0.0
0.30612244897959184,2.9591836734693877,-1.4858981370925903,1.0,0.0,1.0,1.0,0.0
0.30612244897959184,3.0612244897959187,-1.523131012916565,1.0,0.0,1.0,1.0,0.0
0.30612244897959184,3.163265306122449,-1.5594007968902588,1.0,0.0,1.0,1.0,0.0
0.30612244897959184,3.2653061224489797,-1.5947415828704834,1.0,0.0,1.0,1.0,0.0
0.30612244897959184,3.36734693877551,-1.6291759014129639,1.0,0.0,1.0,1.0,0.0
0.30612244897959184,3.4693877551020407,-1.6627223491668701,1.0,0.0,1.0,1.0,0.0
0.30612244897959184,3.5714285714285716,-1.6954060792922974,1.0,0.0,1.0,1.0,0.0
0.30612244897959184,3.673469387755102,-1.7272679805755615,1.0,0.0,1.0,1.0,0.0
0.30612244897959184,3.7755102040816326,-1.7583706378936768,1.0,0.0,1.0,1.0,0.0
0.30612244897959184,3.8775510204081636,-1.7888015508651733,1.0,0.0,1.0,1.0,0.0
0.30612244897959184,3.979591836734694,-1.818671464920044,1.0,0.0,1.0,1.0,0.0
0.30612244897959184,4.081632653061225,-1.848109483718872,1.0,0.0,1.0,1.0,0.0
0.30612244897959184,4.183673469387755,-1.8772540092468262,1.0,0.0,1.0,1.0,0.0
0.30612244897959184,4.285714285714286,-1.9062453508377075,1.0,0.0,1.0,1.0,0.0
0.30612244897959184,4.387755102040816,-1.935213565826416,1.0,0.0,1.0,1.0,0.0
0.30612244897959184,4.4897959183673475,-1.9642724990844727,1.0,0.0,1.0,1.0,0.0
0.30612244897959184,4.591836734693878,-1.9935121536254883,1.0,0.0,1.0,1.0,0.0
0.30612244897959184,4.6938775510204085,-2.0229945182800293,1.0,0.0,1.0,1.0,0.0
0.30612244897959184,4.795918367346939,-2.052755117416382,1.0,0.0,1.0,1.0,0.0
0.30612244897959184,4.8979591836734695,-2.0828003883361816,1.0,0.0,1.0,1.0,0.0
0.30612244897959184,5.0,-2.1131138801574707,1.0,0.0,1.0,1.0,0.0
0.40816326530612246,0.0,-1.065428376197815,1.0,0.049313195,1.0,1.0,0.0
0.40816326530612246,0.10204081632653061,-0.9947552680969238,1.0,0.04365217,1.0,1.0,0.0
0.40816326530612246,0.20408163265306123,-0.927030622959137,1.0,0.03781124,1.0,1.0,0.0
0.40816326530612246,0.30612244897959184,-0.8635820150375366,1.0,0.03186254,1.0,1.0,0.0
0.40816326530612246,0.40816326530612246,-0.8056094646453857,1.0,0.025873277,1.0,1.0,0.0
0.40816326530612246,0.5102040816326531,-0.7542229890823364,1.0,0.019919295,1.0,1.0,0.0
0.40816326530612246,0.6122448979591837,-0.7104642391204834,1.0,0.014089552,1.0,1.0,0.0
0.40816326530612246,0.7142857142857143,-0.6753125786781311,1.0,0.008478946,1.0,1.0,0.0
0.40816326530612246,0.8163265306122449,-0.6497058868408203,1.0,0.0031738235,1.0,1.0,0.0
0.40816326530612246,0.9183673469387755,-0.6345664858818054,1.0,0.0,1.0,1.0,0.0
0.40816326530612246,1.0204081632653061,-0.6308048963546753,1.0,0.0,1.0,1.0,0.0
0.40816326530612246,1.1224489795918369,-0.6392468810081482,1.0,0.0,1.0,1.0,0.0
0.40816326530612246,1.2244897959183674,-0.660398006439209,1.0,0.0,1.0,1.0,0.0
0.40816326530612246,1.3265306122448979,-0.6940290331840515,1.0,0.0,1.0,1.0,0.0
0.40816326530612246,1.4285714285714286,-0.7387115359306335,1.0,0.0,1.0,1.0,0.0
0.40816326530612246,1.5306122448979593,-0.7916640639305115,1.0,0.0,1.0,1.0,0.0
0.40816326530612246,1.6326530612244898,-0.8492565751075745,1.0,0.0,1.0,1.0,0.0
0.40816326530612246,1.7346938775510203,-0.9080321788787842,1.0,0.0,1.0,1.0,0.0
0.40816326530612246,1.836734693877551,-0.9656060934066772,1.0,0.0,1.0,1.0,0.0
0.40816326530612246,1.9387755102040818,-1.0208938121795654,1.0,0.0,1.0,1.0,0.0
0.40816326530612246,2.0408163265306123,-1.0737485885620117,1.0,0.0,1.0,1.0,0.0
0.40816326530612246,2.142857142857143,-1.1244328022003174,1.0,0.0,1.0,1.0,0.0
0.40816326530612246,2.2448979591836737,-1.1732463836669922,1.0,0.0,1.0,1.0,0.0
0.40816326530612246,2.3469387755102042,-1.2203844785690308,1.0,0.0,1.0,1.0,0.0
0.40816326530612246,2.4489795918367347,-1.2659404277801514,1.0,0.0,1.0,1.0,0.0
0.40816326530612246,2.5510204081632653,-1.3099606037139893,1.0,0.0,1.0,1.0,0.0
0.40816326530612246,2.6530612244897958,-1.352491021156311,1.0,0.0,1.0,1.0,0.0
0.40816326530612246,2.7551020408163267,-1.3935941457748413,1.0,0.0,1.0,1.0,0.0
0.40816326530612246,2.857142857142857,-1.4333491325378418,1.0,0.0,1.0,1.0,0.0
0.40816326530612246,2.9591836734693877,-1.4718403816223145,1.0,0.0,1.0,1.0,0.0
0.40816326530612246,3.0612244897959187,-1.509150505065918,1.0,0.0,1.0,1.0,0.0
0.40816326530612246,3.163265306122449,-1.5453517436981201,1.0,0.0,1.0,1.0,0.0
0.40816326530612246,3.2653061224489797,-1.5805065631866455,1.0,0.0,1.0,1.0,0.0
0.40816326530612246,3.36734693877551,-1.614670753479004,1.0,0.0,1.0,1.0,0.0
0.40816326530612246,3.4693877551020407,-1.6478991508483887,1.0,0.0,1.0,1.0,0.0
0.40816326530612246,3.5714285714285716,-1.6802536249160767,1.0,0.0,1.0,1.0,0.0
0.40816326530612246,3.673469387755102,-1.7118115425109863,1.0,0.0,1.0,1.0,0.0
0.40816326530612246,3.7755102040816326,-1.7426676750183105,1.0,0.0,1.0,1.0,0.0
0.40816326530612246,3.8775510204081636,-1.7729370594024658,1.0,0.0,1.0,1.0,0.0
0.40816326530612246,3.979591836734694,-1.8027517795562744,1.0,0.0,1.0,1.0,0.0
0.40816326530612246,4.081632653061225,-1.8322553634643555,1.0,0.0,1.0,1.0,0.0
0.40816326530612246,4.183673469387755,-1.8615936040878296,1.0,0.0,1.0,1.0,0.0
0.40816326530612246,4.285714285714286,-1.8909060955047607,1.0,0.0,1.0,1.0,0.0
0.40816326530612246,4.387755102040816,-1.9203166961669922,1.0,0.0,1.0,1.0,0.0
0.40816326530612246,4.4897959183673475,-1.949927806854248,1.0,0.0,1.0,1.0,0.0
0.40816326530612246,4.591836734693878,-1.979814052581787,1.0,0.0,1.0,1.0,0.0
0.40816326530612246,4.6938775510204085,-2.0100200176239014,1.0,0.0,1.0,1.0,0.0
0.40816326530612246,4.795918367346939,-2.040562152862549,1.0,0.0,1.0,1.0,0.0
0.40816326530612246,4.8979591836734695,-2.071429967880249,1.0,0.0,1.0,1.0,0.0
0.40816326530612246,5.0,-2.102590560913086,1.0,0.0,1.0,1.0,0.0
0.5102040816326531,0.0,-1.0569219589233398,1.0,0.052788734,1.0,1.0,0.0
0.5102040816326531,0.10204081632653061,-0.984963595867157,1.0,0.04723042,1.0,1.0,0.0
0.5102040816326531,0.20408163265306123,-0.9156234860420227,1.0,0.041459356,1.0,1.0,0.0
0.5102040816326531,0.30612244897959184,-0.8503325581550598,1.0,0.035547417,1.0,1.0,0.0
0.5102040816326531,0.40816326530612246,-0.7903710007667542,1.0,0.029559394,1.0,1.0,0.0
0.5102040816326531,0.5102040816326531,-0.7369183897972107,1.0,0.023568524,1.0,1.0,0.0
0.5102040816326531,0.6122448979591837,-0.6910820603370667,1.0,0.017664207,1.0,1.0,0.0
0.5102040816326531,0.7142857142857143,-0.6539102792739868,1.0,0.011946225,1.0,1.0,0.0
0.5102040816326531,0.8163265306122449,-0.6264077425003052,1.0,0.0065098843,1.0,1.0,0.0
0.5102040816326531,0.9183673469387755,-0.6095538139343262,1.0,0.0014298754,1.0,1.0,0.0
0.5102040816326531,1.0204081632653061,-0.6043070554733276,1.0,0.0,1.0,1.0,0.0
0.5102040816326531,1.1224489795918369,-0.6115331649780273,1.0,0.0,1.0,1.0,0.0
0.5102040816326531,1.2244897959183674,-0.6317839026451111,1.0,0.0,1.0,1.0,0.0
0.5102040816326531,1.3265306122448979,-0.664889931678772,1.0,0.0,1.0,1.0,0.0
0.5102040816326531,1.4285714285714286,-0.7094876170158386,1.0,0.0,1.0,1.0,0.0
0.5102040816326531,1.5306122448979593,-0.7628317475318909,1.0,0.0,1.0,1.0,0.0
0.5102040816326531,1.6326530612244898,-0.8212583661079407,1.0,0.0,1.0,1.0,0.0
0.5102040816326531,1.7346938775510203,-0.8812066316604614,1.0,0.0,1.0,1.0,0.0
0.5102040816326531,1.836734693877551,-0.9401536583900452,1.0,0.0,1.0,1.0,0.0
0.5102040816326531,1.9387755102040818,-0.9968948364257812,1.0,0.0,1.0,1.0,0.0
0.5102040816326531,2.0408163265306123,-1.0511994361877441,1.0,0.0,1.0,1.0,0.0
0.5102040816326531,2.142857142857143,-1.1032791137695312,1.0,0.0,1.0,1.0,0.0
0.5102040816326531,2.2448979591836737,-1.153404712677002,1.0,0.0,1.0,1.0,0.0
0.5102040816326531,2.3469387755102042,-1.2017483711242676,1.0,0.0,1.0,1.0,0.0
0.5102040816326531,2.4489795918367347,-1.2483854293823242,1.0,0.0,1.0,1.0,0.0
0.5102040816326531,2.5510204081632653,-1.2933456897735596,1.0,0.0,1.0,1.0,0.0
0.5102040816326531,2.6530612244897958,-1.3366572856903076,1.0,0.0,1.0,1.0,0.0
0.5102040816326531,2.7551020408163267,-1.3783701658248901,1.0,0.0,1.0,1.0,0.0
0.5102040816326531,2.857142857142857,-1.418555736541748,1.0,0.0,1.0,1.0,0.0
0.5102040816326531,2.9591836734693877,-1.4572997093200684,1.0,0.0,1.0,1.0,0.0
0.5102040816326531,3.0612244897959187,-1.4946939945220947,1.0,0.0,1.0,1.0,0.0
0.5102040816326531,3.163265306122449,-1.5308319330215454,1.0,0.0,1.0,1.0,0.0
0.5102040816326531,3.2653061224489797,-1.5658026933670044,1.0,0.0,1.0,1.0,0.0
0.5102040816326531,3.36734693877551,-1.5996983051300049,1.0,0.0,1.0,1.0,0.0
0.5102040816326531,3.4693877551020407,-1.63261079788208,1.0,0.0,1.0,1.0,0.0
0.5102040816326531,3.5714285714285716,-1.6646430492401123,1.0,0.0,1.0,1.0,0.0
0.5102040816326531,3.673469387755102,-1.6959083080291748,1.0,0.0,1.0,1.0,0.0
0.5102040816326531,3.7755102040816326,-1.7265363931655884,1.0,0.0,1.0,1.0,0.0
0.5102040816326531,3.8775510204081636,-1.7566699981689453,1.0,0.0,1.0,1.0,0.0
0.5102040816326531,3.979591836734694,-1.7864627838134766,1.0,0.0,1.0,1.0,0.0
0.5102040816326531,4.081632653061225,-1.8160706758499146,1.0,0.0,1.0,1.0,0.0
0.5102040816326531,4.183673469387755,-1.8456447124481201,1.0,0.0,1.0,1.0,0.0
0.5102040816326531,4.285714285714286,-1.8753223419189453,1.0,0.0,1.0,1.0,0.0
0.5102040816326531,4.387755102040816,-1.9052190780639648,1.0,0.0,1.0,1.0,0.0
0.5102040816326531,4.4897959183673475,-1.9354231357574463,1.0,0.0,1.0,1.0,0.0
0.5102040816326531,4.591836734693878,-1.9659924507141113,1.0,0.0,1.0,1.0,0.0
0.5102040816326531,4.6938775510204085,-1.9969539642333984,1.0,0.0,1.0,1.0,0.0
0.5102040816326531,4.795918367346939,-2.0283048152923584,1.0,0.0,1.0,1.0,0.0
0.5102040816326531,4.8979591836734695,-2.060016632080078,1.0,0.0,1.0,1.0,0.0
0.5102040816326531,5.0,-2.0920400619506836,1.0,0.0,1.0,1.0,0.0
0.6122448979591837,0.0,-1.0483522415161133,1.0,0.05625085,1.0,1.0,0.0
0.6122448979591837,0.10204081632653061,-0.9752697944641113,1.0,0.050806366,1.0,1.0,0.0
0.6122448979591837,0.20408163265306123,-0.9044326543807983,1.0,0.045116756,1.0,1.0,0.0
0.6122448979591837,0.30612244897959184,-0.837386965751648,1.0,0.039254066,1.0,1.0,0.0
0.6122448979591837,0.40816326530612246,-0.7755037546157837,1.0,0.033280704,1.0,1.0,0.0
0.6122448979591837,0.5102040816326531,-0.7200345993041992,1.0,0.027266676,1.0,1.0,0.0
0.6122448979591837,0.6122448979591837,-0.6721522212028503,1.0,0.02130018,1.0,1.0,0.0
0.6122448979591837,0.7142857142857143,-0.6329706907272339,1.0,0.015484572,1.0,1.0,0.0
0.6122448979591837,0.8163265306122449,-0.6035599112510681,1.0,0.009923191,1.0,1.0,0.0
0.6122448979591837,0.9183673469387755,-0.584958016872406,1.0,0.0047013154,1.0,1.0,0.0
0.6122448979591837,1.0204081632653061,-0.5781745910644531,1.0,0.0,1.0,1.0,0.0
0.6122448979591837,1.1224489795918369,-0.5841192007064819,1.0,0.0,1.0,1.0,0.0
0.6122448979591837,1.2244897959183674,-0.6033921837806702,1.0,0.0,1.0,1.0,0.0
0.6122448979591837,1.3265306122448979,-0.635886013507843,1.0,0.0,1.0,1.0,0.0
0.6122448979591837,1.4285714285714286,-0.6803063750267029,1.0,0.0,1.0,1.0,0.0
0.6122448979591837,1.5306122448979593,-0.7339508533477783,1.0,0.0,1.0,1.0,0.0
0.6122448979591837,1.6326530612244898,-0.7931296229362488,1.0,0.0,1.0,1.0,0.0
0.6122448979591837,1.7346938775510203,-0.8541791439056396,1.0,0.0,1.0,1.0,0.0
0.6122448979591837,1.836734693877551,-0.9144387245178223,1.0,0.0,1.0,1.0,0.0
0.6122448979591837,1.9387755102040818,-0.972578227519989,1.0,0.0,1.0,1.0,0.0
0.6122448979591837,2.0408163265306123,-1.028281807899475,1.0,0.0,1.0,1.0,0.0
0.6122448979591837,2.142857142857143,-1.0817105770111084,1.0,0.0,1.0,1.0,0.0
0.6122448979591837,2.2448979591836737,-1.1331051588058472,1.0,0.0,1.0,1.0,0.0
0.6122448979591837,2.3469387755102042,-1.182619571685791,1.0,0.0,1.0,1.0,0.0
0.6122448979591837,2.4489795918367347,-1.230312466621399,1.0,0.0,1.0,1.0,0.0
0.6122448979591837,2.5510204081632653,-1.276196002960205,1.0,0.0,1.0,1.0,0.0
0.6122448979591837,2.6530612244897958,-1.3202831745147705,1.0,0.0,1.0,1.0,0.0
0.6122448979591837,2.7551020408163267,-1.362607479095459,1.0,0.0,1.0,1.0,0.0
0.6122448979591837,2.857142857142857,-1.4032310247421265,1.0,0.0,1.0,1.0,0.0
0.6122448979591837,2.9591836734693877,-1.4422369003295898,1.0,0.0,1.0,1.0,0.0
0.6122448979591837,3.0612244897959187,-1.4797260761260986,1.0,0.0,1.0,1.0,0.0
0.6122448979591837,3.163265306122449,-1.5158090591430664,1.0,0.0,1.0,1.0,0.0
0.6122448979591837,3.2653061224489797,-1.550605297088623,1.0,0.0,1.0,1.0,0.0
0.6122448979591837,3.36734693877551,-1.584240198135376,1.0,0.0,1.0,1.0,0.0
0.6122448979591837,3.4693877551020407,-1.6168477535247803,1.0,0.0,1.0,1.0,0.0
0.6122448979591837,3.5714285714285716,-1.6485705375671387,1.0,0.0,1.0,1.0,0.0
0.6122448979591837,3.673469387755102,-1.6795623302459717,1.0,0.0,1.0,1.0,0.0
0.6122448979591837,3.7755102040816326,-1.7099874019622803,1.0,0.0,1.0,1.0,0.0
0.6122448979591837,3.8775510204081636,-1.740017056465149,1.0,0.0,1.0,1.0,0.0
0.6122448979591837,3.979591836734694,-1.7698249816894531,1.0,0.0,1.0,1.0,0.0
0.6122448979591837,4.081632653061225,-1.7995784282684326,1.0,0.0,1.0,1.0,0.0
0.6122448979591837,4.183673469387755,-1.8294323682785034,1.0,0.0,1.0,1.0,0.0
0.6122448979591837,4.285714285714286,-1.8595192432403564,1.0,0.0,1.0,1.0,0.0
0.6122448979591837,4.387755102040816,-1.889944076538086,1.0,0.0,1.0,1.0,0.0
0.6122448979591837,4.4897959183673475,-1.9207801818847656,1.0,0.0,1.0,1.0,0.0
0.6122448979591837,4.591836734693878,-1.9520671367645264,1.0,0.0,1.0,1.0,0.0
0.6122448979591837,4.6938775510204085,-1.9838132858276367,1.0,0.0,1.0,1.0,0.0
0.6122448979591837,4.795918367346939,-2.015996217727661,1.0,0.0,1.0,1.0,0.0
0.6122448979591837,4.8979591836734695,-2.048569917678833,1.0,0.0,1.0,1.0,0.0
0.6122448979591837,5.0,-2.0814695358276367,1.0,0.0,1.0,1.0,0.0
0.7142857142857143,0.0,-1.0396356582641602,1.0,0.059696663,1.0,1.0,0.0
0.7142857142857143,0.10204081632653061,-0.9656172394752502,1.0,0.05437698,1.0,1.0,0.0
0.7142857142857143,0.20408163265306123,-0.8934206366539001,1.0,0.048779976,1.0,1.0,0.0
0.7142857142857143,0.30612244897959184,-0.8247210383415222,1.0,0.042978626,1.0,1.0,0.0
0.7142857142857143,0.40816326530612246,-0.7609921097755432,1.0,0.03703311,1.0,1.0,0.0
0.7142857142857143,0.5102040816326531,-0.7035640478134155,1.0,0.031009687,1.0,1.0,0.0
0.7142857142857143,0.6122448979591837,-0.6536751389503479,1.0,0.024994105,1.0,1.0,0.0
0.7142857142857143,0.7142857142857143,-0.6125028133392334,1.0,0.019091547,1.0,1.0,0.0
0.7142857142857143,0.8163265306122449,-0.5811793804168701,1.0,0.013412359,1.0,1.0,0.0
0.7142857142857143,0.9183673469387755,-0.5608036518096924,1.0,0.0080523,1.0,1.0,0.0
0.7142857142857143,1.0204081632653061,-0.552436351776123,1.0,0.0030773254,1.0,1.0,0.0
0.7142857142857143,1.1224489795918369,-0.5570359826087952,1.0,0.0,1.0,1.0,0.0
0.7142857142857143,1.2244897959183674,-0.5752532482147217,1.0,0.0,1.0,1.0,0.0
0.7142857142857143,1.3265306122448979,-0.6070468425750732,1.0,0.0,1.0,1.0,0.0
0.7142857142857143,1.4285714285714286,-0.651195228099823,1.0,0.0,1.0,1.0,0.0
0.7142857142857143,1.5306122448979593,-0.7050453424453735,1.0,0.0,1.0,1.0,0.0
0.7142857142857143,1.6326530612244898,-0.7648890018463135,1.0,0.0,1.0,1.0,0.0
0.7142857142857143,1.7346938775510203,-0.8269650936126709,1.0,0.0,1.0,1.0,0.0
0.7142857142857143,1.836734693877551,-0.8884722590446472,1.0,0.0,1.0,1.0,0.0
0.7142857142857143,1.9387755102040818,-0.9479517936706543,1.0,0.0,1.0,1.0,0.0
0.7142857142857143,2.0408163265306123,-1.0049993991851807,1.0,0.0,1.0,1.0,0.0
0.7142857142857143,2.142857142857143,-1.0597243309020996,1.0,0.0,1.0,1.0,0.0
0.7142857142857143,2.2448979591836737,-1.1123404502868652,1.0,0.0,1.0,1.0,0.0
0.7142857142857143,2.3469387755102042,-1.1629838943481445,1.0,0.0,1.0,1.0,0.0
0.7142857142857143,2.4489795918367347,-1.2116999626159668,1.0,0.0,1.0,1.0,0.0
0.7142857142857143,2.5510204081632653,-1.2584853172302246,1.0,0.0,1.0,1.0,0.0
0.7142857142857143,2.6530612244897958,-1.3033355474472046,1.0,0.0,1.0,1.0,0.0
0.7142857142857143,2.7551020408163267,-1.346268892288208,1.0,0.0,1.0,1.0,0.0
0.7142857142857143,2.857142857142857,-1.387335181236267,1.0,0.0,1.0,1.0,0.0
0.7142857142857143,2.9591836734693877,-1.4266133308410645,1.0,0.0,1.0,1.0,0.0
0.7142857142857143,3.0612244897959187,-1.464209794998169,1.0,0.0,1.0,1.0,0.0
0.7142857142857143,3.163265306122449,-1.500252604484558,1.0,0.0,1.0,1.0,0.0
0.7142857142857143,3.2653061224489797,-1.534888505935669,1.0,0.0,1.0,1.0,0.0
0.7142857142857143,3.36734693877551,-1.5682793855667114,1.0,0.0,1.0,1.0,0.0
0.7142857142857143,3.4693877551020407,-1.6005992889404297,1.0,0.0,1.0,1.0,0.0
0.7142857142857143,3.5714285714285716,-1.6320345401763916,1.0,0.0,1.0,1.0,0.0
0.7142857142857143,3.673469387755102,-1.662779450416565,1.0,0.0,1.0,1.0,0.0
0.7142857142857143,3.7755102040816326,-1.693033218383789,1.0,0.0,1.0,1.0,0.0
0.7142857142857143,3.8775510204081636,-1.7229959964752197,1.0,0.0,1.0,1.0,0.0
0.7142857142857143,3.979591836734694,-1.7528600692749023,1.0,0.0,1.0,1.0,0.0
0.7142857142857143,4.081632653061225,-1.7828037738800049,1.0,0.0,1.0,1.0,0.0
0.7142857142857143,4.183673469387755,-1.8129823207855225,1.0,0.0,1.0,1.0,0.0
0.7142857142857143,4.285714285714286,-1.843522071838379,1.0,0.0,1.0,1.0,0.0
0.7142857142857143,4.387755102040816,-1.8745160102844238,1.0,0.0,1.0,1.0,0.0
0.7142857142857143,4.4897959183673475,-1.9060204029083252,1.0,0.0,1.0,1.0,0.0
0.7142857142857143,4.591836734693878,-1.938056468963623,1.0,0.0,1.0,1.0,0.0
0.7142857142857143,4.6938775510204085,-1.970612645149231,1.0,0.0,1.0,1.0,0.0
0.7142857142857143,4.795918367346939,-2.003648042678833,1.0,0.0,1.0,1.0,0.0
0.7142857142857143,4.8979591836734695,-2.0370988845825195,1.0,0.0,1.0,1.0,0.0
0.7142857142857143,5.0,-2.0708844661712646,1.0,0.0,1.0,1.0,0.0
0.8163265306122449,0.0,-1.0306731462478638,1.0,0.06312338,1.0,1.0,0.0
0.8163265306122449,0.10204081632653061,-0.9559349417686462,1.0,0.05793922,1.0,1.0,0.0
0.8163265306122449,0.20408163265306123,-0.8825398087501526,1.0,0.052445788,1.0,1.0,0.0
0.8163265306122449,0.30612244897959184,-0.8123037815093994,1.0,0.046717357,1.0,1.0,0.0
0.8163265306122449,0.40816326530612246,-0.7468162775039673,1.0,0.040812485,1.0,1.0,0.0
0.8163265306122449,0.5102040816326531,-0.6874949932098389,1.0,0.034793414,1.0,1.0,0.0
0.8163265306122449,0.6122448979591837,-0.635646402835846,1.0,0.02874227,1.0,1.0,0.0
0.8163265306122449,0.7142857142857143,-0.5925101041793823,1.0,0.022764355,1.0,1.0,0.0
0.8163265306122449,0.8163265306122449,-0.559278130531311,1.0,0.01697572,1.0,1.0,0.0
0.8163265306122449,0.9183673469387755,-0.5371085405349731,1.0,0.011482167,1.0,1.0,0.0
0.8163265306122449,1.0204081632653061,-0.5271167159080505,1.0,0.006360893,1.0,1.0,0.0
0.8163265306122449,1.1224489795918369,-0.5303102135658264,1.0,0.0016533518,1.0,1.0,0.0
0.8163265306122449,1.2244897959183674,-0.547396183013916,1.0,0.0,1.0,1.0,0.0
0.8163265306122449,1.3265306122448979,-0.5783995389938354,1.0,0.0,1.0,1.0,0.0
0.8163265306122449,1.4285714285714286,-0.6221780776977539,1.0,0.0,1.0,1.0,0.0
0.8163265306122449,1.5306122448979593,-0.6761355400085449,1.0,0.0,1.0,1.0,0.0
0.8163265306122449,1.6326530612244898,-0.7365534901618958,1.0,0.0,1.0,1.0,0.0
0.8163265306122449,1.7346938775510203,-0.7995768189430237,1.0,0.0,1.0,1.0,0.0
0.8163265306122449,1.836734693877551,-0.8622630834579468,1.0,0.0,1.0,1.0,0.0
0.8163265306122449,1.9387755102040818,-0.9230214357376099,1.0,0.0,1.0,1.0,0.0
0.8163265306122449,2.0408163265306123,-0.9813541173934937,1.0,0.0,1.0,1.0,0.0
0.8163265306122449,2.142857142857143,-1.0373190641403198,1.0,0.0,1.0,1.0,0.0
0.8163265306122449,2.2448979591836737,-1.0911030769348145,1.0,0.0,1.0,1.0,0.0
0.8163265306122449,2.3469387755102042,-1.1428287029266357,1.0,0.0,1.0,1.0,0.0
0.8163265306122449,2.4489795918367347,-1.1925288438796997,1.0,0.0,1.0,1.0,0.0
0.8163265306122449,2.5510204081632653,-1.2401870489120483,1.0,0.0,1.0,1.0,0.0
0.8163265306122449,2.6530612244897958,-1.2857829332351685,1.0,0.0,1.0,1.0,0.0
0.8163265306122449,2.7551020408163267,-1.3293184041976929,1.0,0.0,1.0,1.0,0.0
0.8163265306122449,2.857142857142857,-1.3708299398422241,1.0,0.0,1.0,1.0,0.0
0.8163265306122449,2.9591836734693877,-1.4103901386260986,1.0,0.0,1.0,1.0,0.0
0.8163265306122449,3.0612244897959187,-1.4481090307235718,1.0,0.0,1.0,1.0,0.0
0.8163265306122449,3.163265306122449,-1.484130620956421,1.0,0.0,1.0,1.0,0.0
0.8163265306122449,3.2653061224489797,-1.518627405166626,1.0,0.0,1.0,1.0,0.0
0.8163265306122449,3.36734693877551,-1.5517973899841309,1.0,0.0,1.0,1.0,0.0
0.8163265306122449,3.4693877551020407,-1.5838568210601807,1.0,0.0,1.0,1.0,0.0
0.8163265306122449,3.5714285714285716,-1.615034580230713,1.0,0.0,1.0,1.0,0.0
0.8163265306122449,3.673469387755102,-1.645566463470459,1.0,0.0,1.0,1.0,0.0
0.8163265306122449,3.7755102040816326,-1.6756880283355713,1.0,0.0,1.0,1.0,0.0
0.8163265306122449,3.8775510204081636,-1.7056262493133545,1.0,0.0,1.0,1.0,0.0
0.8163265306122449,3.979591836734694,-1.7355918884277344,1.0,0.0,1.0,1.0,0.0
0.8163265306122449,4.081632653061225,-1.7657716274261475,1.0,0.0,1.0,1.0,0.0
0.8163265306122449,4.183673469387755,-1.7963199615478516,1.0,0.0,1.0,1.0,0.0
0.8163265306122449,4.285714285714286,-1.8273555040359497,1.0,0.0,1.0,1.0,0.0
0.8163265306122449,4.387755102040816,-1.858957290649414,1.0,0.0,1.0,1.0,0.0
0.8163265306122449,4.4897959183673475,-1.8911640644073486,1.0,0.0,1.0,1.0,0.0
0.8163265306122449,4.591836734693878,-1.9239776134490967,1.0,0.0,1.0,1.0,0.0
0.8163265306122449,4.6938775510204085,-1.957365870475769,1.0,0.0,1.0,1.0,0.0
0.8163265306122449,4.795918367346939,-1.9912705421447754,1.0,0.0,1.0,1.0,0.0
0.8163265306122449,4.8979591836734695,-2.0256099700927734,1.0,0.0,1.0,1.0,0.0
0.8163265306122449,5.0,-2.060288906097412,1.0,0.0,1.0,1.0,0.0
0.9183673469387755,0.0,-1.021347165107727,1.0,0.066528276,1.0,1.0,0.0
0.9183673469387755,0.10204081632653061,-0.9461376070976257,1.0,0.06149028,1.0,1.0,0.0
0.9183673469387755,0.20408163265306123,-0.8717319369316101,1.0,0.056111056,1.0,1.0,0.0
0.9183673469387755,0.30612244897959184,-0.8000963926315308,1.0,0.050466765,1.0,1.0,0.0
0.9183673469387755,0.40816326530612246,-0.73294997215271,1.0,0.044614907,1.0,1.0,0.0
0.9183673469387755,0.5102040816326531,-0.6718093752861023,1.0,0.038613714,1.0,1.0,0.0
0.9183673469387755,0.6122448979591837,-0.618056058883667,1.0,0.032540757,1.0,1.0,0.0
0.9183673469387755,0.7142857142857143,-0.5729902982711792,1.0,0.026499877,1.0,1.0,0.0
0.9183673469387755,0.8163265306122449,-0.5378625392913818,1.0,0.020611245,1.0,1.0,0.0
0.9183673469387755,0.9183673469387755,-0.5138874053955078,1.0,0.014989882,1.0,1.0,0.0
0.9183673469387755,1.0204081632653061,-0.5022348761558533,1.0,0.009724681,1.0,1.0,0.0
0.9183673469387755,1.1224489795918369,-0.5039659738540649,1.0,0.0048676366,1.0,1.0,0.0
0.9183673469387755,1.2244897959183674,-0.5198442935943604,1.0,0.00043515762,1.0,1.0,0.0
0.9183673469387755,1.3265306122448979,-0.5499680042266846,1.0,0.0,1.0,1.0,0.0
0.9183673469387755,1.4285714285714286,-0.5932769775390625,1.0,0.0,1.0,1.0,0.0
0.9183673469387755,1.5306122448979593,-0.6472398042678833,1.0,0.0,1.0,1.0,0.0
0.9183673469387755,1.6326530612244898,-0.7081365585327148,1.0,0.0,1.0,1.0,0.0
0.9183673469387755,1.7346938775510203,-0.7720241546630859,1.0,0.0,1.0,1.0,0.0
0.9183673469387755,1.836734693877551,-0.8358185291290283,1.0,0.0,1.0,1.0,0.0
0.9183673469387755,1.9387755102040818,-0.8977910876274109,1.0,0.0,1.0,1.0,0.0
0.9183673469387755,2.0408163265306123,-0.9573478102684021,1.0,0.0,1.0,1.0,0.0
0.9183673469387755,2.142857142857143,-1.0144922733306885,1.0,0.0,1.0,1.0,0.0
0.9183673469387755,2.2448979591836737,-1.0693864822387695,1.0,0.0,1.0,1.0,0.0
0.9183673469387755,2.3469387755102042,-1.1221413612365723,1.0,0.0,1.0,1.0,0.0
0.9183673469387755,2.4489795918367347,-1.1727806329727173,1.0,0.0,1.0,1.0,0.0
0.9183673469387755,2.5510204081632653,-1.2212767601013184,1.0,0.0,1.0,1.0,0.0
0.9183673469387755,2.6530612244897958,-1.2675950527191162,1.0,0.0,1.0,1.0,0.0
0.9183673469387755,2.7551020408163267,-1.3117212057113647,1.0,0.0,1.0,1.0,0.0
0.9183673469387755,2.857142857142857,-1.35367751121521,1.0,0.0,1.0,1.0,0.0
0.9183673469387755,2.9591836734693877,-1.3935291767120361,1.0,0.0,1.0,1.0,0.0
0.9183673469387755,3.0612244897959187,-1.4313876628875732,1.0,0.0,1.0,1.0,0.0
0.9183673469387755,3.163265306122449,-1.4674110412597656,1.0,0.0,1.0,1.0,0.0
0.9183673469387755,3.2653061224489797,-1.5017966032028198,1.0,0.0,1.0,1.0,0.0
0.9183673469387755,3.36734693877551,-1.5347776412963867,1.0,0.0,1.0,1.0,0.0
0.9183673469387755,3.4693877551020407,-1.5666112899780273,1.0,0.0,1.0,1.0,0.0
0.9183673469387755,3.5714285714285716,-1.5975706577301025,1.0,0.0,1.0,1.0,0.0
0.9183673469387755,3.673469387755102,-1.6279321908950806,1.0,0.0,1.0,1.0,0.0
0.9183673469387755,3.7755102040816326,-1.6579667329788208,1.0,0.0,1.0,1.0,0.0
0.9183673469387755,3.8775510204081636,-1.6879281997680664,1.0,0.0,1.0,1.0,0.0
0.9183673469387755,3.979591836734694,-1.7180438041687012,1.0,0.0,1.0,1.0,0.0
0.9183673469387755,4.081632653061225,-1.7485078573226929,1.0,0.0,1.0,1.0,0.0
0.9183673469387755,4.183673469387755,-1.7794721126556396,1.0,0.0,1.0,1.0,0.0
0.9183673469387755,4.285714285714286,-1.8110449314117432,1.0,0.0,1.0,1.0,0.0
0.9183673469387755,4.387755102040816,-1.8432910442352295,1.0,0.0,1.0,1.0,0.0
0.9183673469387755,4.4897959183673475,-1.8762307167053223,1.0,0.0,1.0,1.0,0.0
0.9183673469387755,4.591836734693878,-1.9098455905914307,1.0,0.0,1.0,1.0,0.0
0.9183673469387755,4.6938775510204085,-1.9440854787826538,1.0,0.0,1.0,1.0,0.0
0.9183673469387755,4.795918367346939,-1.978872299194336,1.0,0.0,1.0,1.0,0.0
0.9183673469387755,4.8979591836734695,-2.0141093730926514,1.0,0.0,1.0,1.0,0.0
0.9183673469387755,5.0,-2.0496864318847656,1.0,0.0,1.0,1.0,0.0
1.0204081632653061,0.0,-1.0115233659744263,1.0,0.069908746,1.0,1.0,0.0
1.0204081632653061,0.10204081632653061,-0.9361222982406616,1.0,0.06502735,1.0,1.0,0.0
1.0204081632653061,0.20408163265306123,-0.8609239459037781,1.0,0.059772722,1.0,1.0,0.0
1.0204081632653061,0.30612244897959184,-0.788049042224884,1.0,0.054223392,1.0,1.0,0.0
1.0204081632653061,0.40816326530612246,-0.7193590998649597,1.0,0.048436455,1.0,1.0,0.0
1.0204081632653061,0.5102040816326531,-0.656484067440033,1.0,0.042466387,1.0,1.0,0.0
1.0204081632653061,0.6122448979591837,-0.6008886098861694,1.0,0.03638551,1.0,1.0,0.0
1.0204081632653061,0.7142857142857143,-0.5539360046386719,1.0,0.030294683,1.0,1.0,0.0
1.0204081632653061,0.8163265306122449,-0.5169329047203064,1.0,0.024316497,1.0,1.0,0.0
1.0204081632653061,0.9183673469387755,-0.4911479651927948,1.0,0.0185742,1.0,1.0,0.0
1.0204081632653061,1.0204081632653061,-0.47780582308769226,1.0,0.013168271,1.0,1.0,0.0
1.0204081632653061,1.1224489795918369,-0.4780218303203583,1.0,0.008162188,1.0,1.0,0.0
1.0204081632653061,1.2244897959183674,-0.49261972308158875,1.0,0.0035811076,1.0,1.0,0.0
1.0204081632653061,1.3265306122448979,-0.5217729210853577,1.0,0.0,1.0,1.0,0.0
1.0204081632653061,1.4285714285714286,-0.5645104646682739,1.0,0.0,1.0,1.0,0.0
1.0204081632653061,1.5306122448979593,-0.6183730363845825,1.0,0.0,1.0,1.0,0.0
1.0204081632653061,1.6326530612244898,-0.679650068283081,1.0,0.0,1.0,1.0,0.0
1.0204081632653061,1.7346938775510203,-0.7443150281906128,1.0,0.0,1.0,1.0,0.0
1.0204081632653061,1.836734693877551,-0.8091427087783813,1.0,0.0,1.0,1.0,0.0
1.0204081632653061,1.9387755102040818,-0.8722624182701111,1.0,0.0,1.0,1.0,0.0
1.0204081632653061,2.0408163265306123,-0.932979166507721,1.0,0.0,1.0,1.0,0.0
1.0204081632653061,2.142857142857143,-0.9912405014038086,1.0,0.0,1.0,1.0,0.0
1.0204081632653061,2.2448979591836737,-1.0471842288970947,1.0,0.0,1.0,1.0,0.0
1.0204081632653061,2.3469387755102042,-1.1009109020233154,1.0,0.0,1.0,1.0,0.0
1.0204081632653061,2.4489795918367347,-1.152438759803772,1.0,0.0,1.0,1.0,0.0
1.0204081632653061,2.5510204081632653,-1.2017320394515991,1.0,0.0,1.0,1.0,0.0
1.0204081632653061,2.6530612244897958,-1.2487437725067139,1.0,0.0,1.0,1.0,0.0
1.0204081632653061,2.7551020408163267,-1.2934443950653076,1.0,0.0,1.0,1.0,0.0
1.0204081632653061,2.857142857142857,-1.3358421325683594,1.0,0.0,1.0,1.0,0.0
1.0204081632653061,2.9591836734693877,-1.3759936094284058,1.0,0.0,1.0,1.0,0.0
1.0204081632653061,3.0612244897959187,-1.4140105247497559,1.0,0.0,1.0,1.0,0.0
1.0204081632653061,3.163265306122449,-1.4500625133514404,1.0,0.0,1.0,1.0,0.0
1.0204081632653061,3.2653061224489797,-1.4843714237213135,1.0,0.0,1.0,1.0,0.0
1.0204081632653061,3.36734693877551,-1.5172028541564941,1.0,0.0,1.0,1.0,0.0
1.0204081632653061,3.4693877551020407,-1.5488553047180176,1.0,0.0,1.0,1.0,0.0
1.0204081632653061,3.5714285714285716,-1.579643726348877,1.0,0.0,1.0,1.0,0.0
1.0204081632653061,3.673469387755102,-1.6098854541778564,1.0,0.0,1.0,1.0,0.0
1.0204081632653061,3.7755102040816326,-1.6398851871490479,1.0,0.0,1.0,1.0,0.0
1.0204081632653061,3.8775510204081636,-1.6699228286743164,1.0,0.0,1.0,1.0,0.0
1.0204081632653061,3.979591836734694,-1.7002410888671875,1.0,0.0,1.0,1.0,0.0
1.0204081632653061,4.081632653061225,-1.7310380935668945,1.0,0.0,1.0,1.0,0.0
1.0204081632653061,4.183673469387755,-1.7624629735946655,1.0,0.0,1.0,1.0,0.0
1.0204081632653061,4.285714285714286,-1.7946135997772217,1.0,0.0,1.0,1.0,0.0
1.0204081632653061,4.387755102040816,-1.827538013458252,1.0,0.0,1.0,1.0,0.0
1.0204081632653061,4.4897959183673475,-1.8612380027770996,1.0,0.0,1.0,1.0,0.0
1.0204081632653061,4.591836734693878,-1.8956761360168457,1.0,0.0,1.0,1.0,0.0
1.0204081632653061,4.6938775510204085,-1.930782437324524,1.0,0.0,1.0,1.0,0.0
1.0204081632653061,4.795918367346939,-1.9664617776870728,1.0,0.0,1.0,1.0,0.0
1.0204081632653061,4.8979591836734695,-2.002601385116577,1.0,0.0,1.0,1.0,0.0
1.0204081632653061,5.0,-2.0390777587890625,1.0,0.0,1.0,1.0,0.0
1.1224489795918369,0.0,-1.0010461807250977,1.0,0.07326225,1.0,1.0,0.0
1.1224489795918369,0.10204081632653061,-0.9257669448852539,1.0,0.06854772,1.0,1.0,0.0
1.1224489795918369,0.20408163265306123,-0.8500267267227173,1.0,0.06342791,1.0,1.0,0.0
1.1224489795918369,0.30612244897959184,-0.776099443435669,1.0,0.057984035,1.0,1.0,0.0
1.1224489795918369,0.40816326530612246,-0.7060012221336365,1.0,0.05227346,1.0,1.0,0.0
1.1224489795918369,0.5102040816326531,-0.6414897441864014,1.0,0.04634728,1.0,1.0,0.0
1.1224489795918369,0.6122448979591837,-0.5841230154037476,1.0,0.04027233,1.0,1.0,0.0
1.1224489795918369,0.7142857142857143,-0.535333514213562,1.0,0.034145106,1.0,1.0,0.0
1.1224489795918369,0.8163265306122449,-0.4964824616909027,1.0,0.028088776,1.0,1.0,0.0
1.1224489795918369,0.9183673469387755,-0.46889182925224304,1.0,0.022233494,1.0,1.0,0.0
1.1224489795918369,1.0204081632653061,-0.4538379907608032,1.0,0.016691072,1.0,1.0,0.0
1.1224489795918369,1.1224489795918369,-0.4524913430213928,1.0,0.011537054,1.0,1.0,0.0
1.1224489795918369,1.2244897959183674,-0.4657391607761383,1.0,0.0068065403,1.0,1.0,0.0
1.1224489795918369,1.3265306122448979,-0.49383243918418884,1.0,0.002500913,1.0,1.0,0.0
1.1224489795918369,1.4285714285714286,-0.535895049571991,1.0,0.0,1.0,1.0,0.0
1.1224489795918369,1.5306122448979593,-0.5895493030548096,1.0,0.0,1.0,1.0,0.0
1.1224489795918369,1.6326530612244898,-0.6511024236679077,1.0,0.0,1.0,1.0,0.0
1.1224489795918369,1.7346938775510203,-0.7164546251296997,1.0,0.0,1.0,1.0,0.0
1.1224489795918369,1.836734693877551,-0.7822375297546387,1.0,0.0,1.0,1.0,0.0
1.1224489795918369,1.9387755102040818,-0.8464354276657104,1.0,0.0,1.0,1.0,0.0
1.1224489795918369,2.0408163265306123,-0.9082464575767517,1.0,0.0,1.0,1.0,0.0
1.1224489795918369,2.142857142857143,-0.9675597548484802,1.0,0.0,1.0,1.0,0.0
1.1224489795918369,2.2448979591836737,-1.0244884490966797,1.0,0.0,1.0,1.0,0.0
1.1224489795918369,2.3469387755102042,-1.0791261196136475,1.0,0.0,1.0,1.0,0.0
1.1224489795918369,2.4489795918367347,-1.1314873695373535,1.0,0.0,1.0,1.0,0.0
1.1224489795918369,2.5510204081632653,-1.1815320253372192,1.0,0.0,1.0,1.0,0.0
1.1224489795918369,2.6530612244897958,-1.2292025089263916,1.0,0.0,1.0,1.0,0.0
1.1224489795918369,2.7551020408163267,-1.27445650100708,1.0,0.0,1.0,1.0,0.0
1.1224489795918369,2.857142857142857,-1.317289113998413,1.0,0.0,1.0,1.0,0.0
1.1224489795918369,2.9591836734693877,-1.3577474355697632,1.0,0.0,1.0,1.0,0.0
1.1224489795918369,3.0612244897959187,-1.3959431648254395,1.0,0.0,1.0,1.0,0.0
1.1224489795918369,3.163265306122449,-1.4320555925369263,1.0,0.0,1.0,1.0,0.0
1.1224489795918369,3.2653061224489797,-1.4663275480270386,1.0,0.0,1.0,1.0,0.0
1.1224489795918369,3.36734693877551,-1.4990572929382324,1.0,0.0,1.0,1.0,0.0
1.1224489795918369,3.4693877551020407,-1.5305812358856201,1.0,0.0,1.0,1.0,0.0
1.1224489795918369,3.5714285714285716,-1.5612554550170898,1.0,0.0,1.0,1.0,0.0
1.1224489795918369,3.673469387755102,-1.5914360284805298,1.0,0.0,1.0,1.0,0.0
1.1224489795918369,3.7755102040816326,-1.6214605569839478,1.0,0.0,1.0,1.0,0.0
1.1224489795918369,3.8775510204081636,-1.6516320705413818,1.0,0.0,1.0,1.0,0.0
1.1224489795918369,3.979591836734694,-1.6822071075439453,1.0,0.0,1.0,1.0,0.0
1.1224489795918369,4.081632653061225,-1.7133879661560059,1.0,0.0,1.0,1.0,0.0
1.1224489795918369,4.183673469387755,-1.7453182935714722,1.0,0.0,1.0,1.0,0.0
1.1224489795918369,4.285714285714286,-1.7780842781066895,1.0,0.0,1.0,1.0,0.0
1.1224489795918369,4.387755102040816,-1.8117178678512573,1.0,0.0,1.0,1.0,0.0
1.1224489795918369,4.4897959183673475,-1.8462023735046387,1.0,0.0,1.0,1.0,0.0
1.1224489795918369,4.591836734693878,-1.8814812898635864,1.0,0.0,1.0,1.0,0.0
1.1224489795918369,4.6938775510204085,-1.9174659252166748,1.0,0.0,1.0,1.0,0.0
1.1224489795918369,4.795918367346939,-1.9540441036224365,1.0,0.0,1.0,1.0,0.0
1.1224489795918369,4.8979591836734695,-1.991088628768921,1.0,0.0,1.0,1.0,0.0
1.1224489795918369,5.0,-2.0284643173217773,1.0,0.0,1.0,1.0,0.0
1.2244897959183674,0.0,-0.989742636680603,1.0,0.07658633,1.0,1.0,0.0
1.2244897959183674,0.10204081632653061,-0.9149284362792969,1.0,0.07204879,1.0,1.0,0.0
1.2244897959183674,0.20408163265306123,-0.8389314413070679,1.0,0.06707382,1.0,1.0,0.0
1.2244897959183674,0.30612244897959184,-0.7641702890396118,1.0,0.061745558,1.0,1.0,0.0
1.2244897959183674,0.40816326530612246,-0.6928222179412842,1.0,0.05612228,1.0,1.0,0.0
1.2244897959183674,0.5102040816326531,-0.6267873048782349,1.0,0.050252356,1.0,1.0,0.0
1.2244897959183674,0.6122448979591837,-0.5677311420440674,1.0,0.04419696,1.0,1.0,0.0
1.2244897959183674,0.7142857142857143,-0.5171622037887573,1.0,0.038047194,1.0,1.0,0.0
1.2244897959183674,0.8163265306122449,-0.4764994978904724,1.0,0.031924993,1.0,1.0,0.0
1.2244897959183674,0.9183673469387755,-0.4471144676208496,1.0,0.025965799,1.0,1.0,0.0
1.2244897959183674,1.0204081632653061,-0.4303343594074249,1.0,0.02029211,1.0,1.0,0.0
1.2244897959183674,1.1224489795918369,-0.42738425731658936,1.0,0.014992106,1.0,1.0,0.0
1.2244897959183674,1.2244897959183674,-0.4392150640487671,1.0,0.010111715,1.0,1.0,0.0
1.2244897959183674,1.3265306122448979,-0.46616077423095703,1.0,0.005659866,1.0,1.0,0.0
1.2244897959183674,1.4285714285714286,-0.5074443221092224,1.0,0.0016196491,1.0,1.0,0.0
1.2244897959183674,1.5306122448979593,-0.5607783198356628,1.0,0.0,1.0,1.0,0.0
1.2244897959183674,1.6326530612244898,-0.6225007772445679,1.0,0.0,1.0,1.0,0.0
1.2244897959183674,1.7346938775510203,-0.6884450912475586,1.0,0.0,1.0,1.0,0.0
1.2244897959183674,1.836734693877551,-0.7551032900810242,1.0,0.0,1.0,1.0,0.0
1.2244897959183674,1.9387755102040818,-0.8203077912330627,1.0,0.0,1.0,1.0,0.0
1.2244897959183674,2.0408163265306123,-0.8831455111503601,1.0,0.0,1.0,1.0,0.0
1.2244897959183674,2.142857142857143,-0.9434439539909363,1.0,0.0,1.0,1.0,0.0
1.2244897959183674,2.2448979591836737,-1.0012917518615723,1.0,0.0,1.0,1.0,0.0
1.2244897959183674,2.3469387755102042,-1.056775689125061,1.0,0.0,1.0,1.0,0.0
1.2244897959183674,2.4489795918367347,-1.109911561012268,1.0,0.0,1.0,1.0,0.0
1.2244897959183674,2.5510204081632653,-1.160656452178955,1.0,0.0,1.0,1.0,0.0
1.2244897959183674,2.6530612244897958,-1.208946704864502,1.0,0.0,1.0,1.0,0.0
1.2244897959183674,2.7551020408163267,-1.2547287940979004,1.0,0.0,1.0,1.0,0.0
1.2244897959183674,2.857142857142857,-1.2979861497879028,1.0,0.0,1.0,1.0,0.0
1.2244897959183674,2.9591836734693877,-1.3387577533721924,1.0,0.0,1.0,1.0,0.0
1.2244897959183674,3.0612244897959187,-1.3771531581878662,1.0,0.0,1.0,1.0,0.0
1.2244897959183674,3.163265306122449,-1.413360595703125,1.0,0.0,1.0,1.0,0.0
1.2244897959183674,3.2653061224489797,-1.44764244556427,1.0,0.0,1.0,1.0,0.0
1.2244897959183674,3.36734693877551,-1.4803258180618286,1.0,0.0,1.0,1.0,0.0
1.2244897959183674,3.4693877551020407,-1.5117831230163574,1.0,0.0,1.0,1.0,0.0
1.2244897959183674,3.5714285714285716,-1.5424084663391113,1.0,0.0,1.0,1.0,0.0
1.2244897959183674,3.673469387755102,-1.5725942850112915,1.0,0.0,1.0,1.0,0.0
1.2244897959183674,3.7755102040816326,-1.6027088165283203,1.0,0.0,1.0,1.0,0.0
1.2244897959183674,3.8775510204081636,-1.6330766677856445,1.0,0.0,1.0,1.0,0.0
1.2244897959183674,3.979591836734694,-1.6639657020568848,1.0,0.0,1.0,1.0,0.0
1.2244897959183674,4.081632653061225,-1.6955814361572266,1.0,0.0,1.0,1.0,0.0
1.2244897959183674,4.183673469387755,-1.7280608415603638,1.0,0.0,1.0,1.0,0.0
1.2244897959183674,4.285714285714286,-1.7614781856536865,1.0,0.0,1.0,1.0,0.0
1.2244897959183674,4.387755102040816,-1.7958488464355469,1.0,0.0,1.0,1.0,0.0
1.2244897959183674,4.4897959183673475,-1.8311389684677124,1.0,0.0,1.0,1.0,0.0
1.2244897959183674,4.591836734693878,-1.8672726154327393,1.0,0.0,1.0,1.0,0.0
1.2244897959183674,4.6938775510204085,-1.9041434526443481,1.0,0.0,1.0,1.0,0.0
1.2244897959183674,4.795918367346939,-1.9416238069534302,1.0,0.0,1.0,1.0,0.0
1.2244897959183674,4.8979591836734695,-1.9795730113983154,1.0,0.0,1.0,1.0,0.0
1.2244897959183674,5.0,-2.017843723297119,1.0,0.0,1.0,1.0,0.0
1.3265306122448979,0.0,-0.9774202704429626,1.0,0.07987862,1.0,1.0,0.0
1.3265306122448979,0.10204081632653061,-0.9034423828125,1.0,0.07552799,1.0,1.0,0.0
1.3265306122448979,0.20408163265306123,-0.8275095224380493,1.0,0.07070774,1.0,1.0,0.0
1.3265306122448979,0.30612244897959184,-0.7521665096282959,1.0,0.06550497,1.0,1.0,0.0
1.3265306122448979,0.40816326530612246,-0.6797546148300171,1.0,0.059979472,1.0,1.0,0.0
1.3265306122448979,0.5102040816326531,-0.6123287081718445,1.0,0.05417768,1.0,1.0,0.0
1.3265306122448979,0.6122448979591837,-0.5516776442527771,1.0,0.048155196,1.0,1.0,0.0
1.3265306122448979,0.7142857142857143,-0.4993959367275238,1.0,0.041996855,1.0,1.0,0.0
1.3265306122448979,0.8163265306122449,-0.456964910030365,1.0,0.035821717,1.0,1.0,0.0
1.3265306122448979,0.9183673469387755,-0.42580485343933105,1.0,0.029768758,1.0,1.0,0.0
1.3265306122448979,1.0204081632653061,-0.4072916507720947,1.0,0.023970207,1.0,1.0,0.0
1.3265306122448979,1.1224489795918369,-0.40270310640335083,1.0,0.018526958,1.0,1.0,0.0
1.3265306122448979,1.2244897959183674,-0.4130561649799347,1.0,0.013496795,1.0,1.0,0.0
1.3265306122448979,1.3265306122448979,-0.4387684166431427,1.0,0.008897367,1.0,1.0,0.0
1.3265306122448979,1.4285714285714286,-0.4791680574417114,1.0,0.004716742,1.0,1.0,0.0
1.3265306122448979,1.5306122448979593,-0.5320683717727661,1.0,0.0009255325,1.0,1.0,0.0
1.3265306122448979,1.6326530612244898,-0.5938493013381958,1.0,0.0,1.0,1.0,0.0
1.3265306122448979,1.7346938775510203,-0.6602873802185059,1.0,0.0,1.0,1.0,0.0
1.3265306122448979,1.836734693877551,-0.7277366518974304,1.0,0.0,1.0,1.0,0.0
1.3265306122448979,1.9387755102040818,-0.7938746213912964,1.0,0.0,1.0,1.0,0.0
1.3265306122448979,2.0408163265306123,-0.8576706647872925,1.0,0.0,1.0,1.0,0.0
1.3265306122448979,2.142857142857143,-0.9188863039016724,1.0,0.0,1.0,1.0,0.0
1.3265306122448979,2.2448979591836737,-0.9775846004486084,1.0,0.0,1.0,1.0,0.0
1.3265306122448979,2.3469387755102042,-1.0338486433029175,1.0,0.0,1.0,1.0,0.0
1.3265306122448979,2.4489795918367347,-1.0876967906951904,1.0,0.0,1.0,1.0,0.0
1.3265306122448979,2.5510204081632653,-1.139087438583374,1.0,0.0,1.0,1.0,0.0
1.3265306122448979,2.6530612244897958,-1.1879534721374512,1.0,0.0,1.0,1.0,0.0
1.3265306122448979,2.7551020408163267,-1.2342345714569092,1.0,0.0,1.0,1.0,0.0
1.3265306122448979,2.857142857142857,-1.2779035568237305,1.0,0.0,1.0,1.0,0.0
1.3265306122448979,2.9591836734693877,-1.3189923763275146,1.0,0.0,1.0,1.0,0.0
1.3265306122448979,3.0612244897959187,-1.3576099872589111,1.0,0.0,1.0,1.0,0.0
1.3265306122448979,3.163265306122449,-1.3939507007598877,1.0,0.0,1.0,1.0,0.0
1.3265306122448979,3.2653061224489797,-1.4282944202423096,1.0,0.0,1.0,1.0,0.0
1.3265306122448979,3.36734693877551,-1.4609941244125366,1.0,0.0,1.0,1.0,0.0
1.3265306122448979,3.4693877551020407,-1.4924547672271729,1.0,0.0,1.0,1.0,0.0
1.3265306122448979,3.5714285714285716,-1.5231049060821533,1.0,0.0,1.0,1.0,0.0
1.3265306122448979,3.673469387755102,-1.553370714187622,1.0,0.0,1.0,1.0,0.0
1.3265306122448979,3.7755102040816326,-1.583646535873413,1.0,0.0,1.0,1.0,0.0
1.3265306122448979,3.8775510204081636,-1.6142770051956177,1.0,0.0,1.0,1.0,0.0
1.3265306122448979,3.979591836734694,-1.6455403566360474,1.0,0.0,1.0,1.0,0.0
1.3265306122448979,4.081632653061225,-1.6776416301727295,1.0,0.0,1.0,1.0,0.0
1.3265306122448979,4.183673469387755,-1.7107124328613281,1.0,0.0,1.0,1.0,0.0
1.3265306122448979,4.285714285714286,-1.744814395904541,1.0,0.0,1.0,1.0,0.0
1.3265306122448979,4.387755102040816,-1.7799477577209473,1.0,0.0,1.0,1.0,0.0
1.3265306122448979,4.4897959183673475,-1.8160598278045654,1.0,0.0,1.0,1.0,0.0
1.3265306122448979,4.591836734693878,-1.8530583381652832,1.0,0.0,1.0,1.0,0.0
1.3265306122448979,4.6938775510204085,-1.8908205032348633,1.0,0.0,1.0,1.0,0.0
1.3265306122448979,4.795918367346939,-1.9292036294937134,1.0,0.0,1.0,1.0,0.0
1.3265306122448979,4.8979591836734695,-1.968053936958313,1.0,0.0,1.0,1.0,0.0
1.3265306122448979,5.0,-2.0072145462036133,1.0,0.0,1.0,1.0,0.0
1.4285714285714286,0.0,-0.9638684988021851,1.0,0.08313695,1.0,1.0,0.0
1.4285714285714286,0.10204081632653061,-0.8911222219467163,1.0,0.07898286,1.0,1.0,0.0
1.4285714285714286,0.20408163265306123,-0.8156078457832336,1.0,0.07432707,1.0,1.0,0.0
1.4285714285714286,0.30612244897959184,-0.7399719953536987,1.0,0.06925941,1.0,1.0,0.0
1.4285714285714286,0.40816326530612246,-0.6667145490646362,1.0,0.063841805,1.0,1.0,0.0
1.4285714285714286,0.5102040816326531,-0.5980536341667175,1.0,0.058119398,1.0,1.0,0.0
1.4285714285714286,0.6122448979591837,-0.5359172224998474,1.0,0.052142754,1.0,1.0,0.0
1.4285714285714286,0.7142857142857143,-0.48200032114982605,1.0,0.045989837,1.0,1.0,0.0
1.4285714285714286,0.8163265306122449,-0.4378523826599121,1.0,0.03977528,1.0,1.0,0.0
1.4285714285714286,0.9183673469387755,-0.40494489669799805,1.0,0.033639688,1.0,1.0,0.0
1.4285714285714286,1.0204081632653061,-0.3846995532512665,1.0,0.027723765,1.0,1.0,0.0
1.4285714285714286,1.1224489795918369,-0.37844568490982056,1.0,0.022140985,1.0,1.0,0.0
1.4285714285714286,1.2244897959183674,-0.3872648775577545,1.0,0.016961858,1.0,1.0,0.0
1.4285714285714286,1.3265306122448979,-0.4116617441177368,1.0,0.01221373,1.0,1.0,0.0
1.4285714285714286,1.4285714285714286,-0.4510745704174042,1.0,0.007890777,1.0,1.0,0.0
1.4285714285714286,1.5306122448979593,-0.503425657749176,1.0,0.0039665448,1.0,1.0,0.0
1.4285714285714286,1.6326530612244898,-0.5651504993438721,1.0,0.00040422467,1.0,1.0,0.0
1.4285714285714286,1.7346938775510203,-0.6319795250892639,1.0,0.0,1.0,1.0,0.0
1.4285714285714286,1.836734693877551,-0.7001327276229858,1.0,0.0,1.0,1.0,0.0
1.4285714285714286,1.9387755102040818,-0.767129123210907,1.0,0.0,1.0,1.0,0.0
1.4285714285714286,2.0408163265306123,-0.8318133354187012,1.0,0.0,1.0,1.0,0.0
1.4285714285714286,2.142857142857143,-0.8938775062561035,1.0,0.0,1.0,1.0,0.0
1.4285714285714286,2.2448979591836737,-0.9533572793006897,1.0,0.0,1.0,1.0,0.0
1.4285714285714286,2.3469387755102042,-1.0103332996368408,1.0,0.0,1.0,1.0,0.0
1.4285714285714286,2.4489795918367347,-1.0648287534713745,1.0,0.0,1.0,1.0,0.0
1.4285714285714286,2.5510204081632653,-1.116807222366333,1.0,0.0,1.0,1.0,0.0
1.4285714285714286,2.6530612244897958,-1.1662020683288574,1.0,0.0,1.0,1.0,0.0
1.4285714285714286,2.7551020408163267,-1.2129487991333008,1.0,0.0,1.0,1.0,0.0
1.4285714285714286,2.857142857142857,-1.2570139169692993,1.0,0.0,1.0,1.0,0.0
1.4285714285714286,2.9591836734693877,-1.2984235286712646,1.0,0.0,1.0,1.0,0.0
1.4285714285714286,3.0612244897959187,-1.3372857570648193,1.0,0.0,1.0,1.0,0.0
1.4285714285714286,3.163265306122449,-1.3738012313842773,1.0,0.0,1.0,1.0,0.0
1.4285714285714286,3.2653061224489797,-1.40826416015625,1.0,0.0,1.0,1.0,0.0
1.4285714285714286,3.36734693877551,-1.4410500526428223,1.0,0.0,1.0,1.0,0.0
1.4285714285714286,3.4693877551020407,-1.4725921154022217,1.0,0.0,1.0,1.0,0.0
1.4285714285714286,3.5714285714285716,-1.5033488273620605,1.0,0.0,1.0,1.0,0.0
1.4285714285714286,3.673469387755102,-1.5337750911712646,1.0,0.0,1.0,1.0,0.0
1.4285714285714286,3.7755102040816326,-1.5642898082733154,1.0,0.0,1.0,1.0,0.0
1.4285714285714286,3.8775510204081636,-1.5952529907226562,1.0,0.0,1.0,1.0,0.0
1.4285714285714286,3.979591836734694,-1.6269512176513672,1.0,0.0,1.0,1.0,0.0
1.4285714285714286,4.081632653061225,-1.6595897674560547,1.0,0.0,1.0,1.0,0.0
1.4285714285714286,4.183673469387755,-1.6932928562164307,1.0,0.0,1.0,1.0,0.0
1.4285714285714286,4.285714285714286,-1.7281105518341064,1.0,0.0,1.0,1.0,0.0
1.4285714285714286,4.387755102040816,-1.7640278339385986,1.0,0.0,1.0,1.0,0.0
1.4285714285714286,4.4897959183673475,-1.800976037979126,1.0,0.0,1.0,1.0,0.0
1.4285714285714286,4.591836734693878,-1.8388464450836182,1.0,0.0,1.0,1.0,0.0
1.4285714285714286,4.6938775510204085,-1.8775012493133545,1.0,0.0,1.0,1.0,0.0
1.4285714285714286,4.795918367346939,-1.9167845249176025,1.0,0.0,1.0,1.0,0.0
1.4285714285714286,4.8979591836734695,-1.9565303325653076,1.0,0.0,1.0,1.0,0.0
1.4285714285714286,5.0,-1.996572494506836,1.0,0.0,1.0,1.0,0.0
1.5306122448979593,0.0,-0.9488610029220581,1.0,0.08635919,1.0,1.0,0.0
1.5306122448979593,0.10204081632653061,-0.8777599334716797,1.0,0.08241099,1.0,1.0,0.0
1.5306122448979593,0.20408163265306123,-0.8030505180358887,1.0,0.077929206,1.0,1.0,0.0
1.5306122448979593,0.30612244897959184,-0.7274487018585205,1.0,0.073006086,1.0,1.0,0.0
1.5306122448979593,0.40816326530612246,-0.6535983085632324,1.0,0.06770609,1.0,1.0,0.0
1.5306122448979593,0.5102040816326531,-0.583886981010437,1.0,0.062073857,1.0,1.0,0.0
1.5306122448979593,0.6122448979591837,-0.5203948020935059,1.0,0.05615549,1.0,1.0,0.0
1.5306122448979593,0.7142857142857143,-0.46493276953697205,1.0,0.0500218,1.0,1.0,0.0
1.5306122448979593,0.8163265306122449,-0.4191289246082306,1.0,0.043781687,1.0,1.0,0.0
1.5306122448979593,0.9183673469387755,-0.38450920581817627,1.0,0.03757552,1.0,1.0,0.0
1.5306122448979593,1.0204081632653061,-0.36254093050956726,1.0,0.03155084,1.0,1.0,0.0
1.5306122448979593,1.1224489795918369,-0.3546026051044464,1.0,0.0258333,1.0,1.0,0.0
1.5306122448979593,1.2244897959183674,-0.36183929443359375,1.0,0.020506663,1.0,1.0,0.0
1.5306122448979593,1.3265306122448979,-0.38484328985214233,1.0,0.015609204,1.0,1.0,0.0
1.5306122448979593,1.4285714285714286,-0.4231671392917633,1.0,0.011142156,1.0,1.0,0.0
1.5306122448979593,1.5306122448979593,-0.4748530685901642,1.0,0.0070828022,1.0,1.0,0.0
1.5306122448979593,1.6326530612244898,-0.5364041328430176,1.0,0.003395765,1.0,1.0,0.0
1.5306122448979593,1.7346938775510203,-0.603518009185791,1.0,4.040351e-05,1.0,1.0,0.0
1.5306122448979593,1.836734693877551,-0.6722850203514099,1.0,0.0,1.0,1.0,0.0
1.5306122448979593,1.9387755102040818,-0.7400619983673096,1.0,0.0,1.0,1.0,0.0
1.5306122448979593,2.0408163265306123,-0.8055639266967773,1.0,0.0,1.0,1.0,0.0
1.5306122448979593,2.142857142857143,-0.868407130241394,1.0,0.0,1.0,1.0,0.0
1.5306122448979593,2.2448979591836737,-0.9285989999771118,1.0,0.0,1.0,1.0,0.0
1.5306122448979593,2.3469387755102042,-0.9862172603607178,1.0,0.0,1.0,1.0,0.0
1.5306122448979593,2.4489795918367347,-1.0412932634353638,1.0,0.0,1.0,1.0,0.0
1.5306122448979593,2.5510204081632653,-1.093799352645874,1.0,0.0,1.0,1.0,0.0
1.5306122448979593,2.6530612244897958,-1.143673300743103,1.0,0.0,1.0,1.0,0.0
1.5306122448979593,2.7551020408163267,-1.1908495426177979,1.0,0.0,1.0,1.0,0.0
1.5306122448979593,2.857142857142857,-1.2352925539016724,1.0,0.0,1.0,1.0,0.0
1.5306122448979593,2.9591836734693877,-1.2770254611968994,1.0,0.0,1.0,1.0,0.0
1.5306122448979593,3.0612244897959187,-1.3161556720733643,1.0,0.0,1.0,1.0,0.0
1.5306122448979593,3.163265306122449,-1.3528900146484375,1.0,0.0,1.0,1.0,0.0
1.5306122448979593,3.2653061224489797,-1.3875341415405273,1.0,0.0,1.0,1.0,0.0
1.5306122448979593,3.36734693877551,-1.4204821586608887,1.0,0.0,1.0,1.0,0.0
1.5306122448979593,3.4693877551020407,-1.4521903991699219,1.0,0.0,1.0,1.0,0.0
1.5306122448979593,3.5714285714285716,-1.4831428527832031,1.0,0.0,1.0,1.0,0.0
1.5306122448979593,3.673469387755102,-1.513817548751831,1.0,0.0,1.0,1.0,0.0
1.5306122448979593,3.7755102040816326,-1.544653058052063,1.0,0.0,1.0,1.0,0.0
1.5306122448979593,3.8775510204081636,-1.5760226249694824,1.0,0.0,1.0,1.0,0.0
1.5306122448979593,3.979591836734694,-1.6082179546356201,1.0,0.0,1.0,1.0,0.0
1.5306122448979593,4.081632653061225,-1.6414446830749512,1.0,0.0,1.0,1.0,0.0
1.5306122448979593,4.183673469387755,-1.6758191585540771,1.0,0.0,1.0,1.0,0.0
1.5306122448979593,4.285714285714286,-1.711381196975708,1.0,0.0,1.0,1.0,0.0
1.5306122448979593,4.387755102040816,-1.748100996017456,1.0,0.0,1.0,1.0,0.0
1.5306122448979593,4.4897959183673475,-1.785895586013794,1.0,0.0,1.0,1.0,0.0
1.5306122448979593,4.591836734693878,-1.8246419429779053,1.0,0.0,1.0,1.0,0.0
1.5306122448979593,4.6938775510204085,-1.8641880750656128,1.0,0.0,1.0,1.0,0.0
1.5306122448979593,4.795918367346939,-1.9043657779693604,1.0,0.0,1.0,1.0,0.0
1.5306122448979593,4.8979591836734695,-1.944998860359192,1.0,0.0,1.0,1.0,0.0
1.5306122448979593,5.0,-1.985912799835205,1.0,0.0,1.0,1.0,0.0
1.6326530612244898,0.0,-0.9321573972702026,1.0,0.089543305,1.0,1.0,0.0
1.6326530612244898,0.10204081632653061,-0.8631256222724915,1.0,0.085810095,1.0,1.0,0.0
1.6326530612244898,0.20408163265306123,-0.7896360158920288,1.0,0.0815117,1.0,1.0,0.0
1.6326530612244898,0.30612244897959184,-0.7144327163696289,1.0,0.07674237,1.0,1.0,0.0
1.6326530612244898,0.40816326530612246,-0.6402812004089355,1.0,0.07156933,1.0,1.0,0.0
1.6326530612244898,0.5102040816326531,-0.5697362422943115,1.0,0.06603757,1.0,1.0,0.0
1.6326530612244898,0.6122448979591837,-0.505041778087616,1.0,0.060189307,1.0,1.0,0.0
1.6326530612244898,0.7142857142857143,-0.4481404721736908,1.0,0.05408841,1.0,1.0,0.0
1.6326530612244898,0.8163265306122449,-0.4007526934146881,1.0,0.047836833,1.0,1.0,0.0
1.6326530612244898,0.9183673469387755,-0.3644649088382721,1.0,0.04157285,1.0,1.0,0.0
1.6326530612244898,1.0204081632653061,-0.34079113602638245,1.0,0.035449166,1.0,1.0,0.0
1.6326530612244898,1.1224489795918369,-0.3311578035354614,1.0,0.029602718,1.0,1.0,0.0
1.6326530612244898,1.2244897959183674,-0.3367702066898346,1.0,0.024130844,1.0,1.0,0.0
1.6326530612244898,1.3265306122448979,-0.3583097457885742,1.0,0.019083867,1.0,1.0,0.0
1.6326530612244898,1.4285714285714286,-0.3954467475414276,1.0,0.014471206,1.0,1.0,0.0
1.6326530612244898,1.5306122448979593,-0.4463510811328888,1.0,0.010274687,1.0,1.0,0.0
1.6326530612244898,1.6326530612244898,-0.5076086521148682,1.0,0.0064608315,1.0,1.0,0.0
1.6326530612244898,1.7346938775510203,-0.5748969912528992,1.0,0.0029894458,1.0,1.0,0.0
1.6326530612244898,1.836734693877551,-0.6441842317581177,1.0,0.0,1.0,1.0,0.0
1.6326530612244898,1.9387755102040818,-0.7126624584197998,1.0,0.0,1.0,1.0,0.0
1.6326530612244898,2.0408163265306123,-0.7789096832275391,1.0,0.0,1.0,1.0,0.0
1.6326530612244898,2.142857142857143,-0.8424628973007202,1.0,0.0,1.0,1.0,0.0
1.6326530612244898,2.2448979591836737,-0.9032965898513794,1.0,0.0,1.0,1.0,0.0
1.6326530612244898,2.3469387755102042,-0.9614870548248291,1.0,0.0,1.0,1.0,0.0
1.6326530612244898,2.4489795918367347,-1.0170763731002808,1.0,0.0,1.0,1.0,0.0
1.6326530612244898,2.5510204081632653,-1.0700480937957764,1.0,0.0,1.0,1.0,0.0
1.6326530612244898,2.6530612244897958,-1.1203486919403076,1.0,0.0,1.0,1.0,0.0
1.6326530612244898,2.7551020408163267,-1.1679167747497559,1.0,0.0,1.0,1.0,0.0
1.6326530612244898,2.857142857142857,-1.2127180099487305,1.0,0.0,1.0,1.0,0.0
1.6326530612244898,2.9591836734693877,-1.2547756433486938,1.0,0.0,1.0,1.0,0.0
1.6326530612244898,3.0612244897959187,-1.2941982746124268,1.0,0.0,1.0,1.0,0.0
1.6326530612244898,3.163265306122449,-1.331197738647461,1.0,0.0,1.0,1.0,0.0
1.6326530612244898,3.2653061224489797,-1.3660894632339478,1.0,0.0,1.0,1.0,0.0
1.6326530612244898,3.36734693877551,-1.3992815017700195,1.0,0.0,1.0,1.0,0.0
1.6326530612244898,3.4693877551020407,-1.4312474727630615,1.0,0.0,1.0,1.0,0.0
1.6326530612244898,3.5714285714285716,-1.4624905586242676,1.0,0.0,1.0,1.0,0.0
1.6326530612244898,3.673469387755102,-1.493506669998169,1.0,0.0,1.0,1.0,0.0
1.6326530612244898,3.7755102040816326,-1.5247492790222168,1.0,0.0,1.0,1.0,0.0
1.6326530612244898,3.8775510204081636,-1.5566010475158691,1.0,0.0,1.0,1.0,0.0
1.6326530612244898,3.979591836734694,-1.5893580913543701,1.0,0.0,1.0,1.0,0.0
1.6326530612244898,4.081632653061225,-1.623223066329956,1.0,0.0,1.0,1.0,0.0
1.6326530612244898,4.183673469387755,-1.6583073139190674,1.0,0.0,1.0,1.0,0.0
1.6326530612244898,4.285714285714286,-1.694638729095459,1.0,0.0,1.0,1.0,0.0
1.6326530612244898,4.387755102040816,-1.732176661491394,1.0,0.0,1.0,1.0,0.0
1.6326530612244898,4.4897959183673475,-1.7708252668380737,1.0,0.0,1.0,1.0,0.0
1.6326530612244898,4.591836734693878,-1.8104476928710938,1.0,0.0,1.0,1.0,0.0
1.6326530612244898,4.6938775510204085,-1.8508803844451904,1.0,0.0,1.0,1.0,0.0
1.6326530612244898,4.795918367346939,-1.8919448852539062,1.0,0.0,1.0,1.0,0.0
1.6326530612244898,4.8979591836734695,-1.933454990386963,1.0,0.0,1.0,1.0,0.0
1.6326530612244898,5.0,-1.975229024887085,1.0,0.0,1.0,1.0,0.0
1.7346938775510203,0.0,-0.9135041832923889,1.0,0.09268751,1.0,1.0,0.04579103
1.7346938775510203,0.10204081632653061,-0.846970796585083,1.0,0.089177914,1.0,1.0,0.0
1.7346938775510203,0.20408163265306123,-0.7751388549804688,1.0,0.08507211,1.0,1.0,0.0
1.7346938775510203,0.30612244897959184,-0.7007339596748352,1.0,0.08046569,1.0,1.0,0.0
1.7346938775510203,0.40816326530612246,-0.6266136169433594,1.0,0.0754287,1.0,1.0,0.0
1.7346938775510203,0.5102040816326531,-0.5554884672164917,1.0,0.07000717,1.0,1.0,0.0
1.7346938775510203,0.6122448979591837,-0.4897734820842743,1.0,0.064240344,1.0,1.0,0.0
1.7346938775510203,0.7142857142857143,-0.4315588176250458,1.0,0.05818527,1.0,1.0,0.0
1.7346938775510203,0.8163265306122449,-0.38267165422439575,1.0,0.05193637,1.0,1.0,0.0
1.7346938775510203,0.9183673469387755,-0.3447704017162323,1.0,0.04562801,1.0,1.0,0.0
1.7346938775510203,1.0204081632653061,-0.3194182515144348,1.0,0.039416112,1.0,1.0,0.0
1.7346938775510203,1.1224489795918369,-0.3080872595310211,1.0,0.033447694,1.0,1.0,0.0
1.7346938775510203,1.2244897959183674,-0.3120427131652832,1.0,0.027833821,1.0,1.0,0.0
1.7346938775510203,1.3265306122448979,-0.3320527672767639,1.0,0.022637693,1.0,1.0,0.0
1.7346938775510203,1.4285714285714286,-0.36790910363197327,1.0,0.017878177,1.0,1.0,0.0
1.7346938775510203,1.5306122448979593,-0.4179171025753021,1.0,0.013542554,1.0,1.0,0.0
1.7346938775510203,1.6326530612244898,-0.4787593483924866,1.0,0.0095997425,1.0,1.0,0.0
1.7346938775510203,1.7346938775510203,-0.5461095571517944,1.0,0.006010334,1.0,1.0,0.0
1.7346938775510203,1.836734693877551,-0.6158192157745361,1.0,0.0027321624,1.0,1.0,0.0
1.7346938775510203,1.9387755102040818,-0.6849170923233032,1.0,0.0,1.0,1.0,0.0
1.7346938775510203,2.0408163265306123,-0.7518371343612671,1.0,0.0,1.0,1.0,0.0
1.7346938775510203,2.142857142857143,-0.8160296678543091,1.0,0.0,1.0,1.0,0.0
1.7346938775510203,2.2448979591836737,-0.8774352073669434,1.0,0.0,1.0,1.0,0.0
1.7346938775510203,2.3469387755102042,-0.9361284971237183,1.0,0.0,1.0,1.0,0.0
1.7346938775510203,2.4489795918367347,-0.9921629428863525,1.0,0.0,1.0,1.0,0.0
1.7346938775510203,2.5510204081632653,-1.0455377101898193,1.0,0.0,1.0,1.0,0.0
1.7346938775510203,2.6530612244897958,-1.0962117910385132,1.0,0.0,1.0,1.0,0.0
1.7346938775510203,2.7551020408163267,-1.1441328525543213,1.0,0.0,1.0,1.0,0.0
1.7346938775510203,2.857142857142857,-1.1892716884613037,1.0,0.0,1.0,1.0,0.0
1.7346938775510203,2.9591836734693877,-1.2316551208496094,1.0,0.0,1.0,1.0,0.0
1.7346938775510203,3.0612244897959187,-1.271395206451416,1.0,0.0,1.0,1.0,0.0
1.7346938775510203,3.163265306122449,-1.3087084293365479,1.0,0.0,1.0,1.0,0.0
1.7346938775510203,3.2653061224489797,-1.3439173698425293,1.0,0.0,1.0,1.0,0.0
1.7346938775510203,3.36734693877551,-1.3774397373199463,1.0,0.0,1.0,1.0,0.0
1.7346938775510203,3.4693877551020407,-1.4097602367401123,1.0,0.0,1.0,1.0,0.0
1.7346938775510203,3.5714285714285716,-1.4413948059082031,1.0,0.0,1.0,1.0,0.0
1.7346938775510203,3.673469387755102,-1.4728505611419678,1.0,0.0,1.0,1.0,0.0
1.7346938775510203,3.7755102040816326,-1.5045902729034424,1.0,0.0,1.0,1.0,0.0
1.7346938775510203,3.8775510204081636,-1.5370020866394043,1.0,0.0,1.0,1.0,0.0
1.7346938775510203,3.979591836734694,-1.5703847408294678,1.0,0.0,1.0,1.0,0.0
1.7346938775510203,4.081632653061225,-1.604938268661499,1.0,0.0,1.0,1.0,0.0
1.7346938775510203,4.183673469387755,-1.6407673358917236,1.0,0.0,1.0,1.0,0.0
1.7346938775510203,4.285714285714286,-1.6778919696807861,1.0,0.0,1.0,1.0,0.0
1.7346938775510203,4.387755102040816,-1.7162615060806274,1.0,0.0,1.0,1.0,0.0
1.7346938775510203,4.4897959183673475,-1.755768060684204,1.0,0.0,1.0,1.0,0.0
1.7346938775510203,4.591836734693878,-1.7962647676467896,1.0,0.0,1.0,1.0,0.0
1.7346938775510203,4.6938775510204085,-1.837577223777771,1.0,0.0,1.0,1.0,0.0
1.7346938775510203,4.795918367346939,-1.879517912864685,1.0,0.0,1.0,1.0,0.0
1.7346938775510203,4.8979591836734695,-1.9218930006027222,1.0,0.0,1.0,1.0,0.0
1.7346938775510203,5.0,-1.964513897895813,1.0,0.0,1.0,1.0,0.0
1.836734693877551,0.0,-0.892637312412262,1.0,0.09579008,1.0,1.0,0.1468187
1.836734693877551,0.10204081632653061,-0.8290277719497681,1.0,0.09251227,1.0,1.0,0.0
1.836734693877551,0.20408163265306123,-0.7593075633049011,1.0,0.08860808,1.0,1.0,0.0
1.836734693877551,0.30612244897959184,-0.6861343383789062,1.0,0.084173486,1.0,1.0,0.0
1.836734693877551,0.40816326530612246,-0.612417459487915,1.0,0.079281405,1.0,1.0,0.0
1.836734693877551,0.5102040816326531,-0.541006326675415,1.0,0.073979475,1.0,1.0,0.0
1.836734693877551,0.6122448979591837,-0.47448647022247314,1.0,0.068304785,1.0,1.0,0.0
1.836734693877551,0.7142857142857143,-0.4151085317134857,1.0,0.062308118,1.0,1.0,0.0
1.836734693877551,0.8163265306122449,-0.36482444405555725,1.0,0.056075897,1.0,1.0,0.0
1.836734693877551,0.9183673469387755,-0.3253752291202545,1.0,0.049737018,1.0,1.0,0.0
1.836734693877551,1.0204081632653061,-0.2983807921409607,1.0,0.043448586,1.0,1.0,0.0
1.836734693877551,1.1224489795918369,-0.28535959124565125,1.0,0.037366312,1.0,1.0,0.0
1.836734693877551,1.2244897959183674,-0.28763455152511597,1.0,0.03161466,1.0,1.0,0.0
1.836734693877551,1.3265306122448979,-0.3060585558414459,1.0,0.026270444,1.0,1.0,0.0
1.836734693877551,1.4285714285714286,-0.3405454456806183,1.0,0.021363173,1.0,1.0,0.0
1.836734693877551,1.5306122448979593,-0.38954493403434753,1.0,0.016886579,1.0,1.0,0.0
1.836734693877551,1.6326530612244898,-0.44985026121139526,1.0,0.012812777,1.0,1.0,0.0
1.836734693877551,1.7346938775510203,-0.5171453952789307,1.0,0.009103286,1.0,1.0,0.0
1.836734693877551,1.836734693877551,-0.5871784090995789,1.0,0.005716021,1.0,1.0,0.0
1.836734693877551,1.9387755102040818,-0.6568111181259155,1.0,0.0026084566,1.0,1.0,0.0
1.836734693877551,2.0408163265306123,-0.7243294715881348,1.0,0.0,1.0,1.0,0.0
1.836734693877551,2.142857142857143,-0.7890914678573608,1.0,0.0,1.0,1.0,0.0
1.836734693877551,2.2448979591836737,-0.8509997129440308,1.0,0.0,1.0,1.0,0.0
1.836734693877551,2.3469387755102042,-0.9101259708404541,1.0,0.0,1.0,1.0,0.0
1.836734693877551,2.4489795918367347,-0.9665379524230957,1.0,0.0,1.0,1.0,0.0
1.836734693877551,2.5510204081632653,-1.02025306224823,1.0,0.0,1.0,1.0,0.0
1.836734693877551,2.6530612244897958,-1.0712475776672363,1.0,0.0,1.0,1.0,0.0
1.836734693877551,2.7551020408163267,-1.119482398033142,1.0,0.0,1.0,1.0,0.0
1.836734693877551,2.857142857142857,-1.16493821144104,1.0,0.0,1.0,1.0,0.0
1.836734693877551,2.9591836734693877,-1.2076492309570312,1.0,0.0,1.0,1.0,0.0
1.836734693877551,3.0612244897959187,-1.2477326393127441,1.0,0.0,1.0,1.0,0.0
1.836734693877551,3.163265306122449,-1.2854104042053223,1.0,0.0,1.0,1.0,0.0
1.836734693877551,3.2653061224489797,-1.3210091590881348,1.0,0.0,1.0,1.0,0.0
1.836734693877551,3.36734693877551,-1.3549518585205078,1.0,0.0,1.0,1.0,0.0
1.836734693877551,3.4693877551020407,-1.3877278566360474,1.0,0.0,1.0,1.0,0.0
1.836734693877551,3.5714285714285716,-1.4198579788208008,1.0,0.0,1.0,1.0,0.0
1.836734693877551,3.673469387755102,-1.451855182647705,1.0,0.0,1.0,1.0,0.0
1.836734693877551,3.7755102040816326,-1.4841845035552979,1.0,0.0,1.0,1.0,0.0
1.836734693877551,3.8775510204081636,-1.5172367095947266,1.0,0.0,1.0,1.0,0.0
1.836734693877551,3.979591836734694,-1.5513097047805786,1.0,0.0,1.0,1.0,0.0
1.836734693877551,4.081632653061225,-1.5866003036499023,1.0,0.0,1.0,1.0,0.0
1.836734693877551,4.183673469387755,-1.62320876121521,1.0,0.0,1.0,1.0,0.0
1.836734693877551,4.285714285714286,-1.6611480712890625,1.0,0.0,1.0,1.0,0.0
1.836734693877551,4.387755102040816,-1.7003591060638428,1.0,0.0,1.0,1.0,0.0
1.836734693877551,4.4897959183673475,-1.7407255172729492,1.0,0.0,1.0,1.0,0.0
1.836734693877551,4.591836734693878,-1.7820913791656494,1.0,0.0,1.0,1.0,0.0
1.836734693877551,4.6938775510204085,-1.8242743015289307,1.0,0.0,1.0,1.0,0.0
1.836734693877551,4.795918367346939,-1.867079257965088,1.0,0.0,1.0,1.0,0.0
1.836734693877551,4.8979591836734695,-1.910305380821228,1.0,0.0,1.0,1.0,0.0
1.836734693877551,5.0,-1.953757643699646,1.0,0.0,1.0,1.0,0.0
1.9387755102040818,0.0,-0.8692834377288818,1.0,0.09884944,1.0,1.0,0.24787161
1.9387755102040818,0.10204081632653061,-0.8090133666992188,1.0,0.095811166,1.0,1.0,0.0
1.9387755102040818,0.20408163265306123,-0.7418684363365173,1.0,0.09211733,1.0,1.0,0.0
1.9387755102040818,0.30612244897959184,-0.6703869104385376,1.0,0.08786336,1.0,1.0,0.0
1.9387755102040818,0.40816326530612246,-0.5974866151809692,1.0,0.083124794,1.0,1.0,0.0
1.9387755102040818,0.5102040816326531,-0.5261259078979492,1.0,0.077951394,1.0,1.0,0.0
1.9387755102040818,0.6122448979591837,-0.4590550363063812,1.0,0.072379,1.0,1.0,0.0
1.9387755102040818,0.7142857142857143,-0.3986941874027252,1.0,0.066452794,1.0,1.0,0.0
1.9387755102040818,0.8163265306122449,-0.34713441133499146,1.0,0.06025095,1.0,1.0,0.0
1.9387755102040818,0.9183673469387755,-0.30621814727783203,1.0,0.05389567,1.0,1.0,0.0
1.9387755102040818,1.0204081632653061,-0.27762848138809204,1.0,0.04754326,1.0,1.0,0.0
1.9387755102040818,1.1224489795918369,-0.2629346549510956,1.0,0.041356366,1.0,1.0,0.0
1.9387755102040818,1.2244897959183674,-0.2635149657726288,1.0,0.035472162,1.0,1.0,0.0
1.9387755102040818,1.3265306122448979,-0.280305415391922,1.0,0.029981663,1.0,1.0,0.0
1.9387755102040818,1.4285714285714286,-0.3133426010608673,1.0,0.024926145,1.0,1.0,0.0
1.9387755102040818,1.5306122448979593,-0.3612252473831177,1.0,0.020306977,1.0,1.0,0.0
1.9387755102040818,1.6326530612244898,-0.42087140679359436,1.0,0.016100131,1.0,1.0,0.0
1.9387755102040818,1.7346938775510203,-0.48799416422843933,1.0,0.012268542,1.0,1.0,0.0
1.9387755102040818,1.836734693877551,-0.5582466721534729,1.0,0.008770258,1.0,1.0,0.0
1.9387755102040818,1.9387755102040818,-0.6283279657363892,1.0,0.0055624535,1.0,1.0,0.0
1.9387755102040818,2.0408163265306123,-0.696369469165802,1.0,0.0026032263,1.0,1.0,0.0
1.9387755102040818,2.142857142857143,-0.7616302967071533,1.0,0.0,1.0,1.0,0.0
1.9387755102040818,2.2448979591836737,-0.8239719867706299,1.0,0.0,1.0,1.0,0.0
1.9387755102040818,2.3469387755102042,-0.88346266746521,1.0,0.0,1.0,1.0,0.0
1.9387755102040818,2.4489795918367347,-0.9401854276657104,1.0,0.0,1.0,1.0,0.0
1.9387755102040818,2.5510204081632653,-0.9941797256469727,1.0,0.0,1.0,1.0,0.0
1.9387755102040818,2.6530612244897958,-1.04544198513031,1.0,0.0,1.0,1.0,0.0
1.9387755102040818,2.7551020408163267,-1.093951940536499,1.0,0.0,1.0,1.0,0.0
1.9387755102040818,2.857142857142857,-1.1397048234939575,1.0,0.0,1.0,1.0,0.0
1.9387755102040818,2.9591836734693877,-1.1827454566955566,1.0,0.0,1.0,1.0,0.0
1.9387755102040818,3.0612244897959187,-1.2232003211975098,1.0,0.0,1.0,1.0,0.0
1.9387755102040818,3.163265306122449,-1.2612944841384888,1.0,0.0,1.0,1.0,0.0
1.9387755102040818,3.2653061224489797,-1.297358512878418,1.0,0.0,1.0,1.0,0.0
1.9387755102040818,3.36734693877551,-1.3318138122558594,1.0,0.0,1.0,1.0,0.0
1.9387755102040818,3.4693877551020407,-1.3651492595672607,1.0,0.0,1.0,1.0,0.0
1.9387755102040818,3.5714285714285716,-1.3978831768035889,1.0,0.0,1.0,1.0,0.0
1.9387755102040818,3.673469387755102,-1.4305248260498047,1.0,0.0,1.0,1.0,0.0
1.9387755102040818,3.7755102040816326,-1.4635382890701294,1.0,0.0,1.0,1.0,0.0
1.9387755102040818,3.8775510204081636,-1.4973115921020508,1.0,0.0,1.0,1.0,0.0
1.9387755102040818,3.979591836734694,-1.5321393013000488,1.0,0.0,1.0,1.0,0.0
1.9387755102040818,4.081632653061225,-1.5682159662246704,1.0,0.0,1.0,1.0,0.0
1.9387755102040818,4.183673469387755,-1.605636715888977,1.0,0.0,1.0,1.0,0.0
1.9387755102040818,4.285714285714286,-1.6444101333618164,1.0,0.0,1.0,1.0,0.0
1.9387755102040818,4.387755102040816,-1.6844706535339355,1.0,0.0,1.0,1.0,0.0
1.9387755102040818,4.4897959183673475,-1.7256964445114136,1.0,0.0,1.0,1.0,0.0
1.9387755102040818,4.591836734693878,-1.7679246664047241,1.0,0.0,1.0,1.0,0.0
1.9387755102040818,4.6938775510204085,-1.8109667301177979,1.0,0.0,1.0,1.0,0.0
1.9387755102040818,4.795918367346939,-1.8546212911605835,1.0,0.0,1.0,1.0,0.0
1.9387755102040818,4.8979591836734695,-1.8986828327178955,1.0,0.0,1.0,1.0,0.0
1.9387755102040818,5.0,-1.9429512023925781,1.0,0.0,1.0,1.0,0.0
2.0408163265306123,0.0,-0.843159556388855,1.0,0.10186419,1.0,1.0,0.34889683
2.0408163265306123,0.10204081632653061,-0.7866286039352417,1.0,0.099072576,1.0,1.0,0.0
2.0408163265306123,0.20408163265306123,-0.7225245237350464,1.0,0.09559757,1.0,1.0,0.0
2.0408163265306123,0.30612244897959184,-0.6532174348831177,1.0,0.0915329,1.0,1.0,0.0
2.0408163265306123,0.40816326530612246,-0.5815832018852234,1.0,0.086956345,1.0,1.0,0.0
2.0408163265306123,0.5102040816326531,-0.5106539130210876,1.0,0.08192008,1.0,1.0,0.0
2.0408163265306123,0.6122448979591837,-0.44332796335220337,1.0,0.07645958,1.0,1.0,0.0
2.0408163265306123,0.7142857142857143,-0.38219836354255676,1.0,0.07061521,1.0,1.0,0.0
2.0408163265306123,0.8163265306122449,-0.32951149344444275,1.0,0.06445707,1.0,1.0,0.0
2.0408163265306123,0.9183673469387755,-0.28722497820854187,1.0,0.058099616,1.0,1.0,0.0
2.0408163265306123,1.0204081632653061,-0.2571009695529938,1.0,0.05169644,1.0,1.0,0.0
2.0408163265306123,1.1224489795918369,-0.24076291918754578,1.0,0.045415204,1.0,1.0,0.0
2.0408163265306123,1.2244897959183674,-0.23964554071426392,1.0,0.039404836,1.0,1.0,0.0
2.0408163265306123,1.3265306122448979,-0.2547653615474701,1.0,0.033770736,1.0,1.0,0.0
2.0408163265306123,1.4285714285714286,-0.2862801253795624,1.0,0.028566973,1.0,1.0,0.0
2.0408163265306123,1.5306122448979593,-0.3329436480998993,1.0,0.023803802,1.0,1.0,0.0
2.0408163265306123,1.6326530612244898,-0.39181116223335266,1.0,0.019461913,1.0,1.0,0.0
2.0408163265306123,1.7346938775510203,-0.4586416184902191,1.0,0.015506196,1.0,1.0,0.0
2.0408163265306123,1.836734693877551,-0.5290082693099976,1.0,0.011895006,1.0,1.0,0.0
2.0408163265306123,1.9387755102040818,-0.5994492769241333,1.0,0.008585212,1.0,1.0,0.0
2.0408163265306123,2.0408163265306123,-0.6679370999336243,1.0,0.005534365,1.0,1.0,0.0
2.0408163265306123,2.142857142857143,-0.7336262464523315,1.0,0.0027016876,1.0,1.0,0.0
2.0408163265306123,2.2448979591836737,-0.7963329553604126,1.0,4.8472488e-05,1.0,1.0,0.0
2.0408163265306123,2.3469387755102042,-0.8561203479766846,1.0,0.0,1.0,1.0,0.0
2.0408163265306123,2.4489795918367347,-0.9130890369415283,1.0,0.0,1.0,1.0,0.0
2.0408163265306123,2.5510204081632653,-0.9673020839691162,1.0,0.0,1.0,1.0,0.0
2.0408163265306123,2.6530612244897958,-1.0187817811965942,1.0,0.0,1.0,1.0,0.0
2.0408163265306123,2.7551020408163267,-1.0675301551818848,1.0,0.0,1.0,1.0,0.0
2.0408163265306123,2.857142857142857,-1.1135616302490234,1.0,0.0,1.0,1.0,0.0
2.0408163265306123,2.9591836734693877,-1.1569366455078125,1.0,0.0,1.0,1.0,0.0
2.0408163265306123,3.0612244897959187,-1.197791337966919,1.0,0.0,1.0,1.0,0.0
2.0408163265306123,3.163265306122449,-1.2363568544387817,1.0,0.0,1.0,1.0,0.0
2.0408163265306123,3.2653061224489797,-1.2729618549346924,1.0,0.0,1.0,1.0,0.0
2.0408163265306123,3.36734693877551,-1.3080246448516846,1.0,0.0,1.0,1.0,0.0
2.0408163265306123,3.4693877551020407,-1.3420246839523315,1.0,0.0,1.0,1.0,0.0
2.0408163265306123,3.5714285714285716,-1.3754709959030151,1.0,0.0,1.0,1.0,0.0
2.0408163265306123,3.673469387755102,-1.4088630676269531,1.0,0.0,1.0,1.0,0.0
2.0408163265306123,3.7755102040816326,-1.4426556825637817,1.0,0.0,1.0,1.0,0.0
2.0408163265306123,3.8775510204081636,-1.4772307872772217,1.0,0.0,1.0,1.0,0.0
2.0408163265306123,3.979591836734694,-1.512878179550171,1.0,0.0,1.0,1.0,0.0
2.0408163265306123,4.081632653061225,-1.5497877597808838,1.0,0.0,1.0,1.0,0.0
2.0408163265306123,4.183673469387755,-1.5880522727966309,1.0,0.0,1.0,1.0,0.0
2.0408163265306123,4.285714285714286,-1.627677321434021,1.0,0.0,1.0,1.0,0.0
2.0408163265306123,4.387755102040816,-1.6685938835144043,1.0,0.0,1.0,1.0,0.0
2.0408163265306123,4.4897959183673475,-1.710676908493042,1.0,0.0,1.0,1.0,0.0
2.0408163265306123,4.591836734693878,-1.753758430480957,1.0,0.0,1.0,1.0,0.0
2.0408163265306123,4.6938775510204085,-1.7976467609405518,1.0,0.0,1.0,1.0,0.0
2.0408163265306123,4.795918367346939,-1.8421351909637451,1.0,0.0,1.0,1.0,0.0
2.0408163265306123,4.8979591836734695,-1.8870152235031128,1.0,0.0,1.0,1.0,0.0
2.0408163265306123,5.0,-1.932081937789917,1.0,0.0,1.0,1.0,0.0
2.142857142857143,0.0,-0.8139722347259521,1.0,0.10483309,1.0,1.0,0.44984412
2.142857142857143,0.10204081632653061,-0.7615610361099243,1.0,0.10229468,1.0,1.0,0.06348234
2.142857142857143,0.20408163265306123,-0.7009584903717041,1.0,0.09904664,1.0,1.0,0.0
2.142857142857143,0.30612244897959184,-0.6343229413032532,1.0,0.09517978,1.0,1.0,0.0
2.142857142857143,0.40816326530612246,-0.5644373297691345,1.0,0.090773515,1.0,1.0,0.0
2.142857142857143,0.5102040816326531,-0.4943635165691376,1.0,0.085882746,1.0,1.0,0.0
2.142857142857143,0.6122448979591837,-0.42712417244911194,1.0,0.08054323,1.0,1.0,0.0
2.142857142857143,0.7142857142857143,-0.365479975938797,1.0,0.074791476,1.0,1.0,0.0
2.142857142857143,0.8163265306122449,-0.31184396147727966,1.0,0.06868984,1.0,1.0,0.0
2.142857142857143,0.9183673469387755,-0.2683071196079254,1.0,0.062344357,1.0,1.0,0.0
2.142857142857143,1.0204081632653061,-0.2367243766784668,1.0,0.055904143,1.0,1.0,0.0
2.142857142857143,1.1224489795918369,-0.21878358721733093,1.0,0.049539853,1.0,1.0,0.0
2.142857142857143,1.2244897959183674,-0.21597746014595032,1.0,0.0434108,1.0,1.0,0.0
2.142857142857143,1.3265306122448979,-0.2294008433818817,1.0,0.03763671,1.0,1.0,0.0
2.142857142857143,1.4285714285714286,-0.2593313455581665,1.0,0.03228535,1.0,1.0,0.0
2.142857142857143,1.5306122448979593,-0.30468007922172546,1.0,0.027377011,1.0,1.0,0.0
2.142857142857143,1.6326530612244898,-0.3626530170440674,1.0,0.02289819,1.0,1.0,0.0
2.142857142857143,1.7346938775510203,-0.4290717840194702,1.0,0.018816285,1.0,1.0,0.0
2.142857142857143,1.836734693877551,-0.4994451701641083,1.0,0.015090237,1.0,1.0,0.0
2.142857142857143,1.9387755102040818,-0.5701549053192139,1.0,0.011676666,1.0,1.0,0.0
2.142857142857143,2.0408163265306123,-0.6390113830566406,1.0,0.00853262,1.0,1.0,0.0
2.142857142857143,2.142857142857143,-0.7050583362579346,1.0,0.005616679,1.0,1.0,0.0
2.142857142857143,2.2448979591836737,-0.7680618166923523,1.0,0.00288939,1.0,1.0,0.0
2.142857142857143,2.3469387755102042,-0.8280802965164185,1.0,0.00031386403,1.0,1.0,0.0
2.142857142857143,2.4489795918367347,-0.8852312564849854,1.0,0.0,1.0,1.0,0.0
2.142857142857143,2.5510204081632653,-0.9396060109138489,1.0,0.0,1.0,1.0,0.0
2.142857142857143,2.6530612244897958,-0.9912550449371338,1.0,0.0,1.0,1.0,0.0
2.142857142857143,2.7551020408163267,-1.0402077436447144,1.0,0.0,1.0,1.0,0.0
2.142857142857143,2.857142857142857,-1.0865024328231812,1.0,0.0,1.0,1.0,0.0
2.142857142857143,2.9591836734693877,-1.130218267440796,1.0,0.0,1.0,1.0,0.0
2.142857142857143,3.0612244897959187,-1.171504020690918,1.0,0.0,1.0,1.0,0.0
2.142857142857143,3.163265306122449,-1.2105956077575684,1.0,0.0,1.0,1.0,0.0
2.142857142857143,3.2653061224489797,-1.2478199005126953,1.0,0.0,1.0,1.0,0.0
2.142857142857143,3.36734693877551,-1.2835845947265625,1.0,0.0,1.0,1.0,0.0
2.142857142857143,3.4693877551020407,-1.3183550834655762,1.0,0.0,1.0,1.0,0.0
2.142857142857143,3.5714285714285716,-1.3526227474212646,1.0,0.0,1.0,1.0,0.0
2.142857142857143,3.673469387755102,-1.3868699073791504,1.0,0.0,1.0,1.0,0.0
2.142857142857143,3.7755102040816326,-1.421537160873413,1.0,0.0,1.0,1.0,0.0
2.142857142857143,3.8775510204081636,-1.4569947719573975,1.0,0.0,1.0,1.0,0.0
2.142857142857143,3.979591836734694,-1.4935252666473389,1.0,0.0,1.0,1.0,0.0
2.142857142857143,4.081632653061225,-1.5313146114349365,1.0,0.0,1.0,1.0,0.0
2.142857142857143,4.183673469387755,-1.5704538822174072,1.0,0.0,1.0,1.0,0.0
2.142857142857143,4.285714285714286,-1.610946774482727,1.0,0.0,1.0,1.0,0.0
2.142857142857143,4.387755102040816,-1.6527243852615356,1.0,0.0,1.0,1.0,0.0
2.142857142857143,4.4897959183673475,-1.69566011428833,1.0,0.0,1.0,1.0,0.0
2.142857142857143,4.591836734693878,-1.7395851612091064,1.0,0.0,1.0,1.0,0.0
2.142857142857143,4.6938775510204085,-1.7843048572540283,1.0,0.0,1.0,1.0,0.0
2.142857142857143,4.795918367346939,-1.829610824584961,1.0,0.0,1.0,1.0,0.0
2.142857142857143,4.8979591836734695,-1.8752906322479248,1.0,0.0,1.0,1.0,0.0
2.142857142857143,5.0,-1.9211379289627075,1.0,0.0,1.0,1.0,0.0
2.2448979591836737,0.0,-0.7814170122146606,1.0,0.10775502,1.0,1.0,0.5506637
2.2448979591836737,0.10204081632653061,-0.733483612537384,1.0,0.10547567,1.0,1.0,0.16413993
2.2448979591836737,0.20408163265306123,-0.676832914352417,1.0,0.102462344,1.0,1.0,0.0
2.2448979591836737,0.30612244897959184,-0.6133741140365601,1.0,0.09880168,1.0,1.0,0.0
2.2448979591836737,0.40816326530612246,-0.5457465648651123,1.0,0.09457389,1.0,1.0,0.0
2.2448979591836737,0.5102040816326531,-0.47699448466300964,1.0,0.0898367,1.0,1.0,0.0
2.2448979591836737,0.6122448979591837,-0.41022980213165283,1.0,0.08462683,1.0,1.0,0.0
2.2448979591836737,0.7142857142857143,-0.3483700156211853,1.0,0.078977846,1.0,1.0,0.0
2.2448979591836737,0.8163265306122449,-0.29399919509887695,1.0,0.072944954,1.0,1.0,0.0
2.2448979591836737,0.9183673469387755,-0.24935805797576904,1.0,0.066625334,1.0,1.0,0.0
2.2448979591836737,1.0204081632653061,-0.21641206741333008,1.0,0.06016216,1.0,1.0,0.0
2.2448979591836737,1.1224489795918369,-0.19692465662956238,1.0,0.05372695,1.0,1.0,0.0
2.2448979591836737,1.2244897959183674,-0.19245177507400513,1.0,0.04748786,1.0,1.0,0.0
2.2448979591836737,1.3265306122448979,-0.20416560769081116,1.0,0.041578405,1.0,1.0,0.0
2.2448979591836737,1.4285714285714286,-0.23246100544929504,1.0,0.036080748,1.0,1.0,0.0
2.2448979591836737,1.5306122448979593,-0.276409775018692,1.0,0.031026443,1.0,1.0,0.0
2.2448979591836737,1.6326530612244898,-0.3333764672279358,1.0,0.026408928,1.0,1.0,0.0
2.2448979591836737,1.7346938775510203,-0.3992655873298645,1.0,0.022198798,1.0,1.0,0.0
2.2448979591836737,1.836734693877551,-0.46953675150871277,1.0,0.018355943,1.0,1.0,0.0
2.2448979591836737,1.9387755102040818,-0.540422797203064,1.0,0.014836791,1.0,1.0,0.0
2.2448979591836737,2.0408163265306123,-0.6095688343048096,1.0,0.011597893,1.0,1.0,0.0
2.2448979591836737,2.142857142857143,-0.6759027242660522,1.0,0.008597161,1.0,1.0,0.0
2.2448979591836737,2.2448979591836737,-0.7391363382339478,1.0,0.005794461,1.0,1.0,0.0
2.2448979591836737,2.3469387755102042,-0.7993214726448059,1.0,0.0031520491,1.0,1.0,0.0
2.2448979591836737,2.4489795918367347,-0.8565946817398071,1.0,0.00063484994,1.0,1.0,0.0
2.2448979591836737,2.5510204081632653,-0.9110763072967529,1.0,0.0,1.0,1.0,0.0
2.2448979591836737,2.6530612244897958,-0.9628503322601318,1.0,0.0,1.0,1.0,0.0
2.2448979591836737,2.7551020408163267,-1.011977195739746,1.0,0.0,1.0,1.0,0.0
2.2448979591836737,2.857142857142857,-1.058523178100586,1.0,0.0,1.0,1.0,0.0
2.2448979591836737,2.9591836734693877,-1.1025893688201904,1.0,0.0,1.0,1.0,0.0
2.2448979591836737,3.0612244897959187,-1.1443393230438232,1.0,0.0,1.0,1.0,0.0
2.2448979591836737,3.163265306122449,-1.184014081954956,1.0,0.0,1.0,1.0,0.0
2.2448979591836737,3.2653061224489797,-1.2219352722167969,1.0,0.0,1.0,1.0,0.0
2.2448979591836737,3.36734693877551,-1.2584964036941528,1.0,0.0,1.0,1.0,0.0
2.2448979591836737,3.4693877551020407,-1.2941417694091797,1.0,0.0,1.0,1.0,0.0
2.2448979591836737,3.5714285714285716,-1.3293380737304688,1.0,0.0,1.0,1.0,0.0
2.2448979591836737,3.673469387755102,-1.364544153213501,1.0,0.0,1.0,1.0,0.0
2.2448979591836737,3.7755102040816326,-1.400179386138916,1.0,0.0,1.0,1.0,0.0
2.2448979591836737,3.8775510204081636,-1.4365992546081543,1.0,0.0,1.0,1.0,0.0
2.2448979591836737,3.979591836734694,-1.474076271057129,1.0,0.0,1.0,1.0,0.0
2.2448979591836737,4.081632653061225,-1.512791395187378,1.0,0.0,1.0,1.0,0.0
2.2448979591836737,4.183673469387755,-1.5528345108032227,1.0,0.0,1.0,1.0,0.0
2.2448979591836737,4.285714285714286,-1.594211220741272,1.0,0.0,1.0,1.0,0.0
2.2448979591836737,4.387755102040816,-1.6368539333343506,1.0,0.0,1.0,1.0,0.0
2.2448979591836737,4.4897959183673475,-1.6806374788284302,1.0,0.0,1.0,1.0,0.0
2.2448979591836737,4.591836734693878,-1.7253942489624023,1.0,0.0,1.0,1.0,0.0
2.2448979591836737,4.6938775510204085,-1.7709300518035889,1.0,0.0,1.0,1.0,0.0
2.2448979591836737,4.795918367346939,-1.81703519821167,1.0,0.0,1.0,1.0,0.0
2.2448979591836737,4.8979591836734695,-1.8634964227676392,1.0,0.0,1.0,1.0,0.0
2.2448979591836737,5.0,-1.9101049900054932,1.0,0.0,1.0,1.0,0.0
2.3469387755102042,0.0,-0.7451744079589844,1.0,0.110629074,1.0,1.0,0.6513095
2.3469387755102042,0.10204081632653061,-0.7020556926727295,1.0,0.10861396,1.0,1.0,0.2648482
2.3469387755102042,0.20408163265306123,-0.6497912406921387,1.0,0.10584267,1.0,1.0,0.0
2.3469387755102042,0.30612244897959184,-0.5900148153305054,1.0,0.10239631,1.0,1.0,0.0
2.3469387755102042,0.40816326530612246,-0.5251755714416504,1.0,0.09835513,1.0,1.0,0.0
2.3469387755102042,0.5102040816326531,-0.45824846625328064,1.0,0.09377937,1.0,1.0,0.0
2.3469387755102042,0.6122448979591837,-0.39239487051963806,1.0,0.08870746,1.0,1.0,0.0
2.3469387755102042,0.7142857142857143,-0.33066582679748535,1.0,0.083170824,1.0,1.0,0.0
2.3469387755102042,0.8163265306122449,-0.2758169174194336,1.0,0.07721821,1.0,1.0,0.0
2.3469387755102042,0.9183673469387755,-0.23025056719779968,1.0,0.070938,1.0,1.0,0.0
2.3469387755102042,1.0204081632653061,-0.1960599720478058,1.0,0.06446609,1.0,1.0,0.0
2.3469387755102042,1.1224489795918369,-0.17510050535202026,1.0,0.057972886,1.0,1.0,0.0
2.3469387755102042,1.2244897959183674,-0.16899728775024414,1.0,0.05163341,1.0,1.0,0.0
2.3469387755102042,1.3265306122448979,-0.17900237441062927,1.0,0.045594297,1.0,1.0,0.0
2.3469387755102042,1.4285714285714286,-0.20562562346458435,1.0,0.03995247,1.0,1.0,0.0
2.3469387755102042,1.5306122448979593,-0.24809834361076355,1.0,0.034751862,1.0,1.0,0.0
2.3469387755102042,1.6326530612244898,-0.30395498871803284,1.0,0.029994056,1.0,1.0,0.0
2.3469387755102042,1.7346938775510203,-0.369199275970459,1.0,0.025653657,1.0,1.0,0.0
2.3469387755102042,1.836734693877551,-0.43925929069519043,1.0,0.02169196,1.0,1.0,0.0
2.3469387755102042,1.9387755102040818,-0.5102278590202332,1.0,0.018065425,1.0,1.0,0.0
2.3469387755102042,2.0408163265306123,-0.5795848369598389,1.0,0.0147299925,1.0,1.0,0.0
2.3469387755102042,2.142857142857143,-0.6461347937583923,1.0,0.011642962,1.0,1.0,0.0
2.3469387755102042,2.2448979591836737,-0.7095332145690918,1.0,0.008763484,1.0,1.0,0.0
2.3469387755102042,2.3469387755102042,-0.7698227763175964,1.0,0.0060529476,1.0,1.0,0.0
2.3469387755102042,2.4489795918367347,-0.8271600008010864,1.0,0.0034754397,1.0,1.0,0.0
2.3469387755102042,2.5510204081632653,-0.8816985487937927,1.0,0.0009978851,1.0,1.0,0.0
2.3469387755102042,2.6530612244897958,-0.9335574507713318,1.0,0.0,1.0,1.0,0.0
2.3469387755102042,2.7551020408163267,-0.9828326106071472,1.0,0.0,1.0,1.0,0.0
2.3469387755102042,2.857142857142857,-1.029622197151184,1.0,0.0,1.0,1.0,0.0
2.3469387755102042,2.9591836734693877,-1.0740525722503662,1.0,0.0,1.0,1.0,0.0
2.3469387755102042,3.0612244897959187,-1.1163023710250854,1.0,0.0,1.0,1.0,0.0
2.3469387755102042,3.163265306122449,-1.1566178798675537,1.0,0.0,1.0,1.0,0.0
2.3469387755102042,3.2653061224489797,-1.195313572883606,1.0,0.0,1.0,1.0,0.0
2.3469387755102042,3.36734693877551,-1.2327637672424316,1.0,0.0,1.0,1.0,0.0
2.3469387755102042,3.4693877551020407,-1.2693853378295898,1.0,0.0,1.0,1.0,0.0
2.3469387755102042,3.5714285714285716,-1.3056159019470215,1.0,0.0,1.0,1.0,0.0
2.3469387755102042,3.673469387755102,-1.3418817520141602,1.0,0.0,1.0,1.0,0.0
2.3469387755102042,3.7755102040816326,-1.3785772323608398,1.0,0.0,1.0,1.0,0.0
2.3469387755102042,3.8775510204081636,-1.4160372018814087,1.0,0.0,1.0,1.0,0.0
2.3469387755102042,3.979591836734694,-1.454521894454956,1.0,0.0,1.0,1.0,0.0
2.3469387755102042,4.081632653061225,-1.4942082166671753,1.0,0.0,1.0,1.0,0.0
2.3469387755102042,4.183673469387755,-1.5351850986480713,1.0,0.0,1.0,1.0,0.0
2.3469387755102042,4.285714285714286,-1.5774600505828857,1.0,0.0,1.0,1.0,0.0
2.3469387755102042,4.387755102040816,-1.6209708452224731,1.0,0.0,1.0,1.0,0.0
2.3469387755102042,4.4897959183673475,-1.6655964851379395,1.0,0.0,1.0,1.0,0.0
2.3469387755102042,4.591836734693878,-1.711173176765442,1.0,0.0,1.0,1.0,0.0
2.3469387755102042,4.6938775510204085,-1.7575088739395142,1.0,0.0,1.0,1.0,0.0
2.3469387755102042,4.795918367346939,-1.8043946027755737,1.0,0.0,1.0,1.0,0.0
2.3469387755102042,4.8979591836734695,-1.8516175746917725,1.0,0.0,1.0,1.0,0.0
2.3469387755102042,5.0,-1.8989676237106323,1.0,0.0,1.0,1.0,0.0
2.4489795918367347,0.0,-0.7049045562744141,1.0,0.11345443,1.0,1.0,0.7517365
2.4489795918367347,0.10204081632653061,-0.6669186949729919,1.0,0.11170798,1.0,1.0,0.36555818
2.4489795918367347,0.20408163265306123,-0.6194580793380737,1.0,0.10918558,1.0,1.0,0.0
2.4489795918367347,0.30612244897959184,-0.5638642907142639,1.0,0.10596146,1.0,1.0,0.0
2.4489795918367347,0.40816326530612246,-0.5023568868637085,1.0,0.10211482,1.0,1.0,0.0
2.4489795918367347,0.5102040816326531,-0.4377909004688263,1.0,0.09770828,1.0,1.0,0.0
2.4489795918367347,0.6122448979591837,-0.37333038449287415,1.0,0.092782244,1.0,1.0,0.0
2.4489795918367347,0.7142857142857143,-0.3121299147605896,1.0,0.087366946,1.0,1.0,0.0
2.4489795918367347,0.8163265306122449,-0.25710567831993103,1.0,0.08150559,1.0,1.0,0.0
2.4489795918367347,0.9183673469387755,-0.21083113551139832,1.0,0.075277835,1.0,1.0,0.0
2.4489795918367347,1.0204081632653061,-0.17554423213005066,1.0,0.068811394,1.0,1.0,0.0
2.4489795918367347,1.1224489795918369,-0.1532078981399536,1.0,0.062273655,1.0,1.0,0.0
2.4489795918367347,1.2244897959183674,-0.14552956819534302,1.0,0.055844534,1.0,1.0,0.0
2.4489795918367347,1.3265306122448979,-0.1538422703742981,1.0,0.04968253,1.0,1.0,0.0
2.4489795918367347,1.4285714285714286,-0.17877012491226196,1.0,0.04389951,1.0,1.0,0.0
2.4489795918367347,1.5306122448979593,-0.21970435976982117,1.0,0.0385528,1.0,1.0,0.0
2.4489795918367347,1.6326530612244898,-0.2743556797504425,1.0,0.033653293,1.0,1.0,0.0
2.4489795918367347,1.7346938775510203,-0.338844358921051,1.0,0.029180681,1.0,1.0,0.0
2.4489795918367347,1.836734693877551,-0.4085858464241028,1.0,0.025098134,1.0,1.0,0.0
2.4489795918367347,1.9387755102040818,-0.4795437753200531,1.0,0.021362282,1.0,1.0,0.0
2.4489795918367347,2.0408163265306123,-0.5490311980247498,1.0,0.017928638,1.0,1.0,0.0
2.4489795918367347,2.142857142857143,-0.6157279014587402,1.0,0.014753801,1.0,1.0,0.0
2.4489795918367347,2.2448979591836737,-0.6792263984680176,1.0,0.011796131,1.0,1.0,0.0
2.4489795918367347,2.3469387755102042,-0.7395609617233276,1.0,0.0090162875,1.0,1.0,0.0
2.4489795918367347,2.4489795918367347,-0.7969085574150085,1.0,0.006377359,1.0,1.0,0.0
2.4489795918367347,2.5510204081632653,-0.8514574766159058,1.0,0.003845279,1.0,1.0,0.0
2.4489795918367347,2.6530612244897958,-0.9033664464950562,1.0,0.0013891915,1.0,1.0,0.0
2.4489795918367347,2.7551020408163267,-0.9527701735496521,1.0,0.0,1.0,1.0,0.0
2.4489795918367347,2.857142857142857,-0.9998010396957397,1.0,0.0,1.0,1.0,0.0
2.4489795918367347,2.9591836734693877,-1.0446128845214844,1.0,0.0,1.0,1.0,0.0
2.4489795918367347,3.0612244897959187,-1.087401270866394,1.0,0.0,1.0,1.0,0.0
2.4489795918367347,3.163265306122449,-1.1284165382385254,1.0,0.0,1.0,1.0,0.0
2.4489795918367347,3.2653061224489797,-1.167962908744812,1.0,0.0,1.0,1.0,0.0
2.4489795918367347,3.36734693877551,-1.2063920497894287,1.0,0.0,1.0,1.0,0.0
2.4489795918367347,3.4693877551020407,-1.244089126586914,1.0,0.0,1.0,1.0,0.0
2.4489795918367347,3.5714285714285716,-1.281454086303711,1.0,0.0,1.0,1.0,0.0
2.4489795918367347,3.673469387755102,-1.3188773393630981,1.0,0.0,1.0,1.0,0.0
2.4489795918367347,3.7755102040816326,-1.3567214012145996,1.0,0.0,1.0,1.0,0.0
2.4489795918367347,3.8775510204081636,-1.3952969312667847,1.0,0.0,1.0,1.0,0.0
2.4489795918367347,3.979591836734694,-1.4348506927490234,1.0,0.0,1.0,1.0,0.0
2.4489795918367347,4.081632653061225,-1.4755520820617676,1.0,0.0,1.0,1.0,0.0
2.4489795918367347,4.183673469387755,-1.5174908638000488,1.0,0.0,1.0,1.0,0.0
2.4489795918367347,4.285714285714286,-1.56067955493927,1.0,0.0,1.0,1.0,0.0
2.4489795918367347,4.387755102040816,-1.6050615310668945,1.0,0.0,1.0,1.0,0.0
2.4489795918367347,4.4897959183673475,-1.6505237817764282,1.0,0.0,1.0,1.0,0.0
2.4489795918367347,4.591836734693878,-1.6969077587127686,1.0,0.0,1.0,1.0,0.0
2.4489795918367347,4.6938775510204085,-1.7440264225006104,1.0,0.0,1.0,1.0,0.0
2.4489795918367347,4.795918367346939,-1.7916736602783203,1.0,0.0,1.0,1.0,0.0
2.4489795918367347,4.8979591836734695,-1.8396379947662354,1.0,0.0,1.0,1.0,0.0
2.4489795918367347,5.0,-1.8877094984054565,1.0,0.0,1.0,1.0,0.0
2.5510204081632653,0.0,-0.6602435111999512,1.0,0.116230436,1.0,1.0,0.8519038
2.5510204081632653,0.10204081632653061,-0.6276949644088745,1.0,0.11475633,1.0,1.0,0.466223
2.5510204081632653,0.20408163265306123,-0.5854375958442688,1.0,0.112489104,1.0,1.0,0.078390196
2.5510204081632653,0.30612244897959184,-0.5345163941383362,1.0,0.10949489,1.0,1.0,0.0
2.5510204081632653,0.40816326530612246,-0.47689101099967957,1.0,0.10585069,1.0,1.0,0.0
2.5510204081632653,0.5102040816326531,-0.41524896025657654,1.0,0.10162095,1.0,1.0,0.0
2.5510204081632653,0.6122448979591837,-0.35270634293556213,1.0,0.09684845,1.0,1.0,0.0
2.5510204081632653,0.7142857142857143,-0.29248306155204773,1.0,0.09156305,1.0,1.0,0.0
2.5510204081632653,0.8163265306122449,-0.23763805627822876,1.0,0.08580326,1.0,1.0,0.0
2.5510204081632653,0.9183673469387755,-0.19091665744781494,1.0,0.07964043,1.0,1.0,0.0
2.5510204081632653,1.0204081632653061,-0.1547163426876068,1.0,0.07319347,1.0,1.0,0.0
2.5510204081632653,1.1224489795918369,-0.13112545013427734,1.0,0.066625066,1.0,1.0,0.0
2.5510204081632653,1.2244897959183674,-0.121946781873703,1.0,0.060117915,1.0,1.0,0.0
2.5510204081632653,1.3265306122448979,-0.1286020278930664,1.0,0.053840995,1.0,1.0,0.0
2.5510204081632653,1.4285714285714286,-0.15182793140411377,1.0,0.047920708,1.0,1.0,0.0
2.5510204081632653,1.5306122448979593,-0.1911751925945282,1.0,0.0424287,1.0,1.0,0.0
2.5510204081632653,1.6326530612244898,-0.24453753232955933,1.0,0.03738639,1.0,1.0,0.0
2.5510204081632653,1.7346938775510203,-0.30816650390625,1.0,0.03277966,1.0,1.0,0.0
2.5510204081632653,1.836734693877551,-0.37748512625694275,1.0,0.028574184,1.0,1.0,0.0
2.5510204081632653,1.9387755102040818,-0.4483390152454376,1.0,0.024727127,1.0,1.0,0.0
2.5510204081632653,2.0408163265306123,-0.5178782939910889,1.0,0.021193527,1.0,1.0,0.0
2.5510204081632653,2.142857142857143,-0.5846526026725769,1.0,0.017929293,1.0,1.0,0.0
2.5510204081632653,2.2448979591836737,-0.6481896042823792,1.0,0.014892041,1.0,1.0,0.0
2.5510204081632653,2.3469387755102042,-0.7085121273994446,1.0,0.012041601,1.0,1.0,0.0
2.5510204081632653,2.4489795918367347,-0.7658203840255737,1.0,0.009340159,1.0,1.0,0.0
2.5510204081632653,2.5510204081632653,-0.8203387260437012,1.0,0.0067526633,1.0,1.0,0.0
2.5510204081632653,2.6530612244897958,-0.872268795967102,1.0,0.0042471653,1.0,1.0,0.0
2.5510204081632653,2.7551020408163267,-0.9217870831489563,1.0,0.0017949296,1.0,1.0,0.0
2.5510204081632653,2.857142857142857,-0.9690626859664917,1.0,0.0,1.0,1.0,0.0
2.5510204081632653,2.9591836734693877,-1.0142781734466553,1.0,0.0,1.0,1.0,0.0
2.5510204081632653,3.0612244897959187,-1.0576469898223877,1.0,0.0,1.0,1.0,0.0
2.5510204081632653,3.163265306122449,-1.099421501159668,1.0,0.0,1.0,1.0,0.0
2.5510204081632653,3.2653061224489797,-1.1398930549621582,1.0,0.0,1.0,1.0,0.0
2.5510204081632653,3.36734693877551,-1.1793882846832275,1.0,0.0,1.0,1.0,0.0
2.5510204081632653,3.4693877551020407,-1.218254804611206,1.0,0.0,1.0,1.0,0.0
2.5510204081632653,3.5714285714285716,-1.256849765777588,1.0,0.0,1.0,1.0,0.0
2.5510204081632653,3.673469387755102,-1.2955225706100464,1.0,0.0,1.0,1.0,0.0
2.5510204081632653,3.7755102040816326,-1.334599256515503,1.0,0.0,1.0,1.0,0.0
2.5510204081632653,3.8775510204081636,-1.374363660812378,1.0,0.0,1.0,1.0,0.0
2.5510204081632653,3.979591836734694,-1.4150447845458984,1.0,0.0,1.0,1.0,0.0
2.5510204081632653,4.081632653061225,-1.456804871559143,1.0,0.0,1.0,1.0,0.0
2.5510204081632653,4.183673469387755,-1.4997342824935913,1.0,0.0,1.0,1.0,0.0
2.5510204081632653,4.285714285714286,-1.5438514947891235,1.0,0.0,1.0,1.0,0.0
2.5510204081632653,4.387755102040816,-1.5891085863113403,1.0,0.0,1.0,1.0,0.0
2.5510204081632653,4.4897959183673475,-1.6354016065597534,1.0,0.0,1.0,1.0,0.0
2.5510204081632653,4.591836734693878,-1.6825807094573975,1.0,0.0,1.0,1.0,0.0
2.5510204081632653,4.6938775510204085,-1.7304656505584717,1.0,0.0,1.0,1.0,0.0
2.5510204081632653,4.795918367346939,-1.778855323791504,1.0,0.0,1.0,1.0,0.0
2.5510204081632653,4.8979591836734695,-1.827540397644043,1.0,0.0,1.0,1.0,0.0
2.5510204081632653,5.0,-1.8763128519058228,1.0,0.0,1.0,1.0,0.0
2.6530612244897958,0.0,-0.6107955574989319,1.0,0.11895655,1.0,1.0,0.95177335
2.6530612244897958,0.10204081632653061,-0.5839824676513672,1.0,0.11775767,1.0,1.0,0.56679696
2.6530612244897958,0.20408163265306123,-0.5473120212554932,1.0,0.1157514,1.0,1.0,0.17865078
2.6530612244897958,0.30612244897959184,-0.5015411376953125,1.0,0.11299444,1.0,1.0,0.0
2.6530612244897958,0.40816326530612246,-0.44834813475608826,1.0,0.10956044,1.0,1.0,0.0
2.6530612244897958,0.5102040816326531,-0.3902114927768707,1.0,0.10551505,1.0,1.0,0.0
2.6530612244897958,0.6122448979591837,-0.33014944195747375,1.0,0.1009035,1.0,1.0,0.0
2.6530612244897958,0.7142857142857143,-0.2714032828807831,1.0,0.09575608,1.0,1.0,0.0
2.6530612244897958,0.8163265306122449,-0.217146635055542,1.0,0.090107515,1.0,1.0,0.0
2.6530612244897958,0.9183673469387755,-0.170289546251297,1.0,0.08402146,1.0,1.0,0.0
2.6530612244897958,1.0204081632653061,-0.13339963555335999,1.0,0.07760769,1.0,1.0,0.0
2.6530612244897958,1.1224489795918369,-0.10870790481567383,1.0,0.07102271,1.0,1.0,0.0
2.6530612244897958,1.2244897959183674,-0.09812909364700317,1.0,0.06444996,1.0,1.0,0.0
2.6530612244897958,1.3265306122448979,-0.10318157076835632,1.0,0.058067087,1.0,1.0,0.0
2.6530612244897958,1.4285714285714286,-0.12471777200698853,1.0,0.052014556,1.0,1.0,0.0
2.6530612244897958,1.5306122448979593,-0.16244670748710632,1.0,0.04637878,1.0,1.0,0.0
2.6530612244897958,1.6326530612244898,-0.21444857120513916,1.0,0.04119298,1.0,1.0,0.0
2.6530612244897958,1.7346938775510203,-0.2771225571632385,1.0,0.036450304,1.0,1.0,0.0
2.6530612244897958,1.836734693877551,-0.34591829776763916,1.0,0.03211981,1.0,1.0,0.0
2.6530612244897958,1.9387755102040818,-0.4165780544281006,1.0,0.028159555,1.0,1.0,0.0
2.6530612244897958,2.0408163265306123,-0.48609206080436707,1.0,0.024524229,1.0,1.0,0.0
2.6530612244897958,2.142857142857143,-0.5528770685195923,1.0,0.021169001,1.0,1.0,0.0
2.6530612244897958,2.2448979591836737,-0.6163928508758545,1.0,0.018050736,1.0,1.0,0.0
2.6530612244897958,2.3469387755102042,-0.676650881767273,1.0,0.015128386,1.0,1.0,0.0
2.6530612244897958,2.4489795918367347,-0.7338740825653076,1.0,0.012363293,1.0,1.0,0.0
2.6530612244897958,2.5510204081632653,-0.7883270382881165,1.0,0.009719438,1.0,1.0,0.0
2.6530612244897958,2.6530612244897958,-0.8402561545372009,1.0,0.007163747,1.0,1.0,0.0
2.6530612244897958,2.7551020408163267,-0.8898817300796509,1.0,0.0046664467,1.0,1.0,0.0
2.6530612244897958,2.857142857142857,-0.937411904335022,1.0,0.00220118,1.0,1.0,0.0
2.6530612244897958,2.9591836734693877,-0.9830586314201355,1.0,0.0,1.0,1.0,0.0
2.6530612244897958,3.0612244897959187,-1.027052402496338,1.0,0.0,1.0,1.0,0.0
2.6530612244897958,3.163265306122449,-1.0696460008621216,1.0,0.0,1.0,1.0,0.0
2.6530612244897958,3.2653061224489797,-1.111116886138916,1.0,0.0,1.0,1.0,0.0
2.6530612244897958,3.36734693877551,-1.1517601013183594,1.0,0.0,1.0,1.0,0.0
2.6530612244897958,3.4693877551020407,-1.1918835639953613,1.0,0.0,1.0,1.0,0.0
2.6530612244897958,3.5714285714285716,-1.2317978143692017,1.0,0.0,1.0,1.0,0.0
2.6530612244897958,3.673469387755102,-1.2718074321746826,1.0,0.0,1.0,1.0,0.0
2.6530612244897958,3.7755102040816326,-1.3121962547302246,1.0,0.0,1.0,1.0,0.0
2.6530612244897958,3.8775510204081636,-1.3532185554504395,1.0,0.0,1.0,1.0,0.0
2.6530612244897958,3.979591836734694,-1.3950836658477783,1.0,0.0,1.0,1.0,0.0
2.6530612244897958,4.081632653061225,-1.437945008277893,1.0,0.0,1.0,1.0,0.0
2.6530612244897958,4.183673469387755,-1.48189377784729,1.0,0.0,1.0,1.0,0.0
2.6530612244897958,4.285714285714286,-1.526955008506775,1.0,0.0,1.0,1.0,0.0
2.6530612244897958,4.387755102040816,-1.5730915069580078,1.0,0.0,1.0,1.0,0.0
2.6530612244897958,4.4897959183673475,-1.6202105283737183,1.0,0.0,1.0,1.0,0.0
2.6530612244897958,4.591836734693878,-1.6681734323501587,1.0,0.0,1.0,1.0,0.0
2.6530612244897958,4.6938775510204085,-1.7168083190917969,1.0,0.0,1.0,1.0,0.0
2.6530612244897958,4.795918367346939,-1.765920877456665,1.0,0.0,1.0,1.0,0.0
2.6530612244897958,4.8979591836734695,-1.815306305885315,1.0,0.0,1.0,1.0,0.0
2.6530612244897958,5.0,-1.8647582530975342,1.0,0.0,1.0,1.0,0.0
2.7551020408163267,0.0,-0.5561280250549316,1.0,0.121632345,1.0,1.0,1.0
2.7551020408163267,0.10204081632653061,-0.5353513956069946,1.0,0.12071087,1.0,1.0,0.66723615
2.7551020408163267,0.20408163265306123,-0.5046405792236328,1.0,0.118970655,1.0,1.0,0.27899617
2.7551020408163267,0.30612244897959184,-0.46448299288749695,1.0,0.11645792,1.0,1.0,0.0
2.7551020408163267,0.40816326530612246,-0.4162672758102417,1.0,0.11324173,1.0,1.0,0.0
2.7551020408163267,0.5102040816326531,-0.3622298240661621,1.0,0.10938815,1.0,1.0,0.0
2.7551020408163267,0.6122448979591837,-0.30524346232414246,1.0,0.10494488,1.0,1.0,0.0
2.7551020408163267,0.7142857142857143,-0.24852168560028076,1.0,0.099943124,1.0,1.0,0.0
2.7551020408163267,0.8163265306122449,-0.19531765580177307,1.0,0.09441488,1.0,1.0,0.0
2.7551020408163267,0.9183673469387755,-0.14869165420532227,1.0,0.08841673,1.0,1.0,0.0
2.7551020408163267,1.0204081632653061,-0.11138340830802917,1.0,0.08204942,1.0,1.0,0.0
2.7551020408163267,1.1224489795918369,-0.08578333258628845,1.0,0.075462066,1.0,1.0,0.0
2.7551020408163267,1.2244897959183674,-0.0739334225654602,1.0,0.06883676,1.0,1.0,0.0
2.7551020408163267,1.3265306122448979,-0.07746246457099915,1.0,0.062357947,1.0,1.0,0.0
2.7551020408163267,1.4285714285714286,-0.0973418653011322,1.0,0.056179203,1.0,1.0,0.0
2.7551020408163267,1.5306122448979593,-0.1334390938282013,1.0,0.05040205,1.0,1.0,0.0
2.7551020408163267,1.6326530612244898,-0.18402540683746338,1.0,0.045072515,1.0,1.0,0.0
2.7551020408163267,1.7346938775510203,-0.24566003680229187,1.0,0.040192273,1.0,1.0,0.0
2.7551020408163267,1.836734693877551,-0.3138396441936493,1.0,0.035734687,1.0,1.0,0.0
2.7551020408163267,1.9387755102040818,-0.3842194080352783,1.0,0.03165914,1.0,1.0,0.0
2.7551020408163267,2.0408163265306123,-0.45363402366638184,1.0,0.027920224,1.0,1.0,0.0
2.7551020408163267,2.142857142857143,-0.5203664302825928,1.0,0.024472356,1.0,1.0,0.0
2.7551020408163267,2.2448979591836737,-0.5838052034378052,1.0,0.021271598,1.0,1.0,0.0
2.7551020408163267,2.3469387755102042,-0.6439500451087952,1.0,0.018276032,1.0,1.0,0.0
2.7551020408163267,2.4489795918367347,-0.7010483741760254,1.0,0.015446127,1.0,1.0,0.0
2.7551020408163267,2.5510204081632653,-0.7554076313972473,1.0,0.01274488,1.0,1.0,0.0
2.7551020408163267,2.6530612244897958,-0.8073203563690186,1.0,0.010138211,1.0,1.0,0.0
2.7551020408163267,2.7551020408163267,-0.8570538759231567,1.0,0.007595231,1.0,1.0,0.0
2.7551020408163267,2.857142857142857,-0.9048550128936768,1.0,0.005088507,1.0,1.0,0.0
2.7551020408163267,2.9591836734693877,-0.9509660005569458,1.0,0.002594144,1.0,1.0,0.0
2.7551020408163267,3.0612244897959187,-0.9956319332122803,1.0,9.183114e-05,1.0,1.0,0.0
2.7551020408163267,3.163265306122449,-1.0391055345535278,1.0,0.0,1.0,1.0,0.0
2.7551020408163267,3.2653061224489797,-1.0816456079483032,1.0,0.0,1.0,1.0,0.0
2.7551020408163267,3.36734693877551,-1.1235148906707764,1.0,0.0,1.0,1.0,0.0
2.7551020408163267,3.4693877551020407,-1.1649771928787231,1.0,0.0,1.0,1.0,0.0
2.7551020408163267,3.5714285714285716,-1.2062937021255493,1.0,0.0,1.0,1.0,0.0
2.7551020408163267,3.673469387755102,-1.247718334197998,1.0,0.0,1.0,1.0,0.0
2.7551020408163267,3.7755102040816326,-1.2894940376281738,1.0,0.0,1.0,1.0,0.0
2.7551020408163267,3.8775510204081636,-1.3318394422531128,1.0,0.0,1.0,1.0,0.0
2.7551020408163267,3.979591836734694,-1.3749428987503052,1.0,0.0,1.0,1.0,0.0
2.7551020408163267,4.081632653061225,-1.418947458267212,1.0,0.0,1.0,1.0,0.0
2.7551020408163267,4.183673469387755,-1.4639443159103394,1.0,0.0,1.0,1.0,0.0
2.7551020408163267,4.285714285714286,-1.5099658966064453,1.0,0.0,1.0,1.0,0.0
2.7551020408163267,4.387755102040816,-1.5569870471954346,1.0,0.0,1.0,1.0,0.0
2.7551020408163267,4.4897959183673475,-1.6049282550811768,1.0,0.0,1.0,1.0,0.0
2.7551020408163267,4.591836734693878,-1.6536638736724854,1.0,0.0,1.0,1.0,0.0
2.7551020408163267,4.6938775510204085,-1.7030330896377563,1.0,0.0,1.0,1.0,0.0
2.7551020408163267,4.795918367346939,-1.7528496980667114,1.0,0.0,1.0,1.0,0.0
2.7551020408163267,4.8979591836734695,-1.8029148578643799,1.0,0.0,1.0,1.0,0.0
2.7551020408163267,5.0,-1.8530257940292358,1.0,0.0,1.0,1.0,0.0
2.857142857142857,0.0,-0.4957667887210846,1.0,0.124257535,1.0,1.0,1.0
2.857142857142857,0.10204081632653061,-0.481338769197464,1.0,0.12361488,1.0,1.0,0.7674998
2.857142857142857,0.20408163265306123,-0.4569545388221741,1.0,0.122145124,1.0,1.0,0.37938184
2.857142857142857,0.30612244897959184,-0.4228605628013611,1.0,0.11988323,1.0,1.0,0.0
2.857142857142857,0.40816326530612246,-0.3801584541797638,1.0,0.11689231,1.0,1.0,0.0
2.857142857142857,0.5102040816326531,-0.330819308757782,1.0,0.11323792,1.0,1.0,0.0
2.857142857142857,0.6122448979591837,-0.27752822637557983,1.0,0.10897007,1.0,1.0,0.0
2.857142857142857,0.7142857142857143,-0.2234216034412384,1.0,0.104121424,1.0,1.0,0.0
2.857142857142857,0.8163265306122449,-0.1717904806137085,1.0,0.09872202,1.0,1.0,0.0
2.857142857142857,0.9183673469387755,-0.12581953406333923,1.0,0.09282236,1.0,1.0,0.0
2.857142857142857,1.0204081632653061,-0.08841806650161743,1.0,0.08651421,1.0,1.0,0.0
2.857142857142857,1.1224489795918369,-0.062145769596099854,1.0,0.07993847,1.0,1.0,0.0
2.857142857142857,1.2244897959183674,-0.04919019341468811,1.0,0.07327418,1.0,1.0,0.0
2.857142857142857,1.3265306122448979,-0.05130290985107422,1.0,0.06671041,1.0,1.0,0.0
2.857142857142857,1.4285714285714286,-0.0695827305316925,1.0,0.060412604,1.0,1.0,0.0
2.857142857142857,1.5306122448979593,-0.10405673086643219,1.0,0.054497253,1.0,1.0,0.0
2.857142857142857,1.6326530612244898,-0.15318948030471802,1.0,0.049024306,1.0,1.0,0.0
2.857142857142857,1.7346938775510203,-0.21371448040008545,1.0,0.044005115,1.0,1.0,0.0
2.857142857142857,1.836734693877551,-0.28119444847106934,1.0,0.039418407,1.0,1.0,0.0
2.857142857142857,1.9387755102040818,-0.351213663816452,1.0,0.03522545,1.0,1.0,0.0
2.857142857142857,2.0408163265306123,-0.42045947909355164,1.0,0.031381022,1.0,1.0,0.0
2.857142857142857,2.142857142857143,-0.48708024621009827,1.0,0.027838806,1.0,1.0,0.0
2.857142857142857,2.2448979591836737,-0.550391435623169,1.0,0.024554018,1.0,1.0,0.0
2.857142857142857,2.3469387755102042,-0.6103802919387817,1.0,0.021483868,1.0,1.0,0.0
2.857142857142857,2.4489795918367347,-0.6673210859298706,1.0,0.018587947,1.0,1.0,0.0
2.857142857142857,2.5510204081632653,-0.7215646505355835,1.0,0.01582828,1.0,1.0,0.0
2.857142857142857,2.6530612244897958,-0.7734540700912476,1.0,0.013169766,1.0,1.0,0.0
2.857142857142857,2.7551020408163267,-0.8233031034469604,1.0,0.01058044,1.0,1.0,0.0
2.857142857142857,2.857142857142857,-0.8713995814323425,1.0,0.008031788,1.0,1.0,0.0
2.857142857142857,2.9591836734693877,-0.9180128574371338,1.0,0.005498872,1.0,1.0,0.0
2.857142857142857,3.0612244897959187,-0.963401734828949,1.0,0.0029604612,1.0,1.0,0.0
2.857142857142857,3.163265306122449,-1.0078155994415283,1.0,0.00039892172,1.0,1.0,0.0
2.857142857142857,3.2653061224489797,-1.051492691040039,1.0,0.0,1.0,1.0,0.0
2.857142857142857,3.36734693877551,-1.0946604013442993,1.0,0.0,1.0,1.0,0.0
2.857142857142857,3.4693877551020407,-1.1375362873077393,1.0,0.0,1.0,1.0,0.0
2.857142857142857,3.5714285714285716,-1.1803290843963623,1.0,0.0,1.0,1.0,0.0
2.857142857142857,3.673469387755102,-1.2232422828674316,1.0,0.0,1.0,1.0,0.0
2.857142857142857,3.7755102040816326,-1.2664718627929688,1.0,0.0,1.0,1.0,0.0
2.857142857142857,3.8775510204081636,-1.3102014064788818,1.0,0.0,1.0,1.0,0.0
2.857142857142857,3.979591836734694,-1.3545942306518555,1.0,0.0,1.0,1.0,0.0
2.857142857142857,4.081632653061225,-1.3997825384140015,1.0,0.0,1.0,1.0,0.0
2.857142857142857,4.183673469387755,-1.4458565711975098,1.0,0.0,1.0,1.0,0.0
2.857142857142857,4.285714285714286,-1.4928557872772217,1.0,0.0,1.0,1.0,0.0
2.857142857142857,4.387755102040816,-1.5407689809799194,1.0,0.0,1.0,1.0,0.0
2.857142857142857,4.4897959183673475,-1.589530110359192,1.0,0.0,1.0,1.0,0.0
2.857142857142857,4.591836734693878,-1.6390290260314941,1.0,0.0,1.0,1.0,0.0
2.857142857142857,4.6938775510204085,-1.689117431640625,1.0,0.0,1.0,1.0,0.0
2.857142857142857,4.795918367346939,-1.7396200895309448,1.0,0.0,1.0,1.0,0.0
2.857142857142857,4.8979591836734695,-1.7903445959091187,1.0,0.0,1.0,1.0,0.0
2.857142857142857,5.0,-1.8410935401916504,1.0,0.0,1.0,1.0,0.0
2.9591836734693877,0.0,-0.42919620871543884,1.0,0.12683189,1.0,1.0,1.0
2.9591836734693877,0.10204081632653061,-0.4214484989643097,1.0,0.1264687,1.0,1.0,0.8675482
2.9591836734693877,0.20408163265306123,-0.40375787019729614,1.0,0.1252732,1.0,1.0,0.47976282
2.9591836734693877,0.30612244897959184,-0.37616732716560364,1.0,0.1232683,1.0,1.0,0.090932705
2.9591836734693877,0.40816326530612246,-0.3395039737224579,1.0,0.12050986,1.0,1.0,0.0
2.9591836734693877,0.5102040816326531,-0.29546114802360535,1.0,0.11706204,1.0,1.0,0.0
2.9591836734693877,0.6122448979591837,-0.24650141596794128,1.0,0.11297664,1.0,1.0,0.0
2.9591836734693877,0.7142857142857143,-0.19563798606395721,1.0,0.108288236,1.0,1.0,0.0
2.9591836734693877,0.8163265306122449,-0.1461522877216339,1.0,0.10302577,1.0,1.0,0.0
2.9591836734693877,0.9183673469387755,-0.10132136940956116,1.0,0.097234465,1.0,1.0,0.0
2.9591836734693877,1.0204081632653061,-0.06421023607254028,1.0,0.09099758,1.0,1.0,0.0
2.9591836734693877,1.1224489795918369,-0.037552982568740845,1.0,0.08444728,1.0,1.0,0.0
2.9591836734693877,1.2244897959183674,-0.023697735741734505,1.0,0.07775782,1.0,1.0,0.0
2.9591836734693877,1.3265306122448979,-0.024535315111279488,1.0,0.071120925,1.0,1.0,0.0
2.9591836734693877,1.4285714285714286,-0.041300415992736816,1.0,0.0647122,1.0,1.0,0.0
2.9591836734693877,1.5306122448979593,-0.07418331503868103,1.0,0.058662944,1.0,1.0,0.0
2.9591836734693877,1.6326530612244898,-0.12184634804725647,1.0,0.05304752,1.0,1.0,0.0
2.9591836734693877,1.7346938775510203,-0.18120700120925903,1.0,0.047888335,1.0,1.0,0.0
2.9591836734693877,1.836734693877551,-0.24791476130485535,1.0,0.043170493,1.0,1.0,0.0
2.9591836734693877,1.9387755102040818,-0.3175019323825836,1.0,0.038858,1.0,1.0,0.0
2.9591836734693877,2.0408163265306123,-0.3865170180797577,1.0,0.034906026,1.0,1.0,0.0
2.9591836734693877,2.142857142857143,-0.4529733657836914,1.0,0.031267688,1.0,1.0,0.0
2.9591836734693877,2.2448979591836737,-0.5161125659942627,1.0,0.027897261,1.0,1.0,0.0
2.9591836734693877,2.3469387755102042,-0.5759093761444092,1.0,0.024751125,1.0,1.0,0.0
2.9591836734693877,2.4489795918367347,-0.6326664686203003,1.0,0.021787917,1.0,1.0,0.0
2.9591836734693877,2.5510204081632653,-0.6867813467979431,1.0,0.018968718,1.0,1.0,0.0
2.9591836734693877,2.6530612244897958,-0.7386488914489746,1.0,0.01625744,1.0,1.0,0.0
2.9591836734693877,2.7551020408163267,-0.7886306643486023,1.0,0.013621087,1.0,1.0,0.0
2.9591836734693877,2.857142857142857,-0.837052583694458,1.0,0.011029978,1.0,1.0,0.0
2.9591836734693877,2.9591836734693877,-0.8842120170593262,1.0,0.008458185,1.0,1.0,0.0
2.9591836734693877,3.0612244897959187,-0.9303774237632751,1.0,0.0058834692,1.0,1.0,0.0
2.9591836734693877,3.163265306122449,-0.9757921695709229,1.0,0.003287376,1.0,1.0,0.0
2.9591836734693877,3.2653061224489797,-1.020670771598816,1.0,0.00065521797,1.0,1.0,0.0
2.9591836734693877,3.36734693877551,-1.0652039051055908,1.0,0.0,1.0,1.0,0.0
2.9591836734693877,3.4693877551020407,-1.1095600128173828,1.0,0.0,1.0,1.0,0.0
2.9591836734693877,3.5714285714285716,-1.153896450996399,1.0,0.0,1.0,1.0,0.0
2.9591836734693877,3.673469387755102,-1.1983623504638672,1.0,0.0,1.0,1.0,0.0
2.9591836734693877,3.7755102040816326,-1.2431070804595947,1.0,0.0,1.0,1.0,0.0
2.9591836734693877,3.8775510204081636,-1.2882763147354126,1.0,0.0,1.0,1.0,0.0
2.9591836734693877,3.979591836734694,-1.3340072631835938,1.0,0.0,1.0,1.0,0.0
2.9591836734693877,4.081632653061225,-1.3804187774658203,1.0,0.0,1.0,1.0,0.0
2.9591836734693877,4.183673469387755,-1.4275985956192017,1.0,0.0,1.0,1.0,0.0
2.9591836734693877,4.285714285714286,-1.4755949974060059,1.0,0.0,1.0,1.0,0.0
2.9591836734693877,4.387755102040816,-1.5244075059890747,1.0,0.0,1.0,1.0,0.0
2.9591836734693877,4.4897959183673475,-1.573988437652588,1.0,0.0,1.0,1.0,0.0
2.9591836734693877,4.591836734693878,-1.6242427825927734,1.0,0.0,1.0,1.0,0.0
2.9591836734693877,4.6938775510204085,-1.675037145614624,1.0,0.0,1.0,1.0,0.0
2.9591836734693877,4.795918367346939,-1.7262080907821655,1.0,0.0,1.0,1.0,0.0
2.9591836734693877,4.8979591836734695,-1.7775728702545166,1.0,0.0,1.0,1.0,0.0
2.9591836734693877,5.0,-1.8289387226104736,1.0,0.0,1.0,1.0,0.0
3.0612244897959187,0.0,-0.35586193203926086,1.0,0.12935522,1.0,1.0,1.0
3.0612244897959187,0.10204081632653061,-0.3551510274410248,1.0,0.12927145,1.0,1.0,0.96734625
3.0612244897959187,0.20408163265306123,-0.3445276916027069,1.0,0.12835333,1.0,1.0,0.5800967
3.0612244897959187,0.30612244897959184,-0.3238721191883087,1.0,0.12661104,1.0,1.0,0.19079104
3.0612244897959187,0.40816326530612246,-0.2937602400779724,1.0,0.12409215,1.0,1.0,0.0
3.0612244897959187,0.5102040816326531,-0.2556050717830658,1.0,0.12085815,1.0,1.0,0.0
3.0612244897959187,0.6122448979591837,-0.21162235736846924,1.0,0.11696225,1.0,1.0,0.0
3.0612244897959187,0.7142857142857143,-0.16465887427330017,1.0,0.11244104,1.0,1.0,0.0
3.0612244897959187,0.8163265306122449,-0.11793869733810425,1.0,0.10732316,1.0,1.0,0.0
3.0612244897959187,0.9183673469387755,-0.07479202747344971,1.0,0.101649456,1.0,1.0,0.0
3.0612244897959187,1.0204081632653061,-0.03841659426689148,1.0,0.095495276,1.0,1.0,0.0
3.0612244897959187,1.1224489795918369,-0.011718781664967537,1.0,0.0889838,1.0,1.0,0.0
3.0612244897959187,1.2244897959183674,0.002781866118311882,1.0,0.08228313,1.0,1.0,0.0
3.0612244897959187,1.3265306122448979,0.0030397307127714157,1.0,0.075585596,1.0,1.0,0.0
3.0612244897959187,1.4285714285714286,-0.012327464297413826,1.0,0.069075264,1.0,1.0,0.0
3.0612244897959187,1.5306122448979593,-0.04367893934249878,1.0,0.062897325,1.0,1.0,0.0
3.0612244897959187,1.6326530612244898,-0.08987922966480255,1.0,0.057141166,1.0,1.0,0.0
3.0612244897959187,1.7346938775510203,-0.14804038405418396,1.0,0.05184129,1.0,1.0,0.0
3.0612244897959187,1.836734693877551,-0.21391844749450684,1.0,0.046990477,1.0,1.0,0.0
3.0612244897959187,1.9387755102040818,-0.28301355242729187,1.0,0.04255625,1.0,1.0,0.0
3.0612244897959187,2.0408163265306123,-0.3517446517944336,1.0,0.038494613,1.0,1.0,0.0
3.0612244897959187,2.142857142857143,-0.4179927408695221,1.0,0.03475826,1.0,1.0,0.0
3.0612244897959187,2.2448979591836737,-0.48092374205589294,1.0,0.031300582,1.0,1.0,0.0
3.0612244897959187,2.3469387755102042,-0.5405013561248779,1.0,0.028076954,1.0,1.0,0.0
3.0612244897959187,2.4489795918367347,-0.5970573425292969,1.0,0.025045136,1.0,1.0,0.0
3.0612244897959187,2.5510204081632653,-0.6510396599769592,1.0,0.022165297,1.0,1.0,0.0
3.0612244897959187,2.6530612244897958,-0.7028958201408386,1.0,0.01940027,1.0,1.0,0.0
3.0612244897959187,2.7551020408163267,-0.7530351877212524,1.0,0.016716084,1.0,1.0,0.0
3.0612244897959187,2.857142857142857,-0.801821231842041,1.0,0.014081988,1.0,1.0,0.0
3.0612244897959187,2.9591836734693877,-0.8495754599571228,1.0,0.011470963,1.0,1.0,0.0
3.0612244897959187,3.0612244897959187,-0.8965736627578735,1.0,0.008859753,1.0,1.0,0.0
3.0612244897959187,3.163265306122449,-0.9430491924285889,1.0,0.006229001,1.0,1.0,0.0
3.0612244897959187,3.2653061224489797,-0.989190936088562,1.0,0.0035632243,1.0,1.0,0.0
3.0612244897959187,3.36734693877551,-1.035150408744812,1.0,0.00085083855,1.0,1.0,0.0
3.0612244897959187,3.4693877551020407,-1.0810471773147583,1.0,0.0,1.0,1.0,0.0
3.0612244897959187,3.5714285714285716,-1.1269850730895996,1.0,0.0,1.0,1.0,0.0
3.0612244897959187,3.673469387755102,-1.173060655593872,1.0,0.0,1.0,1.0,0.0
3.0612244897959187,3.7755102040816326,-1.2193745374679565,1.0,0.0,1.0,1.0,0.0
3.0612244897959187,3.8775510204081636,-1.2660335302352905,1.0,0.0,1.0,1.0,0.0
3.0612244897959187,3.979591836734694,-1.3131475448608398,1.0,0.0,1.0,1.0,0.0
3.0612244897959187,4.081632653061225,-1.360819935798645,1.0,0.0,1.0,1.0,0.0
3.0612244897959187,4.183673469387755,-1.4091355800628662,1.0,0.0,1.0,1.0,0.0
3.0612244897959187,4.285714285714286,-1.4581480026245117,1.0,0.0,1.0,1.0,0.0
3.0612244897959187,4.387755102040816,-1.5078712701797485,1.0,0.0,1.0,1.0,0.0
3.0612244897959187,4.4897959183673475,-1.5582730770111084,1.0,0.0,1.0,1.0,0.0
3.0612244897959187,4.591836734693878,-1.6092768907546997,1.0,0.0,1.0,1.0,0.0
3.0612244897959187,4.6938775510204085,-1.6607654094696045,1.0,0.0,1.0,1.0,0.0
3.0612244897959187,4.795918367346939,-1.7125890254974365,1.0,0.0,1.0,1.0,0.0
3.0612244897959187,4.8979591836734695,-1.7645750045776367,1.0,0.0,1.0,1.0,0.0
3.0612244897959187,5.0,-1.8165379762649536,1.0,0.0,1.0,1.0,0.0
3.163265306122449,0.0,-0.275180846452713,1.0,0.13182743,1.0,1.0,1.0
3.163265306122449,0.10204081632653061,-0.2818894684314728,1.0,0.1320224,1.0,1.0,1.0
3.163265306122449,0.20408163265306123,-0.27871814370155334,1.0,0.13138403,1.0,1.0,0.68034244
3.163265306122449,0.30612244897959184,-0.26542454957962036,1.0,0.12990949,1.0,1.0,0.29077518
3.163265306122449,0.40816326530612246,-0.24236300587654114,1.0,0.12763686,1.0,1.0,0.0
3.163265306122449,0.5102040816326531,-0.21067577600479126,1.0,0.12462385,1.0,1.0,0.0
3.163265306122449,0.6122448979591837,-0.17231592535972595,1.0,0.12092443,1.0,1.0,0.0
3.163265306122449,0.7142857142857143,-0.12992864847183228,1.0,0.11657727,1.0,1.0,0.0
3.163265306122449,0.8163265306122449,-0.08663517236709595,1.0,0.111611284,1.0,1.0,0.0
3.163265306122449,0.9183673469387755,-0.04577234387397766,1.0,0.10606389,1.0,1.0,0.0
3.163265306122449,1.0204081632653061,-0.010641248896718025,1.0,0.10000324,1.0,1.0,0.0
3.163265306122449,1.1224489795918369,0.015691516920924187,1.0,0.09354348,1.0,1.0,0.0
3.163265306122449,1.2244897959183674,0.0305288415402174,1.0,0.086845554,1.0,1.0,0.0
3.163265306122449,1.3265306122448979,0.03165715932846069,1.0,0.08010043,1.0,1.0,0.0
3.163265306122449,1.4285714285714286,0.017533717676997185,1.0,0.07349869,1.0,1.0,0.0
3.163265306122449,1.5306122448979593,-0.01237759180366993,1.0,0.06719836,1.0,1.0,0.0
3.163265306122449,1.6326530612244898,-0.057148635387420654,1.0,0.06130402,1.0,1.0,0.0
3.163265306122449,1.7346938775510203,-0.1140974760055542,1.0,0.055863284,1.0,1.0,0.0
3.163265306122449,1.836734693877551,-0.17910638451576233,1.0,0.050877795,1.0,1.0,0.0
3.163265306122449,1.9387755102040818,-0.24766260385513306,1.0,0.046319626,1.0,1.0,0.0
3.163265306122449,2.0408163265306123,-0.3160687983036041,1.0,0.04214617,1.0,1.0,0.0
3.163265306122449,2.142857142857143,-0.38207611441612244,1.0,0.038309846,1.0,1.0,0.0
3.163265306122449,2.2448979591836737,-0.44477391242980957,1.0,0.034763154,1.0,1.0,0.0
3.163265306122449,2.3469387755102042,-0.5041146278381348,1.0,0.03146052,1.0,1.0,0.0
3.163265306122449,2.4489795918367347,-0.5604633092880249,1.0,0.028358709,1.0,1.0,0.0
3.163265306122449,2.5510204081632653,-0.6143189668655396,1.0,0.025416952,1.0,1.0,0.0
3.163265306122449,2.6530612244897958,-0.6661837100982666,1.0,0.02259721,1.0,1.0,0.0
3.163265306122449,2.7551020408163267,-0.716514527797699,1.0,0.019864349,1.0,1.0,0.0
3.163265306122449,2.857142857142857,-0.7657114267349243,1.0,0.017186617,1.0,1.0,0.0
3.163265306122449,2.9591836734693877,-0.8141140937805176,1.0,0.014535922,1.0,1.0,0.0
3.163265306122449,3.0612244897959187,-0.8620035648345947,1.0,0.011887987,1.0,1.0,0.0
3.163265306122449,3.163265306122449,-0.9095991849899292,1.0,0.009222512,1.0,1.0,0.0
3.163265306122449,3.2653061224489797,-0.9570624232292175,1.0,0.0065231984,1.0,1.0,0.0
3.163265306122449,3.36734693877551,-1.0045032501220703,1.0,0.0037776893,1.0,1.0,0.0
3.163265306122449,3.4693877551020407,-1.0519933700561523,1.0,0.0009774594,1.0,1.0,0.0
3.163265306122449,3.5714285714285716,-1.0995830297470093,1.0,0.0,1.0,1.0,0.0
3.163265306122449,3.673469387755102,-1.1473166942596436,1.0,0.0,1.0,1.0,0.0
3.163265306122449,3.7755102040816326,-1.1952468156814575,1.0,0.0,1.0,1.0,0.0
3.163265306122449,3.8775510204081636,-1.243440866470337,1.0,0.0,1.0,1.0,0.0
3.163265306122449,3.979591836734694,-1.2919788360595703,1.0,0.0,1.0,1.0,0.0
3.163265306122449,4.081632653061225,-1.3409485816955566,1.0,0.0,1.0,1.0,0.0
3.163265306122449,4.183673469387755,-1.3904286623001099,1.0,0.0,1.0,1.0,0.0
3.163265306122449,4.285714285714286,-1.4404789209365845,1.0,0.0,1.0,1.0,0.0
3.163265306122449,4.387755102040816,-1.4911248683929443,1.0,0.0,1.0,1.0,0.0
3.163265306122449,4.4897959183673475,-1.5423518419265747,1.0,0.0,1.0,1.0,0.0
3.163265306122449,4.591836734693878,-1.5941011905670166,1.0,0.0,1.0,1.0,0.0
3.163265306122449,4.6938775510204085,-1.6462745666503906,1.0,0.0,1.0,1.0,0.0
3.163265306122449,4.795918367346939,-1.6987357139587402,1.0,0.0,1.0,1.0,0.0
3.163265306122449,4.8979591836734695,-1.7513253688812256,1.0,0.0,1.0,1.0,0.0
3.163265306122449,5.0,-1.8038655519485474,1.0,0.0,1.0,1.0,0.0
3.2653061224489797,0.0,-0.1865604668855667,1.0,0.13424839,1.0,1.0,1.0
3.2653061224489797,0.10204081632653061,-0.20109474658966064,1.0,0.13472083,1.0,1.0,1.0
3.2653061224489797,0.20408163265306123,-0.2057691365480423,1.0,0.13436392,1.0,1.0,0.78046066
3.2653061224489797,0.30612244897959184,-0.2002604901790619,1.0,0.13316163,1.0,1.0,0.39084285
3.2653061224489797,0.40816326530612246,-0.18473504483699799,1.0,0.13114172,1.0,1.0,0.002350228
3.2653061224489797,0.5102040816326531,-0.16007965803146362,1.0,0.12835681,1.0,1.0,0.0
3.2653061224489797,0.6122448979591837,-0.12798067927360535,1.0,0.12486077,1.0,1.0,0.0
3.2653061224489797,0.7142857142857143,-0.09085556864738464,1.0,0.12069443,1.0,1.0,0.0
3.2653061224489797,0.8163265306122449,-0.05167999863624573,1.0,0.115887366,1.0,1.0,0.0
3.2653061224489797,0.9183673469387755,-0.013751419261097908,1.0,0.11047452,1.0,1.0,0.0
3.2653061224489797,1.0204081632653061,0.01956513337790966,1.0,0.10451753,1.0,1.0,0.0
3.2653061224489797,1.1224489795918369,0.04506281018257141,1.0,0.09812177,1.0,1.0,0.0
3.2653061224489797,1.2244897959183674,0.059869199991226196,1.0,0.091440335,1.0,1.0,0.0
3.2653061224489797,1.3265306122448979,0.06159326434135437,1.0,0.08466109,1.0,1.0,0.0
3.2653061224489797,1.4285714285714286,0.04851686954498291,1.0,0.077979006,1.0,1.0,0.0
3.2653061224489797,1.5306122448979593,0.01991855911910534,1.0,0.07156368,1.0,1.0,0.0
3.2653061224489797,1.6326530612244898,-0.02348739095032215,1.0,0.06553463,1.0,1.0,0.0
3.2653061224489797,1.7346938775510203,-0.07923687994480133,1.0,0.059953462,1.0,1.0,0.0
3.2653061224489797,1.836734693877551,-0.14335715770721436,1.0,0.054831907,1.0,1.0,0.0
3.2653061224489797,1.9387755102040818,-0.21134528517723083,1.0,0.050147638,1.0,1.0,0.0
3.2653061224489797,2.0408163265306123,-0.27940085530281067,1.0,0.04586004,1.0,1.0,0.0
3.2653061224489797,2.142857142857143,-0.34514865279197693,1.0,0.041921664,1.0,1.0,0.0
3.2653061224489797,2.2448979591836737,-0.40760132670402527,1.0,0.03828415,1.0,1.0,0.0
3.2653061224489797,2.3469387755102042,-0.46670106053352356,1.0,0.03490087,1.0,1.0,0.0
3.2653061224489797,2.4489795918367347,-0.5228476524353027,1.0,0.031727612,1.0,1.0,0.0
3.2653061224489797,2.5510204081632653,-0.576594352722168,1.0,0.028722716,1.0,1.0,0.0
3.2653061224489797,2.6530612244897958,-0.6284990906715393,1.0,0.025847107,1.0,1.0,0.0
3.2653061224489797,2.7551020408163267,-0.6790649890899658,1.0,0.02306468,1.0,1.0,0.0
3.2653061224489797,2.857142857142857,-0.7287249565124512,1.0,0.020342642,1.0,1.0,0.0
3.2653061224489797,2.9591836734693877,-0.7778357863426208,1.0,0.017651789,1.0,1.0,0.0
3.2653061224489797,3.0612244897959187,-0.8266770839691162,1.0,0.014966878,1.0,1.0,0.0
3.2653061224489797,3.163265306122449,-0.8754520416259766,1.0,0.012266583,1.0,1.0,0.0
3.2653061224489797,3.2653061224489797,-0.9242910742759705,1.0,0.009533768,1.0,1.0,0.0
3.2653061224489797,3.36734693877551,-0.973263144493103,1.0,0.006755217,1.0,1.0,0.0
3.2653061224489797,3.4693877551020407,-1.0223917961120605,1.0,0.003921858,1.0,1.0,0.0
3.2653061224489797,3.5714285714285716,-1.0716757774353027,1.0,0.0010283468,1.0,1.0,0.0
3.2653061224489797,3.673469387755102,-1.121107816696167,1.0,0.0,1.0,1.0,0.0
3.2653061224489797,3.7755102040816326,-1.170694351196289,1.0,0.0,1.0,1.0,0.0
3.2653061224489797,3.8775510204081636,-1.2204623222351074,1.0,0.0,1.0,1.0,0.0
3.2653061224489797,3.979591836734694,-1.2704627513885498,1.0,0.0,1.0,1.0,0.0
3.2653061224489797,4.081632653061225,-1.3207635879516602,1.0,0.0,1.0,1.0,0.0
3.2653061224489797,4.183673469387755,-1.3714381456375122,1.0,0.0,1.0,1.0,0.0
3.2653061224489797,4.285714285714286,-1.4225478172302246,1.0,0.0,1.0,1.0,0.0
3.2653061224489797,4.387755102040816,-1.4741311073303223,1.0,0.0,1.0,1.0,0.0
3.2653061224489797,4.4897959183673475,-1.5261895656585693,1.0,0.0,1.0,1.0,0.0
3.2653061224489797,4.591836734693878,-1.5786840915679932,1.0,0.0,1.0,1.0,0.0
3.2653061224489797,4.6938775510204085,-1.6315335035324097,1.0,0.0,1.0,1.0,0.0
3.2653061224489797,4.795918367346939,-1.6846200227737427,1.0,0.0,1.0,1.0,0.0
3.2653061224489797,4.8979591836734695,-1.7377963066101074,1.0,0.0,1.0,1.0,0.0
3.2653061224489797,5.0,-1.7908947467803955,1.0,0.0,1.0,1.0,0.0
3.36734693877551,0.0,-0.0894232839345932,1.0,0.1366181,1.0,1.0,1.0
3.36734693877551,0.10204081632653061,-0.11220048367977142,1.0,0.13736618,1.0,1.0,1.0
3.36734693877551,0.20408163265306123,-0.12512268126010895,1.0,0.13729173,1.0,1.0,0.88041425
3.36734693877551,0.30612244897959184,-0.12781795859336853,1.0,0.1363656,1.0,1.0,0.49095225
3.36734693877551,0.40816326530612246,-0.12029793858528137,1.0,0.13460442,1.0,1.0,0.101607524
3.36734693877551,0.5102040816326531,-0.10321840643882751,1.0,0.13205458,1.0,1.0,0.0
3.36734693877551,0.6122448979591837,-0.07800248265266418,1.0,0.12876894,1.0,1.0,0.0
3.36734693877551,0.7142857142857143,-0.046823084354400635,1.0,0.12479001,1.0,1.0,0.0
3.36734693877551,0.8163265306122449,-0.012475432828068733,1.0,0.120148756,1.0,1.0,0.0
3.36734693877551,0.9183673469387755,0.02182927541434765,1.0,0.11487817,1.0,1.0,0.0
3.36734693877551,1.0204081632653061,0.05270475149154663,1.0,0.10903438,1.0,1.0,0.0
3.36734693877551,1.1224489795918369,0.0768337994813919,1.0,0.10271435,1.0,1.0,0.0
3.36734693877551,1.2244897959183674,0.09117947518825531,1.0,0.09606286,1.0,1.0,0.0
3.36734693877551,1.3265306122448979,0.09316729009151459,1.0,0.08926311,1.0,1.0,0.0
3.36734693877551,1.4285714285714286,0.08089417219161987,1.0,0.08251261,1.0,1.0,0.0
3.36734693877551,1.5306122448979593,0.05344194173812866,1.0,0.075990655,1.0,1.0,0.0
3.36734693877551,1.6326530612244898,0.01130237989127636,1.0,0.069831304,1.0,1.0,0.0
3.36734693877551,1.7346938775510203,-0.04328985512256622,1.0,0.06411079,1.0,1.0,0.0
3.36734693877551,1.836734693877551,-0.10652667284011841,1.0,0.05885214,1.0,1.0,0.0
3.36734693877551,1.9387755102040818,-0.17393788695335388,1.0,0.054039635,1.0,1.0,0.0
3.36734693877551,2.0408163265306123,-0.24163514375686646,1.0,0.049635623,1.0,1.0,0.0
3.36734693877551,2.142857142857143,-0.3071215748786926,1.0,0.045592997,1.0,1.0,0.0
3.36734693877551,2.2448979591836737,-0.3693341612815857,1.0,0.041862696,1.0,1.0,0.0
3.36734693877551,2.3469387755102042,-0.4282039701938629,1.0,0.038397085,1.0,1.0,0.0
3.36734693877551,2.4489795918367347,-0.4841679036617279,1.0,0.035150874,1.0,1.0,0.0
3.36734693877551,2.5510204081632653,-0.5378364324569702,1.0,0.032081466,1.0,1.0,0.0
3.36734693877551,2.6530612244897958,-0.5898230075836182,1.0,0.029148815,1.0,1.0,0.0
3.36734693877551,2.7551020408163267,-0.6406773328781128,1.0,0.026315833,1.0,1.0,0.0
3.36734693877551,2.857142857142857,-0.6908615231513977,1.0,0.02354869,1.0,1.0,0.0
3.36734693877551,2.9591836734693877,-0.7407443523406982,1.0,0.020817192,1.0,1.0,0.0
3.36734693877551,3.0612244897959187,-0.7906004190444946,1.0,0.018094948,1.0,1.0,0.0
3.36734693877551,3.163265306122449,-0.840612530708313,1.0,0.015359745,1.0,1.0,0.0
3.36734693877551,3.2653061224489797,-0.8908790349960327,1.0,0.012593417,1.0,1.0,0.0
3.36734693877551,3.36734693877551,-0.9414269924163818,1.0,0.009782043,1.0,1.0,0.0
3.36734693877551,3.4693877551020407,-0.9922332763671875,1.0,0.0069157584,1.0,1.0,0.0
3.36734693877551,3.5714285714285716,-1.0432462692260742,1.0,0.0039886637,1.0,1.0,0.0
3.36734693877551,3.673469387755102,-1.0944104194641113,1.0,0.0009985724,1.0,1.0,0.0
3.36734693877551,3.7755102040816326,-1.145686388015747,1.0,0.0,1.0,1.0,0.0
3.36734693877551,3.8775510204081636,-1.1970617771148682,1.0,0.0,1.0,1.0,0.0
3.36734693877551,3.979591836734694,-1.2485580444335938,1.0,0.0,1.0,1.0,0.0
3.36734693877551,4.081632653061225,-1.300222635269165,1.0,0.0,1.0,1.0,0.0
3.36734693877551,4.183673469387755,-1.3521196842193604,1.0,0.0,1.0,1.0,0.0
3.36734693877551,4.285714285714286,-1.4043129682540894,1.0,0.0,1.0,1.0,0.0
3.36734693877551,4.387755102040816,-1.4568500518798828,1.0,0.0,1.0,1.0,0.0
3.36734693877551,4.4897959183673475,-1.5097490549087524,1.0,0.0,1.0,1.0,0.0
3.36734693877551,4.591836734693878,-1.5629898309707642,1.0,0.0,1.0,1.0,0.0
3.36734693877551,4.6938775510204085,-1.6165103912353516,1.0,0.0,1.0,1.0,0.0
3.36734693877551,4.795918367346939,-1.6702110767364502,1.0,0.0,1.0,1.0,0.0
3.36734693877551,4.8979591836734695,-1.7239588499069214,1.0,0.0,1.0,1.0,0.0
3.36734693877551,5.0,-1.7775981426239014,1.0,0.0,1.0,1.0,0.0
3.4693877551020407,0.0,0.016763223335146904,1.0,0.13893643,1.0,1.0,1.0
3.4693877551020407,0.10204081632653061,-0.014670895412564278,1.0,0.13995783,1.0,1.0,1.0
3.4693877551020407,0.20408163265306123,-0.03624194860458374,1.0,0.14016622,1.0,1.0,0.9801688
3.4693877551020407,0.30612244897959184,-0.04755166172981262,1.0,0.13951962,1.0,1.0,0.5910627
3.4693877551020407,0.40816326530612246,-0.0484890341758728,1.0,0.13802277,1.0,1.0,0.20107487
3.4693877551020407,0.5102040816326531,-0.039504021406173706,1.0,0.13571475,1.0,1.0,0.0
3.4693877551020407,0.6122448979591837,-0.021768243983387947,1.0,0.13264644,1.0,1.0,0.0
3.4693877551020407,0.7142857142857143,0.0027960222214460373,1.0,0.12886165,1.0,1.0,0.0
3.4693877551020407,0.8163265306122449,0.031601518392562866,1.0,0.124392815,1.0,1.0,0.0
3.4693877551020407,0.9183673469387755,0.06156507134437561,1.0,0.119271904,1.0,1.0,0.0
3.4693877551020407,1.0204081632653061,0.08932521939277649,1.0,0.113550246,1.0,1.0,0.0
3.4693877551020407,1.1224489795918369,0.1114923506975174,1.0,0.10731706,1.0,1.0,0.0
3.4693877551020407,1.2244897959183674,0.1248842179775238,1.0,0.100708455,1.0,1.0,0.0
3.4693877551020407,1.3265306122448979,0.1267457753419876,1.0,0.09390197,1.0,1.0,0.0
3.4693877551020407,1.4285714285714286,0.11497996747493744,1.0,0.087095395,1.0,1.0,0.0
3.4693877551020407,1.5306122448979593,0.08846230804920197,1.0,0.08047624,1.0,1.0,0.0
3.4693877551020407,1.6326530612244898,0.04745209217071533,1.0,0.0741921,1.0,1.0,0.0
3.4693877551020407,1.7346938775510203,-0.0060568917542696,1.0,0.06833414,1.0,1.0,0.0
3.4693877551020407,1.836734693877551,-0.0684431791305542,1.0,0.06293769,1.0,1.0,0.0
3.4693877551020407,1.9387755102040818,-0.13529202342033386,1.0,0.057995033,1.0,1.0,0.0
3.4693877551020407,2.0408163265306123,-0.20264482498168945,1.0,0.053472243,1.0,1.0,0.0
3.4693877551020407,2.142857142857143,-0.2678891122341156,1.0,0.04932309,1.0,1.0,0.0
3.4693877551020407,2.2448979591836737,-0.3298851549625397,1.0,0.045497976,1.0,1.0,0.0
3.4693877551020407,2.3469387755102042,-0.3885543942451477,1.0,0.04194823,1.0,1.0,0.0
3.4693877551020407,2.4489795918367347,-0.4443722069263458,1.0,0.038627464,1.0,1.0,0.0
3.4693877551020407,2.5510204081632653,-0.49800750613212585,1.0,0.035492107,1.0,1.0,0.0
3.4693877551020407,2.6530612244897958,-0.5501314997673035,1.0,0.03250115,1.0,1.0,0.0
3.4693877551020407,2.7551020408163267,-0.6013374328613281,1.0,0.029616542,1.0,1.0,0.0
3.4693877551020407,2.857142857142857,-0.6521139144897461,1.0,0.02680347,1.0,1.0,0.0
3.4693877551020407,2.9591836734693877,-0.702837347984314,1.0,0.024030667,1.0,1.0,0.0
3.4693877551020407,3.0612244897959187,-0.7537730932235718,1.0,0.021270745,1.0,1.0,0.0
3.4693877551020407,3.163265306122449,-0.8050803542137146,1.0,0.018500421,1.0,1.0,0.0
3.4693877551020407,3.2653061224489797,-0.8568230867385864,1.0,0.015700648,1.0,1.0,0.0
3.4693877551020407,3.36734693877551,-0.908987283706665,1.0,0.012856605,1.0,1.0,0.0
3.4693877551020407,3.4693877551020407,-0.9615036845207214,1.0,0.0099576665,1.0,1.0,0.0
3.4693877551020407,3.5714285714285716,-1.014274001121521,1.0,0.006997303,1.0,1.0,0.0
3.4693877551020407,3.673469387755102,-1.0671966075897217,1.0,0.003972736,1.0,1.0,0.0
3.4693877551020407,3.7755102040816326,-1.120188593864441,1.0,0.00088479643,1.0,1.0,0.0
3.4693877551020407,3.8775510204081636,-1.1731998920440674,1.0,0.0,1.0,1.0,0.0
3.4693877551020407,3.979591836734694,-1.2262215614318848,1.0,0.0,1.0,1.0,0.0
3.4693877551020407,4.081632653061225,-1.2792800664901733,1.0,0.0,1.0,1.0,0.0
3.4693877551020407,4.183673469387755,-1.332427978515625,1.0,0.0,1.0,1.0,0.0
3.4693877551020407,4.285714285714286,-1.3857289552688599,1.0,0.0,1.0,1.0,0.0
3.4693877551020407,4.387755102040816,-1.4392386674880981,1.0,0.0,1.0,1.0,0.0
3.4693877551020407,4.4897959183673475,-1.4929900169372559,1.0,0.0,1.0,1.0,0.0
3.4693877551020407,4.591836734693878,-1.5469813346862793,1.0,0.0,1.0,1.0,0.0
3.4693877551020407,4.6938775510204085,-1.6011707782745361,1.0,0.0,1.0,1.0,0.0
3.4693877551020407,4.795918367346939,-1.6554771661758423,1.0,0.0,1.0,1.0,0.0
3.4693877551020407,4.8979591836734695,-1.7097835540771484,1.0,0.0,1.0,1.0,0.0
3.4693877551020407,5.0,-1.763946294784546,1.0,0.0,1.0,1.0,0.0
3.5714285714285716,0.0,0.13245271146297455,1.0,0.14120333,1.0,1.0,1.0
3.5714285714285716,0.10204081632653061,0.09197501838207245,1.0,0.14249536,1.0,1.0,1.0
3.5714285714285716,0.20408163265306123,0.061366647481918335,1.0,0.14298628,1.0,1.0,1.0
3.5714285714285716,0.30612244897959184,0.04104498028755188,1.0,0.1426218,1.0,1.0,0.69113415
3.5714285714285716,0.40816326530612246,0.03122025541961193,1.0,0.14139445,1.0,1.0,0.3007118
3.5714285714285716,0.5102040816326531,0.03162238001823425,1.0,0.13933486,1.0,1.0,0.0
3.5714285714285716,0.6122448979591837,0.041312068700790405,1.0,0.13649073,1.0,1.0,0.0
3.5714285714285716,0.7142857142857143,0.058617234230041504,1.0,0.13290678,1.0,1.0,0.0
3.5714285714285716,0.8163265306122449,0.08117705583572388,1.0,0.12861697,1.0,1.0,0.0
3.5714285714285716,0.9183673469387755,0.10607072710990906,1.0,0.12365279,1.0,1.0,0.0
3.5714285714285716,1.0204081632653061,0.13000795245170593,1.0,0.118061714,1.0,1.0,0.0
3.5714285714285716,1.1224489795918369,0.14956825971603394,1.0,0.11192576,1.0,1.0,0.0
3.5714285714285716,1.2244897959183674,0.16145338118076324,1.0,0.10537257,1.0,1.0,0.0
3.5714285714285716,1.3265306122448979,0.16273856163024902,1.0,0.0985729,1.0,1.0,0.0
3.5714285714285716,1.4285714285714286,0.15113018453121185,1.0,0.09172326,1.0,1.0,0.0
3.5714285714285716,1.5306122448979593,0.12528778612613678,1.0,0.08501718,1.0,1.0,0.0
3.5714285714285716,1.6326530612244898,0.08522886037826538,1.0,0.078614734,1.0,1.0,0.0
3.5714285714285716,1.7346938775510203,0.03269249200820923,1.0,0.072622046,1.0,1.0,0.0
3.5714285714285716,1.836734693877551,-0.028905587270855904,1.0,0.06708773,1.0,1.0,0.0
3.5714285714285716,1.9387755102040818,-0.09523361921310425,1.0,0.062013213,1.0,1.0,0.0
3.5714285714285716,2.0408163265306123,-0.16227987408638,1.0,0.057369255,1.0,1.0,0.0
3.5714285714285716,2.142857142857143,-0.22732436656951904,1.0,0.053111196,1.0,1.0,0.0
3.5714285714285716,2.2448979591836737,-0.28915122151374817,1.0,0.04918911,1.0,1.0,0.0
3.5714285714285716,2.3469387755102042,-0.34767037630081177,1.0,0.045553304,1.0,1.0,0.0
3.5714285714285716,2.4489795918367347,-0.40339744091033936,1.0,0.0421563,1.0,1.0,0.0
3.5714285714285716,2.5510204081632653,-0.4570615589618683,1.0,0.03895345,1.0,1.0,0.0
3.5714285714285716,2.6530612244897958,-0.5093918442726135,1.0,0.035902847,1.0,1.0,0.0
3.5714285714285716,2.7551020408163267,-0.5610237121582031,1.0,0.032965492,1.0,1.0,0.0
3.5714285714285716,2.857142857142857,-0.6124688386917114,1.0,0.030105548,1.0,1.0,0.0
3.5714285714285716,2.9591836734693877,-0.6641066670417786,1.0,0.02729075,1.0,1.0,0.0
3.5714285714285716,3.0612244897959187,-0.7161888480186462,1.0,0.02449266,1.0,1.0,0.0
3.5714285714285716,3.163265306122449,-0.7688484787940979,1.0,0.021687036,1.0,1.0,0.0
3.5714285714285716,3.2653061224489797,-0.8221139311790466,1.0,0.018853787,1.0,1.0,0.0
3.5714285714285716,3.36734693877551,-0.8759302496910095,1.0,0.01597726,1.0,1.0,0.0
3.5714285714285716,3.4693877551020407,-0.9301849603652954,1.0,0.013045971,1.0,1.0,0.0
3.5714285714285716,3.5714285714285716,-0.9847349524497986,1.0,0.01005268,1.0,1.0,0.0
3.5714285714285716,3.673469387755102,-1.0394366979599,1.0,0.006994064,1.0,1.0,0.0
3.5714285714285716,3.7755102040816326,-1.0941658020019531,1.0,0.0038704155,1.0,1.0,0.0
3.5714285714285716,3.8775510204081636,-1.148836374282837,1.0,0.000685363,1.0,1.0,0.0
3.5714285714285716,3.979591836734694,-1.203409194946289,1.0,0.0,1.0,1.0,0.0
3.5714285714285716,4.081632653061225,-1.2578887939453125,1.0,0.0,1.0,1.0,0.0
3.5714285714285716,4.183673469387755,-1.3123154640197754,1.0,0.0,1.0,1.0,0.0
3.5714285714285716,4.285714285714286,-1.3667492866516113,1.0,0.0,1.0,1.0,0.0
3.5714285714285716,4.387755102040816,-1.4212522506713867,1.0,0.0,1.0,1.0,0.0
3.5714285714285716,4.4897959183673475,-1.4758703708648682,1.0,0.0,1.0,1.0,0.0
3.5714285714285716,4.591836734693878,-1.5306198596954346,1.0,0.0,1.0,1.0,0.0
3.5714285714285716,4.6938775510204085,-1.5854783058166504,1.0,0.0,1.0,1.0,0.0
3.5714285714285716,4.795918367346939,-1.6403839588165283,1.0,0.0,1.0,1.0,0.0
3.5714285714285716,4.8979591836734695,-1.695237398147583,1.0,0.0,1.0,1.0,0.0
3.5714285714285716,5.0,-1.7499089241027832,1.0,0.0,1.0,1.0,0.0
3.673469387755102,0.0,0.2579875886440277,1.0,0.14341867,1.0,1.0,1.0
3.673469387755102,0.10204081632653061,0.2081354707479477,1.0,0.14497821,1.0,1.0,1.0
3.673469387755102,0.20408163265306123,0.1681312620639801,1.0,0.1457508,1.0,1.0,1.0
3.673469387755102,0.30612244897959184,0.13842231035232544,1.0,0.14567047,1.0,1.0,0.7911289
3.673469387755102,0.40816326530612246,0.11930447816848755,1.0,0.14471729,1.0,1.0,0.40047807
3.673469387755102,0.5102040816326531,0.11066627502441406,1.0,0.14291239,1.0,1.0,0.012109073
3.673469387755102,0.6122448979591837,0.11178311705589294,1.0,0.14029932,1.0,1.0,0.0
3.673469387755102,0.7142857142857143,0.12122294306755066,1.0,0.13692288,1.0,1.0,0.0
3.673469387755102,0.8163265306122449,0.13685929775238037,1.0,0.1328186,1.0,1.0,0.0
3.673469387755102,0.9183673469387755,0.15596044063568115,1.0,0.12801804,1.0,1.0,0.0
3.673469387755102,1.0204081632653061,0.17534911632537842,1.0,0.1225655,1.0,1.0,0.0
3.673469387755102,1.1224489795918369,0.1916193664073944,1.0,0.11653663,1.0,1.0,0.0
3.673469387755102,1.2244897959183674,0.20139339566230774,1.0,0.11005076,1.0,1.0,0.0
3.673469387755102,1.3265306122448979,0.2015952467918396,1.0,0.10327129,1.0,1.0,0.0
3.673469387755102,1.4285714285714286,0.18973977863788605,1.0,0.09639179,1.0,1.0,0.0
3.673469387755102,1.5306122448979593,0.16426363587379456,1.0,0.08960992,1.0,1.0,0.0
3.673469387755102,1.6326530612244898,0.12493462860584259,1.0,0.08309672,1.0,1.0,0.0
3.673469387755102,1.7346938775510203,0.07322302460670471,1.0,0.07697297,1.0,1.0,0.0
3.673469387755102,1.836734693877551,0.012316880747675896,1.0,0.071301304,1.0,1.0,0.0
3.673469387755102,1.9387755102040818,-0.053559839725494385,1.0,0.06609348,1.0,1.0,0.0
3.673469387755102,2.0408163265306123,-0.12036506831645966,1.0,0.061326064,1.0,1.0,0.0
3.673469387755102,2.142857142857143,-0.18527919054031372,1.0,0.056956623,1.0,1.0,0.0
3.673469387755102,2.2448979591836737,-0.2470092475414276,1.0,0.05293527,1.0,1.0,0.0
3.673469387755102,2.3469387755102042,-0.30545368790626526,1.0,0.049211375,1.0,1.0,0.0
3.673469387755102,2.4489795918367347,-0.36116695404052734,1.0,0.04573636,1.0,1.0,0.0
3.673469387755102,2.5510204081632653,-0.4149407148361206,1.0,0.042464465,1.0,1.0,0.0
3.673469387755102,2.6530612244897958,-0.4675612151622772,1.0,0.039352793,1.0,1.0,0.0
3.673469387755102,2.7551020408163267,-0.5197051763534546,1.0,0.036361415,1.0,1.0,0.0
3.673469387755102,2.857142857142857,-0.5719027519226074,1.0,0.033453565,1.0,1.0,0.0
3.673469387755102,2.9591836734693877,-0.6245334148406982,1.0,0.030595986,1.0,1.0,0.0
3.673469387755102,3.0612244897959187,-0.6778316497802734,1.0,0.027759193,1.0,1.0,0.0
3.673469387755102,3.163265306122449,-0.7319011688232422,1.0,0.024917921,1.0,1.0,0.0
3.673469387755102,3.2653061224489797,-0.7867342233657837,1.0,0.022051161,1.0,1.0,0.0
3.673469387755102,3.36734693877551,-0.8422357439994812,1.0,0.01914223,1.0,1.0,0.0
3.673469387755102,3.4693877551020407,-0.8982523679733276,1.0,0.016178902,1.0,1.0,0.0
3.673469387755102,3.5714285714285716,-0.9546005129814148,1.0,0.01315315,1.0,1.0,0.0
3.673469387755102,3.673469387755102,-1.0110960006713867,1.0,0.010060935,1.0,1.0,0.0
3.673469387755102,3.7755102040816326,-1.0675783157348633,1.0,0.0069020586,1.0,1.0,0.0
3.673469387755102,3.8775510204081636,-1.1239272356033325,1.0,0.0036797365,1.0,1.0,0.0
3.673469387755102,3.979591836734694,-1.1800733804702759,1.0,0.0004000095,1.0,1.0,0.0
3.673469387755102,4.081632653061225,-1.2359998226165771,1.0,0.0,1.0,1.0,0.0
3.673469387755102,4.183673469387755,-1.291731834411621,1.0,0.0,1.0,1.0,0.0
3.673469387755102,4.285714285714286,-1.3473241329193115,1.0,0.0,1.0,1.0,0.0
3.673469387755102,4.387755102040816,-1.4028427600860596,1.0,0.0,1.0,1.0,0.0
3.673469387755102,4.4897959183673475,-1.45834481716156,1.0,0.0,1.0,1.0,0.0
3.673469387755102,4.591836734693878,-1.5138627290725708,1.0,0.0,1.0,1.0,0.0
3.673469387755102,4.6938775510204085,-1.5693941116333008,1.0,0.0,1.0,1.0,0.0
3.673469387755102,4.795918367346939,-1.6248961687088013,1.0,0.0,1.0,1.0,0.0
3.673469387755102,4.8979591836734695,-1.6802873611450195,1.0,0.0,1.0,1.0,0.0
3.673469387755102,5.0,-1.7354540824890137,1.0,0.0,1.0,1.0,0.0
3.7755102040816326,0.0,0.3935646116733551,1.0,0.14558236,1.0,1.0,1.0
3.7755102040816326,0.10204081632653061,0.33410218358039856,1.0,0.14740595,1.0,1.0,1.0
3.7755102040816326,0.20408163265306123,0.284395307302475,1.0,0.14845885,1.0,1.0,1.0
3.7755102040816326,0.30612244897959184,0.24495476484298706,1.0,0.14866403,1.0,1.0,0.8910099
3.7755102040816326,0.40816326530612246,0.21616755425930023,1.0,0.14798908,1.0,1.0,0.50033313
3.7755102040816326,0.5102040816326531,0.19806653261184692,1.0,0.14644487,1.0,1.0,0.110951625
3.7755102040816326,0.6122448979591837,0.19012382626533508,1.0,0.14406963,1.0,1.0,0.0
3.7755102040816326,0.7142857142857143,0.1911362111568451,1.0,0.1409074,1.0,1.0,0.0
3.7755102040816326,0.8163265306122449,0.19920945167541504,1.0,0.13699515,1.0,1.0,0.0
3.7755102040816326,0.9183673469387755,0.21181924641132355,1.0,0.13236485,1.0,1.0,0.0
3.7755102040816326,1.0204081632653061,0.22593550384044647,1.0,0.12705849,1.0,1.0,0.0
3.7755102040816326,1.1224489795918369,0.2382107824087143,1.0,0.12114595,1.0,1.0,0.0
3.7755102040816326,1.2244897959183674,0.24522891640663147,1.0,0.114738725,1.0,1.0,0.0
3.7755102040816326,1.3265306122448979,0.24379214644432068,1.0,0.107992485,1.0,1.0,0.0
3.7755102040816326,1.4285714285714286,0.2312328815460205,1.0,0.1010965,1.0,1.0,0.0
3.7755102040816326,1.5306122448979593,0.20576640963554382,1.0,0.09425061,1.0,1.0,0.0
3.7755102040816326,1.6326530612244898,0.16690188646316528,1.0,0.087635204,1.0,1.0,0.0
3.7755102040816326,1.7346938775510203,0.11582817137241364,1.0,0.08138505,1.0,1.0,0.0
3.7755102040816326,1.836734693877551,0.055484652519226074,1.0,0.07557729,1.0,1.0,0.0
3.7755102040816326,1.9387755102040818,-0.010041089728474617,1.0,0.07023508,1.0,1.0,0.0
3.7755102040816326,2.0408163265306123,-0.07669925689697266,1.0,0.06534203,1.0,1.0,0.0
3.7755102040816326,2.142857142857143,-0.14158061146736145,1.0,0.060858697,1.0,1.0,0.0
3.7755102040816326,2.2448979591836737,-0.20331530272960663,1.0,0.056735657,1.0,1.0,0.0
3.7755102040816326,2.3469387755102042,-0.2617863714694977,1.0,0.05292159,1.0,1.0,0.0
3.7755102040816326,2.4489795918367347,-0.31758806109428406,1.0,0.049366646,1.0,1.0,0.0
3.7755102040816326,2.5510204081632653,-0.3715724050998688,1.0,0.046024,1.0,1.0,0.0
3.7755102040816326,2.6530612244897958,-0.4245835840702057,1.0,0.042849723,1.0,1.0,0.0
3.7755102040816326,2.7551020408163267,-0.4773373305797577,1.0,0.039803002,1.0,1.0,0.0
3.7755102040816326,2.857142857142857,-0.5303815007209778,1.0,0.03684612,1.0,1.0,0.0
3.7755102040816326,2.9591836734693877,-0.5840890407562256,1.0,0.03394486,1.0,1.0,0.0
3.7755102040816326,3.0612244897959187,-0.6386752128601074,1.0,0.03106876,1.0,1.0,0.0
3.7755102040816326,3.163265306122449,-0.6942131519317627,1.0,0.028191496,1.0,1.0,0.0
3.7755102040816326,3.2653061224489797,-0.7506577968597412,1.0,0.025291057,1.0,1.0,0.0
3.7755102040816326,3.36734693877551,-0.8078757524490356,1.0,0.022349859,1.0,1.0,0.0
3.7755102040816326,3.4693877551020407,-0.8656753301620483,1.0,0.019354744,1.0,1.0,0.0
3.7755102040816326,3.5714285714285716,-0.9238356947898865,1.0,0.016296865,1.0,1.0,0.0
3.7755102040816326,3.673469387755102,-0.9821372032165527,1.0,0.013171601,1.0,1.0,0.0
3.7755102040816326,3.7755102040816326,-1.0403846502304077,1.0,0.00997812,1.0,1.0,0.0
3.7755102040816326,3.8775510204081636,-1.098426342010498,1.0,0.0067191003,1.0,1.0,0.0
3.7755102040816326,3.979591836734694,-1.1561654806137085,1.0,0.0034002652,1.0,1.0,0.0
3.7755102040816326,4.081632653061225,-1.2135614156723022,1.0,2.9752904e-05,1.0,1.0,0.0
3.7755102040816326,4.183673469387755,-1.2706243991851807,1.0,0.0,1.0,1.0,0.0
3.7755102040816326,4.285714285714286,-1.3274017572402954,1.0,0.0,1.0,1.0,0.0
3.7755102040816326,4.387755102040816,-1.383960247039795,1.0,0.0,1.0,1.0,0.0
3.7755102040816326,4.4897959183673475,-1.4403660297393799,1.0,0.0,1.0,1.0,0.0
3.7755102040816326,4.591836734693878,-1.4966661930084229,1.0,0.0,1.0,1.0,0.0
3.7755102040816326,4.6938775510204085,-1.5528768301010132,1.0,0.0,1.0,1.0,0.0
3.7755102040816326,4.795918367346939,-1.6089750528335571,1.0,0.0,1.0,1.0,0.0
3.7755102040816326,4.8979591836734695,-1.664898157119751,1.0,0.0,1.0,1.0,0.0
3.7755102040816326,5.0,-1.7205491065979004,1.0,0.0,1.0,1.0,0.0
3.8775510204081636,0.0,0.5392057299613953,1.0,0.14769429,1.0,1.0,1.0
3.8775510204081636,0.10204081632653061,0.47003623843193054,1.0,0.1497782,1.0,1.0,1.0
3.8775510204081636,0.20408163265306123,0.4104030430316925,1.0,0.15110944,1.0,1.0,1.0
3.8775510204081636,0.30612244897959184,0.3609355390071869,1.0,0.15160088,1.0,1.0,0.9907423
3.8775510204081636,0.40816326530612246,0.3221351206302643,1.0,0.15120764,1.0,1.0,0.60023713
3.8775510204081636,0.5102040816326531,0.29418137669563293,1.0,0.14992984,1.0,1.0,0.21004617
3.8775510204081636,0.6122448979591837,0.27673301100730896,1.0,0.14779903,1.0,1.0,0.0
3.8775510204081636,0.7142857142857143,0.2688010632991791,1.0,0.14485775,1.0,1.0,0.0
3.8775510204081636,0.8163265306122449,0.2687188386917114,1.0,0.14114399,1.0,1.0,0.0
3.8775510204081636,0.9183673469387755,0.27417656779289246,1.0,0.13669059,1.0,1.0,0.0
3.8775510204081636,1.0204081632653061,0.2823161780834198,1.0,0.13153763,1.0,1.0,0.0
3.8775510204081636,1.1224489795918369,0.28988882899284363,1.0,0.12575015,1.0,1.0,0.0
3.8775510204081636,1.2244897959183674,0.29348355531692505,1.0,0.119432315,1.0,1.0,0.0
3.8775510204081636,1.3265306122448979,0.28981390595436096,1.0,0.11273186,1.0,1.0,0.0
3.8775510204081636,1.4285714285714286,0.2760509252548218,1.0,0.105832756,1.0,1.0,0.0
3.8775510204081636,1.5306122448979593,0.2501925826072693,1.0,0.09893523,1.0,1.0,0.0
3.8775510204081636,1.6326530612244898,0.21148554980754852,1.0,0.09222709,1.0,1.0,0.0
3.8775510204081636,1.7346938775510203,0.16082598268985748,1.0,0.08585621,1.0,1.0,0.0
3.8775510204081636,1.836734693877551,0.10088244080543518,1.0,0.079914406,1.0,1.0,0.0
3.8775510204081636,1.9387755102040818,0.03557738661766052,1.0,0.074437246,1.0,1.0,0.0
3.8775510204081636,2.0408163265306123,-0.031056227162480354,1.0,0.069416516,1.0,1.0,0.0
3.8775510204081636,2.142857142857143,-0.09603182971477509,1.0,0.064816765,1.0,1.0,0.0
3.8775510204081636,2.2448979591836737,-0.1579025536775589,1.0,0.060589574,1.0,1.0,0.0
3.8775510204081636,2.3469387755102042,-0.21653178334236145,1.0,0.056683015,1.0,1.0,0.0
3.8775510204081636,2.4489795918367347,-0.2725493013858795,1.0,0.05304615,1.0,1.0,0.0
3.8775510204081636,2.5510204081632653,-0.32686758041381836,1.0,0.049630936,1.0,1.0,0.0
3.8775510204081636,2.6530612244897958,-0.3803882300853729,1.0,0.04639248,1.0,1.0,0.0
3.8775510204081636,2.7551020408163267,-0.43386393785476685,1.0,0.043289006,1.0,1.0,0.0
3.8775510204081636,2.857142857142857,-0.4878562390804291,1.0,0.040281866,1.0,1.0,0.0
3.8775510204081636,2.9591836734693877,-0.542731523513794,1.0,0.037335943,1.0,1.0,0.0
3.8775510204081636,3.0612244897959187,-0.5986815690994263,1.0,0.034419756,1.0,1.0,0.0
3.8775510204081636,3.163265306122449,-0.6557471752166748,1.0,0.03150603,1.0,1.0,0.0
3.8775510204081636,3.2653061224489797,-0.7138475179672241,1.0,0.028571757,1.0,1.0,0.0
3.8775510204081636,3.36734693877551,-0.77281254529953,1.0,0.025598304,1.0,1.0,0.0
3.8775510204081636,3.4693877551020407,-0.8324147462844849,1.0,0.022571653,1.0,1.0,0.0
3.8775510204081636,3.5714285714285716,-0.8923999071121216,1.0,0.01948213,1.0,1.0,0.0
3.8775510204081636,3.673469387755102,-0.9525159597396851,1.0,0.016324317,1.0,1.0,0.0
3.8775510204081636,3.7755102040816326,-1.0125374794006348,1.0,0.013096801,1.0,1.0,0.0
3.8775510204081636,3.8775510204081636,-1.07228422164917,1.0,0.009801743,1.0,1.0,0.0
3.8775510204081636,3.979591836734694,-1.1316323280334473,1.0,0.006444444,1.0,1.0,0.0
3.8775510204081636,4.081632653061225,-1.1905193328857422,1.0,0.003032784,1.0,1.0,0.0
3.8775510204081636,4.183673469387755,-1.248938798904419,1.0,0.0,1.0,1.0,0.0
3.8775510204081636,4.285714285714286,-1.3069278001785278,1.0,0.0,1.0,1.0,0.0
3.8775510204081636,4.387755102040816,-1.3645517826080322,1.0,0.0,1.0,1.0,0.0
3.8775510204081636,4.4897959183673475,-1.4218833446502686,1.0,0.0,1.0,1.0,0.0
3.8775510204081636,4.591836734693878,-1.4789830446243286,1.0,0.0,1.0,1.0,0.0
3.8775510204081636,4.6938775510204085,-1.5358830690383911,1.0,0.0,1.0,1.0,0.0
3.8775510204081636,4.795918367346939,-1.5925805568695068,1.0,0.0,1.0,1.0,0.0
3.8775510204081636,4.8979591836734695,-1.649032473564148,1.0,0.0,1.0,1.0,0.0
3.8775510204081636,5.0,-1.7051588296890259,1.0,0.0,1.0,1.0,0.0
3.979591836734694,0.0,0.6947179436683655,1.0,0.14975429,1.0,1.0,1.0
3.979591836734694,0.10204081632653061,0.6159425973892212,1.0,0.15209451,1.0,1.0,1.0
3.979591836734694,0.20408163265306123,0.5462851524353027,1.0,0.15370171,1.0,1.0,1.0
3.979591836734694,0.30612244897959184,0.4865674078464508,1.0,0.15447946,1.0,1.0,1.0
3.979591836734694,0.40816326530612246,0.4374537169933319,1.0,0.15437095,1.0,1.0,0.70015085
3.979591836734694,0.5102040816326531,0.39928990602493286,1.0,0.1533647,1.0,1.0,0.3093537
3.979591836734694,0.6122448979591837,0.37192320823669434,1.0,0.15148483,1.0,1.0,0.0
3.979591836734694,0.7142857142857143,0.3545733094215393,1.0,0.14877121,1.0,1.0,0.0
3.979591836734694,0.8163265306122449,0.3457910120487213,1.0,0.14526252,1.0,1.0,0.0
3.979591836734694,0.9183673469387755,0.3434816896915436,1.0,0.14099246,1.0,1.0,0.0
3.979591836734694,1.0204081632653061,0.3449748456478119,1.0,0.13599995,1.0,1.0,0.0
3.979591836734694,1.1224489795918369,0.34715259075164795,1.0,0.13034584,1.0,1.0,0.0
3.979591836734694,1.2244897959183674,0.34664979577064514,1.0,0.124127485,1.0,1.0,0.0
3.979591836734694,1.3265306122448979,0.34013089537620544,1.0,0.1174849,1.0,1.0,0.0
3.979591836734694,1.4285714285714286,0.3246306777000427,1.0,0.11059595,1.0,1.0,0.0
3.979591836734694,1.5306122448979593,0.297942578792572,1.0,0.10365949,1.0,1.0,0.0
3.979591836734694,1.6326530612244898,0.25905001163482666,1.0,0.09686897,1.0,1.0,0.0
3.979591836734694,1.7346938775510203,0.20854665338993073,1.0,0.09038406,1.0,1.0,0.0
3.979591836734694,1.836734693877551,0.14881008863449097,1.0,0.084311165,1.0,1.0,0.0
3.979591836734694,1.9387755102040818,0.08356817066669464,1.0,0.07869909,1.0,1.0,0.0
3.979591836734694,2.0408163265306123,0.016808656975626945,1.0,0.07354893,1.0,1.0,0.0
3.979591836734694,2.142857142857143,-0.04841659963130951,1.0,0.06883025,1.0,1.0,0.0
3.979591836734694,2.2448979591836737,-0.11058403551578522,1.0,0.064496316,1.0,1.0,0.0
3.979591836734694,2.3469387755102042,-0.16953180730342865,1.0,0.06049484,1.0,1.0,0.0
3.979591836734694,2.4489795918367347,-0.22592028975486755,1.0,0.05677393,1.0,1.0,0.0
3.979591836734694,2.5510204081632653,-0.2807201147079468,1.0,0.053284302,1.0,1.0,0.0
3.979591836734694,2.6530612244897958,-0.33488771319389343,1.0,0.049979966,1.0,1.0,0.0
3.979591836734694,2.7551020408163267,-0.3892114758491516,1.0,0.046818193,1.0,1.0,0.0
3.979591836734694,2.857142857142857,-0.44426465034484863,1.0,0.043759473,1.0,1.0,0.0
3.979591836734694,2.9591836734693877,-0.5004040002822876,1.0,0.04076779,1.0,1.0,0.0
3.979591836734694,3.0612244897959187,-0.5577974319458008,1.0,0.037810735,1.0,1.0,0.0
3.979591836734694,3.163265306122449,-0.6164531707763672,1.0,0.034859996,1.0,1.0,0.0
3.979591836734694,3.2653061224489797,-0.6762552261352539,1.0,0.03189154,1.0,1.0,0.0
3.979591836734694,3.36734693877551,-0.7369982004165649,1.0,0.028885834,1.0,1.0,0.0
3.979591836734694,3.4693877551020407,-0.7984225749969482,1.0,0.025827821,1.0,1.0,0.0
3.979591836734694,3.5714285714285716,-0.8602437973022461,1.0,0.022707038,1.0,1.0,0.0
3.979591836734694,3.673469387755102,-0.9221822023391724,1.0,0.019517226,1.0,1.0,0.0
3.979591836734694,3.7755102040816326,-0.9839853048324585,1.0,0.016256323,1.0,1.0,0.0
3.979591836734694,3.8775510204081636,-1.0454468727111816,1.0,0.012925907,1.0,1.0,0.0
3.979591836734694,3.979591836734694,-1.1064186096191406,1.0,0.009530856,1.0,1.0,0.0
3.979591836734694,4.081632653061225,-1.1668168306350708,1.0,0.006078736,1.0,1.0,0.0
3.979591836734694,4.183673469387755,-1.226616621017456,1.0,0.0025793156,1.0,1.0,0.0
3.979591836734694,4.285714285714286,-1.2858445644378662,1.0,0.0,1.0,1.0,0.0
3.979591836734694,4.387755102040816,-1.3445618152618408,1.0,0.0,1.0,1.0,0.0
3.979591836734694,4.4897959183673475,-1.4028441905975342,1.0,0.0,1.0,1.0,0.0
3.979591836734694,4.591836734693878,-1.460762619972229,1.0,0.0,1.0,1.0,0.0
3.979591836734694,4.6938775510204085,-1.5183658599853516,1.0,0.0,1.0,1.0,0.0
3.979591836734694,4.795918367346939,-1.5756696462631226,1.0,0.0,1.0,1.0,0.0
3.979591836734694,4.8979591836734695,-1.6326502561569214,1.0,0.0,1.0,1.0,0.0
3.979591836734694,5.0,-1.6892462968826294,1.0,0.0,1.0,1.0,0.0
4.081632653061225,0.0,0.8596535921096802,1.0,0.1517622,1.0,1.0,1.0
4.081632653061225,0.10204081632653061,0.771638035774231,1.0,0.15435456,1.0,1.0,1.0
4.081632653061225,0.20408163265306123,0.6920397877693176,1.0,0.1562349,1.0,1.0,1.0
4.081632653061225,0.30612244897959184,0.6219606399536133,1.0,0.15729849,1.0,1.0,1.0
4.081632653061225,0.40816326530612246,0.5622954368591309,1.0,0.1574769,1.0,1.0,0.80003554
4.081632653061225,0.5102040816326531,0.5136013627052307,1.0,0.15674698,1.0,1.0,0.40883416
4.081632653061225,0.6122448979591837,0.4759337604045868,1.0,0.15512429,1.0,1.0,0.02105374
4.081632653061225,0.7142857142857143,0.4487248957157135,1.0,0.15264508,1.0,1.0,0.0
4.081632653061225,0.8163265306122449,0.430739164352417,1.0,0.14934804,1.0,1.0,0.0
4.081632653061225,0.9183673469387755,0.4200930595397949,1.0,0.14526777,1.0,1.0,0.0
4.081632653061225,1.0204081632653061,0.4143114984035492,1.0,0.14044254,1.0,1.0,0.0
4.081632653061225,1.1224489795918369,0.4104304611682892,1.0,0.13492969,1.0,1.0,0.0
4.081632653061225,1.2244897959183674,0.4051659405231476,1.0,0.12882043,1.0,1.0,0.0
4.081632653061225,1.3265306122448979,0.39517292380332947,1.0,0.122247286,1.0,1.0,0.0
4.081632653061225,1.4285714285714286,0.3773818910121918,1.0,0.1153814,1.0,1.0,0.0
4.081632653061225,1.5306122448979593,0.3493986427783966,1.0,0.108419,1.0,1.0,0.0
4.081632653061225,1.6326530612244898,0.309948593378067,1.0,0.10155721,1.0,1.0,0.0
4.081632653061225,1.7346938775510203,0.25931650400161743,1.0,0.09496601,1.0,1.0,0.0
4.081632653061225,1.836734693877551,0.1995692104101181,1.0,0.0887659,1.0,1.0,0.0
4.081632653061225,1.9387755102040818,0.13421010971069336,1.0,0.08301958,1.0,1.0,0.0
4.081632653061225,2.0408163265306123,0.06715250015258789,1.0,0.07773859,1.0,1.0,0.0
4.081632653061225,2.142857142857143,0.0014969389885663986,1.0,0.07289857,1.0,1.0,0.0
4.081632653061225,2.2448979591836737,-0.06115615367889404,1.0,0.0684552,1.0,1.0,0.0
4.081632653061225,2.3469387755102042,-0.12061168253421783,1.0,0.064356335,1.0,1.0,0.0
4.081632653061225,2.4489795918367347,-0.17755341529846191,1.0,0.06054913,1.0,1.0,0.0
4.081632653061225,2.5510204081632653,-0.2330053150653839,1.0,0.056983076,1.0,1.0,0.0
4.081632653061225,2.6530612244897958,-0.2879762351512909,1.0,0.053611077,1.0,1.0,0.0
4.081632653061225,2.7551020408163267,-0.34328874945640564,1.0,0.050389443,1.0,1.0,0.0
4.081632653061225,2.857142857142857,-0.39952579140663147,1.0,0.047277737,1.0,1.0,0.0
4.081632653061225,2.9591836734693877,-0.457033634185791,1.0,0.044239074,1.0,1.0,0.0
4.081632653061225,3.0612244897959187,-0.5159555673599243,1.0,0.041240174,1.0,1.0,0.0
4.081632653061225,3.163265306122449,-0.5762671232223511,1.0,0.03825173,1.0,1.0,0.0
4.081632653061225,3.2653061224489797,-0.6378185749053955,1.0,0.03524876,1.0,1.0,0.0
4.081632653061225,3.36734693877551,-0.7003726363182068,1.0,0.032210674,1.0,1.0,0.0
4.081632653061225,3.4693877551020407,-0.7636397480964661,1.0,0.029121479,1.0,1.0,0.0
4.081632653061225,3.5714285714285716,-0.8273100256919861,1.0,0.025969775,1.0,1.0,0.0
4.081632653061225,3.673469387755102,-0.8910785913467407,1.0,0.022748524,1.0,1.0,0.0
4.081632653061225,3.7755102040816326,-0.9546698331832886,1.0,0.01945488,1.0,1.0,0.0
4.081632653061225,3.8775510204081636,-1.0178556442260742,1.0,0.016089829,1.0,1.0,0.0
4.081632653061225,3.979591836734694,-1.0804650783538818,1.0,0.01265783,1.0,1.0,0.0
4.081632653061225,4.081632653061225,-1.1423927545547485,1.0,0.009166009,1.0,1.0,0.0
4.081632653061225,4.183673469387755,-1.2035973072052002,1.0,0.0056239692,1.0,1.0,0.0
4.081632653061225,4.285714285714286,-1.2640917301177979,1.0,0.0020427806,1.0,1.0,0.0
4.081632653061225,4.387755102040816,-1.3239306211471558,1.0,0.0,1.0,1.0,0.0
4.081632653061225,4.4897959183673475,-1.3831913471221924,1.0,0.0,1.0,1.0,0.0
4.081632653061225,4.591836734693878,-1.4419522285461426,1.0,0.0,1.0,1.0,0.0
4.081632653061225,4.6938775510204085,-1.5002763271331787,1.0,0.0,1.0,1.0,0.0
4.081632653061225,4.795918367346939,-1.5581974983215332,1.0,0.0,1.0,1.0,0.0
4.081632653061225,4.8979591836734695,-1.6157102584838867,1.0,0.0,1.0,1.0,0.0
4.081632653061225,5.0,-1.672773838043213,1.0,0.0,1.0,1.0,0.0
4.183673469387755,0.0,1.033265471458435,1.0,0.1537179,1.0,1.0,1.0
4.183673469387755,0.10204081632653061,0.9367033839225769,1.0,0.15655793,1.0,1.0,1.0
4.183673469387755,0.20408163265306123,0.8474979400634766,1.0,0.15870818,1.0,1.0,1.0
4.183673469387755,0.30612244897959184,0.7671130895614624,1.0,0.1600565,1.0,1.0,1.0
4.183673469387755,0.40816326530612246,0.6967588663101196,1.0,0.16052355,1.0,1.0,0.89985347
4.183673469387755,0.5102040816326531,0.6372674703598022,1.0,0.1600742,1.0,1.0,0.5084472
4.183673469387755,0.6122448979591837,0.5889462232589722,1.0,0.1587147,1.0,1.0,0.11950137
4.183673469387755,0.7142857142857143,0.5514613389968872,1.0,0.15647654,1.0,1.0,0.0
4.183673469387755,0.8163265306122449,0.5237982273101807,1.0,0.15339772,1.0,1.0,0.0
4.183673469387755,0.9183673469387755,0.5042822360992432,1.0,0.14951377,1.0,1.0,0.0
4.183673469387755,1.0204081632653061,0.49063679575920105,1.0,0.14486249,1.0,1.0,0.0
4.183673469387755,1.1224489795918369,0.48006513714790344,1.0,0.13949846,1.0,1.0,0.0
4.183673469387755,1.2244897959183674,0.46939486265182495,1.0,0.13350739,1.0,1.0,0.0
4.183673469387755,1.3265306122448979,0.4553069770336151,1.0,0.12701464,1.0,1.0,0.0
4.183673469387755,1.4285714285714286,0.434662401676178,1.0,0.1201845,1.0,1.0,0.0
4.183673469387755,1.5306122448979593,0.4049018621444702,1.0,0.11320921,1.0,1.0,0.0
4.183673469387755,1.6326530612244898,0.36450305581092834,1.0,0.10628787,1.0,1.0,0.0
4.183673469387755,1.7346938775510203,0.3134382963180542,1.0,0.099599086,1.0,1.0,0.0
4.183673469387755,1.836734693877551,0.25344541668891907,1.0,0.09327668,1.0,1.0,0.0
4.183673469387755,1.9387755102040818,0.18777340650558472,1.0,0.08739754,1.0,1.0,0.0
4.183673469387755,2.0408163265306123,0.12022919952869415,1.0,0.08198475,1.0,1.0,0.0
4.183673469387755,2.142857142857143,0.053943365812301636,1.0,0.07702117,1.0,1.0,0.0
4.183673469387755,2.2448979591836737,-0.00940638966858387,1.0,0.072465695,1.0,1.0,0.0
4.183673469387755,2.3469387755102042,-0.06958329677581787,1.0,0.06826683,1.0,1.0,0.0
4.183673469387755,2.4489795918367347,-0.1272854059934616,1.0,0.064370945,1.0,1.0,0.0
4.183673469387755,2.5510204081632653,-0.18358269333839417,1.0,0.060726367,1.0,1.0,0.0
4.183673469387755,2.6530612244897958,-0.23953214287757874,1.0,0.05728482,1.0,1.0,0.0
4.183673469387755,2.7551020408163267,-0.2959884703159332,1.0,0.054001577,1.0,1.0,0.0
4.183673469387755,2.857142857142857,-0.35354292392730713,1.0,0.05083539,1.0,1.0,0.0
4.183673469387755,2.9591836734693877,-0.4125312864780426,1.0,0.047748458,1.0,1.0,0.0
4.183673469387755,3.0612244897959187,-0.47307172417640686,1.0,0.04470665,1.0,1.0,0.0
4.183673469387755,3.163265306122449,-0.5351095199584961,1.0,0.04167976,1.0,1.0,0.0
4.183673469387755,3.2653061224489797,-0.5984621644020081,1.0,0.038641743,1.0,1.0,0.0
4.183673469387755,3.36734693877551,-0.6628633737564087,1.0,0.035571087,1.0,1.0,0.0
4.183673469387755,3.4693877551020407,-0.7279972434043884,1.0,0.0324508,1.0,1.0,0.0
4.183673469387755,3.5714285714285716,-0.7935308218002319,1.0,0.029268475,1.0,1.0,0.0
4.183673469387755,3.673469387755102,-0.8591388463973999,1.0,0.026016278,1.0,1.0,0.0
4.183673469387755,3.7755102040816326,-0.9245269298553467,1.0,0.022690596,1.0,1.0,0.0
4.183673469387755,3.8775510204081636,-0.9894459247589111,1.0,0.019291693,1.0,1.0,0.0
4.183673469387755,3.979591836734694,-1.0537062883377075,1.0,0.015823536,1.0,1.0,0.0
4.183673469387755,4.081632653061225,-1.1171824932098389,1.0,0.012292885,1.0,1.0,0.0
4.183673469387755,4.183673469387755,-1.1798155307769775,1.0,0.008709035,1.0,1.0,0.0
4.183673469387755,4.285714285714286,-1.2416046857833862,1.0,0.005082962,1.0,1.0,0.0
4.183673469387755,4.387755102040816,-1.302596092224121,1.0,0.0014267443,1.0,1.0,0.0
4.183673469387755,4.4897959183673475,-1.3628647327423096,1.0,0.0,1.0,1.0,0.0
4.183673469387755,4.591836734693878,-1.4224950075149536,1.0,0.0,1.0,1.0,0.0
4.183673469387755,4.6938775510204085,-1.481561541557312,1.0,0.0,1.0,1.0,0.0
4.183673469387755,4.795918367346939,-1.5401142835617065,1.0,0.0,1.0,1.0,0.0
4.183673469387755,4.8979591836734695,-1.5981677770614624,1.0,0.0,1.0,1.0,0.0
4.183673469387755,5.0,-1.65570068359375,1.0,0.0,1.0,1.0,0.0
4.285714285714286,0.0,1.2144695520401,1.0,0.15562128,1.0,1.0,1.0
4.285714285714286,0.10204081632653061,1.1104350090026855,1.0,0.15870437,1.0,1.0,1.0
4.285714285714286,0.20408163265306123,1.0122780799865723,1.0,0.16112085,1.0,1.0,1.0
4.285714285714286,0.30612244897959184,0.9218834638595581,1.0,0.16275229,1.0,1.0,1.0
4.285714285714286,0.40816326530612246,0.8408574461936951,1.0,0.16350897,1.0,1.0,0.99956834
4.285714285714286,0.5102040816326531,0.7703902721405029,1.0,0.16334392,1.0,1.0,0.6081526
4.285714285714286,0.6122448979591837,0.7111066579818726,1.0,0.16225329,1.0,1.0,0.2182387
4.285714285714286,0.7142857142857143,0.6629513502120972,1.0,0.1602627,1.0,1.0,0.0
4.285714285714286,0.8163265306122449,0.6251530051231384,1.0,0.15740879,1.0,1.0,0.0
4.285714285714286,0.9183673469387755,0.5962566137313843,1.0,0.1537276,1.0,1.0,0.0
4.285714285714286,1.0204081632653061,0.5741852521896362,1.0,0.14925696,1.0,1.0,0.0
4.285714285714286,1.1224489795918369,0.5563197731971741,1.0,0.144049,1.0,1.0,0.0
4.285714285714286,1.2244897959183674,0.539619505405426,1.0,0.13818474,1.0,1.0,0.0
4.285714285714286,1.3265306122448979,0.5208256840705872,1.0,0.13178287,1.0,1.0,0.0
4.285714285714286,1.4285714285714286,0.49676260352134705,1.0,0.12500067,1.0,1.0,0.0
4.285714285714286,1.5306122448979593,0.46473345160484314,1.0,0.11802558,1.0,1.0,0.0
4.285714285714286,1.6326530612244898,0.4229825437068939,1.0,0.11105687,1.0,1.0,0.0
4.285714285714286,1.7346938775510203,0.37116846442222595,1.0,0.104280084,1.0,1.0,0.0
4.285714285714286,1.836734693877551,0.3106858432292938,1.0,0.09784134,1.0,1.0,0.0
4.285714285714286,1.9387755102040818,0.2444981038570404,1.0,0.091831714,1.0,1.0,0.0
4.285714285714286,2.0408163265306123,0.17627182602882385,1.0,0.08628667,1.0,1.0,0.0
4.285714285714286,2.142857142857143,0.10914698243141174,1.0,0.08119746,1.0,1.0,0.0
4.285714285714286,2.2448979591836737,0.044874995946884155,1.0,0.07652726,1.0,1.0,0.0
4.285714285714286,2.3469387755102042,-0.01625637896358967,1.0,0.0722257,1.0,1.0,0.0
4.285714285714286,2.4489795918367347,-0.07494595646858215,1.0,0.068238646,1.0,1.0,0.0
4.285714285714286,2.5510204081632653,-0.13229985535144806,1.0,0.06451332,1.0,1.0,0.0
4.285714285714286,2.6530612244897958,-0.18941938877105713,1.0,0.061000254,1.0,1.0,0.0
4.285714285714286,2.7551020408163267,-0.24718710780143738,1.0,0.05765362,1.0,1.0,0.0
4.285714285714286,2.857142857142857,-0.3062027394771576,1.0,0.05443133,1.0,1.0,0.0
4.285714285714286,2.9591836734693877,-0.36679109930992126,1.0,0.051294763,1.0,1.0,0.0
4.285714285714286,3.0612244897959187,-0.4290464222431183,1.0,0.048208896,1.0,1.0,0.0
4.285714285714286,3.163265306122449,-0.4928847849369049,1.0,0.04514262,1.0,1.0,0.0
4.285714285714286,3.2653061224489797,-0.5580954551696777,1.0,0.042069003,1.0,1.0,0.0
4.285714285714286,3.36734693877551,-0.624383807182312,1.0,0.038965452,1.0,1.0,0.0
4.285714285714286,3.4693877551020407,-0.6914118528366089,1.0,0.035814043,1.0,1.0,0.0
4.285714285714286,3.5714285714285716,-0.7588275074958801,1.0,0.03260139,1.0,1.0,0.0
4.285714285714286,3.673469387755102,-0.8262877464294434,1.0,0.029318731,1.0,1.0,0.0
4.285714285714286,3.7755102040816326,-0.8934826850891113,1.0,0.025961598,1.0,1.0,0.0
4.285714285714286,3.8775510204081636,-0.9601465463638306,1.0,0.022529665,1.0,1.0,0.0
4.285714285714286,3.979591836734694,-1.0260719060897827,1.0,0.019026194,1.0,1.0,0.0
4.285714285714286,4.081632653061225,-1.0911160707473755,1.0,0.015457622,1.0,1.0,0.0
4.285714285714286,4.183673469387755,-1.1552023887634277,1.0,0.01183287,1.0,1.0,0.0
4.285714285714286,4.285714285714286,-1.2183154821395874,1.0,0.008162779,1.0,1.0,0.0
4.285714285714286,4.387755102040816,-1.2804911136627197,1.0,0.0044594193,1.0,1.0,0.0
4.285714285714286,4.4897959183673475,-1.3418004512786865,1.0,0.0007353881,1.0,1.0,0.0
4.285714285714286,4.591836734693878,-1.4023300409317017,1.0,0.0,1.0,1.0,0.0
4.285714285714286,4.6938775510204085,-1.4621646404266357,1.0,0.0,1.0,1.0,0.0
4.285714285714286,4.795918367346939,-1.5213687419891357,1.0,0.0,1.0,1.0,0.0
4.285714285714286,4.8979591836734695,-1.5799758434295654,1.0,0.0,1.0,1.0,0.0
4.285714285714286,5.0,-1.6379833221435547,1.0,0.0,1.0,1.0,0.0
4.387755102040816,0.0,1.4018306732177734,1.0,0.1574723,1.0,1.0,1.0
4.387755102040816,0.10204081632653061,1.2917962074279785,1.0,0.16079357,1.0,1.0,1.0
4.387755102040816,0.20408163265306123,1.185725450515747,1.0,0.16347234,1.0,1.0,1.0
4.387755102040816,0.30612244897959184,1.0859324932098389,1.0,0.16538464,1.0,1.0,1.0
4.387755102040816,0.40816326530612246,0.9944833517074585,1.0,0.16643132,1.0,1.0,1.0
4.387755102040816,0.5102040816326531,0.9130096435546875,1.0,0.1665537,1.0,1.0,0.7079099
4.387755102040816,0.6122448979591837,0.842534601688385,1.0,0.1657372,1.0,1.0,0.31722665
4.387755102040816,0.7142857142857143,0.783349335193634,1.0,0.1640007,1.0,1.0,0.0
4.387755102040816,0.8163265306122449,0.7349734306335449,1.0,0.16137837,1.0,1.0,0.0
4.387755102040816,0.9183673469387755,0.6961942911148071,1.0,0.15790647,1.0,1.0,0.0
4.387755102040816,1.0204081632653061,0.665147066116333,1.0,0.15362297,1.0,1.0,0.0
4.387755102040816,1.1224489795918369,0.6393983364105225,1.0,0.14857824,1.0,1.0,0.0
4.387755102040816,1.2244897959183674,0.6160574555397034,1.0,0.14284906,1.0,1.0,0.0
4.387755102040816,1.3265306122448979,0.5919516086578369,1.0,0.13654797,1.0,1.0,0.0
4.387755102040816,1.4285714285714286,0.5639024972915649,1.0,0.12982544,1.0,1.0,0.0
4.387755102040816,1.5306122448979593,0.5291050672531128,1.0,0.12286344,1.0,1.0,0.0
4.387755102040816,1.6326530612244898,0.4855876564979553,1.0,0.115859985,1.0,1.0,0.0
4.387755102040816,1.7346938775510203,0.4327004849910736,1.0,0.10900557,1.0,1.0,0.0
4.387755102040816,1.836734693877551,0.3714800179004669,1.0,0.10245743,1.0,1.0,0.0
4.387755102040816,1.9387755102040818,0.30457428097724915,1.0,0.09632056,1.0,1.0,0.0
4.387755102040816,2.0408163265306123,0.23547381162643433,1.0,0.0906435,1.0,1.0,0.0
4.387755102040816,2.142857142857143,0.167301207780838,1.0,0.08542699,1.0,1.0,0.0
4.387755102040816,2.2448979591836737,0.10187661647796631,1.0,0.080639444,1.0,1.0,0.0
4.387755102040816,2.3469387755102042,0.039549678564071655,1.0,0.07623241,1.0,1.0,0.0
4.387755102040816,2.4489795918367347,-0.020365985110402107,1.0,0.07215162,1.0,1.0,0.0
4.387755102040816,2.5510204081632653,-0.07900172472000122,1.0,0.068343215,1.0,1.0,0.0
4.387755102040816,2.6530612244897958,-0.13749399781227112,1.0,0.064756505,1.0,1.0,0.0
4.387755102040816,2.7551020408163267,-0.19675105810165405,1.0,0.061344657,1.0,1.0,0.0
4.387755102040816,2.857142857142857,-0.25737908482551575,1.0,0.05806458,1.0,1.0,0.0
4.387755102040816,2.9591836734693877,-0.319692462682724,1.0,0.054876853,1.0,1.0,0.0
4.387755102040816,3.0612244897959187,-0.3837644159793854,1.0,0.051745635,1.0,1.0,0.0
4.387755102040816,3.163265306122449,-0.4494836628437042,1.0,0.04863898,1.0,1.0,0.0
4.387755102040816,3.2653061224489797,-0.516613245010376,1.0,0.045529027,1.0,1.0,0.0
4.387755102040816,3.36734693877551,-0.5848344564437866,1.0,0.042392228,1.0,1.0,0.0
4.387755102040816,3.4693877551020407,-0.6537896394729614,1.0,0.039209586,1.0,1.0,0.0
4.387755102040816,3.5714285714285716,-0.723110020160675,1.0,0.035966758,1.0,1.0,0.0
4.387755102040816,3.673469387755102,-0.7924400568008423,1.0,0.032654043,1.0,1.0,0.0
4.387755102040816,3.7755102040816326,-0.861455500125885,1.0,0.02926613,1.0,1.0,0.0
4.387755102040816,3.8775510204081636,-0.9298778772354126,1.0,0.025801895,1.0,1.0,0.0
4.387755102040816,3.979591836734694,-0.9974846839904785,1.0,0.022264061,1.0,1.0,0.0
4.387755102040816,4.081632653061225,-1.064117431640625,1.0,0.018658472,1.0,1.0,0.0
4.387755102040816,4.183673469387755,-1.129683017730713,1.0,0.014993777,1.0,1.0,0.0
4.387755102040816,4.285714285714286,-1.1941508054733276,1.0,0.011280586,1.0,1.0,0.0
4.387755102040816,4.387755102040816,-1.2575448751449585,1.0,0.0075309714,1.0,1.0,0.0
4.387755102040816,4.4897959183673475,-1.319929838180542,1.0,0.0037575858,1.0,1.0,0.0
4.387755102040816,4.591836734693878,-1.381393313407898,1.0,0.0,1.0,1.0,0.0
4.387755102040816,4.6938775510204085,-1.4420256614685059,1.0,0.0,1.0,1.0,0.0
4.387755102040816,4.795918367346939,-1.5019049644470215,1.0,0.0,1.0,1.0,0.0
4.387755102040816,4.8979591836734695,-1.5610828399658203,1.0,0.0,1.0,1.0,0.0
4.387755102040816,5.0,-1.61957585811615,1.0,0.0,1.0,1.0,0.0
4.4897959183673475,0.0,1.5935814380645752,1.0,0.15927099,1.0,1.0,1.0
4.4897959183673475,0.10204081632653061,1.4793915748596191,1.0,0.16282535,1.0,1.0,1.0
4.4897959183673475,0.20408163265306123,1.3668546676635742,1.0,0.16576205,1.0,1.0,1.0
4.4897959183673475,0.30612244897959184,1.2586591243743896,1.0,0.16795252,1.0,1.0,1.0
4.4897959183673475,0.40816326530612246,1.1573492288589478,1.0,0.16928895,1.0,1.0,1.0
4.4897959183673475,0.5102040816326531,1.0650625228881836,1.0,0.16970123,1.0,1.0,0.80767906
4.4897959183673475,0.6122448979591837,0.983307957649231,1.0,0.16916369,1.0,1.0,0.41642454
4.4897959183673475,0.7142857142857143,0.9128072261810303,1.0,0.16768746,1.0,1.0,0.02968608
4.4897959183673475,0.8163265306122449,0.8534391522407532,1.0,0.1653034,1.0,1.0,0.0
4.4897959183673475,0.9183673469387755,0.8042816519737244,1.0,0.16204743,1.0,1.0,0.0
4.4897959183673475,1.0204081632653061,0.7637073993682861,1.0,0.15795766,1.0,1.0,0.0
4.4897959183673475,1.1224489795918369,0.729485273361206,1.0,0.15308313,1.0,1.0,0.0
4.4897959183673475,1.2244897959183674,0.698890209197998,1.0,0.14749692,1.0,1.0,0.0
4.4897959183673475,1.3265306122448979,0.6688602566719055,1.0,0.14130607,1.0,1.0,0.0
4.4897959183673475,1.4285714285714286,0.6362454891204834,1.0,0.13465448,1.0,1.0,0.0
4.4897959183673475,1.5306122448979593,0.5981643199920654,1.0,0.1277182,1.0,1.0,0.0
4.4897959183673475,1.6326530612244898,0.5524513721466064,1.0,0.120692715,1.0,1.0,0.0
4.4897959183673475,1.7346938775510203,0.49815604090690613,1.0,0.11377184,1.0,1.0,0.0
4.4897959183673475,1.836734693877551,0.4359463155269623,1.0,0.107122235,1.0,1.0,0.0
4.4897959183673475,1.9387755102040818,0.36812564730644226,1.0,0.10086237,1.0,1.0,0.0
4.4897959183673475,2.0408163265306123,0.29796838760375977,1.0,0.09505424,1.0,1.0,0.0
4.4897959183673475,2.142857142857143,0.22854991257190704,1.0,0.08970914,1.0,1.0,0.0
4.4897959183673475,2.2448979591836737,0.16175031661987305,1.0,0.084801845,1.0,1.0,0.0
4.4897959183673475,2.3469387755102042,0.09798797965049744,1.0,0.08028657,1.0,1.0,0.0
4.4897959183673475,2.4489795918367347,0.03660541772842407,1.0,0.07610931,1.0,1.0,0.0
4.4897959183673475,2.5510204081632653,-0.023541035130620003,1.0,0.07221537,1.0,1.0,0.0
4.4897959183673475,2.6530612244897958,-0.08361396193504333,1.0,0.06855289,1.0,1.0,0.0
4.4897959183673475,2.7551020408163267,-0.14454205334186554,1.0,0.06507378,1.0,1.0,0.0
4.4897959183673475,2.857142857142857,-0.2069377303123474,1.0,0.061734147,1.0,1.0,0.0
4.4897959183673475,2.9591836734693877,-0.27110567688941956,1.0,0.05849368,1.0,1.0,0.0
4.4897959183673475,3.0612244897959187,-0.3370994031429291,1.0,0.05531576,1.0,1.0,0.0
4.4897959183673475,3.163265306122449,-0.4047844111919403,1.0,0.052167643,1.0,1.0,0.0
4.4897959183673475,3.2653061224489797,-0.4738984704017639,1.0,0.049020518,1.0,1.0,0.0
4.4897959183673475,3.36734693877551,-0.5441031455993652,1.0,0.0458499,1.0,1.0,0.0
4.4897959183673475,3.4693877551020407,-0.6150236129760742,1.0,0.042635817,1.0,1.0,0.0
4.4897959183673475,3.5714285714285716,-0.6862778663635254,1.0,0.03936291,1.0,1.0,0.0
4.4897959183673475,3.673469387755102,-0.7574992775917053,1.0,0.036020514,1.0,1.0,0.0
4.4897959183673475,3.7755102040816326,-0.8283539414405823,1.0,0.03260239,1.0,1.0,0.0
4.4897959183673475,3.8775510204081636,-0.8985523581504822,1.0,0.029106658,1.0,1.0,0.0
4.4897959183673475,3.979591836734694,-0.9678601026535034,1.0,0.025535282,1.0,1.0,0.0
4.4897959183673475,4.081632653061225,-1.0361050367355347,1.0,0.021893663,1.0,1.0,0.0
4.4897959183673475,4.183673469387755,-1.1031776666641235,1.0,0.018190041,1.0,1.0,0.0
4.4897959183673475,4.285714285714286,-1.169032335281372,1.0,0.014434819,1.0,1.0,0.0
4.4897959183673475,4.387755102040816,-1.2336812019348145,1.0,0.010639886,1.0,1.0,0.0
4.4897959183673475,4.4897959183673475,-1.2971806526184082,1.0,0.006818042,1.0,1.0,0.0
4.4897959183673475,4.591836734693878,-1.359614610671997,1.0,0.0029823063,1.0,1.0,0.0
4.4897959183673475,4.6938775510204085,-1.421079397201538,1.0,0.0,1.0,1.0,0.0
4.4897959183673475,4.795918367346939,-1.481663703918457,1.0,0.0,1.0,1.0,0.0
4.4897959183673475,4.8979591836734695,-1.5414350032806396,1.0,0.0,1.0,1.0,0.0
4.4897959183673475,5.0,-1.6004300117492676,1.0,0.0,1.0,1.0,0.0
4.591836734693878,0.0,1.7876930236816406,1.0,0.16101746,1.0,1.0,1.0
4.591836734693878,0.10204081632653061,1.671478509902954,1.0,0.16479959,1.0,1.0,1.0
4.591836734693878,0.20408163265306123,1.5543122291564941,1.0,0.16798954,1.0,1.0,1.0
4.591836734693878,0.30612244897959184,1.439131736755371,1.0,0.17045493,1.0,1.0,1.0
4.591836734693878,0.40816326530612246,1.3289110660552979,1.0,0.17208011,1.0,1.0,1.0
4.591836734693878,0.5102040816326531,1.2263178825378418,1.0,0.17278416,1.0,1.0,0.90742064
4.591836734693878,0.6122448979591837,1.1334173679351807,1.0,0.17253003,1.0,1.0,0.5157915
4.591836734693878,0.7142857142857143,1.0514514446258545,1.0,0.17132007,1.0,1.0,0.12774776
4.591836734693878,0.8163265306122449,0.9807456731796265,1.0,0.16918087,1.0,1.0,0.0
4.591836734693878,0.9183673469387755,0.9207379817962646,1.0,0.16614746,1.0,1.0,0.0
4.591836734693878,1.0204081632653061,0.8700858354568481,1.0,0.16225801,1.0,1.0,0.0
4.591836734693878,1.1224489795918369,0.8267883062362671,1.0,0.1575605,1.0,1.0,0.0
4.591836734693878,1.2244897959183674,0.7883079051971436,1.0,0.15212493,1.0,1.0,0.0
4.591836734693878,1.3265306122448979,0.7517192959785461,1.0,0.14605339,1.0,1.0,0.0
4.591836734693878,1.4285714285714286,0.7139320373535156,1.0,0.13948347,1.0,1.0,0.0
4.591836734693878,1.5306122448979593,0.6720207929611206,1.0,0.13258521,1.0,1.0,0.0
4.591836734693878,1.6326530612244898,0.6236541271209717,1.0,0.1255506,1.0,1.0,0.0
4.591836734693878,1.7346938775510203,0.5675929188728333,1.0,0.11857497,1.0,1.0,0.0
4.591836734693878,1.836734693877551,0.5041317343711853,1.0,0.11183283,1.0,1.0,0.0
4.591836734693878,1.9387755102040818,0.4352002441883087,1.0,0.10545515,1.0,1.0,0.0
4.591836734693878,2.0408163265306123,0.36381593346595764,1.0,0.09951776,1.0,1.0,0.0
4.591836734693878,2.142857142857143,0.2929711639881134,1.0,0.09404331,1.0,1.0,0.0
4.591836734693878,2.2448979591836737,0.22459015250205994,1.0,0.08901406,1.0,1.0,0.0
4.591836734693878,2.3469387755102042,0.1591673195362091,1.0,0.08438779,1.0,1.0,0.0
4.591836734693878,2.4489795918367347,0.09608608484268188,1.0,0.08011132,1.0,1.0,0.0
4.591836734693878,2.5510204081632653,0.034206539392471313,1.0,0.07612931,1.0,1.0,0.0
4.591836734693878,2.6530612244897958,-0.0276507455855608,1.0,0.0723887,1.0,1.0,0.0
4.591836734693878,2.7551020408163267,-0.09043009579181671,1.0,0.06884033,1.0,1.0,0.0
4.591836734693878,2.857142857142857,-0.15474694967269897,1.0,0.06543925,1.0,1.0,0.0
4.591836734693878,2.9591836734693877,-0.22089824080467224,1.0,0.062144365,1.0,1.0,0.0
4.591836734693878,3.0612244897959187,-0.28891995549201965,1.0,0.058918286,1.0,1.0,0.0
4.591836734693878,3.163265306122449,-0.3586563169956207,1.0,0.05572743,1.0,1.0,0.0
4.591836734693878,3.2653061224489797,-0.4298243224620819,1.0,0.052542195,1.0,1.0,0.0
4.591836734693878,3.36734693877551,-0.5020677447319031,1.0,0.04933715,1.0,1.0,0.0
4.591836734693878,3.4693877551020407,-0.5749970078468323,1.0,0.046091314,1.0,1.0,0.0
4.591836734693878,3.5714285714285716,-0.6482190489768982,1.0,0.042788308,1.0,1.0,0.0
4.591836734693878,3.673469387755102,-0.7213597297668457,1.0,0.03941648,1.0,1.0,0.0
4.591836734693878,3.7755102040816326,-0.7940773963928223,1.0,0.03596869,1.0,1.0,0.0
4.591836734693878,3.8775510204081636,-0.8660746812820435,1.0,0.03244214,1.0,1.0,0.0
4.591836734693878,3.979591836734694,-0.9371066689491272,1.0,0.028838178,1.0,1.0,0.0
4.591836734693878,4.081632653061225,-1.0069894790649414,1.0,0.025161523,1.0,1.0,0.0
4.591836734693878,4.183673469387755,-1.0755994319915771,1.0,0.021420037,1.0,1.0,0.0
4.591836734693878,4.285714285714286,-1.1428765058517456,1.0,0.017623808,1.0,1.0,0.0
4.591836734693878,4.387755102040816,-1.2088193893432617,1.0,0.013784637,1.0,1.0,0.0
4.591836734693878,4.4897959183673475,-1.2734737396240234,1.0,0.009915323,1.0,1.0,0.0
4.591836734693878,4.591836734693878,-1.3369202613830566,1.0,0.0060290685,1.0,1.0,0.0
4.591836734693878,4.6938775510204085,-1.3992565870285034,1.0,0.0021388875,1.0,1.0,0.0
4.591836734693878,4.795918367346939,-1.4605802297592163,1.0,0.0,1.0,1.0,0.0
4.591836734693878,4.8979591836734695,-1.5209736824035645,1.0,0.0,1.0,1.0,0.0
4.591836734693878,5.0,-1.5804927349090576,1.0,0.0,1.0,1.0,0.0
4.6938775510204085,0.0,1.981985092163086,1.0,0.16271205,1.0,1.0,1.0
4.6938775510204085,0.10204081632653061,1.8660333156585693,1.0,0.16671632,1.0,1.0,1.0
4.6938775510204085,0.20408163265306123,1.7463855743408203,1.0,0.17015444,1.0,1.0,1.0
4.6938775510204085,0.30612244897959184,1.6260428428649902,1.0,0.17289104,1.0,1.0,1.0
4.6938775510204085,0.40816326530612246,1.5082919597625732,1.0,0.17480348,1.0,1.0,1.0
4.6938775510204085,0.5102040816326531,1.3962923288345337,1.0,0.1758004,1.0,1.0,1.0
4.6938775510204085,0.6122448979591837,1.2926936149597168,1.0,0.17583342,1.0,1.0,0.61528605
4.6938775510204085,0.7142857142857143,1.199333906173706,1.0,0.17489545,1.0,1.0,0.22612908
4.6938775510204085,0.8163265306122449,1.1170796155929565,1.0,0.17300768,1.0,1.0,0.0
4.6938775510204085,0.9183673469387755,1.0458158254623413,1.0,0.17020352,1.0,1.0,0.0
4.6938775510204085,1.0204081632653061,0.9845539927482605,1.0,0.16652103,1.0,1.0,0.0
4.6938775510204085,1.1224489795918369,0.9315714836120605,1.0,0.16200733,1.0,1.0,0.0
4.6938775510204085,1.2244897959183674,0.8845513463020325,1.0,0.1567299,1.0,1.0,0.0
4.6938775510204085,1.3265306122448979,0.8407344818115234,1.0,0.15078628,1.0,1.0,0.0
4.6938775510204085,1.4285714285714286,0.7971240878105164,1.0,0.14430836,1.0,1.0,0.0
4.6938775510204085,1.5306122448979593,0.7507866024971008,1.0,0.13746007,1.0,1.0,0.0
4.6938775510204085,1.6326530612244898,0.6992582678794861,1.0,0.13042909,1.0,1.0,0.0
4.6938775510204085,1.7346938775510203,0.6410316228866577,1.0,0.12341084,1.0,1.0,0.0
4.6938775510204085,1.836734693877551,0.5760268568992615,1.0,0.11658595,1.0,1.0,0.0
4.6938775510204085,1.9387755102040818,0.5057774782180786,1.0,0.110096805,1.0,1.0,0.0
4.6938775510204085,2.0408163265306123,0.4330015778541565,1.0,0.10403279,1.0,1.0,0.0
4.6938775510204085,2.142857142857143,0.3605676293373108,1.0,0.098428845,1.0,1.0,0.0
4.6938775510204085,2.2448979591836737,0.2904226779937744,1.0,0.09327572,1.0,1.0,0.0
4.6938775510204085,2.3469387755102042,0.22313550114631653,1.0,0.08853578,1.0,1.0,0.0
4.6938775510204085,2.4489795918367347,0.1581449806690216,1.0,0.08415731,1.0,1.0,0.0
4.6938775510204085,2.5510204081632653,0.09432634711265564,1.0,0.08008458,1.0,1.0,0.0
4.6938775510204085,2.6530612244897958,0.030494747683405876,1.0,0.076263465,1.0,1.0,0.0
4.6938775510204085,2.7551020408163267,-0.03430360555648804,1.0,0.07264369,1.0,1.0,0.0
4.6938775510204085,2.857142857142857,-0.1006869524717331,1.0,0.06917924,1.0,1.0,0.0
4.6938775510204085,2.9591836734693877,-0.16894380748271942,1.0,0.06582814,1.0,1.0,0.0
4.6938775510204085,3.0612244897959187,-0.2390958070755005,1.0,0.06255234,1.0,1.0,0.0
4.6938775510204085,3.163265306122449,-0.3109683096408844,1.0,0.059317432,1.0,1.0,0.0
4.6938775510204085,3.2653061224489797,-0.3842604160308838,1.0,0.056093037,1.0,1.0,0.0
4.6938775510204085,3.36734693877551,-0.45859983563423157,1.0,0.052852776,1.0,1.0,0.0
4.6938775510204085,3.4693877551020407,-0.5335849523544312,1.0,0.049574737,1.0,1.0,0.0
4.6938775510204085,3.5714285714285716,-0.6088148355484009,1.0,0.046241518,1.0,1.0,0.0
4.6938775510204085,3.673469387755102,-0.6839078664779663,1.0,0.04284044,1.0,1.0,0.0
4.6938775510204085,3.7755102040816326,-0.7585176229476929,1.0,0.039363388,1.0,1.0,0.0
4.6938775510204085,3.8775510204081636,-0.8323405981063843,1.0,0.035806764,1.0,1.0,0.0
4.6938775510204085,3.979591836734694,-0.905124843120575,1.0,0.032171063,1.0,1.0,0.0
4.6938775510204085,4.081632653061225,-0.9766750335693359,1.0,0.028460372,1.0,1.0,0.0
4.6938775510204085,4.183673469387755,-1.0468562841415405,1.0,0.024682075,1.0,1.0,0.0
4.6938775510204085,4.285714285714286,-1.115593671798706,1.0,0.020845985,1.0,1.0,0.0
4.6938775510204085,4.387755102040816,-1.18287193775177,1.0,0.016963642,1.0,1.0,0.0
4.6938775510204085,4.4897959183673475,-1.2487266063690186,1.0,0.013047974,1.0,1.0,0.0
4.6938775510204085,4.591836734693878,-1.3132307529449463,1.0,0.009112195,1.0,1.0,0.0
4.6938775510204085,4.6938775510204085,-1.3764827251434326,1.0,0.00516959,1.0,1.0,0.0
4.6938775510204085,4.795918367346939,-1.4385862350463867,1.0,0.001232815,1.0,1.0,0.0
4.6938775510204085,4.8979591836734695,-1.4996364116668701,1.0,0.0,1.0,1.0,0.0
4.6938775510204085,5.0,-1.5597072839736938,1.0,0.0,1.0,1.0,0.0
4.795918367346939,0.0,2.174266815185547,1.0,0.16435513,1.0,1.0,1.0
4.795918367346939,0.10204081632653061,2.060856819152832,1.0,0.16857557,1.0,1.0,1.0
4.795918367346939,0.20408163265306123,1.9410550594329834,1.0,0.17225645,1.0,1.0,1.0
4.795918367346939,0.30612244897959184,1.8177053928375244,1.0,0.17526008,1.0,1.0,1.0
4.795918367346939,0.40816326530612246,1.6942275762557983,1.0,0.17745753,1.0,1.0,1.0
4.795918367346939,0.5102040816326531,1.5741617679595947,1.0,0.17874788,1.0,1.0,1.0
4.795918367346939,0.6122448979591837,1.4607112407684326,1.0,0.17907128,1.0,1.0,0.71486527
4.795918367346939,0.7142857142857143,1.356346845626831,1.0,0.17841059,1.0,1.0,0.32478935
4.795918367346939,0.8163265306122449,1.2625547647476196,1.0,0.17678064,1.0,1.0,0.0
4.795918367346939,0.9183673469387755,1.1797645092010498,1.0,0.17421241,1.0,1.0,0.0
4.795918367346939,1.0204081632653061,1.1074281930923462,1.0,0.17074354,1.0,1.0,0.0
4.795918367346939,1.1224489795918369,1.04416823387146,1.0,0.1664205,1.0,1.0,0.0
4.795918367346939,1.2244897959183674,0.9879389405250549,1.0,0.16130848,1.0,1.0,0.0
4.795918367346939,1.3265306122448979,0.936186671257019,1.0,0.15550117,1.0,1.0,0.0
4.795918367346939,1.4285714285714286,0.8860474824905396,1.0,0.14912504,1.0,1.0,0.0
4.795918367346939,1.5306122448979593,0.834622323513031,1.0,0.14233823,1.0,1.0,0.0
4.795918367346939,1.6326530612244898,0.7793529629707336,1.0,0.13532355,1.0,1.0,0.0
4.795918367346939,1.7346938775510203,0.7184938788414001,1.0,0.1282752,1.0,1.0,0.0
4.795918367346939,1.836734693877551,0.6516010761260986,1.0,0.12137809,1.0,1.0,0.0
4.795918367346939,1.9387755102040818,0.5797934532165527,1.0,0.11478476,1.0,1.0,0.0
4.795918367346939,2.0408163265306123,0.5054506659507751,1.0,0.10859782,1.0,1.0,0.0
4.795918367346939,2.142857142857143,0.43127286434173584,1.0,0.10286491,1.0,1.0,0.0
4.795918367346939,2.2448979591836737,0.3592012822628021,1.0,0.097586475,1.0,1.0,0.0
4.795918367346939,2.3469387755102042,0.2898726165294647,1.0,0.09273031,1.0,1.0,0.0
4.795918367346939,2.4489795918367347,0.222788006067276,1.0,0.08824699,1.0,1.0,0.0
4.795918367346939,2.5510204081632653,0.15685057640075684,1.0,0.08408081,1.0,1.0,0.0
4.795918367346939,2.6530612244897958,0.09087839722633362,1.0,0.08017675,1.0,1.0,0.0
4.795918367346939,2.7551020408163267,0.023913441225886345,1.0,0.076483324,1.0,1.0,0.0
4.795918367346939,2.857142857142857,-0.04466411471366882,1.0,0.072953485,1.0,1.0,0.0
4.795918367346939,2.9591836734693877,-0.11513561010360718,1.0,0.06954436,1.0,1.0,0.0
4.795918367346939,3.0612244897959187,-0.18750964105129242,1.0,0.066217154,1.0,1.0,0.0
4.795918367346939,3.163265306122449,-0.2615970969200134,1.0,0.062936775,1.0,1.0,0.0
4.795918367346939,3.2653061224489797,-0.33707934617996216,1.0,0.059672024,1.0,1.0,0.0
4.795918367346939,3.36734693877551,-0.4135720729827881,1.0,0.056395672,1.0,1.0,0.0
4.795918367346939,3.4693877551020407,-0.4906618297100067,1.0,0.05308485,1.0,1.0,0.0
4.795918367346939,3.5714285714285716,-0.5679415464401245,1.0,0.049721185,1.0,1.0,0.0
4.795918367346939,3.673469387755102,-0.6450243592262268,1.0,0.046290915,1.0,1.0,0.0
4.795918367346939,3.7755102040816326,-0.7215602397918701,1.0,0.04278502,1.0,1.0,0.0
4.795918367346939,3.8775510204081636,-0.7972411513328552,1.0,0.039198913,1.0,1.0,0.0
4.795918367346939,3.979591836734694,-0.8718092441558838,1.0,0.035532273,1.0,1.0,0.0
4.795918367346939,4.081632653061225,-0.9450610280036926,1.0,0.03178855,1.0,1.0,0.0
4.795918367346939,4.183673469387755,-1.0168499946594238,1.0,0.02797457,1.0,1.0,0.0
4.795918367346939,4.285714285714286,-1.0870884656906128,1.0,0.02409973,1.0,1.0,0.0
4.795918367346939,4.387755102040816,-1.155747890472412,1.0,0.02017548,1.0,1.0,0.0
4.795918367346939,4.4897959183673475,-1.2228505611419678,1.0,0.016214527,1.0,1.0,0.0
4.795918367346939,4.591836734693878,-1.2884624004364014,1.0,0.012230338,1.0,1.0,0.0
4.795918367346939,4.6938775510204085,-1.352678656578064,1.0,0.008236325,1.0,1.0,0.0
4.795918367346939,4.795918367346939,-1.4156079292297363,1.0,0.0042454926,1.0,1.0,0.0
4.795918367346939,4.8979591836734695,-1.4773560762405396,1.0,0.00027003785,1.0,1.0,0.0
4.795918367346939,5.0,-1.5380134582519531,1.0,0.0,1.0,1.0,0.0
4.8979591836734695,0.0,2.3624844551086426,1.0,0.16594729,1.0,1.0,1.0
4.8979591836734695,0.10204081632653061,2.2537269592285156,1.0,0.1703777,1.0,1.0,1.0
4.8979591836734695,0.20408163265306123,2.1361141204833984,1.0,0.1742956,1.0,1.0,1.0
4.8979591836734695,0.30612244897959184,2.012113332748413,1.0,0.17756146,1.0,1.0,1.0
4.8979591836734695,0.40816326530612246,1.8850617408752441,1.0,0.18004113,1.0,1.0,1.0
4.8979591836734695,0.5102040816326531,1.7587065696716309,1.0,0.18162464,1.0,1.0,1.0
4.8979591836734695,0.6122448979591837,1.6367011070251465,1.0,0.18224098,1.0,1.0,0.8144868
4.8979591836734695,0.7142857142857143,1.522124171257019,1.0,0.18186243,1.0,1.0,0.42368728
4.8979591836734695,0.8163265306122449,1.4171266555786133,1.0,0.18049653,1.0,1.0,0.038438857
4.8979591836734695,0.9183673469387755,1.3227646350860596,1.0,0.17817093,1.0,1.0,0.0
4.8979591836734695,1.0204081632653061,1.2390263080596924,1.0,0.17492242,1.0,1.0,0.0
4.8979591836734695,1.1224489795918369,1.1649646759033203,1.0,0.17079683,1.0,1.0,0.0
4.8979591836734695,1.2244897959183674,1.0988715887069702,1.0,0.16585746,1.0,1.0,0.0
4.8979591836734695,1.3265306122448979,1.0384538173675537,1.0,0.16019449,1.0,1.0,0.0
4.8979591836734695,1.4285714285714286,0.9810283780097961,1.0,0.15392964,1.0,1.0,0.0
4.8979591836734695,1.5306122448979593,0.9237791299819946,1.0,0.1472154,1.0,1.0,0.0
4.8979591836734695,1.6326530612244898,0.8641020059585571,1.0,0.14022948,1.0,1.0,0.0
4.8979591836734695,1.7346938775510203,0.8000537157058716,1.0,0.1331636,1.0,1.0,0.0
4.8979591836734695,1.836734693877551,0.7308470010757446,1.0,0.12620552,1.0,1.0,0.0
4.8979591836734695,1.9387755102040818,0.6571796536445618,1.0,0.11951632,1.0,1.0,0.0
4.8979591836734695,2.0408163265306123,0.5810592174530029,1.0,0.113211155,1.0,1.0,0.0
4.8979591836734695,2.142857142857143,0.5049722790718079,1.0,0.1073507,1.0,1.0,0.0
4.8979591836734695,2.2448979591836737,0.4308197796344757,1.0,0.10194589,1.0,1.0,0.0
4.8979591836734695,2.3469387755102042,0.35929352045059204,1.0,0.09697126,1.0,1.0,0.0
4.8979591836734695,2.4489795918367347,0.2899581491947174,1.0,0.092380285,1.0,1.0,0.0
4.8979591836734695,2.5510204081632653,0.22175219655036926,1.0,0.08811789,1.0,1.0,0.0
4.8979591836734695,2.6530612244897958,0.1535029113292694,1.0,0.084128276,1.0,1.0,0.0
4.8979591836734695,2.7551020408163267,0.08425098657608032,1.0,0.0803589,1.0,1.0,0.0
4.8979591836734695,2.857142857142857,0.013376859948039055,1.0,0.07676152,1.0,1.0,0.0
4.8979591836734695,2.9591836734693877,-0.05939728021621704,1.0,0.07329249,1.0,1.0,0.0
4.8979591836734695,3.0612244897959187,-0.1340690702199936,1.0,0.06991217,1.0,1.0,0.0
4.8979591836734695,3.163265306122449,-0.2104356735944748,1.0,0.06658477,1.0,1.0,0.0
4.8979591836734695,3.2653061224489797,-0.28816649317741394,1.0,0.06327838,1.0,1.0,0.0
4.8979591836734695,3.36734693877551,-0.36686334013938904,1.0,0.059964936,1.0,1.0,0.0
4.8979591836734695,3.4693877551020407,-0.44610515236854553,1.0,0.05662064,1.0,1.0,0.0
4.8979591836734695,3.5714285714285716,-0.5254773497581482,1.0,0.053226124,1.0,1.0,0.0
4.8979591836734695,3.673469387755102,-0.6045894622802734,1.0,0.04976668,1.0,1.0,0.0
4.8979591836734695,3.7755102040816326,-0.683087944984436,1.0,0.04623219,1.0,1.0,0.0
4.8979591836734695,3.8775510204081636,-0.7606626152992249,1.0,0.04261713,1.0,1.0,0.0
4.8979591836734695,3.979591836734694,-0.8370504379272461,1.0,0.038920335,1.0,1.0,0.0
4.8979591836734695,4.081632653061225,-0.9120413661003113,1.0,0.03514454,1.0,1.0,0.0
4.8979591836734695,4.183673469387755,-0.985478401184082,1.0,0.031295955,1.0,1.0,0.0
4.8979591836734695,4.285714285714286,-1.0572625398635864,1.0,0.02738354,1.0,1.0,0.0
4.8979591836734695,4.387755102040816,-1.1273503303527832,1.0,0.023418544,1.0,1.0,0.0
4.8979591836734695,4.4897959183673475,-1.195752739906311,1.0,0.019413589,1.0,1.0,0.0
4.8979591836734695,4.591836734693878,-1.2625261545181274,1.0,0.015382114,1.0,1.0,0.0
4.8979591836734695,4.6938775510204085,-1.3277605772018433,1.0,0.011337827,1.0,1.0,0.0
4.8979591836734695,4.795918367346939,-1.3915672302246094,1.0,0.007293976,1.0,1.0,0.0
4.8979591836734695,4.8979591836734695,-1.4540611505508423,1.0,0.0032630982,1.0,1.0,0.0
4.8979591836734695,5.0,-1.5153470039367676,1.0,0.0,1.0,1.0,0.0
5.0,0.0,2.5448484420776367,1.0,0.1674893,1.0,1.0,1.0
5.0,0.10204081632653061,2.4425532817840576,1.0,0.17212312,1.0,1.0,1.0
5.0,0.20408163265306123,2.3293168544769287,1.0,0.17627184,1.0,1.0,1.0
5.0,0.30612244897959184,2.2070536613464355,1.0,0.1797948,1.0,1.0,1.0
5.0,0.40816326530612246,2.0788004398345947,1.0,0.18255323,1.0,1.0,1.0
5.0,0.5102040816326531,1.948298454284668,1.0,0.18442896,1.0,1.0,1.0
5.0,0.6122448979591837,1.8194823265075684,1.0,0.18534009,1.0,1.0,0.9141088
5.0,0.7142857142857143,1.6959443092346191,1.0,0.18524806,1.0,1.0,0.52278024
5.0,0.8163265306122449,1.5804829597473145,1.0,0.1841522,1.0,1.0,0.13610364
5.0,0.9183673469387755,1.474829912185669,1.0,0.18207584,1.0,1.0,0.0
5.0,1.0204081632653061,1.379591941833496,1.0,0.17905447,1.0,1.0,0.0
5.0,1.1224489795918369,1.2943460941314697,1.0,0.17513314,1.0,1.0,0.0
5.0,1.2244897959183674,1.2178043127059937,1.0,0.17037354,1.0,1.0,0.0
5.0,1.3265306122448979,1.148003339767456,1.0,0.16486286,1.0,1.0,0.0
5.0,1.4285714285714286,1.082501769065857,1.0,0.15871838,1.0,1.0,0.0
5.0,1.5306122448979593,1.0186251401901245,1.0,0.15208733,1.0,1.0,0.0
5.0,1.6326530612244898,0.9537810683250427,1.0,0.14514227,1.0,1.0,0.0
5.0,1.7346938775510203,0.8858804702758789,1.0,0.13807164,1.0,1.0,0.0
5.0,1.836734693877551,0.8138285875320435,1.0,0.13106437,1.0,1.0,0.0
5.0,1.9387755102040818,0.7379104495048523,1.0,0.12428854,1.0,1.0,0.0
5.0,2.0408163265306123,0.6597363948822021,1.0,0.11787081,1.0,1.0,0.0
5.0,2.142857142857143,0.5815379619598389,1.0,0.11188508,1.0,1.0,0.0
5.0,2.2448979591836737,0.5051389336585999,1.0,0.10635353,1.0,1.0,0.0
5.0,2.3469387755102042,0.4312659800052643,1.0,0.10125842,1.0,1.0,0.0
5.0,2.4489795918367347,0.359542578458786,1.0,0.09655711,1.0,1.0,0.0
5.0,2.5510204081632653,0.2889452874660492,1.0,0.09219567,1.0,1.0,0.0
5.0,2.6530612244897958,0.2183130383491516,1.0,0.08811792,1.0,1.0,0.0
5.0,2.7551020408163267,0.14668631553649902,1.0,0.08427012,1.0,1.0,0.0
5.0,2.857142857142857,0.07344242930412292,1.0,0.08060309,1.0,1.0,0.0
5.0,2.9591836734693877,-0.0016942638903856277,1.0,0.07707216,1.0,1.0,0.0
5.0,3.0612244897959187,-0.07871511578559875,1.0,0.0736369,1.0,1.0,0.0
5.0,3.163265306122449,-0.1574077308177948,1.0,0.07026089,1.0,1.0,0.0
5.0,3.2653061224489797,-0.23742935061454773,1.0,0.06691145,1.0,1.0,0.0
5.0,3.36734693877551,-0.3183717727661133,1.0,0.06355978,1.0,1.0,0.0
5.0,3.4693877551020407,-0.3998052775859833,1.0,0.060181193,1.0,1.0,0.0
5.0,3.5714285714285716,-0.4813084900379181,1.0,0.05675538,1.0,1.0,0.0
5.0,3.673469387755102,-0.5624879598617554,1.0,0.053266548,1.0,1.0,0.0
5.0,3.7755102040816326,-0.6429867744445801,1.0,0.049703643,1.0,1.0,0.0
5.0,3.8775510204081636,-0.7224923372268677,1.0,0.04606008,1.0,1.0,0.0
5.0,3.979591836734694,-0.8007383942604065,1.0,0.042333852,1.0,1.0,0.0
5.0,4.081632653061225,-0.8775081038475037,1.0,0.03852688,1.0,1.0,0.0
5.0,4.183673469387755,-0.9526364803314209,1.0,0.034644727,1.0,1.0,0.0
5.0,4.285714285714286,-1.0260124206542969,1.0,0.03069597,1.0,1.0,0.0
5.0,4.387755102040816,-1.0975801944732666,1.0,0.026691468,1.0,1.0,0.0
5.0,4.4897959183673475,-1.1673370599746704,1.0,0.022643749,1.0,1.0,0.0
5.0,4.591836734693878,-1.235329270362854,1.0,0.018566279,1.0,1.0,0.0
5.0,4.6938775510204085,-1.3016407489776611,1.0,0.014472845,1.0,1.0,0.0
5.0,4.795918367346939,-1.3663824796676636,1.0,0.010377088,1.0,1.0,0.0
5.0,4.8979591836734695,-1.4296753406524658,1.0,0.0062918803,1.0,1.0,0.0
5.0,5.0,-1.4916383028030396,1.0,0.0022290712,1.0,1.0,0.0
