Time,pH,Biomass_OR16,Biomass_NS21,Biomass_LP,Action_0,Action_1,Action_2,Action_3,Action_4,Agent_Type,Interval
0.0,7.21,0.5,0.1,0.1,1.0,0.0,1.0,1.0,1.0,RL,1
0.2,7.024207047192489,0.5603733472858341,0.12469632106516627,0.10034550143927753,1.0,0.0,1.0,1.0,1.0,RL,1
0.4,7.017459039860294,0.5971173346786545,0.15188239622269553,0.10084653900633493,1.0,0.0,1.0,1.0,1.0,RL,1
0.6000000000000001,7.010310422394953,0.6328624165513872,0.17937336998490577,0.10135522150766363,1.0,0.0,1.0,1.0,1.0,RL,1
0.8,7.0063673257027554,0.6675446789733002,0.206442085486902,0.10187132221632107,1.0,0.0,1.0,1.0,1.0,RL,1
1.0,7.00306986456862,0.702007716848316,0.23313215118080727,0.10239246308395479,1.0,0.0,1.0,1.0,1.0,RL,1
1.2,6.99599597352749,0.7363350237151878,0.2598308232522273,0.10291802448208934,1.0,0.0,1.0,1.0,1.0,RL,1
1.4,6.98990506592124,0.7705853532776854,0.28653760442686416,0.1034520674944911,1.0,0.0,1.0,1.0,1.0,RL,1
1.5999999999999999,6.984806054872829,0.804758513713348,0.3132519915453458,0.10399368946841071,1.0,0.0,1.0,1.0,1.0,RL,1
1.7999999999999998,6.980707270129955,0.838854316992726,0.33997348257755033,0.10454193064446618,1.0,0.0,1.0,1.0,1.0,RL,1
1.9999999999999998,6.977616153125371,0.8728725789905728,0.366701576756928,0.10509577889458126,1.0,0.0,1.0,1.0,1.0,RL,1
2.1999999999999997,6.975538997982931,0.9068131195884506,0.39343577470934415,0.10565417548386426,1.0,0.0,1.0,1.0,1.0,RL,1
2.4,6.974480739678934,0.9406757627667605,0.420175578574841,0.10621602178152967,1.0,0.0,1.0,1.0,1.0,RL,1
2.6,6.974444791016142,0.9744603366845335,0.44692049212072793,0.10678018681596665,1.0,0.0,1.0,1.0,1.0,RL,1
2.8000000000000003,6.975432930056616,1.0081666737452561,0.4736700208445856,0.10734551554067093,1.0,0.0,1.0,1.0,1.0,RL,1
3.0000000000000004,6.977445239294915,1.041794610647505,0.5004236720658827,0.10791083765271801,1.0,0.0,1.0,1.0,1.0,RL,1
3.2000000000000006,6.980480097229784,1.0753439884192073,0.5271809550051588,0.10847497678534375,1.0,0.0,1.0,1.0,1.0,RL,1
3.400000000000001,6.984534222199199,1.1088146524348714,0.5539413808499231,0.10903675988231806,1.0,0.0,1.0,1.0,1.0,RL,1
3.600000000000001,6.989602767467579,1.1422064524153441,0.580704462806734,0.10959502655507954,1.0,0.0,1.0,1.0,1.0,RL,1
3.800000000000001,6.995679465678066,1.1755192424100582,0.6074697161391713,0.11014863822452056,1.0,0.0,1.0,1.0,1.0,RL,1
4.000000000000001,7.002756819985275,1.208752880762157,0.6342366581917466,0.11069648685786232,1.0,0.0,1.0,1.0,1.0,RL,1
4.200000000000001,7.010826338533386,1.241907230057133,0.6610048084000469,0.11123750312673694,1.0,0.0,1.0,1.0,1.0,RL,1
4.400000000000001,7.019878808499438,1.2749821570560285,0.687773688287735,0.11177066383446113,1.0,0.0,1.0,1.0,1.0,RL,1
4.600000000000001,7.029904605726944,1.3079775326144674,0.7145428214512082,0.11229499848724911,1.0,0.0,1.0,1.0,1.0,RL,1
4.800000000000002,7.04089403606137,1.3408932315891093,0.7413117335330152,0.11280959491423727,1.0,0.0,1.0,1.0,1.0,RL,1
5.000000000000002,7.052837704885347,1.3737291327331844,0.7680799521852212,0.11331360387303295,1.0,0.0,1.0,1.0,1.0,RL,1
5.200000000000002,7.065726912045196,1.406485118583019,0.7948470070241215,0.11380624260942232,1.0,0.0,1.0,1.0,1.0,RL,1
5.400000000000002,7.079554070362971,1.4391610753374124,0.8216124295777141,0.11428679737037915,1.0,0.0,1.0,1.0,1.0,RL,1
5.600000000000002,7.094313147239487,1.4717568927318492,0.8483757532274521,0.11475462489733212,1.0,0.0,1.0,1.0,1.0,RL,1
5.8000000000000025,7.110000130478867,1.5042724639093716,0.8751365131457268,0.11520915295078792,1.0,0.0,1.0,1.0,1.0,RL,1
6.000000000000003,7.126613521420814,1.536707685289987,0.9018942462305486,0.11564987993720503,1.0,0.0,1.0,1.0,1.0,RL,1
6.200000000000003,7.144154860791244,1.569062456440181,0.9286484910387738,0.11607637372412584,1.0,0.0,1.0,1.0,1.0,RL,1
6.400000000000003,7.162629295444352,1.601336679944178,0.9553987877191588,0.116488269739954,1.0,0.0,1.0,1.0,1.0,RL,1
6.600000000000003,7.182046197482358,1.6335302612782092,0.9821446779463749,0.11688526846061925,1.0,0.0,1.0,1.0,1.0,RL,1
6.800000000000003,7.202419851277404,1.6656431086889842,1.0088857048570132,0.11726713238710305,1.0,0.0,1.0,1.0,1.0,RL,1
7.0000000000000036,7.223770228941969,1.6976751330773565,1.0356214129884327,0.11763368261594973,1.0,0.0,1.0,1.0,1.0,RL,1
7.200000000000004,7.246123881178283,1.7296262478879458,1.0623513482212097,0.11798479510007358,1.0,0.0,1.0,1.0,1.0,RL,1
7.400000000000004,7.269514978733134,1.7614963690053282,1.0890750577257478,0.11832039669003715,1.0,0.0,1.0,1.0,1.0,RL,1
7.600000000000004,7.293986550693946,1.7932854146572592,1.1157920899135554,0.11864046103713756,1.0,0.0,1.0,1.0,0.8453729152679443,RL,1
7.800000000000004,7.319591980761764,1.8249933053251772,1.1425019943934847,0.11894500442966198,1.0,0.0,1.0,1.0,0.6536972522735596,RL,1
8.000000000000004,7.3463968431800994,1.8566199636622018,1.169204321933196,0.11923408162304178,1.0,0.0,1.0,1.0,0.461164653301239,RL,1
8.200000000000003,7.374481188831962,1.888165314418617,1.1958986244259804,0.11950778171373053,1.0,0.0,1.0,1.0,0.26827532052993774,RL,1
8.400000000000002,7.403942433216851,1.9196292843748055,1.2225844548630176,0.1197662240957266,1.0,0.0,1.0,1.0,0.07552332431077957,RL,1
8.600000000000001,7.434899057977818,1.9510118022815255,1.2492613672718111,0.12000955452790946,1.0,0.0,1.0,1.0,0.0,RL,1
8.8,7.43421511096984,1.9510118022824021,1.2492613672718111,0.1202387378314623,1.0,0.0,1.0,1.0,1.0,RL,1
9.0,7.484251255429506,2.0021429931061028,1.2884297970098098,0.12046742515167745,1.0,0.0,1.0,1.0,0.0,RL,1
9.2,7.483609284372455,2.0021429931061028,1.2884297970098098,0.12067472571143407,1.0,0.0,1.0,1.0,0.8330620527267456,RL,1
9.399999999999999,7.534616407276938,2.0523516547840956,1.3275244418014043,0.12088152787009121,1.0,0.0,1.0,1.0,0.0,RL,1
9.599999999999998,7.534011239350078,2.0523516547840956,1.3275244418014043,0.12106859135487152,1.0,0.0,1.0,1.0,0.566076397895813,RL,1
9.799999999999997,7.588331447718027,2.102304843207178,1.3665433718726088,0.12125515756603043,1.0,0.0,1.0,1.0,0.0,RL,1
9.999999999999996,7.587759842916888,2.102304843207178,1.3665433718726088,0.1214227733264849,1.0,0.0,1.0,1.0,0.2996663451194763,RL,1
10.199999999999996,7.647512965927895,2.152003018036182,1.4054853117430608,0.12158990338072635,1.0,0.0,1.0,1.0,0.0,RL,1
10.399999999999995,7.646972562221208,2.152003018036182,1.4054853117430608,0.1217384102589994,1.0,0.0,1.0,1.0,0.0340254008769989,RL,1
10.599999999999994,7.712730993516751,2.2014470156548738,1.4443493381372132,0.12188645257439665,1.0,0.0,1.0,1.0,0.0,RL,1
10.799999999999994,7.712219010950689,2.2014470156548738,1.4443493381372132,0.1220164074780412,1.0,0.0,1.0,1.0,0.0,RL,1
10.999999999999993,7.711706272343457,2.2014470156548738,1.4443493381372132,0.12214663317594945,1.0,0.0,1.0,1.0,0.7441092729568481,RL,1
11.199999999999992,7.829117500223823,2.2701998820302793,1.4953407256309075,0.12227616788656898,1.0,0.0,1.0,1.0,0.0,RL,1
11.399999999999991,7.828643720862646,2.2701998820302793,1.4953407256309075,0.12237870023149093,1.0,0.0,1.0,1.0,0.0,RL,1
11.59999999999999,7.828169411318073,2.2701998820302793,1.4953407256309075,0.12248141518227468,1.0,0.0,1.0,1.0,0.4056234657764435,RL,1
11.79999999999999,7.932120890202692,2.335960701528257,1.5461573004525315,0.12258356873951154,1.0,0.0,1.0,1.0,0.0,RL,1
11.99999999999999,7.931670244143251,2.335960701528257,1.5461573004525315,0.12266661530542733,1.0,0.0,1.0,1.0,0.0,RL,1
12.199999999999989,7.931219204832421,2.335960701528257,1.5461573004525315,0.12274979263464912,1.0,0.0,1.0,1.0,0.0979313999414444,RL,1
12.399999999999988,7.946914880994637,2.401042524228814,1.5461573004525315,0.12283276207888535,1.0,0.0,1.0,1.0,0.0,RL,1
12.599999999999987,7.919995787139917,2.4289525145402795,1.5461573004525315,0.12291308041602386,1.0,0.0,1.0,1.0,0.0,RL,1
12.799999999999986,7.919541505728968,2.4289525145402795,1.5461573004525315,0.1229978964631298,1.0,0.0,1.0,1.0,0.0,RL,1
12.999999999999986,7.919086817863938,2.4289525145402795,1.5461573004525315,0.12308284773328297,1.0,0.0,1.0,1.0,0.3248383104801178,RL,1
13.199999999999985,7.937144260362588,2.493651180530581,1.5461573004525315,0.12316758837619043,1.0,0.0,1.0,1.0,0.0,RL,1
13.399999999999984,7.9106279411115565,2.521398329849877,1.5461573004525315,0.12324923575891805,1.0,0.0,1.0,1.0,0.0,RL,1
13.599999999999984,7.910170464327515,2.521398329849877,1.5461573004525315,0.12333538661630074,1.0,0.0,1.0,1.0,0.0,RL,1
13.799999999999983,7.909712570610136,2.521398329849877,1.5461573004525315,0.12342167613788078,1.0,0.0,1.0,1.0,0.5761667490005493,RL,1
13.999999999999982,7.922371970624856,2.5854228216845248,1.5461573004525315,0.12350775464872737,1.0,0.0,1.0,1.0,0.0,RL,1
14.199999999999982,7.89643997303708,2.613008587142437,1.5461573004525315,0.12359159204305416,1.0,0.0,1.0,1.0,0.0,RL,1
14.39999999999998,7.89597812846487,2.613008587142437,1.5461573004525315,0.1236799517776123,1.0,0.0,1.0,1.0,0.0,RL,1
14.59999999999998,7.89551585017316,2.613008587142437,1.5461573004525315,0.12376845589893264,1.0,0.0,1.0,1.0,0.8415310978889465,RL,1
14.79999999999998,7.907859553648812,2.6766570111319337,1.5461573004525315,0.1238567457813522,1.0,0.0,1.0,1.0,0.0,RL,1
14.999999999999979,7.882480712727486,2.7040823189055088,1.5461573004525315,0.12394279263734598,1.0,0.0,1.0,1.0,0.0,RL,1
15.199999999999978,7.882014341890536,2.704082318905509,1.5461573004525315,0.12403338216774093,1.0,0.0,1.0,1.0,0.0661536380648613,RL,1
15.399999999999977,7.864321693378092,2.750339290329024,1.5461573004525315,0.12412385336377568,1.0,0.0,1.0,1.0,0.0,RL,1
15.599999999999977,7.840469014511039,2.777635035585925,1.5461573004525315,0.12421748670956825,1.0,0.0,1.0,1.0,0.0,RL,1
15.799999999999976,7.839990900506271,2.777635035585925,1.5461573004525315,0.12431576861992616,1.0,0.0,1.0,1.0,0.29449838399887085,RL,1
15.999999999999975,7.823064498415623,2.8236672560481884,1.5461573004525315,0.12441393035623359,1.0,0.0,1.0,1.0,0.0,RL,1
16.199999999999974,7.798884824868515,2.850834019317527,1.5461573004525315,0.12451537352084725,1.0,0.0,1.0,1.0,0.0,RL,1
16.399999999999974,7.798393302878673,2.850834019317527,1.5461573004525315,0.12462192907841067,1.0,0.0,1.0,1.0,0.5291493535041809,RL,1
16.599999999999973,7.784024500249747,2.896642024177516,1.5461573004525315,0.12472836404994721,1.0,0.0,1.0,1.0,0.0,RL,1
16.799999999999972,7.761032952773984,2.9236803816027166,1.5461573004525315,0.12483780279971306,1.0,0.0,1.0,1.0,0.0,RL,1
16.99999999999997,7.760527383455436,2.9236803816027166,1.5461573004525315,0.12495249110420902,1.0,0.0,0.9385707974433899,1.0,0.7559443712234497,RL,1
17.19999999999997,7.748512683438651,2.9692652503845753,1.5461573004525315,0.12506706002629794,1.0,0.0,0.9510747194290161,1.0,0.0,RL,1
17.39999999999997,7.727186501519744,2.996175775373682,1.5461573004525315,0.12518431624248547,1.0,0.0,0.9059140086174011,1.0,0.0,RL,1
17.59999999999997,7.726666648940049,2.996175775373682,1.5461573004525315,0.12530679569070527,1.0,0.0,0.7484309077262878,1.0,0.9982789754867554,RL,1
17.79999999999997,7.713475285597698,3.041538737433293,1.5461573004525315,0.12542915842318436,1.0,0.0,0.7773932814598083,1.0,0.0,RL,1
17.999999999999968,7.6929967073270396,3.068322001742359,1.5461573004525315,0.12555469372667233,1.0,0.0,0.7336918711662292,1.0,0.0,RL,1
18.199999999999967,7.69246075141594,3.068322001742359,1.5461573004525315,0.1256856071609298,1.0,0.0,0.5670041441917419,1.0,1.0,RL,1
18.399999999999967,7.678478301816069,3.1134635297219835,1.5461573004525315,0.12581640843653505,1.0,0.0,0.5924617052078247,1.0,0.0,RL,1
18.599999999999966,7.655914833967349,3.1401201002125556,1.5461573004525315,0.12595082209852163,1.0,0.0,0.5508864521980286,1.0,0.12088019400835037,RL,1
18.799999999999965,7.633869512378663,3.1667297317428225,1.5461573004525315,0.1260913427329041,1.0,0.0,0.455539345741272,1.0,0.0,RL,1
18.999999999999964,7.612296622464964,3.1932924958521864,1.5461573004525315,0.1262381025265609,1.0,0.0,0.41638100147247314,1.0,0.30323463678359985,RL,1
19.199999999999964,7.591837488737137,3.2198084637231132,1.5461573004525315,0.12639124105648875,1.0,0.0,0.32170695066452026,1.0,0.0,RL,1
19.399999999999963,7.571746696230602,3.2462777061688124,1.5461573004525315,0.12655068778005804,1.0,0.0,0.2923077940940857,1.0,0.47370627522468567,RL,1
19.599999999999962,7.551992836050866,3.2727002940020165,1.5461573004525315,0.12671658824761292,1.0,0.0,0.19459548592567444,1.0,0.0,RL,1
19.79999999999996,7.532546935042076,3.2990762976563817,1.5461573004525315,0.1268890958346648,1.0,0.0,0.16898798942565918,1.0,0.6440067291259766,RL,1
19.99999999999996,7.513382145516345,3.3254057871734406,1.5461573004525315,0.1270683721723175,1.0,0.0,0.06823857873678207,1.0,0.0,RL,1
20.19999999999996,7.494473476900846,3.351688832188826,1.5461573004525315,0.1272545876175764,1.0,0.0,0.046810660511255264,1.0,0.8136924505233765,RL,1
20.39999999999996,7.475797562145895,3.3779255019176944,1.5461573004525315,0.12744792176684705,1.0,0.0,0.0,1.0,0.0,RL,1
20.59999999999996,7.457332453056977,3.4041158651392704,1.5461573004525315,0.12764856401640937,1.0,0.0,0.0,1.0,0.9823294281959534,RL,1
20.799999999999958,7.439057439753655,3.430259990180443,1.5461573004525315,0.12785671417418396,1.0,0.0,0.0,1.0,0.021137000992894173,RL,1
20.999999999999957,7.420952890282004,3.4563579448983313,1.5461573004525315,0.12807258312769954,1.0,0.0,0.0,1.0,1.0,RL,1
21.199999999999957,7.403000107062248,3.4824097966616625,1.5461573004525315,0.12829639357383735,1.0,0.0,0.0,1.0,0.1858665496110916,RL,1
21.399999999999956,7.385181197375965,3.5084156123309653,1.5461573004525315,0.12852838081668314,1.0,0.0,0.0,1.0,0.2704741656780243,RL,1
21.599999999999955,7.367478955514384,3.534375458237362,1.5461573004525315,0.12876879364067662,0.9477832317352295,0.0,0.0,1.0,0.3496275246143341,RL,1
21.799999999999955,7.350346061825143,3.5598584882910695,1.5461573004525315,0.12901790253729,0.8678499460220337,0.0,0.0,1.0,0.4291650056838989,RL,1
21.999999999999954,7.333672773254826,3.5846307818908842,1.5461573004525315,0.12927575628208418,0.7891262173652649,0.0,0.0,1.0,0.5065439939498901,RL,1
22.199999999999953,7.317868848322792,3.608704192645691,1.5461573004525315,0.12954244541303792,0.7118801474571228,0.0,0.0,1.0,0.5816971063613892,RL,1
22.399999999999952,7.302671767802078,3.6320943574109386,1.5461573004525315,0.12981782307743506,0.635988175868988,0.0,0.0,1.0,0.6547858119010925,RL,1
22.59999999999995,7.288055204111051,3.65481570944998,1.5461573004525315,0.13010185728995968,0.5614432096481323,0.0,0.0,1.0,0.7258194088935852,RL,1
22.79999999999995,7.2739954019179995,3.676882460532562,1.5461573004525315,0.1303945105702302,0.488239049911499,0.0,0.0,1.0,0.7948034405708313,RL,1
22.99999999999995,7.259859382477233,3.6983086135986913,1.5461573004525315,0.13069573967737957,0.41602256894111633,0.0,0.0,1.0,0.8621647357940674,RL,1
23.19999999999995,7.245683740926823,3.7191050976253877,1.5461573004525315,0.13100587447474077,0.3447885811328888,0.0,0.0,1.0,0.9278708696365356,RL,1
23.39999999999995,7.233135948697576,3.739277588694557,1.5461573004525315,0.13132523637461332,0.2754490077495575,0.0,0.0,1.0,0.9907873868942261,RL,1
23.599999999999948,7.2209200054206635,3.7588314379831242,1.5461573004525315,0.13165306522844192,0.2073150873184204,0.0,0.0,1.0,1.0,RL,1
23.799999999999947,7.209183731614332,3.7777984239248705,1.5461573004525315,0.13198939462862203,0.1404428780078888,0.0,0.0,1.0,1.0,RL,1
23.999999999999947,7.197913279106874,3.7961911672576245,1.5461573004525315,0.1323341470168642,0.07480686902999878,0.0,0.0,1.0,1.0,RL,1
24.199999999999946,7.1864232245215875,3.8140219574118257,1.5461573004525315,0.1326872373267376,0.009870057925581932,0.0,0.0,1.0,1.0,RL,1
24.399999999999945,7.175677821377053,3.8312985688237506,1.5461573004525315,0.13304905941957312,0.0,0.0,0.0,1.0,1.0,RL,1
24.599999999999945,7.16522740122417,3.848473433362461,1.5461573004525315,0.13341930095940355,0.0,0.0,0.0,1.0,1.0,RL,1
24.799999999999944,7.154521404377457,3.865627501122625,1.5461573004525315,0.1337979552795621,0.0,0.0,0.0,1.0,1.0,RL,1
24.999999999999943,7.143927321140177,3.8827607867833946,1.5461573004525315,0.1341854326797615,0.0,0.0,0.0,1.0,1.0,RL,1
25.199999999999942,7.133338772781539,3.899873304520183,1.5461573004525315,0.13458187264620997,0.0,0.0,0.0,1.0,1.0,RL,1
25.39999999999994,7.122480610793244,3.916965068326259,1.5461573004525315,0.13498750136372883,0.0,0.0,0.0,1.0,1.0,RL,1
25.59999999999994,7.111561953831484,3.9340360919102024,1.5461573004525315,0.13540278005321163,0.0,0.0,0.0,1.0,1.0,RL,1
25.79999999999994,7.100794437376703,3.9510863884176426,1.5461573004525315,0.1358280158987033,0.0,0.0,0.0,1.0,1.0,RL,1
25.99999999999994,7.089741129752002,3.9681159706145133,1.5461573004525315,0.13626334354155184,0.0,0.0,0.0,1.0,1.0,RL,1
26.19999999999994,7.078830076016332,3.985124851092006,1.5461573004525315,0.13670928561301093,0.0,0.0,0.0,1.0,1.0,RL,1
26.399999999999938,7.0676210845720755,4.002113041806941,1.5461573004525315,0.13716600141590657,0.0,0.0,0.0,1.0,1.0,RL,1
26.599999999999937,7.056544832371451,4.019080554513093,1.5461573004525315,0.1376340614555722,0.0,0.0,0.0,1.0,1.0,RL,1
26.799999999999937,7.045157165939234,4.036027400274085,1.5461573004525315,0.13811365399262615,0.0,0.0,0.0,1.0,1.0,RL,1
26.999999999999936,7.033891929634382,4.052953589917268,1.5461573004525315,0.13860540429206533,0.0,0.0,0.0,1.0,1.0,RL,1
27.199999999999935,7.022300245693996,4.069859133516021,1.5461573004525315,0.1391095347991832,0.0,0.0,0.0,1.0,1.0,RL,1
27.399999999999935,7.0108196863896195,4.086744040868099,1.5461573004525315,0.13962673378457321,0.0,0.0,0.0,1.0,1.0,RL,1
27.599999999999934,6.998995812592448,4.1036083209438265,1.5461573004525315,0.14015726428432962,0.0,0.0,0.0,1.0,1.0,RL,1
27.799999999999933,6.987270513355913,4.120451982391103,1.5461573004525315,0.1407018875286921,0.0,0.0,0.0,1.0,1.0,RL,1
27.999999999999932,6.975182858693107,4.137275032945269,1.5461573004525315,0.14126091505956476,0.0,0.0,0.0,1.0,1.0,RL,1
28.199999999999932,6.963179674759281,4.154077479963214,1.5461573004525315,0.14183519318773813,0.0,0.0,0.0,1.0,1.0,RL,1
28.39999999999993,6.950792496269358,4.170859329789952,1.5461573004525315,0.142425091827077,0.0,0.0,0.0,1.0,1.0,RL,1
28.59999999999993,6.938473740673201,4.187620588324498,1.5461573004525315,0.1430315572695429,0.0,0.0,0.0,1.0,1.0,RL,1
28.79999999999993,6.925746218877514,4.204361260337211,1.5461573004525315,0.14365503021946663,0.0,0.0,0.0,0.9471321105957031,1.0,RL,1
28.99999999999993,6.913472131667694,4.220333488888849,1.5461573004525315,0.14429660951430015,0.0,0.0,0.0,0.8705396056175232,1.0,RL,1
29.19999999999993,6.901022830748624,4.235148768204942,1.5461573004525315,0.14495634534875274,0.0,0.0,0.0,0.7947083711624146,1.0,RL,1
29.399999999999928,6.890571457754971,4.248722777055679,1.5461573004525315,0.14563511914767563,0.0,0.0,0.0,0.7218796014785767,1.0,RL,1
29.599999999999927,6.8800761803652435,4.261160210554156,1.5461573004525315,0.14633082647148193,0.0,0.0,0.0,0.6499576568603516,1.0,RL,1
29.799999999999926,6.870474831460545,4.2724782140871955,1.5461573004525315,0.14704407482688991,0.0,0.0,0.0,0.579746663570404,1.0,RL,1
29.999999999999925,6.86176509009686,4.282705991371784,1.5461573004525315,0.1477741261990936,0.0,0.0,0.0,0.5111981630325317,1.0,RL,1
30.199999999999925,6.853944337209799,4.291871660068885,1.5461573004525315,0.14852016758698852,0.0,0.0,0.0,0.4442737102508545,1.0,RL,1
30.399999999999924,6.846367104907119,4.300002429241706,1.5461573004525315,0.1492813132822906,0.0,0.0,0.0,0.36372852325439453,1.0,RL,1
30.599999999999923,6.842189513255216,4.306891094938004,1.5461573004525315,0.15005761765536962,0.0,0.0,0.0,0.3167322278022766,1.0,RL,1
30.799999999999923,6.837002219549908,4.313054656321695,1.5461573004525315,0.1508441161066211,0.0,0.0,0.0,0.2547426223754883,1.0,RL,1
30.999999999999922,6.831770733453092,4.318203344377847,1.5461573004525315,0.1516426430022901,0.0,0.0,0.0,0.1933359056711197,1.0,RL,1
31.19999999999992,6.82735593893491,4.322163312177044,1.5461573004525315,0.15245356434560647,0.0,0.0,0.0,0.1335553377866745,1.0,RL,1
31.39999999999992,6.82388965807083,4.325200411073323,1.5461573004525315,0.1532758260304905,0.0,0.0,0.0,0.07117567956447601,1.0,RL,1
31.59999999999992,6.8213383617953705,4.327275354077736,1.5461573004525315,0.1538013734900435,0.0,0.0,0.0,0.03577277809381485,1.0,RL,1
31.79999999999992,6.8211443318928895,4.328805322131183,1.5461573004525315,0.15422067650328639,0.0,0.0,0.0,0.005021559074521065,1.0,RL,1
31.99999999999992,6.82150927717593,4.329861294430875,1.5461573004525315,0.1544157163408397,0.0,0.0,0.0,0.0,1.0,RL,1
32.19999999999992,6.8219496844251255,4.330826829504551,1.5461573004525315,0.1546108441435407,0.0,0.0,0.0,0.0,1.0,RL,1
32.39999999999992,6.82238924281333,4.33179228435664,1.5461573004525315,0.15480603028874718,0.0,0.0,0.0,0.0,1.0,RL,1
32.59999999999992,6.8228279524317,4.332757658988654,1.5461573004525315,0.15500127488693116,0.0,0.0,0.0,0.0,1.0,RL,1
32.799999999999926,6.823265813361737,4.333722953402099,1.5461573004525315,0.155196578049261,0.0,0.0,0.0,0.0,1.0,RL,1
32.99999999999993,6.823702825675278,4.334688167598472,1.5461573004525315,0.1553919398876046,0.0,0.0,0.0,0.0,1.0,RL,1
33.19999999999993,6.824138989434486,4.335653301579261,1.5461573004525315,0.1555873605145326,0.0,0.0,0.0,0.0,1.0,RL,1
33.399999999999935,6.824574304691841,4.336618355345946,1.5461573004525315,0.1557828400433216,0.0,0.0,0.0,0.0,1.0,RL,1
33.59999999999994,6.825008771490127,4.337583328900002,1.5461573004525315,0.15597837858795757,0.0,0.0,0.0,0.0,1.0,RL,1
33.79999999999994,6.82544238986243,4.338548222242893,1.5461573004525315,0.156173976263139,0.0,0.0,0.0,0.0,1.0,RL,1
33.99999999999994,6.825875159832116,4.3395130353760765,1.5461573004525315,0.1563696331842803,0.0,0.0,0.0,0.0,1.0,RL,1
34.199999999999946,6.82630708141283,4.340477768301001,1.5461573004525315,0.15656534946751502,0.0,0.001294933259487152,0.0,0.0,1.0,RL,1
34.39999999999995,6.82673815460848,4.341442421019108,1.5461573004525315,0.1567611252296994,0.0,0.00299121905118227,0.0,0.0,1.0,RL,1
34.59999999999995,6.827168379413227,4.34240699353183,1.5461573004525315,0.15695696058841557,0.0,0.004691404290497303,0.0,0.0,1.0,RL,1
34.799999999999955,6.827597755811473,4.34337148584059,1.5461573004525315,0.157152855661975,0.0,0.006395375356078148,0.0,0.0,1.0,RL,1
34.99999999999996,6.828026283777849,4.344335897946807,1.5461573004525315,0.15734881056942196,0.0,0.008103007450699806,0.0,0.0,1.0,RL,1
35.19999999999996,6.828453963277204,4.345300229851886,1.5461573004525315,0.1575448254305369,0.0,0.009814241901040077,0.0,0.0,1.0,RL,1
35.39999999999996,6.828880794264591,4.3462644815572276,1.5461573004525315,0.15774090036583996,0.0,0.011528940871357918,0.0,0.0,1.0,RL,1
35.599999999999966,6.829306776685255,4.347228653064223,1.5461573004525315,0.1579370354965944,0.0,0.013247035443782806,0.0,0.0,1.0,RL,1
35.79999999999997,6.829731910474619,4.348192744374254,1.5461573004525315,0.1581332309448102,0.0,0.01496841385960579,0.0,0.0,1.0,RL,1
35.99999999999997,6.830156195558271,4.349156755488695,1.5461573004525315,0.15832948683324746,0.0,0.016692953184247017,0.0,0.0,1.0,RL,1
36.199999999999974,6.83057963185195,4.350120686408912,1.5461573004525315,0.1585258032854201,0.0,0.018420564010739326,0.0,0.0,1.0,RL,1
36.39999999999998,6.831002219261534,4.351084537136262,1.5461573004525315,0.1587221804255993,0.0,0.02015124075114727,0.0,0.0,1.0,RL,1
36.59999999999998,6.831423957683024,4.352048307672092,1.5461573004525315,0.15891861837881716,0.0,0.021884726360440254,0.0,0.0,1.0,RL,1
36.79999999999998,6.831844847002526,4.353011998017742,1.5461573004525315,0.1591151172708703,0.0,0.023621050640940666,0.0,0.0,1.0,RL,1
36.999999999999986,6.832264887096243,4.353975608174542,1.5461573004525315,0.15931167722832357,0.0,0.02536007948219776,0.0,0.0,1.0,RL,1
37.19999999999999,6.8326840778304545,4.3549391381438145,1.5461573004525315,0.15950829837851363,0.0,0.02710171602666378,0.0,0.0,1.0,RL,1
37.39999999999999,6.833102419061502,4.355902587926872,1.5461573004525315,0.15970498084955267,0.0,0.028845811262726784,0.0,0.0,1.0,RL,1
37.599999999999994,6.833519910635776,4.356865957525018,1.5461573004525315,0.15990172477033215,0.0,0.03059235028922558,0.0,0.0,1.0,RL,1
37.8,6.8339365523896936,4.357829246939549,1.5461573004525315,0.16009853027052648,0.0,0.032341208308935165,0.0,0.0,1.0,RL,1
38.0,6.834352344149689,4.3587924561717495,1.5461573004525315,0.16029539748059685,0.0,0.03409227728843689,0.0,0.0,1.0,RL,1
38.2,6.834767285732193,4.359755585222897,1.5461573004525315,0.16049232653179496,0.0,0.03584545478224754,0.0,0.0,1.0,RL,1
38.400000000000006,6.835181376943614,4.360718634094258,1.5461573004525315,0.16068931755616686,0.0,0.03760065510869026,0.0,0.0,1.0,RL,1
38.60000000000001,6.835594617580326,4.361681602787092,1.5461573004525315,0.1608863706865568,0.0,0.03935779631137848,0.0,0.0,1.0,RL,1
38.80000000000001,6.8360070074286465,4.362644491302648,1.5461573004525315,0.16108348605661107,0.0,0.04111678525805473,0.0,0.0,1.0,RL,1
39.000000000000014,6.836418546264818,4.363607299642164,1.5461573004525315,0.16128066380078188,0.0,0.04287749156355858,0.0,0.0,1.0,RL,1
39.20000000000002,6.836829233854995,4.364570027806873,1.5461573004525315,0.16147790405433124,0.0,0.04463985934853554,0.0,0.0,1.0,RL,1
39.40000000000002,6.837239069955217,4.365532675797994,1.5461573004525315,0.16167520695333498,0.0,0.04640376195311546,0.0,0.0,1.0,RL,1
39.60000000000002,6.837648054311398,4.36649524361674,1.5461573004525315,0.16187257263468666,0.0,0.04816913604736328,0.0,0.0,1.0,RL,1
39.800000000000026,6.838056186659299,4.367457731264311,1.5461573004525315,0.16207000123610152,0.0,0.04993586614727974,0.0,0.0,1.0,RL,1
40.00000000000003,6.838463466724516,4.368420138741902,1.5461573004525315,0.1622674928961206,0.0,0.051703888922929764,0.0,0.0,1.0,RL,1
40.20000000000003,6.838869894222455,4.369382466050694,1.5461573004525315,0.1624650477541147,0.0,0.05347304418683052,0.0,0.0,1.0,RL,1
40.400000000000034,6.839275468858313,4.3703447131918605,1.5461573004525315,0.1626626659502884,0.0,0.05524326488375664,0.0,0.0,1.0,RL,1
40.60000000000004,6.839680190327057,4.371306880166564,1.5461573004525315,0.16286034762568424,0.0,0.05701451376080513,0.0,0.0,1.0,RL,1
40.80000000000004,6.840084058313402,4.372268966975959,1.5461573004525315,0.16305809292218687,0.0,0.05878661200404167,0.0,0.0,1.0,RL,1
41.00000000000004,6.840487072491795,4.373230973621188,1.5461573004525315,0.1632559019825271,0.0,0.06055951863527298,0.0,0.0,1.0,RL,1
41.200000000000045,6.840889232526386,4.374192900103385,1.5461573004525315,0.1634537749502861,0.0,0.06233314424753189,0.0,0.0,1.0,RL,1
41.40000000000005,6.841290538071011,4.375154746423672,1.5461573004525315,0.16365171196989964,0.0,0.06410732865333557,0.0,0.0,1.0,RL,1
41.60000000000005,6.841736473761262,4.376116512583166,1.5461573004525315,0.16384971318666228,0.0,0.06587964296340942,0.0,0.0,1.0,RL,1
41.800000000000054,6.843748530499613,4.377078198582968,1.5461573004525315,0.1640477607295303,0.0,0.0675693079829216,0.0,0.0,1.0,RL,1
42.00000000000006,6.845013693964226,4.378039804425416,1.5461573004525315,0.1642452348685835,0.0,0.0692957267165184,0.0,0.0,1.0,RL,1
42.20000000000006,6.84627968975106,4.379001330155684,1.5461573004525315,0.16444243064597885,0.0,0.07102062553167343,0.0,0.0,1.0,RL,1
42.40000000000006,6.847546523015753,4.379962775798546,1.5461573004525315,0.16463934751201936,0.0,0.07274394482374191,0.0,0.0,1.0,RL,1
42.600000000000065,6.848814198896681,4.380924141378817,1.5461573004525315,0.164835984919655,0.0,0.0744655653834343,0.0,0.0,1.0,RL,1
42.80000000000007,6.850082722515176,4.381885426921347,1.5461573004525315,0.16503234232449338,0.0,0.07618548721075058,0.0,0.0,1.0,RL,1
43.00000000000007,6.851352098975736,4.3828466324510185,1.5461573004525315,0.16522841918481027,0.0,0.07790350914001465,0.0,0.0,1.0,RL,1
43.200000000000074,6.852622333366257,4.383807757992753,1.5461573004525315,0.16542421496156004,0.0,0.0796196237206459,0.0,0.0,1.0,RL,1
43.40000000000008,6.85389343075824,4.384768803571507,1.5461573004525315,0.16561972911838602,0.0,0.08133374899625778,0.0,0.0,1.0,RL,1
43.60000000000008,6.855165396207024,4.385729769212273,1.5461573004525315,0.16581496112163055,0.0,0.08304576575756073,0.0,0.0,1.0,RL,1
43.80000000000008,6.8564382347520025,4.386690654940076,1.5461573004525315,0.16600991044034513,0.0,0.08475559204816818,0.0,0.0,1.0,RL,1
44.000000000000085,6.857711951416844,4.387651460779979,1.5461573004525315,0.16620457654630028,0.0,0.08646322041749954,0.0,0.0,1.0,RL,1
44.20000000000009,6.858986551209723,4.388612186757077,1.5461573004525315,0.16639895891399528,0.0,0.08816847950220108,0.0,0.0,1.0,RL,1
44.40000000000009,6.860262039123538,4.3895728328965005,1.5461573004525315,0.16659305702066796,0.0,0.0898713618516922,0.0,0.0,1.0,RL,1
44.600000000000094,6.861538420136139,4.3905333992234175,1.5461573004525315,0.16678687034630404,0.0,0.09157174080610275,0.0,0.0,1.0,RL,1
44.8000000000001,6.862815699210558,4.391493885763026,1.5461573004525315,0.16698039837364667,0.0,0.09326959401369095,0.0,0.0,1.0,RL,1
45.0000000000001,6.864093881295232,4.39245429254056,1.5461573004525315,0.1671736405882056,0.0,0.09496479481458664,0.0,0.0,1.0,RL,1
45.2000000000001,6.8653729713242315,4.393414619581286,1.5461573004525315,0.1673665964782664,0.0,0.09665732830762863,0.0,0.0,1.0,RL,1
45.400000000000105,6.866652974217492,4.394374866910507,1.5461573004525315,0.16755926553489933,0.0,0.09834706038236618,0.0,0.0,1.0,RL,1
45.60000000000011,6.867933894881041,4.395335034553557,1.5461573004525315,0.1677516472519683,0.0,0.1000339612364769,0.0,0.0,1.0,RL,1
45.80000000000011,6.8692157382072345,4.396295122535802,1.5461573004525315,0.1679437411261396,0.0,0.10171796381473541,0.0,0.0,1.0,RL,1
46.000000000000114,6.870498509074981,4.397255130882645,1.5461573004525315,0.16813554665689046,0.0,0.10339895635843277,0.0,0.0,1.0,RL,1
46.20000000000012,6.871782212349981,4.398215059619518,1.5461573004525315,0.1683270633465175,0.0,0.10507691651582718,0.0,0.0,1.0,RL,1
46.40000000000012,6.873066852884958,4.399174908771887,1.5461573004525315,0.1685182907001452,0.0,0.10675177723169327,0.0,0.0,1.0,RL,1
46.60000000000012,6.874352435519893,4.400134678365253,1.5461573004525315,0.1687092282257339,0.0,0.10842346400022507,0.0,0.0,1.0,RL,1
46.800000000000125,6.875638965082261,4.401094368425146,1.5461573004525315,0.168899875434088,0.0,0.1100919172167778,0.0,0.0,1.0,RL,1
47.00000000000013,6.876926446387265,4.402053978977127,1.5461573004525315,0.16909023183886385,0.0,0.1117570623755455,0.0,0.0,1.0,RL,1
47.20000000000013,6.878214884238077,4.403013510046793,1.5461573004525315,0.16928029695657756,0.0,0.11341888457536697,0.0,0.0,1.0,RL,1
47.400000000000134,6.879504283426075,4.403972961659769,1.5461573004525315,0.16947007030661268,0.0,0.11507726460695267,0.0,0.0,1.0,RL,1
47.600000000000136,6.880794648731079,4.404932333841715,1.5461573004525315,0.16965955141122765,0.0,0.1167321726679802,0.0,0.0,1.0,RL,1
47.80000000000014,6.882085984921597,4.405891626618318,1.5461573004525315,0.1698487397955633,0.0,0.11838354915380478,0.0,0.0,1.0,RL,1
48.00000000000014,6.883378296755059,4.406850840015299,1.5461573004525315,0.17003763498765004,0.0,0.3834512531757355,0.0,0.0,0.9119791984558105,RL,1
48.200000000000145,6.884671588978065,4.407809974058409,1.5461573004525315,0.17022623651841495,0.0,0.3852050006389618,0.0,0.0,0.9013331532478333,RL,1
48.40000000000015,6.885965866326627,4.408769028773431,1.5461573004525315,0.1704145439216889,0.0,0.3869519829750061,0.0,0.0,0.8907440304756165,RL,1
48.60000000000015,6.887261133526407,4.409728004186176,1.5461573004525315,0.17060255673421323,0.0,0.38869205117225647,0.0,0.0,0.8802114129066467,RL,1
48.80000000000015,6.888557395292971,4.410686900322486,1.5461573004525315,0.1707902744956466,0.0,0.3904251754283905,0.0,0.0,0.8697342872619629,RL,1
49.000000000000156,6.889854656332027,4.411645717208233,1.5461573004525315,0.1709776967485715,0.0,0.3921513855457306,0.0,0.0,0.8593149185180664,RL,1
49.20000000000016,6.891152921339673,4.412604454869321,1.5461573004525315,0.1711648230385007,0.0,0.39387062191963196,0.0,0.0,0.8489512801170349,RL,1
49.40000000000016,6.89245219500265,4.413563113331681,1.5461573004525315,0.17135165291388355,0.0,0.39558282494544983,0.0,0.0,0.8386422395706177,RL,1
49.600000000000165,6.893752481998583,4.414521692621274,1.5461573004525315,0.17153818592611222,0.0,0.39728811383247375,0.0,0.0,0.8283911943435669,RL,1
49.80000000000017,6.895053786996237,4.4154801927640905,1.5461573004525315,0.1717244216295276,0.0,0.39898625016212463,0.0,0.0,0.818195641040802,RL,1
50.00000000000017,6.8963561146557595,4.41643861378615,1.5461573004525315,0.17191035958142536,0.0,0.4006773829460144,0.0,0.0,0.8080556988716125,RL,1
50.20000000000017,6.897659469628941,4.417396955713501,1.5461573004525315,0.17209599934206157,0.0,0.40236154198646545,0.0,0.0,0.7979719638824463,RL,1
50.400000000000176,6.89896385655946,4.418355218572221,1.5461573004525315,0.17228134047465837,0.0,0.4040384888648987,0.0,0.0,0.7879425883293152,RL,1
50.60000000000018,6.9002692800831396,4.419313402388414,1.5461573004525315,0.17246638254540947,0.0,0.4057084023952484,0.0,0.0,0.7779701352119446,RL,1
50.80000000000018,6.901575744828202,4.420271507188215,1.5461573004525315,0.17265112512348552,0.0,0.4073711931705475,0.0,0.0,0.7680529952049255,RL,1
51.000000000000185,6.90288325541552,4.421229532997783,1.5461573004525315,0.17283556778103928,0.0,0.4090268909931183,0.0,0.0,0.7581917643547058,RL,1
51.20000000000019,6.904191816458879,4.422187479843309,1.5461573004525315,0.17301971009321074,0.0,0.4106754958629608,0.0,0.0,0.7483845949172974,RL,1
51.40000000000019,6.905501432565227,4.42314534775101,1.5461573004525315,0.173203551638132,0.0,0.4123168885707855,0.0,0.0,0.7386334538459778,RL,1
51.60000000000019,6.90681210833494,4.42410313674713,1.5461573004525315,0.17338709199693214,0.0,0.41395124793052673,0.0,0.0,0.7289372086524963,RL,1
51.800000000000196,6.908123848362072,4.425060846857939,1.5461573004525315,0.17357033075374184,0.0,0.4155783951282501,0.0,0.0,0.7192956209182739,RL,1
52.0000000000002,6.909436657234625,4.426018478109736,1.5461573004525315,0.17375326749569794,0.0,0.41719841957092285,0.0,0.0,0.709709107875824,RL,1
52.2000000000002,6.910750539534803,4.426976030528846,1.5461573004525315,0.17393590181294782,0.0,0.41881129145622253,0.0,0.0,0.7001768946647644,RL,1
52.400000000000205,6.912065499839273,4.42793350414162,1.5461573004525315,0.1741182332986537,0.0,0.42041704058647156,0.0,0.0,0.6906993985176086,RL,1
52.60000000000021,6.913381542719435,4.428890898974437,1.5461573004525315,0.17430026154899667,0.0,0.42201560735702515,0.0,0.0,0.6812760829925537,RL,1
52.80000000000021,6.914698672741676,4.429848215053699,1.5461573004525315,0.17448198616318078,0.0,0.4236070513725281,0.0,0.0,0.6719068288803101,RL,1
53.00000000000021,6.916016894467645,4.430805452405836,1.5461573004525315,0.17466340674343686,0.0,0.42519137263298035,0.0,0.0,0.6625922918319702,RL,1
53.200000000000216,6.91733621245451,4.431762611057303,1.5461573004525315,0.1748445228950262,0.0,0.42676854133605957,0.0,0.0,0.6533312201499939,RL,1
53.40000000000022,6.918656631255229,4.432719691034583,1.5461573004525315,0.17502533422624414,0.0,0.42833852767944336,0.0,0.0,0.6441231966018677,RL,1
53.60000000000022,6.919978155418817,4.4336766923641795,1.5461573004525315,0.17520584034842354,0.0,0.4299013912677765,0.0,0.0,0.63496994972229,RL,1
53.800000000000225,6.9213007894906164,4.434633615072625,1.5461573004525315,0.17538604087593812,0.0,0.43145719170570374,0.0,0.0,0.6258689761161804,RL,1
54.00000000000023,6.922624538012561,4.435590459186475,1.5461573004525315,0.17556593542620555,0.0,0.43300583958625793,0.0,0.0,0.6168219447135925,RL,1
54.20000000000023,6.923949405523453,4.436547224732309,1.5461573004525315,0.17574552361969054,0.0,0.4345473647117615,0.0,0.0,0.6078277826309204,RL,1
54.40000000000023,6.925275396559233,4.437503911736733,1.5461573004525315,0.17592480507990776,0.0,0.43608173727989197,0.0,0.0,0.5988855957984924,RL,1
54.600000000000236,6.926602515653249,4.438460520226375,1.5461573004525315,0.17610377943342462,0.0,0.43760913610458374,0.0,0.0,0.5899976491928101,RL,1
54.80000000000024,6.927930767336534,4.439417050227889,1.5461573004525315,0.1762824463098638,0.0,0.4391293525695801,0.0,0.0,0.5811617970466614,RL,1
55.00000000000024,6.929260156138078,4.440373501767952,1.5461573004525315,0.17646080534190592,0.0,0.44064250588417053,0.0,0.0,0.5723775029182434,RL,1
55.200000000000244,6.9305906865851075,4.441329874873263,1.5461573004525315,0.17663885616529176,0.0,0.4421485960483551,0.0,0.0,0.5636453628540039,RL,1
55.40000000000025,6.931922363203357,4.442286169570547,1.5461573004525315,0.17681659841882463,0.0,0.4436476528644562,0.0,0.0,0.5549657344818115,RL,1
55.60000000000025,6.933255190517352,4.44324238588655,1.5461573004525315,0.1769940317443724,0.0,0.44513967633247375,0.0,0.0,0.5463374853134155,RL,1
55.80000000000025,6.934589173050681,4.444198523848042,1.5461573004525315,0.1771711557868694,0.0,0.4466247260570526,0.0,0.0,0.5377604961395264,RL,1
56.000000000000256,6.935924315326282,4.445154583481816,1.5461573004525315,0.17734797019431844,0.0,0.4481026828289032,0.0,0.0,0.5292353630065918,RL,1
56.20000000000026,6.93726062186672,4.446110564814686,1.5461573004525315,0.1775244746177924,0.0,0.44957366585731506,0.0,0.0,0.5207604169845581,RL,1
56.40000000000026,6.9385980971944665,4.447066467873488,1.5461573004525315,0.17770066871143575,0.0,0.4510376751422882,0.0,0.0,0.5123370289802551,RL,1
56.600000000000264,6.939936745832188,4.448022292685082,1.5461573004525315,0.17787655213246617,0.0,0.4524947702884674,0.0,0.0,0.5039635300636292,RL,1
56.80000000000027,6.9412765723030265,4.4489780392763505,1.5461573004525315,0.17805212454117572,0.0,0.4539448320865631,0.0,0.0,0.49564117193222046,RL,1
57.00000000000027,6.942617581130881,4.4499337076741945,1.5461573004525315,0.17822738560093207,0.0,0.45538800954818726,0.0,0.0,0.4873690605163574,RL,1
57.20000000000027,6.943959776840699,4.4508892979055386,1.5461573004525315,0.17840233497817953,0.0,0.45682424306869507,0.0,0.0,0.47914689779281616,RL,1
57.400000000000276,6.945303163958763,4.451844809997327,1.5461573004525315,0.17857697234244005,0.0,0.4582535922527313,0.0,0.0,0.4709744453430176,RL,1
57.60000000000028,6.946647747012974,4.452800243976528,1.5461573004525315,0.17875129736631393,0.0,0.459676057100296,0.0,0.0,0.4628511667251587,RL,1
57.80000000000028,6.947993530533145,4.453755599870126,1.5461573004525315,0.17892530972548049,0.0,0.46109166741371155,0.0,0.0,0.45477837324142456,RL,1
58.000000000000284,6.9493405190512885,4.454710877705131,1.5461573004525315,0.1790990090986987,0.0,0.4625004231929779,0.0,0.0,0.44675329327583313,RL,1
58.20000000000029,6.95068871710191,4.455666077508569,1.5461573004525315,0.17927239516780744,0.0,0.4639023244380951,0.0,0.0,0.43877747654914856,RL,1
58.40000000000029,6.952038129222298,4.456621199307489,1.5461573004525315,0.1794454676177259,0.0,0.4652974307537079,0.0,0.0,0.43084990978240967,RL,1
58.60000000000029,6.953388759952818,4.457576243128958,1.5461573004525315,0.17961822613645373,0.0,0.4666857421398163,0.0,0.0,0.42297250032424927,RL,1
58.800000000000296,6.954740613837209,4.458531209000065,1.5461573004525315,0.179790670415071,0.0,0.4680672883987427,0.0,0.0,0.415141761302948,RL,1
59.0000000000003,6.956093695422876,4.4594860969479155,1.5461573004525315,0.1799628001477381,0.0,0.46944209933280945,0.0,0.0,0.4073595702648163,RL,1
59.2000000000003,6.957448009261188,4.4604409069996365,1.5461573004525315,0.18013461503169562,0.0,0.4708101451396942,0.0,0.0,0.39962485432624817,RL,1
59.400000000000304,6.958803559907776,4.461395639182373,1.5461573004525315,0.18030611476726388,0.0,0.47217145562171936,0.0,0.0,0.3919385075569153,RL,1
59.60000000000031,6.960160351922833,4.462350293523289,1.5461573004525315,0.18047729905784252,0.0,0.4735696017742157,0.0,0.0,0.3861338794231415,RL,1
59.80000000000031,6.961518389871411,4.463304870049568,1.5461573004525315,0.18064816760990987,0.0,0.4749760031700134,0.0,0.0,0.3809833526611328,RL,1
60.00000000000031,6.962877678323722,4.4642593687884125,1.5461573004525315,0.18081872013302228,0.0,0.4763757884502411,0.0,0.0,0.37586498260498047,RL,1
60.200000000000315,6.964238221855448,4.46521378976704,1.5461573004525315,0.1809889563398132,0.0,0.47776907682418823,0.0,0.0,0.37077778577804565,RL,1
60.40000000000032,6.965600025048032,4.466168133012688,1.5461573004525315,0.18115887594599228,0.0,0.47915583848953247,0.0,0.0,0.36572080850601196,RL,1
60.60000000000032,6.966963092488992,4.467122398552611,1.5461573004525315,0.18132847867034418,0.0,0.48053601384162903,0.0,0.0,0.360696017742157,RL,1
60.800000000000324,6.968327428772224,4.4680765864140835,1.5461573004525315,0.18149776423472752,0.0,0.48190969228744507,0.0,0.0,0.3557018041610718,RL,1
61.00000000000033,6.969693038498307,4.469030696624396,1.5461573004525315,0.18166673236407335,0.0,0.4832767844200134,0.0,0.0,0.35073864459991455,RL,1
61.20000000000033,6.971059926274813,4.469984729210853,1.5461573004525315,0.18183538278638386,0.0,0.48463723063468933,0.0,0.0,0.34580564498901367,RL,1
61.40000000000033,6.972428096716615,4.47093868420078,1.5461573004525315,0.1820037152327307,0.0,0.4859912395477295,0.0,0.0,0.34090322256088257,RL,1
61.600000000000335,6.9737975544462,4.471892561621518,1.5461573004525315,0.18217172943725338,0.0,0.4873385727405548,0.0,0.0,0.33603084087371826,RL,1
61.80000000000034,6.975168304093977,4.472846361500424,1.5461573004525315,0.1823394251371573,0.0,0.48867926001548767,0.0,0.0,0.3311898112297058,RL,1
62.00000000000034,6.976540350298592,4.473800083864872,1.5461573004525315,0.18250680207271205,0.0,0.49001345038414,0.0,0.0,0.3263775110244751,RL,1
62.200000000000344,6.9779136977072405,4.474753728742252,1.5461573004525315,0.18267385998724914,0.0,0.49134090542793274,0.0,0.0,0.3215956687927246,RL,1
62.40000000000035,6.979288350975986,4.475707296159968,1.5461573004525315,0.18284059862715996,0.0,0.49266180396080017,0.0,0.0,0.3168441951274872,RL,1
62.60000000000035,6.980664314770072,4.476660786145443,1.5461573004525315,0.18300701774189349,0.0,0.49397608637809753,0.0,0.0,0.3121219575405121,RL,1
62.80000000000035,6.982041593764242,4.477614198726111,1.5461573004525315,0.18317311708395384,0.0,0.49528369307518005,0.0,0.0,0.30742889642715454,RL,1
63.000000000000355,6.9834201926430595,4.478567533929426,1.5461573004525315,0.1833388964088978,0.0,0.4965846836566925,0.0,0.0,0.3027665317058563,RL,1
63.20000000000036,6.984800116101225,4.479520791782854,1.5461573004525315,0.18350435547533217,0.0,0.4978789985179901,0.0,0.0,0.2981334626674652,RL,1
63.40000000000036,6.986181368843902,4.4804739723138765,1.5461573004525315,0.18366949404491106,0.0,0.49916669726371765,0.0,0.0,0.29353010654449463,RL,1
63.600000000000364,6.987563955587035,4.481427075549989,1.5461573004525315,0.18383431188233304,0.0,0.500447690486908,0.0,0.0,0.2889564633369446,RL,1
63.80000000000037,6.988947881057678,4.482380101518704,1.5461573004525315,0.1839988087553381,0.0,0.5017221570014954,0.0,0.0,0.2844114899635315,RL,1
64.00000000000037,6.990333149994314,4.483333050247544,1.5461573004525315,0.18416298443470466,0.0,0.5029898285865784,0.0,0.0,0.2798968255519867,RL,1
64.20000000000037,6.99171976714719,4.484285921764048,1.5461573004525315,0.18432683869424632,0.0,0.5042508244514465,0.0,0.0,0.2754122316837311,RL,1
64.40000000000038,6.993107737278637,4.485238716095768,1.5461573004525315,0.18449037131080862,0.0,0.5055051445960999,0.0,0.0,0.27095749974250793,RL,1
64.60000000000038,6.994497065163404,4.48619143327027,1.5461573004525315,0.18465358206426552,0.0,0.5067527890205383,0.0,0.0,0.26653262972831726,RL,1
64.80000000000038,6.995887755588988,4.487144073315133,1.5461573004525315,0.18481647073751606,0.0,0.507993757724762,0.0,0.0,0.2621382772922516,RL,1
65.00000000000038,6.997279813355962,4.488096636257951,1.5461573004525315,0.18497903711648056,0.0,0.5092281103134155,0.0,0.0,0.2577739953994751,RL,1
65.20000000000039,6.998673243278317,4.4890491221263265,1.5461573004525315,0.185141280990097,0.0,0.5104557871818542,0.0,0.0,0.2534416615962982,RL,1
65.40000000000039,7.000068050183788,4.490001530947879,1.5461573004525315,0.1853032021503171,0.0,0.5116767287254333,0.0,0.0,0.24914051592350006,RL,1
65.60000000000039,7.001464238914196,4.490953862750238,1.5461573004525315,0.1854648003921024,0.0,0.5128909945487976,0.0,0.0,0.24487259984016418,RL,1
65.8000000000004,7.002861814325782,4.4919061175610455,1.5461573004525315,0.18562607551342025,0.0,0.5140986442565918,0.0,0.0,0.24063649773597717,RL,1
66.0000000000004,7.004260781289551,4.492858295407958,1.5461573004525315,0.18578702731523963,0.0,0.5152996182441711,0.0,0.0,0.23643499612808228,RL,1
66.2000000000004,7.0056611446916035,4.493810396318639,1.5461573004525315,0.18594765560152685,0.0,0.5164940357208252,0.0,0.0,0.23226767778396606,RL,1
66.4000000000004,7.007062909433489,4.494762420320769,1.5461573004525315,0.18610796017924122,0.0,0.5176817178726196,0.0,0.0,0.22813597321510315,RL,1
66.6000000000004,7.008466080432541,4.495714367442036,1.5461573004525315,0.18626794085833057,0.0,0.518862783908844,0.0,0.0,0.22404223680496216,RL,1
66.80000000000041,7.009870662622225,4.496666237710142,1.5461573004525315,0.18642759745172668,0.0,0.5200372934341431,0.0,0.0,0.21998755633831024,RL,1
67.00000000000041,7.011276660952484,4.497618031152798,1.5461573004525315,0.18658692977534067,0.0,0.5212052464485168,0.0,0.0,0.21597245335578918,RL,1
67.20000000000041,7.012684080390089,4.498569747797727,1.5461573004525315,0.1867459376480581,0.0,0.5223666429519653,0.0,0.0,0.21200136840343475,RL,1
67.40000000000042,7.014092925918986,4.499521387672661,1.5461573004525315,0.18690462089173424,0.0,0.5235214829444885,0.0,0.0,0.2080741822719574,RL,1
67.60000000000042,7.015503202540646,4.500472950805344,1.5461573004525315,0.18706297933118896,0.0,0.524669885635376,0.0,0.0,0.20419493317604065,RL,1
67.80000000000042,7.0169149152744215,4.50142443722353,1.5461573004525315,0.18722101279420184,0.0,0.5258118510246277,0.0,0.0,0.2003668248653412,RL,1
68.00000000000043,7.0183280691578975,4.502375846954982,1.5461573004525315,0.18737872111150683,0.0,0.5269473195075989,0.0,0.0,0.19659028947353363,RL,1
68.20000000000043,7.0197426692472495,4.503327180027475,1.5461573004525315,0.18753610411678712,0.0,0.5280764698982239,0.0,0.0,0.1928715705871582,RL,1
68.40000000000043,7.021158720617599,4.504278436468791,1.5461573004525315,0.18769316164666966,0.0,0.5291993021965027,0.0,0.0,0.18921305239200592,RL,1
68.60000000000043,7.022576228363374,4.505229616306722,1.5461573004525315,0.18784989354071988,0.0,0.5303158164024353,0.0,0.0,0.18561866879463196,RL,1
68.80000000000044,7.02399519759867,4.506180719569071,1.5461573004525315,0.18800629964143595,0.0,0.5314260721206665,0.0,0.0,0.1820923388004303,RL,1
69.00000000000044,7.025415633457611,4.507131746283647,1.5461573004525315,0.18816237979424327,0.0,0.5325303077697754,0.0,0.0,0.17863816022872925,RL,1
69.20000000000044,7.026837541094714,4.50808269647827,1.5461573004525315,0.18831813384748874,0.0,0.5336282849311829,0.0,0.0,0.17526023089885712,RL,1
69.40000000000045,7.028260925685257,4.509033570180768,1.5461573004525315,0.18847356165243487,0.0,0.534720242023468,0.0,0.0,0.17196208238601685,RL,1
69.60000000000045,7.029685792425644,4.509984367418977,1.5461573004525315,0.18862866306325388,0.0,0.5358061194419861,0.0,0.0,0.16874738037586212,RL,1
69.80000000000045,7.031112146533774,4.510935088220742,1.5461573004525315,0.18878343793702176,0.0,0.5368860363960266,0.0,0.0,0.16562044620513916,RL,1
70.00000000000045,7.032539993249417,4.511885732613913,1.5461573004525315,0.1889378861337121,0.0,0.5379601120948792,0.0,0.0003651473671197891,0.16258478164672852,RL,1
70.20000000000046,7.031492156055139,4.512837022805938,1.5461573004525315,0.18909200750809638,0.0,0.53914874792099,0.0,0.006849715486168861,0.16092652082443237,RL,1
70.40000000000046,7.030583869594353,4.5138010605271495,1.5461573004525315,0.18924656562589093,0.0,0.5403230786323547,0.0,0.013312870636582375,0.15893912315368652,RL,1
70.60000000000046,7.029378641331137,4.514777800435718,1.5461573004525315,0.18940151857668977,0.0,0.5415100455284119,0.0,0.019479652866721153,0.1572849452495575,RL,1
70.80000000000047,7.028168823505255,4.515766653494712,1.5461573004525315,0.1895569597335246,0.0,0.5426930785179138,0.0,0.0255532618612051,0.1556127369403839,RL,1
71.00000000000047,7.026954378000005,4.51676734702422,1.5461573004525315,0.18971289222220813,0.0,0.5438737273216248,0.0,0.03156163543462753,0.15402555465698242,RL,1
71.20000000000047,7.025735266216629,4.517777090926419,1.5461573004525315,0.1898693192338164,0.0,0.5450512766838074,0.0,0.03749789297580719,0.15248027443885803,RL,1
71.40000000000047,7.024543769267465,4.518795771929222,1.5461573004525315,0.1900262439950709,0.0,0.5462244153022766,0.0,0.043394967913627625,0.15097662806510925,RL,1
71.60000000000048,7.023330041304518,4.519823328947224,1.5461573004525315,0.1901836595925387,0.0,0.5473955869674683,0.0,0.0492076501250267,0.14954012632369995,RL,1
71.80000000000048,7.022124474590376,4.520859631478911,1.5461573004525315,0.19034157477510333,0.0,0.5485631227493286,0.0,0.054959893226623535,0.1481412947177887,RL,1
72.00000000000048,7.020886533362099,4.52190458544504,1.5461573004525315,0.19049998874312235,0.0,0.5497291684150696,0.0,0.0606205016374588,0.14681044220924377,RL,1
0.0,7.21,0.5,0.1,0.1,0.05,0.05,0.23099999999999996,0.05,0.5,PI,1
0.2,7.022998086452644,0.5289027904685366,0.12292485698669023,0.10034609916020942,0.05,0.05,0.046297895097907917,0.05,0.5,PI,1
0.4,7.029241031938804,0.5326465967445595,0.13617306899866863,0.10068453084890684,0.05,0.05,0.055464943777949124,0.05,0.5,PI,1
0.6000000000000001,7.035185544388141,0.5362126704411054,0.149348740424974,0.10101869913421996,0.05,0.05,0.06492801066609992,0.05,0.5,PI,1
0.8,7.041597549052726,0.5397706858444639,0.16257045278338447,0.10134885082784213,0.05,0.05,0.0754997702359578,0.05,0.5,PI,1
1.0,7.048147705353863,0.5430672326007803,0.17526230768498877,0.10167473978384307,0.05,0.05,0.08686469707248037,0.05,0.5,PI,1
1.2,7.054241590621498,0.5463630183172827,0.1874503908738302,0.10199633751203933,0.05,0.05,0.09838274140226524,0.05,0.5,PI,1
1.4,7.061662048702283,0.5496581265395452,0.19970207679811494,0.1023139861279832,0.05,0.05,0.11196940435327907,0.05,0.5,PI,1
1.5999999999999999,7.069517055589425,0.5529525433398551,0.21201706783811025,0.10262689896363594,0.05,0.05,0.12677611679936324,0.05,0.5,PI,1
1.7999999999999998,7.076909615344392,0.5562462549531879,0.22439883105969421,0.10293487452053138,0.05,0.05,0.14185963808876956,0.05,0.5,PI,1
1.9999999999999998,7.085530129135406,0.5595392470284749,0.2368480736166655,0.10323826679301971,0.05,0.05,0.15903316479332397,0.05,0.5,PI,1
2.1999999999999997,7.093791199661944,0.5628315050069674,0.2493704811324625,0.10353640325178874,0.05,0.05,0.17667335528605682,0.05,0.5,PI,1
2.4,7.102489228385412,0.566123044926421,0.26196719188874834,0.10382957137823179,0.05,0.05,0.19562030684806597,0.05,0.5,PI,1
2.6,7.1116149500182235,0.5694139059577557,0.2743352075546404,0.1041176026735006,0.05,0.05,0.21590752348269965,0.05,0.5,PI,1
2.8000000000000003,7.121104948205902,0.5726805545091148,0.28646892654798867,0.10440034606543595,0.05,0.05,0.23750801649096848,0.05,0.5,PI,1
3.0000000000000004,7.131781920347022,0.5759465833900547,0.2986821384481234,0.10467769237450263,0.05,0.05,0.26136318066679043,0.05,0.5,PI,1
3.2000000000000006,7.1428851917418985,0.5792119065050699,0.31097817927301163,0.10494900270749702,0.05,0.05,0.2867549712358569,0.05,0.5,PI,1
3.400000000000001,7.15452048637974,0.5824765719799694,0.32334122466572474,0.10521412841386558,0.05,0.05,0.3138423145116722,0.05,0.5,PI,1
3.600000000000001,7.165709957283305,0.5857403407597139,0.3357738083309735,0.10547293400549071,0.05,0.05,0.34160278114356757,0.05,0.5,PI,1
3.800000000000001,7.177335076042951,0.589003557125044,0.3482771972149566,0.10572579456636703,0.05,0.05,0.3709614075075088,0.05,0.5,PI,1
4.000000000000001,7.189400710185341,0.5922658484982853,0.36085309678691974,0.1059726305517352,0.05,0.05,0.40196711266843277,0.05,0.5,PI,1
4.200000000000001,7.202803052263551,0.5955275655831413,0.3735041587454844,0.10621337234431985,0.05,0.05,0.43564975997299826,0.05,0.5,PI,1
4.400000000000001,7.215769983590018,0.5987880231020956,0.3862340255663811,0.10644754255787921,0.05,0.05,0.47019368965846714,0.05,0.5,PI,1
4.600000000000001,7.229200487744011,0.6020483160913375,0.3990447790696278,0.10667551804286385,0.05,0.05,0.5065442425868611,0.05,0.5,PI,1
4.800000000000002,7.243103632089381,0.605307105640588,0.4119381044352049,0.10689725602982003,0.05,0.05,0.5447577501411696,0.05,0.5,PI,1
5.000000000000002,7.258401860756478,0.6085656680489296,0.42491775770324536,0.10711272240916934,0.05,0.05,0.5858961648839137,0.05,0.5,PI,1
5.200000000000002,7.2732908292914615,0.6118227215267508,0.4379873859726602,0.10732151020313713,0.05,0.05,0.6281142163480437,0.05,0.5,PI,1
5.400000000000002,7.289617884061536,0.6150794805208956,0.4511494183286286,0.10752399109226154,0.05,0.05,0.6734030595242715,0.05,0.5,PI,1
5.600000000000002,7.305556584423762,0.6183347252062831,0.46440781396906144,0.10771979062139937,0.05,0.05,0.7198974183288739,0.05,0.5,PI,1
5.8000000000000025,7.322989416877586,0.6215896047061449,0.477765147109916,0.10790927537415046,0.05,0.05,0.769629192470457,0.05,0.5,PI,1
6.000000000000003,7.341012388191536,0.6248429632338998,0.49122570583424635,0.10809210085092573,0.05,0.05,0.82175340260356,0.05,0.5,PI,1
6.200000000000003,7.358693280007973,0.6280958825433041,0.5047937240263112,0.1082682919904807,0.05,0.05,0.8753036224207944,0.05,0.5,PI,1
6.400000000000003,7.3770062814120365,0.631347272332428,0.5184708185159789,0.10843820475774284,0.05,0.05,0.9313172519660616,0.05,0.5,PI,1
6.600000000000003,7.395984723144985,0.6345981455464033,0.5322613082864812,0.10860185484548102,0.05,0.05,0.9898941660135087,0.05,0.5,PI,1
6.800000000000003,7.415666273389777,0.6378474790374669,0.5461685534314975,0.10875926246083803,0.05,0.05,1.0,0.05,0.5,PI,1
7.0000000000000036,7.4360936751084585,0.6410962164309432,0.5601200974880559,0.10891045259045141,0.05,0.05,1.0,0.05,0.5,PI,1
7.200000000000004,7.457311731323009,0.6443434139678071,0.5741002328256443,0.10905545412504586,0.05,0.05,1.0,0.05,0.5,PI,1
7.400000000000004,7.47937206025605,0.6475899626421502,0.5881094353499219,0.10919430041078573,0.05,0.05,1.0,0.05,0.5,PI,1
7.600000000000004,7.502336026051697,0.6508349896045311,0.6021472337600173,0.10932702874251517,0.05,0.05,1.0,0.05,0.5,PI,1
7.800000000000004,7.526275135596537,0.6540793172782676,0.6162140665200541,0.10945367937787616,0.05,0.05,1.0,0.05,0.5,PI,1
8.000000000000004,7.5512726181243925,0.6573221415768543,0.6303094986898449,0.10957429495312036,0.05,0.05,1.0,0.05,0.5,PI,1
8.200000000000003,7.577419533596075,0.6605642160047678,0.6444339311176807,0.10968891995912014,0.05,0.05,1.0,0.05,0.5,PI,1
8.400000000000002,7.604832368918592,0.6638048054370067,0.6585869652155736,0.10979760161288156,0.05,0.05,1.0,0.05,0.5,PI,1
8.600000000000001,7.633640645402861,0.6670445943761198,0.6727689641281598,0.10990038733345142,0.05,0.05,1.0,0.05,0.5,PI,1
8.8,7.665153755766561,0.6702829166211932,0.6869795655365869,0.10999732588580924,0.05,0.05,1.0,0.05,0.5,PI,1
9.0,7.697298379108406,0.6735203878061476,0.7012190948326797,0.11008825649962191,0.05,0.05,1.0,0.05,0.5,PI,1
9.2,7.731418711194244,0.676756410459321,0.7154872185651617,0.1101734437213611,0.05,0.05,1.0,0.05,0.5,PI,1
9.399999999999999,7.7677962053640845,0.679991531027519,0.7297842318581251,0.11025293544919777,0.05,0.05,1.0,0.05,0.5,PI,1
9.599999999999998,7.806780884447775,0.6832252215630341,0.744109844764,0.1103267782425894,0.05,0.05,1.0,0.05,0.5,PI,1
9.799999999999997,7.848815323761001,0.6864579597788965,0.7584643068549028,0.11039501666027395,0.05,0.05,1.0,0.05,0.5,PI,1
9.999999999999996,7.894469674310921,0.6896892855141973,0.7728473637537513,0.11045769248035367,0.05,0.05,1.0,0.05,0.5,PI,1
10.199999999999996,7.944495550323395,0.6929196088840305,0.7872592277137327,0.11051484377901578,0.05,0.05,1.0,0.05,0.5,PI,1
10.399999999999995,7.9999017070347875,0.6961485370271868,0.8016996793955227,0.11056650377273552,0.05,0.05,1.0,0.05,0.5,PI,1
10.599999999999994,8.06212334797318,0.6993764129223767,0.8161688938533234,0.11061270021732143,0.05,0.05,1.0,0.05,0.5,PI,1
10.799999999999994,8.124302034348261,0.7022259328618121,0.8289730552362481,0.11065345617533251,0.05,0.05,1.0,0.05,0.5,PI,1
10.999999999999993,8.186411798049928,0.7047961182291113,0.8403292970604594,0.11068941883579146,0.05,0.05,1.0,0.05,0.5,PI,1
11.199999999999992,8.248915173139956,0.707120075200615,0.8505023058380572,0.11072115878548253,0.05,0.05,1.0,0.05,0.5,PI,1
11.399999999999991,8.311787840422243,0.7092236360503705,0.8596346664987489,0.11074915173541557,0.05,0.05,1.0,0.05,0.5,PI,1
11.59999999999999,8.375157551774118,0.7111299114142003,0.8678538192354147,0.11077382330029621,0.05,0.05,1.0,0.05,0.5,PI,1
11.79999999999999,8.438775447171576,0.7128590458419021,0.8752555664681216,0.11079554714204976,0.05,0.05,1.0,0.05,0.5,PI,1
11.99999999999999,8.503489993538468,0.7144425064896032,0.881944036546316,0.11081518398973335,0.05,0.05,1.0,0.05,0.5,PI,1
12.199999999999989,8.569028038791448,0.715928267655859,0.8880210482429338,0.11083408815485128,0.05,0.05,1.0,0.05,0.5,PI,1
12.399999999999988,8.635509521286242,0.7173241528424,0.8935447949798659,0.11085205956878057,0.05,0.05,1.0,0.05,0.5,PI,1
12.599999999999987,8.702774463892924,0.7186359908208416,0.8985662285447299,0.11086915205730517,0.05,0.05,1.0,0.05,0.5,PI,1
12.799999999999986,8.770617982632164,0.7198693087370281,0.9031065545518406,0.11088541212397687,0.05,0.05,1.0,0.05,0.5,PI,1
12.999999999999986,8.83906102283181,0.7210293332588824,0.9072109072520262,0.11090088000312916,0.05,0.05,1.0,0.05,0.5,PI,1
13.199999999999985,8.908138868261672,0.7221204415006878,0.9109092910022795,0.11091485916553992,0.05,0.05,1.0,0.05,0.5,PI,1
13.399999999999984,8.977836324285816,0.7231465465761461,0.9142411231974328,0.11092703311851917,0.05,0.05,1.0,0.05,0.5,PI,1
13.599999999999984,9.048117705111194,0.7241110897820563,0.9172407558238235,0.11093762190565004,0.05,0.05,1.0,0.05,0.5,PI,1
13.799999999999983,9.119117124219247,0.725016930473412,0.9199402396949065,0.1109468212308892,0.05,0.05,1.0,0.05,0.5,PI,1
13.999999999999982,9.19104783043305,0.7258662547463175,0.9223679558339931,0.11095480199433838,0.05,0.05,1.0,0.05,0.5,PI,1
14.199999999999982,9.263916713769245,0.7266609766469263,0.9245495935866842,0.1109617127637161,0.05,0.05,1.0,0.05,0.5,PI,1
14.39999999999998,9.337724455746496,0.7274029509494102,0.9265084783060912,0.11096768580968135,0.05,0.05,1.0,0.05,0.5,PI,1
14.59999999999998,9.412453228445633,0.7280923789227707,0.9282656914834062,0.11097283871577286,0.05,0.05,1.0,0.05,0.5,PI,1
14.79999999999998,9.49700260656229,0.7287309955812569,0.9298403046577784,0.11097727593578355,0.05,0.05,1.0,0.05,0.5,PI,1
14.999999999999979,9.585493296555008,0.729310594169884,0.9312247300364999,0.11098102258276597,0.05,0.05,1.0,0.05,0.5,PI,1
15.199999999999978,9.676730436698094,0.7298326055223463,0.9324336350389524,0.11098416131356849,0.05,0.05,1.0,0.05,0.5,PI,1
15.399999999999977,9.770917050304561,0.730300133297281,0.9334844167794771,0.11098677637879219,0.05,0.05,1.0,0.05,0.5,PI,1
15.599999999999977,9.86827593879186,0.7307161907970996,0.9343929710703902,0.11098894234500185,0.05,0.05,1.0,0.05,0.5,PI,1
15.799999999999976,9.969053009175237,0.7310837940306236,0.9351739113323335,0.1109907250023471,0.05,0.05,1.0,0.05,0.5,PI,1
15.999999999999975,10.073521222275748,0.7314060146408536,0.9358406540638231,0.11099218219638142,0.05,0.05,1.0,0.05,0.5,PI,1
16.199999999999974,10.181961019712519,0.7316860046766581,0.9364056337838008,0.11099336459244542,0.05,0.05,1.0,0.05,0.5,PI,1
16.399999999999974,10.294762578227056,0.731927009125181,0.9368805267319217,0.11099431642575443,0.05,0.05,1.0,0.05,0.5,PI,1
16.599999999999973,10.412289555927323,0.7321323125969382,0.9372761108234727,0.11099507600324893,0.05,0.05,1.0,0.05,0.5,PI,1
16.799999999999972,10.534982693008276,0.7323052504161279,0.9376023865389899,0.11099567645830617,0.05,0.05,1.0,0.05,0.5,PI,1
16.99999999999997,10.663202401966432,0.7317312822973352,0.9369574630728082,0.11088525139011347,0.05,0.05,1.0,0.05,0.5,PI,1
17.19999999999997,10.796937489341357,0.7284490347735723,0.9328241140178348,0.11036860036387376,0.05,0.05,1.0,0.05,0.5,PI,1
17.39999999999997,10.936136230589511,0.7223741249357294,0.9250978041256094,0.10943254476129322,0.05,0.05,1.0,0.05,0.5,PI,1
17.59999999999997,11.08068839661227,0.7134567802822835,0.913717878979129,0.10806912991259322,0.05,0.05,1.0,0.05,0.5,PI,1
17.79999999999997,11.24066826107137,0.7016862326327618,0.8986732331299034,0.10627631307506494,0.05,0.05,1.0,0.05,0.5,PI,1
17.999999999999968,11.45274334341875,0.6868879825672715,0.8797421487893352,0.1040274194094648,0.05,0.05,1.0,0.05,0.5,PI,1
18.199999999999967,11.693216463602838,0.6682249482820245,0.8558531923333286,0.10119574133560248,0.05,0.05,1.0,0.05,0.5,PI,1
18.399999999999967,11.908961318360532,0.645466512886022,0.8267130996561635,0.0977458327174499,0.05,0.05,1.0,0.05,0.5,PI,1
18.599999999999966,11.908961318360532,0.6194979647487537,0.7934581330070318,0.09381100188654654,0.05,0.05,1.0,0.05,0.5,PI,1
18.799999999999965,11.908961318360532,0.5945754922643135,0.7615427029798916,0.0900345705826346,0.05,0.05,1.0,0.05,0.5,PI,1
18.999999999999964,11.908961318360532,0.5706569720794544,0.7309128867247352,0.08641016231553464,0.05,0.05,1.0,0.05,0.5,PI,1
19.199999999999964,11.908961318360532,0.5477019391539798,0.7015169320303769,0.08293165728539814,0.05,0.05,1.0,0.05,0.5,PI,1
19.399999999999963,11.908961318360532,0.5256716004030669,0.673305169946424,0.07959318204944836,0.05,0.05,1.0,0.05,0.5,PI,1
19.599999999999962,11.908961318360532,0.504528729044117,0.6462288461784124,0.07638909960469405,0.05,0.05,1.0,0.05,0.5,PI,1
19.79999999999996,11.908961318360532,0.4842375959648115,0.6202421235556883,0.0733139998698709,0.05,0.05,1.0,0.05,0.5,PI,1
19.99999999999996,11.908961318360532,0.4647639111097389,0.5953011634227696,0.07036269055053955,0.05,0.05,1.0,0.05,0.5,PI,1
20.19999999999996,11.908961318360532,0.4460747672963379,0.5713638911235972,0.06753018837191574,0.05,0.05,1.0,0.05,0.5,PI,1
20.39999999999996,11.908961318360532,0.42813858206314764,0.5483899249910346,0.06481171066462942,0.05,0.05,1.0,0.05,0.5,PI,1
20.59999999999996,11.908961318360532,0.41092504430078647,0.5263405081996457,0.06220266728920534,0.05,0.05,1.0,0.05,0.5,PI,1
20.799999999999958,11.908961318360532,0.394405053005354,0.5051784433654551,0.059698652885629706,0.05,0.05,1.0,0.05,0.5,PI,1
20.999999999999957,11.908961318360532,0.3785506872695341,0.4848680297812836,0.05729543943491614,0.05,0.05,1.0,0.05,0.5,PI,1
21.199999999999957,11.908961318360532,0.3633351472698879,0.46537500318090447,0.05498896912011144,0.05,0.05,1.0,0.05,0.5,PI,1
21.399999999999956,11.908961318360532,0.34873271117142857,0.4466664779296912,0.052775347474686755,0.05,0.05,1.0,0.05,0.5,PI,1
21.599999999999955,11.908961318360532,0.3347185991607166,0.4287108915436509,0.05065083680674538,0.05,0.05,1.0,0.05,0.5,PI,1
21.799999999999955,11.908961318360532,0.32126912239202055,0.41147795144276916,0.04861184988794392,0.05,0.05,1.0,0.05,0.5,PI,1
21.999999999999954,11.908961318360532,0.3083615506664858,0.39493858384844277,0.04665494389647058,0.05,0.05,1.0,0.05,0.5,PI,1
22.199999999999953,11.908961318360532,0.2959740675958299,0.37906488473846517,0.044776814603853424,0.05,0.05,1.0,0.05,0.5,PI,1
22.399999999999952,11.908961318360532,0.28408573440018936,0.3638300727765551,0.042974290795782855,0.05,0.05,1.0,0.05,0.5,PI,1
22.59999999999995,11.908961318360532,0.2726764474564552,0.349208444136794,0.04124432891752812,0.05,0.05,1.0,0.05,0.5,PI,1
22.79999999999995,11.908961318360532,0.2617268122575729,0.3351753291465731,0.03958400793490646,0.05,0.05,1.0,0.05,0.5,PI,1
22.99999999999995,11.908961318360532,0.2512183259483977,0.32170705067475097,0.03799052440212781,0.05,0.05,1.0,0.05,0.5,PI,1
23.19999999999995,11.908961318360532,0.24113281311662974,0.3087808841946851,0.036461187728187,0.05,0.05,1.0,0.05,0.5,PI,1
23.39999999999995,11.908961318360532,0.23145304828021135,0.2963750196320419,0.03499341563381092,0.05,0.05,1.0,0.05,0.5,PI,1
23.599999999999948,11.908961318360532,0.22216271384741007,0.2844685244778898,0.03358472979128954,0.05,0.05,1.0,0.05,0.5,PI,1
23.799999999999947,11.908961318360532,0.21324614849576162,0.27304130838796487,0.03223275163982884,0.05,0.05,1.0,0.05,0.5,PI,1
23.999999999999947,11.908961318360532,0.2046883197171985,0.2620735288812626,0.030935198369359772,0.05,0.05,1.0,0.05,0.5,PI,1
24.199999999999946,11.908961318360532,0.19647479339296428,0.25154654642313146,0.029689879066021968,0.05,0.05,1.0,0.05,0.5,PI,1
24.399999999999945,11.908961318360532,0.1885917235538718,0.2414426454194593,0.028494691012813846,0.05,0.05,1.0,0.05,0.5,PI,1
24.599999999999945,11.908961318360532,0.18102582062833633,0.2317448222930483,0.0273476161391628,0.05,0.05,1.0,0.05,0.5,PI,1
24.799999999999944,11.908961318360532,0.17376432186463886,0.2224367568638034,0.02624671761342056,0.05,0.05,1.0,0.05,0.5,PI,1
24.999999999999943,11.908961318360532,0.16679498361091877,0.21350278363775246,0.025190136572530167,0.05,0.05,1.0,0.05,0.5,PI,1
25.199999999999942,11.908961318360532,0.1601060565107816,0.2049278655963922,0.024176088983342635,0.05,0.05,1.0,0.05,0.5,PI,1
25.39999999999994,11.908961318360532,0.15368626371714236,0.19669757254154763,0.023202862630283625,0.05,0.05,1.0,0.05,0.5,PI,1
25.59999999999994,11.908961318360532,0.14752478188933366,0.18879805423314924,0.022268814224283843,0.05,0.05,1.0,0.05,0.5,PI,1
25.79999999999994,11.908961318360532,0.1416112217610668,0.1812160170787685,0.021372366628091555,0.05,0.05,1.0,0.05,0.5,PI,1
25.99999999999994,11.908961318360532,0.13593560025172471,0.17393870176023873,0.02051200619328223,0.05,0.05,1.0,0.05,0.5,PI,1
26.19999999999994,11.908961318360532,0.13048833226642068,0.16695386175967283,0.019686280204468807,0.05,0.05,1.0,0.05,0.5,PI,1
26.399999999999938,11.908961318360532,0.12526023569442216,0.16024974274870704,0.01889379442639719,0.05,0.05,1.0,0.05,0.5,PI,1
26.599999999999937,11.908961318360532,0.12024248776760531,0.153815062806257,0.01813321074978521,0.05,0.05,1.0,0.05,0.5,PI,1
26.799999999999937,11.908961318360532,0.11542662706457553,0.1476389934314693,0.01740324493193009,0.05,0.05,1.0,0.05,0.5,PI,1
26.999999999999936,11.908961318360532,0.11080453621673317,0.1417111413198931,0.016702664428269436,0.05,0.05,1.0,0.05,0.5,PI,1
27.199999999999935,11.908961318360532,0.10636842370194455,0.13602153087484506,0.01603028631123433,0.05,0.05,1.0,0.05,0.5,PI,1
27.399999999999935,11.908961318360532,0.1021106703946948,0.13056058741856352,0.015384975272880547,0.05,0.05,1.0,0.05,0.5,PI,1
27.599999999999934,11.908961318360532,0.09802363781882374,0.1253191210778876,0.014765641707925312,0.05,0.05,1.0,0.05,0.5,PI,1
27.799999999999933,11.908961318360532,0.09410038879474232,0.12028829800111066,0.014171239873952855,0.05,0.05,1.0,0.05,0.5,PI,1
27.999999999999932,11.908961318360532,0.09033430233044332,0.11545963895001236,0.013600766125682234,0.05,0.05,1.0,0.05,0.5,PI,1
28.199999999999932,11.908961318360532,0.08671906759895073,0.11082501987114265,0.013053257220316016,0.05,0.05,1.0,0.05,0.5,PI,1
28.39999999999993,11.908961318360532,0.08324863275424199,0.1063766431853583,0.012527788691108406,0.05,0.05,1.0,0.05,0.5,PI,1
28.59999999999993,11.908961318360532,0.07991719582411974,0.10210702466764797,0.0120234732864066,0.05,0.05,1.0,0.05,0.5,PI,1
28.79999999999993,11.908961318360532,0.07671918746512127,0.09800898085426105,0.011539459471529664,0.05,0.05,1.0,0.05,0.5,PI,1
28.99999999999993,11.908961318360532,0.07364925998756379,0.09407561695594448,0.011074929990955412,0.05,0.05,1.0,0.05,0.5,PI,1
29.19999999999993,11.908961318360532,0.07070227744162846,0.0903003152569437,0.010629100488387494,0.05,0.05,1.0,0.05,0.5,PI,1
29.399999999999928,11.908961318360532,0.06787331422914498,0.08667672398024229,0.010201218182372717,0.05,0.05,1.0,0.05,0.5,PI,1
0.0,7.21,0.5,0.1,0.1,1.0,0.0,1.0,1.0,1.0,RL,5
0.2,7.024207047192489,0.5603733472858341,0.12469632106516627,0.10034550143927753,1.0,0.0,1.0,1.0,1.0,RL,5
0.4,7.017459039860294,0.5971173346786545,0.15188239622269553,0.10084653900633493,1.0,0.0,1.0,1.0,1.0,RL,5
0.6000000000000001,7.010310422394953,0.6328624165513872,0.17937336998490577,0.10135522150766363,1.0,0.0,1.0,1.0,1.0,RL,5
0.8,7.0063673257027554,0.6675446789733002,0.206442085486902,0.10187132221632107,1.0,0.0,1.0,1.0,1.0,RL,5
1.0,7.00306986456862,0.702007716848316,0.23313215118080727,0.10239246308395479,1.0,0.0,1.0,1.0,1.0,RL,5
1.2,6.99599597352749,0.7363350237151878,0.2598308232522273,0.10291802448208934,1.0,0.0,1.0,1.0,1.0,RL,5
1.4,6.98990506592124,0.7705853532776854,0.28653760442686416,0.1034520674944911,1.0,0.0,1.0,1.0,1.0,RL,5
1.5999999999999999,6.984806054872829,0.804758513713348,0.3132519915453458,0.10399368946841071,1.0,0.0,1.0,1.0,1.0,RL,5
1.7999999999999998,6.980707270129955,0.838854316992726,0.33997348257755033,0.10454193064446618,1.0,0.0,1.0,1.0,1.0,RL,5
1.9999999999999998,6.977616153125371,0.8728725789905728,0.366701576756928,0.10509577889458126,1.0,0.0,1.0,1.0,1.0,RL,5
2.1999999999999997,6.975538997982931,0.9068131195884506,0.39343577470934415,0.10565417548386426,1.0,0.0,1.0,1.0,1.0,RL,5
2.4,6.974480739678934,0.9406757627667605,0.420175578574841,0.10621602178152967,1.0,0.0,1.0,1.0,1.0,RL,5
2.6,6.974444791016142,0.9744603366845335,0.44692049212072793,0.10678018681596665,1.0,0.0,1.0,1.0,1.0,RL,5
2.8000000000000003,6.975432930056616,1.0081666737452561,0.4736700208445856,0.10734551554067093,1.0,0.0,1.0,1.0,1.0,RL,5
3.0000000000000004,6.977445239294915,1.041794610647505,0.5004236720658827,0.10791083765271801,1.0,0.0,1.0,1.0,1.0,RL,5
3.2000000000000006,6.980480097229784,1.0753439884192073,0.5271809550051588,0.10847497678534375,1.0,0.0,1.0,1.0,1.0,RL,5
3.400000000000001,6.984534222199199,1.1088146524348714,0.5539413808499231,0.10903675988231806,1.0,0.0,1.0,1.0,1.0,RL,5
3.600000000000001,6.989602767467579,1.1422064524153441,0.580704462806734,0.10959502655507954,1.0,0.0,1.0,1.0,1.0,RL,5
3.800000000000001,6.995679465678066,1.1755192424100582,0.6074697161391713,0.11014863822452056,1.0,0.0,1.0,1.0,1.0,RL,5
4.000000000000001,7.002756819985275,1.208752880762157,0.6342366581917466,0.11069648685786232,1.0,0.0,1.0,1.0,1.0,RL,5
4.200000000000001,7.010826338533386,1.241907230057133,0.6610048084000469,0.11123750312673694,1.0,0.0,1.0,1.0,1.0,RL,5
4.400000000000001,7.019878808499438,1.2749821570560285,0.687773688287735,0.11177066383446113,1.0,0.0,1.0,1.0,1.0,RL,5
4.600000000000001,7.029904605726944,1.3079775326144674,0.7145428214512082,0.11229499848724911,1.0,0.0,1.0,1.0,1.0,RL,5
4.800000000000002,7.04089403606137,1.3408932315891093,0.7413117335330152,0.11280959491423727,1.0,0.0,1.0,1.0,1.0,RL,5
5.000000000000002,7.052837704885347,1.3737291327331844,0.7680799521852212,0.11331360387303295,1.0,0.0,1.0,1.0,1.0,RL,5
5.200000000000002,7.065726912045196,1.406485118583019,0.7948470070241215,0.11380624260942232,1.0,0.0,1.0,1.0,1.0,RL,5
5.400000000000002,7.079554070362971,1.4391610753374124,0.8216124295777141,0.11428679737037915,1.0,0.0,1.0,1.0,1.0,RL,5
5.600000000000002,7.094313147239487,1.4717568927318492,0.8483757532274521,0.11475462489733212,1.0,0.0,1.0,1.0,1.0,RL,5
5.8000000000000025,7.110000130478867,1.5042724639093716,0.8751365131457268,0.11520915295078792,1.0,0.0,1.0,1.0,1.0,RL,5
6.000000000000003,7.126613521420814,1.536707685289987,0.9018942462305486,0.11564987993720503,1.0,0.0,1.0,1.0,1.0,RL,5
6.200000000000003,7.144154860791244,1.569062456440181,0.9286484910387738,0.11607637372412584,1.0,0.0,1.0,1.0,1.0,RL,5
6.400000000000003,7.162629295444352,1.601336679944178,0.9553987877191588,0.116488269739954,1.0,0.0,1.0,1.0,1.0,RL,5
6.600000000000003,7.182046197482358,1.6335302612782092,0.9821446779463749,0.11688526846061925,1.0,0.0,1.0,1.0,1.0,RL,5
6.800000000000003,7.202419851277404,1.6656431086889842,1.0088857048570132,0.11726713238710305,1.0,0.0,1.0,1.0,1.0,RL,5
7.0000000000000036,7.223770228941969,1.6976751330773565,1.0356214129884327,0.11763368261594973,1.0,0.0,1.0,1.0,1.0,RL,5
7.200000000000004,7.246123881178283,1.7296262478879458,1.0623513482212097,0.11798479510007358,1.0,0.0,1.0,1.0,1.0,RL,5
7.400000000000004,7.269514978733134,1.7614963690053282,1.0890750577257478,0.11832039669003715,1.0,0.0,1.0,1.0,1.0,RL,5
7.600000000000004,7.293986550693946,1.7932854146572592,1.1157920899135554,0.11864046103713756,1.0,0.0,1.0,1.0,1.0,RL,5
7.800000000000004,7.319591980761764,1.8249933053251772,1.1425019943934847,0.11894500442966198,1.0,0.0,1.0,1.0,1.0,RL,5
8.000000000000004,7.3463968431800994,1.8566199636622018,1.169204321933196,0.11923408162304178,1.0,0.0,1.0,1.0,0.461164653301239,RL,5
8.200000000000003,7.374481188831962,1.888165314418617,1.1958986244259804,0.11950778171373053,1.0,0.0,1.0,1.0,0.461164653301239,RL,5
8.400000000000002,7.403942433216851,1.9196292843748055,1.2225844548630176,0.1197662240957266,1.0,0.0,1.0,1.0,0.461164653301239,RL,5
8.600000000000001,7.434899057977818,1.9510118022815255,1.2492613672718111,0.12000955452790946,1.0,0.0,1.0,1.0,0.461164653301239,RL,5
8.8,7.4674954266419205,1.9823127988074056,1.2759289168558334,0.12023794132977826,1.0,0.0,1.0,1.0,0.461164653301239,RL,5
9.0,7.5019081500990845,2.0135322064930747,1.302586659709328,0.12045157171265697,1.0,0.0,1.0,1.0,0.0,RL,5
9.2,7.501280597595531,2.013532206494568,1.302586659709328,0.1206513451973292,1.0,0.0,1.0,1.0,0.0,RL,5
9.399999999999999,7.500651507863072,2.013532206494568,1.302586659709328,0.12085169890759268,1.0,0.0,1.0,1.0,0.0,RL,5
9.599999999999998,7.500020874026045,2.013532206494568,1.302586659709328,0.12105263555319387,1.0,0.0,1.0,1.0,0.0,RL,5
9.799999999999997,7.499388689159404,2.013532206494568,1.302586659709328,0.12125415786198655,1.0,0.0,1.0,1.0,0.0,RL,5
9.999999999999996,7.498754946290578,2.013532206494568,1.302586659709328,0.12145626858009241,1.0,0.0,1.0,1.0,1.0,RL,5
10.199999999999996,7.6432727956297875,2.1372884694097616,1.3910897964736346,0.12165637270137052,1.0,0.0,1.0,1.0,1.0,RL,5
10.399999999999995,7.6894216277320675,2.168132359139782,1.4176655701323013,0.1218059656590574,1.0,0.0,1.0,1.0,1.0,RL,5
10.599999999999994,7.739556710967523,2.19889432618536,1.4442290774064377,0.12194205550203434,1.0,0.0,1.0,1.0,1.0,RL,5
10.799999999999994,7.794538994199797,2.2295743148915768,1.4707798822419305,0.12206486348007549,1.0,0.0,1.0,1.0,1.0,RL,5
10.999999999999993,7.855556664102813,2.260172271344711,1.4973175497147533,0.12217460396918194,1.0,0.0,1.0,1.0,0.0,RL,5
11.199999999999992,7.855090359075002,2.2601722713447168,1.4973175497147533,0.12227182381556723,1.0,0.0,1.0,1.0,0.0,RL,5
11.399999999999991,7.854623563627512,2.2601722713447168,1.4973175497147533,0.12236921121951748,1.0,0.0,1.0,1.0,0.0,RL,5
11.59999999999999,7.854156276611694,2.2601722713447168,1.4973175497147533,0.12246676663639093,1.0,0.0,1.0,1.0,0.0,RL,5
11.79999999999999,7.853688496874744,2.2601722713447168,1.4973175497147533,0.12256449052326963,1.0,0.0,1.0,1.0,0.0,RL,5
11.99999999999999,7.853220223259695,2.2601722713447168,1.4973175497147533,0.12266238333896792,1.0,0.0,1.0,1.0,1.0,RL,5
12.199999999999989,8.135664739999596,2.3830371346421937,1.5844054885217493,0.12275916833379695,1.0,0.0,1.0,1.0,1.0,RL,5
12.399999999999988,8.107777613208045,2.40606524704245,1.5844054885217493,0.12281414655410285,1.0,0.0,1.0,1.0,1.0,RL,5
12.599999999999987,8.068471947500695,2.433989249305557,1.5844054885217493,0.12287220187808275,1.0,0.0,1.0,1.0,1.0,RL,5
12.799999999999986,8.028120241333298,2.4640919936923513,1.5844054885217493,0.12293491537589671,1.0,0.0,1.0,1.0,1.0,RL,5
12.999999999999986,7.991845365919078,2.495211964217279,1.5844054885217493,0.12300280060134008,1.0,0.0,1.0,1.0,0.0,RL,5
13.199999999999985,7.963319918296597,2.5262830152297977,1.5844054885217493,0.12307569028669,1.0,0.0,1.0,1.0,0.0,RL,5
13.399999999999984,7.9628732342230855,2.5262830152297977,1.5844054885217493,0.12315290467531183,1.0,0.0,1.0,1.0,0.0,RL,5
13.599999999999984,7.9624261921593344,2.5262830152297977,1.5844054885217493,0.12323023618243506,1.0,0.0,1.0,1.0,0.0,RL,5
13.799999999999983,7.961978791385602,2.5262830152297977,1.5844054885217493,0.1233076850837416,1.0,0.0,1.0,1.0,0.0,RL,5
13.999999999999982,7.961531031179948,2.5262830152297977,1.5844054885217493,0.12338525165581245,1.0,0.0,1.0,1.0,1.0,RL,5
14.199999999999982,8.10406801111446,2.621425283653339,1.5844054885217493,0.12346246737516359,1.0,0.0,1.0,1.0,1.0,RL,5
14.39999999999998,8.079376325554,2.644678457006536,1.5844054885217493,0.12352048024138496,1.0,0.0,1.0,1.0,1.0,RL,5
14.59999999999998,8.048648471109573,2.672373343537268,1.5844054885217493,0.12358135038179169,1.0,0.0,1.0,1.0,1.0,RL,5
14.79999999999998,8.018865159763298,2.701460542200176,1.5844054885217493,0.12364598972658554,1.0,0.0,1.0,1.0,1.0,RL,5
14.999999999999979,7.989636562903941,2.7310518250735027,1.5844054885217493,0.12371450172099463,1.0,0.0,1.0,1.0,0.0,RL,5
15.199999999999978,7.964018813748954,2.760143758704941,1.5844054885217493,0.1237870421649779,1.0,0.0,1.0,1.0,0.0,RL,5
15.399999999999977,7.963569675221635,2.760143758704941,1.5844054885217493,0.12386344052757486,1.0,0.0,1.0,1.0,0.0,RL,5
15.599999999999977,7.963120181080932,2.760143758704941,1.5844054885217493,0.12393995436512792,1.0,0.0,1.0,1.0,0.0,RL,5
15.799999999999976,7.962670330612159,2.760143758704941,1.5844054885217493,0.12401658394834829,1.0,0.0,1.0,1.0,0.0,RL,5
15.999999999999975,7.962220123098458,2.760143758704941,1.5844054885217493,0.12409332954882694,1.0,0.0,1.0,1.0,1.0,RL,5
16.199999999999974,8.1039302217124,2.8532835990215752,1.5844054885217493,0.12416973050674596,1.0,0.0,1.0,1.0,1.0,RL,5
16.399999999999974,8.075679643581182,2.875255476215788,1.5844054885217493,0.12422722914920034,1.0,0.0,1.0,1.0,1.0,RL,5
16.599999999999973,8.037684124726285,2.9021016627432497,1.5844054885217493,0.12428799201042619,1.0,0.0,1.0,1.0,1.0,RL,5
16.799999999999972,8.000969344038573,2.930470665370132,1.5844054885217493,0.12435346316956959,1.0,0.0,1.0,1.0,1.0,RL,5
16.99999999999997,7.968149660999536,2.958987350589739,1.5844054885217493,0.12442382869658934,1.0,0.0,1.0,1.0,0.0,RL,5
17.19999999999997,7.9404095310128895,2.985849997395876,1.5844054885217493,0.12449887838137891,1.0,0.0,1.0,1.0,0.0,RL,5
17.39999999999997,7.939953476822481,2.985849997395882,1.5844054885217493,0.1245782569734345,1.0,0.0,1.0,1.0,0.0,RL,5
17.59999999999997,7.9394970442320485,2.985849997395882,1.5844054885217493,0.12465775824484049,1.0,0.0,1.0,1.0,0.0,RL,5
17.79999999999997,7.939040232457039,2.985849997395882,1.5844054885217493,0.12473738249085002,1.0,0.0,1.0,1.0,0.0,RL,5
17.999999999999968,7.9385830407104105,2.985849997395882,1.5844054885217493,0.12481713000770303,1.0,0.0,0.5463622212409973,1.0,1.0,RL,5
18.199999999999967,8.073542482532694,3.077364146065567,1.5844054885217493,0.12489652351216532,1.0,0.0,0.5463622212409973,1.0,1.0,RL,5
18.399999999999967,8.040818660613292,3.1003727890392416,1.5844054885217493,0.12495708231172319,1.0,0.0,0.5463622212409973,1.0,1.0,RL,5
18.599999999999966,8.003338784792497,3.1276445087142224,1.5844054885217493,0.12502165207512833,1.0,0.0,0.5463622212409973,1.0,1.0,RL,5
18.799999999999965,7.9671952503120504,3.1557992453238715,1.5844054885217493,0.12509115437181245,1.0,0.0,0.5463622212409973,1.0,1.0,RL,5
18.999999999999964,7.935353780454657,3.182315900014313,1.5844054885217493,0.12516577705031617,1.0,0.0,0.5557560324668884,1.0,0.0,RL,5
19.199999999999964,7.905006946211923,3.2087859656393456,1.5844054885217493,0.1252452141295131,1.0,0.0,0.5557560324668884,1.0,0.0,RL,5
19.399999999999963,7.904540853410235,3.2087859656393456,1.5844054885217493,0.1253296749789413,1.0,0.0,0.5557560324668884,1.0,0.0,RL,5
19.599999999999962,7.904074343641895,3.2087859656393456,1.5844054885217493,0.12541427113496795,1.0,0.0,0.5557560324668884,1.0,0.0,RL,5
19.79999999999996,7.903607415999385,3.2087859656393456,1.5844054885217493,0.12549900293718644,1.0,0.0,0.5557560324668884,1.0,0.0,RL,5
19.99999999999996,7.90314006957217,3.2087859656393456,1.5844054885217493,0.12558387072637678,0.7842308878898621,0.0,0.06574438512325287,1.0,1.0,RL,5
20.19999999999996,8.024145836740464,3.299341628819267,1.5844054885217493,0.12566836443474938,0.7842308878898621,0.0,0.06574438512325287,1.0,1.0,RL,5
20.39999999999996,7.9988865417867,3.322630597027472,1.5844054885217493,0.12573463711193003,0.7842308878898621,0.0,0.06574438512325287,1.0,1.0,RL,5
20.59999999999996,7.9729456500225115,3.347830949360585,1.5844054885217493,0.12580426282690702,0.7842308878898621,0.0,0.06574438512325287,1.0,1.0,RL,5
20.799999999999958,7.949021427675307,3.3721928987753693,1.5844054885217493,0.12587751683171908,0.7842308878898621,0.0,0.06574438512325287,1.0,1.0,RL,5
20.999999999999957,7.92595577366198,3.3965150080876816,1.5844054885217493,0.1259542801423957,1.0,0.0,0.029963910579681396,1.0,0.0,RL,5
21.199999999999957,7.899952007694936,3.4226084061408932,1.5844054885217493,0.12603457527580408,1.0,0.0,0.029963910579681396,1.0,0.0,RL,5
21.399999999999956,7.899481852819496,3.4226084061409723,1.5844054885217493,0.12611921032180765,1.0,0.0,0.029963910579681396,1.0,0.0,RL,5
21.599999999999955,7.899011276111865,3.4226084061409723,1.5844054885217493,0.12620398139360817,1.0,0.0,0.029963910579681396,1.0,0.0,RL,5
21.799999999999955,7.8985402766468775,3.4226084061409723,1.5844054885217493,0.12628888883395892,1.0,0.0,0.029963910579681396,1.0,0.0,RL,5
21.999999999999954,7.89806885349606,3.4226084061409723,1.5844054885217493,0.12637393298681662,0.2693074345588684,0.0,0.0,1.0,1.0,RL,5
22.199999999999953,8.00582099527305,3.507970960087037,1.5844054885217493,0.12645862509562047,0.2693074345588684,0.0,0.0,1.0,1.0,RL,5
22.399999999999952,7.983092021020331,3.5275330207408278,1.5844054885217493,0.12652685330060795,0.2693074345588684,0.0,0.0,1.0,1.0,RL,5
22.59999999999995,7.96092679239289,3.5473255897973526,1.5844054885217493,0.1265981969998893,0.2693074345588684,0.0,0.0,1.0,1.0,RL,5
22.79999999999995,7.939491392920843,3.5670638421442513,1.5844054885217493,0.12667271632683433,0.2693074345588684,0.0,0.0,1.0,1.0,RL,5
22.99999999999995,7.918739501545896,3.5867755663252257,1.5844054885217493,0.12675044100898816,1.0,0.0,0.0,1.0,0.12174354493618011,RL,5
23.19999999999995,7.8891538915123,3.6125342247621655,1.5844054885217493,0.12683136668726672,1.0,0.0,0.0,1.0,0.12174354493618011,RL,5
23.39999999999995,7.8608054811365085,3.638247611132716,1.5844054885217493,0.12691712916329698,1.0,0.0,0.0,1.0,0.12174354493618011,RL,5
23.599999999999948,7.8335609216999655,3.6639157962812154,1.5844054885217493,0.12700779629620967,1.0,0.0,0.0,1.0,0.12174354493618011,RL,5
23.799999999999947,7.807305816760915,3.6895388508089786,1.5844054885217493,0.12710344081458877,1.0,0.0,0.0,1.0,0.12174354493618011,RL,5
23.999999999999947,7.7819412227804285,3.7151168450662118,1.5844054885217493,0.12720414035548142,0.8829548954963684,0.0,0.0,1.0,0.5731450319290161,RL,5
24.199999999999946,7.758504005671997,3.7396921350265506,1.5844054885217493,0.12730998450451328,0.8829548954963684,0.0,0.0,1.0,0.5731450319290161,RL,5
24.399999999999945,7.735731152065155,3.7642258045488863,1.5844054885217493,0.1274208124396406,0.8829548954963684,0.0,0.0,1.0,0.5731450319290161,RL,5
24.599999999999945,7.713564309965815,3.788717915414558,1.5844054885217493,0.12753670914798373,0.8829548954963684,0.0,0.0,1.0,0.5731450319290161,RL,5
24.799999999999944,7.691951366926496,3.8131685291574042,1.5844054885217493,0.12765776432329318,0.8829548954963684,0.0,0.0,1.0,0.5731450319290161,RL,5
24.999999999999943,7.6708455395487745,3.837577707056245,1.5844054885217493,0.12778407252156246,0.5606430768966675,0.0,0.0,1.0,0.9138774275779724,RL,5
25.199999999999942,7.651762293982692,3.8593089294387575,1.5844054885217493,0.1279157574011642,0.5606430768966675,0.0,0.0,1.0,0.9138774275779724,RL,5
25.39999999999994,7.634660028748426,3.881007272925237,1.5844054885217493,0.12805249915719358,0.5606430768966675,0.0,0.0,1.0,0.9138774275779724,RL,5
25.59999999999994,7.61625006212011,3.9026727793562883,1.5844054885217493,0.1281939359074339,0.5606430768966675,0.0,0.0,1.0,0.9138774275779724,RL,5
25.79999999999994,7.599714171773385,3.9243054910537953,1.5844054885217493,0.12834061712394035,0.5606430768966675,0.0,0.0,1.0,0.9138774275779724,RL,5
25.99999999999994,7.582602664930443,3.9459054494497297,1.5844054885217493,0.12849217411999356,0.2817535102367401,0.0,0.0,1.0,1.0,RL,5
26.19999999999994,7.56722261998391,3.965208533710074,1.5844054885217493,0.1286489798289494,0.2817535102367401,0.0,0.0,1.0,1.0,RL,5
26.399999999999938,7.5531978895620675,3.984485425184804,1.5844054885217493,0.12881066149387982,0.2817535102367401,0.0,0.0,1.0,1.0,RL,5
26.599999999999937,7.539323678018851,4.003736152566112,1.5844054885217493,0.12897692544773165,0.2817535102367401,0.0,0.0,1.0,1.0,RL,5
26.799999999999937,7.525590271888052,4.0229607449028535,1.5844054885217493,0.12914785584264452,0.2817535102367401,0.0,0.0,1.0,1.0,RL,5
26.999999999999936,7.511988430764947,4.042159231091518,1.5844054885217493,0.1293235401649567,0.028677524998784065,0.0,0.0,1.0,1.0,RL,5
27.199999999999935,7.500554375525417,4.059290953226019,1.5844054885217493,0.12950409527920842,0.028677524998784065,0.0,0.0,1.0,1.0,RL,5
27.399999999999935,7.4892007687085735,4.076401853484875,1.5844054885217493,0.12968885999745491,0.028677524998784065,0.0,0.0,1.0,1.0,RL,5
27.599999999999934,7.47794366458054,4.093491951848048,1.5844054885217493,0.12987790775696473,0.028677524998784065,0.0,0.0,1.0,1.0,RL,5
27.799999999999933,7.4667361090595366,4.110561268183144,1.5844054885217493,0.1300713064375521,0.028677524998784065,0.0,0.0,1.0,1.0,RL,5
27.999999999999932,7.455585342965249,4.1276098222522375,1.5844054885217493,0.1302691427045786,0.0,0.0,0.0,1.0,1.0,RL,5
28.199999999999932,7.444870966080182,4.144407794100243,1.5844054885217493,0.130471505063674,0.0,0.0,0.0,1.0,1.0,RL,5
28.39999999999993,7.434201781502357,4.161185595241012,1.5844054885217493,0.13067832311122185,0.0,0.0,0.0,1.0,1.0,RL,5
28.59999999999993,7.423583886734442,4.17794324432024,1.5844054885217493,0.13088968247819197,0.0,0.0,0.0,1.0,1.0,RL,5
28.79999999999993,7.413016948726837,4.1946807598598985,1.5844054885217493,0.13110566760642708,0.0,0.0,0.0,1.0,1.0,RL,5
28.99999999999993,7.4027037262152176,4.211398160259794,1.5844054885217493,0.13132636437673095,0.0,0.0,0.0,1.0,1.0,RL,5
29.19999999999993,7.392207984425543,4.228095463796005,1.5844054885217493,0.13155176856519515,0.0,0.0,0.0,1.0,1.0,RL,5
29.399999999999928,7.3817467607303735,4.244772688727938,1.5844054885217493,0.13178207214097798,0.0,0.0,0.0,1.0,1.0,RL,5
29.599999999999927,7.3714887030775085,4.261429853065565,1.5844054885217493,0.1320173733234751,0.0,0.0,0.0,1.0,1.0,RL,5
29.799999999999926,7.361256980617521,4.278066974680951,1.5844054885217493,0.1322576911688966,0.0,0.0,0.0,1.0,1.0,RL,5
29.999999999999925,7.351048313722311,4.294684071402346,1.5844054885217493,0.1325031281433487,0.0,0.0,0.0,1.0,1.0,RL,5
30.199999999999925,7.34090335813567,4.311281160915273,1.5844054885217493,0.13275379049335448,0.0,0.0,0.0,1.0,1.0,RL,5
30.399999999999924,7.330561423551148,4.327858260758223,1.5844054885217493,0.13300976594582792,0.0,0.0,0.0,1.0,1.0,RL,5
30.599999999999923,7.320233631937225,4.344415388344822,1.5844054885217493,0.1332712795286769,0.0,0.0,0.0,1.0,1.0,RL,5
30.799999999999923,7.309916630430746,4.360952560800901,1.5844054885217493,0.1335384535054076,0.0,0.0,0.0,1.0,1.0,RL,5
30.999999999999922,7.299308827173275,4.377469795087058,1.5844054885217493,0.1338114149054392,0.0,0.0,0.0,1.0,1.0,RL,5
31.19999999999992,7.289003482597487,4.3939671079929985,1.5844054885217493,0.13409046216455747,0.0,0.0,0.0,1.0,1.0,RL,5
31.39999999999992,7.278909350779921,4.4104445159344055,1.5844054885217493,0.13437557008117706,0.0,0.0,0.0,1.0,1.0,RL,5
31.59999999999992,7.268601966679005,4.4269020353374,1.5844054885217493,0.13466675899873115,0.0,0.0,0.0,1.0,1.0,RL,5
31.79999999999992,7.258288525259349,4.443339682584471,1.5844054885217493,0.13496429744509145,0.0,0.0,0.0,1.0,1.0,RL,5
31.99999999999992,7.247965602319848,4.459757473720066,1.5844054885217493,0.1352683402935597,0.0,0.0,0.0,1.0,1.0,RL,5
32.19999999999992,7.23762973647118,4.476155424585837,1.5844054885217493,0.13557904890282016,0.0,0.0,0.0,1.0,1.0,RL,5
32.39999999999992,7.227443810038912,4.492533550813189,1.5844054885217493,0.13589659147679198,0.0,0.0,0.0,1.0,1.0,RL,5
32.59999999999992,7.217238127752243,4.5088918678154215,1.5844054885217493,0.13622103546491227,0.0,0.0,0.0,1.0,1.0,RL,5
32.799999999999926,7.207009227696267,4.525230390907504,1.5844054885217493,0.13655255877018513,0.0,0.0,0.0,1.0,1.0,RL,5
32.99999999999993,7.196796503169377,4.541549135175158,1.5844054885217493,0.136891347050993,0.0,0.0,0.0,1.0,1.0,RL,5
33.19999999999993,7.18655357124374,4.557848115465928,1.5844054885217493,0.1372375644516193,0.0,0.0,0.0,1.0,1.0,RL,5
33.399999999999935,7.176067249193492,4.574127346414984,1.5844054885217493,0.1375914120430696,0.0,0.0,0.0,1.0,1.0,RL,5
33.59999999999994,7.165709105093668,4.590386842401569,1.5844054885217493,0.1379532516206784,0.0,0.0,0.0,1.0,1.0,RL,5
33.79999999999994,7.155142256830792,4.6066266173585815,1.5844054885217493,0.1383231876056774,0.0,0.0,0.0,1.0,1.0,RL,5
33.99999999999994,7.145114730500952,4.622846685078512,1.5844054885217493,0.13870157837200764,0.0,0.0,0.0,1.0,1.0,RL,5
34.199999999999946,7.1344601706508435,4.639047058912276,1.5844054885217493,0.13908822045029534,0.0,0.0,0.0,1.0,1.0,RL,5
34.39999999999995,7.12374305118438,4.655227752436358,1.5844054885217493,0.13948380980193437,0.0,0.0,0.0,1.0,1.0,RL,5
34.59999999999995,7.11296606373248,4.671388778385387,1.5844054885217493,0.1398886266792381,0.0,0.0,0.0,1.0,1.0,RL,5
34.799999999999955,7.102124422030195,4.687530149146364,1.5844054885217493,0.1403029596310887,0.0,0.0,0.0,1.0,1.0,RL,5
34.99999999999996,7.091213146931726,4.703651876749236,1.5844054885217493,0.14072711209666117,0.0,0.0,0.0,1.0,1.0,RL,5
35.19999999999996,7.080227047999092,4.719753972849648,1.5844054885217493,0.14116140345471498,0.0,0.0,0.0,1.0,1.0,RL,5
35.39999999999996,7.069375427231544,4.735836448710474,1.5844054885217493,0.14160617016895183,0.0,0.0,0.0,1.0,1.0,RL,5
35.599999999999966,7.058396182661726,4.751899315182018,1.5844054885217493,0.1420615714273317,0.0,0.0,0.0,1.0,1.0,RL,5
35.79999999999997,7.046829317353253,4.767930190193525,1.5844054885217493,0.14252801089887365,0.0,0.0,0.0,1.0,1.0,RL,5
35.99999999999997,7.033075917452733,4.783799973355699,1.5844054885217493,0.1430063546671409,0.0,0.0,0.0,0.7634434700012207,1.0,RL,5
36.199999999999974,7.023242659638149,4.796104835906447,1.5844054885217493,0.1434992214236515,0.0,0.0,0.0,0.7634434700012207,1.0,RL,5
36.39999999999998,7.013318266748008,4.808398023998531,1.5844054885217493,0.14400313093257472,0.0,0.0,0.0,0.7634434700012207,1.0,RL,5
36.59999999999998,7.004153474943501,4.82067953820821,1.5844054885217493,0.14451845752055079,0.0,0.0,0.0,0.7634434700012207,1.0,RL,5
36.79999999999998,6.994901337951296,4.832949378769747,1.5844054885217493,0.14504469451351962,0.0,0.0,0.0,0.7634434700012207,1.0,RL,5
36.999999999999986,6.983236361761199,4.845207546379397,1.5844054885217493,0.14558219992943175,0.0,0.0,0.0,0.5297545790672302,1.0,RL,5
37.19999999999999,6.974268617114659,4.8539933331758585,1.5844054885217493,0.1461340481438564,0.0,0.0,0.0,0.5297545790672302,1.0,RL,5
37.39999999999999,6.964375058545402,4.862773009010485,1.5844054885217493,0.14669762076164988,0.0,0.0,0.0,0.5297545790672302,1.0,RL,5
37.599999999999994,6.957591551653526,4.87154657020953,1.5844054885217493,0.14727427090403866,0.0,0.0,0.0,0.5297545790672302,1.0,RL,5
37.8,6.950739158134005,4.880314012216171,1.5844054885217493,0.14786068619487816,0.0,0.0,0.0,0.5297545790672302,1.0,RL,5
38.0,6.943406696901536,4.889075332644332,1.5844054885217493,0.1484571439609686,0.0,0.0,0.0,0.3101990222930908,1.0,RL,5
38.2,6.9365400646254685,4.894590442607468,1.5844054885217493,0.14906457718042113,0.0,0.0,0.0,0.3101990222930908,1.0,RL,5
38.400000000000006,6.9313113219410605,4.900103028550397,1.5844054885217493,0.14968264675966267,0.0,0.0,0.0,0.3101990222930908,1.0,RL,5
38.60000000000001,6.925177534168173,4.905613087128805,1.5844054885217493,0.15030951582781316,0.0,0.0,0.0,0.3101990222930908,1.0,RL,5
38.80000000000001,6.917341582712062,4.911120615757007,1.5844054885217493,0.15094648754677523,0.0,0.0,0.0,0.3101990222930908,1.0,RL,5
39.000000000000014,6.910189897867773,4.916625611313154,1.5844054885217493,0.15159596356071825,0.0,0.0,0.0,0.09121549129486084,1.0,RL,5
39.20000000000002,6.907964315582185,4.918903838387368,1.5844054885217493,0.15210506722708333,0.0,0.0,0.0,0.09121549129486084,1.0,RL,5
39.40000000000002,6.907033860559646,4.921181589699618,1.5844054885217493,0.15261678983857174,0.0,0.0,0.0,0.09121549129486084,1.0,RL,5
39.60000000000002,6.902620770664459,4.923458907966328,1.5844054885217493,0.1531298161122487,0.0,0.0,0.0,0.09121549129486084,1.0,RL,5
39.800000000000026,6.8981723304669424,4.925735749947647,1.5844054885217493,0.15364774505373666,0.0,0.0,0.0,0.09121549129486084,1.0,RL,5
40.00000000000003,6.895943451487741,4.928012114888032,1.5844054885217493,0.15417066433126408,0.0,0.005637298803776503,0.0,0.0,1.0,RL,5
40.20000000000003,6.894729232627717,4.9289350865903945,1.5844054885217493,0.1543308910855574,0.0,0.005637298803776503,0.0,0.0,1.0,RL,5
40.400000000000034,6.893509095482315,4.929857983311083,1.5844054885217493,0.15449166127705916,0.0,0.005637298803776503,0.0,0.0,1.0,RL,5
40.60000000000004,6.8922829834664086,4.930780805017671,1.5844054885217493,0.15465297904520228,0.0,0.005637298803776503,0.0,0.0,1.0,RL,5
40.80000000000004,6.891050839166464,4.931703551677446,1.5844054885217493,0.15481484858032005,0.0,0.005637298803776503,0.0,0.0,1.0,RL,5
41.00000000000004,6.889812604324236,4.932626223257408,1.5844054885217493,0.1549772741245209,0.0,0.013196929357945919,0.0,0.0,1.0,RL,5
41.200000000000045,6.8885682198200575,4.933548819724266,1.5844054885217493,0.15514025997258257,0.0,0.013196929357945919,0.0,0.0,1.0,RL,5
41.40000000000005,6.887317625655712,4.934471341044436,1.5844054885217493,0.1553038104728664,0.0,0.013196929357945919,0.0,0.0,1.0,RL,5
41.60000000000005,6.8860607609368785,4.9353937871840285,1.5844054885217493,0.15546793002825168,0.0,0.013196929357945919,0.0,0.0,1.0,RL,5
41.800000000000054,6.884797563855137,4.936316158108861,1.5844054885217493,0.15563262309709155,0.0,0.013196929357945919,0.0,0.0,1.0,RL,5
42.00000000000006,6.883527971669513,4.937238453784437,1.5844054885217493,0.1557978941941901,0.0,0.02092692069709301,0.0,0.0,1.0,RL,5
42.20000000000006,6.882251920687561,4.938160674175955,1.5844054885217493,0.1559637478918019,0.0,0.02092692069709301,0.0,0.0,1.0,RL,5
42.40000000000006,6.880969346245962,4.939082819248296,1.5844054885217493,0.15613018882065433,0.0,0.02092692069709301,0.0,0.0,1.0,RL,5
42.600000000000065,6.879680182690621,4.9400048889660235,1.5844054885217493,0.1562972216709934,0.0,0.02092692069709301,0.0,0.0,1.0,RL,5
42.80000000000007,6.878384363356256,4.940926883293381,1.5844054885217493,0.1564648511936538,0.0,0.02092692069709301,0.0,0.0,1.0,RL,5
43.00000000000007,6.877081820545449,4.941848802194283,1.5844054885217493,0.15663308220115352,0.0,0.02880706638097763,0.0,0.0,1.0,RL,5
43.200000000000074,6.875772485507166,4.942770645632315,1.5844054885217493,0.15680191956881426,0.0,0.02880706638097763,0.0,0.0,1.0,RL,5
43.40000000000008,6.874456288414697,4.943692413570728,1.5844054885217493,0.15697136823590807,0.0,0.02880706638097763,0.0,0.0,1.0,RL,5
43.60000000000008,6.8731331583430295,4.944614105972431,1.5844054885217493,0.15714143320683097,0.0,0.02880706638097763,0.0,0.0,1.0,RL,5
43.80000000000008,6.871803023245614,4.945535722799992,1.5844054885217493,0.1573121195523043,0.0,0.02880706638097763,0.0,0.0,1.0,RL,5
44.000000000000085,6.870465809930512,4.946457264015628,1.5844054885217493,0.15748343241060497,0.0,0.03683515638113022,0.0,0.0,1.0,RL,5
44.20000000000009,6.869121444035913,4.947378729581205,1.5844054885217493,0.15765537698882479,0.0,0.03683515638113022,0.0,0.0,1.0,RL,5
44.40000000000009,6.86776985000498,4.948300119458231,1.5844054885217493,0.15782795856416043,0.0,0.03683515638113022,0.0,0.0,1.0,RL,5
44.600000000000094,6.866410951060029,4.949221433607849,1.5844054885217493,0.15800118248523445,0.0,0.03683515638113022,0.0,0.0,1.0,RL,5
44.8000000000001,6.865044669175996,4.950142671990839,1.5844054885217493,0.15817505417344857,0.0,0.03683515638113022,0.0,0.0,1.0,RL,5
45.0000000000001,6.863670925053178,4.951063834567603,1.5844054885217493,0.15834957912436995,0.0,0.04500911012291908,0.0,0.0,1.0,RL,5
45.2000000000001,6.862289638089234,4.951984921298169,1.5844054885217493,0.15852476290915166,0.0,0.04500911012291908,0.0,0.0,1.0,RL,5
45.400000000000105,6.860900726350404,4.9529059321421816,1.5844054885217493,0.1587006111759883,0.0,0.04500911012291908,0.0,0.0,1.0,RL,5
45.60000000000011,6.859504106541923,4.953826867058897,1.5844054885217493,0.15887712965160777,0.0,0.04500911012291908,0.0,0.0,1.0,RL,5
45.80000000000011,6.858099693977623,4.954747726007177,1.5844054885217493,0.15905432414280038,0.0,0.04500911012291908,0.0,0.0,1.0,RL,5
46.000000000000114,6.8566874025486655,4.955668508945485,1.5844054885217493,0.15923220053798645,0.0,0.05332669988274574,0.0,0.0,1.0,RL,5
46.20000000000012,6.855267144691395,4.95658921583188,1.5844054885217493,0.15941076480882352,0.0,0.05332669988274574,0.0,0.0,1.0,RL,5
46.40000000000012,6.853838831354285,4.957509846624008,1.5844054885217493,0.15959002301185451,0.0,0.05332669988274574,0.0,0.0,1.0,RL,5
46.60000000000012,6.85240237196392,4.958430401279103,1.5844054885217493,0.15976998129019795,0.0,0.05332669988274574,0.0,0.0,1.0,RL,5
46.800000000000125,6.850957674390023,4.959350879753975,1.5844054885217493,0.15995064587528185,0.0,0.05332669988274574,0.0,0.0,1.0,RL,5
47.00000000000013,6.8495046449094525,4.960271282005004,1.5844054885217493,0.16013202308862223,0.0,0.06178558990359306,0.0,0.0,1.0,RL,5
47.20000000000013,6.848043188169159,4.961191607988136,1.5844054885217493,0.16031411934364814,0.0,0.06178558990359306,0.0,0.0,1.0,RL,5
47.400000000000134,6.846573207148056,4.962111857658876,1.5844054885217493,0.1604969411475744,0.0,0.06178558990359306,0.0,0.0,1.0,RL,5
47.600000000000136,6.845094603117765,4.9630320309722835,1.5844054885217493,0.16068049510332355,0.0,0.06178558990359306,0.0,0.0,1.0,RL,5
47.80000000000014,6.8436072756022055,4.963952127882963,1.5844054885217493,0.16086478791149886,0.0,0.06178558990359306,0.0,0.0,1.0,RL,5
48.00000000000014,6.842111122335971,4.964872148345057,1.5844054885217493,0.1610498263724098,0.0,0.3080720901489258,0.0,0.16019964218139648,1.0,RL,5
48.200000000000145,6.8403656259894,4.966038184233251,1.5844054885217493,0.16144824713553707,0.0,0.3080720901489258,0.0,0.16019964218139648,1.0,RL,5
48.40000000000015,6.83820720452004,4.96720412217672,1.5844054885217493,0.16184899699211552,0.0,0.3080720901489258,0.0,0.16019964218139648,1.0,RL,5
48.60000000000015,6.837126826399976,4.968369890989181,1.5844054885217493,0.162252425861171,0.0,0.3080720901489258,0.0,0.16019964218139648,1.0,RL,5
48.80000000000015,6.835341694561284,4.969535550139983,1.5844054885217493,0.1626576810649002,0.0,0.3080720901489258,0.0,0.16019964218139648,1.0,RL,5
49.000000000000156,6.833106119958532,4.970701038205738,1.5844054885217493,0.1630653470751965,0.0,0.31884777545928955,0.0,0.05856054276227951,1.0,RL,5
49.20000000000016,6.831262367816683,4.971717498904413,1.5844054885217493,0.16325676745567658,0.0,0.31884777545928955,0.0,0.05856054276227951,1.0,RL,5
49.40000000000016,6.829406673544111,4.972733836554082,1.5844054885217493,0.1634491030461991,0.0,0.31884777545928955,0.0,0.05856054276227951,1.0,RL,5
49.600000000000165,6.827538877313271,4.973750081706555,1.5844054885217493,0.1636423636412076,0.0,0.31884777545928955,0.0,0.05856054276227951,1.0,RL,5
49.80000000000017,6.8256588106995855,4.974766234298125,1.5844054885217493,0.1638365592045911,0.0,0.31884777545928955,0.0,0.05856054276227951,1.0,RL,5
50.00000000000017,6.823766301714586,4.975782294264321,1.5844054885217493,0.1640316998758623,0.0,0.3286884129047394,0.0,0.010542543604969978,1.0,RL,5
50.20000000000017,6.822039911865548,4.976721373989697,1.5844054885217493,0.16422779711029845,0.0,0.3286884129047394,0.0,0.010542543604969978,1.0,RL,5
50.400000000000176,6.820302022081672,4.977660373416844,1.5844054885217493,0.16442479099156687,0.0,0.3286884129047394,0.0,0.010542543604969978,1.0,RL,5
50.60000000000018,6.8186871487952985,4.978599292975474,1.5844054885217493,0.164622690954563,0.0,0.3286884129047394,0.0,0.010542543604969978,1.0,RL,5
50.80000000000018,6.817734442911574,4.979538132119643,1.5844054885217493,0.16482145305385554,0.0,0.3286884129047394,0.0,0.010542543604969978,1.0,RL,5
51.000000000000185,6.816260264119773,4.980476890794057,1.5844054885217493,0.165020817587468,0.0,0.3385412395000458,0.0,0.0,1.0,RL,5
51.20000000000019,6.814592986774506,4.981395480157496,1.5844054885217493,0.16522099578013535,0.0,0.3385412395000458,0.0,0.0,1.0,RL,5
51.40000000000019,6.8129143038197935,4.9823139920770405,1.5844054885217493,0.16542206927552017,0.0,0.3385412395000458,0.0,0.0,1.0,RL,5
51.60000000000019,6.811224061815012,4.983232426496076,1.5844054885217493,0.1656240474679676,0.0,0.3385412395000458,0.0,0.0,1.0,RL,5
51.800000000000196,6.809522104162187,4.984150783357342,1.5844054885217493,0.16582693991283418,0.0,0.3385412395000458,0.0,0.0,1.0,RL,5
52.0000000000002,6.807808271018519,4.985069062602921,1.5844054885217493,0.16603075633036415,0.0,0.3485131859779358,0.0,0.0,1.0,RL,5
52.2000000000002,6.806082399205876,4.985987264174225,1.5844054885217493,0.16623550660968683,0.0,0.3485131859779358,0.0,0.0,1.0,RL,5
52.400000000000205,6.804344322117085,4.986905388011988,1.5844054885217493,0.16644120081293917,0.0,0.3485131859779358,0.0,0.0,1.0,RL,5
52.60000000000021,6.802593869618917,4.987823434056248,1.5844054885217493,0.16664784917951872,0.0,0.3485131859779358,0.0,0.0,1.0,RL,5
52.80000000000021,6.800830867951607,4.988741402246343,1.5844054885217493,0.16685546213047206,0.0,0.3485131859779358,0.0,0.0,1.0,RL,5
53.00000000000021,6.799055139624775,4.98965929252089,1.5844054885217493,0.16706405027302365,0.0,0.35857051610946655,0.0,0.0,1.0,RL,5
53.200000000000216,6.797266503309566,4.990577104817777,1.5844054885217493,0.16727362440525112,0.0,0.35857051610946655,0.0,0.0,1.0,RL,5
53.40000000000022,6.795464773726879,4.991494839074149,1.5844054885217493,0.16748419552091248,0.0,0.35857051610946655,0.0,0.0,1.0,RL,5
53.60000000000022,6.793649761531475,4.992412495226396,1.5844054885217493,0.16769577481443146,0.0,0.35857051610946655,0.0,0.0,1.0,RL,5
53.800000000000225,6.791821273191812,4.993330073210134,1.5844054885217493,0.16790837368604739,0.0,0.35857051610946655,0.0,0.0,1.0,RL,5
54.00000000000023,6.789979110865399,4.994247572960198,1.5844054885217493,0.1681220037471362,0.0,0.368706613779068,0.0,0.0,1.0,RL,5
54.20000000000023,6.78812307226947,4.9951649944106205,1.5844054885217493,0.16833667682570974,0.0,0.368706613779068,0.0,0.0,1.0,RL,5
54.40000000000023,6.78625295054677,4.996082337494622,1.5844054885217493,0.1685524049721005,0.0,0.368706613779068,0.0,0.0,1.0,RL,5
54.600000000000236,6.784368534126223,4.996999602144593,1.5844054885217493,0.16876920046483965,0.0,0.368706613779068,0.0,0.0,1.0,RL,5
54.80000000000024,6.78246960657825,4.997916788292078,1.5844054885217493,0.1689870758167365,0.0,0.368706613779068,0.0,0.0,1.0,RL,5
55.00000000000024,6.78055594646449,4.998833895867761,1.5844054885217493,0.16920604378116774,0.0,0.3789139688014984,0.0,0.0,1.0,RL,5
55.200000000000244,6.77862732718166,4.999750924801448,1.5844054885217493,0.1694261173585855,0.0,0.3789139688014984,0.0,0.0,1.0,RL,5
55.40000000000025,6.776683516799269,5.000667875022048,1.5844054885217493,0.16964730980325354,0.0,0.3789139688014984,0.0,0.0,1.0,RL,5
55.60000000000025,6.774724277890916,5.00158474645756,1.5844054885217493,0.16986963463022148,0.0,0.3789139688014984,0.0,0.0,1.0,RL,5
55.80000000000025,6.772749367358831,5.002501539035052,1.5844054885217493,0.17009310562254745,0.0,0.3789139688014984,0.0,0.0,1.0,RL,5
56.000000000000256,6.770758536251373,5.003418252680641,1.5844054885217493,0.17031773683878002,0.0,0.389184832572937,0.0,0.0,1.0,RL,5
56.20000000000026,6.768751529573103,5.0043348873194775,1.5844054885217493,0.17054354262071078,0.0,0.389184832572937,0.0,0.0,1.0,RL,5
56.40000000000026,6.766728086087091,5.005251442875725,1.5844054885217493,0.17077053760141003,0.0,0.389184832572937,0.0,0.0,1.0,RL,5
56.600000000000264,6.76468793810907,5.006167919272538,1.5844054885217493,0.17099873671355775,0.0,0.389184832572937,0.0,0.0,1.0,RL,5
56.80000000000027,6.762630811293014,5.007084316432042,1.5844054885217493,0.17122815519808374,0.0,0.389184832572937,0.0,0.0,1.0,RL,5
57.00000000000027,6.760556424407733,5.008000634275316,1.5844054885217493,0.17145880861313073,0.0,0.3995106518268585,0.0,0.0,1.0,RL,5
57.20000000000027,6.758464489104005,5.008916872722364,1.5844054885217493,0.17169071284335571,0.0,0.3995106518268585,0.0,0.0,1.0,RL,5
57.400000000000276,6.75635470967178,5.009833031692098,1.5844054885217493,0.17192388410958467,0.0,0.3995106518268585,0.0,0.0,1.0,RL,5
57.60000000000028,6.754226782786917,5.010749111102313,1.5844054885217493,0.17215833897883795,0.0,0.3995106518268585,0.0,0.0,1.0,RL,5
57.80000000000028,6.752080397246951,5.011665110869661,1.5844054885217493,0.17239409437474323,0.0,0.3995106518268585,0.0,0.0,1.0,RL,5
58.000000000000284,6.749915233695258,5.012581030909629,1.5844054885217493,0.17263116758835503,0.0,0.40988263487815857,0.0,0.0,1.0,RL,5
58.20000000000029,6.747730964333059,5.013496871136514,1.5844054885217493,0.17286957628939992,0.0,0.40988263487815857,0.0,0.0,1.0,RL,5
58.40000000000029,6.745527252618563,5.014412631463395,1.5844054885217493,0.17310933853796845,0.0,0.40988263487815857,0.0,0.0,1.0,RL,5
58.60000000000029,6.743303752952587,5.015328311802107,1.5844054885217493,0.17335047279667562,0.0,0.40988263487815857,0.0,0.0,1.0,RL,5
58.800000000000296,6.741060110349915,5.016243912063213,1.5844054885217493,0.1735929979433128,0.0,0.40988263487815857,0.0,0.0,1.0,RL,5
59.0000000000003,6.738795960095578,5.017159432155975,1.5844054885217493,0.1738369332840159,0.0,0.42041829228401184,0.0,0.0,1.0,RL,5
59.2000000000003,6.736510927385266,5.018074871988326,1.5844054885217493,0.1740822985669758,0.0,0.42041829228401184,0.0,0.0,1.0,RL,5
59.400000000000304,6.7342046269489515,5.018990231466837,1.5844054885217493,0.17432911399671835,0.0,0.42041829228401184,0.0,0.0,1.0,RL,5
59.60000000000031,6.73187666265678,5.019905510496688,1.5844054885217493,0.17457740024898333,0.0,0.42041829228401184,0.0,0.0,1.0,RL,5
59.80000000000031,6.729526627106223,5.020820708981634,1.5844054885217493,0.1748271784862334,0.0,0.42041829228401184,0.0,0.0,1.0,RL,5
60.00000000000031,6.727154101189409,5.021735826823971,1.5844054885217493,0.17507847037382585,0.0,0.4310368597507477,0.0,0.0,1.0,RL,5
60.200000000000315,6.724758653639483,5.022650863924502,1.5844054885217493,0.17533129809688228,0.0,0.4310368597507477,0.0,0.0,1.0,RL,5
60.40000000000032,6.72233984055475,5.023565820182503,1.5844054885217493,0.17558568437789326,0.0,0.4310368597507477,0.0,0.0,1.0,RL,5
60.60000000000032,6.719817095432328,5.024480695495682,1.5844054885217493,0.17584165249509762,0.0,0.4310368597507477,0.0,0.0,1.0,RL,5
60.800000000000324,6.717269145082503,5.025395489760144,1.5844054885217493,0.1760992675731852,0.0,0.4310368597507477,0.0,0.0,1.0,RL,5
61.00000000000033,6.714695476950457,5.026310202867493,1.5844054885217493,0.17635855512227372,0.0,0.4417273700237274,0.0,0.0,1.0,RL,5
61.20000000000033,6.712095562565329,5.027224834707574,1.5844054885217493,0.17661954130680932,0.0,0.4417273700237274,0.0,0.0,1.0,RL,5
61.40000000000033,6.709468856873139,5.028139385168428,1.5844054885217493,0.1768822529692869,0.0,0.4417273700237274,0.0,0.0,1.0,RL,5
61.600000000000335,6.706814797534346,5.029053854136247,1.5844054885217493,0.1771467176550881,0.0,0.4417273700237274,0.0,0.0,1.0,RL,5
61.80000000000034,6.704132804183809,5.0299682414953235,1.5844054885217493,0.17741296363850265,0.0,0.4417273700237274,0.0,0.0,1.0,RL,5
62.00000000000034,6.701422277650678,5.030882547128001,1.5844054885217493,0.17768101995000204,0.0,0.452486127614975,0.0,0.0,1.0,RL,5
62.200000000000344,6.698682599135601,5.03179677091462,1.5844054885217493,0.17795091640484081,0.0,0.452486127614975,0.0,0.0,1.0,RL,5
62.40000000000035,6.695913129342396,5.032710912733468,1.5844054885217493,0.17822268363306468,0.0,0.452486127614975,0.0,0.0,1.0,RL,5
62.60000000000035,6.693113207561154,5.03362497246072,1.5844054885217493,0.17849635311101153,0.0,0.452486127614975,0.0,0.0,1.0,RL,5
62.80000000000035,6.690282150699444,5.034538949970378,1.5844054885217493,0.17877195719439695,0.0,0.452486127614975,0.0,0.0,1.0,RL,5
63.000000000000355,6.687419252258087,5.035452845134217,1.5844054885217493,0.17904952915308292,0.0,0.4633024334907532,0.0,0.0,1.0,RL,5
63.20000000000036,6.684523781247618,5.036366657821715,1.5844054885217493,0.17932910320763562,0.0,0.4633024334907532,0.0,0.0,1.0,RL,5
63.40000000000036,6.681594981041288,5.037280387899992,1.5844054885217493,0.17961071456778613,0.0,0.4633024334907532,0.0,0.0,1.0,RL,5
63.600000000000364,6.678632068160078,5.038194035233738,1.5844054885217493,0.1798943994729168,0.0,0.4633024334907532,0.0,0.0,1.0,RL,5
63.80000000000037,6.6756342309848415,5.0391075996851455,1.5844054885217493,0.18018019523470521,0.0,0.4633024334907532,0.0,0.0,1.0,RL,5
64.00000000000037,6.672600628390254,5.040021081113832,1.5844054885217493,0.18046814028206803,0.0,0.4741722047328949,0.0,0.0,1.0,RL,5
64.20000000000037,6.669530388294808,5.040934479376768,1.5844054885217493,0.18075827420855836,0.0,0.4741722047328949,0.0,0.0,1.0,RL,5
64.40000000000038,6.666422606120592,5.041847794328188,1.5844054885217493,0.18105063782238243,0.0,0.4741722047328949,0.0,0.0,1.0,RL,5
64.60000000000038,6.663276343156013,5.042761025819516,1.5844054885217493,0.1813452731992148,0.0,0.4741722047328949,0.0,0.0,1.0,RL,5
64.80000000000038,6.660090624814048,5.043674173699271,1.5844054885217493,0.18164222373800631,0.0,0.4741722047328949,0.0,0.0,1.0,RL,5
65.00000000000038,6.656864438777905,5.044587237812981,1.5844054885217493,0.18194153421999418,0.0,0.4850916862487793,0.0,0.0,1.0,RL,5
65.20000000000039,6.6535967330252594,5.045500218003082,1.5844054885217493,0.1822432508711428,0.0,0.4850916862487793,0.0,0.0,1.0,RL,5
65.40000000000039,6.65028641372138,5.046413114108823,1.5844054885217493,0.18254742142826164,0.0,0.4850916862487793,0.0,0.0,1.0,RL,5
65.60000000000039,6.646932342970583,5.047325925966159,1.5844054885217493,0.18285409520906895,0.0,0.4850916862487793,0.0,0.0,1.0,RL,5
65.8000000000004,6.643533336414408,5.048238653407642,1.5844054885217493,0.18316332318649312,0.0,0.4850916862487793,0.0,0.0,1.0,RL,5
66.0000000000004,6.64008816066381,5.049151296262308,1.5844054885217493,0.18347515806752954,0.0,0.49605706334114075,0.0,0.0,1.0,RL,5
66.2000000000004,6.636595530551413,5.050063854355557,1.5844054885217493,0.18378965437699918,0.0,0.49605706334114075,0.0,0.0,1.0,RL,5
66.4000000000004,6.633054106188473,5.050976327509024,1.5844054885217493,0.18410686854658687,0.0,0.49605706334114075,0.0,0.0,1.0,RL,5
66.6000000000004,6.629462489809649,5.051888715540452,1.5844054885217493,0.1844268590095721,0.0,0.49605706334114075,0.0,0.0,1.0,RL,5
66.80000000000041,6.62581922238698,5.052801018263551,1.5844054885217493,0.1847496863017041,0.0,0.49605706334114075,0.0,0.0,1.0,RL,5
67.00000000000041,6.622122779992464,5.053713235487855,1.5844054885217493,0.1850754131687155,0.0,0.5070647597312927,0.0,0.0,1.0,RL,5
67.20000000000041,6.61837156988655,5.0546253670185655,1.5844054885217493,0.185404104681017,0.0,0.5070647597312927,0.0,0.0,1.0,RL,5
67.40000000000042,6.614563926307351,5.055537412656395,1.5844054885217493,0.18573582835616864,0.0,0.5070647597312927,0.0,0.0,1.0,RL,5
67.60000000000042,6.610698105932682,5.056449372197394,1.5844054885217493,0.18607065428978253,0.0,0.5070647597312927,0.0,0.0,1.0,RL,5
67.80000000000042,6.6067722829839415,5.057361245432778,1.5844054885217493,0.18640865529557776,0.0,0.5070647597312927,0.0,0.0,1.0,RL,5
68.00000000000043,6.602784543937365,5.058273032148735,1.5844054885217493,0.18674990705538286,0.0,0.5181109309196472,0.0,0.0,1.0,RL,5
68.20000000000043,6.598732881804267,5.059184732126227,1.5844054885217493,0.1870944882799637,0.0,0.5181109309196472,0.0,0.0,1.0,RL,5
68.40000000000043,6.594615189937413,5.060096345140786,1.5844054885217493,0.18744248088164805,0.0,0.5181109309196472,0.0,0.0,1.0,RL,5
68.60000000000043,6.5904292553156285,5.061007870962286,1.5844054885217493,0.18779397015982285,0.0,0.5181109309196472,0.0,0.0,1.0,RL,5
68.80000000000044,6.586172751253008,5.061919309354716,1.5844054885217493,0.18814904500049767,0.0,0.5181109309196472,0.0,0.0,1.0,RL,5
69.00000000000044,6.581843229472519,5.0628306600759245,1.5844054885217493,0.18850779809126195,0.0,0.529190719127655,0.0,0.0,1.0,RL,5
69.20000000000044,6.577438111476361,5.063741922877364,1.5844054885217493,0.18887032615311344,0.0,0.529190719127655,0.0,0.0,1.0,RL,5
69.40000000000045,6.572954679136851,5.064653097503807,1.5844054885217493,0.1892367301908062,0.0,0.529190719127655,0.0,0.0,1.0,RL,5
69.60000000000045,6.568390064421811,5.065564183693052,1.5844054885217493,0.1896071157635605,0.0,0.529190719127655,0.0,0.0,1.0,RL,5
69.80000000000045,6.5637412381571645,5.06647518117561,1.5844054885217493,0.1899815932781977,0.0,0.529190719127655,0.0,0.0,1.0,RL,5
70.00000000000045,6.559004997716414,5.0673860896743665,1.5844054885217493,0.19036027830701432,0.0,0.5402979254722595,0.0,0.0,1.0,RL,5
70.20000000000046,6.554177953511682,5.068296908904227,1.5844054885217493,0.19074329193299874,0.0,0.5402979254722595,0.0,0.0,1.0,RL,5
70.40000000000046,6.549256514143554,5.069207638571733,1.5844054885217493,0.1911307611253221,0.0,0.5402979254722595,0.0,0.0,1.0,RL,5
70.60000000000046,6.5442368700467535,5.07011827837466,1.5844054885217493,0.19152281914841626,0.0,0.5402979254722595,0.0,0.0,1.0,RL,5
70.80000000000047,6.53911497544509,5.0710288280015785,1.5844054885217493,0.19191960600838726,0.0,0.5402979254722595,0.0,0.0,1.0,RL,5
71.00000000000047,6.53388652840157,5.071939287131388,1.5844054885217493,0.19232126894101828,0.0,0.5514231324195862,0.0,0.0,1.0,RL,5
71.20000000000047,6.528546948717273,5.07284965543282,1.5844054885217493,0.1927279629462016,0.0,0.5514231324195862,0.0,0.0,1.0,RL,5
71.40000000000047,6.523091353394571,5.073759932563897,1.5844054885217493,0.19313985137431836,0.0,0.5514231324195862,0.0,0.0,1.0,RL,5
71.60000000000048,6.517514529335478,5.074670118171361,1.5844054885217493,0.1935571065708786,0.0,0.5514231324195862,0.0,0.0,1.0,RL,5
71.80000000000048,6.511810902892778,5.075580211890045,1.5844054885217493,0.19397991058666056,0.0,0.5514231324195862,0.0,0.0,1.0,RL,5
72.00000000000048,6.505974505828512,5.076490213342206,1.5844054885217493,0.19440845596167677,0.0,0.5625516772270203,0.0,0.0,1.0,RL,5
0.0,7.21,0.5,0.1,0.1,0.05,0.05,0.23099999999999996,0.05,0.5,PI,5
0.2,7.022998086452644,0.5289027904685366,0.12292485698669023,0.10034609916020942,0.05,0.05,0.23099999999999996,0.05,0.5,PI,5
0.4,7.0292490821967535,0.5326513252889176,0.13644465398487066,0.10068452598623402,0.05,0.05,0.23099999999999996,0.05,0.5,PI,5
0.6000000000000001,7.035212532029765,0.5362173506185018,0.14987235010273559,0.10101867970010567,0.05,0.05,0.23099999999999996,0.05,0.5,PI,5
0.8,7.041646674131924,0.539770887196742,0.16333284294614225,0.10134880044666056,0.05,0.05,0.23099999999999996,0.05,0.5,PI,5
1.0,7.048237663865011,0.5430673031280212,0.17639933735574292,0.10167463803436179,0.05,0.05,0.07406143025151239,0.05,0.5,PI,5
1.2,7.0543710741339325,0.546362893512574,0.18855435655082578,0.10199615932124939,0.05,0.05,0.07406143025151239,0.05,0.5,PI,5
1.4,7.061828563368444,0.5496578118928889,0.2007420771250675,0.10231370833168435,0.05,0.05,0.07406143025151239,0.05,0.5,PI,5
1.5999999999999999,7.068821714475341,0.5529520496714945,0.21295747817429922,0.1026265014347229,0.05,0.05,0.07406143025151239,0.05,0.5,PI,5
1.7999999999999998,7.07624349492175,0.5562455992384402,0.2251996396847196,0.10293489243214632,0.05,0.05,0.07406143025151239,0.05,0.5,PI,5
1.9999999999999998,7.084092951439495,0.5595384530718748,0.23746858472883692,0.10323867931982036,0.05,0.05,0.1183260129699459,0.05,0.5,PI,5
2.1999999999999997,7.092373718704085,0.5628306036715944,0.24988319912718013,0.10353766617054404,0.05,0.05,0.1183260129699459,0.05,0.5,PI,5
2.4,7.1010858697514685,0.566122054803536,0.262324704362318,0.10383166178444295,0.05,0.05,0.1183260129699459,0.05,0.5,PI,5
2.6,7.110217874365533,0.5694128540229298,0.2744735206616898,0.10412050166957522,0.05,0.05,0.1183260129699459,0.05,0.5,PI,5
2.8000000000000003,7.119705291885238,0.5726794788493479,0.28635925959453007,0.10440403935753105,0.05,0.05,0.1183260129699459,0.05,0.5,PI,5
3.0000000000000004,7.129603002321878,0.5759455267259191,0.2982691835997352,0.10468217107796587,0.05,0.05,0.17679636408451663,0.05,0.5,PI,5
3.2000000000000006,7.140790459969492,0.5792109210985863,0.31035174334177945,0.10495467517764309,0.05,0.05,0.17679636408451663,0.05,0.5,PI,5
3.400000000000001,7.151374712844398,0.5824756953404316,0.3224585716788667,0.10522092616864923,0.05,0.05,0.17679636408451663,0.05,0.5,PI,5
3.600000000000001,7.162523541776448,0.585739614013827,0.3345892543225164,0.1054813812544933,0.05,0.05,0.17679636408451663,0.05,0.5,PI,5
3.800000000000001,7.17409514155114,0.5890030385766021,0.346744394560632,0.10573587874316775,0.05,0.05,0.17679636408451663,0.05,0.5,PI,5
4.000000000000001,7.1860925175666255,0.592265592463557,0.358923408341776,0.10598434442284241,0.05,0.05,0.2518951310859265,0.05,0.5,PI,5
4.200000000000001,7.198526302633453,0.5955276438715836,0.37131693127365084,0.10622671202895145,0.05,0.05,0.2518951310859265,0.05,0.5,PI,5
4.400000000000001,7.211401649596997,0.5987884759533673,0.38373353195172794,0.10646292468515837,0.05,0.05,0.2518951310859265,0.05,0.5,PI,5
4.600000000000001,7.224725745106181,0.6020492035139385,0.3961758003749117,0.1066929351623181,0.05,0.05,0.2518951310859265,0.05,0.5,PI,5
4.800000000000002,7.238505168670922,0.6053084853219699,0.40864082409013247,0.10691670512863222,0.05,0.05,0.2518951310859265,0.05,0.5,PI,5
5.000000000000002,7.252749022312318,0.6085676201090456,0.42113114375702165,0.10713420544507338,0.05,0.05,0.3438265380628507,0.05,0.5,PI,5
5.200000000000002,7.267474790840312,0.6118253246710051,0.4338241170784573,0.10734541324149968,0.05,0.05,0.3438265380628507,0.05,0.5,PI,5
5.400000000000002,7.282694001064789,0.6150828073363659,0.4465450187490169,0.10755031267479798,0.05,0.05,0.3438265380628507,0.05,0.5,PI,5
5.600000000000002,7.299352535476811,0.6183388450428153,0.4592930696103048,0.10774889580931554,0.05,0.05,0.3438265380628507,0.05,0.5,PI,5
5.8000000000000025,7.315609782195944,0.6215946145952421,0.472068926806249,0.10794080383232163,0.05,0.05,0.3438265380628507,0.05,0.5,PI,5
6.000000000000003,7.33241027269118,0.6248489559236268,0.48487191085513903,0.10812640976779483,0.05,0.05,0.456728815710831,0.05,0.5,PI,5
6.200000000000003,7.349782095448574,0.6281029809565574,0.4978733746772443,0.1083057237384799,0.05,0.05,0.456728815710831,0.05,0.5,PI,5
6.400000000000003,7.3677486923096875,0.6313555667572761,0.5109022489678545,0.10847876095145455,0.05,0.05,0.456728815710831,0.05,0.5,PI,5
6.600000000000003,7.386339599554889,0.6346077586838663,0.5239591020167543,0.10864554234987049,0.05,0.05,0.456728815710831,0.05,0.5,PI,5
6.800000000000003,7.405584618496931,0.6378585293885317,0.5370433867837741,0.10880609327212015,0.05,0.05,0.456728815710831,0.05,0.5,PI,5
7.0000000000000036,7.425522400308421,0.6411088575585241,0.5501556329833379,0.10896044417326434,0.05,0.05,0.592393183358914,0.05,0.5,PI,5
7.200000000000004,7.4460464211808866,0.644357783001051,0.5634995864445039,0.10910862718456292,0.05,0.05,0.592393183358914,0.05,0.5,PI,5
7.400000000000004,7.46735429347273,0.647606181320718,0.576871768854723,0.10925072184800029,0.05,0.05,0.592393183358914,0.05,0.5,PI,5
7.600000000000004,7.489658862306926,0.6508531600933185,0.5902717070817805,0.10938676466193488,0.05,0.05,0.592393183358914,0.05,0.5,PI,5
7.800000000000004,7.512866941111734,0.6540995624049576,0.6036998554854509,0.10951675378779119,0.05,0.05,0.592393183358914,0.05,0.5,PI,5
8.000000000000004,7.53705471355188,0.6573445636652295,0.617155771615131,0.10964073417454089,0.05,0.05,0.7576309679575611,0.05,0.5,PI,5
8.200000000000003,7.562312402484903,0.6605889387239395,0.630887539343235,0.10975875034272714,0.05,0.05,0.7576309679575611,0.05,0.5,PI,5
8.400000000000002,7.588743689626379,0.6638318883467497,0.6446474201882125,0.10987084889760947,0.05,0.05,0.7576309679575611,0.05,0.5,PI,5
8.600000000000001,7.616459418160109,0.6670741186655958,0.6584357939958396,0.10997707675288255,0.05,0.05,0.7576309679575611,0.05,0.5,PI,5
8.8,7.6456028494205235,0.6703149420187291,0.6722522900978436,0.11007748293433164,0.05,0.05,0.7576309679575611,0.05,0.5,PI,5
9.0,7.676334622692694,0.6735549960591417,0.6860972489760333,0.1101721157285959,0.05,0.05,0.9645443393676439,0.05,0.5,PI,5
9.2,7.7088612740277185,0.6767936614410932,0.700279040159081,0.11026102259413273,0.05,0.05,0.9645443393676439,0.05,0.5,PI,5
9.399999999999999,7.743432873519245,0.6800314536221739,0.7144896577470286,0.11034425053638641,0.05,0.05,0.9645443393676439,0.05,0.5,PI,5
9.599999999999998,7.780335498642646,0.683267821079124,0.728728801746824,0.11042184416201863,0.05,0.05,0.9645443393676439,0.05,0.5,PI,5
9.799999999999997,7.819944479101503,0.6865032652668936,0.7429967352181166,0.11049384830026225,0.05,0.05,0.9645443393676439,0.05,0.5,PI,5
9.999999999999996,7.862735593201796,0.6897373022330353,0.7572931918769691,0.11056030479015037,0.05,0.05,1.0,0.05,0.5,PI,5
10.199999999999996,7.909307535424022,0.6929703660320773,0.7716710451563554,0.11062125165275735,0.05,0.05,1.0,0.05,0.5,PI,5
10.399999999999995,7.9604735420650545,0.696202030596472,0.7860774808222946,0.11067672451205644,0.05,0.05,1.0,0.05,0.5,PI,5
10.599999999999994,8.017346876990011,0.6994326629917815,0.8005126875469077,0.11072675314165037,0.05,0.05,1.0,0.05,0.5,PI,5
10.799999999999994,8.079123482120727,0.7025517994300283,0.8144833539222129,0.11077136114852143,0.05,0.05,1.0,0.05,0.5,PI,5
10.999999999999993,8.140889107417017,0.7053232665587252,0.8268544469082814,0.11081075188154947,0.05,0.05,1.0,0.05,0.5,PI,5
11.199999999999992,8.202590628352036,0.7078265965961461,0.8378726296241186,0.11084553937860417,0.05,0.05,1.0,0.05,0.5,PI,5
11.399999999999991,8.264771921095988,0.7100928535537506,0.8477561305473221,0.11087626781562375,0.05,0.05,1.0,0.05,0.5,PI,5
11.59999999999999,8.32700819549656,0.7121461159003192,0.856639489980426,0.11090338657391924,0.05,0.05,1.0,0.05,0.5,PI,5
11.79999999999999,8.390122921931011,0.7140097945353577,0.8646490563676743,0.11092731844292059,0.05,0.05,1.0,0.05,0.5,PI,5
11.99999999999999,8.453881043253944,0.715701528079431,0.8718671971159776,0.11094840197214773,0.05,0.05,1.0,0.05,0.5,PI,5
12.199999999999989,8.518385368899084,0.7172632926249075,0.8784029865710611,0.11096799270214046,0.05,0.05,1.0,0.05,0.5,PI,5
12.399999999999988,8.583733989539743,0.718729588289411,0.8843460155519961,0.11098670103966768,0.05,0.05,1.0,0.05,0.5,PI,5
12.599999999999987,8.650045271288407,0.7201078965724376,0.8897517411941178,0.1110044931725306,0.05,0.05,1.0,0.05,0.5,PI,5
12.799999999999986,8.71706036769244,0.7214037683166857,0.8946637671153383,0.11102142081155598,0.05,0.05,1.0,0.05,0.5,PI,5
12.999999999999986,8.785109270144613,0.7226227254457379,0.8991070611172516,0.11103752892403013,0.05,0.05,1.0,0.05,0.5,PI,5
13.199999999999985,8.854993135555727,0.7237686986828974,0.9031200793511096,0.11105284367806709,0.05,0.05,1.0,0.05,0.5,PI,5
13.399999999999984,8.926312283350633,0.724843553613903,0.9067258071185897,0.11106640395345474,0.05,0.05,1.0,0.05,0.5,PI,5
13.599999999999984,8.99916311296385,0.7258504708625845,0.9099608996497658,0.11107816032414114,0.05,0.05,1.0,0.05,0.5,PI,5
13.799999999999983,9.073654374400444,0.7267920168428657,0.9128567994257613,0.11108832164625995,0.05,0.05,1.0,0.05,0.5,PI,5
13.999999999999982,9.149918893161898,0.7276700963178486,0.9154429006177427,0.1110970756145362,0.05,0.05,1.0,0.05,0.5,PI,5
14.199999999999982,9.228076403844748,0.7284863775396098,0.9177468109921987,0.11110459049692464,0.05,0.05,1.0,0.05,0.5,PI,5
14.39999999999998,9.308260601667383,0.729242542932028,0.9197944322422212,0.11111101734272728,0.05,0.05,1.0,0.05,0.5,PI,5
14.59999999999998,9.390606389439883,0.7299399574983791,0.9216092332202179,0.11111649148295644,0.05,0.05,1.0,0.05,0.5,PI,5
14.79999999999998,9.475276822473052,0.7305784934558638,0.9232125710365326,0.11112113406034045,0.05,0.05,1.0,0.05,0.5,PI,5
14.999999999999979,9.562428529323046,0.7311601375783047,0.9246238621561179,0.11112505315645875,0.05,0.05,1.0,0.05,0.5,PI,5
15.199999999999978,9.652239071212211,0.7316870613981479,0.9258609629877274,0.11112834515859377,0.05,0.05,1.0,0.05,0.5,PI,5
15.399999999999977,9.744901927909686,0.7321615229815194,0.926940322537337,0.11113109575856472,0.05,0.05,1.0,0.05,0.5,PI,5
15.599999999999977,9.840629070415835,0.7325859025868272,0.9278771475202693,0.11113338093508698,0.05,0.05,1.0,0.05,0.5,PI,5
15.799999999999976,9.93965399103139,0.7329627257080342,0.9286855424094083,0.11113526785232007,0.05,0.05,1.0,0.05,0.5,PI,5
15.999999999999975,10.042235302925988,0.7332946732494955,0.9293786022603092,0.11113681568425664,0.05,0.05,1.0,0.05,0.5,PI,5
16.199999999999974,10.148661050193379,0.7335845793166638,0.9299684040198355,0.11113807637294854,0.05,0.05,1.0,0.05,0.5,PI,5
16.399999999999974,10.259253986864515,0.7338354178198315,0.930466399783011,0.1111390953271859,0.05,0.05,1.0,0.05,0.5,PI,5
16.599999999999973,10.374377966233629,0.7340502743832161,0.9308832556263635,0.11113991206709757,0.05,0.05,1.0,0.05,0.5,PI,5
16.799999999999972,10.49441426149281,0.7342323130146273,0.9312288868090549,0.11114056081946821,0.05,0.05,1.0,0.05,0.5,PI,5
16.99999999999997,10.619897851777841,0.7343847452180012,0.9315124982797401,0.11114107109986476,0.05,0.05,1.0,0.05,0.5,PI,5
17.19999999999997,10.750818961307534,0.732007294906145,0.9285739371768671,0.11076077610727188,0.05,0.05,1.0,0.05,0.5,PI,5
17.39999999999997,10.887137555330177,0.7268743966957936,0.9221219159278213,0.10996737023954502,0.05,0.05,1.0,0.05,0.5,PI,5
17.59999999999997,11.0287241536771,0.7189252959626758,0.9120825635001211,0.10875126576513884,0.05,0.05,1.0,0.05,0.5,PI,5
17.79999999999997,11.178368124874382,0.7081372159498491,0.8984297842462564,0.10710861339523581,0.05,0.05,1.0,0.05,0.5,PI,5
17.999999999999968,11.37972079769684,0.6944685775987898,0.8811130502045847,0.10503277742362693,0.05,0.05,1.0,0.05,0.5,PI,5
18.199999999999967,11.607326082392543,0.677052845962908,0.859033322578435,0.1023928812697578,0.05,0.05,1.0,0.05,0.5,PI,5
18.399999999999967,11.86626886223669,0.6556587099634875,0.8318992940471761,0.09915344246584265,0.05,0.05,1.0,0.05,0.5,PI,5
18.599999999999966,11.908961318360532,0.6300807122170099,0.7994521593813142,0.09528289572175364,0.05,0.05,1.0,0.05,0.5,PI,5
18.799999999999965,11.908961318360532,0.604731958119588,0.7672950863148512,0.09144721224225964,0.05,0.05,1.0,0.05,0.5,PI,5
18.999999999999964,11.908961318360532,0.5804043292631113,0.736433354420651,0.08776593703975406,0.05,0.05,1.0,0.05,0.5,PI,5
19.199999999999964,11.908961318360532,0.5570566924448445,0.7068148199155809,0.08423285429477996,0.05,0.05,1.0,0.05,0.5,PI,5
19.399999999999963,11.908961318360532,0.5346495929419005,0.6783894380398446,0.0808419984102925,0.05,0.05,1.0,0.05,0.5,PI,5
19.599999999999962,11.908961318360532,0.5131451460291685,0.6511084629482334,0.07758764393877066,0.05,0.05,1.0,0.05,0.5,PI,5
19.79999999999996,11.908961318360532,0.49250700001114556,0.6249253234544055,0.07446429591482032,0.05,0.05,1.0,0.05,0.5,PI,5
19.99999999999996,11.908961318360532,0.4727002779242794,0.599795849495094,0.07146668057694579,0.05,0.05,1.0,0.05,0.5,PI,5
20.19999999999996,11.908961318360532,0.45369150953045295,0.5756776483567899,0.0685897364628231,0.05,0.05,1.0,0.05,0.5,PI,5
20.39999999999996,11.908961318360532,0.4354485719554321,0.5525300331254022,0.06582860586303978,0.05,0.05,1.0,0.05,0.5,PI,5
20.59999999999996,11.908961318360532,0.417940630426501,0.5303139540214047,0.0631786266188706,0.05,0.05,1.0,0.05,0.5,PI,5
20.799999999999958,11.908961318360532,0.40113809692774866,0.5089919325031812,0.060635324250239965,0.05,0.05,1.0,0.05,0.5,PI,5
20.999999999999957,11.908961318360532,0.38501257452368653,0.4885279980262329,0.05819440440057897,0.05,0.05,1.0,0.05,0.5,PI,5
21.199999999999957,11.908961318360532,0.3695368094117188,0.468887627350617,0.05585174558582034,0.05,0.05,1.0,0.05,0.5,PI,5
21.399999999999956,11.908961318360532,0.35468464490476376,0.45003768629345753,0.05360339223528795,0.05,0.05,1.0,0.05,0.5,PI,5
21.599999999999955,11.908961318360532,0.34043096317291294,0.4319463738276418,0.05144554801273049,0.05,0.05,1.0,0.05,0.5,PI,5
21.799999999999955,11.908961318360532,0.32675166442326825,0.4145831684318749,0.04937456940622185,0.05,0.05,1.0,0.05,0.5,PI,5
21.999999999999954,11.908961318360532,0.31362355119436713,0.3979187766011678,0.0473869595761048,0.05,0.05,1.0,0.05,0.5,PI,5
22.199999999999953,11.908961318360532,0.3010244045611282,0.38192508343053916,0.045479362450590304,0.05,0.05,1.0,0.05,0.5,PI,5
22.399999999999952,11.908961318360532,0.288932914085502,0.3665751051882792,0.04364855705904276,0.05,0.05,1.0,0.05,0.5,PI,5
22.59999999999995,11.908961318360532,0.27732855553992136,0.3518429437985211,0.04189145209338314,0.05,0.05,1.0,0.05,0.5,PI,5
22.79999999999995,11.908961318360532,0.2661916909344547,0.33770374315613494,0.04020508068842678,0.05,0.05,1.0,0.05,0.5,PI,5
22.99999999999995,11.908961318360532,0.25550346378732414,0.3241336472000742,0.038586595412342606,0.05,0.05,1.0,0.05,0.5,PI,5
23.19999999999995,11.908961318360532,0.24524563442343447,0.3111097596743081,0.03703326345877509,0.05,0.05,1.0,0.05,0.5,PI,5
23.39999999999995,11.908961318360532,0.23540047594143498,0.2986101055811852,0.0355424620325109,0.05,0.05,1.0,0.05,0.5,PI,5
23.599999999999948,11.908961318360532,0.22595139168103323,0.28661359423239263,0.03411167392089896,0.05,0.05,1.0,0.05,0.5,PI,5
23.799999999999947,11.908961318360532,0.21688245081432994,0.2750999834692678,0.0327384832435463,0.05,0.05,1.0,0.05,0.5,PI,5
23.999999999999947,11.908961318360532,0.2081783579856909,0.26404946240391947,0.03142057137311296,0.05,0.05,1.0,0.05,0.5,PI,5
24.199999999999946,11.908961318360532,0.19982444063621674,0.2534430638476518,0.030155713020318418,0.05,0.05,1.0,0.05,0.5,PI,5
24.399999999999945,11.908961318360532,0.19180661628111487,0.24326293854379605,0.028941772476548926,0.05,0.05,1.0,0.05,0.5,PI,5
24.599999999999945,11.908961318360532,0.18411136863847394,0.23349195462591296,0.027776700007721467,0.05,0.05,1.0,0.05,0.5,PI,5
24.799999999999944,11.908961318360532,0.17672572490156188,0.22411366878186956,0.026658528393315402,0.05,0.05,1.0,0.05,0.5,PI,5
24.999999999999943,11.908961318360532,0.16963723421381624,0.21511229825147843,0.025585369604727952,0.05,0.05,1.0,0.05,0.5,PI,5
25.199999999999942,11.908961318360532,0.16283394644027416,0.20647269161523438,0.02455541161734494,0.05,0.05,1.0,0.05,0.5,PI,5
25.39999999999994,11.908961318360532,0.15630439202997237,0.19818030980594056,0.023566915350943983,0.05,0.05,1.0,0.05,0.5,PI,5
25.59999999999994,11.908961318360532,0.1500375626882924,0.19022119809071772,0.022618211733264032,0.05,0.05,1.0,0.05,0.5,PI,5
25.79999999999994,11.908961318360532,0.144022892826667,0.18258196258457463,0.021707698881783057,0.05,0.05,1.0,0.05,0.5,PI,5
25.99999999999994,11.908961318360532,0.13825023406170925,0.17524974770814566,0.020833839398945404,0.05,0.05,1.0,0.05,0.5,PI,5
26.19999999999994,11.908961318360532,0.13270985162169927,0.1682122145516209,0.019995157776271737,0.05,0.05,1.0,0.05,0.5,PI,5
26.399999999999938,11.908961318360532,0.1273923944303392,0.16145752010842435,0.01919023790296848,0.05,0.05,1.0,0.05,0.5,PI,5
26.599999999999937,11.908961318360532,0.12228888929711587,0.15497429734366275,0.018417720674830013,0.05,0.05,1.0,0.05,0.5,PI,5
26.799999999999937,11.908961318360532,0.11739072775037282,0.1487516360637766,0.017676301699396293,0.05,0.05,1.0,0.05,0.5,PI,5
26.999999999999936,11.908961318360532,0.11268964451818417,0.14277906455517558,0.016964729093491046,0.05,0.05,1.0,0.05,0.5,PI,5
27.199999999999935,11.908961318360532,0.1081777143967715,0.1370465319614631,0.016281801369421693,0.05,0.05,1.0,0.05,0.5,PI,5
27.399999999999935,11.908961318360532,0.10384733351545827,0.13154439137230697,0.015626365406271853,0.05,0.05,1.0,0.05,0.5,PI,5
27.599999999999934,11.908961318360532,0.09969070139464634,0.12626338358381842,0.014997314502860976,0.05,0.05,1.0,0.05,0.5,PI,5
27.799999999999933,11.908961318360532,0.09570067758081893,0.12119461497628367,0.014393586509083534,0.05,0.05,1.0,0.05,0.5,PI,5
27.999999999999932,11.908961318360532,0.09187049780692175,0.11632953527098495,0.013814162032472516,0.05,0.05,1.0,0.05,0.5,PI,5
28.199999999999932,11.908961318360532,0.08819373603714545,0.11165995913424973,0.01325806271695905,0.05,0.05,1.0,0.05,0.5,PI,5
28.39999999999993,11.908961318360532,0.08466423944635779,0.10717803016951478,0.012724349590921835,0.05,0.05,1.0,0.05,0.5,PI,5
28.59999999999993,11.908961318360532,0.08127610721588649,0.10287620769816136,0.012212121481737049,0.05,0.05,1.0,0.05,0.5,PI,5
28.79999999999993,11.908961318360532,0.0780236747983215,0.09874725407163396,0.011720513494151735,0.05,0.05,1.0,0.05,0.5,PI,5
28.99999999999993,11.908961318360532,0.0749015036477499,0.09478422249348696,0.011248695549911397,0.05,0.05,1.0,0.05,0.5,PI,5
29.19999999999993,11.908961318360532,0.07190437071833924,0.09098044533086158,0.010795870986175954,0.05,0.05,1.0,0.05,0.5,PI,5
29.399999999999928,11.908961318360532,0.06902726633565082,0.0873295228957201,0.010361275210357507,0.05,0.05,1.0,0.05,0.5,PI,5
